database_name	id	difficulty_tier	question	sql_query	template	generalized_template
drawSQL-mysql-export-2026-01-13_cachet	1	EASY	How many incidents did we have since occurred_at=date?	SELECT COUNT(*) FROM incidents WHERE occurred_at >= date('now', '-1 month');	SELECT COUNT(*) FROM table_name WHERE col_name >= date(string, string);	SELECT COUNT(*) FROM variable WHERE variable >= DATE(variable, variable);
drawSQL-mysql-export-2026-01-13_cachet	2	EASY	Which components have status=num indicating they are down?	SELECT * FROM components WHERE status != 1 AND enabled = 1;	SELECT * FROM table_name WHERE col_name != num AND col_name = num;	SELECT * FROM variable WHERE variable != variable AND variable = variable;
drawSQL-mysql-export-2026-01-13_cachet	3	EASY	How many people are subscribed to get status updates?	SELECT COUNT(*) FROM subscribers;	SELECT COUNT(*) FROM table_name;	SELECT COUNT(*) FROM variable;
drawSQL-mysql-export-2026-01-13_cachet	4	EASY	What maintenance is scheduled between scheduled_at=date and scheduled_at=date?	SELECT * FROM schedules WHERE scheduled_at BETWEEN date('now') AND date('now', '+7 days') AND (completed_at IS NULL OR completed_at > datetime('now'));	SELECT * FROM table_name WHERE col_name BETWEEN date(string) AND date(string, string) AND (col_name IS NULL OR col_name > datetime(string));	SELECT * FROM variable WHERE variable BETWEEN DATE(variable) AND DATE(variable, variable) AND (variable IS NULL OR variable > DATETIME(variable));
drawSQL-mysql-export-2026-01-13_cachet	5	EASY	How many users signed up since created_at=date?	SELECT COUNT(*) FROM users WHERE created_at >= date('now', '-1 month');	SELECT COUNT(*) FROM table_name WHERE col_name >= date(string, string);	SELECT COUNT(*) FROM variable WHERE variable >= DATE(variable, variable);
drawSQL-mysql-export-2026-01-13_cachet	6	EASY	How many activity log entries do we have in total?	SELECT COUNT(*) FROM actions;	SELECT COUNT(*) FROM table_name;	SELECT COUNT(*) FROM variable;
drawSQL-mysql-export-2026-01-13_cachet	7	EASY	Show me all of our activity log entries.	SELECT * FROM actions;	SELECT * FROM table_name;	SELECT * FROM variable;
drawSQL-mysql-export-2026-01-13_cachet	8	EASY	Can you look up the activity log entry with id=num?	SELECT * FROM actions WHERE id = num;	SELECT * FROM table_name WHERE id = num;	SELECT * FROM variable WHERE variable = variable;
drawSQL-mysql-export-2026-01-13_cachet	9	MEDIUM	What's the latest update on each incident?	SELECT i.*, iu.message, iu.status, iu.created_at as update_at FROM incidents i LEFT JOIN ( SELECT iu1.* FROM incident_updates iu1 INNER JOIN ( SELECT incident_id, MAX(created_at) as max_at FROM incident_updates GROUP BY incident_id ) iu2 ON iu1.incident_id = iu2.incident_id AND iu1.created_at = iu2.max_at ) iu ON iu.incident_id = i.id;	SELECT table_alias0.*, iu.col_name, iu.col_name, iu.col_name as column_alias0 FROM table_name table_alias0 LEFT JOIN ( SELECT table_alias1.* FROM table_name table_alias1 INNER JOIN ( SELECT col_name, MAX(col_name) as column_alias1 FROM table_name GROUP BY col_name ) iu2 ON table_alias1.col_name = iu2.col_name AND table_alias1.col_name = iu2.column_alias1 ) iu ON iu.col_name = table_alias0.id;	SELECT variable.*, variable, variable, variable AS variable FROM variable variable LEFT JOIN ( SELECT variable.* FROM variable variable INNER JOIN ( SELECT variable, MAX(variable) AS variable FROM variable GROUP BY variable ) variable ON variable = variable AND variable = variable ) variable ON variable = variable;
drawSQL-mysql-export-2026-01-13_cachet	10	MEDIUM	How many components do we have in each group?	SELECT cg.name as group_name, COUNT(c.id) as component_count FROM component_groups cg LEFT JOIN components c ON c.group_id = cg.id GROUP BY cg.id, cg.name;	SELECT table_alias0.col_name as column_alias0, COUNT(table_alias1.id) as column_alias1 FROM table_name table_alias0 LEFT JOIN table_name table_alias1 ON table_alias1.col_name = table_alias0.id GROUP BY table_alias0.id, table_alias0.col_name;	SELECT variable AS variable, COUNT(variable) AS variable FROM variable variable LEFT JOIN variable variable ON variable = variable GROUP BY variable, variable;
drawSQL-mysql-export-2026-01-13_cachet	11	MEDIUM	Who are the most active users based on activity count?	SELECT * FROM users ORDER BY created_at DESC LIMIT 10;	SELECT * FROM table_name ORDER BY col_name DESC LIMIT num;	SELECT * FROM variable ORDER BY variable DESC LIMIT variable;
drawSQL-mysql-export-2026-01-13_cachet	12	MEDIUM	How many activity log entries were added since created_at=date?	SELECT COUNT(*) FROM actions WHERE created_at >= date('now', '-1 month');	SELECT COUNT(*) FROM table_name WHERE col_name >= date(string, string);	SELECT COUNT(*) FROM variable WHERE variable >= DATE(variable, variable);
drawSQL-mysql-export-2026-01-13_cachet	13	MEDIUM	Break down the activity log entries by class_name — how many in each?	SELECT class_name, COUNT(*) as count FROM actions GROUP BY class_name;	SELECT col_name, COUNT(*) as count FROM table_name GROUP BY col_name;	SELECT variable, COUNT(*) AS COUNT FROM variable GROUP BY variable;
drawSQL-mysql-export-2026-01-13_cachet	14	MEDIUM	Are there any activity log entries that don't have a match in related tables?	SELECT * FROM actions LIMIT num;	SELECT * FROM table_name LIMIT num;	SELECT * FROM variable LIMIT variable;
drawSQL-mysql-export-2026-01-13_cachet	15	MEDIUM	For each group, what are the top 3 activity log entries?	SELECT * FROM actions ORDER BY id DESC LIMIT num;	SELECT * FROM table_name ORDER BY id DESC LIMIT num;	SELECT * FROM variable ORDER BY variable DESC LIMIT variable;
drawSQL-mysql-export-2026-01-13_cachet	16	MEDIUM	How did the number of activity log entries change month over month?	SELECT strftime('%Y-%m', created_at) as period, COUNT(*) as count FROM actions WHERE created_at >= date('now', '-2 months') GROUP BY period ORDER BY period;	SELECT strftime(string, col_name) as column_alias0, column_alias1(*) as column_alias1 FROM table_name WHERE col_name >= date(string, string) GROUP BY column_alias0 ORDER BY column_alias0;	SELECT STRFTIME(variable, variable) AS variable, variable(*) AS variable FROM variable WHERE variable >= DATE(variable, variable) GROUP BY variable ORDER BY variable;
drawSQL-mysql-export-2026-01-13_cachet	17	HARD	Pull together a report on activity log entries joining all related tables.	SELECT * FROM incident_components LEFT JOIN incidents ON incident_components.incident_id = incidents.id;	SELECT * FROM table_name LEFT JOIN table_name ON table_name.col_name = table_name.id;	SELECT * FROM variable LEFT JOIN variable ON variable = variable;
drawSQL-mysql-export-2026-01-13_cachet	18	HARD	Who or what is the best in each group of activity log entries?	SELECT * FROM ( SELECT *, ROW_NUMBER() OVER (PARTITION BY class_name ORDER BY id DESC) as rn FROM actions ) WHERE rn = num;	SELECT * FROM ( SELECT *, ROW_NUMBER() OVER (PARTITION BY col_name ORDER BY id DESC) as column_alias0 FROM table_name ) WHERE column_alias0 = num;	SELECT * FROM ( SELECT *, ROW_NUMBER() OVER (PARTITION BY variable ORDER BY variable DESC) AS variable FROM variable ) WHERE variable = variable;
drawSQL-mysql-export-2026-01-13_cachet	19	HARD	Which activity log entries are above average compared to others in their group?	SELECT strftime('%Y-%m', created_at) as period, COUNT(*) as count FROM actions WHERE created_at >= date('now', '-2 months') GROUP BY period ORDER BY period;	SELECT strftime(string, col_name) as column_alias0, column_alias1(*) as column_alias1 FROM table_name WHERE col_name >= date(string, string) GROUP BY column_alias0 ORDER BY column_alias0;	SELECT STRFTIME(variable, variable) AS variable, variable(*) AS variable FROM variable WHERE variable >= DATE(variable, variable) GROUP BY variable ORDER BY variable;
drawSQL-mysql-export-2026-01-13_cachet	20	HARD	Do a multi-step analysis: group activity log entries, filter, then rank the results.	WITH grouped AS ( SELECT class_name, COUNT(*) as cnt FROM actions GROUP BY class_name ) SELECT * FROM grouped WHERE cnt > num ORDER BY cnt DESC;	WITH grouped AS ( SELECT col_name, COUNT(*) as cnt FROM table_name GROUP BY col_name ) SELECT * FROM grouped WHERE cnt > num ORDER BY cnt DESC;	WITH variable AS ( SELECT variable, COUNT(*) AS variable FROM variable GROUP BY variable ) SELECT * FROM variable WHERE variable > variable ORDER BY variable DESC;
drawSQL-mysql-export-2026-01-13_cachet	21	HARD	Show the running total of activity log entries over time based on created_at.	SELECT *, COUNT(*) OVER (ORDER BY created_at) as running_count FROM actions ORDER BY created_at;	SELECT *, COUNT(*) OVER (ORDER BY col_name) as column_alias0 FROM table_name ORDER BY col_name;	SELECT *, COUNT(*) OVER (ORDER BY variable) AS variable FROM variable ORDER BY variable;
drawSQL-mysql-export-2026-01-13_cachet	22	HARD	Find activity log entries that exist in one table but not in a related table.	SELECT * FROM actions LIMIT num;	SELECT * FROM table_name LIMIT num;	SELECT * FROM variable LIMIT variable;
drawSQL-mysql-export-2026-01-13_cachet	23	HARD	Combine data from actions, component_groups, and components in a single report.	SELECT * FROM actions LEFT JOIN component_groups ON component_groups.id = actions.group_id LEFT JOIN components ON components.id = actions.taggable_id;	SELECT * FROM table_name LEFT JOIN table_name ON table_name.id = table_name.col_name LEFT JOIN table_name ON table_name.id = table_name.col_name;	SELECT * FROM variable LEFT JOIN variable ON variable = variable LEFT JOIN variable ON variable = variable;
drawSQL-mysql-export-2026-01-13_cachet	24	HARD	Rank all activity log entries within their groups and show the top performers.	SELECT *, ROW_NUMBER() OVER (ORDER BY id DESC) as rn FROM actions;	SELECT *, ROW_NUMBER() OVER (ORDER BY id DESC) as column_alias0 FROM table_name;	SELECT *, ROW_NUMBER() OVER (ORDER BY variable DESC) AS variable FROM variable;
drawSQL-mysql-export-2026-01-13_comfy	25	EASY	How many users signed up since created_at=date?	SELECT COUNT(*) FROM users WHERE created_at >= date('now', '-1 month');	SELECT COUNT(*) FROM table_name WHERE col_name >= date(string, string);	SELECT COUNT(*) FROM variable WHERE variable >= DATE(variable, variable);
drawSQL-mysql-export-2026-01-13_comfy	26	EASY	How many activity log entries do we have in total?	SELECT COUNT(*) FROM actions;	SELECT COUNT(*) FROM table_name;	SELECT COUNT(*) FROM variable;
drawSQL-mysql-export-2026-01-13_comfy	27	EASY	Show me all of our activity log entries.	SELECT * FROM actions;	SELECT * FROM table_name;	SELECT * FROM variable;
drawSQL-mysql-export-2026-01-13_comfy	28	EASY	Can you look up the activity log entry with id=num?	SELECT * FROM actions WHERE id = num;	SELECT * FROM table_name WHERE id = num;	SELECT * FROM variable WHERE variable = variable;
drawSQL-mysql-export-2026-01-13_comfy	29	EASY	Find the activity log entry where class_name=string.	SELECT * FROM actions WHERE class_name = string;	SELECT * FROM table_name WHERE col_name = string;	SELECT * FROM variable WHERE variable = variable;
drawSQL-mysql-export-2026-01-13_comfy	30	EASY	How many activity log entries were created since created_at=date?	SELECT COUNT(*) FROM actions WHERE created_at >= date('now', '-1 month');	SELECT COUNT(*) FROM table_name WHERE col_name >= date(string, string);	SELECT COUNT(*) FROM variable WHERE variable >= DATE(variable, variable);
drawSQL-mysql-export-2026-01-13_comfy	31	EASY	What are the most recent activity log entries ordered by class_name?	SELECT * FROM actions ORDER BY created_at DESC LIMIT num;	SELECT * FROM table_name ORDER BY col_name DESC LIMIT num;	SELECT * FROM variable ORDER BY variable DESC LIMIT variable;
drawSQL-mysql-export-2026-01-13_comfy	32	EASY	How many component groups do we have in total?	SELECT COUNT(*) FROM component_groups;	SELECT COUNT(*) FROM table_name;	SELECT COUNT(*) FROM variable;
drawSQL-mysql-export-2026-01-13_comfy	33	MEDIUM	Who are the most active users based on activity count?	SELECT * FROM users ORDER BY created_at DESC LIMIT 10;	SELECT * FROM table_name ORDER BY col_name DESC LIMIT num;	SELECT * FROM variable ORDER BY variable DESC LIMIT variable;
drawSQL-mysql-export-2026-01-13_comfy	34	MEDIUM	How many activity log entries were added since created_at=date?	SELECT COUNT(*) FROM actions WHERE created_at >= date('now', '-1 month');	SELECT COUNT(*) FROM table_name WHERE col_name >= date(string, string);	SELECT COUNT(*) FROM variable WHERE variable >= DATE(variable, variable);
drawSQL-mysql-export-2026-01-13_comfy	35	MEDIUM	Break down the activity log entries by class_name — how many in each?	SELECT class_name, COUNT(*) as count FROM actions GROUP BY class_name;	SELECT col_name, COUNT(*) as count FROM table_name GROUP BY col_name;	SELECT variable, COUNT(*) AS COUNT FROM variable GROUP BY variable;
drawSQL-mysql-export-2026-01-13_comfy	36	MEDIUM	Are there any activity log entries that don't have a match in related tables?	SELECT * FROM actions LIMIT num;	SELECT * FROM table_name LIMIT num;	SELECT * FROM variable LIMIT variable;
drawSQL-mysql-export-2026-01-13_comfy	37	MEDIUM	For each group, what are the top 3 activity log entries?	SELECT * FROM actions ORDER BY id DESC LIMIT num;	SELECT * FROM table_name ORDER BY id DESC LIMIT num;	SELECT * FROM variable ORDER BY variable DESC LIMIT variable;
drawSQL-mysql-export-2026-01-13_comfy	38	MEDIUM	How did the number of activity log entries change month over month?	SELECT strftime('%Y-%m', created_at) as period, COUNT(*) as count FROM actions WHERE created_at >= date('now', '-2 months') GROUP BY period ORDER BY period;	SELECT strftime(string, col_name) as column_alias0, column_alias1(*) as column_alias1 FROM table_name WHERE col_name >= date(string, string) GROUP BY column_alias0 ORDER BY column_alias0;	SELECT STRFTIME(variable, variable) AS variable, variable(*) AS variable FROM variable WHERE variable >= DATE(variable, variable) GROUP BY variable ORDER BY variable;
drawSQL-mysql-export-2026-01-13_comfy	39	MEDIUM	Which activity log entries have duplicate or repeated values?	WITH grouped AS ( SELECT class_name, COUNT(*) as cnt FROM actions GROUP BY class_name ) SELECT * FROM grouped WHERE cnt > num ORDER BY cnt DESC;	WITH grouped AS ( SELECT col_name, COUNT(*) as cnt FROM table_name GROUP BY col_name ) SELECT * FROM grouped WHERE cnt > num ORDER BY cnt DESC;	WITH variable AS ( SELECT variable, COUNT(*) AS variable FROM variable GROUP BY variable ) SELECT * FROM variable WHERE variable > variable ORDER BY variable DESC;
drawSQL-mysql-export-2026-01-13_comfy	40	MEDIUM	Show me each component group along with its related details from other tables.	SELECT t.*, c.* FROM component_groups t LEFT JOIN components c ON c.group_id = t.id;	SELECT table_alias0.*, table_alias1.* FROM table_name table_alias0 LEFT JOIN table_name table_alias1 ON table_alias1.col_name = table_alias0.id;	SELECT variable.*, variable.* FROM variable variable LEFT JOIN variable variable ON variable = variable;
drawSQL-mysql-export-2026-01-13_comfy	41	HARD	Pull together a report on activity log entries joining all related tables.	SELECT * FROM incident_components LEFT JOIN incidents ON incident_components.incident_id = incidents.id;	SELECT * FROM table_name LEFT JOIN table_name ON table_name.col_name = table_name.id;	SELECT * FROM variable LEFT JOIN variable ON variable = variable;
drawSQL-mysql-export-2026-01-13_comfy	42	HARD	Who or what is the best in each group of activity log entries?	SELECT * FROM ( SELECT *, ROW_NUMBER() OVER (PARTITION BY class_name ORDER BY id DESC) as rn FROM actions ) WHERE rn = num;	SELECT * FROM ( SELECT *, ROW_NUMBER() OVER (PARTITION BY col_name ORDER BY id DESC) as column_alias0 FROM table_name ) WHERE column_alias0 = num;	SELECT * FROM ( SELECT *, ROW_NUMBER() OVER (PARTITION BY variable ORDER BY variable DESC) AS variable FROM variable ) WHERE variable = variable;
drawSQL-mysql-export-2026-01-13_comfy	43	HARD	Which activity log entries are above average compared to others in their group?	SELECT strftime('%Y-%m', created_at) as period, COUNT(*) as count FROM actions WHERE created_at >= date('now', '-2 months') GROUP BY period ORDER BY period;	SELECT strftime(string, col_name) as column_alias0, column_alias1(*) as column_alias1 FROM table_name WHERE col_name >= date(string, string) GROUP BY column_alias0 ORDER BY column_alias0;	SELECT STRFTIME(variable, variable) AS variable, variable(*) AS variable FROM variable WHERE variable >= DATE(variable, variable) GROUP BY variable ORDER BY variable;
drawSQL-mysql-export-2026-01-13_comfy	44	HARD	Do a multi-step analysis: group activity log entries, filter, then rank the results.	WITH grouped AS ( SELECT class_name, COUNT(*) as cnt FROM actions GROUP BY class_name ) SELECT * FROM grouped WHERE cnt > num ORDER BY cnt DESC;	WITH grouped AS ( SELECT col_name, COUNT(*) as cnt FROM table_name GROUP BY col_name ) SELECT * FROM grouped WHERE cnt > num ORDER BY cnt DESC;	WITH variable AS ( SELECT variable, COUNT(*) AS variable FROM variable GROUP BY variable ) SELECT * FROM variable WHERE variable > variable ORDER BY variable DESC;
drawSQL-mysql-export-2026-01-13_comfy	45	HARD	Show the running total of activity log entries over time based on created_at.	SELECT *, COUNT(*) OVER (ORDER BY created_at) as running_count FROM actions ORDER BY created_at;	SELECT *, COUNT(*) OVER (ORDER BY col_name) as column_alias0 FROM table_name ORDER BY col_name;	SELECT *, COUNT(*) OVER (ORDER BY variable) AS variable FROM variable ORDER BY variable;
drawSQL-mysql-export-2026-01-13_comfy	46	HARD	Find activity log entries that exist in one table but not in a related table.	SELECT * FROM actions LIMIT num;	SELECT * FROM table_name LIMIT num;	SELECT * FROM variable LIMIT variable;
drawSQL-mysql-export-2026-01-13_comfy	47	HARD	Combine data from actions, component_groups, and components in a single report.	SELECT * FROM actions LEFT JOIN component_groups ON component_groups.id = actions.group_id LEFT JOIN components ON components.id = actions.taggable_id;	SELECT * FROM table_name LEFT JOIN table_name ON table_name.id = table_name.col_name LEFT JOIN table_name ON table_name.id = table_name.col_name;	SELECT * FROM variable LEFT JOIN variable ON variable = variable LEFT JOIN variable ON variable = variable;
drawSQL-mysql-export-2026-01-13_comfy	48	HARD	Rank all activity log entries within their groups and show the top performers.	SELECT *, ROW_NUMBER() OVER (ORDER BY id DESC) as rn FROM actions;	SELECT *, ROW_NUMBER() OVER (ORDER BY id DESC) as column_alias0 FROM table_name;	SELECT *, ROW_NUMBER() OVER (ORDER BY variable DESC) AS variable FROM variable;
drawSQL-mysql-export-2026-01-13_koel	49	EASY	How many users signed up since created_at=date?	SELECT COUNT(*) FROM users WHERE created_at >= date('now', '-1 month');	SELECT COUNT(*) FROM table_name WHERE col_name >= date(string, string);	SELECT COUNT(*) FROM variable WHERE variable >= DATE(variable, variable);
drawSQL-mysql-export-2026-01-13_koel	50	EASY	How many users do we have in total?	SELECT COUNT(*) FROM users;	SELECT COUNT(*) FROM table_name;	SELECT COUNT(*) FROM variable;
drawSQL-mysql-export-2026-01-13_koel	51	EASY	Show me all of our users.	SELECT * FROM users;	SELECT * FROM table_name;	SELECT * FROM variable;
drawSQL-mysql-export-2026-01-13_koel	52	EASY	Can you look up the user with id=num?	SELECT * FROM users WHERE id = num;	SELECT * FROM table_name WHERE id = num;	SELECT * FROM variable WHERE variable = variable;
drawSQL-mysql-export-2026-01-13_koel	53	EASY	Find the user where name=string.	SELECT * FROM users WHERE name = string;	SELECT * FROM table_name WHERE col_name = string;	SELECT * FROM variable WHERE variable = variable;
drawSQL-mysql-export-2026-01-13_koel	54	EASY	How many users were created since created_at=date?	SELECT COUNT(*) FROM users WHERE created_at >= date('now', '-1 month');	SELECT COUNT(*) FROM table_name WHERE col_name >= date(string, string);	SELECT COUNT(*) FROM variable WHERE variable >= DATE(variable, variable);
drawSQL-mysql-export-2026-01-13_koel	55	EASY	What are the most recent users ordered by name?	SELECT * FROM users ORDER BY created_at DESC LIMIT num;	SELECT * FROM table_name ORDER BY col_name DESC LIMIT num;	SELECT * FROM variable ORDER BY variable DESC LIMIT variable;
drawSQL-mysql-export-2026-01-13_koel	56	EASY	How many password resets do we have in total?	SELECT COUNT(*) FROM password_resets;	SELECT COUNT(*) FROM table_name;	SELECT COUNT(*) FROM variable;
drawSQL-mysql-export-2026-01-13_koel	57	MEDIUM	Who are the most active users based on activity count?	SELECT * FROM users ORDER BY created_at DESC LIMIT 10;	SELECT * FROM table_name ORDER BY col_name DESC LIMIT num;	SELECT * FROM variable ORDER BY variable DESC LIMIT variable;
drawSQL-mysql-export-2026-01-13_koel	58	MEDIUM	Show me each user along with its related details from other tables.	SELECT t.*, c.* FROM users t LEFT JOIN playlists c ON c.user_id = t.id;	SELECT table_alias0.*, table_alias1.* FROM table_name table_alias0 LEFT JOIN table_name table_alias1 ON table_alias1.col_name = table_alias0.id;	SELECT variable.*, variable.* FROM variable variable LEFT JOIN variable variable ON variable = variable;
drawSQL-mysql-export-2026-01-13_koel	59	MEDIUM	How many users were added since created_at=date?	SELECT COUNT(*) FROM users WHERE created_at >= date('now', '-1 month');	SELECT COUNT(*) FROM table_name WHERE col_name >= date(string, string);	SELECT COUNT(*) FROM variable WHERE variable >= DATE(variable, variable);
drawSQL-mysql-export-2026-01-13_koel	60	MEDIUM	Break down the users by name — how many in each?	SELECT COUNT(*) FROM users WHERE created_at >= date('now', '-1 month');	SELECT COUNT(*) FROM table_name WHERE col_name >= date(string, string);	SELECT COUNT(*) FROM variable WHERE variable >= DATE(variable, variable);
drawSQL-mysql-export-2026-01-13_koel	61	MEDIUM	Are there any users that don't have a match in related tables?	SELECT * FROM users WHERE id NOT IN (SELECT DISTINCT user_id FROM playlists WHERE user_id IS NOT NULL);	SELECT * FROM table_name WHERE id NOT IN (SELECT DISTINCT col_name FROM table_name WHERE col_name IS NOT NULL);	SELECT * FROM variable WHERE variable NOT IN (SELECT DISTINCT variable FROM variable WHERE variable IS NOT NULL);
drawSQL-mysql-export-2026-01-13_koel	62	MEDIUM	For each group, what are the top 3 users?	SELECT * FROM users ORDER BY id DESC LIMIT num;	SELECT * FROM table_name ORDER BY id DESC LIMIT num;	SELECT * FROM variable ORDER BY variable DESC LIMIT variable;
drawSQL-mysql-export-2026-01-13_koel	63	MEDIUM	How did the number of users change month over month?	SELECT strftime('%Y-%m', created_at) as period, COUNT(*) as count FROM users WHERE created_at >= date('now', '-2 months') GROUP BY period ORDER BY period;	SELECT strftime(string, col_name) as column_alias0, column_alias1(*) as column_alias1 FROM table_name WHERE col_name >= date(string, string) GROUP BY column_alias0 ORDER BY column_alias0;	SELECT STRFTIME(variable, variable) AS variable, variable(*) AS variable FROM variable WHERE variable >= DATE(variable, variable) GROUP BY variable ORDER BY variable;
drawSQL-mysql-export-2026-01-13_koel	64	MEDIUM	Which users have duplicate or repeated values?	WITH grouped AS ( SELECT name, COUNT(*) as cnt FROM users GROUP BY name ) SELECT * FROM grouped WHERE cnt > num ORDER BY cnt DESC;	WITH grouped AS ( SELECT col_name, COUNT(*) as cnt FROM table_name GROUP BY col_name ) SELECT * FROM grouped WHERE cnt > num ORDER BY cnt DESC;	WITH variable AS ( SELECT variable, COUNT(*) AS variable FROM variable GROUP BY variable ) SELECT * FROM variable WHERE variable > variable ORDER BY variable DESC;
drawSQL-mysql-export-2026-01-13_koel	65	HARD	Pull together a report on users joining all related tables.	SELECT * FROM playlists LEFT JOIN playlist_folders ON playlists.folder_id = playlist_folders.id;	SELECT * FROM table_name LEFT JOIN table_name ON table_name.col_name = table_name.id;	SELECT * FROM variable LEFT JOIN variable ON variable = variable;
drawSQL-mysql-export-2026-01-13_koel	66	HARD	Who or what is the best in each group of users?	SELECT * FROM ( SELECT *, ROW_NUMBER() OVER (PARTITION BY name ORDER BY id DESC) as rn FROM users ) WHERE rn = num;	SELECT * FROM ( SELECT *, ROW_NUMBER() OVER (PARTITION BY col_name ORDER BY id DESC) as column_alias0 FROM table_name ) WHERE column_alias0 = num;	SELECT * FROM ( SELECT *, ROW_NUMBER() OVER (PARTITION BY variable ORDER BY variable DESC) AS variable FROM variable ) WHERE variable = variable;
drawSQL-mysql-export-2026-01-13_koel	67	HARD	Which users are above average compared to others in their group?	SELECT strftime('%Y-%m', created_at) as period, COUNT(*) as count FROM users WHERE created_at >= date('now', '-2 months') GROUP BY period ORDER BY period;	SELECT strftime(string, col_name) as column_alias0, column_alias1(*) as column_alias1 FROM table_name WHERE col_name >= date(string, string) GROUP BY column_alias0 ORDER BY column_alias0;	SELECT STRFTIME(variable, variable) AS variable, variable(*) AS variable FROM variable WHERE variable >= DATE(variable, variable) GROUP BY variable ORDER BY variable;
drawSQL-mysql-export-2026-01-13_koel	68	HARD	Do a multi-step analysis: group users, filter, then rank the results.	WITH grouped AS ( SELECT name, COUNT(*) as cnt FROM users GROUP BY name ) SELECT * FROM grouped WHERE cnt > num ORDER BY cnt DESC;	WITH grouped AS ( SELECT col_name, COUNT(*) as cnt FROM table_name GROUP BY col_name ) SELECT * FROM grouped WHERE cnt > num ORDER BY cnt DESC;	WITH variable AS ( SELECT variable, COUNT(*) AS variable FROM variable GROUP BY variable ) SELECT * FROM variable WHERE variable > variable ORDER BY variable DESC;
drawSQL-mysql-export-2026-01-13_koel	69	HARD	Show the running total of users over time based on created_at.	SELECT *, COUNT(*) OVER (ORDER BY created_at) as running_count FROM users ORDER BY created_at;	SELECT *, COUNT(*) OVER (ORDER BY col_name) as column_alias0 FROM table_name ORDER BY col_name;	SELECT *, COUNT(*) OVER (ORDER BY variable) AS variable FROM variable ORDER BY variable;
drawSQL-mysql-export-2026-01-13_koel	70	HARD	Find users that exist in one table but not in a related table.	SELECT * FROM users WHERE id NOT IN (SELECT DISTINCT user_id FROM playlists WHERE user_id IS NOT NULL);	SELECT * FROM table_name WHERE id NOT IN (SELECT DISTINCT col_name FROM table_name WHERE col_name IS NOT NULL);	SELECT * FROM variable WHERE variable NOT IN (SELECT DISTINCT variable FROM variable WHERE variable IS NOT NULL);
drawSQL-mysql-export-2026-01-13_koel	71	HARD	Combine data from users, password_resets, and artists in a single report.	SELECT * FROM users LEFT JOIN password_resets ON password_resets.id = users.user_id LEFT JOIN artists ON artists.id = users.artist_id;	SELECT * FROM table_name LEFT JOIN table_name ON table_name.id = table_name.col_name LEFT JOIN table_name ON table_name.id = table_name.col_name;	SELECT * FROM variable LEFT JOIN variable ON variable = variable LEFT JOIN variable ON variable = variable;
drawSQL-mysql-export-2026-01-13_koel	72	HARD	Rank all users within their groups and show the top performers.	SELECT *, ROW_NUMBER() OVER (ORDER BY id DESC) as rn FROM users;	SELECT *, ROW_NUMBER() OVER (ORDER BY id DESC) as column_alias0 FROM table_name;	SELECT *, ROW_NUMBER() OVER (ORDER BY variable DESC) AS variable FROM variable;
drawSQL-mysql-export-2026-01-13_laravelspark	73	EASY	How many users signed up since created_at=date?	SELECT COUNT(*) FROM users WHERE created_at >= date('now', '-1 month');	SELECT COUNT(*) FROM table_name WHERE col_name >= date(string, string);	SELECT COUNT(*) FROM variable WHERE variable >= DATE(variable, variable);
drawSQL-mysql-export-2026-01-13_laravelspark	74	EASY	How many members are on each team?	SELECT team_id, COUNT(*) as member_count FROM team_subscriptions GROUP BY team_id;	SELECT col_name, COUNT(*) as member_count FROM table_name GROUP BY col_name;	SELECT variable, COUNT(*) AS variable FROM variable GROUP BY variable;
drawSQL-mysql-export-2026-01-13_laravelspark	75	EASY	How many announcements do we have in total?	SELECT COUNT(*) FROM announcements;	SELECT COUNT(*) FROM table_name;	SELECT COUNT(*) FROM variable;
drawSQL-mysql-export-2026-01-13_laravelspark	76	EASY	Show me all of our announcements.	SELECT * FROM announcements;	SELECT * FROM table_name;	SELECT * FROM variable;
drawSQL-mysql-export-2026-01-13_laravelspark	77	EASY	Can you look up the announcement with id=num?	SELECT * FROM announcements WHERE id = num;	SELECT * FROM table_name WHERE id = num;	SELECT * FROM variable WHERE variable = variable;
drawSQL-mysql-export-2026-01-13_laravelspark	78	EASY	How many announcements were created since created_at=date?	SELECT COUNT(*) FROM announcements WHERE created_at >= date('now', '-1 month');	SELECT COUNT(*) FROM table_name WHERE col_name >= date(string, string);	SELECT COUNT(*) FROM variable WHERE variable >= DATE(variable, variable);
drawSQL-mysql-export-2026-01-13_laravelspark	79	EASY	What are the most recent announcements ordered by user_id?	SELECT * FROM announcements ORDER BY created_at DESC LIMIT num;	SELECT * FROM table_name ORDER BY col_name DESC LIMIT num;	SELECT * FROM variable ORDER BY variable DESC LIMIT variable;
drawSQL-mysql-export-2026-01-13_laravelspark	80	EASY	How many api tokens do we have in total?	SELECT COUNT(*) FROM api_tokens;	SELECT COUNT(*) FROM table_name;	SELECT COUNT(*) FROM variable;
drawSQL-mysql-export-2026-01-13_laravelspark	81	MEDIUM	Who are the most active users based on activity count?	SELECT * FROM users ORDER BY created_at DESC LIMIT 10;	SELECT * FROM table_name ORDER BY col_name DESC LIMIT num;	SELECT * FROM variable ORDER BY variable DESC LIMIT variable;
drawSQL-mysql-export-2026-01-13_laravelspark	82	MEDIUM	How many announcements were added since created_at=date?	SELECT COUNT(*) FROM announcements WHERE created_at >= date('now', '-1 month');	SELECT COUNT(*) FROM table_name WHERE col_name >= date(string, string);	SELECT COUNT(*) FROM variable WHERE variable >= DATE(variable, variable);
drawSQL-mysql-export-2026-01-13_laravelspark	83	MEDIUM	Break down the announcements by user_id — how many in each?	SELECT user_id, COUNT(*) as count FROM announcements GROUP BY user_id;	SELECT col_name, COUNT(*) as count FROM table_name GROUP BY col_name;	SELECT variable, COUNT(*) AS COUNT FROM variable GROUP BY variable;
drawSQL-mysql-export-2026-01-13_laravelspark	84	MEDIUM	Are there any announcements that don't have a match in related tables?	SELECT * FROM announcements LIMIT num;	SELECT * FROM table_name LIMIT num;	SELECT * FROM variable LIMIT variable;
drawSQL-mysql-export-2026-01-13_laravelspark	85	MEDIUM	For each group, what are the top 3 announcements?	SELECT * FROM announcements ORDER BY id DESC LIMIT num;	SELECT * FROM table_name ORDER BY id DESC LIMIT num;	SELECT * FROM variable ORDER BY variable DESC LIMIT variable;
drawSQL-mysql-export-2026-01-13_laravelspark	86	MEDIUM	How did the number of announcements change month over month?	SELECT strftime('%Y-%m', created_at) as period, COUNT(*) as count FROM announcements WHERE created_at >= date('now', '-2 months') GROUP BY period ORDER BY period;	SELECT strftime(string, col_name) as column_alias0, column_alias1(*) as column_alias1 FROM table_name WHERE col_name >= date(string, string) GROUP BY column_alias0 ORDER BY column_alias0;	SELECT STRFTIME(variable, variable) AS variable, variable(*) AS variable FROM variable WHERE variable >= DATE(variable, variable) GROUP BY variable ORDER BY variable;
drawSQL-mysql-export-2026-01-13_laravelspark	87	MEDIUM	Which announcements have duplicate or repeated values?	WITH grouped AS ( SELECT user_id, COUNT(*) as cnt FROM announcements GROUP BY user_id ) SELECT * FROM grouped WHERE cnt > num ORDER BY cnt DESC;	WITH grouped AS ( SELECT col_name, COUNT(*) as cnt FROM table_name GROUP BY col_name ) SELECT * FROM grouped WHERE cnt > num ORDER BY cnt DESC;	WITH variable AS ( SELECT variable, COUNT(*) AS variable FROM variable GROUP BY variable ) SELECT * FROM variable WHERE variable > variable ORDER BY variable DESC;
drawSQL-mysql-export-2026-01-13_laravelspark	88	MEDIUM	How many api tokens were added since created_at=date?	SELECT COUNT(*) FROM api_tokens WHERE created_at >= date('now', '-1 month');	SELECT COUNT(*) FROM table_name WHERE col_name >= date(string, string);	SELECT COUNT(*) FROM variable WHERE variable >= DATE(variable, variable);
drawSQL-mysql-export-2026-01-13_laravelspark	89	HARD	Pull together a report on announcements joining all related tables.	SELECT * FROM announcements LEFT JOIN users ON announcements.user_id = users.id;	SELECT * FROM table_name LEFT JOIN table_name ON table_name.col_name = table_name.id;	SELECT * FROM variable LEFT JOIN variable ON variable = variable;
drawSQL-mysql-export-2026-01-13_laravelspark	90	HARD	Who or what is the best in each group of announcements?	SELECT * FROM ( SELECT *, ROW_NUMBER() OVER (PARTITION BY user_id ORDER BY id DESC) as rn FROM announcements ) WHERE rn = num;	SELECT * FROM ( SELECT *, ROW_NUMBER() OVER (PARTITION BY col_name ORDER BY id DESC) as column_alias0 FROM table_name ) WHERE column_alias0 = num;	SELECT * FROM ( SELECT *, ROW_NUMBER() OVER (PARTITION BY variable ORDER BY variable DESC) AS variable FROM variable ) WHERE variable = variable;
drawSQL-mysql-export-2026-01-13_laravelspark	91	HARD	Which announcements are above average compared to others in their group?	SELECT strftime('%Y-%m', created_at) as period, COUNT(*) as count FROM announcements WHERE created_at >= date('now', '-2 months') GROUP BY period ORDER BY period;	SELECT strftime(string, col_name) as column_alias0, column_alias1(*) as column_alias1 FROM table_name WHERE col_name >= date(string, string) GROUP BY column_alias0 ORDER BY column_alias0;	SELECT STRFTIME(variable, variable) AS variable, variable(*) AS variable FROM variable WHERE variable >= DATE(variable, variable) GROUP BY variable ORDER BY variable;
drawSQL-mysql-export-2026-01-13_laravelspark	92	HARD	Do a multi-step analysis: group announcements, filter, then rank the results.	WITH grouped AS ( SELECT user_id, COUNT(*) as cnt FROM announcements GROUP BY user_id ) SELECT * FROM grouped WHERE cnt > num ORDER BY cnt DESC;	WITH grouped AS ( SELECT col_name, COUNT(*) as cnt FROM table_name GROUP BY col_name ) SELECT * FROM grouped WHERE cnt > num ORDER BY cnt DESC;	WITH variable AS ( SELECT variable, COUNT(*) AS variable FROM variable GROUP BY variable ) SELECT * FROM variable WHERE variable > variable ORDER BY variable DESC;
drawSQL-mysql-export-2026-01-13_laravelspark	93	HARD	Show the running total of announcements over time based on created_at.	SELECT *, COUNT(*) OVER (ORDER BY created_at) as running_count FROM announcements ORDER BY created_at;	SELECT *, COUNT(*) OVER (ORDER BY col_name) as column_alias0 FROM table_name ORDER BY col_name;	SELECT *, COUNT(*) OVER (ORDER BY variable) AS variable FROM variable ORDER BY variable;
drawSQL-mysql-export-2026-01-13_laravelspark	94	HARD	Find announcements that exist in one table but not in a related table.	SELECT * FROM announcements LIMIT num;	SELECT * FROM table_name LIMIT num;	SELECT * FROM variable LIMIT variable;
drawSQL-mysql-export-2026-01-13_laravelspark	95	HARD	Combine data from announcements, api_tokens, and invitations in a single report.	SELECT * FROM announcements LEFT JOIN api_tokens ON api_tokens.id = announcements.id LEFT JOIN invitations ON invitations.id = announcements.id;	SELECT * FROM table_name LEFT JOIN table_name ON table_name.id = table_name.id LEFT JOIN table_name ON table_name.id = table_name.id;	SELECT * FROM variable LEFT JOIN variable ON variable = variable LEFT JOIN variable ON variable = variable;
drawSQL-mysql-export-2026-01-13_laravelspark	96	HARD	Rank all announcements within their groups and show the top performers.	SELECT *, ROW_NUMBER() OVER (ORDER BY id DESC) as rn FROM announcements;	SELECT *, ROW_NUMBER() OVER (ORDER BY id DESC) as column_alias0 FROM table_name;	SELECT *, ROW_NUMBER() OVER (ORDER BY variable DESC) AS variable FROM variable;
drawSQL-mysql-export-2026-01-13_permissions	97	EASY	How many permissions do we have in total?	SELECT COUNT(*) FROM permissions;	SELECT COUNT(*) FROM table_name;	SELECT COUNT(*) FROM variable;
drawSQL-mysql-export-2026-01-13_permissions	98	EASY	Show me all of our permissions.	SELECT * FROM permissions;	SELECT * FROM table_name;	SELECT * FROM variable;
drawSQL-mysql-export-2026-01-13_permissions	99	EASY	Can you look up the permission with id=num?	SELECT * FROM permissions WHERE id = num;	SELECT * FROM table_name WHERE id = num;	SELECT * FROM variable WHERE variable = variable;
drawSQL-mysql-export-2026-01-13_permissions	100	EASY	Find the permission where name=string.	SELECT * FROM permissions WHERE name = string;	SELECT * FROM table_name WHERE col_name = string;	SELECT * FROM variable WHERE variable = variable;
drawSQL-mysql-export-2026-01-13_permissions	101	EASY	How many permissions were created since created_at=date?	SELECT COUNT(*) FROM permissions WHERE created_at >= date('now', '-1 month');	SELECT COUNT(*) FROM table_name WHERE col_name >= date(string, string);	SELECT COUNT(*) FROM variable WHERE variable >= DATE(variable, variable);
drawSQL-mysql-export-2026-01-13_permissions	102	EASY	What are the most recent permissions ordered by name?	SELECT * FROM permissions ORDER BY created_at DESC LIMIT num;	SELECT * FROM table_name ORDER BY col_name DESC LIMIT num;	SELECT * FROM variable ORDER BY variable DESC LIMIT variable;
drawSQL-mysql-export-2026-01-13_permissions	103	EASY	How many roles do we have in total?	SELECT COUNT(*) FROM roles;	SELECT COUNT(*) FROM table_name;	SELECT COUNT(*) FROM variable;
drawSQL-mysql-export-2026-01-13_permissions	104	EASY	Show me all of our roles.	SELECT * FROM roles;	SELECT * FROM table_name;	SELECT * FROM variable;
drawSQL-mysql-export-2026-01-13_permissions	105	MEDIUM	Show me each permission along with its related details from other tables.	SELECT t.*, c.* FROM permissions t LEFT JOIN model_has_permissions c ON c.permission_id = t.id;	SELECT table_alias0.*, table_alias1.* FROM table_name table_alias0 LEFT JOIN table_name table_alias1 ON table_alias1.col_name = table_alias0.id;	SELECT variable.*, variable.* FROM variable variable LEFT JOIN variable variable ON variable = variable;
drawSQL-mysql-export-2026-01-13_permissions	106	MEDIUM	How many permissions were added since created_at=date?	SELECT COUNT(*) FROM permissions WHERE created_at >= date('now', '-1 month');	SELECT COUNT(*) FROM table_name WHERE col_name >= date(string, string);	SELECT COUNT(*) FROM variable WHERE variable >= DATE(variable, variable);
drawSQL-mysql-export-2026-01-13_permissions	107	MEDIUM	Break down the permissions by name — how many in each?	SELECT name, COUNT(*) as count FROM permissions GROUP BY name;	SELECT col_name, COUNT(*) as count FROM table_name GROUP BY col_name;	SELECT variable, COUNT(*) AS COUNT FROM variable GROUP BY variable;
drawSQL-mysql-export-2026-01-13_permissions	108	MEDIUM	Are there any permissions that don't have a match in related tables?	SELECT * FROM permissions WHERE id NOT IN (SELECT DISTINCT permission_id FROM model_has_permissions WHERE permission_id IS NOT NULL);	SELECT * FROM table_name WHERE id NOT IN (SELECT DISTINCT col_name FROM table_name WHERE col_name IS NOT NULL);	SELECT * FROM variable WHERE variable NOT IN (SELECT DISTINCT variable FROM variable WHERE variable IS NOT NULL);
drawSQL-mysql-export-2026-01-13_permissions	109	MEDIUM	For each group, what are the top 3 permissions?	SELECT * FROM permissions ORDER BY id DESC LIMIT num;	SELECT * FROM table_name ORDER BY id DESC LIMIT num;	SELECT * FROM variable ORDER BY variable DESC LIMIT variable;
drawSQL-mysql-export-2026-01-13_permissions	110	MEDIUM	How did the number of permissions change month over month?	SELECT strftime('%Y-%m', created_at) as period, COUNT(*) as count FROM permissions WHERE created_at >= date('now', '-2 months') GROUP BY period ORDER BY period;	SELECT strftime(string, col_name) as column_alias0, column_alias1(*) as column_alias1 FROM table_name WHERE col_name >= date(string, string) GROUP BY column_alias0 ORDER BY column_alias0;	SELECT STRFTIME(variable, variable) AS variable, variable(*) AS variable FROM variable WHERE variable >= DATE(variable, variable) GROUP BY variable ORDER BY variable;
drawSQL-mysql-export-2026-01-13_permissions	111	MEDIUM	Which permissions have duplicate or repeated values?	WITH grouped AS ( SELECT name, COUNT(*) as cnt FROM permissions GROUP BY name ) SELECT * FROM grouped WHERE cnt > num ORDER BY cnt DESC;	WITH grouped AS ( SELECT col_name, COUNT(*) as cnt FROM table_name GROUP BY col_name ) SELECT * FROM grouped WHERE cnt > num ORDER BY cnt DESC;	WITH variable AS ( SELECT variable, COUNT(*) AS variable FROM variable GROUP BY variable ) SELECT * FROM variable WHERE variable > variable ORDER BY variable DESC;
drawSQL-mysql-export-2026-01-13_permissions	112	MEDIUM	Show me each role along with its related details from other tables.	SELECT t.*, c.* FROM permissions t LEFT JOIN model_has_permissions c ON c.permission_id = t.id;	SELECT table_alias0.*, table_alias1.* FROM table_name table_alias0 LEFT JOIN table_name table_alias1 ON table_alias1.col_name = table_alias0.id;	SELECT variable.*, variable.* FROM variable variable LEFT JOIN variable variable ON variable = variable;
drawSQL-mysql-export-2026-01-13_permissions	113	HARD	Pull together a report on permissions joining all related tables.	SELECT * FROM model_has_roles LEFT JOIN roles ON model_has_roles.role_id = roles.id;	SELECT * FROM table_name LEFT JOIN table_name ON table_name.col_name = table_name.id;	SELECT * FROM variable LEFT JOIN variable ON variable = variable;
drawSQL-mysql-export-2026-01-13_permissions	114	HARD	Who or what is the best in each group of permissions?	SELECT * FROM ( SELECT *, ROW_NUMBER() OVER (PARTITION BY name ORDER BY id DESC) as rn FROM permissions ) WHERE rn = num;	SELECT * FROM ( SELECT *, ROW_NUMBER() OVER (PARTITION BY col_name ORDER BY id DESC) as column_alias0 FROM table_name ) WHERE column_alias0 = num;	SELECT * FROM ( SELECT *, ROW_NUMBER() OVER (PARTITION BY variable ORDER BY variable DESC) AS variable FROM variable ) WHERE variable = variable;
drawSQL-mysql-export-2026-01-13_permissions	115	HARD	Which permissions are above average compared to others in their group?	SELECT strftime('%Y-%m', created_at) as period, COUNT(*) as count FROM permissions WHERE created_at >= date('now', '-2 months') GROUP BY period ORDER BY period;	SELECT strftime(string, col_name) as column_alias0, column_alias1(*) as column_alias1 FROM table_name WHERE col_name >= date(string, string) GROUP BY column_alias0 ORDER BY column_alias0;	SELECT STRFTIME(variable, variable) AS variable, variable(*) AS variable FROM variable WHERE variable >= DATE(variable, variable) GROUP BY variable ORDER BY variable;
drawSQL-mysql-export-2026-01-13_permissions	116	HARD	Do a multi-step analysis: group permissions, filter, then rank the results.	WITH grouped AS ( SELECT name, COUNT(*) as cnt FROM permissions GROUP BY name ) SELECT * FROM grouped WHERE cnt > num ORDER BY cnt DESC;	WITH grouped AS ( SELECT col_name, COUNT(*) as cnt FROM table_name GROUP BY col_name ) SELECT * FROM grouped WHERE cnt > num ORDER BY cnt DESC;	WITH variable AS ( SELECT variable, COUNT(*) AS variable FROM variable GROUP BY variable ) SELECT * FROM variable WHERE variable > variable ORDER BY variable DESC;
drawSQL-mysql-export-2026-01-13_permissions	117	HARD	Show the running total of permissions over time based on created_at.	SELECT *, COUNT(*) OVER (ORDER BY created_at) as running_count FROM permissions ORDER BY created_at;	SELECT *, COUNT(*) OVER (ORDER BY col_name) as column_alias0 FROM table_name ORDER BY col_name;	SELECT *, COUNT(*) OVER (ORDER BY variable) AS variable FROM variable ORDER BY variable;
drawSQL-mysql-export-2026-01-13_permissions	118	HARD	Find permissions that exist in one table but not in a related table.	SELECT * FROM permissions WHERE id NOT IN (SELECT DISTINCT permission_id FROM model_has_permissions WHERE permission_id IS NOT NULL);	SELECT * FROM table_name WHERE id NOT IN (SELECT DISTINCT col_name FROM table_name WHERE col_name IS NOT NULL);	SELECT * FROM variable WHERE variable NOT IN (SELECT DISTINCT variable FROM variable WHERE variable IS NOT NULL);
drawSQL-mysql-export-2026-01-13_permissions	119	HARD	Combine data from permissions, roles, and model_has_permissions in a single report.	SELECT * FROM permissions LEFT JOIN roles ON roles.id = permissions.role_id LEFT JOIN model_has_permissions ON model_has_permissions.id = permissions.permission_id;	SELECT * FROM table_name LEFT JOIN table_name ON table_name.id = table_name.col_name LEFT JOIN table_name ON table_name.id = table_name.col_name;	SELECT * FROM variable LEFT JOIN variable ON variable = variable LEFT JOIN variable ON variable = variable;
drawSQL-mysql-export-2026-01-13_permissions	120	HARD	Rank all permissions within their groups and show the top performers.	SELECT *, ROW_NUMBER() OVER (ORDER BY id DESC) as rn FROM permissions;	SELECT *, ROW_NUMBER() OVER (ORDER BY id DESC) as column_alias0 FROM table_name;	SELECT *, ROW_NUMBER() OVER (ORDER BY variable DESC) AS variable FROM variable;
drawSQL-mysql-export-2026-01-13_refinery	121	EASY	How many users signed up since created_at=date?	SELECT COUNT(*) FROM users;	SELECT COUNT(*) FROM table_name;	SELECT COUNT(*) FROM variable;
drawSQL-mysql-export-2026-01-13_refinery	122	EASY	How many ticketit statuses do we have in total?	SELECT COUNT(*) FROM ticketit_statuses;	SELECT COUNT(*) FROM table_name;	SELECT COUNT(*) FROM variable;
drawSQL-mysql-export-2026-01-13_refinery	123	EASY	Show me all of our ticketit statuses.	SELECT * FROM ticketit_statuses;	SELECT * FROM table_name;	SELECT * FROM variable;
drawSQL-mysql-export-2026-01-13_refinery	124	EASY	Can you look up the ticketit status with id=num?	SELECT * FROM ticketit WHERE id = num;	SELECT * FROM table_name WHERE id = num;	SELECT * FROM variable WHERE variable = variable;
drawSQL-mysql-export-2026-01-13_refinery	125	EASY	Find the ticketit status where name=string.	SELECT * FROM ticketit LIMIT num;	SELECT * FROM table_name LIMIT num;	SELECT * FROM variable LIMIT variable;
drawSQL-mysql-export-2026-01-13_refinery	126	EASY	What are the most recent ticketit statuses ordered by name?	SELECT * FROM ticketit_statuses ORDER BY name DESC LIMIT num;	SELECT * FROM table_name ORDER BY col_name DESC LIMIT num;	SELECT * FROM variable ORDER BY variable DESC LIMIT variable;
drawSQL-mysql-export-2026-01-13_refinery	127	EASY	How many ticketit priorities do we have in total?	SELECT COUNT(*) FROM ticketit_priorities;	SELECT COUNT(*) FROM table_name;	SELECT COUNT(*) FROM variable;
drawSQL-mysql-export-2026-01-13_refinery	128	EASY	Show me all of our ticketit priorities.	SELECT * FROM ticketit_priorities;	SELECT * FROM table_name;	SELECT * FROM variable;
drawSQL-mysql-export-2026-01-13_refinery	129	MEDIUM	Who are the most active users based on activity count?	SELECT * FROM users ORDER BY created_at DESC LIMIT 10;	SELECT * FROM table_name ORDER BY col_name DESC LIMIT num;	SELECT * FROM variable ORDER BY variable DESC LIMIT variable;
drawSQL-mysql-export-2026-01-13_refinery	130	MEDIUM	Show me each ticketit status along with its related details from other tables.	SELECT t.*, c.* FROM ticketit t LEFT JOIN ticketit_comments c ON c.ticket_id = t.id;	SELECT table_alias0.*, table_alias1.* FROM table_name table_alias0 LEFT JOIN table_name table_alias1 ON table_alias1.col_name = table_alias0.id;	SELECT variable.*, variable.* FROM variable variable LEFT JOIN variable variable ON variable = variable;
drawSQL-mysql-export-2026-01-13_refinery	131	MEDIUM	Break down the ticketit statuses by name — how many in each?	SELECT name, COUNT(*) as count FROM ticketit_statuses GROUP BY name;	SELECT col_name, COUNT(*) as count FROM table_name GROUP BY col_name;	SELECT variable, COUNT(*) AS COUNT FROM variable GROUP BY variable;
drawSQL-mysql-export-2026-01-13_refinery	132	MEDIUM	Are there any ticketit statuses that don't have a match in related tables?	SELECT * FROM ticketit_statuses WHERE id NOT IN (SELECT DISTINCT status_id FROM ticketit WHERE status_id IS NOT NULL);	SELECT * FROM table_name WHERE id NOT IN (SELECT DISTINCT col_name FROM table_name WHERE col_name IS NOT NULL);	SELECT * FROM variable WHERE variable NOT IN (SELECT DISTINCT variable FROM variable WHERE variable IS NOT NULL);
drawSQL-mysql-export-2026-01-13_refinery	133	MEDIUM	For each group, what are the top 3 ticketit statuses?	SELECT * FROM ticketit_statuses ORDER BY id DESC LIMIT num;	SELECT * FROM table_name ORDER BY id DESC LIMIT num;	SELECT * FROM variable ORDER BY variable DESC LIMIT variable;
drawSQL-mysql-export-2026-01-13_refinery	134	MEDIUM	Which ticketit statuses have duplicate or repeated values?	WITH grouped AS ( SELECT name, COUNT(*) as cnt FROM ticketit_statuses GROUP BY name ) SELECT * FROM grouped WHERE cnt > num ORDER BY cnt DESC;	WITH grouped AS ( SELECT col_name, COUNT(*) as cnt FROM table_name GROUP BY col_name ) SELECT * FROM grouped WHERE cnt > num ORDER BY cnt DESC;	WITH variable AS ( SELECT variable, COUNT(*) AS variable FROM variable GROUP BY variable ) SELECT * FROM variable WHERE variable > variable ORDER BY variable DESC;
drawSQL-mysql-export-2026-01-13_refinery	135	MEDIUM	Show me each ticketit priority along with its related details from other tables.	SELECT t.*, c.* FROM ticketit t LEFT JOIN ticketit_comments c ON c.ticket_id = t.id;	SELECT table_alias0.*, table_alias1.* FROM table_name table_alias0 LEFT JOIN table_name table_alias1 ON table_alias1.col_name = table_alias0.id;	SELECT variable.*, variable.* FROM variable variable LEFT JOIN variable variable ON variable = variable;
drawSQL-mysql-export-2026-01-13_refinery	136	MEDIUM	Break down the ticketit priorities by name — how many in each?	SELECT name, COUNT(*) as count FROM ticketit_priorities GROUP BY name;	SELECT col_name, COUNT(*) as count FROM table_name GROUP BY col_name;	SELECT variable, COUNT(*) AS COUNT FROM variable GROUP BY variable;
drawSQL-mysql-export-2026-01-13_refinery	137	HARD	Pull together a report on ticketit statuses joining all related tables.	SELECT * FROM ticketit_categories_users LEFT JOIN users ON ticketit_categories_users.user_id = users.id LEFT JOIN ticketit_categories ON ticketit_categories_users.category_id = ticketit_categories.id;	SELECT * FROM table_name LEFT JOIN table_name ON table_name.col_name = table_name.id LEFT JOIN table_name ON table_name.col_name = table_name.id;	SELECT * FROM variable LEFT JOIN variable ON variable = variable LEFT JOIN variable ON variable = variable;
drawSQL-mysql-export-2026-01-13_refinery	138	HARD	Who or what is the best in each group of ticketit statuses?	SELECT * FROM ( SELECT *, ROW_NUMBER() OVER (PARTITION BY name ORDER BY id DESC) as rn FROM ticketit_statuses ) WHERE rn = num;	SELECT * FROM ( SELECT *, ROW_NUMBER() OVER (PARTITION BY col_name ORDER BY id DESC) as column_alias0 FROM table_name ) WHERE column_alias0 = num;	SELECT * FROM ( SELECT *, ROW_NUMBER() OVER (PARTITION BY variable ORDER BY variable DESC) AS variable FROM variable ) WHERE variable = variable;
drawSQL-mysql-export-2026-01-13_refinery	139	HARD	Which ticketit statuses are above average compared to others in their group?	SELECT * FROM ticketit_settings WHERE value > (SELECT AVG(value) FROM ticketit_settings);	SELECT * FROM table_name WHERE value > (SELECT AVG(value) FROM table_name);	SELECT * FROM variable WHERE variable > (SELECT AVG(variable) FROM variable);
drawSQL-mysql-export-2026-01-13_refinery	140	HARD	Do a multi-step analysis: group ticketit statuses, filter, then rank the results.	WITH grouped AS ( SELECT name, COUNT(*) as cnt FROM ticketit_statuses GROUP BY name ) SELECT * FROM grouped WHERE cnt > num ORDER BY cnt DESC;	WITH grouped AS ( SELECT col_name, COUNT(*) as cnt FROM table_name GROUP BY col_name ) SELECT * FROM grouped WHERE cnt > num ORDER BY cnt DESC;	WITH variable AS ( SELECT variable, COUNT(*) AS variable FROM variable GROUP BY variable ) SELECT * FROM variable WHERE variable > variable ORDER BY variable DESC;
drawSQL-mysql-export-2026-01-13_refinery	141	HARD	Find ticketit statuses that exist in one table but not in a related table.	SELECT * FROM ticketit_statuses WHERE id NOT IN (SELECT DISTINCT status_id FROM ticketit WHERE status_id IS NOT NULL);	SELECT * FROM table_name WHERE id NOT IN (SELECT DISTINCT col_name FROM table_name WHERE col_name IS NOT NULL);	SELECT * FROM variable WHERE variable NOT IN (SELECT DISTINCT variable FROM variable WHERE variable IS NOT NULL);
drawSQL-mysql-export-2026-01-13_refinery	142	HARD	Combine data from ticketit_statuses, ticketit_priorities, and ticketit_categories in a single report.	SELECT * FROM ticketit_statuses LEFT JOIN ticketit_priorities ON ticketit_priorities.id = ticketit_statuses.status_id LEFT JOIN ticketit_categories ON ticketit_categories.id = ticketit_statuses.category_id LEFT JOIN ticketit ON ticketit.id = ticketit_statuses.status_id;	SELECT * FROM table_name LEFT JOIN table_name ON table_name.id = table_name.col_name LEFT JOIN table_name ON table_name.id = table_name.col_name LEFT JOIN table_name ON table_name.id = table_name.col_name;	SELECT * FROM variable LEFT JOIN variable ON variable = variable LEFT JOIN variable ON variable = variable LEFT JOIN variable ON variable = variable;
drawSQL-mysql-export-2026-01-13_refinery	143	HARD	Rank all ticketit statuses within their groups and show the top performers.	SELECT *, ROW_NUMBER() OVER (ORDER BY id DESC) as rn FROM ticketit_statuses;	SELECT *, ROW_NUMBER() OVER (ORDER BY id DESC) as column_alias0 FROM table_name;	SELECT *, ROW_NUMBER() OVER (ORDER BY variable DESC) AS variable FROM variable;
drawSQL-mysql-export-2026-01-13_refinery	144	HARD	Pull together a report on ticketit priorities joining all related tables.	SELECT * FROM ticketit_categories_users LEFT JOIN users ON ticketit_categories_users.user_id = users.id LEFT JOIN ticketit_categories ON ticketit_categories_users.category_id = ticketit_categories.id;	SELECT * FROM table_name LEFT JOIN table_name ON table_name.col_name = table_name.id LEFT JOIN table_name ON table_name.col_name = table_name.id;	SELECT * FROM variable LEFT JOIN variable ON variable = variable LEFT JOIN variable ON variable = variable;
drawSQL-mysql-export-2026-01-13_snipe	145	EASY	How many users signed up since created_at=date?	SELECT COUNT(*) FROM users WHERE created_at >= date('now', '-1 month');	SELECT COUNT(*) FROM table_name WHERE col_name >= date(string, string);	SELECT COUNT(*) FROM variable WHERE variable >= DATE(variable, variable);
drawSQL-mysql-export-2026-01-13_snipe	146	EASY	How many accessories do we have in total?	SELECT COUNT(*) FROM accessories;	SELECT COUNT(*) FROM table_name;	SELECT COUNT(*) FROM variable;
drawSQL-mysql-export-2026-01-13_snipe	147	EASY	Show me all of our accessories.	SELECT * FROM accessories;	SELECT * FROM table_name;	SELECT * FROM variable;
drawSQL-mysql-export-2026-01-13_snipe	148	EASY	Can you look up the accessory with id=num?	SELECT * FROM accessories WHERE id = num;	SELECT * FROM table_name WHERE id = num;	SELECT * FROM variable WHERE variable = variable;
drawSQL-mysql-export-2026-01-13_snipe	149	EASY	Find the accessory where name=string.	SELECT * FROM accessories WHERE name = string;	SELECT * FROM table_name WHERE col_name = string;	SELECT * FROM variable WHERE variable = variable;
drawSQL-mysql-export-2026-01-13_snipe	150	EASY	How many accessories were created since created_at=date?	SELECT COUNT(*) FROM accessories WHERE created_at >= date('now', '-1 month');	SELECT COUNT(*) FROM table_name WHERE col_name >= date(string, string);	SELECT COUNT(*) FROM variable WHERE variable >= DATE(variable, variable);
drawSQL-mysql-export-2026-01-13_snipe	151	EASY	What are the most recent accessories ordered by name?	SELECT * FROM accessories ORDER BY created_at DESC LIMIT num;	SELECT * FROM table_name ORDER BY col_name DESC LIMIT num;	SELECT * FROM variable ORDER BY variable DESC LIMIT variable;
drawSQL-mysql-export-2026-01-13_snipe	152	EASY	How many users do we have in total?	SELECT COUNT(*) FROM users;	SELECT COUNT(*) FROM table_name;	SELECT COUNT(*) FROM variable;
drawSQL-mysql-export-2026-01-13_snipe	153	MEDIUM	Who are the most active users based on activity count?	SELECT * FROM users ORDER BY created_at DESC LIMIT 10;	SELECT * FROM table_name ORDER BY col_name DESC LIMIT num;	SELECT * FROM variable ORDER BY variable DESC LIMIT variable;
drawSQL-mysql-export-2026-01-13_snipe	154	MEDIUM	Show me each accessory along with its related details from other tables.	SELECT t.*, c.* FROM accessories t LEFT JOIN accessories_users c ON c.accessory_id = t.id;	SELECT table_alias0.*, table_alias1.* FROM table_name table_alias0 LEFT JOIN table_name table_alias1 ON table_alias1.col_name = table_alias0.id;	SELECT variable.*, variable.* FROM variable variable LEFT JOIN variable variable ON variable = variable;
drawSQL-mysql-export-2026-01-13_snipe	155	MEDIUM	How many accessories were added since created_at=date?	SELECT COUNT(*) FROM accessories WHERE created_at >= date('now', '-1 month');	SELECT COUNT(*) FROM table_name WHERE col_name >= date(string, string);	SELECT COUNT(*) FROM variable WHERE variable >= DATE(variable, variable);
drawSQL-mysql-export-2026-01-13_snipe	156	MEDIUM	Break down the accessories by category_id — how many in each?	SELECT category_id, COUNT(*) as count FROM accessories GROUP BY category_id;	SELECT col_name, COUNT(*) as count FROM table_name GROUP BY col_name;	SELECT variable, COUNT(*) AS COUNT FROM variable GROUP BY variable;
drawSQL-mysql-export-2026-01-13_snipe	157	MEDIUM	Are there any accessories that don't have a match in related tables?	SELECT * FROM accessories WHERE id NOT IN (SELECT DISTINCT accessory_id FROM accessories_users WHERE accessory_id IS NOT NULL);	SELECT * FROM table_name WHERE id NOT IN (SELECT DISTINCT col_name FROM table_name WHERE col_name IS NOT NULL);	SELECT * FROM variable WHERE variable NOT IN (SELECT DISTINCT variable FROM variable WHERE variable IS NOT NULL);
drawSQL-mysql-export-2026-01-13_snipe	158	MEDIUM	For each group, what are the top 3 accessories?	SELECT * FROM ( SELECT *, ROW_NUMBER() OVER (PARTITION BY category_id ORDER BY id DESC) as rn FROM components ) WHERE rn <= num;	SELECT * FROM ( SELECT *, ROW_NUMBER() OVER (PARTITION BY col_name ORDER BY id DESC) as column_alias0 FROM table_name ) WHERE column_alias0 <= num;	SELECT * FROM ( SELECT *, ROW_NUMBER() OVER (PARTITION BY variable ORDER BY variable DESC) AS variable FROM variable ) WHERE variable <= variable;
drawSQL-mysql-export-2026-01-13_snipe	159	MEDIUM	How did the number of accessories change month over month?	SELECT strftime('%Y-%m', created_at) as period, COUNT(*) as count FROM accessories WHERE created_at >= date('now', '-2 months') GROUP BY period ORDER BY period;	SELECT strftime(string, col_name) as column_alias0, column_alias1(*) as column_alias1 FROM table_name WHERE col_name >= date(string, string) GROUP BY column_alias0 ORDER BY column_alias0;	SELECT STRFTIME(variable, variable) AS variable, variable(*) AS variable FROM variable WHERE variable >= DATE(variable, variable) GROUP BY variable ORDER BY variable;
drawSQL-mysql-export-2026-01-13_snipe	160	MEDIUM	Which accessories have duplicate or repeated values?	WITH grouped AS ( SELECT category_id, COUNT(*) as cnt FROM accessories GROUP BY category_id ) SELECT * FROM grouped WHERE cnt > num ORDER BY cnt DESC;	WITH grouped AS ( SELECT col_name, COUNT(*) as cnt FROM table_name GROUP BY col_name ) SELECT * FROM grouped WHERE cnt > num ORDER BY cnt DESC;	WITH variable AS ( SELECT variable, COUNT(*) AS variable FROM variable GROUP BY variable ) SELECT * FROM variable WHERE variable > variable ORDER BY variable DESC;
drawSQL-mysql-export-2026-01-13_snipe	161	HARD	Pull together a report on accessories joining all related tables.	SELECT * FROM accessories LEFT JOIN users ON accessories.user_id = users.id LEFT JOIN categories ON accessories.category_id = categories.id;	SELECT * FROM table_name LEFT JOIN table_name ON table_name.col_name = table_name.id LEFT JOIN table_name ON table_name.col_name = table_name.id;	SELECT * FROM variable LEFT JOIN variable ON variable = variable LEFT JOIN variable ON variable = variable;
drawSQL-mysql-export-2026-01-13_snipe	162	HARD	Who or what is the best in each group of accessories?	SELECT * FROM ( SELECT *, ROW_NUMBER() OVER (PARTITION BY category_id ORDER BY id DESC) as rn FROM accessories ) WHERE rn = num;	SELECT * FROM ( SELECT *, ROW_NUMBER() OVER (PARTITION BY col_name ORDER BY id DESC) as column_alias0 FROM table_name ) WHERE column_alias0 = num;	SELECT * FROM ( SELECT *, ROW_NUMBER() OVER (PARTITION BY variable ORDER BY variable DESC) AS variable FROM variable ) WHERE variable = variable;
drawSQL-mysql-export-2026-01-13_snipe	163	HARD	Which accessories are above average compared to others in their group?	SELECT strftime('%Y-%m', created_at) as period, COUNT(*) as count FROM accessories WHERE created_at >= date('now', '-2 months') GROUP BY period ORDER BY period;	SELECT strftime(string, col_name) as column_alias0, column_alias1(*) as column_alias1 FROM table_name WHERE col_name >= date(string, string) GROUP BY column_alias0 ORDER BY column_alias0;	SELECT STRFTIME(variable, variable) AS variable, variable(*) AS variable FROM variable WHERE variable >= DATE(variable, variable) GROUP BY variable ORDER BY variable;
drawSQL-mysql-export-2026-01-13_snipe	164	HARD	Do a multi-step analysis: group accessories, filter, then rank the results.	WITH grouped AS ( SELECT category_id, COUNT(*) as cnt FROM accessories GROUP BY category_id ) SELECT * FROM grouped WHERE cnt > num ORDER BY cnt DESC;	WITH grouped AS ( SELECT col_name, COUNT(*) as cnt FROM table_name GROUP BY col_name ) SELECT * FROM grouped WHERE cnt > num ORDER BY cnt DESC;	WITH variable AS ( SELECT variable, COUNT(*) AS variable FROM variable GROUP BY variable ) SELECT * FROM variable WHERE variable > variable ORDER BY variable DESC;
drawSQL-mysql-export-2026-01-13_snipe	165	HARD	Show the running total of accessories over time based on created_at.	SELECT *, COUNT(*) OVER (ORDER BY created_at) as running_count FROM accessories ORDER BY created_at;	SELECT *, COUNT(*) OVER (ORDER BY col_name) as column_alias0 FROM table_name ORDER BY col_name;	SELECT *, COUNT(*) OVER (ORDER BY variable) AS variable FROM variable ORDER BY variable;
drawSQL-mysql-export-2026-01-13_snipe	166	HARD	Find accessories that exist in one table but not in a related table.	SELECT * FROM accessories WHERE id NOT IN (SELECT DISTINCT accessory_id FROM accessories_users WHERE accessory_id IS NOT NULL);	SELECT * FROM table_name WHERE id NOT IN (SELECT DISTINCT col_name FROM table_name WHERE col_name IS NOT NULL);	SELECT * FROM variable WHERE variable NOT IN (SELECT DISTINCT variable FROM variable WHERE variable IS NOT NULL);
drawSQL-mysql-export-2026-01-13_snipe	167	HARD	Combine data from accessories, accessories_users, and action_logs in a single report.	SELECT * FROM accessories LEFT JOIN accessories_users ON accessories_users.id = accessories.accessory_id LEFT JOIN action_logs ON action_logs.id = accessories.accessory_id LEFT JOIN users ON users.id = accessories.user_id;	SELECT * FROM table_name LEFT JOIN table_name ON table_name.id = table_name.col_name LEFT JOIN table_name ON table_name.id = table_name.col_name LEFT JOIN table_name ON table_name.id = table_name.col_name;	SELECT * FROM variable LEFT JOIN variable ON variable = variable LEFT JOIN variable ON variable = variable LEFT JOIN variable ON variable = variable;
drawSQL-mysql-export-2026-01-13_snipe	168	HARD	Rank all accessories within their groups and show the top performers.	SELECT * FROM ( SELECT *, ROW_NUMBER() OVER (PARTITION BY category_id ORDER BY id DESC) as rn FROM accessories ) WHERE rn <= num;	SELECT * FROM ( SELECT *, ROW_NUMBER() OVER (PARTITION BY col_name ORDER BY id DESC) as column_alias0 FROM table_name ) WHERE column_alias0 <= num;	SELECT * FROM ( SELECT *, ROW_NUMBER() OVER (PARTITION BY variable ORDER BY variable DESC) AS variable FROM variable ) WHERE variable <= variable;
drawSQL-mysql-export-2026-01-13_stripe	169	EASY	Which customers have status=string for their subscription?	SELECT * FROM users;	SELECT * FROM table_name;	SELECT * FROM variable;
drawSQL-mysql-export-2026-01-13_stripe	170	EASY	How many users signed up since created_at=date?	SELECT COUNT(*) FROM users WHERE created_at >= date('now', '-1 month');	SELECT COUNT(*) FROM table_name WHERE col_name >= date(string, string);	SELECT COUNT(*) FROM variable WHERE variable >= DATE(variable, variable);
drawSQL-mysql-export-2026-01-13_stripe	171	EASY	How many users do we have in total?	SELECT COUNT(*) FROM users;	SELECT COUNT(*) FROM table_name;	SELECT COUNT(*) FROM variable;
drawSQL-mysql-export-2026-01-13_stripe	172	EASY	Show me all of our users.	SELECT * FROM users;	SELECT * FROM table_name;	SELECT * FROM variable;
drawSQL-mysql-export-2026-01-13_stripe	173	EASY	Can you look up the user with id=num?	SELECT * FROM subscriptions WHERE id = num;	SELECT * FROM table_name WHERE id = num;	SELECT * FROM variable WHERE variable = variable;
drawSQL-mysql-export-2026-01-13_stripe	174	EASY	How many users were created since created_at=date?	SELECT COUNT(*) FROM users WHERE created_at >= date('now', '-1 month');	SELECT COUNT(*) FROM table_name WHERE col_name >= date(string, string);	SELECT COUNT(*) FROM variable WHERE variable >= DATE(variable, variable);
drawSQL-mysql-export-2026-01-13_stripe	175	EASY	What are the most recent users ordered by stripe_id?	SELECT * FROM users ORDER BY created_at DESC LIMIT num;	SELECT * FROM table_name ORDER BY col_name DESC LIMIT num;	SELECT * FROM variable ORDER BY variable DESC LIMIT variable;
drawSQL-mysql-export-2026-01-13_stripe	176	EASY	How many subscriptions do we have in total?	SELECT COUNT(*) FROM subscriptions;	SELECT COUNT(*) FROM table_name;	SELECT COUNT(*) FROM variable;
drawSQL-mysql-export-2026-01-13_stripe	177	MEDIUM	How much revenue since created_at=date?	SELECT * FROM users LIMIT num;	SELECT * FROM table_name LIMIT num;	SELECT * FROM variable LIMIT variable;
drawSQL-mysql-export-2026-01-13_stripe	178	MEDIUM	Who are the most active users based on activity count?	SELECT * FROM users ORDER BY created_at DESC LIMIT 10;	SELECT * FROM table_name ORDER BY col_name DESC LIMIT num;	SELECT * FROM variable ORDER BY variable DESC LIMIT variable;
drawSQL-mysql-export-2026-01-13_stripe	179	MEDIUM	How many users were added since created_at=date?	SELECT COUNT(*) FROM users WHERE created_at >= date('now', '-1 month');	SELECT COUNT(*) FROM table_name WHERE col_name >= date(string, string);	SELECT COUNT(*) FROM variable WHERE variable >= DATE(variable, variable);
drawSQL-mysql-export-2026-01-13_stripe	180	MEDIUM	Break down the users by pm_type — how many in each?	SELECT COUNT(*) FROM users WHERE created_at >= date('now', '-1 month');	SELECT COUNT(*) FROM table_name WHERE col_name >= date(string, string);	SELECT COUNT(*) FROM variable WHERE variable >= DATE(variable, variable);
drawSQL-mysql-export-2026-01-13_stripe	181	MEDIUM	Are there any users that don't have a match in related tables?	SELECT * FROM users LIMIT num;	SELECT * FROM table_name LIMIT num;	SELECT * FROM variable LIMIT variable;
drawSQL-mysql-export-2026-01-13_stripe	182	MEDIUM	For each group, what are the top 3 users?	SELECT * FROM ( SELECT *, ROW_NUMBER() OVER (PARTITION BY pm_type ORDER BY id DESC) as rn FROM users ) WHERE rn <= num;	SELECT * FROM ( SELECT *, ROW_NUMBER() OVER (PARTITION BY col_name ORDER BY id DESC) as column_alias0 FROM table_name ) WHERE column_alias0 <= num;	SELECT * FROM ( SELECT *, ROW_NUMBER() OVER (PARTITION BY variable ORDER BY variable DESC) AS variable FROM variable ) WHERE variable <= variable;
drawSQL-mysql-export-2026-01-13_stripe	183	MEDIUM	How did the number of users change month over month?	SELECT strftime('%Y-%m', created_at) as period, COUNT(*) as count FROM users WHERE created_at >= date('now', '-2 months') GROUP BY period ORDER BY period;	SELECT strftime(string, col_name) as column_alias0, column_alias1(*) as column_alias1 FROM table_name WHERE col_name >= date(string, string) GROUP BY column_alias0 ORDER BY column_alias0;	SELECT STRFTIME(variable, variable) AS variable, variable(*) AS variable FROM variable WHERE variable >= DATE(variable, variable) GROUP BY variable ORDER BY variable;
drawSQL-mysql-export-2026-01-13_stripe	184	MEDIUM	Which users have duplicate or repeated values?	WITH grouped AS ( SELECT pm_type, COUNT(*) as cnt FROM users GROUP BY pm_type ) SELECT * FROM grouped WHERE cnt > num ORDER BY cnt DESC;	WITH grouped AS ( SELECT col_name, COUNT(*) as cnt FROM table_name GROUP BY col_name ) SELECT * FROM grouped WHERE cnt > num ORDER BY cnt DESC;	WITH variable AS ( SELECT variable, COUNT(*) AS variable FROM variable GROUP BY variable ) SELECT * FROM variable WHERE variable > variable ORDER BY variable DESC;
drawSQL-mysql-export-2026-01-13_stripe	185	HARD	Pull together a report on users joining all related tables.	SELECT * FROM subscription_items LEFT JOIN subscriptions ON subscription_items.subscription_id = subscriptions.id;	SELECT * FROM table_name LEFT JOIN table_name ON table_name.col_name = table_name.id;	SELECT * FROM variable LEFT JOIN variable ON variable = variable;
drawSQL-mysql-export-2026-01-13_stripe	186	HARD	Who or what is the best in each group of users?	SELECT * FROM ( SELECT *, ROW_NUMBER() OVER (PARTITION BY pm_type ORDER BY id DESC) as rn FROM users ) WHERE rn = num;	SELECT * FROM ( SELECT *, ROW_NUMBER() OVER (PARTITION BY col_name ORDER BY id DESC) as column_alias0 FROM table_name ) WHERE column_alias0 = num;	SELECT * FROM ( SELECT *, ROW_NUMBER() OVER (PARTITION BY variable ORDER BY variable DESC) AS variable FROM variable ) WHERE variable = variable;
drawSQL-mysql-export-2026-01-13_stripe	187	HARD	Which users are above average compared to others in their group?	SELECT strftime('%Y-%m', created_at) as period, COUNT(*) as count FROM users WHERE created_at >= date('now', '-2 months') GROUP BY period ORDER BY period;	SELECT strftime(string, col_name) as column_alias0, column_alias1(*) as column_alias1 FROM table_name WHERE col_name >= date(string, string) GROUP BY column_alias0 ORDER BY column_alias0;	SELECT STRFTIME(variable, variable) AS variable, variable(*) AS variable FROM variable WHERE variable >= DATE(variable, variable) GROUP BY variable ORDER BY variable;
drawSQL-mysql-export-2026-01-13_stripe	188	HARD	Do a multi-step analysis: group users, filter, then rank the results.	WITH grouped AS ( SELECT pm_type, COUNT(*) as cnt FROM users GROUP BY pm_type ) SELECT * FROM grouped WHERE cnt > num ORDER BY cnt DESC;	WITH grouped AS ( SELECT col_name, COUNT(*) as cnt FROM table_name GROUP BY col_name ) SELECT * FROM grouped WHERE cnt > num ORDER BY cnt DESC;	WITH variable AS ( SELECT variable, COUNT(*) AS variable FROM variable GROUP BY variable ) SELECT * FROM variable WHERE variable > variable ORDER BY variable DESC;
drawSQL-mysql-export-2026-01-13_stripe	189	HARD	Show the running total of users over time based on created_at.	SELECT *, COUNT(*) OVER (ORDER BY created_at) as running_count FROM users ORDER BY created_at;	SELECT *, COUNT(*) OVER (ORDER BY col_name) as column_alias0 FROM table_name ORDER BY col_name;	SELECT *, COUNT(*) OVER (ORDER BY variable) AS variable FROM variable ORDER BY variable;
drawSQL-mysql-export-2026-01-13_stripe	190	HARD	Find users that exist in one table but not in a related table.	SELECT * FROM users LIMIT num;	SELECT * FROM table_name LIMIT num;	SELECT * FROM variable LIMIT variable;
drawSQL-mysql-export-2026-01-13_stripe	191	HARD	Combine data from users, subscriptions, and subscription_items in a single report.	SELECT * FROM users LEFT JOIN subscriptions ON subscriptions.id = users.subscription_id LEFT JOIN subscription_items ON subscription_items.id = users.id;	SELECT * FROM table_name LEFT JOIN table_name ON table_name.id = table_name.col_name LEFT JOIN table_name ON table_name.id = table_name.id;	SELECT * FROM variable LEFT JOIN variable ON variable = variable LEFT JOIN variable ON variable = variable;
drawSQL-mysql-export-2026-01-13_stripe	192	HARD	Rank all users within their groups and show the top performers.	SELECT * FROM ( SELECT *, ROW_NUMBER() OVER (PARTITION BY pm_type ORDER BY id DESC) as rn FROM users ) WHERE rn <= num;	SELECT * FROM ( SELECT *, ROW_NUMBER() OVER (PARTITION BY col_name ORDER BY id DESC) as column_alias0 FROM table_name ) WHERE column_alias0 <= num;	SELECT * FROM ( SELECT *, ROW_NUMBER() OVER (PARTITION BY variable ORDER BY variable DESC) AS variable FROM variable ) WHERE variable <= variable;
drawSQL-mysql-export-2026-01-13_ticket	193	EASY	How many tickets have status=num indicating open?	SELECT * FROM permissions LIMIT num;	SELECT * FROM table_name LIMIT num;	SELECT * FROM variable LIMIT variable;
drawSQL-mysql-export-2026-01-13_ticket	194	EASY	Which tickets were created since created_at=date?	SELECT * FROM permissions LIMIT num;	SELECT * FROM table_name LIMIT num;	SELECT * FROM variable LIMIT variable;
drawSQL-mysql-export-2026-01-13_ticket	195	EASY	How many permissions do we have in total?	SELECT COUNT(*) FROM permissions;	SELECT COUNT(*) FROM table_name;	SELECT COUNT(*) FROM variable;
drawSQL-mysql-export-2026-01-13_ticket	196	EASY	Show me all of our permissions.	SELECT * FROM permissions;	SELECT * FROM table_name;	SELECT * FROM variable;
drawSQL-mysql-export-2026-01-13_ticket	197	EASY	Can you look up the permission with id=num?	SELECT * FROM permissions WHERE id = num;	SELECT * FROM table_name WHERE id = num;	SELECT * FROM variable WHERE variable = variable;
drawSQL-mysql-export-2026-01-13_ticket	198	EASY	Find the permission where name=string.	SELECT * FROM permissions WHERE name = string;	SELECT * FROM table_name WHERE col_name = string;	SELECT * FROM variable WHERE variable = variable;
drawSQL-mysql-export-2026-01-13_ticket	199	EASY	How many permissions were created since created_at=date?	SELECT COUNT(*) FROM permissions WHERE created_at >= date('now', '-1 month');	SELECT COUNT(*) FROM table_name WHERE col_name >= date(string, string);	SELECT COUNT(*) FROM variable WHERE variable >= DATE(variable, variable);
drawSQL-mysql-export-2026-01-13_ticket	200	EASY	What are the most recent permissions ordered by name?	SELECT * FROM permissions ORDER BY created_at DESC LIMIT num;	SELECT * FROM table_name ORDER BY col_name DESC LIMIT num;	SELECT * FROM variable ORDER BY variable DESC LIMIT variable;
drawSQL-mysql-export-2026-01-13_ticket	201	MEDIUM	What's the average resolution time for tickets?	SELECT * FROM permissions LIMIT num;	SELECT * FROM table_name LIMIT num;	SELECT * FROM variable LIMIT variable;
drawSQL-mysql-export-2026-01-13_ticket	202	MEDIUM	Show me each permission along with its related details from other tables.	SELECT t.*, c.* FROM permissions t LEFT JOIN model_has_permissions c ON c.permission_id = t.id;	SELECT table_alias0.*, table_alias1.* FROM table_name table_alias0 LEFT JOIN table_name table_alias1 ON table_alias1.col_name = table_alias0.id;	SELECT variable.*, variable.* FROM variable variable LEFT JOIN variable variable ON variable = variable;
drawSQL-mysql-export-2026-01-13_ticket	203	MEDIUM	How many permissions were added since created_at=date?	SELECT COUNT(*) FROM permissions WHERE created_at >= date('now', '-1 month');	SELECT COUNT(*) FROM table_name WHERE col_name >= date(string, string);	SELECT COUNT(*) FROM variable WHERE variable >= DATE(variable, variable);
drawSQL-mysql-export-2026-01-13_ticket	204	MEDIUM	Break down the permissions by name — how many in each?	SELECT name, COUNT(*) as count FROM permissions GROUP BY name;	SELECT col_name, COUNT(*) as count FROM table_name GROUP BY col_name;	SELECT variable, COUNT(*) AS COUNT FROM variable GROUP BY variable;
drawSQL-mysql-export-2026-01-13_ticket	205	MEDIUM	Are there any permissions that don't have a match in related tables?	SELECT * FROM permissions WHERE id NOT IN (SELECT DISTINCT permission_id FROM model_has_permissions WHERE permission_id IS NOT NULL);	SELECT * FROM table_name WHERE id NOT IN (SELECT DISTINCT col_name FROM table_name WHERE col_name IS NOT NULL);	SELECT * FROM variable WHERE variable NOT IN (SELECT DISTINCT variable FROM variable WHERE variable IS NOT NULL);
drawSQL-mysql-export-2026-01-13_ticket	206	MEDIUM	For each group, what are the top 3 permissions?	SELECT * FROM permissions ORDER BY id DESC LIMIT num;	SELECT * FROM table_name ORDER BY id DESC LIMIT num;	SELECT * FROM variable ORDER BY variable DESC LIMIT variable;
drawSQL-mysql-export-2026-01-13_ticket	207	MEDIUM	How did the number of permissions change month over month?	SELECT strftime('%Y-%m', created_at) as period, COUNT(*) as count FROM permissions WHERE created_at >= date('now', '-2 months') GROUP BY period ORDER BY period;	SELECT strftime(string, col_name) as column_alias0, column_alias1(*) as column_alias1 FROM table_name WHERE col_name >= date(string, string) GROUP BY column_alias0 ORDER BY column_alias0;	SELECT STRFTIME(variable, variable) AS variable, variable(*) AS variable FROM variable WHERE variable >= DATE(variable, variable) GROUP BY variable ORDER BY variable;
drawSQL-mysql-export-2026-01-13_ticket	208	MEDIUM	Which permissions have duplicate or repeated values?	WITH grouped AS ( SELECT name, COUNT(*) as cnt FROM permissions GROUP BY name ) SELECT * FROM grouped WHERE cnt > num ORDER BY cnt DESC;	WITH grouped AS ( SELECT col_name, COUNT(*) as cnt FROM table_name GROUP BY col_name ) SELECT * FROM grouped WHERE cnt > num ORDER BY cnt DESC;	WITH variable AS ( SELECT variable, COUNT(*) AS variable FROM variable GROUP BY variable ) SELECT * FROM variable WHERE variable > variable ORDER BY variable DESC;
drawSQL-mysql-export-2026-01-13_ticket	209	HARD	Pull together a report on permissions joining all related tables.	SELECT * FROM model_has_roles LEFT JOIN roles ON model_has_roles.role_id = roles.id;	SELECT * FROM table_name LEFT JOIN table_name ON table_name.col_name = table_name.id;	SELECT * FROM variable LEFT JOIN variable ON variable = variable;
drawSQL-mysql-export-2026-01-13_ticket	210	HARD	Who or what is the best in each group of permissions?	SELECT * FROM ( SELECT *, ROW_NUMBER() OVER (PARTITION BY name ORDER BY id DESC) as rn FROM permissions ) WHERE rn = num;	SELECT * FROM ( SELECT *, ROW_NUMBER() OVER (PARTITION BY col_name ORDER BY id DESC) as column_alias0 FROM table_name ) WHERE column_alias0 = num;	SELECT * FROM ( SELECT *, ROW_NUMBER() OVER (PARTITION BY variable ORDER BY variable DESC) AS variable FROM variable ) WHERE variable = variable;
drawSQL-mysql-export-2026-01-13_ticket	211	HARD	Which permissions are above average compared to others in their group?	SELECT strftime('%Y-%m', created_at) as period, COUNT(*) as count FROM permissions WHERE created_at >= date('now', '-2 months') GROUP BY period ORDER BY period;	SELECT strftime(string, col_name) as column_alias0, column_alias1(*) as column_alias1 FROM table_name WHERE col_name >= date(string, string) GROUP BY column_alias0 ORDER BY column_alias0;	SELECT STRFTIME(variable, variable) AS variable, variable(*) AS variable FROM variable WHERE variable >= DATE(variable, variable) GROUP BY variable ORDER BY variable;
drawSQL-mysql-export-2026-01-13_ticket	212	HARD	Do a multi-step analysis: group permissions, filter, then rank the results.	WITH grouped AS ( SELECT name, COUNT(*) as cnt FROM permissions GROUP BY name ) SELECT * FROM grouped WHERE cnt > num ORDER BY cnt DESC;	WITH grouped AS ( SELECT col_name, COUNT(*) as cnt FROM table_name GROUP BY col_name ) SELECT * FROM grouped WHERE cnt > num ORDER BY cnt DESC;	WITH variable AS ( SELECT variable, COUNT(*) AS variable FROM variable GROUP BY variable ) SELECT * FROM variable WHERE variable > variable ORDER BY variable DESC;
drawSQL-mysql-export-2026-01-13_ticket	213	HARD	Show the running total of permissions over time based on created_at.	SELECT *, COUNT(*) OVER (ORDER BY created_at) as running_count FROM permissions ORDER BY created_at;	SELECT *, COUNT(*) OVER (ORDER BY col_name) as column_alias0 FROM table_name ORDER BY col_name;	SELECT *, COUNT(*) OVER (ORDER BY variable) AS variable FROM variable ORDER BY variable;
drawSQL-mysql-export-2026-01-13_ticket	214	HARD	Find permissions that exist in one table but not in a related table.	SELECT * FROM permissions WHERE id NOT IN (SELECT DISTINCT permission_id FROM model_has_permissions WHERE permission_id IS NOT NULL);	SELECT * FROM table_name WHERE id NOT IN (SELECT DISTINCT col_name FROM table_name WHERE col_name IS NOT NULL);	SELECT * FROM variable WHERE variable NOT IN (SELECT DISTINCT variable FROM variable WHERE variable IS NOT NULL);
drawSQL-mysql-export-2026-01-13_ticket	215	HARD	Combine data from permissions, roles, and model_has_permissions in a single report.	SELECT * FROM permissions LEFT JOIN roles ON roles.id = permissions.role_id LEFT JOIN model_has_permissions ON model_has_permissions.id = permissions.permission_id;	SELECT * FROM table_name LEFT JOIN table_name ON table_name.id = table_name.col_name LEFT JOIN table_name ON table_name.id = table_name.col_name;	SELECT * FROM variable LEFT JOIN variable ON variable = variable LEFT JOIN variable ON variable = variable;
drawSQL-mysql-export-2026-01-13_ticket	216	HARD	Rank all permissions within their groups and show the top performers.	SELECT *, ROW_NUMBER() OVER (ORDER BY id DESC) as rn FROM permissions;	SELECT *, ROW_NUMBER() OVER (ORDER BY id DESC) as column_alias0 FROM table_name;	SELECT *, ROW_NUMBER() OVER (ORDER BY variable DESC) AS variable FROM variable;
drawSQL-mysql-export-2026-01-13_voyager	217	EASY	How many users signed up since created_at=date?	SELECT COUNT(*) FROM users WHERE avatar >= date('now', '-1 month');	SELECT COUNT(*) FROM col_name WHERE col_name >= date(string, string);	SELECT COUNT(*) FROM variable WHERE variable >= DATE(variable, variable);
drawSQL-mysql-export-2026-01-13_voyager	218	EASY	How many users do we have in total?	SELECT COUNT(*) FROM users;	SELECT COUNT(*) FROM col_name;	SELECT COUNT(*) FROM variable;
drawSQL-mysql-export-2026-01-13_voyager	219	EASY	Show me all of our users.	SELECT * FROM users;	SELECT * FROM col_name;	SELECT * FROM variable;
drawSQL-mysql-export-2026-01-13_voyager	220	EASY	Can you look up the user with id=num?	SELECT * FROM users WHERE id = num;	SELECT * FROM col_name WHERE id = num;	SELECT * FROM variable WHERE variable = variable;
drawSQL-mysql-export-2026-01-13_voyager	221	EASY	How many users were created since avatar=date?	SELECT COUNT(*) FROM users WHERE avatar >= date('now', '-1 month');	SELECT COUNT(*) FROM col_name WHERE col_name >= date(string, string);	SELECT COUNT(*) FROM variable WHERE variable >= DATE(variable, variable);
drawSQL-mysql-export-2026-01-13_voyager	222	EASY	What are the most recent users ordered by avatar?	SELECT * FROM users ORDER BY avatar DESC LIMIT num;	SELECT * FROM col_name ORDER BY col_name DESC LIMIT num;	SELECT * FROM variable ORDER BY variable DESC LIMIT variable;
drawSQL-mysql-export-2026-01-13_voyager	223	EASY	How many data types do we have in total?	SELECT COUNT(*) FROM data_types;	SELECT COUNT(*) FROM col_name;	SELECT COUNT(*) FROM variable;
drawSQL-mysql-export-2026-01-13_voyager	224	EASY	Show me all of our data types.	SELECT * FROM data_types;	SELECT * FROM col_name;	SELECT * FROM variable;
drawSQL-mysql-export-2026-01-13_voyager	225	MEDIUM	Who are the most active users based on activity count?	SELECT * FROM users ORDER BY created_at DESC LIMIT 10;	SELECT * FROM col_name ORDER BY col_name DESC LIMIT num;	SELECT * FROM variable ORDER BY variable DESC LIMIT variable;
drawSQL-mysql-export-2026-01-13_voyager	226	MEDIUM	Show me each user along with its related details from other tables.	SELECT t.*, c.* FROM users t LEFT JOIN user_roles c ON c.user_id = t.id;	SELECT table_alias0.*, table_alias1.* FROM col_name table_alias0 LEFT JOIN col_name table_alias1 ON table_alias1.col_name = table_alias0.id;	SELECT variable.*, variable.* FROM variable variable LEFT JOIN variable variable ON variable = variable;
drawSQL-mysql-export-2026-01-13_voyager	227	MEDIUM	How many users were added since avatar=date?	SELECT COUNT(*) FROM users WHERE avatar >= date('now', '-1 month');	SELECT COUNT(*) FROM col_name WHERE col_name >= date(string, string);	SELECT COUNT(*) FROM variable WHERE variable >= DATE(variable, variable);
drawSQL-mysql-export-2026-01-13_voyager	228	MEDIUM	Break down the users by avatar — how many in each?	SELECT COUNT(*) FROM users WHERE avatar >= date('now', '-1 month');	SELECT COUNT(*) FROM col_name WHERE col_name >= date(string, string);	SELECT COUNT(*) FROM variable WHERE variable >= DATE(variable, variable);
drawSQL-mysql-export-2026-01-13_voyager	229	MEDIUM	Are there any users that don't have a match in related tables?	SELECT * FROM users WHERE id NOT IN (SELECT DISTINCT user_id FROM user_roles WHERE user_id IS NOT NULL);	SELECT * FROM col_name WHERE id NOT IN (SELECT DISTINCT col_name FROM col_name WHERE col_name IS NOT NULL);	SELECT * FROM variable WHERE variable NOT IN (SELECT DISTINCT variable FROM variable WHERE variable IS NOT NULL);
drawSQL-mysql-export-2026-01-13_voyager	230	MEDIUM	For each group, what are the top 3 users?	SELECT * FROM users ORDER BY id DESC LIMIT num;	SELECT * FROM col_name ORDER BY id DESC LIMIT num;	SELECT * FROM variable ORDER BY variable DESC LIMIT variable;
drawSQL-mysql-export-2026-01-13_voyager	231	MEDIUM	How did the number of users change month over month?	SELECT strftime('%Y-%m', avatar) as period, COUNT(*) as count FROM users WHERE avatar >= date('now', '-2 months') GROUP BY period ORDER BY period;	SELECT strftime(string, col_name) as column_alias0, column_alias1(*) as column_alias1 FROM col_name WHERE col_name >= date(string, string) GROUP BY column_alias0 ORDER BY column_alias0;	SELECT STRFTIME(variable, variable) AS variable, variable(*) AS variable FROM variable WHERE variable >= DATE(variable, variable) GROUP BY variable ORDER BY variable;
drawSQL-mysql-export-2026-01-13_voyager	232	MEDIUM	Which users have duplicate or repeated values?	WITH grouped AS ( SELECT avatar, COUNT(*) as cnt FROM users GROUP BY avatar ) SELECT * FROM grouped WHERE cnt > num ORDER BY cnt DESC;	WITH grouped AS ( SELECT col_name, COUNT(*) as cnt FROM col_name GROUP BY col_name ) SELECT * FROM grouped WHERE cnt > num ORDER BY cnt DESC;	WITH variable AS ( SELECT variable, COUNT(*) AS variable FROM variable GROUP BY variable ) SELECT * FROM variable WHERE variable > variable ORDER BY variable DESC;
drawSQL-mysql-export-2026-01-13_voyager	233	HARD	Pull together a report on users joining all related tables.	SELECT * FROM menu_items LEFT JOIN menu_items ON menu_items.parent_id = menu_items.id LEFT JOIN menus ON menu_items.menu_id = menus.id;	SELECT * FROM col_name LEFT JOIN col_name ON col_name.col_name = col_name.id LEFT JOIN col_name ON col_name.col_name = col_name.id;	SELECT * FROM variable LEFT JOIN variable ON variable = variable LEFT JOIN variable ON variable = variable;
drawSQL-mysql-export-2026-01-13_voyager	234	HARD	Who or what is the best in each group of users?	SELECT * FROM ( SELECT *, ROW_NUMBER() OVER (PARTITION BY avatar ORDER BY id DESC) as rn FROM users ) WHERE rn = num;	SELECT * FROM ( SELECT *, ROW_NUMBER() OVER (PARTITION BY col_name ORDER BY id DESC) as column_alias0 FROM col_name ) WHERE column_alias0 = num;	SELECT * FROM ( SELECT *, ROW_NUMBER() OVER (PARTITION BY variable ORDER BY variable DESC) AS variable FROM variable ) WHERE variable = variable;
drawSQL-mysql-export-2026-01-13_voyager	235	HARD	Which users are above average compared to others in their group?	SELECT strftime('%Y-%m', avatar) as period, COUNT(*) as count FROM users WHERE avatar >= date('now', '-2 months') GROUP BY period ORDER BY period;	SELECT strftime(string, col_name) as column_alias0, column_alias1(*) as column_alias1 FROM col_name WHERE col_name >= date(string, string) GROUP BY column_alias0 ORDER BY column_alias0;	SELECT STRFTIME(variable, variable) AS variable, variable(*) AS variable FROM variable WHERE variable >= DATE(variable, variable) GROUP BY variable ORDER BY variable;
drawSQL-mysql-export-2026-01-13_voyager	236	HARD	Do a multi-step analysis: group users, filter, then rank the results.	WITH grouped AS ( SELECT avatar, COUNT(*) as cnt FROM users GROUP BY avatar ) SELECT * FROM grouped WHERE cnt > num ORDER BY cnt DESC;	WITH grouped AS ( SELECT col_name, COUNT(*) as cnt FROM col_name GROUP BY col_name ) SELECT * FROM grouped WHERE cnt > num ORDER BY cnt DESC;	WITH variable AS ( SELECT variable, COUNT(*) AS variable FROM variable GROUP BY variable ) SELECT * FROM variable WHERE variable > variable ORDER BY variable DESC;
drawSQL-mysql-export-2026-01-13_voyager	237	HARD	Show the running total of users over time based on avatar.	SELECT *, COUNT(*) OVER (ORDER BY avatar) as running_count FROM users ORDER BY avatar;	SELECT *, COUNT(*) OVER (ORDER BY col_name) as column_alias0 FROM col_name ORDER BY col_name;	SELECT *, COUNT(*) OVER (ORDER BY variable) AS variable FROM variable ORDER BY variable;
drawSQL-mysql-export-2026-01-13_voyager	238	HARD	Find users that exist in one table but not in a related table.	SELECT * FROM users WHERE id NOT IN (SELECT DISTINCT user_id FROM user_roles WHERE user_id IS NOT NULL);	SELECT * FROM col_name WHERE id NOT IN (SELECT DISTINCT col_name FROM col_name WHERE col_name IS NOT NULL);	SELECT * FROM variable WHERE variable NOT IN (SELECT DISTINCT variable FROM variable WHERE variable IS NOT NULL);
drawSQL-mysql-export-2026-01-13_voyager	239	HARD	Combine data from users, data_types, and menus in a single report.	SELECT * FROM users LEFT JOIN data_types ON data_types.id = users.user_id LEFT JOIN menus ON menus.id = users.user_id;	SELECT * FROM col_name LEFT JOIN col_name ON col_name.id = col_name.col_name LEFT JOIN col_name ON col_name.id = col_name.col_name;	SELECT * FROM variable LEFT JOIN variable ON variable = variable LEFT JOIN variable ON variable = variable;
drawSQL-mysql-export-2026-01-13_voyager	240	HARD	Rank all users within their groups and show the top performers.	SELECT *, ROW_NUMBER() OVER (ORDER BY id DESC) as rn FROM users;	SELECT *, ROW_NUMBER() OVER (ORDER BY id DESC) as column_alias0 FROM col_name;	SELECT *, ROW_NUMBER() OVER (ORDER BY variable DESC) AS variable FROM variable;
drawSQL-mysql-export-2026-01-13_wordpress	241	EASY	How many users signed up since created_at=date?	SELECT COUNT(*) FROM wp_termmeta;	SELECT COUNT(*) FROM table_name;	SELECT COUNT(*) FROM variable;
drawSQL-mysql-export-2026-01-13_wordpress	242	EASY	How many metadata do we have in total?	SELECT COUNT(*) FROM wp_termmeta;	SELECT COUNT(*) FROM table_name;	SELECT COUNT(*) FROM variable;
drawSQL-mysql-export-2026-01-13_wordpress	243	EASY	Show me all of our metadata.	SELECT * FROM wp_termmeta;	SELECT * FROM table_name;	SELECT * FROM variable;
drawSQL-mysql-export-2026-01-13_wordpress	244	EASY	Can you look up the metadata with id=num?	SELECT * FROM wp_termmeta LIMIT num;	SELECT * FROM table_name LIMIT num;	SELECT * FROM variable LIMIT variable;
drawSQL-mysql-export-2026-01-13_wordpress	245	EASY	What are the most recent metadata ordered by meta_id?	SELECT * FROM wp_termmeta ORDER BY term_id DESC LIMIT num;	SELECT * FROM table_name ORDER BY col_name DESC LIMIT num;	SELECT * FROM variable ORDER BY variable DESC LIMIT variable;
drawSQL-mysql-export-2026-01-13_wordpress	246	EASY	How many wp terms do we have in total?	SELECT COUNT(*) FROM wp_terms;	SELECT COUNT(*) FROM table_name;	SELECT COUNT(*) FROM variable;
drawSQL-mysql-export-2026-01-13_wordpress	247	EASY	Show me all of our wp terms.	SELECT * FROM wp_terms;	SELECT * FROM table_name;	SELECT * FROM variable;
drawSQL-mysql-export-2026-01-13_wordpress	248	EASY	Can you look up the wp term with id=num?	SELECT * FROM wp_termmeta LIMIT num;	SELECT * FROM table_name LIMIT num;	SELECT * FROM variable LIMIT variable;
drawSQL-mysql-export-2026-01-13_wordpress	249	MEDIUM	Who are the most active users based on activity count?	SELECT * FROM wp_termmeta LIMIT num;	SELECT * FROM table_name LIMIT num;	SELECT * FROM variable LIMIT variable;
drawSQL-mysql-export-2026-01-13_wordpress	250	MEDIUM	Break down the metadata by meta_id — how many in each?	SELECT meta_id, COUNT(*) as count FROM wp_termmeta GROUP BY meta_id;	SELECT col_name, COUNT(*) as count FROM table_name GROUP BY col_name;	SELECT variable, COUNT(*) AS COUNT FROM variable GROUP BY variable;
drawSQL-mysql-export-2026-01-13_wordpress	251	MEDIUM	Are there any metadata that don't have a match in related tables?	SELECT * FROM wp_termmeta LIMIT num;	SELECT * FROM table_name LIMIT num;	SELECT * FROM variable LIMIT variable;
drawSQL-mysql-export-2026-01-13_wordpress	252	MEDIUM	For each group, what are the top 3 metadata?	SELECT * FROM wp_termmeta ORDER BY id DESC LIMIT num;	SELECT * FROM table_name ORDER BY id DESC LIMIT num;	SELECT * FROM variable ORDER BY variable DESC LIMIT variable;
drawSQL-mysql-export-2026-01-13_wordpress	253	MEDIUM	Which metadata have duplicate or repeated values?	WITH grouped AS ( SELECT meta_id, COUNT(*) as cnt FROM wp_termmeta GROUP BY meta_id ) SELECT * FROM grouped WHERE cnt > num ORDER BY cnt DESC;	WITH grouped AS ( SELECT col_name, COUNT(*) as cnt FROM table_name GROUP BY col_name ) SELECT * FROM grouped WHERE cnt > num ORDER BY cnt DESC;	WITH variable AS ( SELECT variable, COUNT(*) AS variable FROM variable GROUP BY variable ) SELECT * FROM variable WHERE variable > variable ORDER BY variable DESC;
drawSQL-mysql-export-2026-01-13_wordpress	254	MEDIUM	Show me each wp term along with its related details from other tables.	SELECT * FROM wp_termmeta;	SELECT * FROM table_name;	SELECT * FROM variable;
drawSQL-mysql-export-2026-01-13_wordpress	255	MEDIUM	Break down the wp terms by term_group — how many in each?	SELECT term_group, COUNT(*) as count FROM wp_terms GROUP BY term_group;	SELECT col_name, COUNT(*) as count FROM table_name GROUP BY col_name;	SELECT variable, COUNT(*) AS COUNT FROM variable GROUP BY variable;
drawSQL-mysql-export-2026-01-13_wordpress	256	MEDIUM	Are there any wp terms that don't have a match in related tables?	SELECT * FROM wp_terms WHERE id NOT IN (SELECT DISTINCT term_id FROM wp_termmeta WHERE term_id IS NOT NULL);	SELECT * FROM table_name WHERE id NOT IN (SELECT DISTINCT col_name FROM table_name WHERE col_name IS NOT NULL);	SELECT * FROM variable WHERE variable NOT IN (SELECT DISTINCT variable FROM variable WHERE variable IS NOT NULL);
drawSQL-mysql-export-2026-01-13_wordpress	257	HARD	Pull together a report on metadata joining all related tables.	SELECT * FROM wp_comments LEFT JOIN wp_users ON wp_comments.user_id = wp_users.ID;	SELECT * FROM table_name LEFT JOIN table_name ON table_name.col_name = table_name.ID;	SELECT * FROM variable LEFT JOIN variable ON variable = variable;
drawSQL-mysql-export-2026-01-13_wordpress	258	HARD	Who or what is the best in each group of metadata?	SELECT * FROM ( SELECT *, ROW_NUMBER() OVER (PARTITION BY term_id ORDER BY id DESC) as rn FROM wp_termmeta ) WHERE rn = num;	SELECT * FROM ( SELECT *, ROW_NUMBER() OVER (PARTITION BY col_name ORDER BY id DESC) as column_alias0 FROM table_name ) WHERE column_alias0 = num;	SELECT * FROM ( SELECT *, ROW_NUMBER() OVER (PARTITION BY variable ORDER BY variable DESC) AS variable FROM variable ) WHERE variable = variable;
drawSQL-mysql-export-2026-01-13_wordpress	259	HARD	Which metadata are above average compared to others in their group?	SELECT * FROM wp_termmeta LIMIT num;	SELECT * FROM table_name LIMIT num;	SELECT * FROM variable LIMIT variable;
drawSQL-mysql-export-2026-01-13_wordpress	260	HARD	Do a multi-step analysis: group metadata, filter, then rank the results.	WITH grouped AS ( SELECT term_id, COUNT(*) as cnt FROM wp_termmeta GROUP BY term_id ) SELECT * FROM grouped WHERE cnt > num ORDER BY cnt DESC;	WITH grouped AS ( SELECT col_name, COUNT(*) as cnt FROM table_name GROUP BY col_name ) SELECT * FROM grouped WHERE cnt > num ORDER BY cnt DESC;	WITH variable AS ( SELECT variable, COUNT(*) AS variable FROM variable GROUP BY variable ) SELECT * FROM variable WHERE variable > variable ORDER BY variable DESC;
drawSQL-mysql-export-2026-01-13_wordpress	261	HARD	Find metadata that exist in one table but not in a related table.	SELECT * FROM wp_termmeta LIMIT num;	SELECT * FROM table_name LIMIT num;	SELECT * FROM variable LIMIT variable;
drawSQL-mysql-export-2026-01-13_wordpress	262	HARD	Combine data from wp_termmeta, wp_terms, and wp_term_taxonomy in a single report.	SELECT * FROM wp_termmeta LEFT JOIN wp_terms ON wp_terms.term_id = wp_termmeta.term_id LEFT JOIN wp_term_taxonomy ON wp_term_taxonomy.term_taxonomy_id = wp_termmeta.term_taxonomy_id;	SELECT * FROM table_name LEFT JOIN table_name ON table_name.col_name = table_name.col_name LEFT JOIN table_name ON table_name.col_name = table_name.col_name;	SELECT * FROM variable LEFT JOIN variable ON variable = variable LEFT JOIN variable ON variable = variable;
drawSQL-mysql-export-2026-01-13_wordpress	263	HARD	Rank all metadata within their groups and show the top performers.	SELECT *, ROW_NUMBER() OVER (ORDER BY id DESC) as rn FROM wp_termmeta;	SELECT *, ROW_NUMBER() OVER (ORDER BY id DESC) as column_alias0 FROM table_name;	SELECT *, ROW_NUMBER() OVER (ORDER BY variable DESC) AS variable FROM variable;
drawSQL-mysql-export-2026-01-13_wordpress	264	HARD	Pull together a report on wp terms joining all related tables.	SELECT * FROM wp_comments LEFT JOIN wp_users ON wp_comments.user_id = wp_users.ID;	SELECT * FROM table_name LEFT JOIN table_name ON table_name.col_name = table_name.ID;	SELECT * FROM variable LEFT JOIN variable ON variable = variable;
drawSQL-mysql-export-2026-02-02 _attendize	265	EASY	How many users signed up since created_at=date?	SELECT COUNT(*) FROM users WHERE created_at >= date('now', '-1 month');	SELECT COUNT(*) FROM table_name WHERE col_name >= date(string, string);	SELECT COUNT(*) FROM variable WHERE variable >= DATE(variable, variable);
drawSQL-mysql-export-2026-02-02 _attendize	266	EASY	How many account payment gateways do we have in total?	SELECT COUNT(*) FROM account_payment_gateways;	SELECT COUNT(*) FROM table_name;	SELECT COUNT(*) FROM variable;
drawSQL-mysql-export-2026-02-02 _attendize	267	EASY	Show me all of our account payment gateways.	SELECT * FROM account_payment_gateways;	SELECT * FROM table_name;	SELECT * FROM variable;
drawSQL-mysql-export-2026-02-02 _attendize	268	EASY	Can you look up the account payment gateway with id=num?	SELECT * FROM account_payment_gateways WHERE id = num;	SELECT * FROM table_name WHERE id = num;	SELECT * FROM variable WHERE variable = variable;
drawSQL-mysql-export-2026-02-02 _attendize	269	EASY	How many account payment gateways were created since created_at=date?	SELECT COUNT(*) FROM account_payment_gateways WHERE created_at >= date('now', '-1 month');	SELECT COUNT(*) FROM table_name WHERE col_name >= date(string, string);	SELECT COUNT(*) FROM variable WHERE variable >= DATE(variable, variable);
drawSQL-mysql-export-2026-02-02 _attendize	270	EASY	What are the most recent account payment gateways ordered by account_id?	SELECT * FROM account_payment_gateways ORDER BY created_at DESC LIMIT num;	SELECT * FROM table_name ORDER BY col_name DESC LIMIT num;	SELECT * FROM variable ORDER BY variable DESC LIMIT variable;
drawSQL-mysql-export-2026-02-02 _attendize	271	EASY	How many accounts do we have in total?	SELECT COUNT(*) FROM accounts;	SELECT COUNT(*) FROM table_name;	SELECT COUNT(*) FROM variable;
drawSQL-mysql-export-2026-02-02 _attendize	272	EASY	Show me all of our accounts.	SELECT * FROM accounts;	SELECT * FROM table_name;	SELECT * FROM variable;
drawSQL-mysql-export-2026-02-02 _attendize	273	MEDIUM	Who are the most active users based on activity count?	SELECT * FROM users ORDER BY created_at DESC LIMIT 10;	SELECT * FROM table_name ORDER BY col_name DESC LIMIT num;	SELECT * FROM variable ORDER BY variable DESC LIMIT variable;
drawSQL-mysql-export-2026-02-02 _attendize	274	MEDIUM	How many account payment gateways were added since created_at=date?	SELECT COUNT(*) FROM account_payment_gateways WHERE created_at >= date('now', '-1 month');	SELECT COUNT(*) FROM table_name WHERE col_name >= date(string, string);	SELECT COUNT(*) FROM variable WHERE variable >= DATE(variable, variable);
drawSQL-mysql-export-2026-02-02 _attendize	275	MEDIUM	Break down the account payment gateways by account_id — how many in each?	SELECT account_id, COUNT(*) as count FROM account_payment_gateways GROUP BY account_id;	SELECT col_name, COUNT(*) as count FROM table_name GROUP BY col_name;	SELECT variable, COUNT(*) AS COUNT FROM variable GROUP BY variable;
drawSQL-mysql-export-2026-02-02 _attendize	276	MEDIUM	Are there any account payment gateways that don't have a match in related tables?	SELECT * FROM account_payment_gateways LIMIT num;	SELECT * FROM table_name LIMIT num;	SELECT * FROM variable LIMIT variable;
drawSQL-mysql-export-2026-02-02 _attendize	277	MEDIUM	For each group, what are the top 3 account payment gateways?	SELECT * FROM account_payment_gateways ORDER BY id DESC LIMIT num;	SELECT * FROM table_name ORDER BY id DESC LIMIT num;	SELECT * FROM variable ORDER BY variable DESC LIMIT variable;
drawSQL-mysql-export-2026-02-02 _attendize	278	MEDIUM	How did the number of account payment gateways change month over month?	SELECT strftime('%Y-%m', created_at) as period, COUNT(*) as count FROM account_payment_gateways WHERE created_at >= date('now', '-2 months') GROUP BY period ORDER BY period;	SELECT strftime(string, col_name) as column_alias0, column_alias1(*) as column_alias1 FROM table_name WHERE col_name >= date(string, string) GROUP BY column_alias0 ORDER BY column_alias0;	SELECT STRFTIME(variable, variable) AS variable, variable(*) AS variable FROM variable WHERE variable >= DATE(variable, variable) GROUP BY variable ORDER BY variable;
drawSQL-mysql-export-2026-02-02 _attendize	279	MEDIUM	Which account payment gateways have duplicate or repeated values?	WITH grouped AS ( SELECT account_id, COUNT(*) as cnt FROM account_payment_gateways GROUP BY account_id ) SELECT * FROM grouped WHERE cnt > num ORDER BY cnt DESC;	WITH grouped AS ( SELECT col_name, COUNT(*) as cnt FROM table_name GROUP BY col_name ) SELECT * FROM grouped WHERE cnt > num ORDER BY cnt DESC;	WITH variable AS ( SELECT variable, COUNT(*) AS variable FROM variable GROUP BY variable ) SELECT * FROM variable WHERE variable > variable ORDER BY variable DESC;
drawSQL-mysql-export-2026-02-02 _attendize	280	MEDIUM	Show me each account along with its related details from other tables.	SELECT * FROM account_payment_gateways;	SELECT * FROM table_name;	SELECT * FROM variable;
drawSQL-mysql-export-2026-02-02 _attendize	281	HARD	Pull together a report on account payment gateways joining all related tables.	SELECT * FROM account_payment_gateways LEFT JOIN accounts ON account_payment_gateways.account_id = accounts.id;	SELECT * FROM table_name LEFT JOIN table_name ON table_name.col_name = table_name.id;	SELECT * FROM variable LEFT JOIN variable ON variable = variable;
drawSQL-mysql-export-2026-02-02 _attendize	282	HARD	Who or what is the best in each group of account payment gateways?	SELECT * FROM ( SELECT *, ROW_NUMBER() OVER (PARTITION BY account_id ORDER BY id DESC) as rn FROM account_payment_gateways ) WHERE rn = num;	SELECT * FROM ( SELECT *, ROW_NUMBER() OVER (PARTITION BY col_name ORDER BY id DESC) as column_alias0 FROM table_name ) WHERE column_alias0 = num;	SELECT * FROM ( SELECT *, ROW_NUMBER() OVER (PARTITION BY variable ORDER BY variable DESC) AS variable FROM variable ) WHERE variable = variable;
drawSQL-mysql-export-2026-02-02 _attendize	283	HARD	Which account payment gateways are above average compared to others in their group?	SELECT strftime('%Y-%m', created_at) as period, COUNT(*) as count FROM account_payment_gateways WHERE created_at >= date('now', '-2 months') GROUP BY period ORDER BY period;	SELECT strftime(string, col_name) as column_alias0, column_alias1(*) as column_alias1 FROM table_name WHERE col_name >= date(string, string) GROUP BY column_alias0 ORDER BY column_alias0;	SELECT STRFTIME(variable, variable) AS variable, variable(*) AS variable FROM variable WHERE variable >= DATE(variable, variable) GROUP BY variable ORDER BY variable;
drawSQL-mysql-export-2026-02-02 _attendize	284	HARD	Do a multi-step analysis: group account payment gateways, filter, then rank the results.	WITH grouped AS ( SELECT account_id, COUNT(*) as cnt FROM account_payment_gateways GROUP BY account_id ) SELECT * FROM grouped WHERE cnt > num ORDER BY cnt DESC;	WITH grouped AS ( SELECT col_name, COUNT(*) as cnt FROM table_name GROUP BY col_name ) SELECT * FROM grouped WHERE cnt > num ORDER BY cnt DESC;	WITH variable AS ( SELECT variable, COUNT(*) AS variable FROM variable GROUP BY variable ) SELECT * FROM variable WHERE variable > variable ORDER BY variable DESC;
drawSQL-mysql-export-2026-02-02 _attendize	285	HARD	Show the running total of account payment gateways over time based on created_at.	SELECT *, COUNT(*) OVER (ORDER BY created_at) as running_count FROM account_payment_gateways ORDER BY created_at;	SELECT *, COUNT(*) OVER (ORDER BY col_name) as column_alias0 FROM table_name ORDER BY col_name;	SELECT *, COUNT(*) OVER (ORDER BY variable) AS variable FROM variable ORDER BY variable;
drawSQL-mysql-export-2026-02-02 _attendize	286	HARD	Find account payment gateways that exist in one table but not in a related table.	SELECT * FROM account_payment_gateways LIMIT num;	SELECT * FROM table_name LIMIT num;	SELECT * FROM variable LIMIT variable;
drawSQL-mysql-export-2026-02-02 _attendize	287	HARD	Combine data from account_payment_gateways, accounts, and affiliates in a single report.	SELECT * FROM account_payment_gateways LEFT JOIN accounts ON accounts.id = account_payment_gateways.account_id LEFT JOIN affiliates ON affiliates.id = account_payment_gateways.id LEFT JOIN payment_gateways ON payment_gateways.id = account_payment_gateways.payment_gateway_id;	SELECT * FROM table_name LEFT JOIN table_name ON table_name.id = table_name.col_name LEFT JOIN table_name ON table_name.id = table_name.id LEFT JOIN table_name ON table_name.id = table_name.col_name;	SELECT * FROM variable LEFT JOIN variable ON variable = variable LEFT JOIN variable ON variable = variable LEFT JOIN variable ON variable = variable;
drawSQL-mysql-export-2026-02-02 _attendize	288	HARD	Rank all account payment gateways within their groups and show the top performers.	SELECT *, ROW_NUMBER() OVER (ORDER BY id DESC) as rn FROM account_payment_gateways;	SELECT *, ROW_NUMBER() OVER (ORDER BY id DESC) as column_alias0 FROM table_name;	SELECT *, ROW_NUMBER() OVER (ORDER BY variable DESC) AS variable FROM variable;
drawSQL-mysql-export-2026-02-02_activity_log	289	EASY	How many users signed up since created_at=date?	SELECT COUNT(*) FROM activity_log WHERE created_at >= date('now', '-1 month');	SELECT COUNT(*) FROM table_name WHERE col_name >= date(string, string);	SELECT COUNT(*) FROM variable WHERE variable >= DATE(variable, variable);
drawSQL-mysql-export-2026-02-02_activity_log	290	EASY	How many activity log do we have in total?	SELECT COUNT(*) FROM activity_log;	SELECT COUNT(*) FROM table_name;	SELECT COUNT(*) FROM variable;
drawSQL-mysql-export-2026-02-02_activity_log	291	EASY	Show me all of our activity log.	SELECT * FROM activity_log;	SELECT * FROM table_name;	SELECT * FROM variable;
drawSQL-mysql-export-2026-02-02_activity_log	292	EASY	Can you look up the activity log with id=num?	SELECT * FROM activity_log WHERE id = num;	SELECT * FROM table_name WHERE id = num;	SELECT * FROM variable WHERE variable = variable;
drawSQL-mysql-export-2026-02-02_activity_log	293	EASY	Find the activity log where log_name=string.	SELECT * FROM activity_log WHERE log_name = string;	SELECT * FROM table_name WHERE col_name = string;	SELECT * FROM variable WHERE variable = variable;
drawSQL-mysql-export-2026-02-02_activity_log	294	EASY	How many activity log were created since created_at=date?	SELECT COUNT(*) FROM activity_log WHERE created_at >= date('now', '-1 month');	SELECT COUNT(*) FROM table_name WHERE col_name >= date(string, string);	SELECT COUNT(*) FROM variable WHERE variable >= DATE(variable, variable);
drawSQL-mysql-export-2026-02-02_activity_log	295	EASY	What are the most recent activity log ordered by log_name?	SELECT * FROM activity_log ORDER BY created_at DESC LIMIT num;	SELECT * FROM table_name ORDER BY col_name DESC LIMIT num;	SELECT * FROM variable ORDER BY variable DESC LIMIT variable;
drawSQL-mysql-export-2026-02-02_activity_log	296	EASY	Show me the first few activity log from the activity_log table.	SELECT * FROM activity_log LIMIT num;	SELECT * FROM table_name LIMIT num;	SELECT * FROM variable LIMIT variable;
drawSQL-mysql-export-2026-02-02_activity_log	297	MEDIUM	Who are the most active users based on activity count?	SELECT * FROM activity_log LIMIT num;	SELECT * FROM table_name LIMIT num;	SELECT * FROM variable LIMIT variable;
drawSQL-mysql-export-2026-02-02_activity_log	298	MEDIUM	How many activity log were added since created_at=date?	SELECT COUNT(*) FROM activity_log WHERE created_at >= date('now', '-1 month');	SELECT COUNT(*) FROM table_name WHERE col_name >= date(string, string);	SELECT COUNT(*) FROM variable WHERE variable >= DATE(variable, variable);
drawSQL-mysql-export-2026-02-02_activity_log	299	MEDIUM	Break down the activity log by subject_type — how many in each?	SELECT subject_type, COUNT(*) as count FROM activity_log GROUP BY subject_type;	SELECT col_name, COUNT(*) as count FROM table_name GROUP BY col_name;	SELECT variable, COUNT(*) AS COUNT FROM variable GROUP BY variable;
drawSQL-mysql-export-2026-02-02_activity_log	300	MEDIUM	Are there any activity log that don't have a match in related tables?	SELECT * FROM activity_log LIMIT num;	SELECT * FROM table_name LIMIT num;	SELECT * FROM variable LIMIT variable;
drawSQL-mysql-export-2026-02-02_activity_log	301	MEDIUM	For each group, what are the top 3 activity log?	SELECT * FROM ( SELECT *, ROW_NUMBER() OVER (PARTITION BY subject_type ORDER BY id DESC) as rn FROM activity_log ) WHERE rn <= num;	SELECT * FROM ( SELECT *, ROW_NUMBER() OVER (PARTITION BY col_name ORDER BY id DESC) as column_alias0 FROM table_name ) WHERE column_alias0 <= num;	SELECT * FROM ( SELECT *, ROW_NUMBER() OVER (PARTITION BY variable ORDER BY variable DESC) AS variable FROM variable ) WHERE variable <= variable;
drawSQL-mysql-export-2026-02-02_activity_log	302	MEDIUM	How did the number of activity log change month over month?	SELECT strftime('%Y-%m', created_at) as period, COUNT(*) as count FROM activity_log WHERE created_at >= date('now', '-2 months') GROUP BY period ORDER BY period;	SELECT strftime(string, col_name) as column_alias0, column_alias1(*) as column_alias1 FROM table_name WHERE col_name >= date(string, string) GROUP BY column_alias0 ORDER BY column_alias0;	SELECT STRFTIME(variable, variable) AS variable, variable(*) AS variable FROM variable WHERE variable >= DATE(variable, variable) GROUP BY variable ORDER BY variable;
drawSQL-mysql-export-2026-02-02_activity_log	303	MEDIUM	Which activity log have duplicate or repeated values?	WITH grouped AS ( SELECT subject_type, COUNT(*) as cnt FROM activity_log GROUP BY subject_type ) SELECT * FROM grouped WHERE cnt > num ORDER BY cnt DESC;	WITH grouped AS ( SELECT col_name, COUNT(*) as cnt FROM table_name GROUP BY col_name ) SELECT * FROM grouped WHERE cnt > num ORDER BY cnt DESC;	WITH variable AS ( SELECT variable, COUNT(*) AS variable FROM variable GROUP BY variable ) SELECT * FROM variable WHERE variable > variable ORDER BY variable DESC;
drawSQL-mysql-export-2026-02-02_activity_log	304	MEDIUM	Are there any records that exist in one table but not in a related one?	SELECT * FROM activity_log LIMIT num;	SELECT * FROM table_name LIMIT num;	SELECT * FROM variable LIMIT variable;
drawSQL-mysql-export-2026-02-02_activity_log	305	HARD	Pull together a report on activity log joining all related tables.	SELECT * FROM activity_log;	SELECT * FROM table_name;	SELECT * FROM variable;
drawSQL-mysql-export-2026-02-02_activity_log	306	HARD	Who or what is the best in each group of activity log?	SELECT * FROM ( SELECT *, ROW_NUMBER() OVER (PARTITION BY subject_type ORDER BY id DESC) as rn FROM activity_log ) WHERE rn = num;	SELECT * FROM ( SELECT *, ROW_NUMBER() OVER (PARTITION BY col_name ORDER BY id DESC) as column_alias0 FROM table_name ) WHERE column_alias0 = num;	SELECT * FROM ( SELECT *, ROW_NUMBER() OVER (PARTITION BY variable ORDER BY variable DESC) AS variable FROM variable ) WHERE variable = variable;
drawSQL-mysql-export-2026-02-02_activity_log	307	HARD	Which activity log are above average compared to others in their group?	SELECT strftime('%Y-%m', created_at) as period, COUNT(*) as count FROM activity_log WHERE created_at >= date('now', '-2 months') GROUP BY period ORDER BY period;	SELECT strftime(string, col_name) as column_alias0, column_alias1(*) as column_alias1 FROM table_name WHERE col_name >= date(string, string) GROUP BY column_alias0 ORDER BY column_alias0;	SELECT STRFTIME(variable, variable) AS variable, variable(*) AS variable FROM variable WHERE variable >= DATE(variable, variable) GROUP BY variable ORDER BY variable;
drawSQL-mysql-export-2026-02-02_activity_log	308	HARD	Do a multi-step analysis: group activity log, filter, then rank the results.	WITH grouped AS ( SELECT subject_type, COUNT(*) as cnt FROM activity_log GROUP BY subject_type ) SELECT * FROM grouped WHERE cnt > num ORDER BY cnt DESC;	WITH grouped AS ( SELECT col_name, COUNT(*) as cnt FROM table_name GROUP BY col_name ) SELECT * FROM grouped WHERE cnt > num ORDER BY cnt DESC;	WITH variable AS ( SELECT variable, COUNT(*) AS variable FROM variable GROUP BY variable ) SELECT * FROM variable WHERE variable > variable ORDER BY variable DESC;
drawSQL-mysql-export-2026-02-02_activity_log	309	HARD	Show the running total of activity log over time based on created_at.	SELECT *, COUNT(*) OVER (ORDER BY created_at) as running_count FROM activity_log ORDER BY created_at;	SELECT *, COUNT(*) OVER (ORDER BY col_name) as column_alias0 FROM table_name ORDER BY col_name;	SELECT *, COUNT(*) OVER (ORDER BY variable) AS variable FROM variable ORDER BY variable;
drawSQL-mysql-export-2026-02-02_activity_log	310	HARD	Find activity log that exist in one table but not in a related table.	SELECT * FROM activity_log LIMIT num;	SELECT * FROM table_name LIMIT num;	SELECT * FROM variable LIMIT variable;
drawSQL-mysql-export-2026-02-02_activity_log	311	HARD	Rank all activity log within their groups and show the top performers.	SELECT * FROM ( SELECT *, ROW_NUMBER() OVER (PARTITION BY subject_type ORDER BY id DESC) as rn FROM activity_log ) WHERE rn <= num;	SELECT * FROM ( SELECT *, ROW_NUMBER() OVER (PARTITION BY col_name ORDER BY id DESC) as column_alias0 FROM table_name ) WHERE column_alias0 <= num;	SELECT * FROM ( SELECT *, ROW_NUMBER() OVER (PARTITION BY variable ORDER BY variable DESC) AS variable FROM variable ) WHERE variable <= variable;
drawSQL-mysql-export-2026-02-02_activity_log	312	HARD	Build a comprehensive report pulling data from multiple tables.	SELECT * FROM activity_log;	SELECT * FROM table_name;	SELECT * FROM variable;
drawSQL-mysql-export-2026-02-02_akaunting	313	EASY	How many users signed up since created_at=date?	SELECT COUNT(*) FROM users WHERE created_at >= date('now', '-1 month');	SELECT COUNT(*) FROM table_name WHERE col_name >= date(string, string);	SELECT COUNT(*) FROM variable WHERE variable >= DATE(variable, variable);
drawSQL-mysql-export-2026-02-02_akaunting	314	EASY	How many accounts do we have in total?	SELECT COUNT(*) FROM accounts;	SELECT COUNT(*) FROM table_name;	SELECT COUNT(*) FROM variable;
drawSQL-mysql-export-2026-02-02_akaunting	315	EASY	Show me all of our accounts.	SELECT * FROM accounts;	SELECT * FROM table_name;	SELECT * FROM variable;
drawSQL-mysql-export-2026-02-02_akaunting	316	EASY	Can you look up the account with id=num?	SELECT * FROM accounts WHERE id = num;	SELECT * FROM table_name WHERE id = num;	SELECT * FROM variable WHERE variable = variable;
drawSQL-mysql-export-2026-02-02_akaunting	317	EASY	Find the account where name=string.	SELECT * FROM accounts WHERE name = string;	SELECT * FROM table_name WHERE col_name = string;	SELECT * FROM variable WHERE variable = variable;
drawSQL-mysql-export-2026-02-02_akaunting	318	EASY	Which accounts have enabled=num?	SELECT * FROM accounts WHERE enabled = num;	SELECT * FROM table_name WHERE col_name = num;	SELECT * FROM variable WHERE variable = variable;
drawSQL-mysql-export-2026-02-02_akaunting	319	EASY	How many accounts were created since created_at=date?	SELECT COUNT(*) FROM accounts WHERE created_at >= date('now', '-1 month');	SELECT COUNT(*) FROM table_name WHERE col_name >= date(string, string);	SELECT COUNT(*) FROM variable WHERE variable >= DATE(variable, variable);
drawSQL-mysql-export-2026-02-02_akaunting	320	EASY	What are the most recent accounts ordered by company_id?	SELECT * FROM accounts ORDER BY created_at DESC LIMIT num;	SELECT * FROM table_name ORDER BY col_name DESC LIMIT num;	SELECT * FROM variable ORDER BY variable DESC LIMIT variable;
drawSQL-mysql-export-2026-02-02_akaunting	321	MEDIUM	Who are the most active users based on activity count?	SELECT * FROM users ORDER BY created_at DESC LIMIT 10;	SELECT * FROM table_name ORDER BY col_name DESC LIMIT num;	SELECT * FROM variable ORDER BY variable DESC LIMIT variable;
drawSQL-mysql-export-2026-02-02_akaunting	322	MEDIUM	Show me each account along with its related details from other tables.	SELECT t.*, c.* FROM accounts t LEFT JOIN reconciliations c ON c.account_id = t.id;	SELECT table_alias0.*, table_alias1.* FROM table_name table_alias0 LEFT JOIN table_name table_alias1 ON table_alias1.col_name = table_alias0.id;	SELECT variable.*, variable.* FROM variable variable LEFT JOIN variable variable ON variable = variable;
drawSQL-mysql-export-2026-02-02_akaunting	323	MEDIUM	How many accounts were added since created_at=date?	SELECT COUNT(*) FROM accounts WHERE created_at >= date('now', '-1 month');	SELECT COUNT(*) FROM table_name WHERE col_name >= date(string, string);	SELECT COUNT(*) FROM variable WHERE variable >= DATE(variable, variable);
drawSQL-mysql-export-2026-02-02_akaunting	324	MEDIUM	Break down the accounts by company_id — how many in each?	SELECT company_id, COUNT(*) as count FROM accounts GROUP BY company_id;	SELECT col_name, COUNT(*) as count FROM table_name GROUP BY col_name;	SELECT variable, COUNT(*) AS COUNT FROM variable GROUP BY variable;
drawSQL-mysql-export-2026-02-02_akaunting	325	MEDIUM	Are there any accounts that don't have a match in related tables?	SELECT * FROM accounts WHERE id NOT IN (SELECT DISTINCT account_id FROM reconciliations WHERE account_id IS NOT NULL);	SELECT * FROM table_name WHERE id NOT IN (SELECT DISTINCT col_name FROM table_name WHERE col_name IS NOT NULL);	SELECT * FROM variable WHERE variable NOT IN (SELECT DISTINCT variable FROM variable WHERE variable IS NOT NULL);
drawSQL-mysql-export-2026-02-02_akaunting	326	MEDIUM	For each group, what are the top 3 accounts?	SELECT * FROM ( SELECT *, ROW_NUMBER() OVER (PARTITION BY type ORDER BY id DESC) as rn FROM categories ) WHERE rn <= num;	SELECT * FROM ( SELECT *, ROW_NUMBER() OVER (PARTITION BY col_name ORDER BY id DESC) as column_alias0 FROM table_name ) WHERE column_alias0 <= num;	SELECT * FROM ( SELECT *, ROW_NUMBER() OVER (PARTITION BY variable ORDER BY variable DESC) AS variable FROM variable ) WHERE variable <= variable;
drawSQL-mysql-export-2026-02-02_akaunting	327	MEDIUM	How did the number of accounts change month over month?	SELECT strftime('%Y-%m', created_at) as period, COUNT(*) as count FROM accounts WHERE created_at >= date('now', '-2 months') GROUP BY period ORDER BY period;	SELECT strftime(string, col_name) as column_alias0, column_alias1(*) as column_alias1 FROM table_name WHERE col_name >= date(string, string) GROUP BY column_alias0 ORDER BY column_alias0;	SELECT STRFTIME(variable, variable) AS variable, variable(*) AS variable FROM variable WHERE variable >= DATE(variable, variable) GROUP BY variable ORDER BY variable;
drawSQL-mysql-export-2026-02-02_akaunting	328	MEDIUM	Which accounts have duplicate or repeated values?	SELECT * FROM accounts WHERE enabled = num;	SELECT * FROM table_name WHERE col_name = num;	SELECT * FROM variable WHERE variable = variable;
drawSQL-mysql-export-2026-02-02_akaunting	329	HARD	Pull together a report on accounts joining all related tables.	SELECT * FROM accounts LEFT JOIN companies ON accounts.company_id = companies.id;	SELECT * FROM table_name LEFT JOIN table_name ON table_name.col_name = table_name.id;	SELECT * FROM variable LEFT JOIN variable ON variable = variable;
drawSQL-mysql-export-2026-02-02_akaunting	330	HARD	Who or what is the best in each group of accounts?	SELECT * FROM ( SELECT *, ROW_NUMBER() OVER (PARTITION BY company_id ORDER BY id DESC) as rn FROM accounts ) WHERE rn = num;	SELECT * FROM ( SELECT *, ROW_NUMBER() OVER (PARTITION BY col_name ORDER BY id DESC) as column_alias0 FROM table_name ) WHERE column_alias0 = num;	SELECT * FROM ( SELECT *, ROW_NUMBER() OVER (PARTITION BY variable ORDER BY variable DESC) AS variable FROM variable ) WHERE variable = variable;
drawSQL-mysql-export-2026-02-02_akaunting	331	HARD	Which accounts are above average compared to others in their group?	SELECT strftime('%Y-%m', created_at) as period, COUNT(*) as count FROM accounts WHERE created_at >= date('now', '-2 months') GROUP BY period ORDER BY period;	SELECT strftime(string, col_name) as column_alias0, column_alias1(*) as column_alias1 FROM table_name WHERE col_name >= date(string, string) GROUP BY column_alias0 ORDER BY column_alias0;	SELECT STRFTIME(variable, variable) AS variable, variable(*) AS variable FROM variable WHERE variable >= DATE(variable, variable) GROUP BY variable ORDER BY variable;
drawSQL-mysql-export-2026-02-02_akaunting	332	HARD	Do a multi-step analysis: group accounts, filter, then rank the results.	WITH grouped AS ( SELECT company_id, COUNT(*) as cnt FROM accounts GROUP BY company_id ) SELECT * FROM grouped WHERE cnt > num ORDER BY cnt DESC;	WITH grouped AS ( SELECT col_name, COUNT(*) as cnt FROM table_name GROUP BY col_name ) SELECT * FROM grouped WHERE cnt > num ORDER BY cnt DESC;	WITH variable AS ( SELECT variable, COUNT(*) AS variable FROM variable GROUP BY variable ) SELECT * FROM variable WHERE variable > variable ORDER BY variable DESC;
drawSQL-mysql-export-2026-02-02_akaunting	333	HARD	Show the running total of accounts over time based on created_at.	SELECT *, COUNT(*) OVER (ORDER BY created_at) as running_count FROM accounts ORDER BY created_at;	SELECT *, COUNT(*) OVER (ORDER BY col_name) as column_alias0 FROM table_name ORDER BY col_name;	SELECT *, COUNT(*) OVER (ORDER BY variable) AS variable FROM variable ORDER BY variable;
drawSQL-mysql-export-2026-02-02_akaunting	334	HARD	Find accounts that exist in one table but not in a related table.	SELECT * FROM accounts WHERE id NOT IN (SELECT DISTINCT account_id FROM reconciliations WHERE account_id IS NOT NULL);	SELECT * FROM table_name WHERE id NOT IN (SELECT DISTINCT col_name FROM table_name WHERE col_name IS NOT NULL);	SELECT * FROM variable WHERE variable NOT IN (SELECT DISTINCT variable FROM variable WHERE variable IS NOT NULL);
drawSQL-mysql-export-2026-02-02_akaunting	335	HARD	Combine data from accounts, bill_histories, and bill_item_taxes in a single report.	SELECT * FROM accounts LEFT JOIN bill_histories ON bill_histories.id = accounts.account_id LEFT JOIN bill_item_taxes ON bill_item_taxes.id = accounts.account_id LEFT JOIN taxes ON taxes.id = accounts.tax_id;	SELECT * FROM table_name LEFT JOIN table_name ON table_name.id = table_name.col_name LEFT JOIN table_name ON table_name.id = table_name.col_name LEFT JOIN table_name ON table_name.id = table_name.col_name;	SELECT * FROM variable LEFT JOIN variable ON variable = variable LEFT JOIN variable ON variable = variable LEFT JOIN variable ON variable = variable;
drawSQL-mysql-export-2026-02-02_akaunting	336	HARD	Rank all accounts within their groups and show the top performers.	SELECT *, ROW_NUMBER() OVER (ORDER BY id DESC) as rn FROM accounts;	SELECT *, ROW_NUMBER() OVER (ORDER BY id DESC) as column_alias0 FROM table_name;	SELECT *, ROW_NUMBER() OVER (ORDER BY variable DESC) AS variable FROM variable;
drawSQL-mysql-export-2026-02-02_authority	337	EASY	How many users signed up since created_at=date?	SELECT COUNT(*) FROM auth_user WHERE date_joined >= date('now', '-1 month');	SELECT COUNT(*) FROM table_name WHERE col_name >= date(string, string);	SELECT COUNT(*) FROM variable WHERE variable >= DATE(variable, variable);
drawSQL-mysql-export-2026-02-02_authority	338	EASY	How many authority permission do we have in total?	SELECT COUNT(*) FROM authority_permission;	SELECT COUNT(*) FROM table_name;	SELECT COUNT(*) FROM variable;
drawSQL-mysql-export-2026-02-02_authority	339	EASY	Show me all of our authority permission.	SELECT * FROM authority_permission;	SELECT * FROM table_name;	SELECT * FROM variable;
drawSQL-mysql-export-2026-02-02_authority	340	EASY	Can you look up the authority permission with id=num?	SELECT * FROM authority_permission WHERE id = num;	SELECT * FROM table_name WHERE id = num;	SELECT * FROM variable WHERE variable = variable;
drawSQL-mysql-export-2026-02-02_authority	341	EASY	Find the authority permission where codename=string.	SELECT * FROM authority_permission WHERE codename = string;	SELECT * FROM table_name WHERE col_name = string;	SELECT * FROM variable WHERE variable = variable;
drawSQL-mysql-export-2026-02-02_authority	342	EASY	How many authority permission were created since date_requested=date?	SELECT COUNT(*) FROM authority_permission WHERE date_requested >= date('now', '-1 month');	SELECT COUNT(*) FROM table_name WHERE col_name >= date(string, string);	SELECT COUNT(*) FROM variable WHERE variable >= DATE(variable, variable);
drawSQL-mysql-export-2026-02-02_authority	343	EASY	What are the most recent authority permission ordered by codename?	SELECT * FROM authority_permission ORDER BY date_requested DESC LIMIT num;	SELECT * FROM table_name ORDER BY col_name DESC LIMIT num;	SELECT * FROM variable ORDER BY variable DESC LIMIT variable;
drawSQL-mysql-export-2026-02-02_authority	344	EASY	How many users do we have in total?	SELECT COUNT(*) FROM auth_user;	SELECT COUNT(*) FROM table_name;	SELECT COUNT(*) FROM variable;
drawSQL-mysql-export-2026-02-02_authority	345	MEDIUM	Who are the most active users based on activity count?	SELECT * FROM auth_user ORDER BY created_at DESC LIMIT 10;	SELECT * FROM table_name ORDER BY created_at DESC LIMIT num;	SELECT * FROM variable ORDER BY variable DESC LIMIT variable;
drawSQL-mysql-export-2026-02-02_authority	346	MEDIUM	How many authority permission were added since date_requested=date?	SELECT COUNT(*) FROM authority_permission WHERE date_requested >= date('now', '-1 month');	SELECT COUNT(*) FROM table_name WHERE col_name >= date(string, string);	SELECT COUNT(*) FROM variable WHERE variable >= DATE(variable, variable);
drawSQL-mysql-export-2026-02-02_authority	347	MEDIUM	Break down the authority permission by content_type_id — how many in each?	SELECT content_type_id, COUNT(*) as count FROM authority_permission GROUP BY content_type_id;	SELECT col_name, COUNT(*) as count FROM table_name GROUP BY col_name;	SELECT variable, COUNT(*) AS COUNT FROM variable GROUP BY variable;
drawSQL-mysql-export-2026-02-02_authority	348	MEDIUM	Are there any authority permission that don't have a match in related tables?	SELECT * FROM authority_permission LIMIT num;	SELECT * FROM table_name LIMIT num;	SELECT * FROM variable LIMIT variable;
drawSQL-mysql-export-2026-02-02_authority	349	MEDIUM	For each group, what are the top 3 authority permission?	SELECT * FROM ( SELECT *, ROW_NUMBER() OVER (PARTITION BY content_type_id ORDER BY id DESC) as rn FROM authority_permission ) WHERE rn <= num;	SELECT * FROM ( SELECT *, ROW_NUMBER() OVER (PARTITION BY col_name ORDER BY id DESC) as column_alias0 FROM table_name ) WHERE column_alias0 <= num;	SELECT * FROM ( SELECT *, ROW_NUMBER() OVER (PARTITION BY variable ORDER BY variable DESC) AS variable FROM variable ) WHERE variable <= variable;
drawSQL-mysql-export-2026-02-02_authority	350	MEDIUM	How did the number of authority permission change month over month?	SELECT strftime('%Y-%m', date_requested) as period, COUNT(*) as count FROM authority_permission WHERE date_requested >= date('now', '-2 months') GROUP BY period ORDER BY period;	SELECT strftime(string, col_name) as column_alias0, column_alias1(*) as column_alias1 FROM table_name WHERE col_name >= date(string, string) GROUP BY column_alias0 ORDER BY column_alias0;	SELECT STRFTIME(variable, variable) AS variable, variable(*) AS variable FROM variable WHERE variable >= DATE(variable, variable) GROUP BY variable ORDER BY variable;
drawSQL-mysql-export-2026-02-02_authority	351	MEDIUM	Which authority permission have duplicate or repeated values?	WITH grouped AS ( SELECT content_type_id, COUNT(*) as cnt FROM authority_permission GROUP BY content_type_id ) SELECT * FROM grouped WHERE cnt > num ORDER BY cnt DESC;	WITH grouped AS ( SELECT col_name, COUNT(*) as cnt FROM table_name GROUP BY col_name ) SELECT * FROM grouped WHERE cnt > num ORDER BY cnt DESC;	WITH variable AS ( SELECT variable, COUNT(*) AS variable FROM variable GROUP BY variable ) SELECT * FROM variable WHERE variable > variable ORDER BY variable DESC;
drawSQL-mysql-export-2026-02-02_authority	352	MEDIUM	Show me each user along with its related details from other tables.	SELECT * FROM authority_permission;	SELECT * FROM table_name;	SELECT * FROM variable;
drawSQL-mysql-export-2026-02-02_authority	353	HARD	Pull together a report on authority permission joining all related tables.	SELECT * FROM authority_permission LEFT JOIN django_content_type ON authority_permission.content_type_id = django_content_type.id LEFT JOIN auth_group ON authority_permission.group_id = auth_group.id LEFT JOIN auth_user ON authority_permission.user_id = auth_user.id;	SELECT * FROM table_name LEFT JOIN table_name ON table_name.col_name = table_name.id LEFT JOIN table_name ON table_name.col_name = table_name.id LEFT JOIN table_name ON table_name.col_name = table_name.id;	SELECT * FROM variable LEFT JOIN variable ON variable = variable LEFT JOIN variable ON variable = variable LEFT JOIN variable ON variable = variable;
drawSQL-mysql-export-2026-02-02_authority	354	HARD	Who or what is the best in each group of authority permission?	SELECT * FROM ( SELECT *, ROW_NUMBER() OVER (PARTITION BY content_type_id ORDER BY id DESC) as rn FROM authority_permission ) WHERE rn = num;	SELECT * FROM ( SELECT *, ROW_NUMBER() OVER (PARTITION BY col_name ORDER BY id DESC) as column_alias0 FROM table_name ) WHERE column_alias0 = num;	SELECT * FROM ( SELECT *, ROW_NUMBER() OVER (PARTITION BY variable ORDER BY variable DESC) AS variable FROM variable ) WHERE variable = variable;
drawSQL-mysql-export-2026-02-02_authority	355	HARD	Which authority permission are above average compared to others in their group?	SELECT strftime('%Y-%m', date_requested) as period, COUNT(*) as count FROM authority_permission WHERE date_requested >= date('now', '-2 months') GROUP BY period ORDER BY period;	SELECT strftime(string, col_name) as column_alias0, column_alias1(*) as column_alias1 FROM table_name WHERE col_name >= date(string, string) GROUP BY column_alias0 ORDER BY column_alias0;	SELECT STRFTIME(variable, variable) AS variable, variable(*) AS variable FROM variable WHERE variable >= DATE(variable, variable) GROUP BY variable ORDER BY variable;
drawSQL-mysql-export-2026-02-02_authority	356	HARD	Do a multi-step analysis: group authority permission, filter, then rank the results.	WITH grouped AS ( SELECT content_type_id, COUNT(*) as cnt FROM authority_permission GROUP BY content_type_id ) SELECT * FROM grouped WHERE cnt > num ORDER BY cnt DESC;	WITH grouped AS ( SELECT col_name, COUNT(*) as cnt FROM table_name GROUP BY col_name ) SELECT * FROM grouped WHERE cnt > num ORDER BY cnt DESC;	WITH variable AS ( SELECT variable, COUNT(*) AS variable FROM variable GROUP BY variable ) SELECT * FROM variable WHERE variable > variable ORDER BY variable DESC;
drawSQL-mysql-export-2026-02-02_authority	357	HARD	Show the running total of authority permission over time based on date_requested.	SELECT *, COUNT(*) OVER (ORDER BY date_requested) as running_count FROM authority_permission ORDER BY date_requested;	SELECT *, COUNT(*) OVER (ORDER BY col_name) as column_alias0 FROM table_name ORDER BY col_name;	SELECT *, COUNT(*) OVER (ORDER BY variable) AS variable FROM variable ORDER BY variable;
drawSQL-mysql-export-2026-02-02_authority	358	HARD	Find authority permission that exist in one table but not in a related table.	SELECT * FROM authority_permission LIMIT num;	SELECT * FROM table_name LIMIT num;	SELECT * FROM variable LIMIT variable;
drawSQL-mysql-export-2026-02-02_authority	359	HARD	Combine data from authority_permission, auth_user, and auth_group in a single report.	SELECT * FROM authority_permission LEFT JOIN auth_user ON auth_user.id = authority_permission.user_id LEFT JOIN auth_group ON auth_group.id = authority_permission.group_id;	SELECT * FROM table_name LEFT JOIN table_name ON table_name.id = table_name.col_name LEFT JOIN table_name ON table_name.id = table_name.col_name;	SELECT * FROM variable LEFT JOIN variable ON variable = variable LEFT JOIN variable ON variable = variable;
drawSQL-mysql-export-2026-02-02_authority	360	HARD	Rank all authority permission within their groups and show the top performers.	SELECT * FROM ( SELECT *, ROW_NUMBER() OVER (PARTITION BY content_type_id ORDER BY id DESC) as rn FROM authority_permission ) WHERE rn <= num;	SELECT * FROM ( SELECT *, ROW_NUMBER() OVER (PARTITION BY col_name ORDER BY id DESC) as column_alias0 FROM table_name ) WHERE column_alias0 <= num;	SELECT * FROM ( SELECT *, ROW_NUMBER() OVER (PARTITION BY variable ORDER BY variable DESC) AS variable FROM variable ) WHERE variable <= variable;
drawSQL-mysql-export-2026-02-02_bookstack	361	EASY	How many users signed up since created_at=date?	SELECT COUNT(*) FROM users WHERE created_at >= date('now', '-1 month');	SELECT COUNT(*) FROM table_name WHERE col_name >= date(string, string);	SELECT COUNT(*) FROM variable WHERE variable >= DATE(variable, variable);
drawSQL-mysql-export-2026-02-02_bookstack	362	EASY	How many activities do we have in total?	SELECT COUNT(*) FROM activities;	SELECT COUNT(*) FROM table_name;	SELECT COUNT(*) FROM variable;
drawSQL-mysql-export-2026-02-02_bookstack	363	EASY	Show me all of our activities.	SELECT * FROM activities;	SELECT * FROM table_name;	SELECT * FROM variable;
drawSQL-mysql-export-2026-02-02_bookstack	364	EASY	Can you look up the activity with id=num?	SELECT * FROM activities WHERE id = num;	SELECT * FROM table_name WHERE id = num;	SELECT * FROM variable WHERE variable = variable;
drawSQL-mysql-export-2026-02-02_bookstack	365	EASY	How many activities were created since created_at=date?	SELECT COUNT(*) FROM activities WHERE created_at >= date('now', '-1 month');	SELECT COUNT(*) FROM table_name WHERE col_name >= date(string, string);	SELECT COUNT(*) FROM variable WHERE variable >= DATE(variable, variable);
drawSQL-mysql-export-2026-02-02_bookstack	366	EASY	What are the most recent activities ordered by extra?	SELECT * FROM activities ORDER BY created_at DESC LIMIT num;	SELECT * FROM table_name ORDER BY col_name DESC LIMIT num;	SELECT * FROM variable ORDER BY variable DESC LIMIT variable;
drawSQL-mysql-export-2026-02-02_bookstack	367	EASY	How many api tokens do we have in total?	SELECT COUNT(*) FROM api_tokens;	SELECT COUNT(*) FROM table_name;	SELECT COUNT(*) FROM variable;
drawSQL-mysql-export-2026-02-02_bookstack	368	EASY	Show me all of our api tokens.	SELECT * FROM api_tokens;	SELECT * FROM table_name;	SELECT * FROM variable;
drawSQL-mysql-export-2026-02-02_bookstack	369	MEDIUM	Who are the most active users based on activity count?	SELECT * FROM users ORDER BY created_at DESC LIMIT 10;	SELECT * FROM table_name ORDER BY col_name DESC LIMIT num;	SELECT * FROM variable ORDER BY variable DESC LIMIT variable;
drawSQL-mysql-export-2026-02-02_bookstack	370	MEDIUM	How many activities were added since created_at=date?	SELECT COUNT(*) FROM activities WHERE created_at >= date('now', '-1 month');	SELECT COUNT(*) FROM table_name WHERE col_name >= date(string, string);	SELECT COUNT(*) FROM variable WHERE variable >= DATE(variable, variable);
drawSQL-mysql-export-2026-02-02_bookstack	371	MEDIUM	Break down the activities by entity_type — how many in each?	SELECT entity_type, COUNT(*) as count FROM activities GROUP BY entity_type;	SELECT col_name, COUNT(*) as count FROM table_name GROUP BY col_name;	SELECT variable, COUNT(*) AS COUNT FROM variable GROUP BY variable;
drawSQL-mysql-export-2026-02-02_bookstack	372	MEDIUM	Are there any activities that don't have a match in related tables?	SELECT * FROM activities LIMIT num;	SELECT * FROM table_name LIMIT num;	SELECT * FROM variable LIMIT variable;
drawSQL-mysql-export-2026-02-02_bookstack	373	MEDIUM	For each group, what are the top 3 activities?	SELECT * FROM ( SELECT *, ROW_NUMBER() OVER (PARTITION BY entity_type ORDER BY id DESC) as rn FROM activities ) WHERE rn <= num;	SELECT * FROM ( SELECT *, ROW_NUMBER() OVER (PARTITION BY col_name ORDER BY id DESC) as column_alias0 FROM table_name ) WHERE column_alias0 <= num;	SELECT * FROM ( SELECT *, ROW_NUMBER() OVER (PARTITION BY variable ORDER BY variable DESC) AS variable FROM variable ) WHERE variable <= variable;
drawSQL-mysql-export-2026-02-02_bookstack	374	MEDIUM	How did the number of activities change month over month?	SELECT strftime('%Y-%m', created_at) as period, COUNT(*) as count FROM activities WHERE created_at >= date('now', '-2 months') GROUP BY period ORDER BY period;	SELECT strftime(string, col_name) as column_alias0, column_alias1(*) as column_alias1 FROM table_name WHERE col_name >= date(string, string) GROUP BY column_alias0 ORDER BY column_alias0;	SELECT STRFTIME(variable, variable) AS variable, variable(*) AS variable FROM variable WHERE variable >= DATE(variable, variable) GROUP BY variable ORDER BY variable;
drawSQL-mysql-export-2026-02-02_bookstack	375	MEDIUM	Which activities have duplicate or repeated values?	WITH grouped AS ( SELECT entity_type, COUNT(*) as cnt FROM activities GROUP BY entity_type ) SELECT * FROM grouped WHERE cnt > num ORDER BY cnt DESC;	WITH grouped AS ( SELECT col_name, COUNT(*) as cnt FROM table_name GROUP BY col_name ) SELECT * FROM grouped WHERE cnt > num ORDER BY cnt DESC;	WITH variable AS ( SELECT variable, COUNT(*) AS variable FROM variable GROUP BY variable ) SELECT * FROM variable WHERE variable > variable ORDER BY variable DESC;
drawSQL-mysql-export-2026-02-02_bookstack	376	MEDIUM	How many api tokens were added since created_at=date?	SELECT COUNT(*) FROM api_tokens WHERE created_at >= date('now', '-1 month');	SELECT COUNT(*) FROM table_name WHERE col_name >= date(string, string);	SELECT COUNT(*) FROM variable WHERE variable >= DATE(variable, variable);
drawSQL-mysql-export-2026-02-02_bookstack	377	HARD	Pull together a report on activities joining all related tables.	SELECT * FROM activities LEFT JOIN books ON activities.book_id = books.id LEFT JOIN users ON activities.user_id = users.id;	SELECT * FROM table_name LEFT JOIN table_name ON table_name.col_name = table_name.id LEFT JOIN table_name ON table_name.col_name = table_name.id;	SELECT * FROM variable LEFT JOIN variable ON variable = variable LEFT JOIN variable ON variable = variable;
drawSQL-mysql-export-2026-02-02_bookstack	378	HARD	Who or what is the best in each group of activities?	SELECT * FROM ( SELECT *, ROW_NUMBER() OVER (PARTITION BY entity_type ORDER BY id DESC) as rn FROM activities ) WHERE rn = num;	SELECT * FROM ( SELECT *, ROW_NUMBER() OVER (PARTITION BY col_name ORDER BY id DESC) as column_alias0 FROM table_name ) WHERE column_alias0 = num;	SELECT * FROM ( SELECT *, ROW_NUMBER() OVER (PARTITION BY variable ORDER BY variable DESC) AS variable FROM variable ) WHERE variable = variable;
drawSQL-mysql-export-2026-02-02_bookstack	379	HARD	Which activities are above average compared to others in their group?	SELECT strftime('%Y-%m', created_at) as period, COUNT(*) as count FROM activities WHERE created_at >= date('now', '-2 months') GROUP BY period ORDER BY period;	SELECT strftime(string, col_name) as column_alias0, column_alias1(*) as column_alias1 FROM table_name WHERE col_name >= date(string, string) GROUP BY column_alias0 ORDER BY column_alias0;	SELECT STRFTIME(variable, variable) AS variable, variable(*) AS variable FROM variable WHERE variable >= DATE(variable, variable) GROUP BY variable ORDER BY variable;
drawSQL-mysql-export-2026-02-02_bookstack	380	HARD	Do a multi-step analysis: group activities, filter, then rank the results.	WITH grouped AS ( SELECT entity_type, COUNT(*) as cnt FROM activities GROUP BY entity_type ) SELECT * FROM grouped WHERE cnt > num ORDER BY cnt DESC;	WITH grouped AS ( SELECT col_name, COUNT(*) as cnt FROM table_name GROUP BY col_name ) SELECT * FROM grouped WHERE cnt > num ORDER BY cnt DESC;	WITH variable AS ( SELECT variable, COUNT(*) AS variable FROM variable GROUP BY variable ) SELECT * FROM variable WHERE variable > variable ORDER BY variable DESC;
drawSQL-mysql-export-2026-02-02_bookstack	381	HARD	Show the running total of activities over time based on created_at.	SELECT *, COUNT(*) OVER (ORDER BY created_at) as running_count FROM activities ORDER BY created_at;	SELECT *, COUNT(*) OVER (ORDER BY col_name) as column_alias0 FROM table_name ORDER BY col_name;	SELECT *, COUNT(*) OVER (ORDER BY variable) AS variable FROM variable ORDER BY variable;
drawSQL-mysql-export-2026-02-02_bookstack	382	HARD	Find activities that exist in one table but not in a related table.	SELECT * FROM activities LIMIT num;	SELECT * FROM table_name LIMIT num;	SELECT * FROM variable LIMIT variable;
drawSQL-mysql-export-2026-02-02_bookstack	383	HARD	Combine data from activities, api_tokens, and attachments in a single report.	SELECT * FROM activities LEFT JOIN api_tokens ON api_tokens.id = activities.id LEFT JOIN attachments ON attachments.id = activities.id;	SELECT * FROM table_name LEFT JOIN table_name ON table_name.id = table_name.id LEFT JOIN table_name ON table_name.id = table_name.id;	SELECT * FROM variable LEFT JOIN variable ON variable = variable LEFT JOIN variable ON variable = variable;
drawSQL-mysql-export-2026-02-02_bookstack	384	HARD	Rank all activities within their groups and show the top performers.	SELECT * FROM ( SELECT *, ROW_NUMBER() OVER (PARTITION BY entity_type ORDER BY id DESC) as rn FROM activities ) WHERE rn <= num;	SELECT * FROM ( SELECT *, ROW_NUMBER() OVER (PARTITION BY col_name ORDER BY id DESC) as column_alias0 FROM table_name ) WHERE column_alias0 <= num;	SELECT * FROM ( SELECT *, ROW_NUMBER() OVER (PARTITION BY variable ORDER BY variable DESC) AS variable FROM variable ) WHERE variable <= variable;
drawSQL-mysql-export-2026-02-02_cabot	385	EASY	How many users signed up since created_at=date?	SELECT COUNT(*) FROM user WHERE date_joined >= date('now', '-1 month');	SELECT COUNT(*) FROM table_name WHERE col_name >= date(string, string);	SELECT COUNT(*) FROM variable WHERE variable >= DATE(variable, variable);
drawSQL-mysql-export-2026-02-02_cabot	386	EASY	How many alert acknowledgement do we have in total?	SELECT COUNT(*) FROM alert_acknowledgement;	SELECT COUNT(*) FROM table_name;	SELECT COUNT(*) FROM variable;
drawSQL-mysql-export-2026-02-02_cabot	387	EASY	Show me all of our alert acknowledgement.	SELECT * FROM alert_acknowledgement;	SELECT * FROM table_name;	SELECT * FROM variable;
drawSQL-mysql-export-2026-02-02_cabot	388	EASY	Can you look up the alert acknowledgement with id=num?	SELECT * FROM alert_acknowledgement WHERE id = num;	SELECT * FROM table_name WHERE id = num;	SELECT * FROM variable WHERE variable = variable;
drawSQL-mysql-export-2026-02-02_cabot	389	EASY	What are the most recent alert acknowledgement ordered by time?	SELECT * FROM alert_acknowledgement ORDER BY time DESC LIMIT num;	SELECT * FROM table_name ORDER BY col_name DESC LIMIT num;	SELECT * FROM variable ORDER BY variable DESC LIMIT variable;
drawSQL-mysql-export-2026-02-02_cabot	390	EASY	How many alert plugin do we have in total?	SELECT COUNT(*) FROM alert_plugin;	SELECT COUNT(*) FROM table_name;	SELECT COUNT(*) FROM variable;
drawSQL-mysql-export-2026-02-02_cabot	391	EASY	Show me all of our alert plugin.	SELECT * FROM alert_plugin;	SELECT * FROM table_name;	SELECT * FROM variable;
drawSQL-mysql-export-2026-02-02_cabot	392	EASY	Can you look up the alert plugin with id=num?	SELECT * FROM alert_plugin WHERE id = num;	SELECT * FROM table_name WHERE id = num;	SELECT * FROM variable WHERE variable = variable;
drawSQL-mysql-export-2026-02-02_cabot	393	MEDIUM	Who are the most active users based on activity count?	SELECT * FROM user LIMIT num;	SELECT * FROM table_name LIMIT num;	SELECT * FROM variable LIMIT variable;
drawSQL-mysql-export-2026-02-02_cabot	394	MEDIUM	Break down the alert acknowledgement by time — how many in each?	SELECT time, COUNT(*) as count FROM alert_acknowledgement GROUP BY time;	SELECT col_name, COUNT(*) as count FROM table_name GROUP BY col_name;	SELECT variable, COUNT(*) AS COUNT FROM variable GROUP BY variable;
drawSQL-mysql-export-2026-02-02_cabot	395	MEDIUM	Are there any alert acknowledgement that don't have a match in related tables?	SELECT * FROM alert_acknowledgement LIMIT num;	SELECT * FROM table_name LIMIT num;	SELECT * FROM variable LIMIT variable;
drawSQL-mysql-export-2026-02-02_cabot	396	MEDIUM	For each group, what are the top 3 alert acknowledgement?	SELECT * FROM alert_acknowledgement ORDER BY id DESC LIMIT num;	SELECT * FROM table_name ORDER BY id DESC LIMIT num;	SELECT * FROM variable ORDER BY variable DESC LIMIT variable;
drawSQL-mysql-export-2026-02-02_cabot	397	MEDIUM	Which alert acknowledgement have duplicate or repeated values?	WITH grouped AS ( SELECT time, COUNT(*) as cnt FROM alert_acknowledgement GROUP BY time ) SELECT * FROM grouped WHERE cnt > num ORDER BY cnt DESC;	WITH grouped AS ( SELECT col_name, COUNT(*) as cnt FROM table_name GROUP BY col_name ) SELECT * FROM grouped WHERE cnt > num ORDER BY cnt DESC;	WITH variable AS ( SELECT variable, COUNT(*) AS variable FROM variable GROUP BY variable ) SELECT * FROM variable WHERE variable > variable ORDER BY variable DESC;
drawSQL-mysql-export-2026-02-02_cabot	398	MEDIUM	Show me each alert plugin along with its related details from other tables.	SELECT t.*, c.* FROM alert_plugin t LEFT JOIN alert_plugin_instance c ON c.alert_plugin_id = t.id;	SELECT table_alias0.*, table_alias1.* FROM table_name table_alias0 LEFT JOIN table_name table_alias1 ON table_alias1.col_name = table_alias0.id;	SELECT variable.*, variable.* FROM variable variable LEFT JOIN variable variable ON variable = variable;
drawSQL-mysql-export-2026-02-02_cabot	399	MEDIUM	Break down the alert plugin by polumorphic_ctype — how many in each?	SELECT polumorphic_ctype, COUNT(*) as count FROM alert_plugin GROUP BY polumorphic_ctype;	SELECT col_name, COUNT(*) as count FROM table_name GROUP BY col_name;	SELECT variable, COUNT(*) AS COUNT FROM variable GROUP BY variable;
drawSQL-mysql-export-2026-02-02_cabot	400	MEDIUM	Are there any alert plugin that don't have a match in related tables?	SELECT * FROM alert_plugin WHERE id NOT IN (SELECT DISTINCT alert_plugin_id FROM alert_plugin_instance WHERE alert_plugin_id IS NOT NULL);	SELECT * FROM table_name WHERE id NOT IN (SELECT DISTINCT col_name FROM table_name WHERE col_name IS NOT NULL);	SELECT * FROM variable WHERE variable NOT IN (SELECT DISTINCT variable FROM variable WHERE variable IS NOT NULL);
drawSQL-mysql-export-2026-02-02_cabot	401	HARD	Pull together a report on alert acknowledgement joining all related tables.	SELECT * FROM alert_acknowledgement;	SELECT * FROM table_name;	SELECT * FROM variable;
drawSQL-mysql-export-2026-02-02_cabot	402	HARD	Who or what is the best in each group of alert acknowledgement?	SELECT * FROM ( SELECT *, ROW_NUMBER() OVER (PARTITION BY time ORDER BY id DESC) as rn FROM alert_acknowledgement ) WHERE rn = num;	SELECT * FROM ( SELECT *, ROW_NUMBER() OVER (PARTITION BY col_name ORDER BY id DESC) as column_alias0 FROM table_name ) WHERE column_alias0 = num;	SELECT * FROM ( SELECT *, ROW_NUMBER() OVER (PARTITION BY variable ORDER BY variable DESC) AS variable FROM variable ) WHERE variable = variable;
drawSQL-mysql-export-2026-02-02_cabot	403	HARD	Which alert acknowledgement are above average compared to others in their group?	SELECT * FROM status_check t1 WHERE value > ( SELECT AVG(value) FROM status_check t2 WHERE t2.check_type = t1.check_type );	SELECT * FROM table_name table_alias0 WHERE value > ( SELECT AVG(value) FROM table_name table_alias1 WHERE table_alias1.col_name = table_alias0.col_name );	SELECT * FROM variable variable WHERE variable > ( SELECT AVG(variable) FROM variable variable WHERE variable = variable );
drawSQL-mysql-export-2026-02-02_cabot	404	HARD	Do a multi-step analysis: group alert acknowledgement, filter, then rank the results.	WITH grouped AS ( SELECT time, COUNT(*) as cnt FROM alert_acknowledgement GROUP BY time ) SELECT * FROM grouped WHERE cnt > num ORDER BY cnt DESC;	WITH grouped AS ( SELECT col_name, COUNT(*) as cnt FROM table_name GROUP BY col_name ) SELECT * FROM grouped WHERE cnt > num ORDER BY cnt DESC;	WITH variable AS ( SELECT variable, COUNT(*) AS variable FROM variable GROUP BY variable ) SELECT * FROM variable WHERE variable > variable ORDER BY variable DESC;
drawSQL-mysql-export-2026-02-02_cabot	405	HARD	Find alert acknowledgement that exist in one table but not in a related table.	SELECT * FROM alert_acknowledgement LIMIT num;	SELECT * FROM table_name LIMIT num;	SELECT * FROM variable LIMIT variable;
drawSQL-mysql-export-2026-02-02_cabot	406	HARD	Combine data from alert_acknowledgement, alert_plugin, and alert_plugin_user_data in a single report.	SELECT * FROM alert_acknowledgement LEFT JOIN alert_plugin ON alert_plugin.id = alert_acknowledgement.alert_plugin_id LEFT JOIN alert_plugin_user_data ON alert_plugin_user_data.id = alert_acknowledgement.id LEFT JOIN user ON user.id = alert_acknowledgement.created_by;	SELECT * FROM table_name LEFT JOIN table_name ON table_name.id = table_name.col_name LEFT JOIN table_name ON table_name.id = table_name.id LEFT JOIN table_name ON table_name.id = table_name.col_name;	SELECT * FROM variable LEFT JOIN variable ON variable = variable LEFT JOIN variable ON variable = variable LEFT JOIN variable ON variable = variable;
drawSQL-mysql-export-2026-02-02_cabot	407	HARD	Rank all alert acknowledgement within their groups and show the top performers.	SELECT *, ROW_NUMBER() OVER (ORDER BY id DESC) as rn FROM alert_acknowledgement;	SELECT *, ROW_NUMBER() OVER (ORDER BY id DESC) as column_alias0 FROM table_name;	SELECT *, ROW_NUMBER() OVER (ORDER BY variable DESC) AS variable FROM variable;
drawSQL-mysql-export-2026-02-02_cabot	408	HARD	Pull together a report on alert plugin joining all related tables.	SELECT * FROM alert_acknowledgement;	SELECT * FROM table_name;	SELECT * FROM variable;
drawSQL-mysql-export-2026-02-02_django	409	EASY	How many users signed up since created_at=date?	SELECT COUNT(*) FROM auth_user WHERE date_joined >= date('now', '-1 month');	SELECT COUNT(*) FROM table_name WHERE col_name >= date(string, string);	SELECT COUNT(*) FROM variable WHERE variable >= DATE(variable, variable);
drawSQL-mysql-export-2026-02-02_django	410	EASY	How many auth group do we have in total?	SELECT COUNT(*) FROM auth_group;	SELECT COUNT(*) FROM table_name;	SELECT COUNT(*) FROM variable;
drawSQL-mysql-export-2026-02-02_django	411	EASY	Show me all of our auth group.	SELECT * FROM auth_group;	SELECT * FROM table_name;	SELECT * FROM variable;
drawSQL-mysql-export-2026-02-02_django	412	EASY	Can you look up the auth group with id=num?	SELECT * FROM auth_group WHERE id = num;	SELECT * FROM table_name WHERE id = num;	SELECT * FROM variable WHERE variable = variable;
drawSQL-mysql-export-2026-02-02_django	413	EASY	Find the auth group where name=string.	SELECT * FROM auth_group WHERE name = string;	SELECT * FROM table_name WHERE col_name = string;	SELECT * FROM variable WHERE variable = variable;
drawSQL-mysql-export-2026-02-02_django	414	EASY	What are the most recent auth group ordered by name?	SELECT * FROM auth_group ORDER BY name DESC LIMIT num;	SELECT * FROM table_name ORDER BY col_name DESC LIMIT num;	SELECT * FROM variable ORDER BY variable DESC LIMIT variable;
drawSQL-mysql-export-2026-02-02_django	415	EASY	How many auth group permissions do we have in total?	SELECT COUNT(*) FROM auth_group;	SELECT COUNT(*) FROM table_name;	SELECT COUNT(*) FROM variable;
drawSQL-mysql-export-2026-02-02_django	416	EASY	Show me all of our auth group permissions.	SELECT * FROM auth_group;	SELECT * FROM table_name;	SELECT * FROM variable;
drawSQL-mysql-export-2026-02-02_django	417	MEDIUM	Who are the most active users based on activity count?	SELECT * FROM auth_user ORDER BY created_at DESC LIMIT 10;	SELECT * FROM table_name ORDER BY created_at DESC LIMIT num;	SELECT * FROM variable ORDER BY variable DESC LIMIT variable;
drawSQL-mysql-export-2026-02-02_django	418	MEDIUM	Show me each auth group along with its related details from other tables.	SELECT t.*, c.* FROM auth_group t LEFT JOIN auth_group_permissions c ON c.group_id = t.id;	SELECT table_alias0.*, table_alias1.* FROM table_name table_alias0 LEFT JOIN table_name table_alias1 ON table_alias1.col_name = table_alias0.id;	SELECT variable.*, variable.* FROM variable variable LEFT JOIN variable variable ON variable = variable;
drawSQL-mysql-export-2026-02-02_django	419	MEDIUM	Break down the auth group by name — how many in each?	SELECT name, COUNT(*) as count FROM auth_group GROUP BY name;	SELECT col_name, COUNT(*) as count FROM table_name GROUP BY col_name;	SELECT variable, COUNT(*) AS COUNT FROM variable GROUP BY variable;
drawSQL-mysql-export-2026-02-02_django	420	MEDIUM	Are there any auth group that don't have a match in related tables?	SELECT * FROM auth_group WHERE id NOT IN (SELECT DISTINCT group_id FROM auth_group_permissions WHERE group_id IS NOT NULL);	SELECT * FROM table_name WHERE id NOT IN (SELECT DISTINCT col_name FROM table_name WHERE col_name IS NOT NULL);	SELECT * FROM variable WHERE variable NOT IN (SELECT DISTINCT variable FROM variable WHERE variable IS NOT NULL);
drawSQL-mysql-export-2026-02-02_django	421	MEDIUM	For each group, what are the top 3 auth group?	SELECT * FROM auth_group ORDER BY id DESC LIMIT num;	SELECT * FROM table_name ORDER BY id DESC LIMIT num;	SELECT * FROM variable ORDER BY variable DESC LIMIT variable;
drawSQL-mysql-export-2026-02-02_django	422	MEDIUM	Which auth group have duplicate or repeated values?	WITH grouped AS ( SELECT name, COUNT(*) as cnt FROM auth_group GROUP BY name ) SELECT * FROM grouped WHERE cnt > num ORDER BY cnt DESC;	WITH grouped AS ( SELECT col_name, COUNT(*) as cnt FROM table_name GROUP BY col_name ) SELECT * FROM grouped WHERE cnt > num ORDER BY cnt DESC;	WITH variable AS ( SELECT variable, COUNT(*) AS variable FROM variable GROUP BY variable ) SELECT * FROM variable WHERE variable > variable ORDER BY variable DESC;
drawSQL-mysql-export-2026-02-02_django	423	MEDIUM	Break down the auth group permissions by group_id — how many in each?	SELECT name, COUNT(*) as count FROM auth_group GROUP BY name;	SELECT col_name, COUNT(*) as count FROM table_name GROUP BY col_name;	SELECT variable, COUNT(*) AS COUNT FROM variable GROUP BY variable;
drawSQL-mysql-export-2026-02-02_django	424	MEDIUM	Are there any auth group permissions that don't have a match in related tables?	SELECT * FROM auth_group WHERE id NOT IN (SELECT DISTINCT group_id FROM auth_group_permissions WHERE group_id IS NOT NULL);	SELECT * FROM table_name WHERE id NOT IN (SELECT DISTINCT col_name FROM table_name WHERE col_name IS NOT NULL);	SELECT * FROM variable WHERE variable NOT IN (SELECT DISTINCT variable FROM variable WHERE variable IS NOT NULL);
drawSQL-mysql-export-2026-02-02_django	425	HARD	Pull together a report on auth group joining all related tables.	SELECT * FROM auth_group_permissions LEFT JOIN auth_group ON auth_group_permissions.group_id = auth_group.id LEFT JOIN auth_permission ON auth_group_permissions.permission_id = auth_permission.id;	SELECT * FROM table_name LEFT JOIN table_name ON table_name.col_name = table_name.id LEFT JOIN table_name ON table_name.col_name = table_name.id;	SELECT * FROM variable LEFT JOIN variable ON variable = variable LEFT JOIN variable ON variable = variable;
drawSQL-mysql-export-2026-02-02_django	426	HARD	Who or what is the best in each group of auth group?	SELECT * FROM ( SELECT *, ROW_NUMBER() OVER (PARTITION BY name ORDER BY id DESC) as rn FROM auth_group ) WHERE rn = num;	SELECT * FROM ( SELECT *, ROW_NUMBER() OVER (PARTITION BY col_name ORDER BY id DESC) as column_alias0 FROM table_name ) WHERE column_alias0 = num;	SELECT * FROM ( SELECT *, ROW_NUMBER() OVER (PARTITION BY variable ORDER BY variable DESC) AS variable FROM variable ) WHERE variable = variable;
drawSQL-mysql-export-2026-02-02_django	427	HARD	Which auth group are above average compared to others in their group?	SELECT * FROM auth_group LIMIT num;	SELECT * FROM table_name LIMIT num;	SELECT * FROM variable LIMIT variable;
drawSQL-mysql-export-2026-02-02_django	428	HARD	Do a multi-step analysis: group auth group, filter, then rank the results.	WITH grouped AS ( SELECT name, COUNT(*) as cnt FROM auth_group GROUP BY name ) SELECT * FROM grouped WHERE cnt > num ORDER BY cnt DESC;	WITH grouped AS ( SELECT col_name, COUNT(*) as cnt FROM table_name GROUP BY col_name ) SELECT * FROM grouped WHERE cnt > num ORDER BY cnt DESC;	WITH variable AS ( SELECT variable, COUNT(*) AS variable FROM variable GROUP BY variable ) SELECT * FROM variable WHERE variable > variable ORDER BY variable DESC;
drawSQL-mysql-export-2026-02-02_django	429	HARD	Find auth group that exist in one table but not in a related table.	SELECT * FROM auth_group WHERE id NOT IN (SELECT DISTINCT group_id FROM auth_group_permissions WHERE group_id IS NOT NULL);	SELECT * FROM table_name WHERE id NOT IN (SELECT DISTINCT col_name FROM table_name WHERE col_name IS NOT NULL);	SELECT * FROM variable WHERE variable NOT IN (SELECT DISTINCT variable FROM variable WHERE variable IS NOT NULL);
drawSQL-mysql-export-2026-02-02_django	430	HARD	Combine data from auth_group, auth_group_permissions, and auth_permission in a single report.	SELECT * FROM auth_group LEFT JOIN auth_group_permissions ON auth_group_permissions.id = auth_group.group_id LEFT JOIN auth_permission ON auth_permission.id = auth_group.group_id;	SELECT * FROM table_name LEFT JOIN table_name ON table_name.id = table_name.col_name LEFT JOIN table_name ON table_name.id = table_name.col_name;	SELECT * FROM variable LEFT JOIN variable ON variable = variable LEFT JOIN variable ON variable = variable;
drawSQL-mysql-export-2026-02-02_django	431	HARD	Rank all auth group within their groups and show the top performers.	SELECT *, ROW_NUMBER() OVER (ORDER BY id DESC) as rn FROM auth_group;	SELECT *, ROW_NUMBER() OVER (ORDER BY id DESC) as column_alias0 FROM table_name;	SELECT *, ROW_NUMBER() OVER (ORDER BY variable DESC) AS variable FROM variable;
drawSQL-mysql-export-2026-02-02_django	432	HARD	Pull together a report on auth group permissions joining all related tables.	SELECT * FROM auth_group_permissions LEFT JOIN auth_group ON auth_group_permissions.group_id = auth_group.id LEFT JOIN auth_permission ON auth_group_permissions.permission_id = auth_permission.id;	SELECT * FROM table_name LEFT JOIN table_name ON table_name.col_name = table_name.id LEFT JOIN table_name ON table_name.col_name = table_name.id;	SELECT * FROM variable LEFT JOIN variable ON variable = variable LEFT JOIN variable ON variable = variable;
drawSQL-mysql-export-2026-02-02_flarum	433	EASY	How many users signed up since created_at=date?	SELECT COUNT(*) FROM users WHERE avatar_url >= date('now', '-1 month');	SELECT COUNT(*) FROM table_name WHERE col_name >= date(string, string);	SELECT COUNT(*) FROM variable WHERE variable >= DATE(variable, variable);
drawSQL-mysql-export-2026-02-02_flarum	434	EASY	How many access tokens do we have in total?	SELECT COUNT(*) FROM access_tokens;	SELECT COUNT(*) FROM table_name;	SELECT COUNT(*) FROM variable;
drawSQL-mysql-export-2026-02-02_flarum	435	EASY	Show me all of our access tokens.	SELECT * FROM access_tokens;	SELECT * FROM table_name;	SELECT * FROM variable;
drawSQL-mysql-export-2026-02-02_flarum	436	EASY	Can you look up the access token with id=num?	SELECT * FROM api_keys WHERE id = num;	SELECT * FROM table_name WHERE id = num;	SELECT * FROM variable WHERE variable = variable;
drawSQL-mysql-export-2026-02-02_flarum	437	EASY	How many access tokens were created since created_at=date?	SELECT COUNT(*) FROM access_tokens WHERE created_at >= date('now', '-1 month');	SELECT COUNT(*) FROM table_name WHERE col_name >= date(string, string);	SELECT COUNT(*) FROM variable WHERE variable >= DATE(variable, variable);
drawSQL-mysql-export-2026-02-02_flarum	438	EASY	What are the most recent access tokens ordered by token?	SELECT * FROM access_tokens ORDER BY created_at DESC LIMIT num;	SELECT * FROM table_name ORDER BY col_name DESC LIMIT num;	SELECT * FROM variable ORDER BY variable DESC LIMIT variable;
drawSQL-mysql-export-2026-02-02_flarum	439	EASY	How many api keys do we have in total?	SELECT COUNT(*) FROM api_keys;	SELECT COUNT(*) FROM table_name;	SELECT COUNT(*) FROM variable;
drawSQL-mysql-export-2026-02-02_flarum	440	EASY	Show me all of our api keys.	SELECT * FROM api_keys;	SELECT * FROM table_name;	SELECT * FROM variable;
drawSQL-mysql-export-2026-02-02_flarum	441	MEDIUM	Who are the most active users based on activity count?	SELECT * FROM users ORDER BY created_at DESC LIMIT 10;	SELECT * FROM table_name ORDER BY col_name DESC LIMIT num;	SELECT * FROM variable ORDER BY variable DESC LIMIT variable;
drawSQL-mysql-export-2026-02-02_flarum	442	MEDIUM	How many access tokens were added since created_at=date?	SELECT COUNT(*) FROM access_tokens WHERE created_at >= date('now', '-1 month');	SELECT COUNT(*) FROM table_name WHERE col_name >= date(string, string);	SELECT COUNT(*) FROM variable WHERE variable >= DATE(variable, variable);
drawSQL-mysql-export-2026-02-02_flarum	443	MEDIUM	Break down the access tokens by token — how many in each?	SELECT token, COUNT(*) as count FROM access_tokens GROUP BY token;	SELECT col_name, COUNT(*) as count FROM table_name GROUP BY col_name;	SELECT variable, COUNT(*) AS COUNT FROM variable GROUP BY variable;
drawSQL-mysql-export-2026-02-02_flarum	444	MEDIUM	Are there any access tokens that don't have a match in related tables?	SELECT * FROM access_tokens LIMIT num;	SELECT * FROM table_name LIMIT num;	SELECT * FROM variable LIMIT variable;
drawSQL-mysql-export-2026-02-02_flarum	445	MEDIUM	For each group, what are the top 3 access tokens?	SELECT * FROM access_tokens ORDER BY id DESC LIMIT num;	SELECT * FROM table_name ORDER BY id DESC LIMIT num;	SELECT * FROM variable ORDER BY variable DESC LIMIT variable;
drawSQL-mysql-export-2026-02-02_flarum	446	MEDIUM	How did the number of access tokens change month over month?	SELECT strftime('%Y-%m', created_at) as period, COUNT(*) as count FROM access_tokens WHERE created_at >= date('now', '-2 months') GROUP BY period ORDER BY period;	SELECT strftime(string, col_name) as column_alias0, column_alias1(*) as column_alias1 FROM table_name WHERE col_name >= date(string, string) GROUP BY column_alias0 ORDER BY column_alias0;	SELECT STRFTIME(variable, variable) AS variable, variable(*) AS variable FROM variable WHERE variable >= DATE(variable, variable) GROUP BY variable ORDER BY variable;
drawSQL-mysql-export-2026-02-02_flarum	447	MEDIUM	Which access tokens have duplicate or repeated values?	WITH grouped AS ( SELECT token, COUNT(*) as cnt FROM access_tokens GROUP BY token ) SELECT * FROM grouped WHERE cnt > num ORDER BY cnt DESC;	WITH grouped AS ( SELECT col_name, COUNT(*) as cnt FROM table_name GROUP BY col_name ) SELECT * FROM grouped WHERE cnt > num ORDER BY cnt DESC;	WITH variable AS ( SELECT variable, COUNT(*) AS variable FROM variable GROUP BY variable ) SELECT * FROM variable WHERE variable > variable ORDER BY variable DESC;
drawSQL-mysql-export-2026-02-02_flarum	448	MEDIUM	How many api keys were added since created_at=date?	SELECT COUNT(*) FROM api_keys WHERE created_at >= date('now', '-1 month');	SELECT COUNT(*) FROM table_name WHERE col_name >= date(string, string);	SELECT COUNT(*) FROM variable WHERE variable >= DATE(variable, variable);
drawSQL-mysql-export-2026-02-02_flarum	449	HARD	Pull together a report on access tokens joining all related tables.	SELECT * FROM access_tokens LEFT JOIN users ON access_tokens.user_id = users.id;	SELECT * FROM table_name LEFT JOIN table_name ON table_name.col_name = table_name.id;	SELECT * FROM variable LEFT JOIN variable ON variable = variable;
drawSQL-mysql-export-2026-02-02_flarum	450	HARD	Who or what is the best in each group of access tokens?	SELECT * FROM ( SELECT *, ROW_NUMBER() OVER (PARTITION BY user_id ORDER BY id DESC) as rn FROM access_tokens ) WHERE rn = num;	SELECT * FROM ( SELECT *, ROW_NUMBER() OVER (PARTITION BY col_name ORDER BY id DESC) as column_alias0 FROM table_name ) WHERE column_alias0 = num;	SELECT * FROM ( SELECT *, ROW_NUMBER() OVER (PARTITION BY variable ORDER BY variable DESC) AS variable FROM variable ) WHERE variable = variable;
drawSQL-mysql-export-2026-02-02_flarum	451	HARD	Which access tokens are above average compared to others in their group?	SELECT strftime('%Y-%m', created_at) as period, COUNT(*) as count FROM access_tokens WHERE created_at >= date('now', '-2 months') GROUP BY period ORDER BY period;	SELECT strftime(string, col_name) as column_alias0, column_alias1(*) as column_alias1 FROM table_name WHERE col_name >= date(string, string) GROUP BY column_alias0 ORDER BY column_alias0;	SELECT STRFTIME(variable, variable) AS variable, variable(*) AS variable FROM variable WHERE variable >= DATE(variable, variable) GROUP BY variable ORDER BY variable;
drawSQL-mysql-export-2026-02-02_flarum	452	HARD	Do a multi-step analysis: group access tokens, filter, then rank the results.	WITH grouped AS ( SELECT user_id, COUNT(*) as cnt FROM access_tokens GROUP BY user_id ) SELECT * FROM grouped WHERE cnt > num ORDER BY cnt DESC;	WITH grouped AS ( SELECT col_name, COUNT(*) as cnt FROM table_name GROUP BY col_name ) SELECT * FROM grouped WHERE cnt > num ORDER BY cnt DESC;	WITH variable AS ( SELECT variable, COUNT(*) AS variable FROM variable GROUP BY variable ) SELECT * FROM variable WHERE variable > variable ORDER BY variable DESC;
drawSQL-mysql-export-2026-02-02_flarum	453	HARD	Show the running total of access tokens over time based on created_at.	SELECT *, COUNT(*) OVER (ORDER BY created_at) as running_count FROM access_tokens ORDER BY created_at;	SELECT *, COUNT(*) OVER (ORDER BY col_name) as column_alias0 FROM table_name ORDER BY col_name;	SELECT *, COUNT(*) OVER (ORDER BY variable) AS variable FROM variable ORDER BY variable;
drawSQL-mysql-export-2026-02-02_flarum	454	HARD	Find access tokens that exist in one table but not in a related table.	SELECT * FROM access_tokens LIMIT num;	SELECT * FROM table_name LIMIT num;	SELECT * FROM variable LIMIT variable;
drawSQL-mysql-export-2026-02-02_flarum	455	HARD	Combine data from access_tokens, api_keys, and discussion_tag in a single report.	SELECT * FROM access_tokens LEFT JOIN api_keys ON api_keys.id = access_tokens.id LEFT JOIN discussion_tag ON discussion_tag.id = access_tokens.id;	SELECT * FROM table_name LEFT JOIN table_name ON table_name.id = table_name.id LEFT JOIN table_name ON table_name.id = table_name.id;	SELECT * FROM variable LEFT JOIN variable ON variable = variable LEFT JOIN variable ON variable = variable;
drawSQL-mysql-export-2026-02-02_flarum	456	HARD	Rank all access tokens within their groups and show the top performers.	SELECT *, ROW_NUMBER() OVER (ORDER BY id DESC) as rn FROM access_tokens;	SELECT *, ROW_NUMBER() OVER (ORDER BY id DESC) as column_alias0 FROM table_name;	SELECT *, ROW_NUMBER() OVER (ORDER BY variable DESC) AS variable FROM variable;
drawSQL-mysql-export-2026-02-02_healthchecks	457	EASY	How many users signed up since created_at=date?	SELECT COUNT(*) FROM auth_user WHERE date_joined >= date('now', '-1 month');	SELECT COUNT(*) FROM table_name WHERE col_name >= date(string, string);	SELECT COUNT(*) FROM variable WHERE variable >= DATE(variable, variable);
drawSQL-mysql-export-2026-02-02_healthchecks	458	EASY	How many members are on each team?	SELECT user_id, COUNT(*) as member_count FROM accounts_member GROUP BY user_id;	SELECT col_name, COUNT(*) as member_count FROM table_name GROUP BY col_name;	SELECT variable, COUNT(*) AS variable FROM variable GROUP BY variable;
drawSQL-mysql-export-2026-02-02_healthchecks	459	EASY	How many accounts profile do we have in total?	SELECT COUNT(*) FROM accounts_profile;	SELECT COUNT(*) FROM table_name;	SELECT COUNT(*) FROM variable;
drawSQL-mysql-export-2026-02-02_healthchecks	460	EASY	Show me all of our accounts profile.	SELECT * FROM accounts_profile;	SELECT * FROM table_name;	SELECT * FROM variable;
drawSQL-mysql-export-2026-02-02_healthchecks	461	EASY	Can you look up the accounts profile with id=num?	SELECT * FROM accounts_profile WHERE id = num;	SELECT * FROM table_name WHERE id = num;	SELECT * FROM variable WHERE variable = variable;
drawSQL-mysql-export-2026-02-02_healthchecks	462	EASY	How many accounts profile were created since next_report_date=date?	SELECT COUNT(*) FROM accounts_profile WHERE next_report_date >= date('now', '-1 month');	SELECT COUNT(*) FROM table_name WHERE col_name >= date(string, string);	SELECT COUNT(*) FROM variable WHERE variable >= DATE(variable, variable);
drawSQL-mysql-export-2026-02-02_healthchecks	463	EASY	What are the most recent accounts profile ordered by next_report_date?	SELECT * FROM accounts_profile ORDER BY next_report_date DESC LIMIT num;	SELECT * FROM table_name ORDER BY col_name DESC LIMIT num;	SELECT * FROM variable ORDER BY variable DESC LIMIT variable;
drawSQL-mysql-export-2026-02-02_healthchecks	464	EASY	How many accounts project do we have in total?	SELECT COUNT(*) FROM accounts_project;	SELECT COUNT(*) FROM table_name;	SELECT COUNT(*) FROM variable;
drawSQL-mysql-export-2026-02-02_healthchecks	465	MEDIUM	Who are the most active users based on activity count?	SELECT * FROM auth_user ORDER BY created_at DESC LIMIT 10;	SELECT * FROM table_name ORDER BY created_at DESC LIMIT num;	SELECT * FROM variable ORDER BY variable DESC LIMIT variable;
drawSQL-mysql-export-2026-02-02_healthchecks	466	MEDIUM	How many accounts profile were added since next_report_date=date?	SELECT COUNT(*) FROM accounts_profile WHERE next_report_date >= date('now', '-1 month');	SELECT COUNT(*) FROM table_name WHERE col_name >= date(string, string);	SELECT COUNT(*) FROM variable WHERE variable >= DATE(variable, variable);
drawSQL-mysql-export-2026-02-02_healthchecks	467	MEDIUM	Break down the accounts profile by next_report_date — how many in each?	SELECT next_report_date, COUNT(*) as count FROM accounts_profile GROUP BY next_report_date;	SELECT col_name, COUNT(*) as count FROM table_name GROUP BY col_name;	SELECT variable, COUNT(*) AS COUNT FROM variable GROUP BY variable;
drawSQL-mysql-export-2026-02-02_healthchecks	468	MEDIUM	Are there any accounts profile that don't have a match in related tables?	SELECT * FROM accounts_profile LIMIT num;	SELECT * FROM table_name LIMIT num;	SELECT * FROM variable LIMIT variable;
drawSQL-mysql-export-2026-02-02_healthchecks	469	MEDIUM	For each group, what are the top 3 accounts profile?	SELECT * FROM accounts_profile ORDER BY id DESC LIMIT num;	SELECT * FROM table_name ORDER BY id DESC LIMIT num;	SELECT * FROM variable ORDER BY variable DESC LIMIT variable;
drawSQL-mysql-export-2026-02-02_healthchecks	470	MEDIUM	How did the number of accounts profile change month over month?	SELECT strftime('%Y-%m', next_report_date) as period, COUNT(*) as count FROM accounts_profile WHERE next_report_date >= date('now', '-2 months') GROUP BY period ORDER BY period;	SELECT strftime(string, col_name) as column_alias0, column_alias1(*) as column_alias1 FROM table_name WHERE col_name >= date(string, string) GROUP BY column_alias0 ORDER BY column_alias0;	SELECT STRFTIME(variable, variable) AS variable, variable(*) AS variable FROM variable WHERE variable >= DATE(variable, variable) GROUP BY variable ORDER BY variable;
drawSQL-mysql-export-2026-02-02_healthchecks	471	MEDIUM	Which accounts profile have duplicate or repeated values?	WITH grouped AS ( SELECT next_report_date, COUNT(*) as cnt FROM accounts_profile GROUP BY next_report_date ) SELECT * FROM grouped WHERE cnt > num ORDER BY cnt DESC;	WITH grouped AS ( SELECT col_name, COUNT(*) as cnt FROM table_name GROUP BY col_name ) SELECT * FROM grouped WHERE cnt > num ORDER BY cnt DESC;	WITH variable AS ( SELECT variable, COUNT(*) AS variable FROM variable GROUP BY variable ) SELECT * FROM variable WHERE variable > variable ORDER BY variable DESC;
drawSQL-mysql-export-2026-02-02_healthchecks	472	MEDIUM	Show me each accounts project along with its related details from other tables.	SELECT t.*, c.* FROM accounts_project t LEFT JOIN accounts_member c ON c.project_id = t.id;	SELECT table_alias0.*, table_alias1.* FROM table_name table_alias0 LEFT JOIN table_name table_alias1 ON table_alias1.col_name = table_alias0.id;	SELECT variable.*, variable.* FROM variable variable LEFT JOIN variable variable ON variable = variable;
drawSQL-mysql-export-2026-02-02_healthchecks	473	HARD	Pull together a report on accounts profile joining all related tables.	SELECT * FROM accounts_project LEFT JOIN api_check ON accounts_project.owner_id = api_check.id;	SELECT * FROM table_name LEFT JOIN table_name ON table_name.col_name = table_name.id;	SELECT * FROM variable LEFT JOIN variable ON variable = variable;
drawSQL-mysql-export-2026-02-02_healthchecks	474	HARD	Who or what is the best in each group of accounts profile?	SELECT * FROM ( SELECT *, ROW_NUMBER() OVER (PARTITION BY next_report_date ORDER BY id DESC) as rn FROM accounts_profile ) WHERE rn = num;	SELECT * FROM ( SELECT *, ROW_NUMBER() OVER (PARTITION BY col_name ORDER BY id DESC) as column_alias0 FROM table_name ) WHERE column_alias0 = num;	SELECT * FROM ( SELECT *, ROW_NUMBER() OVER (PARTITION BY variable ORDER BY variable DESC) AS variable FROM variable ) WHERE variable = variable;
drawSQL-mysql-export-2026-02-02_healthchecks	475	HARD	Which accounts profile are above average compared to others in their group?	SELECT strftime('%Y-%m', next_report_date) as period, COUNT(*) as count FROM accounts_profile WHERE next_report_date >= date('now', '-2 months') GROUP BY period ORDER BY period;	SELECT strftime(string, col_name) as column_alias0, column_alias1(*) as column_alias1 FROM table_name WHERE col_name >= date(string, string) GROUP BY column_alias0 ORDER BY column_alias0;	SELECT STRFTIME(variable, variable) AS variable, variable(*) AS variable FROM variable WHERE variable >= DATE(variable, variable) GROUP BY variable ORDER BY variable;
drawSQL-mysql-export-2026-02-02_healthchecks	476	HARD	Do a multi-step analysis: group accounts profile, filter, then rank the results.	WITH grouped AS ( SELECT next_report_date, COUNT(*) as cnt FROM accounts_profile GROUP BY next_report_date ) SELECT * FROM grouped WHERE cnt > num ORDER BY cnt DESC;	WITH grouped AS ( SELECT col_name, COUNT(*) as cnt FROM table_name GROUP BY col_name ) SELECT * FROM grouped WHERE cnt > num ORDER BY cnt DESC;	WITH variable AS ( SELECT variable, COUNT(*) AS variable FROM variable GROUP BY variable ) SELECT * FROM variable WHERE variable > variable ORDER BY variable DESC;
drawSQL-mysql-export-2026-02-02_healthchecks	477	HARD	Show the running total of accounts profile over time based on next_report_date.	SELECT *, COUNT(*) OVER (ORDER BY next_report_date) as running_count FROM accounts_profile ORDER BY next_report_date;	SELECT *, COUNT(*) OVER (ORDER BY col_name) as column_alias0 FROM table_name ORDER BY col_name;	SELECT *, COUNT(*) OVER (ORDER BY variable) AS variable FROM variable ORDER BY variable;
drawSQL-mysql-export-2026-02-02_healthchecks	478	HARD	Find accounts profile that exist in one table but not in a related table.	SELECT * FROM accounts_profile LIMIT num;	SELECT * FROM table_name LIMIT num;	SELECT * FROM variable LIMIT variable;
drawSQL-mysql-export-2026-02-02_healthchecks	479	HARD	Combine data from accounts_profile, accounts_project, and accounts_member in a single report.	SELECT * FROM accounts_profile LEFT JOIN accounts_project ON accounts_project.id = accounts_profile.project_id LEFT JOIN accounts_member ON accounts_member.id = accounts_profile.id;	SELECT * FROM table_name LEFT JOIN table_name ON table_name.id = table_name.col_name LEFT JOIN table_name ON table_name.id = table_name.id;	SELECT * FROM variable LEFT JOIN variable ON variable = variable LEFT JOIN variable ON variable = variable;
drawSQL-mysql-export-2026-02-02_healthchecks	480	HARD	Rank all accounts profile within their groups and show the top performers.	SELECT *, ROW_NUMBER() OVER (ORDER BY id DESC) as rn FROM accounts_profile;	SELECT *, ROW_NUMBER() OVER (ORDER BY id DESC) as column_alias0 FROM table_name;	SELECT *, ROW_NUMBER() OVER (ORDER BY variable DESC) AS variable FROM variable;
drawSQL-mysql-export-2026-02-02_monica	481	EASY	How many users signed up since created_at=date?	SELECT COUNT(*) FROM users WHERE created_at >= date('now', '-1 month');	SELECT COUNT(*) FROM table_name WHERE col_name >= date(string, string);	SELECT COUNT(*) FROM variable WHERE variable >= DATE(variable, variable);
drawSQL-mysql-export-2026-02-02_monica	482	EASY	How many members are on each team?	SELECT * FROM accounts LIMIT num;	SELECT * FROM table_name LIMIT num;	SELECT * FROM variable LIMIT variable;
drawSQL-mysql-export-2026-02-02_monica	483	EASY	How many accounts do we have in total?	SELECT COUNT(*) FROM accounts;	SELECT COUNT(*) FROM table_name;	SELECT COUNT(*) FROM variable;
drawSQL-mysql-export-2026-02-02_monica	484	EASY	Show me all of our accounts.	SELECT * FROM accounts;	SELECT * FROM table_name;	SELECT * FROM variable;
drawSQL-mysql-export-2026-02-02_monica	485	EASY	Can you look up the account with id=num?	SELECT * FROM accounts WHERE id = num;	SELECT * FROM table_name WHERE id = num;	SELECT * FROM variable WHERE variable = variable;
drawSQL-mysql-export-2026-02-02_monica	486	EASY	How many accounts were created since created_at=date?	SELECT COUNT(*) FROM accounts WHERE created_at >= date('now', '-1 month');	SELECT COUNT(*) FROM table_name WHERE col_name >= date(string, string);	SELECT COUNT(*) FROM variable WHERE variable >= DATE(variable, variable);
drawSQL-mysql-export-2026-02-02_monica	487	EASY	What are the most recent accounts ordered by has_access_to_paid_version_for_free?	SELECT * FROM accounts ORDER BY created_at DESC LIMIT num;	SELECT * FROM table_name ORDER BY col_name DESC LIMIT num;	SELECT * FROM variable ORDER BY variable DESC LIMIT variable;
drawSQL-mysql-export-2026-02-02_monica	488	EASY	How many activities do we have in total?	SELECT COUNT(*) FROM activities;	SELECT COUNT(*) FROM table_name;	SELECT COUNT(*) FROM variable;
drawSQL-mysql-export-2026-02-02_monica	489	MEDIUM	Who are the most active users based on activity count?	SELECT * FROM users ORDER BY created_at DESC LIMIT 10;	SELECT * FROM table_name ORDER BY col_name DESC LIMIT num;	SELECT * FROM variable ORDER BY variable DESC LIMIT variable;
drawSQL-mysql-export-2026-02-02_monica	490	MEDIUM	Show me each account along with its related details from other tables.	SELECT t.*, c.* FROM accounts t LEFT JOIN activities c ON c.account_id = t.id;	SELECT table_alias0.*, table_alias1.* FROM table_name table_alias0 LEFT JOIN table_name table_alias1 ON table_alias1.col_name = table_alias0.id;	SELECT variable.*, variable.* FROM variable variable LEFT JOIN variable variable ON variable = variable;
drawSQL-mysql-export-2026-02-02_monica	491	MEDIUM	How many accounts were added since created_at=date?	SELECT COUNT(*) FROM accounts WHERE created_at >= date('now', '-1 month');	SELECT COUNT(*) FROM table_name WHERE col_name >= date(string, string);	SELECT COUNT(*) FROM variable WHERE variable >= DATE(variable, variable);
drawSQL-mysql-export-2026-02-02_monica	492	MEDIUM	Break down the accounts by has_access_to_paid_version_for_free — how many in each?	SELECT has_access_to_paid_version_for_free, COUNT(*) as count FROM accounts GROUP BY has_access_to_paid_version_for_free;	SELECT col_name, COUNT(*) as count FROM table_name GROUP BY col_name;	SELECT variable, COUNT(*) AS COUNT FROM variable GROUP BY variable;
drawSQL-mysql-export-2026-02-02_monica	493	MEDIUM	Are there any accounts that don't have a match in related tables?	SELECT * FROM accounts WHERE id NOT IN (SELECT DISTINCT account_id FROM activities WHERE account_id IS NOT NULL);	SELECT * FROM table_name WHERE id NOT IN (SELECT DISTINCT col_name FROM table_name WHERE col_name IS NOT NULL);	SELECT * FROM variable WHERE variable NOT IN (SELECT DISTINCT variable FROM variable WHERE variable IS NOT NULL);
drawSQL-mysql-export-2026-02-02_monica	494	MEDIUM	For each group, what are the top 3 accounts?	SELECT * FROM accounts ORDER BY id DESC LIMIT num;	SELECT * FROM table_name ORDER BY id DESC LIMIT num;	SELECT * FROM variable ORDER BY variable DESC LIMIT variable;
drawSQL-mysql-export-2026-02-02_monica	495	MEDIUM	How did the number of accounts change month over month?	SELECT strftime('%Y-%m', created_at) as period, COUNT(*) as count FROM accounts WHERE created_at >= date('now', '-2 months') GROUP BY period ORDER BY period;	SELECT strftime(string, col_name) as column_alias0, column_alias1(*) as column_alias1 FROM table_name WHERE col_name >= date(string, string) GROUP BY column_alias0 ORDER BY column_alias0;	SELECT STRFTIME(variable, variable) AS variable, variable(*) AS variable FROM variable WHERE variable >= DATE(variable, variable) GROUP BY variable ORDER BY variable;
drawSQL-mysql-export-2026-02-02_monica	496	MEDIUM	Which accounts have duplicate or repeated values?	WITH grouped AS ( SELECT has_access_to_paid_version_for_free, COUNT(*) as cnt FROM accounts GROUP BY has_access_to_paid_version_for_free ) SELECT * FROM grouped WHERE cnt > num ORDER BY cnt DESC;	WITH grouped AS ( SELECT col_name, COUNT(*) as cnt FROM table_name GROUP BY col_name ) SELECT * FROM grouped WHERE cnt > num ORDER BY cnt DESC;	WITH variable AS ( SELECT variable, COUNT(*) AS variable FROM variable GROUP BY variable ) SELECT * FROM variable WHERE variable > variable ORDER BY variable DESC;
drawSQL-mysql-export-2026-02-02_monica	497	HARD	Pull together a report on accounts joining all related tables.	SELECT * FROM activities LEFT JOIN accounts ON activities.account_id = accounts.id;	SELECT * FROM table_name LEFT JOIN table_name ON table_name.col_name = table_name.id;	SELECT * FROM variable LEFT JOIN variable ON variable = variable;
drawSQL-mysql-export-2026-02-02_monica	498	HARD	Who or what is the best in each group of accounts?	SELECT * FROM ( SELECT *, ROW_NUMBER() OVER (PARTITION BY has_access_to_paid_version_for_free ORDER BY id DESC) as rn FROM accounts ) WHERE rn = num;	SELECT * FROM ( SELECT *, ROW_NUMBER() OVER (PARTITION BY col_name ORDER BY id DESC) as column_alias0 FROM table_name ) WHERE column_alias0 = num;	SELECT * FROM ( SELECT *, ROW_NUMBER() OVER (PARTITION BY variable ORDER BY variable DESC) AS variable FROM variable ) WHERE variable = variable;
drawSQL-mysql-export-2026-02-02_monica	499	HARD	Which accounts are above average compared to others in their group?	SELECT strftime('%Y-%m', created_at) as period, COUNT(*) as count FROM accounts WHERE created_at >= date('now', '-2 months') GROUP BY period ORDER BY period;	SELECT strftime(string, col_name) as column_alias0, column_alias1(*) as column_alias1 FROM table_name WHERE col_name >= date(string, string) GROUP BY column_alias0 ORDER BY column_alias0;	SELECT STRFTIME(variable, variable) AS variable, variable(*) AS variable FROM variable WHERE variable >= DATE(variable, variable) GROUP BY variable ORDER BY variable;
drawSQL-mysql-export-2026-02-02_monica	500	HARD	Do a multi-step analysis: group accounts, filter, then rank the results.	WITH grouped AS ( SELECT has_access_to_paid_version_for_free, COUNT(*) as cnt FROM accounts GROUP BY has_access_to_paid_version_for_free ) SELECT * FROM grouped WHERE cnt > num ORDER BY cnt DESC;	WITH grouped AS ( SELECT col_name, COUNT(*) as cnt FROM table_name GROUP BY col_name ) SELECT * FROM grouped WHERE cnt > num ORDER BY cnt DESC;	WITH variable AS ( SELECT variable, COUNT(*) AS variable FROM variable GROUP BY variable ) SELECT * FROM variable WHERE variable > variable ORDER BY variable DESC;
drawSQL-mysql-export-2026-02-02_monica	501	HARD	Show the running total of accounts over time based on created_at.	SELECT *, COUNT(*) OVER (ORDER BY created_at) as running_count FROM accounts ORDER BY created_at;	SELECT *, COUNT(*) OVER (ORDER BY col_name) as column_alias0 FROM table_name ORDER BY col_name;	SELECT *, COUNT(*) OVER (ORDER BY variable) AS variable FROM variable ORDER BY variable;
drawSQL-mysql-export-2026-02-02_monica	502	HARD	Find accounts that exist in one table but not in a related table.	SELECT * FROM accounts WHERE id NOT IN (SELECT DISTINCT account_id FROM activities WHERE account_id IS NOT NULL);	SELECT * FROM table_name WHERE id NOT IN (SELECT DISTINCT col_name FROM table_name WHERE col_name IS NOT NULL);	SELECT * FROM variable WHERE variable NOT IN (SELECT DISTINCT variable FROM variable WHERE variable IS NOT NULL);
drawSQL-mysql-export-2026-02-02_monica	503	HARD	Combine data from accounts, activities, and activity_contact in a single report.	SELECT * FROM accounts LEFT JOIN activities ON activities.id = accounts.account_id LEFT JOIN activity_contact ON activity_contact.id = accounts.account_id;	SELECT * FROM table_name LEFT JOIN table_name ON table_name.id = table_name.col_name LEFT JOIN table_name ON table_name.id = table_name.col_name;	SELECT * FROM variable LEFT JOIN variable ON variable = variable LEFT JOIN variable ON variable = variable;
drawSQL-mysql-export-2026-02-02_monica	504	HARD	Rank all accounts within their groups and show the top performers.	SELECT *, ROW_NUMBER() OVER (ORDER BY id DESC) as rn FROM accounts;	SELECT *, ROW_NUMBER() OVER (ORDER BY id DESC) as column_alias0 FROM table_name;	SELECT *, ROW_NUMBER() OVER (ORDER BY variable DESC) AS variable FROM variable;
drawSQL-mysql-export-2026-02-02_reversion	505	EASY	How many users signed up since created_at=date?	SELECT COUNT(*) FROM auth_user;	SELECT COUNT(*) FROM table_name;	SELECT COUNT(*) FROM variable;
drawSQL-mysql-export-2026-02-02_reversion	506	EASY	How many users do we have in total?	SELECT COUNT(*) FROM auth_user;	SELECT COUNT(*) FROM table_name;	SELECT COUNT(*) FROM variable;
drawSQL-mysql-export-2026-02-02_reversion	507	EASY	Show me all of our users.	SELECT * FROM auth_user;	SELECT * FROM table_name;	SELECT * FROM variable;
drawSQL-mysql-export-2026-02-02_reversion	508	EASY	Can you look up the user with id=num?	SELECT * FROM auth_user WHERE id = num;	SELECT * FROM table_name WHERE id = num;	SELECT * FROM variable WHERE variable = variable;
drawSQL-mysql-export-2026-02-02_reversion	509	EASY	How many reversion revision do we have in total?	SELECT COUNT(*) FROM reversion_revision;	SELECT COUNT(*) FROM table_name;	SELECT COUNT(*) FROM variable;
drawSQL-mysql-export-2026-02-02_reversion	510	EASY	Show me all of our reversion revision.	SELECT * FROM reversion_revision;	SELECT * FROM table_name;	SELECT * FROM variable;
drawSQL-mysql-export-2026-02-02_reversion	511	EASY	Can you look up the reversion revision with id=num?	SELECT * FROM reversion_revision WHERE id = num;	SELECT * FROM table_name WHERE id = num;	SELECT * FROM variable WHERE variable = variable;
drawSQL-mysql-export-2026-02-02_reversion	512	EASY	How many reversion revision were created since date_created=date?	SELECT COUNT(*) FROM reversion_revision WHERE date_created >= date('now', '-1 month');	SELECT COUNT(*) FROM table_name WHERE col_name >= date(string, string);	SELECT COUNT(*) FROM variable WHERE variable >= DATE(variable, variable);
drawSQL-mysql-export-2026-02-02_reversion	513	MEDIUM	Who are the most active users based on activity count?	SELECT * FROM auth_user ORDER BY created_at DESC LIMIT 10;	SELECT * FROM table_name ORDER BY created_at DESC LIMIT num;	SELECT * FROM variable ORDER BY variable DESC LIMIT variable;
drawSQL-mysql-export-2026-02-02_reversion	514	MEDIUM	Show me each user along with its related details from other tables.	SELECT t.*, c.* FROM auth_user t LEFT JOIN reversion_revision c ON c.user_id = t.id;	SELECT table_alias0.*, table_alias1.* FROM table_name table_alias0 LEFT JOIN table_name table_alias1 ON table_alias1.col_name = table_alias0.id;	SELECT variable.*, variable.* FROM variable variable LEFT JOIN variable variable ON variable = variable;
drawSQL-mysql-export-2026-02-02_reversion	515	MEDIUM	Are there any users that don't have a match in related tables?	SELECT * FROM auth_user WHERE id NOT IN (SELECT DISTINCT user_id FROM reversion_revision WHERE user_id IS NOT NULL);	SELECT * FROM table_name WHERE id NOT IN (SELECT DISTINCT col_name FROM table_name WHERE col_name IS NOT NULL);	SELECT * FROM variable WHERE variable NOT IN (SELECT DISTINCT variable FROM variable WHERE variable IS NOT NULL);
drawSQL-mysql-export-2026-02-02_reversion	516	MEDIUM	For each group, what are the top 3 users?	SELECT * FROM auth_user ORDER BY id DESC LIMIT num;	SELECT * FROM table_name ORDER BY id DESC LIMIT num;	SELECT * FROM variable ORDER BY variable DESC LIMIT variable;
drawSQL-mysql-export-2026-02-02_reversion	517	MEDIUM	Which users have duplicate or repeated values?	SELECT * FROM auth_user LIMIT num;	SELECT * FROM table_name LIMIT num;	SELECT * FROM variable LIMIT variable;
drawSQL-mysql-export-2026-02-02_reversion	518	MEDIUM	Show me each reversion revision along with its related details from other tables.	SELECT t.*, c.* FROM reversion_revision t LEFT JOIN reversion_version c ON c.revision_id = t.id;	SELECT table_alias0.*, table_alias1.* FROM table_name table_alias0 LEFT JOIN table_name table_alias1 ON table_alias1.col_name = table_alias0.id;	SELECT variable.*, variable.* FROM variable variable LEFT JOIN variable variable ON variable = variable;
drawSQL-mysql-export-2026-02-02_reversion	519	MEDIUM	How many reversion revision were added since date_created=date?	SELECT COUNT(*) FROM reversion_revision WHERE date_created >= date('now', '-1 month');	SELECT COUNT(*) FROM table_name WHERE col_name >= date(string, string);	SELECT COUNT(*) FROM variable WHERE variable >= DATE(variable, variable);
drawSQL-mysql-export-2026-02-02_reversion	520	MEDIUM	Break down the reversion revision by date_created — how many in each?	SELECT date_created, COUNT(*) as count FROM reversion_revision GROUP BY date_created;	SELECT col_name, COUNT(*) as count FROM table_name GROUP BY col_name;	SELECT variable, COUNT(*) AS COUNT FROM variable GROUP BY variable;
drawSQL-mysql-export-2026-02-02_reversion	521	HARD	Pull together a report on users joining all related tables.	SELECT * FROM reversion_version LEFT JOIN reversion_revision ON reversion_version.revision_id = reversion_revision.id LEFT JOIN django_content_type ON reversion_version.content_type_id = django_content_type.id;	SELECT * FROM table_name LEFT JOIN table_name ON table_name.col_name = table_name.id LEFT JOIN table_name ON table_name.col_name = table_name.id;	SELECT * FROM variable LEFT JOIN variable ON variable = variable LEFT JOIN variable ON variable = variable;
drawSQL-mysql-export-2026-02-02_reversion	522	HARD	Who or what is the best in each group of users?	SELECT * FROM ( SELECT *, ROW_NUMBER() OVER (PARTITION BY id ORDER BY id DESC) as rn FROM auth_user ) WHERE rn = num;	SELECT * FROM ( SELECT *, ROW_NUMBER() OVER (PARTITION BY id ORDER BY id DESC) as column_alias0 FROM table_name ) WHERE column_alias0 = num;	SELECT * FROM ( SELECT *, ROW_NUMBER() OVER (PARTITION BY variable ORDER BY variable DESC) AS variable FROM variable ) WHERE variable = variable;
drawSQL-mysql-export-2026-02-02_reversion	523	HARD	Which users are above average compared to others in their group?	SELECT * FROM auth_user LIMIT num;	SELECT * FROM table_name LIMIT num;	SELECT * FROM variable LIMIT variable;
drawSQL-mysql-export-2026-02-02_reversion	524	HARD	Do a multi-step analysis: group users, filter, then rank the results.	WITH grouped AS ( SELECT id, COUNT(*) as cnt FROM auth_user GROUP BY id ) SELECT * FROM grouped WHERE cnt > num ORDER BY cnt DESC;	WITH grouped AS ( SELECT id, COUNT(*) as cnt FROM table_name GROUP BY id ) SELECT * FROM grouped WHERE cnt > num ORDER BY cnt DESC;	WITH variable AS ( SELECT variable, COUNT(*) AS variable FROM variable GROUP BY variable ) SELECT * FROM variable WHERE variable > variable ORDER BY variable DESC;
drawSQL-mysql-export-2026-02-02_reversion	525	HARD	Find users that exist in one table but not in a related table.	SELECT * FROM auth_user WHERE id NOT IN (SELECT DISTINCT user_id FROM reversion_revision WHERE user_id IS NOT NULL);	SELECT * FROM table_name WHERE id NOT IN (SELECT DISTINCT col_name FROM table_name WHERE col_name IS NOT NULL);	SELECT * FROM variable WHERE variable NOT IN (SELECT DISTINCT variable FROM variable WHERE variable IS NOT NULL);
drawSQL-mysql-export-2026-02-02_reversion	526	HARD	Combine data from auth_user, reversion_revision, and reversion_version in a single report.	SELECT * FROM auth_user LEFT JOIN reversion_revision ON reversion_revision.id = auth_user.user_id LEFT JOIN reversion_version ON reversion_version.id = auth_user.user_id;	SELECT * FROM table_name LEFT JOIN table_name ON table_name.id = table_name.col_name LEFT JOIN table_name ON table_name.id = table_name.col_name;	SELECT * FROM variable LEFT JOIN variable ON variable = variable LEFT JOIN variable ON variable = variable;
drawSQL-mysql-export-2026-02-02_reversion	527	HARD	Rank all users within their groups and show the top performers.	SELECT *, ROW_NUMBER() OVER (ORDER BY id DESC) as rn FROM auth_user;	SELECT *, ROW_NUMBER() OVER (ORDER BY id DESC) as column_alias0 FROM table_name;	SELECT *, ROW_NUMBER() OVER (ORDER BY variable DESC) AS variable FROM variable;
drawSQL-mysql-export-2026-02-02_reversion	528	HARD	Pull together a report on reversion revision joining all related tables.	SELECT * FROM reversion_version LEFT JOIN reversion_revision ON reversion_version.revision_id = reversion_revision.id LEFT JOIN django_content_type ON reversion_version.content_type_id = django_content_type.id;	SELECT * FROM table_name LEFT JOIN table_name ON table_name.col_name = table_name.id LEFT JOIN table_name ON table_name.col_name = table_name.id;	SELECT * FROM variable LEFT JOIN variable ON variable = variable LEFT JOIN variable ON variable = variable;
drawSQL-mysql-export-2026-02-02_robots	529	EASY	How many robots rule do we have in total?	SELECT COUNT(*) FROM robots_rule;	SELECT COUNT(*) FROM table_name;	SELECT COUNT(*) FROM variable;
drawSQL-mysql-export-2026-02-02_robots	530	EASY	Show me all of our robots rule.	SELECT * FROM robots_rule;	SELECT * FROM table_name;	SELECT * FROM variable;
drawSQL-mysql-export-2026-02-02_robots	531	EASY	Can you look up the robots rule with id=num?	SELECT * FROM robots_rule WHERE id = num;	SELECT * FROM table_name WHERE id = num;	SELECT * FROM variable WHERE variable = variable;
drawSQL-mysql-export-2026-02-02_robots	532	EASY	What are the most recent robots rule ordered by robot?	SELECT * FROM robots_rule ORDER BY robot DESC LIMIT num;	SELECT * FROM table_name ORDER BY col_name DESC LIMIT num;	SELECT * FROM variable ORDER BY variable DESC LIMIT variable;
drawSQL-mysql-export-2026-02-02_robots	533	EASY	How many robots rule allowed do we have in total?	SELECT COUNT(*) FROM robots_rule;	SELECT COUNT(*) FROM table_name;	SELECT COUNT(*) FROM variable;
drawSQL-mysql-export-2026-02-02_robots	534	EASY	Show me all of our robots rule allowed.	SELECT * FROM robots_rule;	SELECT * FROM table_name;	SELECT * FROM variable;
drawSQL-mysql-export-2026-02-02_robots	535	EASY	Can you look up the robots rule allowed with id=num?	SELECT * FROM robots_rule WHERE id = num;	SELECT * FROM table_name WHERE id = num;	SELECT * FROM variable WHERE variable = variable;
drawSQL-mysql-export-2026-02-02_robots	536	EASY	What are the most recent robots rule allowed ordered by rule_id?	SELECT * FROM robots_rule ORDER BY robot DESC LIMIT num;	SELECT * FROM table_name ORDER BY col_name DESC LIMIT num;	SELECT * FROM variable ORDER BY variable DESC LIMIT variable;
drawSQL-mysql-export-2026-02-02_robots	537	MEDIUM	Show me each robots rule along with its related details from other tables.	SELECT t.*, c.* FROM robots_rule t LEFT JOIN robots_rule_allowed c ON c.rule_id = t.id;	SELECT table_alias0.*, table_alias1.* FROM table_name table_alias0 LEFT JOIN table_name table_alias1 ON table_alias1.col_name = table_alias0.id;	SELECT variable.*, variable.* FROM variable variable LEFT JOIN variable variable ON variable = variable;
drawSQL-mysql-export-2026-02-02_robots	538	MEDIUM	Break down the robots rule by robot — how many in each?	SELECT robot, COUNT(*) as count FROM robots_rule GROUP BY robot;	SELECT col_name, COUNT(*) as count FROM table_name GROUP BY col_name;	SELECT variable, COUNT(*) AS COUNT FROM variable GROUP BY variable;
drawSQL-mysql-export-2026-02-02_robots	539	MEDIUM	Are there any robots rule that don't have a match in related tables?	SELECT * FROM robots_rule WHERE id NOT IN (SELECT DISTINCT rule_id FROM robots_rule_allowed WHERE rule_id IS NOT NULL);	SELECT * FROM table_name WHERE id NOT IN (SELECT DISTINCT col_name FROM table_name WHERE col_name IS NOT NULL);	SELECT * FROM variable WHERE variable NOT IN (SELECT DISTINCT variable FROM variable WHERE variable IS NOT NULL);
drawSQL-mysql-export-2026-02-02_robots	540	MEDIUM	For each group, what are the top 3 robots rule?	SELECT * FROM robots_rule ORDER BY id DESC LIMIT num;	SELECT * FROM table_name ORDER BY id DESC LIMIT num;	SELECT * FROM variable ORDER BY variable DESC LIMIT variable;
drawSQL-mysql-export-2026-02-02_robots	541	MEDIUM	Which robots rule have duplicate or repeated values?	WITH grouped AS ( SELECT robot, COUNT(*) as cnt FROM robots_rule GROUP BY robot ) SELECT * FROM grouped WHERE cnt > num ORDER BY cnt DESC;	WITH grouped AS ( SELECT col_name, COUNT(*) as cnt FROM table_name GROUP BY col_name ) SELECT * FROM grouped WHERE cnt > num ORDER BY cnt DESC;	WITH variable AS ( SELECT variable, COUNT(*) AS variable FROM variable GROUP BY variable ) SELECT * FROM variable WHERE variable > variable ORDER BY variable DESC;
drawSQL-mysql-export-2026-02-02_robots	542	MEDIUM	Break down the robots rule allowed by rule_id — how many in each?	SELECT robot, COUNT(*) as count FROM robots_rule GROUP BY robot;	SELECT col_name, COUNT(*) as count FROM table_name GROUP BY col_name;	SELECT variable, COUNT(*) AS COUNT FROM variable GROUP BY variable;
drawSQL-mysql-export-2026-02-02_robots	543	MEDIUM	Are there any robots rule allowed that don't have a match in related tables?	SELECT * FROM robots_rule WHERE id NOT IN (SELECT DISTINCT rule_id FROM robots_rule_allowed WHERE rule_id IS NOT NULL);	SELECT * FROM table_name WHERE id NOT IN (SELECT DISTINCT col_name FROM table_name WHERE col_name IS NOT NULL);	SELECT * FROM variable WHERE variable NOT IN (SELECT DISTINCT variable FROM variable WHERE variable IS NOT NULL);
drawSQL-mysql-export-2026-02-02_robots	544	MEDIUM	For each group, what are the top 3 robots rule allowed?	SELECT * FROM robots_rule ORDER BY id DESC LIMIT num;	SELECT * FROM table_name ORDER BY id DESC LIMIT num;	SELECT * FROM variable ORDER BY variable DESC LIMIT variable;
drawSQL-mysql-export-2026-02-02_robots	545	HARD	Pull together a report on robots rule joining all related tables.	SELECT * FROM robots_rule_allowed LEFT JOIN robots_url ON robots_rule_allowed.url_id = robots_url.id LEFT JOIN robots_rule ON robots_rule_allowed.rule_id = robots_rule.id;	SELECT * FROM table_name LEFT JOIN table_name ON table_name.col_name = table_name.id LEFT JOIN table_name ON table_name.col_name = table_name.id;	SELECT * FROM variable LEFT JOIN variable ON variable = variable LEFT JOIN variable ON variable = variable;
drawSQL-mysql-export-2026-02-02_robots	546	HARD	Who or what is the best in each group of robots rule?	SELECT * FROM ( SELECT *, ROW_NUMBER() OVER (PARTITION BY robot ORDER BY id DESC) as rn FROM robots_rule ) WHERE rn = num;	SELECT * FROM ( SELECT *, ROW_NUMBER() OVER (PARTITION BY col_name ORDER BY id DESC) as column_alias0 FROM table_name ) WHERE column_alias0 = num;	SELECT * FROM ( SELECT *, ROW_NUMBER() OVER (PARTITION BY variable ORDER BY variable DESC) AS variable FROM variable ) WHERE variable = variable;
drawSQL-mysql-export-2026-02-02_robots	547	HARD	Which robots rule are above average compared to others in their group?	SELECT * FROM robots_rule LIMIT num;	SELECT * FROM table_name LIMIT num;	SELECT * FROM variable LIMIT variable;
drawSQL-mysql-export-2026-02-02_robots	548	HARD	Do a multi-step analysis: group robots rule, filter, then rank the results.	WITH grouped AS ( SELECT robot, COUNT(*) as cnt FROM robots_rule GROUP BY robot ) SELECT * FROM grouped WHERE cnt > num ORDER BY cnt DESC;	WITH grouped AS ( SELECT col_name, COUNT(*) as cnt FROM table_name GROUP BY col_name ) SELECT * FROM grouped WHERE cnt > num ORDER BY cnt DESC;	WITH variable AS ( SELECT variable, COUNT(*) AS variable FROM variable GROUP BY variable ) SELECT * FROM variable WHERE variable > variable ORDER BY variable DESC;
drawSQL-mysql-export-2026-02-02_robots	549	HARD	Find robots rule that exist in one table but not in a related table.	SELECT * FROM robots_rule WHERE id NOT IN (SELECT DISTINCT rule_id FROM robots_rule_allowed WHERE rule_id IS NOT NULL);	SELECT * FROM table_name WHERE id NOT IN (SELECT DISTINCT col_name FROM table_name WHERE col_name IS NOT NULL);	SELECT * FROM variable WHERE variable NOT IN (SELECT DISTINCT variable FROM variable WHERE variable IS NOT NULL);
drawSQL-mysql-export-2026-02-02_robots	550	HARD	Combine data from robots_rule, robots_rule_allowed, and robots_rule_disallowed in a single report.	SELECT * FROM robots_rule LEFT JOIN robots_rule_allowed ON robots_rule_allowed.id = robots_rule.rule_id LEFT JOIN robots_rule_disallowed ON robots_rule_disallowed.id = robots_rule.rule_id;	SELECT * FROM table_name LEFT JOIN table_name ON table_name.id = table_name.col_name LEFT JOIN table_name ON table_name.id = table_name.col_name;	SELECT * FROM variable LEFT JOIN variable ON variable = variable LEFT JOIN variable ON variable = variable;
drawSQL-mysql-export-2026-02-02_robots	551	HARD	Rank all robots rule within their groups and show the top performers.	SELECT *, ROW_NUMBER() OVER (ORDER BY id DESC) as rn FROM robots_rule;	SELECT *, ROW_NUMBER() OVER (ORDER BY id DESC) as column_alias0 FROM table_name;	SELECT *, ROW_NUMBER() OVER (ORDER BY variable DESC) AS variable FROM variable;
drawSQL-mysql-export-2026-02-02_robots	552	HARD	Pull together a report on robots rule allowed joining all related tables.	SELECT * FROM robots_rule_allowed LEFT JOIN robots_url ON robots_rule_allowed.url_id = robots_url.id LEFT JOIN robots_rule ON robots_rule_allowed.rule_id = robots_rule.id;	SELECT * FROM table_name LEFT JOIN table_name ON table_name.col_name = table_name.id LEFT JOIN table_name ON table_name.col_name = table_name.id;	SELECT * FROM variable LEFT JOIN variable ON variable = variable LEFT JOIN variable ON variable = variable;
drawSQL-mysql-export-2026-02-02_silk	553	EASY	How many silk profile do we have in total?	SELECT COUNT(*) FROM silk_profile;	SELECT COUNT(*) FROM table_name;	SELECT COUNT(*) FROM variable;
drawSQL-mysql-export-2026-02-02_silk	554	EASY	Show me all of our silk profile.	SELECT * FROM silk_profile;	SELECT * FROM table_name;	SELECT * FROM variable;
drawSQL-mysql-export-2026-02-02_silk	555	EASY	Can you look up the silk profile with id=num?	SELECT * FROM silk_profile WHERE id = num;	SELECT * FROM table_name WHERE id = num;	SELECT * FROM variable WHERE variable = variable;
drawSQL-mysql-export-2026-02-02_silk	556	EASY	Find the silk profile where name=string.	SELECT * FROM silk_profile WHERE name = string;	SELECT * FROM table_name WHERE col_name = string;	SELECT * FROM variable WHERE variable = variable;
drawSQL-mysql-export-2026-02-02_silk	557	EASY	How many silk profile were created since file_path=date?	SELECT COUNT(*) FROM silk_profile WHERE file_path >= date('now', '-1 month');	SELECT COUNT(*) FROM table_name WHERE col_name >= date(string, string);	SELECT COUNT(*) FROM variable WHERE variable >= DATE(variable, variable);
drawSQL-mysql-export-2026-02-02_silk	558	EASY	What are the most recent silk profile ordered by name?	SELECT * FROM silk_profile ORDER BY file_path DESC LIMIT num;	SELECT * FROM table_name ORDER BY col_name DESC LIMIT num;	SELECT * FROM variable ORDER BY variable DESC LIMIT variable;
drawSQL-mysql-export-2026-02-02_silk	559	EASY	How many silk profile queries do we have in total?	SELECT COUNT(*) FROM silk_profile;	SELECT COUNT(*) FROM table_name;	SELECT COUNT(*) FROM variable;
drawSQL-mysql-export-2026-02-02_silk	560	EASY	Show me all of our silk profile queries.	SELECT * FROM silk_profile;	SELECT * FROM table_name;	SELECT * FROM variable;
drawSQL-mysql-export-2026-02-02_silk	561	MEDIUM	Show me each silk profile along with its related details from other tables.	SELECT t.*, c.* FROM silk_profile t LEFT JOIN silk_profile_queries c ON c.profile_id = t.id;	SELECT table_alias0.*, table_alias1.* FROM table_name table_alias0 LEFT JOIN table_name table_alias1 ON table_alias1.col_name = table_alias0.id;	SELECT variable.*, variable.* FROM variable variable LEFT JOIN variable variable ON variable = variable;
drawSQL-mysql-export-2026-02-02_silk	562	MEDIUM	How many silk profile were added since file_path=date?	SELECT COUNT(*) FROM silk_profile WHERE file_path >= date('now', '-1 month');	SELECT COUNT(*) FROM table_name WHERE col_name >= date(string, string);	SELECT COUNT(*) FROM variable WHERE variable >= DATE(variable, variable);
drawSQL-mysql-export-2026-02-02_silk	563	MEDIUM	Break down the silk profile by name — how many in each?	SELECT name, COUNT(*) as count FROM silk_profile GROUP BY name;	SELECT col_name, COUNT(*) as count FROM table_name GROUP BY col_name;	SELECT variable, COUNT(*) AS COUNT FROM variable GROUP BY variable;
drawSQL-mysql-export-2026-02-02_silk	564	MEDIUM	Are there any silk profile that don't have a match in related tables?	SELECT * FROM silk_profile WHERE id NOT IN (SELECT DISTINCT profile_id FROM silk_profile_queries WHERE profile_id IS NOT NULL);	SELECT * FROM table_name WHERE id NOT IN (SELECT DISTINCT col_name FROM table_name WHERE col_name IS NOT NULL);	SELECT * FROM variable WHERE variable NOT IN (SELECT DISTINCT variable FROM variable WHERE variable IS NOT NULL);
drawSQL-mysql-export-2026-02-02_silk	565	MEDIUM	For each group, what are the top 3 silk profile?	SELECT * FROM silk_profile ORDER BY id DESC LIMIT num;	SELECT * FROM table_name ORDER BY id DESC LIMIT num;	SELECT * FROM variable ORDER BY variable DESC LIMIT variable;
drawSQL-mysql-export-2026-02-02_silk	566	MEDIUM	How did the number of silk profile change month over month?	SELECT strftime('%Y-%m', file_path) as period, COUNT(*) as count FROM silk_profile WHERE file_path >= date('now', '-2 months') GROUP BY period ORDER BY period;	SELECT strftime(string, col_name) as column_alias0, column_alias1(*) as column_alias1 FROM table_name WHERE col_name >= date(string, string) GROUP BY column_alias0 ORDER BY column_alias0;	SELECT STRFTIME(variable, variable) AS variable, variable(*) AS variable FROM variable WHERE variable >= DATE(variable, variable) GROUP BY variable ORDER BY variable;
drawSQL-mysql-export-2026-02-02_silk	567	MEDIUM	Which silk profile have duplicate or repeated values?	WITH grouped AS ( SELECT name, COUNT(*) as cnt FROM silk_profile GROUP BY name ) SELECT * FROM grouped WHERE cnt > num ORDER BY cnt DESC;	WITH grouped AS ( SELECT col_name, COUNT(*) as cnt FROM table_name GROUP BY col_name ) SELECT * FROM grouped WHERE cnt > num ORDER BY cnt DESC;	WITH variable AS ( SELECT variable, COUNT(*) AS variable FROM variable GROUP BY variable ) SELECT * FROM variable WHERE variable > variable ORDER BY variable DESC;
drawSQL-mysql-export-2026-02-02_silk	568	MEDIUM	Break down the silk profile queries by profile_id — how many in each?	SELECT name, COUNT(*) as count FROM silk_profile GROUP BY name;	SELECT col_name, COUNT(*) as count FROM table_name GROUP BY col_name;	SELECT variable, COUNT(*) AS COUNT FROM variable GROUP BY variable;
drawSQL-mysql-export-2026-02-02_silk	569	HARD	Pull together a report on silk profile joining all related tables.	SELECT * FROM silk_profile LEFT JOIN silk_request ON silk_profile.request_id = silk_request.id;	SELECT * FROM table_name LEFT JOIN table_name ON table_name.col_name = table_name.id;	SELECT * FROM variable LEFT JOIN variable ON variable = variable;
drawSQL-mysql-export-2026-02-02_silk	570	HARD	Who or what is the best in each group of silk profile?	SELECT * FROM ( SELECT *, ROW_NUMBER() OVER (PARTITION BY name ORDER BY id DESC) as rn FROM silk_profile ) WHERE rn = num;	SELECT * FROM ( SELECT *, ROW_NUMBER() OVER (PARTITION BY col_name ORDER BY id DESC) as column_alias0 FROM table_name ) WHERE column_alias0 = num;	SELECT * FROM ( SELECT *, ROW_NUMBER() OVER (PARTITION BY variable ORDER BY variable DESC) AS variable FROM variable ) WHERE variable = variable;
drawSQL-mysql-export-2026-02-02_silk	571	HARD	Which silk profile are above average compared to others in their group?	SELECT strftime('%Y-%m', file_path) as period, COUNT(*) as count FROM silk_profile WHERE file_path >= date('now', '-2 months') GROUP BY period ORDER BY period;	SELECT strftime(string, col_name) as column_alias0, column_alias1(*) as column_alias1 FROM table_name WHERE col_name >= date(string, string) GROUP BY column_alias0 ORDER BY column_alias0;	SELECT STRFTIME(variable, variable) AS variable, variable(*) AS variable FROM variable WHERE variable >= DATE(variable, variable) GROUP BY variable ORDER BY variable;
drawSQL-mysql-export-2026-02-02_silk	572	HARD	Do a multi-step analysis: group silk profile, filter, then rank the results.	WITH grouped AS ( SELECT name, COUNT(*) as cnt FROM silk_profile GROUP BY name ) SELECT * FROM grouped WHERE cnt > num ORDER BY cnt DESC;	WITH grouped AS ( SELECT col_name, COUNT(*) as cnt FROM table_name GROUP BY col_name ) SELECT * FROM grouped WHERE cnt > num ORDER BY cnt DESC;	WITH variable AS ( SELECT variable, COUNT(*) AS variable FROM variable GROUP BY variable ) SELECT * FROM variable WHERE variable > variable ORDER BY variable DESC;
drawSQL-mysql-export-2026-02-02_silk	573	HARD	Show the running total of silk profile over time based on file_path.	SELECT *, COUNT(*) OVER (ORDER BY file_path) as running_count FROM silk_profile ORDER BY file_path;	SELECT *, COUNT(*) OVER (ORDER BY col_name) as column_alias0 FROM table_name ORDER BY col_name;	SELECT *, COUNT(*) OVER (ORDER BY variable) AS variable FROM variable ORDER BY variable;
drawSQL-mysql-export-2026-02-02_silk	574	HARD	Find silk profile that exist in one table but not in a related table.	SELECT * FROM silk_profile WHERE id NOT IN (SELECT DISTINCT profile_id FROM silk_profile_queries WHERE profile_id IS NOT NULL);	SELECT * FROM table_name WHERE id NOT IN (SELECT DISTINCT col_name FROM table_name WHERE col_name IS NOT NULL);	SELECT * FROM variable WHERE variable NOT IN (SELECT DISTINCT variable FROM variable WHERE variable IS NOT NULL);
drawSQL-mysql-export-2026-02-02_silk	575	HARD	Combine data from silk_profile, silk_profile_queries, and silk_request in a single report.	SELECT * FROM silk_profile LEFT JOIN silk_profile_queries ON silk_profile_queries.id = silk_profile.profile_id LEFT JOIN silk_request ON silk_request.id = silk_profile.request_id;	SELECT * FROM table_name LEFT JOIN table_name ON table_name.id = table_name.col_name LEFT JOIN table_name ON table_name.id = table_name.col_name;	SELECT * FROM variable LEFT JOIN variable ON variable = variable LEFT JOIN variable ON variable = variable;
drawSQL-mysql-export-2026-02-02_silk	576	HARD	Rank all silk profile within their groups and show the top performers.	SELECT *, ROW_NUMBER() OVER (ORDER BY id DESC) as rn FROM silk_profile;	SELECT *, ROW_NUMBER() OVER (ORDER BY id DESC) as column_alias0 FROM table_name;	SELECT *, ROW_NUMBER() OVER (ORDER BY variable DESC) AS variable FROM variable;
drawSQL-mysql-export-2026-02-02_taggit	577	EASY	How many taggit tag do we have in total?	SELECT COUNT(*) FROM taggit_tag;	SELECT COUNT(*) FROM table_name;	SELECT COUNT(*) FROM variable;
drawSQL-mysql-export-2026-02-02_taggit	578	EASY	Show me all of our taggit tag.	SELECT * FROM taggit_tag;	SELECT * FROM table_name;	SELECT * FROM variable;
drawSQL-mysql-export-2026-02-02_taggit	579	EASY	Can you look up the taggit tag with id=num?	SELECT * FROM taggit_tag WHERE id = num;	SELECT * FROM table_name WHERE id = num;	SELECT * FROM variable WHERE variable = variable;
drawSQL-mysql-export-2026-02-02_taggit	580	EASY	Find the taggit tag where name=string.	SELECT * FROM taggit_tag WHERE name = string;	SELECT * FROM table_name WHERE col_name = string;	SELECT * FROM variable WHERE variable = variable;
drawSQL-mysql-export-2026-02-02_taggit	581	EASY	What are the most recent taggit tag ordered by name?	SELECT * FROM taggit_tag ORDER BY name DESC LIMIT num;	SELECT * FROM table_name ORDER BY col_name DESC LIMIT num;	SELECT * FROM variable ORDER BY variable DESC LIMIT variable;
drawSQL-mysql-export-2026-02-02_taggit	582	EASY	How many taggit taggeditem do we have in total?	SELECT COUNT(*) FROM taggit_tag;	SELECT COUNT(*) FROM table_name;	SELECT COUNT(*) FROM variable;
drawSQL-mysql-export-2026-02-02_taggit	583	EASY	Show me all of our taggit taggeditem.	SELECT * FROM taggit_tag;	SELECT * FROM table_name;	SELECT * FROM variable;
drawSQL-mysql-export-2026-02-02_taggit	584	EASY	Can you look up the taggit taggeditem with id=num?	SELECT * FROM taggit_tag WHERE id = num;	SELECT * FROM table_name WHERE id = num;	SELECT * FROM variable WHERE variable = variable;
drawSQL-mysql-export-2026-02-02_taggit	585	MEDIUM	Show me each taggit tag along with its related details from other tables.	SELECT t.*, c.* FROM taggit_tag t LEFT JOIN taggit_taggeditem c ON c.tag_id = t.id;	SELECT table_alias0.*, table_alias1.* FROM table_name table_alias0 LEFT JOIN table_name table_alias1 ON table_alias1.col_name = table_alias0.id;	SELECT variable.*, variable.* FROM variable variable LEFT JOIN variable variable ON variable = variable;
drawSQL-mysql-export-2026-02-02_taggit	586	MEDIUM	Break down the taggit tag by name — how many in each?	SELECT name, COUNT(*) as count FROM taggit_tag GROUP BY name;	SELECT col_name, COUNT(*) as count FROM table_name GROUP BY col_name;	SELECT variable, COUNT(*) AS COUNT FROM variable GROUP BY variable;
drawSQL-mysql-export-2026-02-02_taggit	587	MEDIUM	Are there any taggit tag that don't have a match in related tables?	SELECT * FROM taggit_tag WHERE id NOT IN (SELECT DISTINCT tag_id FROM taggit_taggeditem WHERE tag_id IS NOT NULL);	SELECT * FROM table_name WHERE id NOT IN (SELECT DISTINCT col_name FROM table_name WHERE col_name IS NOT NULL);	SELECT * FROM variable WHERE variable NOT IN (SELECT DISTINCT variable FROM variable WHERE variable IS NOT NULL);
drawSQL-mysql-export-2026-02-02_taggit	588	MEDIUM	For each group, what are the top 3 taggit tag?	SELECT * FROM taggit_tag ORDER BY id DESC LIMIT num;	SELECT * FROM table_name ORDER BY id DESC LIMIT num;	SELECT * FROM variable ORDER BY variable DESC LIMIT variable;
drawSQL-mysql-export-2026-02-02_taggit	589	MEDIUM	Which taggit tag have duplicate or repeated values?	WITH grouped AS ( SELECT name, COUNT(*) as cnt FROM taggit_tag GROUP BY name ) SELECT * FROM grouped WHERE cnt > num ORDER BY cnt DESC;	WITH grouped AS ( SELECT col_name, COUNT(*) as cnt FROM table_name GROUP BY col_name ) SELECT * FROM grouped WHERE cnt > num ORDER BY cnt DESC;	WITH variable AS ( SELECT variable, COUNT(*) AS variable FROM variable GROUP BY variable ) SELECT * FROM variable WHERE variable > variable ORDER BY variable DESC;
drawSQL-mysql-export-2026-02-02_taggit	590	MEDIUM	Break down the taggit taggeditem by content_type_id — how many in each?	SELECT name, COUNT(*) as count FROM taggit_tag GROUP BY name;	SELECT col_name, COUNT(*) as count FROM table_name GROUP BY col_name;	SELECT variable, COUNT(*) AS COUNT FROM variable GROUP BY variable;
drawSQL-mysql-export-2026-02-02_taggit	591	MEDIUM	Are there any taggit taggeditem that don't have a match in related tables?	SELECT * FROM taggit_tag WHERE id NOT IN (SELECT DISTINCT tag_id FROM taggit_taggeditem WHERE tag_id IS NOT NULL);	SELECT * FROM table_name WHERE id NOT IN (SELECT DISTINCT col_name FROM table_name WHERE col_name IS NOT NULL);	SELECT * FROM variable WHERE variable NOT IN (SELECT DISTINCT variable FROM variable WHERE variable IS NOT NULL);
drawSQL-mysql-export-2026-02-02_taggit	592	MEDIUM	For each group, what are the top 3 taggit taggeditem?	SELECT * FROM taggit_tag ORDER BY id DESC LIMIT num;	SELECT * FROM table_name ORDER BY id DESC LIMIT num;	SELECT * FROM variable ORDER BY variable DESC LIMIT variable;
drawSQL-mysql-export-2026-02-02_taggit	593	HARD	Pull together a report on taggit tag joining all related tables.	SELECT * FROM taggit_taggeditem LEFT JOIN taggit_tag ON taggit_taggeditem.tag_id = taggit_tag.id;	SELECT * FROM table_name LEFT JOIN table_name ON table_name.col_name = table_name.id;	SELECT * FROM variable LEFT JOIN variable ON variable = variable;
drawSQL-mysql-export-2026-02-02_taggit	594	HARD	Who or what is the best in each group of taggit tag?	SELECT * FROM ( SELECT *, ROW_NUMBER() OVER (PARTITION BY name ORDER BY id DESC) as rn FROM taggit_tag ) WHERE rn = num;	SELECT * FROM ( SELECT *, ROW_NUMBER() OVER (PARTITION BY col_name ORDER BY id DESC) as column_alias0 FROM table_name ) WHERE column_alias0 = num;	SELECT * FROM ( SELECT *, ROW_NUMBER() OVER (PARTITION BY variable ORDER BY variable DESC) AS variable FROM variable ) WHERE variable = variable;
drawSQL-mysql-export-2026-02-02_taggit	595	HARD	Which taggit tag are above average compared to others in their group?	SELECT * FROM taggit_tag LIMIT num;	SELECT * FROM table_name LIMIT num;	SELECT * FROM variable LIMIT variable;
drawSQL-mysql-export-2026-02-02_taggit	596	HARD	Do a multi-step analysis: group taggit tag, filter, then rank the results.	WITH grouped AS ( SELECT name, COUNT(*) as cnt FROM taggit_tag GROUP BY name ) SELECT * FROM grouped WHERE cnt > num ORDER BY cnt DESC;	WITH grouped AS ( SELECT col_name, COUNT(*) as cnt FROM table_name GROUP BY col_name ) SELECT * FROM grouped WHERE cnt > num ORDER BY cnt DESC;	WITH variable AS ( SELECT variable, COUNT(*) AS variable FROM variable GROUP BY variable ) SELECT * FROM variable WHERE variable > variable ORDER BY variable DESC;
drawSQL-mysql-export-2026-02-02_taggit	597	HARD	Find taggit tag that exist in one table but not in a related table.	SELECT * FROM taggit_tag WHERE id NOT IN (SELECT DISTINCT tag_id FROM taggit_taggeditem WHERE tag_id IS NOT NULL);	SELECT * FROM table_name WHERE id NOT IN (SELECT DISTINCT col_name FROM table_name WHERE col_name IS NOT NULL);	SELECT * FROM variable WHERE variable NOT IN (SELECT DISTINCT variable FROM variable WHERE variable IS NOT NULL);
drawSQL-mysql-export-2026-02-02_taggit	598	HARD	Rank all taggit tag within their groups and show the top performers.	SELECT *, ROW_NUMBER() OVER (ORDER BY id DESC) as rn FROM taggit_tag;	SELECT *, ROW_NUMBER() OVER (ORDER BY id DESC) as column_alias0 FROM table_name;	SELECT *, ROW_NUMBER() OVER (ORDER BY variable DESC) AS variable FROM variable;
drawSQL-mysql-export-2026-02-02_taggit	599	HARD	Pull together a report on taggit taggeditem joining all related tables.	SELECT * FROM taggit_taggeditem LEFT JOIN taggit_tag ON taggit_taggeditem.tag_id = taggit_tag.id;	SELECT * FROM table_name LEFT JOIN table_name ON table_name.col_name = table_name.id;	SELECT * FROM variable LEFT JOIN variable ON variable = variable;
drawSQL-mysql-export-2026-02-02_taggit	600	HARD	Who or what is the best in each group of taggit taggeditem?	SELECT * FROM ( SELECT *, ROW_NUMBER() OVER (PARTITION BY name ORDER BY id DESC) as rn FROM taggit_tag ) WHERE rn = num;	SELECT * FROM ( SELECT *, ROW_NUMBER() OVER (PARTITION BY col_name ORDER BY id DESC) as column_alias0 FROM table_name ) WHERE column_alias0 = num;	SELECT * FROM ( SELECT *, ROW_NUMBER() OVER (PARTITION BY variable ORDER BY variable DESC) AS variable FROM variable ) WHERE variable = variable;
drawSQL-mysql-export-2026-02-02_two_factor_auth	601	EASY	How many users signed up since created_at=date?	SELECT COUNT(*) FROM auth_user WHERE date_joined >= date('now', '-1 month');	SELECT COUNT(*) FROM table_name WHERE col_name >= date(string, string);	SELECT COUNT(*) FROM variable WHERE variable >= DATE(variable, variable);
drawSQL-mysql-export-2026-02-02_two_factor_auth	602	EASY	How many users do we have in total?	SELECT COUNT(*) FROM auth_user;	SELECT COUNT(*) FROM table_name;	SELECT COUNT(*) FROM variable;
drawSQL-mysql-export-2026-02-02_two_factor_auth	603	EASY	Show me all of our users.	SELECT * FROM auth_user;	SELECT * FROM table_name;	SELECT * FROM variable;
drawSQL-mysql-export-2026-02-02_two_factor_auth	604	EASY	Can you look up the user with id=num?	SELECT * FROM auth_user WHERE id = num;	SELECT * FROM table_name WHERE id = num;	SELECT * FROM variable WHERE variable = variable;
drawSQL-mysql-export-2026-02-02_two_factor_auth	605	EASY	Find the user where username=string.	SELECT * FROM auth_user WHERE username = string;	SELECT * FROM table_name WHERE col_name = string;	SELECT * FROM variable WHERE variable = variable;
drawSQL-mysql-export-2026-02-02_two_factor_auth	606	EASY	How many users were created since date_joined=date?	SELECT COUNT(*) FROM auth_user WHERE date_joined >= date('now', '-1 month');	SELECT COUNT(*) FROM table_name WHERE col_name >= date(string, string);	SELECT COUNT(*) FROM variable WHERE variable >= DATE(variable, variable);
drawSQL-mysql-export-2026-02-02_two_factor_auth	607	EASY	What are the most recent users ordered by password?	SELECT * FROM auth_user ORDER BY date_joined DESC LIMIT num;	SELECT * FROM table_name ORDER BY col_name DESC LIMIT num;	SELECT * FROM variable ORDER BY variable DESC LIMIT variable;
drawSQL-mysql-export-2026-02-02_two_factor_auth	608	EASY	How many two factor phonedevice do we have in total?	SELECT COUNT(*) FROM two_factor_phonedevice;	SELECT COUNT(*) FROM table_name;	SELECT COUNT(*) FROM variable;
drawSQL-mysql-export-2026-02-02_two_factor_auth	609	MEDIUM	Who are the most active users based on activity count?	SELECT * FROM auth_user ORDER BY created_at DESC LIMIT 10;	SELECT * FROM table_name ORDER BY created_at DESC LIMIT num;	SELECT * FROM variable ORDER BY variable DESC LIMIT variable;
drawSQL-mysql-export-2026-02-02_two_factor_auth	610	MEDIUM	Show me each user along with its related details from other tables.	SELECT t.*, c.* FROM auth_user t LEFT JOIN two_factor_phonedevice c ON c.user_id = t.id;	SELECT table_alias0.*, table_alias1.* FROM table_name table_alias0 LEFT JOIN table_name table_alias1 ON table_alias1.col_name = table_alias0.id;	SELECT variable.*, variable.* FROM variable variable LEFT JOIN variable variable ON variable = variable;
drawSQL-mysql-export-2026-02-02_two_factor_auth	611	MEDIUM	How many users were added since date_joined=date?	SELECT COUNT(*) FROM auth_user WHERE date_joined >= date('now', '-1 month');	SELECT COUNT(*) FROM table_name WHERE col_name >= date(string, string);	SELECT COUNT(*) FROM variable WHERE variable >= DATE(variable, variable);
drawSQL-mysql-export-2026-02-02_two_factor_auth	612	MEDIUM	Break down the users by password — how many in each?	SELECT COUNT(*) FROM auth_user WHERE date_joined >= date('now', '-1 month');	SELECT COUNT(*) FROM table_name WHERE col_name >= date(string, string);	SELECT COUNT(*) FROM variable WHERE variable >= DATE(variable, variable);
drawSQL-mysql-export-2026-02-02_two_factor_auth	613	MEDIUM	Are there any users that don't have a match in related tables?	SELECT * FROM auth_user WHERE id NOT IN (SELECT DISTINCT user_id FROM two_factor_phonedevice WHERE user_id IS NOT NULL);	SELECT * FROM table_name WHERE id NOT IN (SELECT DISTINCT col_name FROM table_name WHERE col_name IS NOT NULL);	SELECT * FROM variable WHERE variable NOT IN (SELECT DISTINCT variable FROM variable WHERE variable IS NOT NULL);
drawSQL-mysql-export-2026-02-02_two_factor_auth	614	MEDIUM	For each group, what are the top 3 users?	SELECT * FROM auth_user ORDER BY id DESC LIMIT num;	SELECT * FROM table_name ORDER BY id DESC LIMIT num;	SELECT * FROM variable ORDER BY variable DESC LIMIT variable;
drawSQL-mysql-export-2026-02-02_two_factor_auth	615	MEDIUM	How did the number of users change month over month?	SELECT strftime('%Y-%m', date_joined) as period, COUNT(*) as count FROM auth_user WHERE date_joined >= date('now', '-2 months') GROUP BY period ORDER BY period;	SELECT strftime(string, col_name) as column_alias0, column_alias1(*) as column_alias1 FROM table_name WHERE col_name >= date(string, string) GROUP BY column_alias0 ORDER BY column_alias0;	SELECT STRFTIME(variable, variable) AS variable, variable(*) AS variable FROM variable WHERE variable >= DATE(variable, variable) GROUP BY variable ORDER BY variable;
drawSQL-mysql-export-2026-02-02_two_factor_auth	616	MEDIUM	Which users have duplicate or repeated values?	WITH grouped AS ( SELECT password, COUNT(*) as cnt FROM auth_user GROUP BY password ) SELECT * FROM grouped WHERE cnt > num ORDER BY cnt DESC;	WITH grouped AS ( SELECT col_name, COUNT(*) as cnt FROM table_name GROUP BY col_name ) SELECT * FROM grouped WHERE cnt > num ORDER BY cnt DESC;	WITH variable AS ( SELECT variable, COUNT(*) AS variable FROM variable GROUP BY variable ) SELECT * FROM variable WHERE variable > variable ORDER BY variable DESC;
drawSQL-mysql-export-2026-02-02_two_factor_auth	617	HARD	Pull together a report on users joining all related tables.	SELECT * FROM two_factor_phonedevice LEFT JOIN auth_user ON two_factor_phonedevice.user_id = auth_user.id;	SELECT * FROM table_name LEFT JOIN table_name ON table_name.col_name = table_name.id;	SELECT * FROM variable LEFT JOIN variable ON variable = variable;
drawSQL-mysql-export-2026-02-02_two_factor_auth	618	HARD	Who or what is the best in each group of users?	SELECT * FROM ( SELECT *, ROW_NUMBER() OVER (PARTITION BY password ORDER BY id DESC) as rn FROM auth_user ) WHERE rn = num;	SELECT * FROM ( SELECT *, ROW_NUMBER() OVER (PARTITION BY col_name ORDER BY id DESC) as column_alias0 FROM table_name ) WHERE column_alias0 = num;	SELECT * FROM ( SELECT *, ROW_NUMBER() OVER (PARTITION BY variable ORDER BY variable DESC) AS variable FROM variable ) WHERE variable = variable;
drawSQL-mysql-export-2026-02-02_two_factor_auth	619	HARD	Which users are above average compared to others in their group?	SELECT strftime('%Y-%m', date_joined) as period, COUNT(*) as count FROM auth_user WHERE date_joined >= date('now', '-2 months') GROUP BY period ORDER BY period;	SELECT strftime(string, col_name) as column_alias0, column_alias1(*) as column_alias1 FROM table_name WHERE col_name >= date(string, string) GROUP BY column_alias0 ORDER BY column_alias0;	SELECT STRFTIME(variable, variable) AS variable, variable(*) AS variable FROM variable WHERE variable >= DATE(variable, variable) GROUP BY variable ORDER BY variable;
drawSQL-mysql-export-2026-02-02_two_factor_auth	620	HARD	Do a multi-step analysis: group users, filter, then rank the results.	WITH grouped AS ( SELECT password, COUNT(*) as cnt FROM auth_user GROUP BY password ) SELECT * FROM grouped WHERE cnt > num ORDER BY cnt DESC;	WITH grouped AS ( SELECT col_name, COUNT(*) as cnt FROM table_name GROUP BY col_name ) SELECT * FROM grouped WHERE cnt > num ORDER BY cnt DESC;	WITH variable AS ( SELECT variable, COUNT(*) AS variable FROM variable GROUP BY variable ) SELECT * FROM variable WHERE variable > variable ORDER BY variable DESC;
drawSQL-mysql-export-2026-02-02_two_factor_auth	621	HARD	Show the running total of users over time based on date_joined.	SELECT *, COUNT(*) OVER (ORDER BY date_joined) as running_count FROM auth_user ORDER BY date_joined;	SELECT *, COUNT(*) OVER (ORDER BY col_name) as column_alias0 FROM table_name ORDER BY col_name;	SELECT *, COUNT(*) OVER (ORDER BY variable) AS variable FROM variable ORDER BY variable;
drawSQL-mysql-export-2026-02-02_two_factor_auth	622	HARD	Find users that exist in one table but not in a related table.	SELECT * FROM auth_user WHERE id NOT IN (SELECT DISTINCT user_id FROM two_factor_phonedevice WHERE user_id IS NOT NULL);	SELECT * FROM table_name WHERE id NOT IN (SELECT DISTINCT col_name FROM table_name WHERE col_name IS NOT NULL);	SELECT * FROM variable WHERE variable NOT IN (SELECT DISTINCT variable FROM variable WHERE variable IS NOT NULL);
drawSQL-mysql-export-2026-02-02_two_factor_auth	623	HARD	Rank all users within their groups and show the top performers.	SELECT *, ROW_NUMBER() OVER (ORDER BY id DESC) as rn FROM auth_user;	SELECT *, ROW_NUMBER() OVER (ORDER BY id DESC) as column_alias0 FROM table_name;	SELECT *, ROW_NUMBER() OVER (ORDER BY variable DESC) AS variable FROM variable;
drawSQL-mysql-export-2026-02-02_two_factor_auth	624	HARD	Pull together a report on two factor phonedevice joining all related tables.	SELECT * FROM two_factor_phonedevice LEFT JOIN auth_user ON two_factor_phonedevice.user_id = auth_user.id;	SELECT * FROM table_name LEFT JOIN table_name ON table_name.col_name = table_name.id;	SELECT * FROM variable LEFT JOIN variable ON variable = variable;
drawSQL-mysql-export-2026-02-02_user_sessions	625	EASY	How many users signed up since created_at=date?	SELECT COUNT(*) FROM auth_user WHERE date_joined >= date('now', '-1 month');	SELECT COUNT(*) FROM table_name WHERE col_name >= date(string, string);	SELECT COUNT(*) FROM variable WHERE variable >= DATE(variable, variable);
drawSQL-mysql-export-2026-02-02_user_sessions	626	EASY	How many users do we have in total?	SELECT COUNT(*) FROM auth_user;	SELECT COUNT(*) FROM table_name;	SELECT COUNT(*) FROM variable;
drawSQL-mysql-export-2026-02-02_user_sessions	627	EASY	Show me all of our users.	SELECT * FROM auth_user;	SELECT * FROM table_name;	SELECT * FROM variable;
drawSQL-mysql-export-2026-02-02_user_sessions	628	EASY	Can you look up the user with id=num?	SELECT * FROM auth_user WHERE id = num;	SELECT * FROM table_name WHERE id = num;	SELECT * FROM variable WHERE variable = variable;
drawSQL-mysql-export-2026-02-02_user_sessions	629	EASY	Find the user where username=string.	SELECT * FROM auth_user WHERE username = string;	SELECT * FROM table_name WHERE col_name = string;	SELECT * FROM variable WHERE variable = variable;
drawSQL-mysql-export-2026-02-02_user_sessions	630	EASY	How many users were created since date_joined=date?	SELECT COUNT(*) FROM auth_user WHERE date_joined >= date('now', '-1 month');	SELECT COUNT(*) FROM table_name WHERE col_name >= date(string, string);	SELECT COUNT(*) FROM variable WHERE variable >= DATE(variable, variable);
drawSQL-mysql-export-2026-02-02_user_sessions	631	EASY	What are the most recent users ordered by password?	SELECT * FROM auth_user ORDER BY date_joined DESC LIMIT num;	SELECT * FROM table_name ORDER BY col_name DESC LIMIT num;	SELECT * FROM variable ORDER BY variable DESC LIMIT variable;
drawSQL-mysql-export-2026-02-02_user_sessions	632	EASY	Show me the first few users from the auth_user table.	SELECT * FROM auth_user LIMIT num;	SELECT * FROM table_name LIMIT num;	SELECT * FROM variable LIMIT variable;
drawSQL-mysql-export-2026-02-02_user_sessions	633	MEDIUM	Who are the most active users based on activity count?	SELECT * FROM auth_user ORDER BY created_at DESC LIMIT 10;	SELECT * FROM table_name ORDER BY created_at DESC LIMIT num;	SELECT * FROM variable ORDER BY variable DESC LIMIT variable;
drawSQL-mysql-export-2026-02-02_user_sessions	634	MEDIUM	Show me each user along with its related details from other tables.	SELECT t.*, c.* FROM auth_user t LEFT JOIN user_sessions_session c ON c.user_id = t.id;	SELECT table_alias0.*, table_alias1.* FROM table_name table_alias0 LEFT JOIN table_name table_alias1 ON table_alias1.col_name = table_alias0.id;	SELECT variable.*, variable.* FROM variable variable LEFT JOIN variable variable ON variable = variable;
drawSQL-mysql-export-2026-02-02_user_sessions	635	MEDIUM	How many users were added since date_joined=date?	SELECT COUNT(*) FROM auth_user WHERE date_joined >= date('now', '-1 month');	SELECT COUNT(*) FROM table_name WHERE col_name >= date(string, string);	SELECT COUNT(*) FROM variable WHERE variable >= DATE(variable, variable);
drawSQL-mysql-export-2026-02-02_user_sessions	636	MEDIUM	Break down the users by password — how many in each?	SELECT COUNT(*) FROM auth_user WHERE date_joined >= date('now', '-1 month');	SELECT COUNT(*) FROM table_name WHERE col_name >= date(string, string);	SELECT COUNT(*) FROM variable WHERE variable >= DATE(variable, variable);
drawSQL-mysql-export-2026-02-02_user_sessions	637	MEDIUM	Are there any users that don't have a match in related tables?	SELECT * FROM auth_user WHERE id NOT IN (SELECT DISTINCT user_id FROM user_sessions_session WHERE user_id IS NOT NULL);	SELECT * FROM table_name WHERE id NOT IN (SELECT DISTINCT col_name FROM table_name WHERE col_name IS NOT NULL);	SELECT * FROM variable WHERE variable NOT IN (SELECT DISTINCT variable FROM variable WHERE variable IS NOT NULL);
drawSQL-mysql-export-2026-02-02_user_sessions	638	MEDIUM	For each group, what are the top 3 users?	SELECT * FROM auth_user ORDER BY id DESC LIMIT num;	SELECT * FROM table_name ORDER BY id DESC LIMIT num;	SELECT * FROM variable ORDER BY variable DESC LIMIT variable;
drawSQL-mysql-export-2026-02-02_user_sessions	639	MEDIUM	How did the number of users change month over month?	SELECT strftime('%Y-%m', date_joined) as period, COUNT(*) as count FROM auth_user WHERE date_joined >= date('now', '-2 months') GROUP BY period ORDER BY period;	SELECT strftime(string, col_name) as column_alias0, column_alias1(*) as column_alias1 FROM table_name WHERE col_name >= date(string, string) GROUP BY column_alias0 ORDER BY column_alias0;	SELECT STRFTIME(variable, variable) AS variable, variable(*) AS variable FROM variable WHERE variable >= DATE(variable, variable) GROUP BY variable ORDER BY variable;
drawSQL-mysql-export-2026-02-02_user_sessions	640	MEDIUM	Which users have duplicate or repeated values?	WITH grouped AS ( SELECT password, COUNT(*) as cnt FROM auth_user GROUP BY password ) SELECT * FROM grouped WHERE cnt > num ORDER BY cnt DESC;	WITH grouped AS ( SELECT col_name, COUNT(*) as cnt FROM table_name GROUP BY col_name ) SELECT * FROM grouped WHERE cnt > num ORDER BY cnt DESC;	WITH variable AS ( SELECT variable, COUNT(*) AS variable FROM variable GROUP BY variable ) SELECT * FROM variable WHERE variable > variable ORDER BY variable DESC;
drawSQL-mysql-export-2026-02-02_user_sessions	641	HARD	Pull together a report on users joining all related tables.	SELECT * FROM user_sessions_session LEFT JOIN auth_user ON user_sessions_session.user_id = auth_user.id;	SELECT * FROM table_name LEFT JOIN table_name ON table_name.col_name = table_name.id;	SELECT * FROM variable LEFT JOIN variable ON variable = variable;
drawSQL-mysql-export-2026-02-02_user_sessions	642	HARD	Who or what is the best in each group of users?	SELECT * FROM ( SELECT *, ROW_NUMBER() OVER (PARTITION BY password ORDER BY id DESC) as rn FROM auth_user ) WHERE rn = num;	SELECT * FROM ( SELECT *, ROW_NUMBER() OVER (PARTITION BY col_name ORDER BY id DESC) as column_alias0 FROM table_name ) WHERE column_alias0 = num;	SELECT * FROM ( SELECT *, ROW_NUMBER() OVER (PARTITION BY variable ORDER BY variable DESC) AS variable FROM variable ) WHERE variable = variable;
drawSQL-mysql-export-2026-02-02_user_sessions	643	HARD	Which users are above average compared to others in their group?	SELECT strftime('%Y-%m', date_joined) as period, COUNT(*) as count FROM auth_user WHERE date_joined >= date('now', '-2 months') GROUP BY period ORDER BY period;	SELECT strftime(string, col_name) as column_alias0, column_alias1(*) as column_alias1 FROM table_name WHERE col_name >= date(string, string) GROUP BY column_alias0 ORDER BY column_alias0;	SELECT STRFTIME(variable, variable) AS variable, variable(*) AS variable FROM variable WHERE variable >= DATE(variable, variable) GROUP BY variable ORDER BY variable;
drawSQL-mysql-export-2026-02-02_user_sessions	644	HARD	Do a multi-step analysis: group users, filter, then rank the results.	WITH grouped AS ( SELECT password, COUNT(*) as cnt FROM auth_user GROUP BY password ) SELECT * FROM grouped WHERE cnt > num ORDER BY cnt DESC;	WITH grouped AS ( SELECT col_name, COUNT(*) as cnt FROM table_name GROUP BY col_name ) SELECT * FROM grouped WHERE cnt > num ORDER BY cnt DESC;	WITH variable AS ( SELECT variable, COUNT(*) AS variable FROM variable GROUP BY variable ) SELECT * FROM variable WHERE variable > variable ORDER BY variable DESC;
drawSQL-mysql-export-2026-02-02_user_sessions	645	HARD	Show the running total of users over time based on date_joined.	SELECT *, COUNT(*) OVER (ORDER BY date_joined) as running_count FROM auth_user ORDER BY date_joined;	SELECT *, COUNT(*) OVER (ORDER BY col_name) as column_alias0 FROM table_name ORDER BY col_name;	SELECT *, COUNT(*) OVER (ORDER BY variable) AS variable FROM variable ORDER BY variable;
drawSQL-mysql-export-2026-02-02_user_sessions	646	HARD	Find users that exist in one table but not in a related table.	SELECT * FROM auth_user WHERE id NOT IN (SELECT DISTINCT user_id FROM user_sessions_session WHERE user_id IS NOT NULL);	SELECT * FROM table_name WHERE id NOT IN (SELECT DISTINCT col_name FROM table_name WHERE col_name IS NOT NULL);	SELECT * FROM variable WHERE variable NOT IN (SELECT DISTINCT variable FROM variable WHERE variable IS NOT NULL);
drawSQL-mysql-export-2026-02-02_user_sessions	647	HARD	Rank all users within their groups and show the top performers.	SELECT *, ROW_NUMBER() OVER (ORDER BY id DESC) as rn FROM auth_user;	SELECT *, ROW_NUMBER() OVER (ORDER BY id DESC) as column_alias0 FROM table_name;	SELECT *, ROW_NUMBER() OVER (ORDER BY variable DESC) AS variable FROM variable;
drawSQL-mysql-export-2026-02-02_user_sessions	648	HARD	Build a comprehensive report pulling data from multiple tables.	SELECT * FROM user_sessions_session LEFT JOIN auth_user ON user_sessions_session.user_id = auth_user.id;	SELECT * FROM table_name LEFT JOIN table_name ON table_name.col_name = table_name.id;	SELECT * FROM variable LEFT JOIN variable ON variable = variable;
drawSQL-mysql-export-2026-02-02_wagtail	649	EASY	How many users signed up since created_at=date?	SELECT COUNT(*) FROM auth_user WHERE date_joined >= date('now', '-1 month');	SELECT COUNT(*) FROM table_name WHERE col_name >= date(string, string);	SELECT COUNT(*) FROM variable WHERE variable >= DATE(variable, variable);
drawSQL-mysql-export-2026-02-02_wagtail	650	EASY	How many auth group do we have in total?	SELECT COUNT(*) FROM auth_group;	SELECT COUNT(*) FROM table_name;	SELECT COUNT(*) FROM variable;
drawSQL-mysql-export-2026-02-02_wagtail	651	EASY	Show me all of our auth group.	SELECT * FROM auth_group;	SELECT * FROM table_name;	SELECT * FROM variable;
drawSQL-mysql-export-2026-02-02_wagtail	652	EASY	Can you look up the auth group with id=num?	SELECT * FROM auth_group WHERE id = num;	SELECT * FROM table_name WHERE id = num;	SELECT * FROM variable WHERE variable = variable;
drawSQL-mysql-export-2026-02-02_wagtail	653	EASY	Find the auth group where name=string.	SELECT * FROM auth_group WHERE name = string;	SELECT * FROM table_name WHERE col_name = string;	SELECT * FROM variable WHERE variable = variable;
drawSQL-mysql-export-2026-02-02_wagtail	654	EASY	What are the most recent auth group ordered by name?	SELECT * FROM auth_group ORDER BY name DESC LIMIT num;	SELECT * FROM table_name ORDER BY col_name DESC LIMIT num;	SELECT * FROM variable ORDER BY variable DESC LIMIT variable;
drawSQL-mysql-export-2026-02-02_wagtail	655	EASY	How many auth group permissions do we have in total?	SELECT COUNT(*) FROM auth_group;	SELECT COUNT(*) FROM table_name;	SELECT COUNT(*) FROM variable;
drawSQL-mysql-export-2026-02-02_wagtail	656	EASY	Show me all of our auth group permissions.	SELECT * FROM auth_group;	SELECT * FROM table_name;	SELECT * FROM variable;
drawSQL-mysql-export-2026-02-02_wagtail	657	MEDIUM	Who are the most active users based on activity count?	SELECT * FROM auth_user ORDER BY created_at DESC LIMIT 10;	SELECT * FROM table_name ORDER BY col_name DESC LIMIT num;	SELECT * FROM variable ORDER BY variable DESC LIMIT variable;
drawSQL-mysql-export-2026-02-02_wagtail	658	MEDIUM	Show me each auth group along with its related details from other tables.	SELECT t.*, c.* FROM auth_group t LEFT JOIN auth_group_permissions c ON c.group_id = t.id;	SELECT table_alias0.*, table_alias1.* FROM table_name table_alias0 LEFT JOIN table_name table_alias1 ON table_alias1.col_name = table_alias0.id;	SELECT variable.*, variable.* FROM variable variable LEFT JOIN variable variable ON variable = variable;
drawSQL-mysql-export-2026-02-02_wagtail	659	MEDIUM	Break down the auth group by name — how many in each?	SELECT name, COUNT(*) as count FROM auth_group GROUP BY name;	SELECT col_name, COUNT(*) as count FROM table_name GROUP BY col_name;	SELECT variable, COUNT(*) AS COUNT FROM variable GROUP BY variable;
drawSQL-mysql-export-2026-02-02_wagtail	660	MEDIUM	Are there any auth group that don't have a match in related tables?	SELECT * FROM auth_group WHERE id NOT IN (SELECT DISTINCT group_id FROM auth_group_permissions WHERE group_id IS NOT NULL);	SELECT * FROM table_name WHERE id NOT IN (SELECT DISTINCT col_name FROM table_name WHERE col_name IS NOT NULL);	SELECT * FROM variable WHERE variable NOT IN (SELECT DISTINCT variable FROM variable WHERE variable IS NOT NULL);
drawSQL-mysql-export-2026-02-02_wagtail	661	MEDIUM	For each group, what are the top 3 auth group?	SELECT * FROM auth_group ORDER BY id DESC LIMIT num;	SELECT * FROM table_name ORDER BY id DESC LIMIT num;	SELECT * FROM variable ORDER BY variable DESC LIMIT variable;
drawSQL-mysql-export-2026-02-02_wagtail	662	MEDIUM	Which auth group have duplicate or repeated values?	WITH grouped AS ( SELECT name, COUNT(*) as cnt FROM auth_group GROUP BY name ) SELECT * FROM grouped WHERE cnt > num ORDER BY cnt DESC;	WITH grouped AS ( SELECT col_name, COUNT(*) as cnt FROM table_name GROUP BY col_name ) SELECT * FROM grouped WHERE cnt > num ORDER BY cnt DESC;	WITH variable AS ( SELECT variable, COUNT(*) AS variable FROM variable GROUP BY variable ) SELECT * FROM variable WHERE variable > variable ORDER BY variable DESC;
drawSQL-mysql-export-2026-02-02_wagtail	663	MEDIUM	Break down the auth group permissions by group_id — how many in each?	SELECT name, COUNT(*) as count FROM auth_group GROUP BY name;	SELECT col_name, COUNT(*) as count FROM table_name GROUP BY col_name;	SELECT variable, COUNT(*) AS COUNT FROM variable GROUP BY variable;
drawSQL-mysql-export-2026-02-02_wagtail	664	MEDIUM	Are there any auth group permissions that don't have a match in related tables?	SELECT * FROM auth_group WHERE id NOT IN (SELECT DISTINCT group_id FROM auth_group_permissions WHERE group_id IS NOT NULL);	SELECT * FROM table_name WHERE id NOT IN (SELECT DISTINCT col_name FROM table_name WHERE col_name IS NOT NULL);	SELECT * FROM variable WHERE variable NOT IN (SELECT DISTINCT variable FROM variable WHERE variable IS NOT NULL);
drawSQL-mysql-export-2026-02-02_wagtail	665	HARD	Pull together a report on auth group joining all related tables.	SELECT * FROM auth_group_permissions LEFT JOIN auth_group ON auth_group_permissions.group_id = auth_group.id;	SELECT * FROM table_name LEFT JOIN table_name ON table_name.col_name = table_name.id;	SELECT * FROM variable LEFT JOIN variable ON variable = variable;
drawSQL-mysql-export-2026-02-02_wagtail	666	HARD	Who or what is the best in each group of auth group?	SELECT * FROM ( SELECT *, ROW_NUMBER() OVER (PARTITION BY name ORDER BY id DESC) as rn FROM auth_group ) WHERE rn = num;	SELECT * FROM ( SELECT *, ROW_NUMBER() OVER (PARTITION BY col_name ORDER BY id DESC) as column_alias0 FROM table_name ) WHERE column_alias0 = num;	SELECT * FROM ( SELECT *, ROW_NUMBER() OVER (PARTITION BY variable ORDER BY variable DESC) AS variable FROM variable ) WHERE variable = variable;
drawSQL-mysql-export-2026-02-02_wagtail	667	HARD	Which auth group are above average compared to others in their group?	SELECT * FROM auth_group LIMIT num;	SELECT * FROM table_name LIMIT num;	SELECT * FROM variable LIMIT variable;
drawSQL-mysql-export-2026-02-02_wagtail	668	HARD	Do a multi-step analysis: group auth group, filter, then rank the results.	WITH grouped AS ( SELECT name, COUNT(*) as cnt FROM auth_group GROUP BY name ) SELECT * FROM grouped WHERE cnt > num ORDER BY cnt DESC;	WITH grouped AS ( SELECT col_name, COUNT(*) as cnt FROM table_name GROUP BY col_name ) SELECT * FROM grouped WHERE cnt > num ORDER BY cnt DESC;	WITH variable AS ( SELECT variable, COUNT(*) AS variable FROM variable GROUP BY variable ) SELECT * FROM variable WHERE variable > variable ORDER BY variable DESC;
drawSQL-mysql-export-2026-02-02_wagtail	669	HARD	Find auth group that exist in one table but not in a related table.	SELECT * FROM auth_group WHERE id NOT IN (SELECT DISTINCT group_id FROM auth_group_permissions WHERE group_id IS NOT NULL);	SELECT * FROM table_name WHERE id NOT IN (SELECT DISTINCT col_name FROM table_name WHERE col_name IS NOT NULL);	SELECT * FROM variable WHERE variable NOT IN (SELECT DISTINCT variable FROM variable WHERE variable IS NOT NULL);
drawSQL-mysql-export-2026-02-02_wagtail	670	HARD	Combine data from auth_group, auth_group_permissions, and auth_permission in a single report.	SELECT * FROM auth_group LEFT JOIN auth_group_permissions ON auth_group_permissions.id = auth_group.group_id LEFT JOIN auth_permission ON auth_permission.id = auth_group.group_id;	SELECT * FROM table_name LEFT JOIN table_name ON table_name.id = table_name.col_name LEFT JOIN table_name ON table_name.id = table_name.col_name;	SELECT * FROM variable LEFT JOIN variable ON variable = variable LEFT JOIN variable ON variable = variable;
drawSQL-mysql-export-2026-02-02_wagtail	671	HARD	Rank all auth group within their groups and show the top performers.	SELECT *, ROW_NUMBER() OVER (ORDER BY id DESC) as rn FROM auth_group;	SELECT *, ROW_NUMBER() OVER (ORDER BY id DESC) as column_alias0 FROM table_name;	SELECT *, ROW_NUMBER() OVER (ORDER BY variable DESC) AS variable FROM variable;
drawSQL-mysql-export-2026-02-02_wagtail	672	HARD	Pull together a report on auth group permissions joining all related tables.	SELECT * FROM auth_group_permissions LEFT JOIN auth_group ON auth_group_permissions.group_id = auth_group.id;	SELECT * FROM table_name LEFT JOIN table_name ON table_name.col_name = table_name.id;	SELECT * FROM variable LEFT JOIN variable ON variable = variable;
drawSQL-mysql-export-2026-02-03 _cms	673	EASY	How many bootstrap4 alerts bootstrap4alerts do we have in total?	SELECT COUNT(*) FROM bootstrap4_alerts_bootstrap4alerts;	SELECT COUNT(*) FROM table_name;	SELECT COUNT(*) FROM variable;
drawSQL-mysql-export-2026-02-03 _cms	674	EASY	Show me all of our bootstrap4 alerts bootstrap4alerts.	SELECT * FROM bootstrap4_alerts_bootstrap4alerts;	SELECT * FROM table_name;	SELECT * FROM variable;
drawSQL-mysql-export-2026-02-03 _cms	675	EASY	Can you look up the bootstrap4 alerts bootstrap4alert with id=num?	SELECT * FROM bootstrap4_alerts_bootstrap4alerts LIMIT num;	SELECT * FROM table_name LIMIT num;	SELECT * FROM variable LIMIT variable;
drawSQL-mysql-export-2026-02-03 _cms	676	EASY	How many bootstrap4 alerts bootstrap4alerts were created since attributes=date?	SELECT COUNT(*) FROM bootstrap4_alerts_bootstrap4alerts WHERE attributes >= date('now', '-1 month');	SELECT COUNT(*) FROM table_name WHERE col_name >= date(string, string);	SELECT COUNT(*) FROM variable WHERE variable >= DATE(variable, variable);
drawSQL-mysql-export-2026-02-03 _cms	677	EASY	What are the most recent bootstrap4 alerts bootstrap4alerts ordered by cmsplugin_ptr_id?	SELECT * FROM bootstrap4_alerts_bootstrap4alerts ORDER BY attributes DESC LIMIT num;	SELECT * FROM table_name ORDER BY col_name DESC LIMIT num;	SELECT * FROM variable ORDER BY variable DESC LIMIT variable;
drawSQL-mysql-export-2026-02-03 _cms	678	EASY	How many bootstrap4 badge bootstrap4badge do we have in total?	SELECT COUNT(*) FROM bootstrap4_badge_bootstrap4badge;	SELECT COUNT(*) FROM table_name;	SELECT COUNT(*) FROM variable;
drawSQL-mysql-export-2026-02-03 _cms	679	EASY	Show me all of our bootstrap4 badge bootstrap4badge.	SELECT * FROM bootstrap4_badge_bootstrap4badge;	SELECT * FROM table_name;	SELECT * FROM variable;
drawSQL-mysql-export-2026-02-03 _cms	680	EASY	Can you look up the bootstrap4 badge bootstrap4badge with id=num?	SELECT * FROM bootstrap4_badge_bootstrap4badge LIMIT num;	SELECT * FROM table_name LIMIT num;	SELECT * FROM variable LIMIT variable;
drawSQL-mysql-export-2026-02-03 _cms	681	MEDIUM	Show me each bootstrap4 alerts bootstrap4alert along with its related details from other tables.	SELECT t.*, c.* FROM bootstrap4_alerts_bootstrap4alerts t LEFT JOIN cms_cmsplugin c ON c.id = t.cmsplugin_ptr_id;	SELECT table_alias0.*, table_alias1.* FROM table_name table_alias0 LEFT JOIN table_name table_alias1 ON table_alias1.id = table_alias0.col_name;	SELECT variable.*, variable.* FROM variable variable LEFT JOIN variable variable ON variable = variable;
drawSQL-mysql-export-2026-02-03 _cms	682	MEDIUM	How many bootstrap4 alerts bootstrap4alerts were added since attributes=date?	SELECT COUNT(*) FROM bootstrap4_alerts_bootstrap4alerts WHERE attributes >= date('now', '-1 month');	SELECT COUNT(*) FROM table_name WHERE col_name >= date(string, string);	SELECT COUNT(*) FROM variable WHERE variable >= DATE(variable, variable);
drawSQL-mysql-export-2026-02-03 _cms	683	MEDIUM	Break down the bootstrap4 alerts bootstrap4alerts by tag_type — how many in each?	SELECT tag_type, COUNT(*) as count FROM bootstrap4_alerts_bootstrap4alerts GROUP BY tag_type;	SELECT col_name, COUNT(*) as count FROM table_name GROUP BY col_name;	SELECT variable, COUNT(*) AS COUNT FROM variable GROUP BY variable;
drawSQL-mysql-export-2026-02-03 _cms	684	MEDIUM	Are there any bootstrap4 alerts bootstrap4alerts that don't have a match in related tables?	SELECT * FROM bootstrap4_alerts_bootstrap4alerts WHERE id NOT IN (SELECT DISTINCT id FROM cms_cmsplugin WHERE id IS NOT NULL);	SELECT * FROM table_name WHERE id NOT IN (SELECT DISTINCT id FROM table_name WHERE id IS NOT NULL);	SELECT * FROM variable WHERE variable NOT IN (SELECT DISTINCT variable FROM variable WHERE variable IS NOT NULL);
drawSQL-mysql-export-2026-02-03 _cms	685	MEDIUM	For each group, what are the top 3 bootstrap4 alerts bootstrap4alerts?	SELECT * FROM ( SELECT *, ROW_NUMBER() OVER (PARTITION BY tag_type ORDER BY id DESC) as rn FROM bootstrap4_alerts_bootstrap4alerts ) WHERE rn <= num;	SELECT * FROM ( SELECT *, ROW_NUMBER() OVER (PARTITION BY col_name ORDER BY id DESC) as column_alias0 FROM table_name ) WHERE column_alias0 <= num;	SELECT * FROM ( SELECT *, ROW_NUMBER() OVER (PARTITION BY variable ORDER BY variable DESC) AS variable FROM variable ) WHERE variable <= variable;
drawSQL-mysql-export-2026-02-03 _cms	686	MEDIUM	How did the number of bootstrap4 alerts bootstrap4alerts change month over month?	SELECT strftime('%Y-%m', attributes) as period, COUNT(*) as count FROM bootstrap4_alerts_bootstrap4alerts WHERE attributes >= date('now', '-2 months') GROUP BY period ORDER BY period;	SELECT strftime(string, col_name) as column_alias0, column_alias1(*) as column_alias1 FROM table_name WHERE col_name >= date(string, string) GROUP BY column_alias0 ORDER BY column_alias0;	SELECT STRFTIME(variable, variable) AS variable, variable(*) AS variable FROM variable WHERE variable >= DATE(variable, variable) GROUP BY variable ORDER BY variable;
drawSQL-mysql-export-2026-02-03 _cms	687	MEDIUM	Which bootstrap4 alerts bootstrap4alerts have duplicate or repeated values?	WITH grouped AS ( SELECT tag_type, COUNT(*) as cnt FROM bootstrap4_alerts_bootstrap4alerts GROUP BY tag_type ) SELECT * FROM grouped WHERE cnt > num ORDER BY cnt DESC;	WITH grouped AS ( SELECT col_name, COUNT(*) as cnt FROM table_name GROUP BY col_name ) SELECT * FROM grouped WHERE cnt > num ORDER BY cnt DESC;	WITH variable AS ( SELECT variable, COUNT(*) AS variable FROM variable GROUP BY variable ) SELECT * FROM variable WHERE variable > variable ORDER BY variable DESC;
drawSQL-mysql-export-2026-02-03 _cms	688	MEDIUM	Show me each bootstrap4 badge bootstrap4badge along with its related details from other tables.	SELECT t.*, c.* FROM bootstrap4_badge_bootstrap4badge t LEFT JOIN cms_cmsplugin c ON c.id = t.cmsplugin_ptr_id;	SELECT table_alias0.*, table_alias1.* FROM table_name table_alias0 LEFT JOIN table_name table_alias1 ON table_alias1.id = table_alias0.col_name;	SELECT variable.*, variable.* FROM variable variable LEFT JOIN variable variable ON variable = variable;
drawSQL-mysql-export-2026-02-03 _cms	689	HARD	Pull together a report on bootstrap4 alerts bootstrap4alerts joining all related tables.	SELECT * FROM cms_cmsplugin LEFT JOIN bootstrap4_link_bootstrap4link ON cms_cmsplugin.id = bootstrap4_link_bootstrap4link.cmsplugin_ptr_id LEFT JOIN bootstrap4_tabs_bootstrap4tab ON cms_cmsplugin.id = bootstrap4_tabs_bootstrap4tab.cmsplugin_ptr_id LEFT JOIN bootstrap4_content_bootstrap4code ON cms_cmsplugin.id = bootstrap4_content_bootstrap4code.cmsplugin_ptr_id;	SELECT * FROM table_name LEFT JOIN table_name ON table_name.id = table_name.col_name LEFT JOIN table_name ON table_name.id = table_name.col_name LEFT JOIN table_name ON table_name.id = table_name.col_name;	SELECT * FROM variable LEFT JOIN variable ON variable = variable LEFT JOIN variable ON variable = variable LEFT JOIN variable ON variable = variable;
drawSQL-mysql-export-2026-02-03 _cms	690	HARD	Who or what is the best in each group of bootstrap4 alerts bootstrap4alerts?	SELECT * FROM ( SELECT *, ROW_NUMBER() OVER (PARTITION BY tag_type ORDER BY id DESC) as rn FROM bootstrap4_alerts_bootstrap4alerts ) WHERE rn = num;	SELECT * FROM ( SELECT *, ROW_NUMBER() OVER (PARTITION BY col_name ORDER BY id DESC) as column_alias0 FROM table_name ) WHERE column_alias0 = num;	SELECT * FROM ( SELECT *, ROW_NUMBER() OVER (PARTITION BY variable ORDER BY variable DESC) AS variable FROM variable ) WHERE variable = variable;
drawSQL-mysql-export-2026-02-03 _cms	691	HARD	Which bootstrap4 alerts bootstrap4alerts are above average compared to others in their group?	SELECT strftime('%Y-%m', attributes) as period, COUNT(*) as count FROM bootstrap4_alerts_bootstrap4alerts WHERE attributes >= date('now', '-2 months') GROUP BY period ORDER BY period;	SELECT strftime(string, col_name) as column_alias0, column_alias1(*) as column_alias1 FROM table_name WHERE col_name >= date(string, string) GROUP BY column_alias0 ORDER BY column_alias0;	SELECT STRFTIME(variable, variable) AS variable, variable(*) AS variable FROM variable WHERE variable >= DATE(variable, variable) GROUP BY variable ORDER BY variable;
drawSQL-mysql-export-2026-02-03 _cms	692	HARD	Do a multi-step analysis: group bootstrap4 alerts bootstrap4alerts, filter, then rank the results.	WITH grouped AS ( SELECT tag_type, COUNT(*) as cnt FROM bootstrap4_alerts_bootstrap4alerts GROUP BY tag_type ) SELECT * FROM grouped WHERE cnt > num ORDER BY cnt DESC;	WITH grouped AS ( SELECT col_name, COUNT(*) as cnt FROM table_name GROUP BY col_name ) SELECT * FROM grouped WHERE cnt > num ORDER BY cnt DESC;	WITH variable AS ( SELECT variable, COUNT(*) AS variable FROM variable GROUP BY variable ) SELECT * FROM variable WHERE variable > variable ORDER BY variable DESC;
drawSQL-mysql-export-2026-02-03 _cms	693	HARD	Show the running total of bootstrap4 alerts bootstrap4alerts over time based on attributes.	SELECT *, COUNT(*) OVER (ORDER BY attributes) as running_count FROM bootstrap4_alerts_bootstrap4alerts ORDER BY attributes;	SELECT *, COUNT(*) OVER (ORDER BY col_name) as column_alias0 FROM table_name ORDER BY col_name;	SELECT *, COUNT(*) OVER (ORDER BY variable) AS variable FROM variable ORDER BY variable;
drawSQL-mysql-export-2026-02-03 _cms	694	HARD	Find bootstrap4 alerts bootstrap4alerts that exist in one table but not in a related table.	SELECT * FROM bootstrap4_alerts_bootstrap4alerts WHERE id NOT IN (SELECT DISTINCT id FROM cms_cmsplugin WHERE id IS NOT NULL);	SELECT * FROM table_name WHERE id NOT IN (SELECT DISTINCT id FROM table_name WHERE id IS NOT NULL);	SELECT * FROM variable WHERE variable NOT IN (SELECT DISTINCT variable FROM variable WHERE variable IS NOT NULL);
drawSQL-mysql-export-2026-02-03 _cms	695	HARD	Combine data from bootstrap4_alerts_bootstrap4alerts, bootstrap4_badge_bootstrap4badge, and bootstrap4_card_bootstrap4card in a single report.	SELECT * FROM bootstrap4_alerts_bootstrap4alerts LEFT JOIN bootstrap4_badge_bootstrap4badge ON bootstrap4_badge_bootstrap4badge.cmsplugin_ptr_id = bootstrap4_alerts_bootstrap4alerts.id LEFT JOIN bootstrap4_card_bootstrap4card ON bootstrap4_card_bootstrap4card.cmsplugin_ptr_id = bootstrap4_alerts_bootstrap4alerts.id;	SELECT * FROM table_name LEFT JOIN table_name ON table_name.col_name = table_name.id LEFT JOIN table_name ON table_name.col_name = table_name.id;	SELECT * FROM variable LEFT JOIN variable ON variable = variable LEFT JOIN variable ON variable = variable;
drawSQL-mysql-export-2026-02-03 _cms	696	HARD	Rank all bootstrap4 alerts bootstrap4alerts within their groups and show the top performers.	SELECT * FROM ( SELECT *, ROW_NUMBER() OVER (PARTITION BY tag_type ORDER BY id DESC) as rn FROM bootstrap4_alerts_bootstrap4alerts ) WHERE rn <= num;	SELECT * FROM ( SELECT *, ROW_NUMBER() OVER (PARTITION BY col_name ORDER BY id DESC) as column_alias0 FROM table_name ) WHERE column_alias0 <= num;	SELECT * FROM ( SELECT *, ROW_NUMBER() OVER (PARTITION BY variable ORDER BY variable DESC) AS variable FROM variable ) WHERE variable <= variable;
drawSQL-mysql-export-2026-02-03_airbnb	697	EASY	What rooms have price between num and num?	SELECT * FROM rooms WHERE price BETWEEN num AND num ORDER BY price;	SELECT * FROM table_name WHERE col_name BETWEEN num AND num ORDER BY col_name;	SELECT * FROM variable WHERE variable BETWEEN variable AND variable ORDER BY variable;
drawSQL-mysql-export-2026-02-03_airbnb	698	EASY	How many users signed up since created_at=date?	SELECT COUNT(*) FROM users WHERE created_at >= date('now', '-1 month');	SELECT COUNT(*) FROM table_name WHERE col_name >= date(string, string);	SELECT COUNT(*) FROM variable WHERE variable >= DATE(variable, variable);
drawSQL-mysql-export-2026-02-03_airbnb	699	EASY	How many users do we have in total?	SELECT COUNT(*) FROM users;	SELECT COUNT(*) FROM table_name;	SELECT COUNT(*) FROM variable;
drawSQL-mysql-export-2026-02-03_airbnb	700	EASY	Show me all of our users.	SELECT * FROM users;	SELECT * FROM table_name;	SELECT * FROM variable;
drawSQL-mysql-export-2026-02-03_airbnb	701	EASY	Can you look up the user with id=num?	SELECT * FROM users WHERE id = num;	SELECT * FROM table_name WHERE id = num;	SELECT * FROM variable WHERE variable = variable;
drawSQL-mysql-export-2026-02-03_airbnb	702	EASY	Find the user where name=string.	SELECT * FROM users WHERE name = string;	SELECT * FROM table_name WHERE col_name = string;	SELECT * FROM variable WHERE variable = variable;
drawSQL-mysql-export-2026-02-03_airbnb	703	EASY	How many users were created since created_at=date?	SELECT COUNT(*) FROM users WHERE created_at >= date('now', '-1 month');	SELECT COUNT(*) FROM table_name WHERE col_name >= date(string, string);	SELECT COUNT(*) FROM variable WHERE variable >= DATE(variable, variable);
drawSQL-mysql-export-2026-02-03_airbnb	704	EASY	What are the most recent users ordered by name?	SELECT * FROM users ORDER BY created_at DESC LIMIT num;	SELECT * FROM table_name ORDER BY col_name DESC LIMIT num;	SELECT * FROM variable ORDER BY variable DESC LIMIT variable;
drawSQL-mysql-export-2026-02-03_airbnb	705	MEDIUM	How much total revenue from reservations since created_at=date?	SELECT SUM(price) as total_revenue FROM reservations WHERE start_date >= date('now', '-1 month');	SELECT SUM(col_name) as total_revenue FROM table_name WHERE col_name >= date(string, string);	SELECT SUM(variable) AS variable FROM variable WHERE variable >= DATE(variable, variable);
drawSQL-mysql-export-2026-02-03_airbnb	706	MEDIUM	Which rooms have the best average rating?	SELECT r.*, AVG(rev.rating) as avg_rating FROM rooms r JOIN reservations res ON res.room_id = r.id JOIN reviews rev ON rev.reservation_id = res.id GROUP BY r.id ORDER BY avg_rating DESC;	SELECT table_alias0.*, AVG(table_alias2.col_name) as column_alias0 FROM table_name table_alias0 JOIN table_name table_alias1 ON table_alias1.col_name = table_alias0.id JOIN table_name table_alias2 ON table_alias2.col_name = table_alias1.id GROUP BY table_alias0.id ORDER BY column_alias0 DESC;	SELECT variable.*, AVG(variable) AS variable FROM variable variable JOIN variable variable ON variable = variable JOIN variable variable ON variable = variable GROUP BY variable ORDER BY variable DESC;
drawSQL-mysql-export-2026-02-03_airbnb	707	MEDIUM	Who are the most active users based on activity count?	SELECT * FROM users ORDER BY created_at DESC LIMIT 10;	SELECT * FROM table_name ORDER BY col_name DESC LIMIT num;	SELECT * FROM variable ORDER BY variable DESC LIMIT variable;
drawSQL-mysql-export-2026-02-03_airbnb	708	MEDIUM	Show me each user along with its related details from other tables.	SELECT t.*, c.* FROM users t LEFT JOIN reservations c ON c.user_id = t.id;	SELECT table_alias0.*, table_alias1.* FROM table_name table_alias0 LEFT JOIN table_name table_alias1 ON table_alias1.col_name = table_alias0.id;	SELECT variable.*, variable.* FROM variable variable LEFT JOIN variable variable ON variable = variable;
drawSQL-mysql-export-2026-02-03_airbnb	709	MEDIUM	How many users were added since created_at=date?	SELECT COUNT(*) FROM users WHERE created_at >= date('now', '-1 month');	SELECT COUNT(*) FROM table_name WHERE col_name >= date(string, string);	SELECT COUNT(*) FROM variable WHERE variable >= DATE(variable, variable);
drawSQL-mysql-export-2026-02-03_airbnb	710	MEDIUM	Break down the users by name — how many in each?	SELECT COUNT(*) FROM users WHERE created_at >= date('now', '-1 month');	SELECT COUNT(*) FROM table_name WHERE col_name >= date(string, string);	SELECT COUNT(*) FROM variable WHERE variable >= DATE(variable, variable);
drawSQL-mysql-export-2026-02-03_airbnb	711	MEDIUM	Are there any users that don't have a match in related tables?	SELECT * FROM users WHERE id NOT IN (SELECT DISTINCT user_id FROM reservations WHERE user_id IS NOT NULL);	SELECT * FROM table_name WHERE id NOT IN (SELECT DISTINCT col_name FROM table_name WHERE col_name IS NOT NULL);	SELECT * FROM variable WHERE variable NOT IN (SELECT DISTINCT variable FROM variable WHERE variable IS NOT NULL);
drawSQL-mysql-export-2026-02-03_airbnb	712	MEDIUM	For each group, what are the top 3 users?	SELECT * FROM users ORDER BY id DESC LIMIT num;	SELECT * FROM table_name ORDER BY id DESC LIMIT num;	SELECT * FROM variable ORDER BY variable DESC LIMIT variable;
drawSQL-mysql-export-2026-02-03_airbnb	713	HARD	Pull together a report on users joining all related tables.	SELECT * FROM media LEFT JOIN reviews ON media.model_id = reviews.id;	SELECT * FROM table_name LEFT JOIN table_name ON table_name.col_name = table_name.id;	SELECT * FROM variable LEFT JOIN variable ON variable = variable;
drawSQL-mysql-export-2026-02-03_airbnb	714	HARD	Who or what is the best in each group of users?	SELECT * FROM ( SELECT *, ROW_NUMBER() OVER (PARTITION BY name ORDER BY id DESC) as rn FROM users ) WHERE rn = num;	SELECT * FROM ( SELECT *, ROW_NUMBER() OVER (PARTITION BY col_name ORDER BY id DESC) as column_alias0 FROM table_name ) WHERE column_alias0 = num;	SELECT * FROM ( SELECT *, ROW_NUMBER() OVER (PARTITION BY variable ORDER BY variable DESC) AS variable FROM variable ) WHERE variable = variable;
drawSQL-mysql-export-2026-02-03_airbnb	715	HARD	Which users are above average compared to others in their group?	SELECT strftime('%Y-%m', created_at) as period, COUNT(*) as count FROM users WHERE created_at >= date('now', '-2 months') GROUP BY period ORDER BY period;	SELECT strftime(string, col_name) as column_alias0, column_alias1(*) as column_alias1 FROM table_name WHERE col_name >= date(string, string) GROUP BY column_alias0 ORDER BY column_alias0;	SELECT STRFTIME(variable, variable) AS variable, variable(*) AS variable FROM variable WHERE variable >= DATE(variable, variable) GROUP BY variable ORDER BY variable;
drawSQL-mysql-export-2026-02-03_airbnb	716	HARD	Do a multi-step analysis: group users, filter, then rank the results.	WITH grouped AS ( SELECT name, COUNT(*) as cnt FROM users GROUP BY name ) SELECT * FROM grouped WHERE cnt > num ORDER BY cnt DESC;	WITH grouped AS ( SELECT col_name, COUNT(*) as cnt FROM table_name GROUP BY col_name ) SELECT * FROM grouped WHERE cnt > num ORDER BY cnt DESC;	WITH variable AS ( SELECT variable, COUNT(*) AS variable FROM variable GROUP BY variable ) SELECT * FROM variable WHERE variable > variable ORDER BY variable DESC;
drawSQL-mysql-export-2026-02-03_airbnb	717	HARD	Show the running total of users over time based on created_at.	SELECT *, COUNT(*) OVER (ORDER BY created_at) as running_count FROM users ORDER BY created_at;	SELECT *, COUNT(*) OVER (ORDER BY col_name) as column_alias0 FROM table_name ORDER BY col_name;	SELECT *, COUNT(*) OVER (ORDER BY variable) AS variable FROM variable ORDER BY variable;
drawSQL-mysql-export-2026-02-03_airbnb	718	HARD	Find users that exist in one table but not in a related table.	SELECT * FROM users WHERE id NOT IN (SELECT DISTINCT user_id FROM reservations WHERE user_id IS NOT NULL);	SELECT * FROM table_name WHERE id NOT IN (SELECT DISTINCT col_name FROM table_name WHERE col_name IS NOT NULL);	SELECT * FROM variable WHERE variable NOT IN (SELECT DISTINCT variable FROM variable WHERE variable IS NOT NULL);
drawSQL-mysql-export-2026-02-03_airbnb	719	HARD	Combine data from users, rooms, and reservations in a single report.	SELECT * FROM users LEFT JOIN rooms ON rooms.id = users.user_id LEFT JOIN reservations ON reservations.id = users.user_id;	SELECT * FROM table_name LEFT JOIN table_name ON table_name.id = table_name.col_name LEFT JOIN table_name ON table_name.id = table_name.col_name;	SELECT * FROM variable LEFT JOIN variable ON variable = variable LEFT JOIN variable ON variable = variable;
drawSQL-mysql-export-2026-02-03_airbnb	720	HARD	Rank all users within their groups and show the top performers.	SELECT *, ROW_NUMBER() OVER (ORDER BY id DESC) as rn FROM users;	SELECT *, ROW_NUMBER() OVER (ORDER BY id DESC) as column_alias0 FROM table_name;	SELECT *, ROW_NUMBER() OVER (ORDER BY variable DESC) AS variable FROM variable;
drawSQL-mysql-export-2026-02-03_axes	721	EASY	How many users signed up since created_at=date?	SELECT COUNT(*) FROM axes_accessattempt WHERE path_info >= date('now', '-1 month');	SELECT COUNT(*) FROM table_name WHERE col_name >= date(string, string);	SELECT COUNT(*) FROM variable WHERE variable >= DATE(variable, variable);
drawSQL-mysql-export-2026-02-03_axes	722	EASY	How many axes accessattempt do we have in total?	SELECT COUNT(*) FROM axes_accessattempt;	SELECT COUNT(*) FROM table_name;	SELECT COUNT(*) FROM variable;
drawSQL-mysql-export-2026-02-03_axes	723	EASY	Show me all of our axes accessattempt.	SELECT * FROM axes_accessattempt;	SELECT * FROM table_name;	SELECT * FROM variable;
drawSQL-mysql-export-2026-02-03_axes	724	EASY	Can you look up the axes accessattempt with id=num?	SELECT * FROM axes_accessattempt WHERE id = num;	SELECT * FROM table_name WHERE id = num;	SELECT * FROM variable WHERE variable = variable;
drawSQL-mysql-export-2026-02-03_axes	725	EASY	Find the axes accessattempt where username=string.	SELECT * FROM axes_accessattempt WHERE username = string;	SELECT * FROM table_name WHERE col_name = string;	SELECT * FROM variable WHERE variable = variable;
drawSQL-mysql-export-2026-02-03_axes	726	EASY	How many axes accessattempt were created since path_info=date?	SELECT COUNT(*) FROM axes_accessattempt WHERE path_info >= date('now', '-1 month');	SELECT COUNT(*) FROM table_name WHERE col_name >= date(string, string);	SELECT COUNT(*) FROM variable WHERE variable >= DATE(variable, variable);
drawSQL-mysql-export-2026-02-03_axes	727	EASY	What are the most recent axes accessattempt ordered by user_agent?	SELECT * FROM axes_accessattempt ORDER BY path_info DESC LIMIT num;	SELECT * FROM table_name ORDER BY col_name DESC LIMIT num;	SELECT * FROM variable ORDER BY variable DESC LIMIT variable;
drawSQL-mysql-export-2026-02-03_axes	728	EASY	How many axes accesslog do we have in total?	SELECT COUNT(*) FROM axes_accesslog;	SELECT COUNT(*) FROM table_name;	SELECT COUNT(*) FROM variable;
drawSQL-mysql-export-2026-02-03_axes	729	MEDIUM	Who are the most active users based on activity count?	SELECT * FROM axes_accessattempt LIMIT num;	SELECT * FROM table_name LIMIT num;	SELECT * FROM variable LIMIT variable;
drawSQL-mysql-export-2026-02-03_axes	730	MEDIUM	How many axes accessattempt were added since path_info=date?	SELECT COUNT(*) FROM axes_accessattempt WHERE path_info >= date('now', '-1 month');	SELECT COUNT(*) FROM table_name WHERE col_name >= date(string, string);	SELECT COUNT(*) FROM variable WHERE variable >= DATE(variable, variable);
drawSQL-mysql-export-2026-02-03_axes	731	MEDIUM	Break down the axes accessattempt by user_agent — how many in each?	SELECT user_agent, COUNT(*) as count FROM axes_accessattempt GROUP BY user_agent;	SELECT col_name, COUNT(*) as count FROM table_name GROUP BY col_name;	SELECT variable, COUNT(*) AS COUNT FROM variable GROUP BY variable;
drawSQL-mysql-export-2026-02-03_axes	732	MEDIUM	Are there any axes accessattempt that don't have a match in related tables?	SELECT * FROM axes_accessattempt LIMIT num;	SELECT * FROM table_name LIMIT num;	SELECT * FROM variable LIMIT variable;
drawSQL-mysql-export-2026-02-03_axes	733	MEDIUM	For each group, what are the top 3 axes accessattempt?	SELECT * FROM axes_accessattempt ORDER BY id DESC LIMIT num;	SELECT * FROM table_name ORDER BY id DESC LIMIT num;	SELECT * FROM variable ORDER BY variable DESC LIMIT variable;
drawSQL-mysql-export-2026-02-03_axes	734	MEDIUM	How did the number of axes accessattempt change month over month?	SELECT strftime('%Y-%m', path_info) as period, COUNT(*) as count FROM axes_accessattempt WHERE path_info >= date('now', '-2 months') GROUP BY period ORDER BY period;	SELECT strftime(string, col_name) as column_alias0, column_alias1(*) as column_alias1 FROM table_name WHERE col_name >= date(string, string) GROUP BY column_alias0 ORDER BY column_alias0;	SELECT STRFTIME(variable, variable) AS variable, variable(*) AS variable FROM variable WHERE variable >= DATE(variable, variable) GROUP BY variable ORDER BY variable;
drawSQL-mysql-export-2026-02-03_axes	735	MEDIUM	Which axes accessattempt have duplicate or repeated values?	WITH grouped AS ( SELECT user_agent, COUNT(*) as cnt FROM axes_accessattempt GROUP BY user_agent ) SELECT * FROM grouped WHERE cnt > num ORDER BY cnt DESC;	WITH grouped AS ( SELECT col_name, COUNT(*) as cnt FROM table_name GROUP BY col_name ) SELECT * FROM grouped WHERE cnt > num ORDER BY cnt DESC;	WITH variable AS ( SELECT variable, COUNT(*) AS variable FROM variable GROUP BY variable ) SELECT * FROM variable WHERE variable > variable ORDER BY variable DESC;
drawSQL-mysql-export-2026-02-03_axes	736	MEDIUM	How many axes accesslog were added since path_info=date?	SELECT COUNT(*) FROM axes_accesslog WHERE path_info >= date('now', '-1 month');	SELECT COUNT(*) FROM table_name WHERE col_name >= date(string, string);	SELECT COUNT(*) FROM variable WHERE variable >= DATE(variable, variable);
drawSQL-mysql-export-2026-02-03_axes	737	HARD	Pull together a report on axes accessattempt joining all related tables.	SELECT * FROM axes_accessattempt;	SELECT * FROM table_name;	SELECT * FROM variable;
drawSQL-mysql-export-2026-02-03_axes	738	HARD	Who or what is the best in each group of axes accessattempt?	SELECT * FROM ( SELECT *, ROW_NUMBER() OVER (PARTITION BY user_agent ORDER BY id DESC) as rn FROM axes_accessattempt ) WHERE rn = num;	SELECT * FROM ( SELECT *, ROW_NUMBER() OVER (PARTITION BY col_name ORDER BY id DESC) as column_alias0 FROM table_name ) WHERE column_alias0 = num;	SELECT * FROM ( SELECT *, ROW_NUMBER() OVER (PARTITION BY variable ORDER BY variable DESC) AS variable FROM variable ) WHERE variable = variable;
drawSQL-mysql-export-2026-02-03_axes	739	HARD	Which axes accessattempt are above average compared to others in their group?	SELECT strftime('%Y-%m', path_info) as period, COUNT(*) as count FROM axes_accessattempt WHERE path_info >= date('now', '-2 months') GROUP BY period ORDER BY period;	SELECT strftime(string, col_name) as column_alias0, column_alias1(*) as column_alias1 FROM table_name WHERE col_name >= date(string, string) GROUP BY column_alias0 ORDER BY column_alias0;	SELECT STRFTIME(variable, variable) AS variable, variable(*) AS variable FROM variable WHERE variable >= DATE(variable, variable) GROUP BY variable ORDER BY variable;
drawSQL-mysql-export-2026-02-03_axes	740	HARD	Do a multi-step analysis: group axes accessattempt, filter, then rank the results.	WITH grouped AS ( SELECT user_agent, COUNT(*) as cnt FROM axes_accessattempt GROUP BY user_agent ) SELECT * FROM grouped WHERE cnt > num ORDER BY cnt DESC;	WITH grouped AS ( SELECT col_name, COUNT(*) as cnt FROM table_name GROUP BY col_name ) SELECT * FROM grouped WHERE cnt > num ORDER BY cnt DESC;	WITH variable AS ( SELECT variable, COUNT(*) AS variable FROM variable GROUP BY variable ) SELECT * FROM variable WHERE variable > variable ORDER BY variable DESC;
drawSQL-mysql-export-2026-02-03_axes	741	HARD	Show the running total of axes accessattempt over time based on path_info.	SELECT *, COUNT(*) OVER (ORDER BY path_info) as running_count FROM axes_accessattempt ORDER BY path_info;	SELECT *, COUNT(*) OVER (ORDER BY col_name) as column_alias0 FROM table_name ORDER BY col_name;	SELECT *, COUNT(*) OVER (ORDER BY variable) AS variable FROM variable ORDER BY variable;
drawSQL-mysql-export-2026-02-03_axes	742	HARD	Find axes accessattempt that exist in one table but not in a related table.	SELECT * FROM axes_accessattempt LIMIT num;	SELECT * FROM table_name LIMIT num;	SELECT * FROM variable LIMIT variable;
drawSQL-mysql-export-2026-02-03_axes	743	HARD	Rank all axes accessattempt within their groups and show the top performers.	SELECT *, ROW_NUMBER() OVER (ORDER BY id DESC) as rn FROM axes_accessattempt;	SELECT *, ROW_NUMBER() OVER (ORDER BY id DESC) as column_alias0 FROM table_name;	SELECT *, ROW_NUMBER() OVER (ORDER BY variable DESC) AS variable FROM variable;
drawSQL-mysql-export-2026-02-03_axes	744	HARD	Pull together a report on axes accesslog joining all related tables.	SELECT * FROM axes_accessattempt;	SELECT * FROM table_name;	SELECT * FROM variable;
drawSQL-mysql-export-2026-02-03_devise	745	EASY	How many users signed up since created_at=date?	SELECT COUNT(*) FROM users WHERE created_at >= date('now', '-1 month');	SELECT COUNT(*) FROM table_name WHERE col_name >= date(string, string);	SELECT COUNT(*) FROM variable WHERE variable >= DATE(variable, variable);
drawSQL-mysql-export-2026-02-03_devise	746	EASY	How many users do we have in total?	SELECT COUNT(*) FROM users;	SELECT COUNT(*) FROM table_name;	SELECT COUNT(*) FROM variable;
drawSQL-mysql-export-2026-02-03_devise	747	EASY	Show me all of our users.	SELECT * FROM users;	SELECT * FROM table_name;	SELECT * FROM variable;
drawSQL-mysql-export-2026-02-03_devise	748	EASY	Can you look up the user with id=num?	SELECT * FROM users WHERE id = num;	SELECT * FROM table_name WHERE id = num;	SELECT * FROM variable WHERE variable = variable;
drawSQL-mysql-export-2026-02-03_devise	749	EASY	Find the user where email=string.	SELECT * FROM users WHERE email = string;	SELECT * FROM table_name WHERE col_name = string;	SELECT * FROM variable WHERE variable = variable;
drawSQL-mysql-export-2026-02-03_devise	750	EASY	How many users were created since created_at=date?	SELECT COUNT(*) FROM users WHERE created_at >= date('now', '-1 month');	SELECT COUNT(*) FROM table_name WHERE col_name >= date(string, string);	SELECT COUNT(*) FROM variable WHERE variable >= DATE(variable, variable);
drawSQL-mysql-export-2026-02-03_devise	751	EASY	What are the most recent users ordered by email?	SELECT * FROM users ORDER BY created_at DESC LIMIT num;	SELECT * FROM table_name ORDER BY col_name DESC LIMIT num;	SELECT * FROM variable ORDER BY variable DESC LIMIT variable;
drawSQL-mysql-export-2026-02-03_devise	752	EASY	Show me the first few users from the users table.	SELECT * FROM users LIMIT num;	SELECT * FROM table_name LIMIT num;	SELECT * FROM variable LIMIT variable;
drawSQL-mysql-export-2026-02-03_devise	753	MEDIUM	Who are the most active users based on activity count?	SELECT * FROM users ORDER BY created_at DESC LIMIT 10;	SELECT * FROM table_name ORDER BY col_name DESC LIMIT num;	SELECT * FROM variable ORDER BY variable DESC LIMIT variable;
drawSQL-mysql-export-2026-02-03_devise	754	MEDIUM	How many users were added since created_at=date?	SELECT COUNT(*) FROM users WHERE created_at >= date('now', '-1 month');	SELECT COUNT(*) FROM table_name WHERE col_name >= date(string, string);	SELECT COUNT(*) FROM variable WHERE variable >= DATE(variable, variable);
drawSQL-mysql-export-2026-02-03_devise	755	MEDIUM	Break down the users by email — how many in each?	SELECT COUNT(*) FROM users WHERE created_at >= date('now', '-1 month');	SELECT COUNT(*) FROM table_name WHERE col_name >= date(string, string);	SELECT COUNT(*) FROM variable WHERE variable >= DATE(variable, variable);
drawSQL-mysql-export-2026-02-03_devise	756	MEDIUM	Are there any users that don't have a match in related tables?	SELECT * FROM users LIMIT num;	SELECT * FROM table_name LIMIT num;	SELECT * FROM variable LIMIT variable;
drawSQL-mysql-export-2026-02-03_devise	757	MEDIUM	For each group, what are the top 3 users?	SELECT * FROM users ORDER BY id DESC LIMIT num;	SELECT * FROM table_name ORDER BY id DESC LIMIT num;	SELECT * FROM variable ORDER BY variable DESC LIMIT variable;
drawSQL-mysql-export-2026-02-03_devise	758	MEDIUM	How did the number of users change month over month?	SELECT strftime('%Y-%m', created_at) as period, COUNT(*) as count FROM users WHERE created_at >= date('now', '-2 months') GROUP BY period ORDER BY period;	SELECT strftime(string, col_name) as column_alias0, column_alias1(*) as column_alias1 FROM table_name WHERE col_name >= date(string, string) GROUP BY column_alias0 ORDER BY column_alias0;	SELECT STRFTIME(variable, variable) AS variable, variable(*) AS variable FROM variable WHERE variable >= DATE(variable, variable) GROUP BY variable ORDER BY variable;
drawSQL-mysql-export-2026-02-03_devise	759	MEDIUM	Which users have duplicate or repeated values?	WITH grouped AS ( SELECT email, COUNT(*) as cnt FROM users GROUP BY email ) SELECT * FROM grouped WHERE cnt > num ORDER BY cnt DESC;	WITH grouped AS ( SELECT col_name, COUNT(*) as cnt FROM table_name GROUP BY col_name ) SELECT * FROM grouped WHERE cnt > num ORDER BY cnt DESC;	WITH variable AS ( SELECT variable, COUNT(*) AS variable FROM variable GROUP BY variable ) SELECT * FROM variable WHERE variable > variable ORDER BY variable DESC;
drawSQL-mysql-export-2026-02-03_devise	760	MEDIUM	Are there any records that exist in one table but not in a related one?	SELECT * FROM users LIMIT num;	SELECT * FROM table_name LIMIT num;	SELECT * FROM variable LIMIT variable;
drawSQL-mysql-export-2026-02-03_devise	761	HARD	Pull together a report on users joining all related tables.	SELECT * FROM users;	SELECT * FROM table_name;	SELECT * FROM variable;
drawSQL-mysql-export-2026-02-03_devise	762	HARD	Who or what is the best in each group of users?	SELECT * FROM ( SELECT *, ROW_NUMBER() OVER (PARTITION BY email ORDER BY id DESC) as rn FROM users ) WHERE rn = num;	SELECT * FROM ( SELECT *, ROW_NUMBER() OVER (PARTITION BY col_name ORDER BY id DESC) as column_alias0 FROM table_name ) WHERE column_alias0 = num;	SELECT * FROM ( SELECT *, ROW_NUMBER() OVER (PARTITION BY variable ORDER BY variable DESC) AS variable FROM variable ) WHERE variable = variable;
drawSQL-mysql-export-2026-02-03_devise	763	HARD	Which users are above average compared to others in their group?	SELECT strftime('%Y-%m', created_at) as period, COUNT(*) as count FROM users WHERE created_at >= date('now', '-2 months') GROUP BY period ORDER BY period;	SELECT strftime(string, col_name) as column_alias0, column_alias1(*) as column_alias1 FROM table_name WHERE col_name >= date(string, string) GROUP BY column_alias0 ORDER BY column_alias0;	SELECT STRFTIME(variable, variable) AS variable, variable(*) AS variable FROM variable WHERE variable >= DATE(variable, variable) GROUP BY variable ORDER BY variable;
drawSQL-mysql-export-2026-02-03_devise	764	HARD	Do a multi-step analysis: group users, filter, then rank the results.	WITH grouped AS ( SELECT email, COUNT(*) as cnt FROM users GROUP BY email ) SELECT * FROM grouped WHERE cnt > num ORDER BY cnt DESC;	WITH grouped AS ( SELECT col_name, COUNT(*) as cnt FROM table_name GROUP BY col_name ) SELECT * FROM grouped WHERE cnt > num ORDER BY cnt DESC;	WITH variable AS ( SELECT variable, COUNT(*) AS variable FROM variable GROUP BY variable ) SELECT * FROM variable WHERE variable > variable ORDER BY variable DESC;
drawSQL-mysql-export-2026-02-03_devise	765	HARD	Show the running total of users over time based on created_at.	SELECT *, COUNT(*) OVER (ORDER BY created_at) as running_count FROM users ORDER BY created_at;	SELECT *, COUNT(*) OVER (ORDER BY col_name) as column_alias0 FROM table_name ORDER BY col_name;	SELECT *, COUNT(*) OVER (ORDER BY variable) AS variable FROM variable ORDER BY variable;
drawSQL-mysql-export-2026-02-03_devise	766	HARD	Find users that exist in one table but not in a related table.	SELECT * FROM users LIMIT num;	SELECT * FROM table_name LIMIT num;	SELECT * FROM variable LIMIT variable;
drawSQL-mysql-export-2026-02-03_devise	767	HARD	Rank all users within their groups and show the top performers.	SELECT *, ROW_NUMBER() OVER (ORDER BY id DESC) as rn FROM users;	SELECT *, ROW_NUMBER() OVER (ORDER BY id DESC) as column_alias0 FROM table_name;	SELECT *, ROW_NUMBER() OVER (ORDER BY variable DESC) AS variable FROM variable;
drawSQL-mysql-export-2026-02-03_devise	768	HARD	Build a comprehensive report pulling data from multiple tables.	SELECT * FROM users;	SELECT * FROM table_name;	SELECT * FROM variable;
drawSQL-mysql-export-2026-02-03_emails	769	EASY	How many users signed up since created_at=date?	SELECT COUNT(*) FROM users;	SELECT COUNT(*) FROM table_name;	SELECT COUNT(*) FROM variable;
drawSQL-mysql-export-2026-02-03_emails	770	EASY	How many team members do we have in total?	SELECT COUNT(*) FROM heya_campaign_memberships;	SELECT COUNT(*) FROM table_name;	SELECT COUNT(*) FROM variable;
drawSQL-mysql-export-2026-02-03_emails	771	EASY	Show me all of our team members.	SELECT * FROM heya_campaign_memberships;	SELECT * FROM table_name;	SELECT * FROM variable;
drawSQL-mysql-export-2026-02-03_emails	772	EASY	Can you look up the team member with id=num?	SELECT * FROM heya_campaign_memberships WHERE id = num;	SELECT * FROM table_name WHERE id = num;	SELECT * FROM variable WHERE variable = variable;
drawSQL-mysql-export-2026-02-03_emails	773	EASY	How many team members were created since created_at=date?	SELECT COUNT(*) FROM heya_campaign_memberships WHERE created_at >= date('now', '-1 month');	SELECT COUNT(*) FROM table_name WHERE col_name >= date(string, string);	SELECT COUNT(*) FROM variable WHERE variable >= DATE(variable, variable);
drawSQL-mysql-export-2026-02-03_emails	774	EASY	What are the most recent team members ordered by user_type?	SELECT * FROM heya_campaign_memberships ORDER BY created_at DESC LIMIT num;	SELECT * FROM table_name ORDER BY col_name DESC LIMIT num;	SELECT * FROM variable ORDER BY variable DESC LIMIT variable;
drawSQL-mysql-export-2026-02-03_emails	775	EASY	How many heya campaign receipts do we have in total?	SELECT COUNT(*) FROM heya_campaign_receipts;	SELECT COUNT(*) FROM table_name;	SELECT COUNT(*) FROM variable;
drawSQL-mysql-export-2026-02-03_emails	776	EASY	Show me all of our heya campaign receipts.	SELECT * FROM heya_campaign_receipts;	SELECT * FROM table_name;	SELECT * FROM variable;
drawSQL-mysql-export-2026-02-03_emails	777	MEDIUM	Who are the most active users based on activity count?	SELECT * FROM users ORDER BY created_at DESC LIMIT 10;	SELECT * FROM table_name ORDER BY col_name DESC LIMIT num;	SELECT * FROM variable ORDER BY variable DESC LIMIT variable;
drawSQL-mysql-export-2026-02-03_emails	778	MEDIUM	How many team members were added since created_at=date?	SELECT COUNT(*) FROM heya_campaign_memberships WHERE created_at >= date('now', '-1 month');	SELECT COUNT(*) FROM table_name WHERE col_name >= date(string, string);	SELECT COUNT(*) FROM variable WHERE variable >= DATE(variable, variable);
drawSQL-mysql-export-2026-02-03_emails	779	MEDIUM	Break down the team members by user_type — how many in each?	SELECT user_type, COUNT(*) as count FROM heya_campaign_memberships GROUP BY user_type;	SELECT col_name, COUNT(*) as count FROM table_name GROUP BY col_name;	SELECT variable, COUNT(*) AS COUNT FROM variable GROUP BY variable;
drawSQL-mysql-export-2026-02-03_emails	780	MEDIUM	Are there any team members that don't have a match in related tables?	SELECT * FROM heya_campaign_memberships LIMIT num;	SELECT * FROM table_name LIMIT num;	SELECT * FROM variable LIMIT variable;
drawSQL-mysql-export-2026-02-03_emails	781	MEDIUM	For each group, what are the top 3 team members?	SELECT * FROM ( SELECT *, ROW_NUMBER() OVER (PARTITION BY user_type ORDER BY id DESC) as rn FROM heya_campaign_memberships ) WHERE rn <= num;	SELECT * FROM ( SELECT *, ROW_NUMBER() OVER (PARTITION BY col_name ORDER BY id DESC) as column_alias0 FROM table_name ) WHERE column_alias0 <= num;	SELECT * FROM ( SELECT *, ROW_NUMBER() OVER (PARTITION BY variable ORDER BY variable DESC) AS variable FROM variable ) WHERE variable <= variable;
drawSQL-mysql-export-2026-02-03_emails	782	MEDIUM	How did the number of team members change month over month?	SELECT strftime('%Y-%m', created_at) as period, COUNT(*) as count FROM heya_campaign_memberships WHERE created_at >= date('now', '-2 months') GROUP BY period ORDER BY period;	SELECT strftime(string, col_name) as column_alias0, column_alias1(*) as column_alias1 FROM table_name WHERE col_name >= date(string, string) GROUP BY column_alias0 ORDER BY column_alias0;	SELECT STRFTIME(variable, variable) AS variable, variable(*) AS variable FROM variable WHERE variable >= DATE(variable, variable) GROUP BY variable ORDER BY variable;
drawSQL-mysql-export-2026-02-03_emails	783	MEDIUM	Which team members have duplicate or repeated values?	WITH grouped AS ( SELECT user_type, COUNT(*) as cnt FROM heya_campaign_memberships GROUP BY user_type ) SELECT * FROM grouped WHERE cnt > num ORDER BY cnt DESC;	WITH grouped AS ( SELECT col_name, COUNT(*) as cnt FROM table_name GROUP BY col_name ) SELECT * FROM grouped WHERE cnt > num ORDER BY cnt DESC;	WITH variable AS ( SELECT variable, COUNT(*) AS variable FROM variable GROUP BY variable ) SELECT * FROM variable WHERE variable > variable ORDER BY variable DESC;
drawSQL-mysql-export-2026-02-03_emails	784	MEDIUM	How many heya campaign receipts were added since created_at=date?	SELECT COUNT(*) FROM heya_campaign_receipts WHERE created_at >= date('now', '-1 month');	SELECT COUNT(*) FROM table_name WHERE col_name >= date(string, string);	SELECT COUNT(*) FROM variable WHERE variable >= DATE(variable, variable);
drawSQL-mysql-export-2026-02-03_emails	785	HARD	Pull together a report on team members joining all related tables.	SELECT * FROM heya_campaign_memberships LEFT JOIN users ON heya_campaign_memberships.user_id = users.id;	SELECT * FROM table_name LEFT JOIN table_name ON table_name.col_name = table_name.id;	SELECT * FROM variable LEFT JOIN variable ON variable = variable;
drawSQL-mysql-export-2026-02-03_emails	786	HARD	Who or what is the best in each group of team members?	SELECT * FROM ( SELECT *, ROW_NUMBER() OVER (PARTITION BY user_type ORDER BY id DESC) as rn FROM heya_campaign_memberships ) WHERE rn = num;	SELECT * FROM ( SELECT *, ROW_NUMBER() OVER (PARTITION BY col_name ORDER BY id DESC) as column_alias0 FROM table_name ) WHERE column_alias0 = num;	SELECT * FROM ( SELECT *, ROW_NUMBER() OVER (PARTITION BY variable ORDER BY variable DESC) AS variable FROM variable ) WHERE variable = variable;
drawSQL-mysql-export-2026-02-03_emails	787	HARD	Which team members are above average compared to others in their group?	SELECT strftime('%Y-%m', created_at) as period, COUNT(*) as count FROM heya_campaign_memberships WHERE created_at >= date('now', '-2 months') GROUP BY period ORDER BY period;	SELECT strftime(string, col_name) as column_alias0, column_alias1(*) as column_alias1 FROM table_name WHERE col_name >= date(string, string) GROUP BY column_alias0 ORDER BY column_alias0;	SELECT STRFTIME(variable, variable) AS variable, variable(*) AS variable FROM variable WHERE variable >= DATE(variable, variable) GROUP BY variable ORDER BY variable;
drawSQL-mysql-export-2026-02-03_emails	788	HARD	Do a multi-step analysis: group team members, filter, then rank the results.	WITH grouped AS ( SELECT user_type, COUNT(*) as cnt FROM heya_campaign_memberships GROUP BY user_type ) SELECT * FROM grouped WHERE cnt > num ORDER BY cnt DESC;	WITH grouped AS ( SELECT col_name, COUNT(*) as cnt FROM table_name GROUP BY col_name ) SELECT * FROM grouped WHERE cnt > num ORDER BY cnt DESC;	WITH variable AS ( SELECT variable, COUNT(*) AS variable FROM variable GROUP BY variable ) SELECT * FROM variable WHERE variable > variable ORDER BY variable DESC;
drawSQL-mysql-export-2026-02-03_emails	789	HARD	Show the running total of team members over time based on created_at.	SELECT *, COUNT(*) OVER (ORDER BY created_at) as running_count FROM heya_campaign_memberships ORDER BY created_at;	SELECT *, COUNT(*) OVER (ORDER BY col_name) as column_alias0 FROM table_name ORDER BY col_name;	SELECT *, COUNT(*) OVER (ORDER BY variable) AS variable FROM variable ORDER BY variable;
drawSQL-mysql-export-2026-02-03_emails	790	HARD	Find team members that exist in one table but not in a related table.	SELECT * FROM heya_campaign_memberships LIMIT num;	SELECT * FROM table_name LIMIT num;	SELECT * FROM variable LIMIT variable;
drawSQL-mysql-export-2026-02-03_emails	791	HARD	Combine data from heya_campaign_memberships, heya_campaign_receipts, and users in a single report.	SELECT * FROM heya_campaign_memberships LEFT JOIN heya_campaign_receipts ON heya_campaign_receipts.id = heya_campaign_memberships.id LEFT JOIN users ON users.id = heya_campaign_memberships.user_id;	SELECT * FROM table_name LEFT JOIN table_name ON table_name.id = table_name.id LEFT JOIN table_name ON table_name.id = table_name.col_name;	SELECT * FROM variable LEFT JOIN variable ON variable = variable LEFT JOIN variable ON variable = variable;
drawSQL-mysql-export-2026-02-03_emails	792	HARD	Rank all team members within their groups and show the top performers.	SELECT * FROM ( SELECT *, ROW_NUMBER() OVER (PARTITION BY user_type ORDER BY id DESC) as rn FROM heya_campaign_memberships ) WHERE rn <= num;	SELECT * FROM ( SELECT *, ROW_NUMBER() OVER (PARTITION BY col_name ORDER BY id DESC) as column_alias0 FROM table_name ) WHERE column_alias0 <= num;	SELECT * FROM ( SELECT *, ROW_NUMBER() OVER (PARTITION BY variable ORDER BY variable DESC) AS variable FROM variable ) WHERE variable <= variable;
drawSQL-mysql-export-2026-02-03_filer	793	EASY	How many users signed up since created_at=date?	SELECT COUNT(*) FROM auth_user WHERE date_joined >= date('now', '-1 month');	SELECT COUNT(*) FROM table_name WHERE col_name >= date(string, string);	SELECT COUNT(*) FROM variable WHERE variable >= DATE(variable, variable);
drawSQL-mysql-export-2026-02-03_filer	794	EASY	How many auth group do we have in total?	SELECT COUNT(*) FROM auth_group;	SELECT COUNT(*) FROM table_name;	SELECT COUNT(*) FROM variable;
drawSQL-mysql-export-2026-02-03_filer	795	EASY	Show me all of our auth group.	SELECT * FROM auth_group;	SELECT * FROM table_name;	SELECT * FROM variable;
drawSQL-mysql-export-2026-02-03_filer	796	EASY	Can you look up the auth group with id=num?	SELECT * FROM auth_group WHERE id = num;	SELECT * FROM table_name WHERE id = num;	SELECT * FROM variable WHERE variable = variable;
drawSQL-mysql-export-2026-02-03_filer	797	EASY	Find the auth group where name=string.	SELECT * FROM auth_group WHERE name = string;	SELECT * FROM table_name WHERE col_name = string;	SELECT * FROM variable WHERE variable = variable;
drawSQL-mysql-export-2026-02-03_filer	798	EASY	What are the most recent auth group ordered by name?	SELECT * FROM auth_group ORDER BY name DESC LIMIT num;	SELECT * FROM table_name ORDER BY col_name DESC LIMIT num;	SELECT * FROM variable ORDER BY variable DESC LIMIT variable;
drawSQL-mysql-export-2026-02-03_filer	799	EASY	How many users do we have in total?	SELECT COUNT(*) FROM auth_user;	SELECT COUNT(*) FROM table_name;	SELECT COUNT(*) FROM variable;
drawSQL-mysql-export-2026-02-03_filer	800	EASY	Show me all of our users.	SELECT * FROM auth_user;	SELECT * FROM table_name;	SELECT * FROM variable;
drawSQL-mysql-export-2026-02-03_filer	801	MEDIUM	Who are the most active users based on activity count?	SELECT * FROM auth_user ORDER BY created_at DESC LIMIT 10;	SELECT * FROM table_name ORDER BY col_name DESC LIMIT num;	SELECT * FROM variable ORDER BY variable DESC LIMIT variable;
drawSQL-mysql-export-2026-02-03_filer	802	MEDIUM	Show me each auth group along with its related details from other tables.	SELECT t.*, c.* FROM auth_group t LEFT JOIN filer_folderpermission c ON c.group_id = t.id;	SELECT table_alias0.*, table_alias1.* FROM table_name table_alias0 LEFT JOIN table_name table_alias1 ON table_alias1.col_name = table_alias0.id;	SELECT variable.*, variable.* FROM variable variable LEFT JOIN variable variable ON variable = variable;
drawSQL-mysql-export-2026-02-03_filer	803	MEDIUM	Break down the auth group by name — how many in each?	SELECT name, COUNT(*) as count FROM auth_group GROUP BY name;	SELECT col_name, COUNT(*) as count FROM table_name GROUP BY col_name;	SELECT variable, COUNT(*) AS COUNT FROM variable GROUP BY variable;
drawSQL-mysql-export-2026-02-03_filer	804	MEDIUM	Are there any auth group that don't have a match in related tables?	SELECT * FROM auth_group WHERE id NOT IN (SELECT DISTINCT group_id FROM filer_folderpermission WHERE group_id IS NOT NULL);	SELECT * FROM table_name WHERE id NOT IN (SELECT DISTINCT col_name FROM table_name WHERE col_name IS NOT NULL);	SELECT * FROM variable WHERE variable NOT IN (SELECT DISTINCT variable FROM variable WHERE variable IS NOT NULL);
drawSQL-mysql-export-2026-02-03_filer	805	MEDIUM	For each group, what are the top 3 auth group?	SELECT * FROM auth_group ORDER BY id DESC LIMIT num;	SELECT * FROM table_name ORDER BY id DESC LIMIT num;	SELECT * FROM variable ORDER BY variable DESC LIMIT variable;
drawSQL-mysql-export-2026-02-03_filer	806	MEDIUM	Which auth group have duplicate or repeated values?	WITH grouped AS ( SELECT name, COUNT(*) as cnt FROM auth_group GROUP BY name ) SELECT * FROM grouped WHERE cnt > num ORDER BY cnt DESC;	WITH grouped AS ( SELECT col_name, COUNT(*) as cnt FROM table_name GROUP BY col_name ) SELECT * FROM grouped WHERE cnt > num ORDER BY cnt DESC;	WITH variable AS ( SELECT variable, COUNT(*) AS variable FROM variable GROUP BY variable ) SELECT * FROM variable WHERE variable > variable ORDER BY variable DESC;
drawSQL-mysql-export-2026-02-03_filer	807	MEDIUM	Show me each user along with its related details from other tables.	SELECT t.*, c.* FROM auth_group t LEFT JOIN filer_folderpermission c ON c.group_id = t.id;	SELECT table_alias0.*, table_alias1.* FROM table_name table_alias0 LEFT JOIN table_name table_alias1 ON table_alias1.col_name = table_alias0.id;	SELECT variable.*, variable.* FROM variable variable LEFT JOIN variable variable ON variable = variable;
drawSQL-mysql-export-2026-02-03_filer	808	MEDIUM	How many users were added since date_joined=date?	SELECT COUNT(*) FROM auth_user WHERE date_joined >= date('now', '-1 month');	SELECT COUNT(*) FROM table_name WHERE col_name >= date(string, string);	SELECT COUNT(*) FROM variable WHERE variable >= DATE(variable, variable);
drawSQL-mysql-export-2026-02-03_filer	809	HARD	Pull together a report on auth group joining all related tables.	SELECT * FROM filer_file LEFT JOIN auth_user ON filer_file.owner_id = auth_user.id LEFT JOIN django_content_type ON filer_file.polymorphic_ctype_id = django_content_type.id;	SELECT * FROM table_name LEFT JOIN table_name ON table_name.col_name = table_name.id LEFT JOIN table_name ON table_name.col_name = table_name.id;	SELECT * FROM variable LEFT JOIN variable ON variable = variable LEFT JOIN variable ON variable = variable;
drawSQL-mysql-export-2026-02-03_filer	810	HARD	Who or what is the best in each group of auth group?	SELECT * FROM ( SELECT *, ROW_NUMBER() OVER (PARTITION BY name ORDER BY id DESC) as rn FROM auth_group ) WHERE rn = num;	SELECT * FROM ( SELECT *, ROW_NUMBER() OVER (PARTITION BY col_name ORDER BY id DESC) as column_alias0 FROM table_name ) WHERE column_alias0 = num;	SELECT * FROM ( SELECT *, ROW_NUMBER() OVER (PARTITION BY variable ORDER BY variable DESC) AS variable FROM variable ) WHERE variable = variable;
drawSQL-mysql-export-2026-02-03_filer	811	HARD	Which auth group are above average compared to others in their group?	SELECT * FROM auth_group LIMIT num;	SELECT * FROM table_name LIMIT num;	SELECT * FROM variable LIMIT variable;
drawSQL-mysql-export-2026-02-03_filer	812	HARD	Do a multi-step analysis: group auth group, filter, then rank the results.	WITH grouped AS ( SELECT name, COUNT(*) as cnt FROM auth_group GROUP BY name ) SELECT * FROM grouped WHERE cnt > num ORDER BY cnt DESC;	WITH grouped AS ( SELECT col_name, COUNT(*) as cnt FROM table_name GROUP BY col_name ) SELECT * FROM grouped WHERE cnt > num ORDER BY cnt DESC;	WITH variable AS ( SELECT variable, COUNT(*) AS variable FROM variable GROUP BY variable ) SELECT * FROM variable WHERE variable > variable ORDER BY variable DESC;
drawSQL-mysql-export-2026-02-03_filer	813	HARD	Find auth group that exist in one table but not in a related table.	SELECT * FROM auth_group WHERE id NOT IN (SELECT DISTINCT group_id FROM filer_folderpermission WHERE group_id IS NOT NULL);	SELECT * FROM table_name WHERE id NOT IN (SELECT DISTINCT col_name FROM table_name WHERE col_name IS NOT NULL);	SELECT * FROM variable WHERE variable NOT IN (SELECT DISTINCT variable FROM variable WHERE variable IS NOT NULL);
drawSQL-mysql-export-2026-02-03_filer	814	HARD	Combine data from auth_group, auth_user, and filer_clipboard in a single report.	SELECT * FROM auth_group LEFT JOIN auth_user ON auth_user.id = auth_group.owner_id LEFT JOIN filer_clipboard ON filer_clipboard.id = auth_group.group_id;	SELECT * FROM table_name LEFT JOIN table_name ON table_name.id = table_name.col_name LEFT JOIN table_name ON table_name.id = table_name.col_name;	SELECT * FROM variable LEFT JOIN variable ON variable = variable LEFT JOIN variable ON variable = variable;
drawSQL-mysql-export-2026-02-03_filer	815	HARD	Rank all auth group within their groups and show the top performers.	SELECT *, ROW_NUMBER() OVER (ORDER BY id DESC) as rn FROM auth_group;	SELECT *, ROW_NUMBER() OVER (ORDER BY id DESC) as column_alias0 FROM table_name;	SELECT *, ROW_NUMBER() OVER (ORDER BY variable DESC) AS variable FROM variable;
drawSQL-mysql-export-2026-02-03_filer	816	HARD	Pull together a report on users joining all related tables.	SELECT * FROM filer_file LEFT JOIN auth_user ON filer_file.owner_id = auth_user.id LEFT JOIN django_content_type ON filer_file.polymorphic_ctype_id = django_content_type.id;	SELECT * FROM table_name LEFT JOIN table_name ON table_name.col_name = table_name.id LEFT JOIN table_name ON table_name.col_name = table_name.id;	SELECT * FROM variable LEFT JOIN variable ON variable = variable LEFT JOIN variable ON variable = variable;
drawSQL-mysql-export-2026-02-03_hackernews	817	EASY	How many users signed up since created_at=date?	SELECT COUNT(*) FROM accounts_customuser WHERE date_joined >= date('now', '-1 month');	SELECT COUNT(*) FROM table_name WHERE col_name >= date(string, string);	SELECT COUNT(*) FROM variable WHERE variable >= DATE(variable, variable);
drawSQL-mysql-export-2026-02-03_hackernews	818	EASY	How many members are on each team?	SELECT * FROM accounts_customuser LIMIT num;	SELECT * FROM table_name LIMIT num;	SELECT * FROM variable LIMIT variable;
drawSQL-mysql-export-2026-02-03_hackernews	819	EASY	How many users do we have in total?	SELECT COUNT(*) FROM accounts_customuser;	SELECT COUNT(*) FROM table_name;	SELECT COUNT(*) FROM variable;
drawSQL-mysql-export-2026-02-03_hackernews	820	EASY	Show me all of our users.	SELECT * FROM accounts_customuser;	SELECT * FROM table_name;	SELECT * FROM variable;
drawSQL-mysql-export-2026-02-03_hackernews	821	EASY	Can you look up the user with id=num?	SELECT * FROM accounts_customuser WHERE id = num;	SELECT * FROM table_name WHERE id = num;	SELECT * FROM variable WHERE variable = variable;
drawSQL-mysql-export-2026-02-03_hackernews	822	EASY	Find the user where username=string.	SELECT * FROM accounts_customuser WHERE username = string;	SELECT * FROM table_name WHERE col_name = string;	SELECT * FROM variable WHERE variable = variable;
drawSQL-mysql-export-2026-02-03_hackernews	823	EASY	How many users were created since date_joined=date?	SELECT COUNT(*) FROM accounts_customuser WHERE date_joined >= date('now', '-1 month');	SELECT COUNT(*) FROM table_name WHERE col_name >= date(string, string);	SELECT COUNT(*) FROM variable WHERE variable >= DATE(variable, variable);
drawSQL-mysql-export-2026-02-03_hackernews	824	EASY	What are the most recent users ordered by password?	SELECT * FROM accounts_customuser ORDER BY date_joined DESC LIMIT num;	SELECT * FROM table_name ORDER BY col_name DESC LIMIT num;	SELECT * FROM variable ORDER BY variable DESC LIMIT variable;
drawSQL-mysql-export-2026-02-03_hackernews	825	MEDIUM	Who are the most active users based on activity count?	SELECT * FROM accounts_customuser LIMIT num;	SELECT * FROM table_name LIMIT num;	SELECT * FROM variable LIMIT variable;
drawSQL-mysql-export-2026-02-03_hackernews	826	MEDIUM	Show me each user along with its related details from other tables.	SELECT t.*, c.* FROM accounts_customuser t LEFT JOIN accounts_emailverification c ON c.user_id = t.id;	SELECT table_alias0.*, table_alias1.* FROM table_name table_alias0 LEFT JOIN table_name table_alias1 ON table_alias1.col_name = table_alias0.id;	SELECT variable.*, variable.* FROM variable variable LEFT JOIN variable variable ON variable = variable;
drawSQL-mysql-export-2026-02-03_hackernews	827	MEDIUM	How many users were added since date_joined=date?	SELECT COUNT(*) FROM accounts_customuser WHERE date_joined >= date('now', '-1 month');	SELECT COUNT(*) FROM table_name WHERE col_name >= date(string, string);	SELECT COUNT(*) FROM variable WHERE variable >= DATE(variable, variable);
drawSQL-mysql-export-2026-02-03_hackernews	828	MEDIUM	Break down the users by password — how many in each?	SELECT password, COUNT(*) as count FROM accounts_customuser GROUP BY password;	SELECT col_name, COUNT(*) as count FROM table_name GROUP BY col_name;	SELECT variable, COUNT(*) AS COUNT FROM variable GROUP BY variable;
drawSQL-mysql-export-2026-02-03_hackernews	829	MEDIUM	Are there any users that don't have a match in related tables?	SELECT * FROM accounts_customuser WHERE id NOT IN (SELECT DISTINCT user_id FROM accounts_emailverification WHERE user_id IS NOT NULL);	SELECT * FROM table_name WHERE id NOT IN (SELECT DISTINCT col_name FROM table_name WHERE col_name IS NOT NULL);	SELECT * FROM variable WHERE variable NOT IN (SELECT DISTINCT variable FROM variable WHERE variable IS NOT NULL);
drawSQL-mysql-export-2026-02-03_hackernews	830	MEDIUM	For each group, what are the top 3 users?	SELECT * FROM accounts_customuser ORDER BY id DESC LIMIT num;	SELECT * FROM table_name ORDER BY id DESC LIMIT num;	SELECT * FROM variable ORDER BY variable DESC LIMIT variable;
drawSQL-mysql-export-2026-02-03_hackernews	831	MEDIUM	How did the number of users change month over month?	SELECT strftime('%Y-%m', date_joined) as period, COUNT(*) as count FROM accounts_customuser WHERE date_joined >= date('now', '-2 months') GROUP BY period ORDER BY period;	SELECT strftime(string, col_name) as column_alias0, column_alias1(*) as column_alias1 FROM table_name WHERE col_name >= date(string, string) GROUP BY column_alias0 ORDER BY column_alias0;	SELECT STRFTIME(variable, variable) AS variable, variable(*) AS variable FROM variable WHERE variable >= DATE(variable, variable) GROUP BY variable ORDER BY variable;
drawSQL-mysql-export-2026-02-03_hackernews	832	MEDIUM	Which users have duplicate or repeated values?	WITH grouped AS ( SELECT password, COUNT(*) as cnt FROM accounts_customuser GROUP BY password ) SELECT * FROM grouped WHERE cnt > num ORDER BY cnt DESC;	WITH grouped AS ( SELECT col_name, COUNT(*) as cnt FROM table_name GROUP BY col_name ) SELECT * FROM grouped WHERE cnt > num ORDER BY cnt DESC;	WITH variable AS ( SELECT variable, COUNT(*) AS variable FROM variable GROUP BY variable ) SELECT * FROM variable WHERE variable > variable ORDER BY variable DESC;
drawSQL-mysql-export-2026-02-03_hackernews	833	HARD	Pull together a report on users joining all related tables.	SELECT * FROM accounts_customuser LEFT JOIN emaildigest_anonymoussubscription ON accounts_customuser.id = emaildigest_anonymoussubscription.subscription_ptr_id LEFT JOIN accounts_invitation ON accounts_customuser.used_invitation_id = accounts_invitation.id;	SELECT * FROM table_name LEFT JOIN table_name ON table_name.id = table_name.col_name LEFT JOIN table_name ON table_name.col_name = table_name.id;	SELECT * FROM variable LEFT JOIN variable ON variable = variable LEFT JOIN variable ON variable = variable;
drawSQL-mysql-export-2026-02-03_hackernews	834	HARD	Who or what is the best in each group of users?	SELECT * FROM ( SELECT *, ROW_NUMBER() OVER (PARTITION BY last_login ORDER BY id DESC) as rn FROM accounts_customuser ) WHERE rn = num;	SELECT * FROM ( SELECT *, ROW_NUMBER() OVER (PARTITION BY col_name ORDER BY id DESC) as column_alias0 FROM table_name ) WHERE column_alias0 = num;	SELECT * FROM ( SELECT *, ROW_NUMBER() OVER (PARTITION BY variable ORDER BY variable DESC) AS variable FROM variable ) WHERE variable = variable;
drawSQL-mysql-export-2026-02-03_hackernews	835	HARD	Which users are above average compared to others in their group?	SELECT strftime('%Y-%m', date_joined) as period, COUNT(*) as count FROM accounts_customuser WHERE date_joined >= date('now', '-2 months') GROUP BY period ORDER BY period;	SELECT strftime(string, col_name) as column_alias0, column_alias1(*) as column_alias1 FROM table_name WHERE col_name >= date(string, string) GROUP BY column_alias0 ORDER BY column_alias0;	SELECT STRFTIME(variable, variable) AS variable, variable(*) AS variable FROM variable WHERE variable >= DATE(variable, variable) GROUP BY variable ORDER BY variable;
drawSQL-mysql-export-2026-02-03_hackernews	836	HARD	Do a multi-step analysis: group users, filter, then rank the results.	WITH grouped AS ( SELECT last_login, COUNT(*) as cnt FROM accounts_customuser GROUP BY last_login ) SELECT * FROM grouped WHERE cnt > num ORDER BY cnt DESC;	WITH grouped AS ( SELECT col_name, COUNT(*) as cnt FROM table_name GROUP BY col_name ) SELECT * FROM grouped WHERE cnt > num ORDER BY cnt DESC;	WITH variable AS ( SELECT variable, COUNT(*) AS variable FROM variable GROUP BY variable ) SELECT * FROM variable WHERE variable > variable ORDER BY variable DESC;
drawSQL-mysql-export-2026-02-03_hackernews	837	HARD	Show the running total of users over time based on date_joined.	SELECT *, COUNT(*) OVER (ORDER BY date_joined) as running_count FROM accounts_customuser ORDER BY date_joined;	SELECT *, COUNT(*) OVER (ORDER BY col_name) as column_alias0 FROM table_name ORDER BY col_name;	SELECT *, COUNT(*) OVER (ORDER BY variable) AS variable FROM variable ORDER BY variable;
drawSQL-mysql-export-2026-02-03_hackernews	838	HARD	Find users that exist in one table but not in a related table.	SELECT * FROM accounts_customuser WHERE id NOT IN (SELECT DISTINCT user_id FROM accounts_emailverification WHERE user_id IS NOT NULL);	SELECT * FROM table_name WHERE id NOT IN (SELECT DISTINCT col_name FROM table_name WHERE col_name IS NOT NULL);	SELECT * FROM variable WHERE variable NOT IN (SELECT DISTINCT variable FROM variable WHERE variable IS NOT NULL);
drawSQL-mysql-export-2026-02-03_hackernews	839	HARD	Combine data from accounts_customuser, accounts_customuser_groups, and accounts_customuser_user_permissions in a single report.	SELECT * FROM accounts_customuser LEFT JOIN accounts_customuser_groups ON accounts_customuser_groups.id = accounts_customuser.user_id LEFT JOIN accounts_customuser_user_permissions ON accounts_customuser_user_permissions.id = accounts_customuser.user_id;	SELECT * FROM table_name LEFT JOIN table_name ON table_name.id = table_name.col_name LEFT JOIN table_name ON table_name.id = table_name.col_name;	SELECT * FROM variable LEFT JOIN variable ON variable = variable LEFT JOIN variable ON variable = variable;
drawSQL-mysql-export-2026-02-03_hackernews	840	HARD	Rank all users within their groups and show the top performers.	SELECT *, ROW_NUMBER() OVER (ORDER BY id DESC) as rn FROM accounts_customuser;	SELECT *, ROW_NUMBER() OVER (ORDER BY id DESC) as column_alias0 FROM table_name;	SELECT *, ROW_NUMBER() OVER (ORDER BY variable DESC) AS variable FROM variable;
drawSQL-mysql-export-2026-02-03_oauth	841	EASY	How many users signed up since created_at=date?	SELECT COUNT(*) FROM auth_user WHERE date_joined >= date('now', '-1 month');	SELECT COUNT(*) FROM table_name WHERE col_name >= date(string, string);	SELECT COUNT(*) FROM variable WHERE variable >= DATE(variable, variable);
drawSQL-mysql-export-2026-02-03_oauth	842	EASY	How many users do we have in total?	SELECT COUNT(*) FROM auth_user;	SELECT COUNT(*) FROM table_name;	SELECT COUNT(*) FROM variable;
drawSQL-mysql-export-2026-02-03_oauth	843	EASY	Show me all of our users.	SELECT * FROM auth_user;	SELECT * FROM table_name;	SELECT * FROM variable;
drawSQL-mysql-export-2026-02-03_oauth	844	EASY	Can you look up the user with id=num?	SELECT * FROM auth_user WHERE id = num;	SELECT * FROM table_name WHERE id = num;	SELECT * FROM variable WHERE variable = variable;
drawSQL-mysql-export-2026-02-03_oauth	845	EASY	Find the user where username=string.	SELECT * FROM auth_user WHERE username = string;	SELECT * FROM table_name WHERE col_name = string;	SELECT * FROM variable WHERE variable = variable;
drawSQL-mysql-export-2026-02-03_oauth	846	EASY	How many users were created since date_joined=date?	SELECT COUNT(*) FROM auth_user WHERE date_joined >= date('now', '-1 month');	SELECT COUNT(*) FROM table_name WHERE col_name >= date(string, string);	SELECT COUNT(*) FROM variable WHERE variable >= DATE(variable, variable);
drawSQL-mysql-export-2026-02-03_oauth	847	EASY	What are the most recent users ordered by password?	SELECT * FROM auth_user ORDER BY date_joined DESC LIMIT num;	SELECT * FROM table_name ORDER BY col_name DESC LIMIT num;	SELECT * FROM variable ORDER BY variable DESC LIMIT variable;
drawSQL-mysql-export-2026-02-03_oauth	848	EASY	How many oauth2 provider accesstoken do we have in total?	SELECT COUNT(*) FROM oauth2_provider_accesstoken;	SELECT COUNT(*) FROM table_name;	SELECT COUNT(*) FROM variable;
drawSQL-mysql-export-2026-02-03_oauth	849	MEDIUM	Who are the most active users based on activity count?	SELECT * FROM auth_user ORDER BY created_at DESC LIMIT 10;	SELECT * FROM table_name ORDER BY created_at DESC LIMIT num;	SELECT * FROM variable ORDER BY variable DESC LIMIT variable;
drawSQL-mysql-export-2026-02-03_oauth	850	MEDIUM	Show me each user along with its related details from other tables.	SELECT t.*, c.* FROM auth_user t LEFT JOIN oauth2_provider_accesstoken c ON c.user_id = t.id;	SELECT table_alias0.*, table_alias1.* FROM table_name table_alias0 LEFT JOIN table_name table_alias1 ON table_alias1.col_name = table_alias0.id;	SELECT variable.*, variable.* FROM variable variable LEFT JOIN variable variable ON variable = variable;
drawSQL-mysql-export-2026-02-03_oauth	851	MEDIUM	How many users were added since date_joined=date?	SELECT COUNT(*) FROM auth_user WHERE date_joined >= date('now', '-1 month');	SELECT COUNT(*) FROM table_name WHERE col_name >= date(string, string);	SELECT COUNT(*) FROM variable WHERE variable >= DATE(variable, variable);
drawSQL-mysql-export-2026-02-03_oauth	852	MEDIUM	Break down the users by password — how many in each?	SELECT COUNT(*) FROM auth_user WHERE date_joined >= date('now', '-1 month');	SELECT COUNT(*) FROM table_name WHERE col_name >= date(string, string);	SELECT COUNT(*) FROM variable WHERE variable >= DATE(variable, variable);
drawSQL-mysql-export-2026-02-03_oauth	853	MEDIUM	Are there any users that don't have a match in related tables?	SELECT * FROM auth_user WHERE id NOT IN (SELECT DISTINCT user_id FROM oauth2_provider_accesstoken WHERE user_id IS NOT NULL);	SELECT * FROM table_name WHERE id NOT IN (SELECT DISTINCT col_name FROM table_name WHERE col_name IS NOT NULL);	SELECT * FROM variable WHERE variable NOT IN (SELECT DISTINCT variable FROM variable WHERE variable IS NOT NULL);
drawSQL-mysql-export-2026-02-03_oauth	854	MEDIUM	For each group, what are the top 3 users?	SELECT * FROM auth_user ORDER BY id DESC LIMIT num;	SELECT * FROM table_name ORDER BY id DESC LIMIT num;	SELECT * FROM variable ORDER BY variable DESC LIMIT variable;
drawSQL-mysql-export-2026-02-03_oauth	855	MEDIUM	How did the number of users change month over month?	SELECT strftime('%Y-%m', date_joined) as period, COUNT(*) as count FROM auth_user WHERE date_joined >= date('now', '-2 months') GROUP BY period ORDER BY period;	SELECT strftime(string, col_name) as column_alias0, column_alias1(*) as column_alias1 FROM table_name WHERE col_name >= date(string, string) GROUP BY column_alias0 ORDER BY column_alias0;	SELECT STRFTIME(variable, variable) AS variable, variable(*) AS variable FROM variable WHERE variable >= DATE(variable, variable) GROUP BY variable ORDER BY variable;
drawSQL-mysql-export-2026-02-03_oauth	856	MEDIUM	Which users have duplicate or repeated values?	WITH grouped AS ( SELECT password, COUNT(*) as cnt FROM auth_user GROUP BY password ) SELECT * FROM grouped WHERE cnt > num ORDER BY cnt DESC;	WITH grouped AS ( SELECT col_name, COUNT(*) as cnt FROM table_name GROUP BY col_name ) SELECT * FROM grouped WHERE cnt > num ORDER BY cnt DESC;	WITH variable AS ( SELECT variable, COUNT(*) AS variable FROM variable GROUP BY variable ) SELECT * FROM variable WHERE variable > variable ORDER BY variable DESC;
drawSQL-mysql-export-2026-02-03_oauth	857	HARD	Pull together a report on users joining all related tables.	SELECT * FROM oauth2_provider_accesstoken LEFT JOIN oauth2_provider_application ON oauth2_provider_accesstoken.application_id = oauth2_provider_application.id LEFT JOIN auth_user ON oauth2_provider_accesstoken.user_id = auth_user.id;	SELECT * FROM table_name LEFT JOIN table_name ON table_name.col_name = table_name.id LEFT JOIN table_name ON table_name.col_name = table_name.id;	SELECT * FROM variable LEFT JOIN variable ON variable = variable LEFT JOIN variable ON variable = variable;
drawSQL-mysql-export-2026-02-03_oauth	858	HARD	Who or what is the best in each group of users?	SELECT * FROM ( SELECT *, ROW_NUMBER() OVER (PARTITION BY password ORDER BY id DESC) as rn FROM auth_user ) WHERE rn = num;	SELECT * FROM ( SELECT *, ROW_NUMBER() OVER (PARTITION BY col_name ORDER BY id DESC) as column_alias0 FROM table_name ) WHERE column_alias0 = num;	SELECT * FROM ( SELECT *, ROW_NUMBER() OVER (PARTITION BY variable ORDER BY variable DESC) AS variable FROM variable ) WHERE variable = variable;
drawSQL-mysql-export-2026-02-03_oauth	859	HARD	Which users are above average compared to others in their group?	SELECT strftime('%Y-%m', date_joined) as period, COUNT(*) as count FROM auth_user WHERE date_joined >= date('now', '-2 months') GROUP BY period ORDER BY period;	SELECT strftime(string, col_name) as column_alias0, column_alias1(*) as column_alias1 FROM table_name WHERE col_name >= date(string, string) GROUP BY column_alias0 ORDER BY column_alias0;	SELECT STRFTIME(variable, variable) AS variable, variable(*) AS variable FROM variable WHERE variable >= DATE(variable, variable) GROUP BY variable ORDER BY variable;
drawSQL-mysql-export-2026-02-03_oauth	860	HARD	Do a multi-step analysis: group users, filter, then rank the results.	WITH grouped AS ( SELECT password, COUNT(*) as cnt FROM auth_user GROUP BY password ) SELECT * FROM grouped WHERE cnt > num ORDER BY cnt DESC;	WITH grouped AS ( SELECT col_name, COUNT(*) as cnt FROM table_name GROUP BY col_name ) SELECT * FROM grouped WHERE cnt > num ORDER BY cnt DESC;	WITH variable AS ( SELECT variable, COUNT(*) AS variable FROM variable GROUP BY variable ) SELECT * FROM variable WHERE variable > variable ORDER BY variable DESC;
drawSQL-mysql-export-2026-02-03_oauth	861	HARD	Show the running total of users over time based on date_joined.	SELECT *, COUNT(*) OVER (ORDER BY date_joined) as running_count FROM auth_user ORDER BY date_joined;	SELECT *, COUNT(*) OVER (ORDER BY col_name) as column_alias0 FROM table_name ORDER BY col_name;	SELECT *, COUNT(*) OVER (ORDER BY variable) AS variable FROM variable ORDER BY variable;
drawSQL-mysql-export-2026-02-03_oauth	862	HARD	Find users that exist in one table but not in a related table.	SELECT * FROM auth_user WHERE id NOT IN (SELECT DISTINCT user_id FROM oauth2_provider_accesstoken WHERE user_id IS NOT NULL);	SELECT * FROM table_name WHERE id NOT IN (SELECT DISTINCT col_name FROM table_name WHERE col_name IS NOT NULL);	SELECT * FROM variable WHERE variable NOT IN (SELECT DISTINCT variable FROM variable WHERE variable IS NOT NULL);
drawSQL-mysql-export-2026-02-03_oauth	863	HARD	Combine data from auth_user, oauth2_provider_accesstoken, and oauth2_provider_application in a single report.	SELECT * FROM auth_user LEFT JOIN oauth2_provider_accesstoken ON oauth2_provider_accesstoken.id = auth_user.user_id LEFT JOIN oauth2_provider_application ON oauth2_provider_application.id = auth_user.application_id;	SELECT * FROM table_name LEFT JOIN table_name ON table_name.id = table_name.col_name LEFT JOIN table_name ON table_name.id = table_name.col_name;	SELECT * FROM variable LEFT JOIN variable ON variable = variable LEFT JOIN variable ON variable = variable;
drawSQL-mysql-export-2026-02-03_oauth	864	HARD	Rank all users within their groups and show the top performers.	SELECT *, ROW_NUMBER() OVER (ORDER BY id DESC) as rn FROM auth_user;	SELECT *, ROW_NUMBER() OVER (ORDER BY id DESC) as column_alias0 FROM table_name;	SELECT *, ROW_NUMBER() OVER (ORDER BY variable DESC) AS variable FROM variable;
drawSQL-mysql-export-2026-02-03_phpweb	865	EASY	How many users signed up since created_at=date?	SELECT COUNT(*) FROM users WHERE created_at >= date('now', '-1 month');	SELECT COUNT(*) FROM table_name WHERE col_name >= date(string, string);	SELECT COUNT(*) FROM variable WHERE variable >= DATE(variable, variable);
drawSQL-mysql-export-2026-02-03_phpweb	866	EASY	How many users do we have in total?	SELECT COUNT(*) FROM users;	SELECT COUNT(*) FROM table_name;	SELECT COUNT(*) FROM variable;
drawSQL-mysql-export-2026-02-03_phpweb	867	EASY	Show me all of our users.	SELECT * FROM users;	SELECT * FROM table_name;	SELECT * FROM variable;
drawSQL-mysql-export-2026-02-03_phpweb	868	EASY	Can you look up the user with id=num?	SELECT * FROM users WHERE id = num;	SELECT * FROM table_name WHERE id = num;	SELECT * FROM variable WHERE variable = variable;
drawSQL-mysql-export-2026-02-03_phpweb	869	EASY	Find the user where name=string.	SELECT * FROM users WHERE name = string;	SELECT * FROM table_name WHERE col_name = string;	SELECT * FROM variable WHERE variable = variable;
drawSQL-mysql-export-2026-02-03_phpweb	870	EASY	How many users were created since created_at=date?	SELECT COUNT(*) FROM users WHERE created_at >= date('now', '-1 month');	SELECT COUNT(*) FROM table_name WHERE col_name >= date(string, string);	SELECT COUNT(*) FROM variable WHERE variable >= DATE(variable, variable);
drawSQL-mysql-export-2026-02-03_phpweb	871	EASY	What are the most recent users ordered by name?	SELECT * FROM users ORDER BY created_at DESC LIMIT num;	SELECT * FROM table_name ORDER BY col_name DESC LIMIT num;	SELECT * FROM variable ORDER BY variable DESC LIMIT variable;
drawSQL-mysql-export-2026-02-03_phpweb	872	EASY	Show me the first few users from the users table.	SELECT * FROM users LIMIT num;	SELECT * FROM table_name LIMIT num;	SELECT * FROM variable LIMIT variable;
drawSQL-mysql-export-2026-02-03_phpweb	873	MEDIUM	Who are the most active users based on activity count?	SELECT * FROM users ORDER BY created_at DESC LIMIT 10;	SELECT * FROM table_name ORDER BY col_name DESC LIMIT num;	SELECT * FROM variable ORDER BY variable DESC LIMIT variable;
drawSQL-mysql-export-2026-02-03_phpweb	874	MEDIUM	How many users were added since created_at=date?	SELECT COUNT(*) FROM users WHERE created_at >= date('now', '-1 month');	SELECT COUNT(*) FROM table_name WHERE col_name >= date(string, string);	SELECT COUNT(*) FROM variable WHERE variable >= DATE(variable, variable);
drawSQL-mysql-export-2026-02-03_phpweb	875	MEDIUM	Break down the users by name — how many in each?	SELECT COUNT(*) FROM users WHERE created_at >= date('now', '-1 month');	SELECT COUNT(*) FROM table_name WHERE col_name >= date(string, string);	SELECT COUNT(*) FROM variable WHERE variable >= DATE(variable, variable);
drawSQL-mysql-export-2026-02-03_phpweb	876	MEDIUM	Are there any users that don't have a match in related tables?	SELECT * FROM users LIMIT num;	SELECT * FROM table_name LIMIT num;	SELECT * FROM variable LIMIT variable;
drawSQL-mysql-export-2026-02-03_phpweb	877	MEDIUM	For each group, what are the top 3 users?	SELECT * FROM users ORDER BY id DESC LIMIT num;	SELECT * FROM table_name ORDER BY id DESC LIMIT num;	SELECT * FROM variable ORDER BY variable DESC LIMIT variable;
drawSQL-mysql-export-2026-02-03_phpweb	878	MEDIUM	How did the number of users change month over month?	SELECT strftime('%Y-%m', created_at) as period, COUNT(*) as count FROM users WHERE created_at >= date('now', '-2 months') GROUP BY period ORDER BY period;	SELECT strftime(string, col_name) as column_alias0, column_alias1(*) as column_alias1 FROM table_name WHERE col_name >= date(string, string) GROUP BY column_alias0 ORDER BY column_alias0;	SELECT STRFTIME(variable, variable) AS variable, variable(*) AS variable FROM variable WHERE variable >= DATE(variable, variable) GROUP BY variable ORDER BY variable;
drawSQL-mysql-export-2026-02-03_phpweb	879	MEDIUM	Which users have duplicate or repeated values?	WITH grouped AS ( SELECT name, COUNT(*) as cnt FROM users GROUP BY name ) SELECT * FROM grouped WHERE cnt > num ORDER BY cnt DESC;	WITH grouped AS ( SELECT col_name, COUNT(*) as cnt FROM table_name GROUP BY col_name ) SELECT * FROM grouped WHERE cnt > num ORDER BY cnt DESC;	WITH variable AS ( SELECT variable, COUNT(*) AS variable FROM variable GROUP BY variable ) SELECT * FROM variable WHERE variable > variable ORDER BY variable DESC;
drawSQL-mysql-export-2026-02-03_phpweb	880	MEDIUM	Are there any records that exist in one table but not in a related one?	SELECT * FROM users LIMIT num;	SELECT * FROM table_name LIMIT num;	SELECT * FROM variable LIMIT variable;
drawSQL-mysql-export-2026-02-03_phpweb	881	HARD	Pull together a report on users joining all related tables.	SELECT * FROM users;	SELECT * FROM table_name;	SELECT * FROM variable;
drawSQL-mysql-export-2026-02-03_phpweb	882	HARD	Who or what is the best in each group of users?	SELECT * FROM ( SELECT *, ROW_NUMBER() OVER (PARTITION BY name ORDER BY id DESC) as rn FROM users ) WHERE rn = num;	SELECT * FROM ( SELECT *, ROW_NUMBER() OVER (PARTITION BY col_name ORDER BY id DESC) as column_alias0 FROM table_name ) WHERE column_alias0 = num;	SELECT * FROM ( SELECT *, ROW_NUMBER() OVER (PARTITION BY variable ORDER BY variable DESC) AS variable FROM variable ) WHERE variable = variable;
drawSQL-mysql-export-2026-02-03_phpweb	883	HARD	Which users are above average compared to others in their group?	SELECT strftime('%Y-%m', created_at) as period, COUNT(*) as count FROM users WHERE created_at >= date('now', '-2 months') GROUP BY period ORDER BY period;	SELECT strftime(string, col_name) as column_alias0, column_alias1(*) as column_alias1 FROM table_name WHERE col_name >= date(string, string) GROUP BY column_alias0 ORDER BY column_alias0;	SELECT STRFTIME(variable, variable) AS variable, variable(*) AS variable FROM variable WHERE variable >= DATE(variable, variable) GROUP BY variable ORDER BY variable;
drawSQL-mysql-export-2026-02-03_phpweb	884	HARD	Do a multi-step analysis: group users, filter, then rank the results.	WITH grouped AS ( SELECT name, COUNT(*) as cnt FROM users GROUP BY name ) SELECT * FROM grouped WHERE cnt > num ORDER BY cnt DESC;	WITH grouped AS ( SELECT col_name, COUNT(*) as cnt FROM table_name GROUP BY col_name ) SELECT * FROM grouped WHERE cnt > num ORDER BY cnt DESC;	WITH variable AS ( SELECT variable, COUNT(*) AS variable FROM variable GROUP BY variable ) SELECT * FROM variable WHERE variable > variable ORDER BY variable DESC;
drawSQL-mysql-export-2026-02-03_phpweb	885	HARD	Show the running total of users over time based on created_at.	SELECT *, COUNT(*) OVER (ORDER BY created_at) as running_count FROM users ORDER BY created_at;	SELECT *, COUNT(*) OVER (ORDER BY col_name) as column_alias0 FROM table_name ORDER BY col_name;	SELECT *, COUNT(*) OVER (ORDER BY variable) AS variable FROM variable ORDER BY variable;
drawSQL-mysql-export-2026-02-03_phpweb	886	HARD	Find users that exist in one table but not in a related table.	SELECT * FROM users LIMIT num;	SELECT * FROM table_name LIMIT num;	SELECT * FROM variable LIMIT variable;
drawSQL-mysql-export-2026-02-03_phpweb	887	HARD	Rank all users within their groups and show the top performers.	SELECT *, ROW_NUMBER() OVER (ORDER BY id DESC) as rn FROM users;	SELECT *, ROW_NUMBER() OVER (ORDER BY id DESC) as column_alias0 FROM table_name;	SELECT *, ROW_NUMBER() OVER (ORDER BY variable DESC) AS variable FROM variable;
drawSQL-mysql-export-2026-02-03_phpweb	888	HARD	Build a comprehensive report pulling data from multiple tables.	SELECT * FROM users;	SELECT * FROM table_name;	SELECT * FROM variable;
drawSQL-mysql-export-2026-02-03_pushnotif	889	EASY	How many users signed up since created_at=date?	SELECT COUNT(*) FROM auth_user WHERE date_joined >= date('now', '-1 month');	SELECT COUNT(*) FROM table_name WHERE col_name >= date(string, string);	SELECT COUNT(*) FROM variable WHERE variable >= DATE(variable, variable);
drawSQL-mysql-export-2026-02-03_pushnotif	890	EASY	How many users do we have in total?	SELECT COUNT(*) FROM auth_user;	SELECT COUNT(*) FROM table_name;	SELECT COUNT(*) FROM variable;
drawSQL-mysql-export-2026-02-03_pushnotif	891	EASY	Show me all of our users.	SELECT * FROM auth_user;	SELECT * FROM table_name;	SELECT * FROM variable;
drawSQL-mysql-export-2026-02-03_pushnotif	892	EASY	Can you look up the user with id=num?	SELECT * FROM auth_user WHERE id = num;	SELECT * FROM table_name WHERE id = num;	SELECT * FROM variable WHERE variable = variable;
drawSQL-mysql-export-2026-02-03_pushnotif	893	EASY	Find the user where username=string.	SELECT * FROM auth_user WHERE username = string;	SELECT * FROM table_name WHERE col_name = string;	SELECT * FROM variable WHERE variable = variable;
drawSQL-mysql-export-2026-02-03_pushnotif	894	EASY	How many users were created since date_joined=date?	SELECT COUNT(*) FROM auth_user WHERE date_joined >= date('now', '-1 month');	SELECT COUNT(*) FROM table_name WHERE col_name >= date(string, string);	SELECT COUNT(*) FROM variable WHERE variable >= DATE(variable, variable);
drawSQL-mysql-export-2026-02-03_pushnotif	895	EASY	What are the most recent users ordered by password?	SELECT * FROM auth_user ORDER BY date_joined DESC LIMIT num;	SELECT * FROM table_name ORDER BY col_name DESC LIMIT num;	SELECT * FROM variable ORDER BY variable DESC LIMIT variable;
drawSQL-mysql-export-2026-02-03_pushnotif	896	EASY	How many push notifications apnsdevice do we have in total?	SELECT COUNT(*) FROM push_notifications_apnsdevice;	SELECT COUNT(*) FROM table_name;	SELECT COUNT(*) FROM variable;
drawSQL-mysql-export-2026-02-03_pushnotif	897	MEDIUM	Who are the most active users based on activity count?	SELECT * FROM auth_user ORDER BY created_at DESC LIMIT 10;	SELECT * FROM table_name ORDER BY created_at DESC LIMIT num;	SELECT * FROM variable ORDER BY variable DESC LIMIT variable;
drawSQL-mysql-export-2026-02-03_pushnotif	898	MEDIUM	Show me each user along with its related details from other tables.	SELECT t.*, c.* FROM auth_user t LEFT JOIN push_notifications_apnsdevice c ON c.user_id = t.id;	SELECT table_alias0.*, table_alias1.* FROM table_name table_alias0 LEFT JOIN table_name table_alias1 ON table_alias1.col_name = table_alias0.id;	SELECT variable.*, variable.* FROM variable variable LEFT JOIN variable variable ON variable = variable;
drawSQL-mysql-export-2026-02-03_pushnotif	899	MEDIUM	How many users were added since date_joined=date?	SELECT COUNT(*) FROM auth_user WHERE date_joined >= date('now', '-1 month');	SELECT COUNT(*) FROM table_name WHERE col_name >= date(string, string);	SELECT COUNT(*) FROM variable WHERE variable >= DATE(variable, variable);
drawSQL-mysql-export-2026-02-03_pushnotif	900	MEDIUM	Break down the users by password — how many in each?	SELECT COUNT(*) FROM auth_user WHERE date_joined >= date('now', '-1 month');	SELECT COUNT(*) FROM table_name WHERE col_name >= date(string, string);	SELECT COUNT(*) FROM variable WHERE variable >= DATE(variable, variable);
drawSQL-mysql-export-2026-02-03_pushnotif	901	MEDIUM	Are there any users that don't have a match in related tables?	SELECT * FROM auth_user WHERE id NOT IN (SELECT DISTINCT user_id FROM push_notifications_apnsdevice WHERE user_id IS NOT NULL);	SELECT * FROM table_name WHERE id NOT IN (SELECT DISTINCT col_name FROM table_name WHERE col_name IS NOT NULL);	SELECT * FROM variable WHERE variable NOT IN (SELECT DISTINCT variable FROM variable WHERE variable IS NOT NULL);
drawSQL-mysql-export-2026-02-03_pushnotif	902	MEDIUM	For each group, what are the top 3 users?	SELECT * FROM auth_user ORDER BY id DESC LIMIT num;	SELECT * FROM table_name ORDER BY id DESC LIMIT num;	SELECT * FROM variable ORDER BY variable DESC LIMIT variable;
drawSQL-mysql-export-2026-02-03_pushnotif	903	MEDIUM	How did the number of users change month over month?	SELECT strftime('%Y-%m', date_joined) as period, COUNT(*) as count FROM auth_user WHERE date_joined >= date('now', '-2 months') GROUP BY period ORDER BY period;	SELECT strftime(string, col_name) as column_alias0, column_alias1(*) as column_alias1 FROM table_name WHERE col_name >= date(string, string) GROUP BY column_alias0 ORDER BY column_alias0;	SELECT STRFTIME(variable, variable) AS variable, variable(*) AS variable FROM variable WHERE variable >= DATE(variable, variable) GROUP BY variable ORDER BY variable;
drawSQL-mysql-export-2026-02-03_pushnotif	904	MEDIUM	Which users have duplicate or repeated values?	WITH grouped AS ( SELECT password, COUNT(*) as cnt FROM auth_user GROUP BY password ) SELECT * FROM grouped WHERE cnt > num ORDER BY cnt DESC;	WITH grouped AS ( SELECT col_name, COUNT(*) as cnt FROM table_name GROUP BY col_name ) SELECT * FROM grouped WHERE cnt > num ORDER BY cnt DESC;	WITH variable AS ( SELECT variable, COUNT(*) AS variable FROM variable GROUP BY variable ) SELECT * FROM variable WHERE variable > variable ORDER BY variable DESC;
drawSQL-mysql-export-2026-02-03_pushnotif	905	HARD	Pull together a report on users joining all related tables.	SELECT * FROM push_notifications_apnsdevice LEFT JOIN auth_user ON push_notifications_apnsdevice.user_id = auth_user.id;	SELECT * FROM table_name LEFT JOIN table_name ON table_name.col_name = table_name.id;	SELECT * FROM variable LEFT JOIN variable ON variable = variable;
drawSQL-mysql-export-2026-02-03_pushnotif	906	HARD	Who or what is the best in each group of users?	SELECT * FROM ( SELECT *, ROW_NUMBER() OVER (PARTITION BY password ORDER BY id DESC) as rn FROM auth_user ) WHERE rn = num;	SELECT * FROM ( SELECT *, ROW_NUMBER() OVER (PARTITION BY col_name ORDER BY id DESC) as column_alias0 FROM table_name ) WHERE column_alias0 = num;	SELECT * FROM ( SELECT *, ROW_NUMBER() OVER (PARTITION BY variable ORDER BY variable DESC) AS variable FROM variable ) WHERE variable = variable;
drawSQL-mysql-export-2026-02-03_pushnotif	907	HARD	Which users are above average compared to others in their group?	SELECT strftime('%Y-%m', date_joined) as period, COUNT(*) as count FROM auth_user WHERE date_joined >= date('now', '-2 months') GROUP BY period ORDER BY period;	SELECT strftime(string, col_name) as column_alias0, column_alias1(*) as column_alias1 FROM table_name WHERE col_name >= date(string, string) GROUP BY column_alias0 ORDER BY column_alias0;	SELECT STRFTIME(variable, variable) AS variable, variable(*) AS variable FROM variable WHERE variable >= DATE(variable, variable) GROUP BY variable ORDER BY variable;
drawSQL-mysql-export-2026-02-03_pushnotif	908	HARD	Do a multi-step analysis: group users, filter, then rank the results.	WITH grouped AS ( SELECT password, COUNT(*) as cnt FROM auth_user GROUP BY password ) SELECT * FROM grouped WHERE cnt > num ORDER BY cnt DESC;	WITH grouped AS ( SELECT col_name, COUNT(*) as cnt FROM table_name GROUP BY col_name ) SELECT * FROM grouped WHERE cnt > num ORDER BY cnt DESC;	WITH variable AS ( SELECT variable, COUNT(*) AS variable FROM variable GROUP BY variable ) SELECT * FROM variable WHERE variable > variable ORDER BY variable DESC;
drawSQL-mysql-export-2026-02-03_pushnotif	909	HARD	Show the running total of users over time based on date_joined.	SELECT *, COUNT(*) OVER (ORDER BY date_joined) as running_count FROM auth_user ORDER BY date_joined;	SELECT *, COUNT(*) OVER (ORDER BY col_name) as column_alias0 FROM table_name ORDER BY col_name;	SELECT *, COUNT(*) OVER (ORDER BY variable) AS variable FROM variable ORDER BY variable;
drawSQL-mysql-export-2026-02-03_pushnotif	910	HARD	Find users that exist in one table but not in a related table.	SELECT * FROM auth_user WHERE id NOT IN (SELECT DISTINCT user_id FROM push_notifications_apnsdevice WHERE user_id IS NOT NULL);	SELECT * FROM table_name WHERE id NOT IN (SELECT DISTINCT col_name FROM table_name WHERE col_name IS NOT NULL);	SELECT * FROM variable WHERE variable NOT IN (SELECT DISTINCT variable FROM variable WHERE variable IS NOT NULL);
drawSQL-mysql-export-2026-02-03_pushnotif	911	HARD	Combine data from auth_user, push_notifications_apnsdevice, and push_notifications_gcmdevice in a single report.	SELECT * FROM auth_user LEFT JOIN push_notifications_apnsdevice ON push_notifications_apnsdevice.id = auth_user.user_id LEFT JOIN push_notifications_gcmdevice ON push_notifications_gcmdevice.id = auth_user.user_id;	SELECT * FROM table_name LEFT JOIN table_name ON table_name.id = table_name.col_name LEFT JOIN table_name ON table_name.id = table_name.col_name;	SELECT * FROM variable LEFT JOIN variable ON variable = variable LEFT JOIN variable ON variable = variable;
drawSQL-mysql-export-2026-02-03_pushnotif	912	HARD	Rank all users within their groups and show the top performers.	SELECT *, ROW_NUMBER() OVER (ORDER BY id DESC) as rn FROM auth_user;	SELECT *, ROW_NUMBER() OVER (ORDER BY id DESC) as column_alias0 FROM table_name;	SELECT *, ROW_NUMBER() OVER (ORDER BY variable DESC) AS variable FROM variable;
drawSQL-mysql-export-2026-02-03_school	913	EASY	What rooms have price between num and num?	SELECT * FROM accounts WHERE amount BETWEEN num AND num ORDER BY amount;	SELECT * FROM table_name WHERE col_name BETWEEN num AND num ORDER BY col_name;	SELECT * FROM variable WHERE variable BETWEEN variable AND variable ORDER BY variable;
drawSQL-mysql-export-2026-02-03_school	914	EASY	How many users signed up since created_at=date?	SELECT COUNT(*) FROM users WHERE created_at >= date('now', '-1 month');	SELECT COUNT(*) FROM table_name WHERE col_name >= date(string, string);	SELECT COUNT(*) FROM variable WHERE variable >= DATE(variable, variable);
drawSQL-mysql-export-2026-02-03_school	915	EASY	How many account sectors do we have in total?	SELECT COUNT(*) FROM account_sectors;	SELECT COUNT(*) FROM table_name;	SELECT COUNT(*) FROM variable;
drawSQL-mysql-export-2026-02-03_school	916	EASY	Show me all of our account sectors.	SELECT * FROM account_sectors;	SELECT * FROM table_name;	SELECT * FROM variable;
drawSQL-mysql-export-2026-02-03_school	917	EASY	Can you look up the account sector with id=num?	SELECT * FROM account_sectors WHERE id = num;	SELECT * FROM table_name WHERE id = num;	SELECT * FROM variable WHERE variable = variable;
drawSQL-mysql-export-2026-02-03_school	918	EASY	Find the account sector where name=string.	SELECT * FROM account_sectors WHERE name = string;	SELECT * FROM table_name WHERE col_name = string;	SELECT * FROM variable WHERE variable = variable;
drawSQL-mysql-export-2026-02-03_school	919	EASY	How many account sectors were created since created_at=date?	SELECT COUNT(*) FROM account_sectors WHERE created_at >= date('now', '-1 month');	SELECT COUNT(*) FROM table_name WHERE col_name >= date(string, string);	SELECT COUNT(*) FROM variable WHERE variable >= DATE(variable, variable);
drawSQL-mysql-export-2026-02-03_school	920	EASY	What are the most recent account sectors ordered by name?	SELECT * FROM account_sectors ORDER BY created_at DESC LIMIT num;	SELECT * FROM table_name ORDER BY col_name DESC LIMIT num;	SELECT * FROM variable ORDER BY variable DESC LIMIT variable;
drawSQL-mysql-export-2026-02-03_school	921	MEDIUM	Who are the most active users based on activity count?	SELECT * FROM users ORDER BY created_at DESC LIMIT 10;	SELECT * FROM table_name ORDER BY col_name DESC LIMIT num;	SELECT * FROM variable ORDER BY variable DESC LIMIT variable;
drawSQL-mysql-export-2026-02-03_school	922	MEDIUM	How many account sectors were added since created_at=date?	SELECT COUNT(*) FROM account_sectors WHERE created_at >= date('now', '-1 month');	SELECT COUNT(*) FROM table_name WHERE col_name >= date(string, string);	SELECT COUNT(*) FROM variable WHERE variable >= DATE(variable, variable);
drawSQL-mysql-export-2026-02-03_school	923	MEDIUM	Break down the account sectors by type — how many in each?	SELECT type, COUNT(*) as count FROM account_sectors GROUP BY type;	SELECT col_name, COUNT(*) as count FROM table_name GROUP BY col_name;	SELECT variable, COUNT(*) AS COUNT FROM variable GROUP BY variable;
drawSQL-mysql-export-2026-02-03_school	924	MEDIUM	Are there any account sectors that don't have a match in related tables?	SELECT * FROM account_sectors LIMIT num;	SELECT * FROM table_name LIMIT num;	SELECT * FROM variable LIMIT variable;
drawSQL-mysql-export-2026-02-03_school	925	MEDIUM	For each group, what are the top 3 account sectors?	SELECT * FROM ( SELECT *, ROW_NUMBER() OVER (PARTITION BY type ORDER BY id DESC) as rn FROM account_sectors ) WHERE rn <= num;	SELECT * FROM ( SELECT *, ROW_NUMBER() OVER (PARTITION BY col_name ORDER BY id DESC) as column_alias0 FROM table_name ) WHERE column_alias0 <= num;	SELECT * FROM ( SELECT *, ROW_NUMBER() OVER (PARTITION BY variable ORDER BY variable DESC) AS variable FROM variable ) WHERE variable <= variable;
drawSQL-mysql-export-2026-02-03_school	926	MEDIUM	How did the number of account sectors change month over month?	SELECT strftime('%Y-%m', created_at) as period, COUNT(*) as count FROM account_sectors WHERE created_at >= date('now', '-2 months') GROUP BY period ORDER BY period;	SELECT strftime(string, col_name) as column_alias0, column_alias1(*) as column_alias1 FROM table_name WHERE col_name >= date(string, string) GROUP BY column_alias0 ORDER BY column_alias0;	SELECT STRFTIME(variable, variable) AS variable, variable(*) AS variable FROM variable WHERE variable >= DATE(variable, variable) GROUP BY variable ORDER BY variable;
drawSQL-mysql-export-2026-02-03_school	927	MEDIUM	Which account sectors have duplicate or repeated values?	WITH grouped AS ( SELECT type, COUNT(*) as cnt FROM account_sectors GROUP BY type ) SELECT * FROM grouped WHERE cnt > num ORDER BY cnt DESC;	WITH grouped AS ( SELECT col_name, COUNT(*) as cnt FROM table_name GROUP BY col_name ) SELECT * FROM grouped WHERE cnt > num ORDER BY cnt DESC;	WITH variable AS ( SELECT variable, COUNT(*) AS variable FROM variable GROUP BY variable ) SELECT * FROM variable WHERE variable > variable ORDER BY variable DESC;
drawSQL-mysql-export-2026-02-03_school	928	MEDIUM	What's our total and average amount across all accounts?	SELECT SUM(amount) as total, AVG(amount) as average FROM accounts;	SELECT SUM(col_name) as column_alias0, AVG(col_name) as average FROM table_name;	SELECT SUM(variable) AS variable, AVG(variable) AS variable FROM variable;
drawSQL-mysql-export-2026-02-03_school	929	HARD	Pull together a report on account sectors joining all related tables.	SELECT * FROM account_sectors LEFT JOIN users ON account_sectors.user_id = users.id LEFT JOIN schools ON account_sectors.school_id = schools.id;	SELECT * FROM table_name LEFT JOIN table_name ON table_name.col_name = table_name.id LEFT JOIN table_name ON table_name.col_name = table_name.id;	SELECT * FROM variable LEFT JOIN variable ON variable = variable LEFT JOIN variable ON variable = variable;
drawSQL-mysql-export-2026-02-03_school	930	HARD	Who or what is the best in each group of account sectors?	SELECT * FROM ( SELECT *, ROW_NUMBER() OVER (PARTITION BY type ORDER BY id DESC) as rn FROM account_sectors ) WHERE rn = num;	SELECT * FROM ( SELECT *, ROW_NUMBER() OVER (PARTITION BY col_name ORDER BY id DESC) as column_alias0 FROM table_name ) WHERE column_alias0 = num;	SELECT * FROM ( SELECT *, ROW_NUMBER() OVER (PARTITION BY variable ORDER BY variable DESC) AS variable FROM variable ) WHERE variable = variable;
drawSQL-mysql-export-2026-02-03_school	931	HARD	Which account sectors are above average compared to others in their group?	SELECT strftime('%Y-%m', created_at) as period, COUNT(*) as count FROM account_sectors WHERE created_at >= date('now', '-2 months') GROUP BY period ORDER BY period;	SELECT strftime(string, col_name) as column_alias0, column_alias1(*) as column_alias1 FROM table_name WHERE col_name >= date(string, string) GROUP BY column_alias0 ORDER BY column_alias0;	SELECT STRFTIME(variable, variable) AS variable, variable(*) AS variable FROM variable WHERE variable >= DATE(variable, variable) GROUP BY variable ORDER BY variable;
drawSQL-mysql-export-2026-02-03_school	932	HARD	Do a multi-step analysis: group account sectors, filter, then rank the results.	WITH grouped AS ( SELECT type, COUNT(*) as cnt FROM account_sectors GROUP BY type ) SELECT * FROM grouped WHERE cnt > num ORDER BY cnt DESC;	WITH grouped AS ( SELECT col_name, COUNT(*) as cnt FROM table_name GROUP BY col_name ) SELECT * FROM grouped WHERE cnt > num ORDER BY cnt DESC;	WITH variable AS ( SELECT variable, COUNT(*) AS variable FROM variable GROUP BY variable ) SELECT * FROM variable WHERE variable > variable ORDER BY variable DESC;
drawSQL-mysql-export-2026-02-03_school	933	HARD	Show the running total of account sectors over time based on created_at.	SELECT *, COUNT(*) OVER (ORDER BY created_at) as running_count FROM account_sectors ORDER BY created_at;	SELECT *, COUNT(*) OVER (ORDER BY col_name) as column_alias0 FROM table_name ORDER BY col_name;	SELECT *, COUNT(*) OVER (ORDER BY variable) AS variable FROM variable ORDER BY variable;
drawSQL-mysql-export-2026-02-03_school	934	HARD	Find account sectors that exist in one table but not in a related table.	SELECT * FROM account_sectors LIMIT num;	SELECT * FROM table_name LIMIT num;	SELECT * FROM variable LIMIT variable;
drawSQL-mysql-export-2026-02-03_school	935	HARD	Combine data from account_sectors, accounts, and attendances in a single report.	SELECT * FROM account_sectors LEFT JOIN accounts ON accounts.id = account_sectors.id LEFT JOIN attendances ON attendances.id = account_sectors.id;	SELECT * FROM table_name LEFT JOIN table_name ON table_name.id = table_name.id LEFT JOIN table_name ON table_name.id = table_name.id;	SELECT * FROM variable LEFT JOIN variable ON variable = variable LEFT JOIN variable ON variable = variable;
drawSQL-mysql-export-2026-02-03_school	936	HARD	Rank all account sectors within their groups and show the top performers.	SELECT * FROM ( SELECT *, ROW_NUMBER() OVER (PARTITION BY type ORDER BY id DESC) as rn FROM account_sectors ) WHERE rn <= num;	SELECT * FROM ( SELECT *, ROW_NUMBER() OVER (PARTITION BY col_name ORDER BY id DESC) as column_alias0 FROM table_name ) WHERE column_alias0 <= num;	SELECT * FROM ( SELECT *, ROW_NUMBER() OVER (PARTITION BY variable ORDER BY variable DESC) AS variable FROM variable ) WHERE variable <= variable;
drawSQL-mysql-export-2026-02-03_tags	937	EASY	How many tags do we have in total?	SELECT COUNT(*) FROM tags;	SELECT COUNT(*) FROM table_name;	SELECT COUNT(*) FROM variable;
drawSQL-mysql-export-2026-02-03_tags	938	EASY	Show me all of our tags.	SELECT * FROM tags;	SELECT * FROM table_name;	SELECT * FROM variable;
drawSQL-mysql-export-2026-02-03_tags	939	EASY	Can you look up the tag with id=num?	SELECT * FROM tags WHERE id = num;	SELECT * FROM table_name WHERE id = num;	SELECT * FROM variable WHERE variable = variable;
drawSQL-mysql-export-2026-02-03_tags	940	EASY	Find the tag where name=string.	SELECT * FROM tags WHERE name = string;	SELECT * FROM table_name WHERE col_name = string;	SELECT * FROM variable WHERE variable = variable;
drawSQL-mysql-export-2026-02-03_tags	941	EASY	How many tags were created since created_at=date?	SELECT COUNT(*) FROM tags WHERE created_at >= date('now', '-1 month');	SELECT COUNT(*) FROM table_name WHERE col_name >= date(string, string);	SELECT COUNT(*) FROM variable WHERE variable >= DATE(variable, variable);
drawSQL-mysql-export-2026-02-03_tags	942	EASY	What are the most recent tags ordered by name?	SELECT * FROM tags ORDER BY created_at DESC LIMIT num;	SELECT * FROM table_name ORDER BY col_name DESC LIMIT num;	SELECT * FROM variable ORDER BY variable DESC LIMIT variable;
drawSQL-mysql-export-2026-02-03_tags	943	EASY	How many taggables do we have in total?	SELECT COUNT(*) FROM taggables;	SELECT COUNT(*) FROM table_name;	SELECT COUNT(*) FROM variable;
drawSQL-mysql-export-2026-02-03_tags	944	EASY	Show me all of our taggables.	SELECT * FROM taggables;	SELECT * FROM table_name;	SELECT * FROM variable;
drawSQL-mysql-export-2026-02-03_tags	945	MEDIUM	Show me each tag along with its related details from other tables.	SELECT t.*, c.* FROM tags t LEFT JOIN taggables c ON c.tag_id = t.id;	SELECT table_alias0.*, table_alias1.* FROM table_name table_alias0 LEFT JOIN table_name table_alias1 ON table_alias1.col_name = table_alias0.id;	SELECT variable.*, variable.* FROM variable variable LEFT JOIN variable variable ON variable = variable;
drawSQL-mysql-export-2026-02-03_tags	946	MEDIUM	How many tags were added since created_at=date?	SELECT COUNT(*) FROM tags WHERE created_at >= date('now', '-1 month');	SELECT COUNT(*) FROM table_name WHERE col_name >= date(string, string);	SELECT COUNT(*) FROM variable WHERE variable >= DATE(variable, variable);
drawSQL-mysql-export-2026-02-03_tags	947	MEDIUM	Break down the tags by type — how many in each?	SELECT type, COUNT(*) as count FROM tags GROUP BY type;	SELECT col_name, COUNT(*) as count FROM table_name GROUP BY col_name;	SELECT variable, COUNT(*) AS COUNT FROM variable GROUP BY variable;
drawSQL-mysql-export-2026-02-03_tags	948	MEDIUM	Are there any tags that don't have a match in related tables?	SELECT * FROM tags WHERE id NOT IN (SELECT DISTINCT tag_id FROM taggables WHERE tag_id IS NOT NULL);	SELECT * FROM table_name WHERE id NOT IN (SELECT DISTINCT col_name FROM table_name WHERE col_name IS NOT NULL);	SELECT * FROM variable WHERE variable NOT IN (SELECT DISTINCT variable FROM variable WHERE variable IS NOT NULL);
drawSQL-mysql-export-2026-02-03_tags	949	MEDIUM	For each group, what are the top 3 tags?	SELECT * FROM ( SELECT *, ROW_NUMBER() OVER (PARTITION BY type ORDER BY id DESC) as rn FROM tags ) WHERE rn <= num;	SELECT * FROM ( SELECT *, ROW_NUMBER() OVER (PARTITION BY col_name ORDER BY id DESC) as column_alias0 FROM table_name ) WHERE column_alias0 <= num;	SELECT * FROM ( SELECT *, ROW_NUMBER() OVER (PARTITION BY variable ORDER BY variable DESC) AS variable FROM variable ) WHERE variable <= variable;
drawSQL-mysql-export-2026-02-03_tags	950	MEDIUM	How did the number of tags change month over month?	SELECT strftime('%Y-%m', created_at) as period, COUNT(*) as count FROM tags WHERE created_at >= date('now', '-2 months') GROUP BY period ORDER BY period;	SELECT strftime(string, col_name) as column_alias0, column_alias1(*) as column_alias1 FROM table_name WHERE col_name >= date(string, string) GROUP BY column_alias0 ORDER BY column_alias0;	SELECT STRFTIME(variable, variable) AS variable, variable(*) AS variable FROM variable WHERE variable >= DATE(variable, variable) GROUP BY variable ORDER BY variable;
drawSQL-mysql-export-2026-02-03_tags	951	MEDIUM	Which tags have duplicate or repeated values?	WITH grouped AS ( SELECT type, COUNT(*) as cnt FROM tags GROUP BY type ) SELECT * FROM grouped WHERE cnt > num ORDER BY cnt DESC;	WITH grouped AS ( SELECT col_name, COUNT(*) as cnt FROM table_name GROUP BY col_name ) SELECT * FROM grouped WHERE cnt > num ORDER BY cnt DESC;	WITH variable AS ( SELECT variable, COUNT(*) AS variable FROM variable GROUP BY variable ) SELECT * FROM variable WHERE variable > variable ORDER BY variable DESC;
drawSQL-mysql-export-2026-02-03_tags	952	MEDIUM	Break down the taggables by taggable_type — how many in each?	SELECT taggable_type, COUNT(*) as count FROM taggables GROUP BY taggable_type;	SELECT col_name, COUNT(*) as count FROM table_name GROUP BY col_name;	SELECT variable, COUNT(*) AS COUNT FROM variable GROUP BY variable;
drawSQL-mysql-export-2026-02-03_tags	953	HARD	Pull together a report on tags joining all related tables.	SELECT * FROM taggables LEFT JOIN tags ON taggables.tag_id = tags.id;	SELECT * FROM table_name LEFT JOIN table_name ON table_name.col_name = table_name.id;	SELECT * FROM variable LEFT JOIN variable ON variable = variable;
drawSQL-mysql-export-2026-02-03_tags	954	HARD	Who or what is the best in each group of tags?	SELECT * FROM ( SELECT *, ROW_NUMBER() OVER (PARTITION BY type ORDER BY id DESC) as rn FROM tags ) WHERE rn = num;	SELECT * FROM ( SELECT *, ROW_NUMBER() OVER (PARTITION BY col_name ORDER BY id DESC) as column_alias0 FROM table_name ) WHERE column_alias0 = num;	SELECT * FROM ( SELECT *, ROW_NUMBER() OVER (PARTITION BY variable ORDER BY variable DESC) AS variable FROM variable ) WHERE variable = variable;
drawSQL-mysql-export-2026-02-03_tags	955	HARD	Which tags are above average compared to others in their group?	SELECT strftime('%Y-%m', created_at) as period, COUNT(*) as count FROM tags WHERE created_at >= date('now', '-2 months') GROUP BY period ORDER BY period;	SELECT strftime(string, col_name) as column_alias0, column_alias1(*) as column_alias1 FROM table_name WHERE col_name >= date(string, string) GROUP BY column_alias0 ORDER BY column_alias0;	SELECT STRFTIME(variable, variable) AS variable, variable(*) AS variable FROM variable WHERE variable >= DATE(variable, variable) GROUP BY variable ORDER BY variable;
drawSQL-mysql-export-2026-02-03_tags	956	HARD	Do a multi-step analysis: group tags, filter, then rank the results.	WITH grouped AS ( SELECT type, COUNT(*) as cnt FROM tags GROUP BY type ) SELECT * FROM grouped WHERE cnt > num ORDER BY cnt DESC;	WITH grouped AS ( SELECT col_name, COUNT(*) as cnt FROM table_name GROUP BY col_name ) SELECT * FROM grouped WHERE cnt > num ORDER BY cnt DESC;	WITH variable AS ( SELECT variable, COUNT(*) AS variable FROM variable GROUP BY variable ) SELECT * FROM variable WHERE variable > variable ORDER BY variable DESC;
drawSQL-mysql-export-2026-02-03_tags	957	HARD	Show the running total of tags over time based on created_at.	SELECT *, COUNT(*) OVER (ORDER BY created_at) as running_count FROM tags ORDER BY created_at;	SELECT *, COUNT(*) OVER (ORDER BY col_name) as column_alias0 FROM table_name ORDER BY col_name;	SELECT *, COUNT(*) OVER (ORDER BY variable) AS variable FROM variable ORDER BY variable;
drawSQL-mysql-export-2026-02-03_tags	958	HARD	Find tags that exist in one table but not in a related table.	SELECT * FROM tags WHERE id NOT IN (SELECT DISTINCT tag_id FROM taggables WHERE tag_id IS NOT NULL);	SELECT * FROM table_name WHERE id NOT IN (SELECT DISTINCT col_name FROM table_name WHERE col_name IS NOT NULL);	SELECT * FROM variable WHERE variable NOT IN (SELECT DISTINCT variable FROM variable WHERE variable IS NOT NULL);
drawSQL-mysql-export-2026-02-03_tags	959	HARD	Rank all tags within their groups and show the top performers.	SELECT * FROM ( SELECT *, ROW_NUMBER() OVER (PARTITION BY type ORDER BY id DESC) as rn FROM tags ) WHERE rn <= num;	SELECT * FROM ( SELECT *, ROW_NUMBER() OVER (PARTITION BY col_name ORDER BY id DESC) as column_alias0 FROM table_name ) WHERE column_alias0 <= num;	SELECT * FROM ( SELECT *, ROW_NUMBER() OVER (PARTITION BY variable ORDER BY variable DESC) AS variable FROM variable ) WHERE variable <= variable;
drawSQL-mysql-export-2026-02-03_tags	960	HARD	Pull together a report on taggables joining all related tables.	SELECT * FROM taggables LEFT JOIN tags ON taggables.tag_id = tags.id;	SELECT * FROM table_name LEFT JOIN table_name ON table_name.col_name = table_name.id;	SELECT * FROM variable LEFT JOIN variable ON variable = variable;
drawSQL-mysql-export-2026-02-03_thumbnails	961	EASY	How many easy thumbnails source do we have in total?	SELECT COUNT(*) FROM easy_thumbnails_source;	SELECT COUNT(*) FROM table_name;	SELECT COUNT(*) FROM variable;
drawSQL-mysql-export-2026-02-03_thumbnails	962	EASY	Show me all of our easy thumbnails source.	SELECT * FROM easy_thumbnails_source;	SELECT * FROM table_name;	SELECT * FROM variable;
drawSQL-mysql-export-2026-02-03_thumbnails	963	EASY	Can you look up the easy thumbnails source with id=num?	SELECT * FROM easy_thumbnails_source WHERE id = num;	SELECT * FROM table_name WHERE id = num;	SELECT * FROM variable WHERE variable = variable;
drawSQL-mysql-export-2026-02-03_thumbnails	964	EASY	Find the easy thumbnails source where name=string.	SELECT * FROM easy_thumbnails_source WHERE name = string;	SELECT * FROM table_name WHERE col_name = string;	SELECT * FROM variable WHERE variable = variable;
drawSQL-mysql-export-2026-02-03_thumbnails	965	EASY	What are the most recent easy thumbnails source ordered by storage_hash?	SELECT * FROM easy_thumbnails_source ORDER BY storage_hash DESC LIMIT num;	SELECT * FROM table_name ORDER BY col_name DESC LIMIT num;	SELECT * FROM variable ORDER BY variable DESC LIMIT variable;
drawSQL-mysql-export-2026-02-03_thumbnails	966	EASY	How many easy thumbnails thumbnail do we have in total?	SELECT COUNT(*) FROM easy_thumbnails_thumbnail;	SELECT COUNT(*) FROM table_name;	SELECT COUNT(*) FROM variable;
drawSQL-mysql-export-2026-02-03_thumbnails	967	EASY	Show me all of our easy thumbnails thumbnail.	SELECT * FROM easy_thumbnails_thumbnail;	SELECT * FROM table_name;	SELECT * FROM variable;
drawSQL-mysql-export-2026-02-03_thumbnails	968	EASY	Can you look up the easy thumbnails thumbnail with id=num?	SELECT * FROM easy_thumbnails_thumbnail WHERE id = num;	SELECT * FROM table_name WHERE id = num;	SELECT * FROM variable WHERE variable = variable;
drawSQL-mysql-export-2026-02-03_thumbnails	969	MEDIUM	Show me each easy thumbnails source along with its related details from other tables.	SELECT t.*, c.* FROM easy_thumbnails_source t LEFT JOIN easy_thumbnails_thumbnail c ON c.source_id = t.id;	SELECT table_alias0.*, table_alias1.* FROM table_name table_alias0 LEFT JOIN table_name table_alias1 ON table_alias1.col_name = table_alias0.id;	SELECT variable.*, variable.* FROM variable variable LEFT JOIN variable variable ON variable = variable;
drawSQL-mysql-export-2026-02-03_thumbnails	970	MEDIUM	Break down the easy thumbnails source by storage_hash — how many in each?	SELECT storage_hash, COUNT(*) as count FROM easy_thumbnails_source GROUP BY storage_hash;	SELECT col_name, COUNT(*) as count FROM table_name GROUP BY col_name;	SELECT variable, COUNT(*) AS COUNT FROM variable GROUP BY variable;
drawSQL-mysql-export-2026-02-03_thumbnails	971	MEDIUM	Are there any easy thumbnails source that don't have a match in related tables?	SELECT * FROM easy_thumbnails_source WHERE id NOT IN (SELECT DISTINCT source_id FROM easy_thumbnails_thumbnail WHERE source_id IS NOT NULL);	SELECT * FROM table_name WHERE id NOT IN (SELECT DISTINCT col_name FROM table_name WHERE col_name IS NOT NULL);	SELECT * FROM variable WHERE variable NOT IN (SELECT DISTINCT variable FROM variable WHERE variable IS NOT NULL);
drawSQL-mysql-export-2026-02-03_thumbnails	972	MEDIUM	For each group, what are the top 3 easy thumbnails source?	SELECT * FROM easy_thumbnails_source ORDER BY id DESC LIMIT num;	SELECT * FROM table_name ORDER BY id DESC LIMIT num;	SELECT * FROM variable ORDER BY variable DESC LIMIT variable;
drawSQL-mysql-export-2026-02-03_thumbnails	973	MEDIUM	Which easy thumbnails source have duplicate or repeated values?	WITH grouped AS ( SELECT storage_hash, COUNT(*) as cnt FROM easy_thumbnails_source GROUP BY storage_hash ) SELECT * FROM grouped WHERE cnt > num ORDER BY cnt DESC;	WITH grouped AS ( SELECT col_name, COUNT(*) as cnt FROM table_name GROUP BY col_name ) SELECT * FROM grouped WHERE cnt > num ORDER BY cnt DESC;	WITH variable AS ( SELECT variable, COUNT(*) AS variable FROM variable GROUP BY variable ) SELECT * FROM variable WHERE variable > variable ORDER BY variable DESC;
drawSQL-mysql-export-2026-02-03_thumbnails	974	MEDIUM	Show me each easy thumbnails thumbnail along with its related details from other tables.	SELECT t.*, c.* FROM easy_thumbnails_thumbnail t LEFT JOIN easy_thumbnails_thumbnaildimensions c ON c.thumbnail_id = t.id;	SELECT table_alias0.*, table_alias1.* FROM table_name table_alias0 LEFT JOIN table_name table_alias1 ON table_alias1.col_name = table_alias0.id;	SELECT variable.*, variable.* FROM variable variable LEFT JOIN variable variable ON variable = variable;
drawSQL-mysql-export-2026-02-03_thumbnails	975	MEDIUM	Break down the easy thumbnails thumbnail by storage_hash — how many in each?	SELECT storage_hash, COUNT(*) as count FROM easy_thumbnails_thumbnail GROUP BY storage_hash;	SELECT col_name, COUNT(*) as count FROM table_name GROUP BY col_name;	SELECT variable, COUNT(*) AS COUNT FROM variable GROUP BY variable;
drawSQL-mysql-export-2026-02-03_thumbnails	976	MEDIUM	Are there any easy thumbnails thumbnail that don't have a match in related tables?	SELECT * FROM easy_thumbnails_thumbnail WHERE id NOT IN (SELECT DISTINCT thumbnail_id FROM easy_thumbnails_thumbnaildimensions WHERE thumbnail_id IS NOT NULL);	SELECT * FROM table_name WHERE id NOT IN (SELECT DISTINCT col_name FROM table_name WHERE col_name IS NOT NULL);	SELECT * FROM variable WHERE variable NOT IN (SELECT DISTINCT variable FROM variable WHERE variable IS NOT NULL);
drawSQL-mysql-export-2026-02-03_thumbnails	977	HARD	Pull together a report on easy thumbnails source joining all related tables.	SELECT * FROM easy_thumbnails_thumbnail LEFT JOIN easy_thumbnails_source ON easy_thumbnails_thumbnail.source_id = easy_thumbnails_source.id;	SELECT * FROM table_name LEFT JOIN table_name ON table_name.col_name = table_name.id;	SELECT * FROM variable LEFT JOIN variable ON variable = variable;
drawSQL-mysql-export-2026-02-03_thumbnails	978	HARD	Who or what is the best in each group of easy thumbnails source?	SELECT * FROM ( SELECT *, ROW_NUMBER() OVER (PARTITION BY storage_hash ORDER BY id DESC) as rn FROM easy_thumbnails_source ) WHERE rn = num;	SELECT * FROM ( SELECT *, ROW_NUMBER() OVER (PARTITION BY col_name ORDER BY id DESC) as column_alias0 FROM table_name ) WHERE column_alias0 = num;	SELECT * FROM ( SELECT *, ROW_NUMBER() OVER (PARTITION BY variable ORDER BY variable DESC) AS variable FROM variable ) WHERE variable = variable;
drawSQL-mysql-export-2026-02-03_thumbnails	979	HARD	Which easy thumbnails source are above average compared to others in their group?	SELECT * FROM easy_thumbnails_source LIMIT num;	SELECT * FROM table_name LIMIT num;	SELECT * FROM variable LIMIT variable;
drawSQL-mysql-export-2026-02-03_thumbnails	980	HARD	Do a multi-step analysis: group easy thumbnails source, filter, then rank the results.	WITH grouped AS ( SELECT storage_hash, COUNT(*) as cnt FROM easy_thumbnails_source GROUP BY storage_hash ) SELECT * FROM grouped WHERE cnt > num ORDER BY cnt DESC;	WITH grouped AS ( SELECT col_name, COUNT(*) as cnt FROM table_name GROUP BY col_name ) SELECT * FROM grouped WHERE cnt > num ORDER BY cnt DESC;	WITH variable AS ( SELECT variable, COUNT(*) AS variable FROM variable GROUP BY variable ) SELECT * FROM variable WHERE variable > variable ORDER BY variable DESC;
drawSQL-mysql-export-2026-02-03_thumbnails	981	HARD	Find easy thumbnails source that exist in one table but not in a related table.	SELECT * FROM easy_thumbnails_source WHERE id NOT IN (SELECT DISTINCT source_id FROM easy_thumbnails_thumbnail WHERE source_id IS NOT NULL);	SELECT * FROM table_name WHERE id NOT IN (SELECT DISTINCT col_name FROM table_name WHERE col_name IS NOT NULL);	SELECT * FROM variable WHERE variable NOT IN (SELECT DISTINCT variable FROM variable WHERE variable IS NOT NULL);
drawSQL-mysql-export-2026-02-03_thumbnails	982	HARD	Combine data from easy_thumbnails_source, easy_thumbnails_thumbnail, and easy_thumbnails_thumbnaildimensions in a single report.	SELECT * FROM easy_thumbnails_source LEFT JOIN easy_thumbnails_thumbnail ON easy_thumbnails_thumbnail.id = easy_thumbnails_source.source_id LEFT JOIN easy_thumbnails_thumbnaildimensions ON easy_thumbnails_thumbnaildimensions.id = easy_thumbnails_source.source_id;	SELECT * FROM table_name LEFT JOIN table_name ON table_name.id = table_name.col_name LEFT JOIN table_name ON table_name.id = table_name.col_name;	SELECT * FROM variable LEFT JOIN variable ON variable = variable LEFT JOIN variable ON variable = variable;
drawSQL-mysql-export-2026-02-03_thumbnails	983	HARD	Rank all easy thumbnails source within their groups and show the top performers.	SELECT *, ROW_NUMBER() OVER (ORDER BY id DESC) as rn FROM easy_thumbnails_source;	SELECT *, ROW_NUMBER() OVER (ORDER BY id DESC) as column_alias0 FROM table_name;	SELECT *, ROW_NUMBER() OVER (ORDER BY variable DESC) AS variable FROM variable;
drawSQL-mysql-export-2026-02-03_thumbnails	984	HARD	Pull together a report on easy thumbnails thumbnail joining all related tables.	SELECT * FROM easy_thumbnails_thumbnail LEFT JOIN easy_thumbnails_source ON easy_thumbnails_thumbnail.source_id = easy_thumbnails_source.id;	SELECT * FROM table_name LEFT JOIN table_name ON table_name.col_name = table_name.id;	SELECT * FROM variable LEFT JOIN variable ON variable = variable;
drawSQL-mysql-export-2026-02-03_twitter	985	EASY	How many users signed up since created_at=date?	SELECT COUNT(*) FROM users WHERE created_at >= date('now', '-1 month');	SELECT COUNT(*) FROM table_name WHERE col_name >= date(string, string);	SELECT COUNT(*) FROM variable WHERE variable >= DATE(variable, variable);
drawSQL-mysql-export-2026-02-03_twitter	986	EASY	How many relationships do we have in total?	SELECT COUNT(*) FROM relationships;	SELECT COUNT(*) FROM table_name;	SELECT COUNT(*) FROM variable;
drawSQL-mysql-export-2026-02-03_twitter	987	EASY	Show me all of our relationships.	SELECT * FROM relationships;	SELECT * FROM table_name;	SELECT * FROM variable;
drawSQL-mysql-export-2026-02-03_twitter	988	EASY	Can you look up the relationship with id=num?	SELECT * FROM relationships WHERE id = num;	SELECT * FROM table_name WHERE id = num;	SELECT * FROM variable WHERE variable = variable;
drawSQL-mysql-export-2026-02-03_twitter	989	EASY	How many relationships were created since created_at=date?	SELECT COUNT(*) FROM relationships WHERE created_at >= date('now', '-1 month');	SELECT COUNT(*) FROM table_name WHERE col_name >= date(string, string);	SELECT COUNT(*) FROM variable WHERE variable >= DATE(variable, variable);
drawSQL-mysql-export-2026-02-03_twitter	990	EASY	What are the most recent relationships ordered by follower_id?	SELECT * FROM relationships ORDER BY created_at DESC LIMIT num;	SELECT * FROM table_name ORDER BY col_name DESC LIMIT num;	SELECT * FROM variable ORDER BY variable DESC LIMIT variable;
drawSQL-mysql-export-2026-02-03_twitter	991	EASY	How many tweets do we have in total?	SELECT COUNT(*) FROM tweets;	SELECT COUNT(*) FROM table_name;	SELECT COUNT(*) FROM variable;
drawSQL-mysql-export-2026-02-03_twitter	992	EASY	Show me all of our tweets.	SELECT * FROM tweets;	SELECT * FROM table_name;	SELECT * FROM variable;
drawSQL-mysql-export-2026-02-03_twitter	993	MEDIUM	Who are the most active users based on activity count?	SELECT * FROM users ORDER BY created_at DESC LIMIT 10;	SELECT * FROM table_name ORDER BY col_name DESC LIMIT num;	SELECT * FROM variable ORDER BY variable DESC LIMIT variable;
drawSQL-mysql-export-2026-02-03_twitter	994	MEDIUM	How many relationships were added since created_at=date?	SELECT COUNT(*) FROM relationships WHERE created_at >= date('now', '-1 month');	SELECT COUNT(*) FROM table_name WHERE col_name >= date(string, string);	SELECT COUNT(*) FROM variable WHERE variable >= DATE(variable, variable);
drawSQL-mysql-export-2026-02-03_twitter	995	MEDIUM	Break down the relationships by follower_id — how many in each?	SELECT follower_id, COUNT(*) as count FROM relationships GROUP BY follower_id;	SELECT col_name, COUNT(*) as count FROM table_name GROUP BY col_name;	SELECT variable, COUNT(*) AS COUNT FROM variable GROUP BY variable;
drawSQL-mysql-export-2026-02-03_twitter	996	MEDIUM	Are there any relationships that don't have a match in related tables?	SELECT * FROM relationships LIMIT num;	SELECT * FROM table_name LIMIT num;	SELECT * FROM variable LIMIT variable;
drawSQL-mysql-export-2026-02-03_twitter	997	MEDIUM	For each group, what are the top 3 relationships?	SELECT * FROM relationships ORDER BY id DESC LIMIT num;	SELECT * FROM table_name ORDER BY id DESC LIMIT num;	SELECT * FROM variable ORDER BY variable DESC LIMIT variable;
drawSQL-mysql-export-2026-02-03_twitter	998	MEDIUM	How did the number of relationships change month over month?	SELECT strftime('%Y-%m', created_at) as period, COUNT(*) as count FROM relationships WHERE created_at >= date('now', '-2 months') GROUP BY period ORDER BY period;	SELECT strftime(string, col_name) as column_alias0, column_alias1(*) as column_alias1 FROM table_name WHERE col_name >= date(string, string) GROUP BY column_alias0 ORDER BY column_alias0;	SELECT STRFTIME(variable, variable) AS variable, variable(*) AS variable FROM variable WHERE variable >= DATE(variable, variable) GROUP BY variable ORDER BY variable;
drawSQL-mysql-export-2026-02-03_twitter	999	MEDIUM	Which relationships have duplicate or repeated values?	WITH grouped AS ( SELECT follower_id, COUNT(*) as cnt FROM relationships GROUP BY follower_id ) SELECT * FROM grouped WHERE cnt > num ORDER BY cnt DESC;	WITH grouped AS ( SELECT col_name, COUNT(*) as cnt FROM table_name GROUP BY col_name ) SELECT * FROM grouped WHERE cnt > num ORDER BY cnt DESC;	WITH variable AS ( SELECT variable, COUNT(*) AS variable FROM variable GROUP BY variable ) SELECT * FROM variable WHERE variable > variable ORDER BY variable DESC;
drawSQL-mysql-export-2026-02-03_twitter	1000	MEDIUM	How many tweets were added since created_at=date?	SELECT COUNT(*) FROM tweets WHERE created_at >= date('now', '-1 month');	SELECT COUNT(*) FROM table_name WHERE col_name >= date(string, string);	SELECT COUNT(*) FROM variable WHERE variable >= DATE(variable, variable);
drawSQL-mysql-export-2026-02-03_twitter	1001	HARD	Pull together a report on relationships joining all related tables.	SELECT * FROM relationships LEFT JOIN users ON relationships.follower_id = users.id;	SELECT * FROM table_name LEFT JOIN table_name ON table_name.col_name = table_name.id;	SELECT * FROM variable LEFT JOIN variable ON variable = variable;
drawSQL-mysql-export-2026-02-03_twitter	1002	HARD	Who or what is the best in each group of relationships?	SELECT * FROM ( SELECT *, ROW_NUMBER() OVER (PARTITION BY follower_id ORDER BY id DESC) as rn FROM relationships ) WHERE rn = num;	SELECT * FROM ( SELECT *, ROW_NUMBER() OVER (PARTITION BY col_name ORDER BY id DESC) as column_alias0 FROM table_name ) WHERE column_alias0 = num;	SELECT * FROM ( SELECT *, ROW_NUMBER() OVER (PARTITION BY variable ORDER BY variable DESC) AS variable FROM variable ) WHERE variable = variable;
drawSQL-mysql-export-2026-02-03_twitter	1003	HARD	Which relationships are above average compared to others in their group?	SELECT strftime('%Y-%m', created_at) as period, COUNT(*) as count FROM relationships WHERE created_at >= date('now', '-2 months') GROUP BY period ORDER BY period;	SELECT strftime(string, col_name) as column_alias0, column_alias1(*) as column_alias1 FROM table_name WHERE col_name >= date(string, string) GROUP BY column_alias0 ORDER BY column_alias0;	SELECT STRFTIME(variable, variable) AS variable, variable(*) AS variable FROM variable WHERE variable >= DATE(variable, variable) GROUP BY variable ORDER BY variable;
drawSQL-mysql-export-2026-02-03_twitter	1004	HARD	Do a multi-step analysis: group relationships, filter, then rank the results.	WITH grouped AS ( SELECT follower_id, COUNT(*) as cnt FROM relationships GROUP BY follower_id ) SELECT * FROM grouped WHERE cnt > num ORDER BY cnt DESC;	WITH grouped AS ( SELECT col_name, COUNT(*) as cnt FROM table_name GROUP BY col_name ) SELECT * FROM grouped WHERE cnt > num ORDER BY cnt DESC;	WITH variable AS ( SELECT variable, COUNT(*) AS variable FROM variable GROUP BY variable ) SELECT * FROM variable WHERE variable > variable ORDER BY variable DESC;
drawSQL-mysql-export-2026-02-03_twitter	1005	HARD	Show the running total of relationships over time based on created_at.	SELECT *, COUNT(*) OVER (ORDER BY created_at) as running_count FROM relationships ORDER BY created_at;	SELECT *, COUNT(*) OVER (ORDER BY col_name) as column_alias0 FROM table_name ORDER BY col_name;	SELECT *, COUNT(*) OVER (ORDER BY variable) AS variable FROM variable ORDER BY variable;
drawSQL-mysql-export-2026-02-03_twitter	1006	HARD	Find relationships that exist in one table but not in a related table.	SELECT * FROM relationships LIMIT num;	SELECT * FROM table_name LIMIT num;	SELECT * FROM variable LIMIT variable;
drawSQL-mysql-export-2026-02-03_twitter	1007	HARD	Combine data from relationships, tweets, and users in a single report.	SELECT * FROM relationships LEFT JOIN tweets ON tweets.id = relationships.id LEFT JOIN users ON users.id = relationships.user_id;	SELECT * FROM table_name LEFT JOIN table_name ON table_name.id = table_name.id LEFT JOIN table_name ON table_name.id = table_name.col_name;	SELECT * FROM variable LEFT JOIN variable ON variable = variable LEFT JOIN variable ON variable = variable;
drawSQL-mysql-export-2026-02-03_twitter	1008	HARD	Rank all relationships within their groups and show the top performers.	SELECT *, ROW_NUMBER() OVER (ORDER BY id DESC) as rn FROM relationships;	SELECT *, ROW_NUMBER() OVER (ORDER BY id DESC) as column_alias0 FROM table_name;	SELECT *, ROW_NUMBER() OVER (ORDER BY variable DESC) AS variable FROM variable;
drawSQL-mysql-export-2026-02-09 _deployer	1009	EASY	How many users signed up since created_at=date?	SELECT COUNT(*) FROM users WHERE created_at >= date('now', '-1 month');	SELECT COUNT(*) FROM table_name WHERE col_name >= date(string, string);	SELECT COUNT(*) FROM variable WHERE variable >= DATE(variable, variable);
drawSQL-mysql-export-2026-02-09 _deployer	1010	EASY	How many channels do we have in total?	SELECT COUNT(*) FROM channels;	SELECT COUNT(*) FROM table_name;	SELECT COUNT(*) FROM variable;
drawSQL-mysql-export-2026-02-09 _deployer	1011	EASY	Show me all of our channels.	SELECT * FROM channels;	SELECT * FROM table_name;	SELECT * FROM variable;
drawSQL-mysql-export-2026-02-09 _deployer	1012	EASY	Can you look up the channel with id=num?	SELECT * FROM channels WHERE id = num;	SELECT * FROM table_name WHERE id = num;	SELECT * FROM variable WHERE variable = variable;
drawSQL-mysql-export-2026-02-09 _deployer	1013	EASY	Find the channel where name=string.	SELECT * FROM channels WHERE name = string;	SELECT * FROM table_name WHERE col_name = string;	SELECT * FROM variable WHERE variable = variable;
drawSQL-mysql-export-2026-02-09 _deployer	1014	EASY	How many channels were created since created_at=date?	SELECT COUNT(*) FROM channels WHERE created_at >= date('now', '-1 month');	SELECT COUNT(*) FROM table_name WHERE col_name >= date(string, string);	SELECT COUNT(*) FROM variable WHERE variable >= DATE(variable, variable);
drawSQL-mysql-export-2026-02-09 _deployer	1015	EASY	What are the most recent channels ordered by name?	SELECT * FROM channels ORDER BY created_at DESC LIMIT num;	SELECT * FROM table_name ORDER BY col_name DESC LIMIT num;	SELECT * FROM variable ORDER BY variable DESC LIMIT variable;
drawSQL-mysql-export-2026-02-09 _deployer	1016	EASY	How many check urls do we have in total?	SELECT COUNT(*) FROM check_urls;	SELECT COUNT(*) FROM table_name;	SELECT COUNT(*) FROM variable;
drawSQL-mysql-export-2026-02-09 _deployer	1017	MEDIUM	Who are the most active users based on activity count?	SELECT * FROM users ORDER BY created_at DESC LIMIT 10;	SELECT * FROM table_name ORDER BY col_name DESC LIMIT num;	SELECT * FROM variable ORDER BY variable DESC LIMIT variable;
drawSQL-mysql-export-2026-02-09 _deployer	1018	MEDIUM	How many channels were added since created_at=date?	SELECT COUNT(*) FROM channels WHERE created_at >= date('now', '-1 month');	SELECT COUNT(*) FROM table_name WHERE col_name >= date(string, string);	SELECT COUNT(*) FROM variable WHERE variable >= DATE(variable, variable);
drawSQL-mysql-export-2026-02-09 _deployer	1019	MEDIUM	Break down the channels by type — how many in each?	SELECT type, COUNT(*) as count FROM channels GROUP BY type;	SELECT col_name, COUNT(*) as count FROM table_name GROUP BY col_name;	SELECT variable, COUNT(*) AS COUNT FROM variable GROUP BY variable;
drawSQL-mysql-export-2026-02-09 _deployer	1020	MEDIUM	Are there any channels that don't have a match in related tables?	SELECT * FROM channels LIMIT num;	SELECT * FROM table_name LIMIT num;	SELECT * FROM variable LIMIT variable;
drawSQL-mysql-export-2026-02-09 _deployer	1021	MEDIUM	For each group, what are the top 3 channels?	SELECT * FROM ( SELECT *, ROW_NUMBER() OVER (PARTITION BY type ORDER BY id DESC) as rn FROM channels ) WHERE rn <= num;	SELECT * FROM ( SELECT *, ROW_NUMBER() OVER (PARTITION BY col_name ORDER BY id DESC) as column_alias0 FROM table_name ) WHERE column_alias0 <= num;	SELECT * FROM ( SELECT *, ROW_NUMBER() OVER (PARTITION BY variable ORDER BY variable DESC) AS variable FROM variable ) WHERE variable <= variable;
drawSQL-mysql-export-2026-02-09 _deployer	1022	MEDIUM	How did the number of channels change month over month?	SELECT strftime('%Y-%m', created_at) as period, COUNT(*) as count FROM channels WHERE created_at >= date('now', '-2 months') GROUP BY period ORDER BY period;	SELECT strftime(string, col_name) as column_alias0, column_alias1(*) as column_alias1 FROM table_name WHERE col_name >= date(string, string) GROUP BY column_alias0 ORDER BY column_alias0;	SELECT STRFTIME(variable, variable) AS variable, variable(*) AS variable FROM variable WHERE variable >= DATE(variable, variable) GROUP BY variable ORDER BY variable;
drawSQL-mysql-export-2026-02-09 _deployer	1023	MEDIUM	Which channels have duplicate or repeated values?	WITH grouped AS ( SELECT type, COUNT(*) as cnt FROM channels GROUP BY type ) SELECT * FROM grouped WHERE cnt > num ORDER BY cnt DESC;	WITH grouped AS ( SELECT col_name, COUNT(*) as cnt FROM table_name GROUP BY col_name ) SELECT * FROM grouped WHERE cnt > num ORDER BY cnt DESC;	WITH variable AS ( SELECT variable, COUNT(*) AS variable FROM variable GROUP BY variable ) SELECT * FROM variable WHERE variable > variable ORDER BY variable DESC;
drawSQL-mysql-export-2026-02-09 _deployer	1024	MEDIUM	How many check urls were added since created_at=date?	SELECT COUNT(*) FROM check_urls WHERE created_at >= date('now', '-1 month');	SELECT COUNT(*) FROM table_name WHERE col_name >= date(string, string);	SELECT COUNT(*) FROM variable WHERE variable >= DATE(variable, variable);
drawSQL-mysql-export-2026-02-09 _deployer	1025	HARD	Pull together a report on channels joining all related tables.	SELECT * FROM channels LEFT JOIN projects ON channels.project_id = projects.id;	SELECT * FROM table_name LEFT JOIN table_name ON table_name.col_name = table_name.id;	SELECT * FROM variable LEFT JOIN variable ON variable = variable;
drawSQL-mysql-export-2026-02-09 _deployer	1026	HARD	Who or what is the best in each group of channels?	SELECT * FROM ( SELECT *, ROW_NUMBER() OVER (PARTITION BY expiration ORDER BY value DESC) as rn FROM cache ) WHERE rn = num;	SELECT * FROM ( SELECT *, ROW_NUMBER() OVER (PARTITION BY col_name ORDER BY value DESC) as column_alias0 FROM table_name ) WHERE column_alias0 = num;	SELECT * FROM ( SELECT *, ROW_NUMBER() OVER (PARTITION BY variable ORDER BY variable DESC) AS variable FROM variable ) WHERE variable = variable;
drawSQL-mysql-export-2026-02-09 _deployer	1027	HARD	Which channels are above average compared to others in their group?	SELECT strftime('%Y-%m', created_at) as period, COUNT(*) as count FROM channels WHERE created_at >= date('now', '-2 months') GROUP BY period ORDER BY period;	SELECT strftime(string, col_name) as column_alias0, column_alias1(*) as column_alias1 FROM table_name WHERE col_name >= date(string, string) GROUP BY column_alias0 ORDER BY column_alias0;	SELECT STRFTIME(variable, variable) AS variable, variable(*) AS variable FROM variable WHERE variable >= DATE(variable, variable) GROUP BY variable ORDER BY variable;
drawSQL-mysql-export-2026-02-09 _deployer	1028	HARD	Do a multi-step analysis: group channels, filter, then rank the results.	WITH grouped AS ( SELECT expiration, COUNT(*) as cnt FROM cache GROUP BY expiration ) SELECT * FROM grouped WHERE cnt > num ORDER BY cnt DESC;	WITH grouped AS ( SELECT col_name, COUNT(*) as cnt FROM table_name GROUP BY col_name ) SELECT * FROM grouped WHERE cnt > num ORDER BY cnt DESC;	WITH variable AS ( SELECT variable, COUNT(*) AS variable FROM variable GROUP BY variable ) SELECT * FROM variable WHERE variable > variable ORDER BY variable DESC;
drawSQL-mysql-export-2026-02-09 _deployer	1029	HARD	Show the running total of channels over time based on created_at.	SELECT *, COUNT(*) OVER (ORDER BY created_at) as running_count FROM channels ORDER BY created_at;	SELECT *, COUNT(*) OVER (ORDER BY col_name) as column_alias0 FROM table_name ORDER BY col_name;	SELECT *, COUNT(*) OVER (ORDER BY variable) AS variable FROM variable ORDER BY variable;
drawSQL-mysql-export-2026-02-09 _deployer	1030	HARD	Find channels that exist in one table but not in a related table.	SELECT * FROM channels LIMIT num;	SELECT * FROM table_name LIMIT num;	SELECT * FROM variable LIMIT variable;
drawSQL-mysql-export-2026-02-09 _deployer	1031	HARD	Combine data from channels, check_urls, and command_server in a single report.	SELECT * FROM channels LEFT JOIN check_urls ON check_urls.id = channels.id LEFT JOIN command_server ON command_server.id = channels.id;	SELECT * FROM table_name LEFT JOIN table_name ON table_name.id = table_name.id LEFT JOIN table_name ON table_name.id = table_name.id;	SELECT * FROM variable LEFT JOIN variable ON variable = variable LEFT JOIN variable ON variable = variable;
drawSQL-mysql-export-2026-02-09 _deployer	1032	HARD	Rank all channels within their groups and show the top performers.	SELECT * FROM ( SELECT *, ROW_NUMBER() OVER (PARTITION BY type ORDER BY id DESC) as rn FROM channels ) WHERE rn <= num;	SELECT * FROM ( SELECT *, ROW_NUMBER() OVER (PARTITION BY col_name ORDER BY id DESC) as column_alias0 FROM table_name ) WHERE column_alias0 <= num;	SELECT * FROM ( SELECT *, ROW_NUMBER() OVER (PARTITION BY variable ORDER BY variable DESC) AS variable FROM variable ) WHERE variable <= variable;
drawSQL-mysql-export-2026-02-09_adonis	1033	EASY	How many users signed up since created_at=date?	SELECT COUNT(*) FROM users;	SELECT COUNT(*) FROM table_name;	SELECT COUNT(*) FROM variable;
drawSQL-mysql-export-2026-02-09_adonis	1034	EASY	How many users do we have in total?	SELECT COUNT(*) FROM users;	SELECT COUNT(*) FROM table_name;	SELECT COUNT(*) FROM variable;
drawSQL-mysql-export-2026-02-09_adonis	1035	EASY	Show me all of our users.	SELECT * FROM users;	SELECT * FROM table_name;	SELECT * FROM variable;
drawSQL-mysql-export-2026-02-09_adonis	1036	EASY	Can you look up the user with id=num?	SELECT * FROM role_user WHERE id = num;	SELECT * FROM table_name WHERE id = num;	SELECT * FROM variable WHERE variable = variable;
drawSQL-mysql-export-2026-02-09_adonis	1037	EASY	How many users were created since created_at=date?	SELECT COUNT(*) FROM users;	SELECT COUNT(*) FROM table_name;	SELECT COUNT(*) FROM variable;
drawSQL-mysql-export-2026-02-09_adonis	1038	EASY	What are the most recent users ordered by role_id?	SELECT * FROM users ORDER BY id DESC LIMIT num;	SELECT * FROM table_name ORDER BY id DESC LIMIT num;	SELECT * FROM variable ORDER BY variable DESC LIMIT variable;
drawSQL-mysql-export-2026-02-09_adonis	1039	EASY	How many roles do we have in total?	SELECT COUNT(*) FROM roles;	SELECT COUNT(*) FROM table_name;	SELECT COUNT(*) FROM variable;
drawSQL-mysql-export-2026-02-09_adonis	1040	EASY	Show me all of our roles.	SELECT * FROM roles;	SELECT * FROM table_name;	SELECT * FROM variable;
drawSQL-mysql-export-2026-02-09_adonis	1041	MEDIUM	Who are the most active users based on activity count?	SELECT * FROM users ORDER BY created_at DESC LIMIT 10;	SELECT * FROM table_name ORDER BY col_name DESC LIMIT num;	SELECT * FROM variable ORDER BY variable DESC LIMIT variable;
drawSQL-mysql-export-2026-02-09_adonis	1042	MEDIUM	How many users were added since created_at=date?	SELECT COUNT(*) FROM users;	SELECT COUNT(*) FROM table_name;	SELECT COUNT(*) FROM variable;
drawSQL-mysql-export-2026-02-09_adonis	1043	MEDIUM	Break down the users by role_id — how many in each?	SELECT COUNT(*) FROM users;	SELECT COUNT(*) FROM table_name;	SELECT COUNT(*) FROM variable;
drawSQL-mysql-export-2026-02-09_adonis	1044	MEDIUM	Are there any users that don't have a match in related tables?	SELECT * FROM users WHERE id NOT IN (SELECT DISTINCT user_id FROM role_user WHERE user_id IS NOT NULL);	SELECT * FROM table_name WHERE id NOT IN (SELECT DISTINCT col_name FROM table_name WHERE col_name IS NOT NULL);	SELECT * FROM variable WHERE variable NOT IN (SELECT DISTINCT variable FROM variable WHERE variable IS NOT NULL);
drawSQL-mysql-export-2026-02-09_adonis	1045	MEDIUM	For each group, what are the top 3 users?	SELECT * FROM users ORDER BY id DESC LIMIT num;	SELECT * FROM table_name ORDER BY id DESC LIMIT num;	SELECT * FROM variable ORDER BY variable DESC LIMIT variable;
drawSQL-mysql-export-2026-02-09_adonis	1046	MEDIUM	How did the number of users change month over month?	SELECT * FROM users LIMIT num;	SELECT * FROM table_name LIMIT num;	SELECT * FROM variable LIMIT variable;
drawSQL-mysql-export-2026-02-09_adonis	1047	MEDIUM	Which users have duplicate or repeated values?	SELECT * FROM users LIMIT num;	SELECT * FROM table_name LIMIT num;	SELECT * FROM variable LIMIT variable;
drawSQL-mysql-export-2026-02-09_adonis	1048	MEDIUM	Show me each role along with its related details from other tables.	SELECT * FROM role_user;	SELECT * FROM table_name;	SELECT * FROM variable;
drawSQL-mysql-export-2026-02-09_adonis	1049	HARD	Pull together a report on users joining all related tables.	SELECT * FROM permission_role LEFT JOIN permissions ON permission_role.permission_id = permissions.id LEFT JOIN roles ON permission_role.permission_id = roles.id;	SELECT * FROM table_name LEFT JOIN table_name ON table_name.col_name = table_name.id LEFT JOIN table_name ON table_name.col_name = table_name.id;	SELECT * FROM variable LEFT JOIN variable ON variable = variable LEFT JOIN variable ON variable = variable;
drawSQL-mysql-export-2026-02-09_adonis	1050	HARD	Who or what is the best in each group of users?	SELECT * FROM ( SELECT *, ROW_NUMBER() OVER (PARTITION BY role_id ORDER BY id DESC) as rn FROM role_user ) WHERE rn = num;	SELECT * FROM ( SELECT *, ROW_NUMBER() OVER (PARTITION BY col_name ORDER BY id DESC) as column_alias0 FROM table_name ) WHERE column_alias0 = num;	SELECT * FROM ( SELECT *, ROW_NUMBER() OVER (PARTITION BY variable ORDER BY variable DESC) AS variable FROM variable ) WHERE variable = variable;
drawSQL-mysql-export-2026-02-09_adonis	1051	HARD	Which users are above average compared to others in their group?	SELECT * FROM users LIMIT num;	SELECT * FROM table_name LIMIT num;	SELECT * FROM variable LIMIT variable;
drawSQL-mysql-export-2026-02-09_adonis	1052	HARD	Do a multi-step analysis: group users, filter, then rank the results.	WITH grouped AS ( SELECT role_id, COUNT(*) as cnt FROM role_user GROUP BY role_id ) SELECT * FROM grouped WHERE cnt > num ORDER BY cnt DESC;	WITH grouped AS ( SELECT col_name, COUNT(*) as cnt FROM table_name GROUP BY col_name ) SELECT * FROM grouped WHERE cnt > num ORDER BY cnt DESC;	WITH variable AS ( SELECT variable, COUNT(*) AS variable FROM variable GROUP BY variable ) SELECT * FROM variable WHERE variable > variable ORDER BY variable DESC;
drawSQL-mysql-export-2026-02-09_adonis	1053	HARD	Show the running total of users over time based on created_at.	SELECT * FROM users LIMIT num;	SELECT * FROM table_name LIMIT num;	SELECT * FROM variable LIMIT variable;
drawSQL-mysql-export-2026-02-09_adonis	1054	HARD	Find users that exist in one table but not in a related table.	SELECT * FROM users WHERE id NOT IN (SELECT DISTINCT user_id FROM role_user WHERE user_id IS NOT NULL);	SELECT * FROM table_name WHERE id NOT IN (SELECT DISTINCT col_name FROM table_name WHERE col_name IS NOT NULL);	SELECT * FROM variable WHERE variable NOT IN (SELECT DISTINCT variable FROM variable WHERE variable IS NOT NULL);
drawSQL-mysql-export-2026-02-09_adonis	1055	HARD	Combine data from role_user, roles, and permissions in a single report.	SELECT * FROM role_user LEFT JOIN roles ON roles.id = role_user.role_id LEFT JOIN permissions ON permissions.id = role_user.permission_id;	SELECT * FROM table_name LEFT JOIN table_name ON table_name.id = table_name.col_name LEFT JOIN table_name ON table_name.id = table_name.col_name;	SELECT * FROM variable LEFT JOIN variable ON variable = variable LEFT JOIN variable ON variable = variable;
drawSQL-mysql-export-2026-02-09_adonis	1056	HARD	Rank all users within their groups and show the top performers.	SELECT *, ROW_NUMBER() OVER (ORDER BY id DESC) as rn FROM users;	SELECT *, ROW_NUMBER() OVER (ORDER BY id DESC) as column_alias0 FROM table_name;	SELECT *, ROW_NUMBER() OVER (ORDER BY variable DESC) AS variable FROM variable;
drawSQL-mysql-export-2026-02-09_bouncer	1057	EASY	How many abilities do we have in total?	SELECT COUNT(*) FROM abilities;	SELECT COUNT(*) FROM table_name;	SELECT COUNT(*) FROM variable;
drawSQL-mysql-export-2026-02-09_bouncer	1058	EASY	Show me all of our abilities.	SELECT * FROM abilities;	SELECT * FROM table_name;	SELECT * FROM variable;
drawSQL-mysql-export-2026-02-09_bouncer	1059	EASY	Can you look up the ability with id=num?	SELECT * FROM abilities WHERE id = num;	SELECT * FROM table_name WHERE id = num;	SELECT * FROM variable WHERE variable = variable;
drawSQL-mysql-export-2026-02-09_bouncer	1060	EASY	Find the ability where name=string.	SELECT * FROM abilities WHERE name = string;	SELECT * FROM table_name WHERE col_name = string;	SELECT * FROM variable WHERE variable = variable;
drawSQL-mysql-export-2026-02-09_bouncer	1061	EASY	How many abilities were created since created_at=date?	SELECT COUNT(*) FROM abilities WHERE created_at >= date('now', '-1 month');	SELECT COUNT(*) FROM table_name WHERE col_name >= date(string, string);	SELECT COUNT(*) FROM variable WHERE variable >= DATE(variable, variable);
drawSQL-mysql-export-2026-02-09_bouncer	1062	EASY	What are the most recent abilities ordered by name?	SELECT * FROM abilities ORDER BY created_at DESC LIMIT num;	SELECT * FROM table_name ORDER BY col_name DESC LIMIT num;	SELECT * FROM variable ORDER BY variable DESC LIMIT variable;
drawSQL-mysql-export-2026-02-09_bouncer	1063	EASY	How many assigned roles do we have in total?	SELECT COUNT(*) FROM assigned_roles;	SELECT COUNT(*) FROM table_name;	SELECT COUNT(*) FROM variable;
drawSQL-mysql-export-2026-02-09_bouncer	1064	EASY	Show me all of our assigned roles.	SELECT * FROM assigned_roles;	SELECT * FROM table_name;	SELECT * FROM variable;
drawSQL-mysql-export-2026-02-09_bouncer	1065	MEDIUM	Show me each ability along with its related details from other tables.	SELECT t.*, c.* FROM abilities t LEFT JOIN permissions c ON c.ability_id = t.id;	SELECT table_alias0.*, table_alias1.* FROM table_name table_alias0 LEFT JOIN table_name table_alias1 ON table_alias1.col_name = table_alias0.id;	SELECT variable.*, variable.* FROM variable variable LEFT JOIN variable variable ON variable = variable;
drawSQL-mysql-export-2026-02-09_bouncer	1066	MEDIUM	How many abilities were added since created_at=date?	SELECT COUNT(*) FROM abilities WHERE created_at >= date('now', '-1 month');	SELECT COUNT(*) FROM table_name WHERE col_name >= date(string, string);	SELECT COUNT(*) FROM variable WHERE variable >= DATE(variable, variable);
drawSQL-mysql-export-2026-02-09_bouncer	1067	MEDIUM	Break down the abilities by entity_type — how many in each?	SELECT entity_type, COUNT(*) as count FROM abilities GROUP BY entity_type;	SELECT col_name, COUNT(*) as count FROM table_name GROUP BY col_name;	SELECT variable, COUNT(*) AS COUNT FROM variable GROUP BY variable;
drawSQL-mysql-export-2026-02-09_bouncer	1068	MEDIUM	Are there any abilities that don't have a match in related tables?	SELECT * FROM abilities WHERE id NOT IN (SELECT DISTINCT ability_id FROM permissions WHERE ability_id IS NOT NULL);	SELECT * FROM table_name WHERE id NOT IN (SELECT DISTINCT col_name FROM table_name WHERE col_name IS NOT NULL);	SELECT * FROM variable WHERE variable NOT IN (SELECT DISTINCT variable FROM variable WHERE variable IS NOT NULL);
drawSQL-mysql-export-2026-02-09_bouncer	1069	MEDIUM	For each group, what are the top 3 abilities?	SELECT * FROM ( SELECT *, ROW_NUMBER() OVER (PARTITION BY entity_type ORDER BY id DESC) as rn FROM abilities ) WHERE rn <= num;	SELECT * FROM ( SELECT *, ROW_NUMBER() OVER (PARTITION BY col_name ORDER BY id DESC) as column_alias0 FROM table_name ) WHERE column_alias0 <= num;	SELECT * FROM ( SELECT *, ROW_NUMBER() OVER (PARTITION BY variable ORDER BY variable DESC) AS variable FROM variable ) WHERE variable <= variable;
drawSQL-mysql-export-2026-02-09_bouncer	1070	MEDIUM	How did the number of abilities change month over month?	SELECT strftime('%Y-%m', created_at) as period, COUNT(*) as count FROM abilities WHERE created_at >= date('now', '-2 months') GROUP BY period ORDER BY period;	SELECT strftime(string, col_name) as column_alias0, column_alias1(*) as column_alias1 FROM table_name WHERE col_name >= date(string, string) GROUP BY column_alias0 ORDER BY column_alias0;	SELECT STRFTIME(variable, variable) AS variable, variable(*) AS variable FROM variable WHERE variable >= DATE(variable, variable) GROUP BY variable ORDER BY variable;
drawSQL-mysql-export-2026-02-09_bouncer	1071	MEDIUM	Which abilities have duplicate or repeated values?	WITH grouped AS ( SELECT entity_type, COUNT(*) as cnt FROM abilities GROUP BY entity_type ) SELECT * FROM grouped WHERE cnt > num ORDER BY cnt DESC;	WITH grouped AS ( SELECT col_name, COUNT(*) as cnt FROM table_name GROUP BY col_name ) SELECT * FROM grouped WHERE cnt > num ORDER BY cnt DESC;	WITH variable AS ( SELECT variable, COUNT(*) AS variable FROM variable GROUP BY variable ) SELECT * FROM variable WHERE variable > variable ORDER BY variable DESC;
drawSQL-mysql-export-2026-02-09_bouncer	1072	MEDIUM	Break down the assigned roles by entity_type — how many in each?	SELECT entity_type, COUNT(*) as count FROM assigned_roles GROUP BY entity_type;	SELECT col_name, COUNT(*) as count FROM table_name GROUP BY col_name;	SELECT variable, COUNT(*) AS COUNT FROM variable GROUP BY variable;
drawSQL-mysql-export-2026-02-09_bouncer	1073	HARD	Pull together a report on abilities joining all related tables.	SELECT * FROM permissions LEFT JOIN abilities ON permissions.ability_id = abilities.id;	SELECT * FROM table_name LEFT JOIN table_name ON table_name.col_name = table_name.id;	SELECT * FROM variable LEFT JOIN variable ON variable = variable;
drawSQL-mysql-export-2026-02-09_bouncer	1074	HARD	Who or what is the best in each group of abilities?	SELECT * FROM ( SELECT *, ROW_NUMBER() OVER (PARTITION BY entity_type ORDER BY id DESC) as rn FROM abilities ) WHERE rn = num;	SELECT * FROM ( SELECT *, ROW_NUMBER() OVER (PARTITION BY col_name ORDER BY id DESC) as column_alias0 FROM table_name ) WHERE column_alias0 = num;	SELECT * FROM ( SELECT *, ROW_NUMBER() OVER (PARTITION BY variable ORDER BY variable DESC) AS variable FROM variable ) WHERE variable = variable;
drawSQL-mysql-export-2026-02-09_bouncer	1075	HARD	Which abilities are above average compared to others in their group?	SELECT strftime('%Y-%m', created_at) as period, COUNT(*) as count FROM abilities WHERE created_at >= date('now', '-2 months') GROUP BY period ORDER BY period;	SELECT strftime(string, col_name) as column_alias0, column_alias1(*) as column_alias1 FROM table_name WHERE col_name >= date(string, string) GROUP BY column_alias0 ORDER BY column_alias0;	SELECT STRFTIME(variable, variable) AS variable, variable(*) AS variable FROM variable WHERE variable >= DATE(variable, variable) GROUP BY variable ORDER BY variable;
drawSQL-mysql-export-2026-02-09_bouncer	1076	HARD	Do a multi-step analysis: group abilities, filter, then rank the results.	WITH grouped AS ( SELECT entity_type, COUNT(*) as cnt FROM abilities GROUP BY entity_type ) SELECT * FROM grouped WHERE cnt > num ORDER BY cnt DESC;	WITH grouped AS ( SELECT col_name, COUNT(*) as cnt FROM table_name GROUP BY col_name ) SELECT * FROM grouped WHERE cnt > num ORDER BY cnt DESC;	WITH variable AS ( SELECT variable, COUNT(*) AS variable FROM variable GROUP BY variable ) SELECT * FROM variable WHERE variable > variable ORDER BY variable DESC;
drawSQL-mysql-export-2026-02-09_bouncer	1077	HARD	Show the running total of abilities over time based on created_at.	SELECT *, COUNT(*) OVER (ORDER BY created_at) as running_count FROM abilities ORDER BY created_at;	SELECT *, COUNT(*) OVER (ORDER BY col_name) as column_alias0 FROM table_name ORDER BY col_name;	SELECT *, COUNT(*) OVER (ORDER BY variable) AS variable FROM variable ORDER BY variable;
drawSQL-mysql-export-2026-02-09_bouncer	1078	HARD	Find abilities that exist in one table but not in a related table.	SELECT * FROM abilities WHERE id NOT IN (SELECT DISTINCT ability_id FROM permissions WHERE ability_id IS NOT NULL);	SELECT * FROM table_name WHERE id NOT IN (SELECT DISTINCT col_name FROM table_name WHERE col_name IS NOT NULL);	SELECT * FROM variable WHERE variable NOT IN (SELECT DISTINCT variable FROM variable WHERE variable IS NOT NULL);
drawSQL-mysql-export-2026-02-09_bouncer	1079	HARD	Combine data from abilities, assigned_roles, and permissions in a single report.	SELECT * FROM abilities LEFT JOIN assigned_roles ON assigned_roles.id = abilities.ability_id LEFT JOIN permissions ON permissions.id = abilities.ability_id LEFT JOIN roles ON roles.id = abilities.ability_id;	SELECT * FROM table_name LEFT JOIN table_name ON table_name.id = table_name.col_name LEFT JOIN table_name ON table_name.id = table_name.col_name LEFT JOIN table_name ON table_name.id = table_name.col_name;	SELECT * FROM variable LEFT JOIN variable ON variable = variable LEFT JOIN variable ON variable = variable LEFT JOIN variable ON variable = variable;
drawSQL-mysql-export-2026-02-09_bouncer	1080	HARD	Rank all abilities within their groups and show the top performers.	SELECT * FROM ( SELECT *, ROW_NUMBER() OVER (PARTITION BY entity_type ORDER BY id DESC) as rn FROM abilities ) WHERE rn <= num;	SELECT * FROM ( SELECT *, ROW_NUMBER() OVER (PARTITION BY col_name ORDER BY id DESC) as column_alias0 FROM table_name ) WHERE column_alias0 <= num;	SELECT * FROM ( SELECT *, ROW_NUMBER() OVER (PARTITION BY variable ORDER BY variable DESC) AS variable FROM variable ) WHERE variable <= variable;
drawSQL-mysql-export-2026-02-09_buddypress	1081	EASY	How many users signed up since created_at=date?	SELECT COUNT(*) FROM bp_notifications WHERE date_notified >= date('now', '-1 month');	SELECT COUNT(*) FROM table_name WHERE col_name >= date(string, string);	SELECT COUNT(*) FROM variable WHERE variable >= DATE(variable, variable);
drawSQL-mysql-export-2026-02-09_buddypress	1082	EASY	How many members are on each team?	SELECT group_id, COUNT(*) as member_count FROM bp_groups_members GROUP BY group_id;	SELECT col_name, COUNT(*) as member_count FROM table_name GROUP BY col_name;	SELECT variable, COUNT(*) AS variable FROM variable GROUP BY variable;
drawSQL-mysql-export-2026-02-09_buddypress	1083	EASY	How many bp notifications do we have in total?	SELECT COUNT(*) FROM bp_notifications;	SELECT COUNT(*) FROM table_name;	SELECT COUNT(*) FROM variable;
drawSQL-mysql-export-2026-02-09_buddypress	1084	EASY	Show me all of our bp notifications.	SELECT * FROM bp_notifications;	SELECT * FROM table_name;	SELECT * FROM variable;
drawSQL-mysql-export-2026-02-09_buddypress	1085	EASY	Can you look up the bp notification with id=num?	SELECT * FROM bp_notifications WHERE id = num;	SELECT * FROM table_name WHERE id = num;	SELECT * FROM variable WHERE variable = variable;
drawSQL-mysql-export-2026-02-09_buddypress	1086	EASY	Find the bp notification where component_name=string.	SELECT * FROM bp_notifications WHERE component_name = string;	SELECT * FROM table_name WHERE col_name = string;	SELECT * FROM variable WHERE variable = variable;
drawSQL-mysql-export-2026-02-09_buddypress	1087	EASY	How many bp notifications were created since date_notified=date?	SELECT COUNT(*) FROM bp_notifications WHERE date_notified >= date('now', '-1 month');	SELECT COUNT(*) FROM table_name WHERE col_name >= date(string, string);	SELECT COUNT(*) FROM variable WHERE variable >= DATE(variable, variable);
drawSQL-mysql-export-2026-02-09_buddypress	1088	EASY	What are the most recent bp notifications ordered by user_id?	SELECT * FROM bp_notifications ORDER BY date_notified DESC LIMIT num;	SELECT * FROM table_name ORDER BY col_name DESC LIMIT num;	SELECT * FROM variable ORDER BY variable DESC LIMIT variable;
drawSQL-mysql-export-2026-02-09_buddypress	1089	MEDIUM	Who are the most active users based on activity count?	SELECT * FROM bp_notifications LIMIT num;	SELECT * FROM table_name LIMIT num;	SELECT * FROM variable LIMIT variable;
drawSQL-mysql-export-2026-02-09_buddypress	1090	MEDIUM	Show me each bp notification along with its related details from other tables.	SELECT t.*, c.* FROM bp_notifications t LEFT JOIN bp_notifications_meta c ON c.notification_id = t.id;	SELECT table_alias0.*, table_alias1.* FROM table_name table_alias0 LEFT JOIN table_name table_alias1 ON table_alias1.col_name = table_alias0.id;	SELECT variable.*, variable.* FROM variable variable LEFT JOIN variable variable ON variable = variable;
drawSQL-mysql-export-2026-02-09_buddypress	1091	MEDIUM	How many bp notifications were added since date_notified=date?	SELECT COUNT(*) FROM bp_notifications WHERE date_notified >= date('now', '-1 month');	SELECT COUNT(*) FROM table_name WHERE col_name >= date(string, string);	SELECT COUNT(*) FROM variable WHERE variable >= DATE(variable, variable);
drawSQL-mysql-export-2026-02-09_buddypress	1092	MEDIUM	Break down the bp notifications by user_id — how many in each?	SELECT user_id, COUNT(*) as count FROM bp_notifications GROUP BY user_id;	SELECT col_name, COUNT(*) as count FROM table_name GROUP BY col_name;	SELECT variable, COUNT(*) AS COUNT FROM variable GROUP BY variable;
drawSQL-mysql-export-2026-02-09_buddypress	1093	MEDIUM	Are there any bp notifications that don't have a match in related tables?	SELECT * FROM bp_notifications WHERE id NOT IN (SELECT DISTINCT notification_id FROM bp_notifications_meta WHERE notification_id IS NOT NULL);	SELECT * FROM table_name WHERE id NOT IN (SELECT DISTINCT col_name FROM table_name WHERE col_name IS NOT NULL);	SELECT * FROM variable WHERE variable NOT IN (SELECT DISTINCT variable FROM variable WHERE variable IS NOT NULL);
drawSQL-mysql-export-2026-02-09_buddypress	1094	MEDIUM	For each group, what are the top 3 bp notifications?	SELECT * FROM bp_notifications ORDER BY id DESC LIMIT num;	SELECT * FROM table_name ORDER BY id DESC LIMIT num;	SELECT * FROM variable ORDER BY variable DESC LIMIT variable;
drawSQL-mysql-export-2026-02-09_buddypress	1095	MEDIUM	How did the number of bp notifications change month over month?	SELECT strftime('%Y-%m', date_notified) as period, COUNT(*) as count FROM bp_notifications WHERE date_notified >= date('now', '-2 months') GROUP BY period ORDER BY period;	SELECT strftime(string, col_name) as column_alias0, column_alias1(*) as column_alias1 FROM table_name WHERE col_name >= date(string, string) GROUP BY column_alias0 ORDER BY column_alias0;	SELECT STRFTIME(variable, variable) AS variable, variable(*) AS variable FROM variable WHERE variable >= DATE(variable, variable) GROUP BY variable ORDER BY variable;
drawSQL-mysql-export-2026-02-09_buddypress	1096	MEDIUM	Which bp notifications have duplicate or repeated values?	WITH grouped AS ( SELECT user_id, COUNT(*) as cnt FROM bp_notifications GROUP BY user_id ) SELECT * FROM grouped WHERE cnt > num ORDER BY cnt DESC;	WITH grouped AS ( SELECT col_name, COUNT(*) as cnt FROM table_name GROUP BY col_name ) SELECT * FROM grouped WHERE cnt > num ORDER BY cnt DESC;	WITH variable AS ( SELECT variable, COUNT(*) AS variable FROM variable GROUP BY variable ) SELECT * FROM variable WHERE variable > variable ORDER BY variable DESC;
drawSQL-mysql-export-2026-02-09_buddypress	1097	HARD	Pull together a report on bp notifications joining all related tables.	SELECT * FROM bp_notifications;	SELECT * FROM table_name;	SELECT * FROM variable;
drawSQL-mysql-export-2026-02-09_buddypress	1098	HARD	Who or what is the best in each group of bp notifications?	SELECT * FROM ( SELECT *, ROW_NUMBER() OVER (PARTITION BY user_id ORDER BY id DESC) as rn FROM bp_notifications ) WHERE rn = num;	SELECT * FROM ( SELECT *, ROW_NUMBER() OVER (PARTITION BY col_name ORDER BY id DESC) as column_alias0 FROM table_name ) WHERE column_alias0 = num;	SELECT * FROM ( SELECT *, ROW_NUMBER() OVER (PARTITION BY variable ORDER BY variable DESC) AS variable FROM variable ) WHERE variable = variable;
drawSQL-mysql-export-2026-02-09_buddypress	1099	HARD	Which bp notifications are above average compared to others in their group?	SELECT strftime('%Y-%m', date_notified) as period, COUNT(*) as count FROM bp_notifications WHERE date_notified >= date('now', '-2 months') GROUP BY period ORDER BY period;	SELECT strftime(string, col_name) as column_alias0, column_alias1(*) as column_alias1 FROM table_name WHERE col_name >= date(string, string) GROUP BY column_alias0 ORDER BY column_alias0;	SELECT STRFTIME(variable, variable) AS variable, variable(*) AS variable FROM variable WHERE variable >= DATE(variable, variable) GROUP BY variable ORDER BY variable;
drawSQL-mysql-export-2026-02-09_buddypress	1100	HARD	Do a multi-step analysis: group bp notifications, filter, then rank the results.	WITH grouped AS ( SELECT user_id, COUNT(*) as cnt FROM bp_notifications GROUP BY user_id ) SELECT * FROM grouped WHERE cnt > num ORDER BY cnt DESC;	WITH grouped AS ( SELECT col_name, COUNT(*) as cnt FROM table_name GROUP BY col_name ) SELECT * FROM grouped WHERE cnt > num ORDER BY cnt DESC;	WITH variable AS ( SELECT variable, COUNT(*) AS variable FROM variable GROUP BY variable ) SELECT * FROM variable WHERE variable > variable ORDER BY variable DESC;
drawSQL-mysql-export-2026-02-09_buddypress	1101	HARD	Show the running total of bp notifications over time based on date_notified.	SELECT *, COUNT(*) OVER (ORDER BY date_notified) as running_count FROM bp_notifications ORDER BY date_notified;	SELECT *, COUNT(*) OVER (ORDER BY col_name) as column_alias0 FROM table_name ORDER BY col_name;	SELECT *, COUNT(*) OVER (ORDER BY variable) AS variable FROM variable ORDER BY variable;
drawSQL-mysql-export-2026-02-09_buddypress	1102	HARD	Find bp notifications that exist in one table but not in a related table.	SELECT * FROM bp_notifications WHERE id NOT IN (SELECT DISTINCT notification_id FROM bp_notifications_meta WHERE notification_id IS NOT NULL);	SELECT * FROM table_name WHERE id NOT IN (SELECT DISTINCT col_name FROM table_name WHERE col_name IS NOT NULL);	SELECT * FROM variable WHERE variable NOT IN (SELECT DISTINCT variable FROM variable WHERE variable IS NOT NULL);
drawSQL-mysql-export-2026-02-09_buddypress	1103	HARD	Combine data from bp_notifications, bp_notifications_meta, and bp_activity in a single report.	SELECT * FROM bp_notifications LEFT JOIN bp_notifications_meta ON bp_notifications_meta.id = bp_notifications.notification_id LEFT JOIN bp_activity ON bp_activity.id = bp_notifications.activity_id;	SELECT * FROM table_name LEFT JOIN table_name ON table_name.id = table_name.col_name LEFT JOIN table_name ON table_name.id = table_name.col_name;	SELECT * FROM variable LEFT JOIN variable ON variable = variable LEFT JOIN variable ON variable = variable;
drawSQL-mysql-export-2026-02-09_buddypress	1104	HARD	Rank all bp notifications within their groups and show the top performers.	SELECT *, ROW_NUMBER() OVER (ORDER BY id DESC) as rn FROM bp_notifications;	SELECT *, ROW_NUMBER() OVER (ORDER BY id DESC) as column_alias0 FROM table_name;	SELECT *, ROW_NUMBER() OVER (ORDER BY variable DESC) AS variable FROM variable;
drawSQL-mysql-export-2026-02-09_canvas	1105	EASY	How many users signed up since created_at=date?	SELECT COUNT(*) FROM users WHERE created_at >= date('now', '-1 month');	SELECT COUNT(*) FROM table_name WHERE col_name >= date(string, string);	SELECT COUNT(*) FROM variable WHERE variable >= DATE(variable, variable);
drawSQL-mysql-export-2026-02-09_canvas	1106	EASY	How many posts do we have in total?	SELECT COUNT(*) FROM canvas_posts;	SELECT COUNT(*) FROM table_name;	SELECT COUNT(*) FROM variable;
drawSQL-mysql-export-2026-02-09_canvas	1107	EASY	Show me all of our posts.	SELECT * FROM canvas_posts;	SELECT * FROM table_name;	SELECT * FROM variable;
drawSQL-mysql-export-2026-02-09_canvas	1108	EASY	Can you look up the post with id=num?	SELECT * FROM canvas_posts WHERE id = num;	SELECT * FROM table_name WHERE id = num;	SELECT * FROM variable WHERE variable = variable;
drawSQL-mysql-export-2026-02-09_canvas	1109	EASY	Find the post where title=string.	SELECT * FROM canvas_posts WHERE title = string;	SELECT * FROM table_name WHERE col_name = string;	SELECT * FROM variable WHERE variable = variable;
drawSQL-mysql-export-2026-02-09_canvas	1110	EASY	How many posts were created since created_at=date?	SELECT COUNT(*) FROM canvas_posts WHERE created_at >= date('now', '-1 month');	SELECT COUNT(*) FROM table_name WHERE col_name >= date(string, string);	SELECT COUNT(*) FROM variable WHERE variable >= DATE(variable, variable);
drawSQL-mysql-export-2026-02-09_canvas	1111	EASY	What are the most recent posts ordered by slug?	SELECT * FROM canvas_posts ORDER BY created_at DESC LIMIT num;	SELECT * FROM table_name ORDER BY col_name DESC LIMIT num;	SELECT * FROM variable ORDER BY variable DESC LIMIT variable;
drawSQL-mysql-export-2026-02-09_canvas	1112	EASY	What are the most recent posts ordered by tag_id?	SELECT * FROM canvas_posts ORDER BY created_at DESC LIMIT num;	SELECT * FROM table_name ORDER BY col_name DESC LIMIT num;	SELECT * FROM variable ORDER BY variable DESC LIMIT variable;
drawSQL-mysql-export-2026-02-09_canvas	1113	MEDIUM	Who are the most active users based on activity count?	SELECT * FROM users ORDER BY created_at DESC LIMIT 10;	SELECT * FROM table_name ORDER BY col_name DESC LIMIT num;	SELECT * FROM variable ORDER BY variable DESC LIMIT variable;
drawSQL-mysql-export-2026-02-09_canvas	1114	MEDIUM	Show me each post along with its related details from other tables.	SELECT t.*, c.* FROM canvas_posts t LEFT JOIN canvas_posts_tags c ON c.post_id = t.id;	SELECT table_alias0.*, table_alias1.* FROM table_name table_alias0 LEFT JOIN table_name table_alias1 ON table_alias1.col_name = table_alias0.id;	SELECT variable.*, variable.* FROM variable variable LEFT JOIN variable variable ON variable = variable;
drawSQL-mysql-export-2026-02-09_canvas	1115	MEDIUM	How many posts were added since created_at=date?	SELECT COUNT(*) FROM canvas_posts WHERE created_at >= date('now', '-1 month');	SELECT COUNT(*) FROM table_name WHERE col_name >= date(string, string);	SELECT COUNT(*) FROM variable WHERE variable >= DATE(variable, variable);
drawSQL-mysql-export-2026-02-09_canvas	1116	MEDIUM	Break down the posts by slug — how many in each?	SELECT slug, COUNT(*) as count FROM canvas_posts GROUP BY slug;	SELECT col_name, COUNT(*) as count FROM table_name GROUP BY col_name;	SELECT variable, COUNT(*) AS COUNT FROM variable GROUP BY variable;
drawSQL-mysql-export-2026-02-09_canvas	1117	MEDIUM	Are there any posts that don't have a match in related tables?	SELECT * FROM canvas_posts WHERE id NOT IN (SELECT DISTINCT post_id FROM canvas_posts_tags WHERE post_id IS NOT NULL);	SELECT * FROM table_name WHERE id NOT IN (SELECT DISTINCT col_name FROM table_name WHERE col_name IS NOT NULL);	SELECT * FROM variable WHERE variable NOT IN (SELECT DISTINCT variable FROM variable WHERE variable IS NOT NULL);
drawSQL-mysql-export-2026-02-09_canvas	1118	MEDIUM	For each group, what are the top 3 posts?	SELECT * FROM canvas_posts ORDER BY id DESC LIMIT num;	SELECT * FROM table_name ORDER BY id DESC LIMIT num;	SELECT * FROM variable ORDER BY variable DESC LIMIT variable;
drawSQL-mysql-export-2026-02-09_canvas	1119	MEDIUM	How did the number of posts change month over month?	SELECT strftime('%Y-%m', created_at) as period, COUNT(*) as count FROM canvas_posts WHERE created_at >= date('now', '-2 months') GROUP BY period ORDER BY period;	SELECT strftime(string, col_name) as column_alias0, column_alias1(*) as column_alias1 FROM table_name WHERE col_name >= date(string, string) GROUP BY column_alias0 ORDER BY column_alias0;	SELECT STRFTIME(variable, variable) AS variable, variable(*) AS variable FROM variable WHERE variable >= DATE(variable, variable) GROUP BY variable ORDER BY variable;
drawSQL-mysql-export-2026-02-09_canvas	1120	MEDIUM	Which posts have duplicate or repeated values?	WITH grouped AS ( SELECT slug, COUNT(*) as cnt FROM canvas_posts GROUP BY slug ) SELECT * FROM grouped WHERE cnt > num ORDER BY cnt DESC;	WITH grouped AS ( SELECT col_name, COUNT(*) as cnt FROM table_name GROUP BY col_name ) SELECT * FROM grouped WHERE cnt > num ORDER BY cnt DESC;	WITH variable AS ( SELECT variable, COUNT(*) AS variable FROM variable GROUP BY variable ) SELECT * FROM variable WHERE variable > variable ORDER BY variable DESC;
drawSQL-mysql-export-2026-02-09_canvas	1121	HARD	Pull together a report on posts joining all related tables.	SELECT * FROM canvas_posts_tags LEFT JOIN canvas_posts ON canvas_posts_tags.post_id = canvas_posts.id;	SELECT * FROM table_name LEFT JOIN table_name ON table_name.col_name = table_name.id;	SELECT * FROM variable LEFT JOIN variable ON variable = variable;
drawSQL-mysql-export-2026-02-09_canvas	1122	HARD	Who or what is the best in each group of posts?	SELECT * FROM ( SELECT *, ROW_NUMBER() OVER (PARTITION BY slug ORDER BY id DESC) as rn FROM canvas_posts ) WHERE rn = num;	SELECT * FROM ( SELECT *, ROW_NUMBER() OVER (PARTITION BY col_name ORDER BY id DESC) as column_alias0 FROM table_name ) WHERE column_alias0 = num;	SELECT * FROM ( SELECT *, ROW_NUMBER() OVER (PARTITION BY variable ORDER BY variable DESC) AS variable FROM variable ) WHERE variable = variable;
drawSQL-mysql-export-2026-02-09_canvas	1123	HARD	Which posts are above average compared to others in their group?	SELECT strftime('%Y-%m', created_at) as period, COUNT(*) as count FROM canvas_posts WHERE created_at >= date('now', '-2 months') GROUP BY period ORDER BY period;	SELECT strftime(string, col_name) as column_alias0, column_alias1(*) as column_alias1 FROM table_name WHERE col_name >= date(string, string) GROUP BY column_alias0 ORDER BY column_alias0;	SELECT STRFTIME(variable, variable) AS variable, variable(*) AS variable FROM variable WHERE variable >= DATE(variable, variable) GROUP BY variable ORDER BY variable;
drawSQL-mysql-export-2026-02-09_canvas	1124	HARD	Do a multi-step analysis: group posts, filter, then rank the results.	WITH grouped AS ( SELECT slug, COUNT(*) as cnt FROM canvas_posts GROUP BY slug ) SELECT * FROM grouped WHERE cnt > num ORDER BY cnt DESC;	WITH grouped AS ( SELECT col_name, COUNT(*) as cnt FROM table_name GROUP BY col_name ) SELECT * FROM grouped WHERE cnt > num ORDER BY cnt DESC;	WITH variable AS ( SELECT variable, COUNT(*) AS variable FROM variable GROUP BY variable ) SELECT * FROM variable WHERE variable > variable ORDER BY variable DESC;
drawSQL-mysql-export-2026-02-09_canvas	1125	HARD	Show the running total of posts over time based on created_at.	SELECT *, COUNT(*) OVER (ORDER BY created_at) as running_count FROM canvas_posts ORDER BY created_at;	SELECT *, COUNT(*) OVER (ORDER BY col_name) as column_alias0 FROM table_name ORDER BY col_name;	SELECT *, COUNT(*) OVER (ORDER BY variable) AS variable FROM variable ORDER BY variable;
drawSQL-mysql-export-2026-02-09_canvas	1126	HARD	Find posts that exist in one table but not in a related table.	SELECT * FROM canvas_posts WHERE id NOT IN (SELECT DISTINCT post_id FROM canvas_posts_tags WHERE post_id IS NOT NULL);	SELECT * FROM table_name WHERE id NOT IN (SELECT DISTINCT col_name FROM table_name WHERE col_name IS NOT NULL);	SELECT * FROM variable WHERE variable NOT IN (SELECT DISTINCT variable FROM variable WHERE variable IS NOT NULL);
drawSQL-mysql-export-2026-02-09_canvas	1127	HARD	Combine data from canvas_posts, canvas_posts_tags, and canvas_posts_topics in a single report.	SELECT * FROM canvas_posts LEFT JOIN canvas_posts_tags ON canvas_posts_tags.id = canvas_posts.post_id LEFT JOIN canvas_posts_topics ON canvas_posts_topics.id = canvas_posts.post_id;	SELECT * FROM table_name LEFT JOIN table_name ON table_name.id = table_name.col_name LEFT JOIN table_name ON table_name.id = table_name.col_name;	SELECT * FROM variable LEFT JOIN variable ON variable = variable LEFT JOIN variable ON variable = variable;
drawSQL-mysql-export-2026-02-09_canvas	1128	HARD	Rank all posts within their groups and show the top performers.	SELECT *, ROW_NUMBER() OVER (ORDER BY id DESC) as rn FROM canvas_posts;	SELECT *, ROW_NUMBER() OVER (ORDER BY id DESC) as column_alias0 FROM table_name;	SELECT *, ROW_NUMBER() OVER (ORDER BY variable DESC) AS variable FROM variable;
drawSQL-mysql-export-2026-02-09_cashier	1129	EASY	Which customers have status=string for their subscription?	SELECT * FROM customers;	SELECT * FROM table_name;	SELECT * FROM variable;
drawSQL-mysql-export-2026-02-09_cashier	1130	EASY	How many customers do we have in total?	SELECT COUNT(*) FROM customers;	SELECT COUNT(*) FROM table_name;	SELECT COUNT(*) FROM variable;
drawSQL-mysql-export-2026-02-09_cashier	1131	EASY	Show me all of our customers.	SELECT * FROM customers;	SELECT * FROM table_name;	SELECT * FROM variable;
drawSQL-mysql-export-2026-02-09_cashier	1132	EASY	Can you look up the customer with id=num?	SELECT * FROM customers WHERE id = num;	SELECT * FROM table_name WHERE id = num;	SELECT * FROM variable WHERE variable = variable;
drawSQL-mysql-export-2026-02-09_cashier	1133	EASY	How many customers were created since updated_at=date?	SELECT COUNT(*) FROM customers WHERE updated_at >= date('now', '-1 month');	SELECT COUNT(*) FROM table_name WHERE col_name >= date(string, string);	SELECT COUNT(*) FROM variable WHERE variable >= DATE(variable, variable);
drawSQL-mysql-export-2026-02-09_cashier	1134	EASY	What are the most recent customers ordered by billable_id?	SELECT * FROM customers ORDER BY updated_at DESC LIMIT num;	SELECT * FROM table_name ORDER BY col_name DESC LIMIT num;	SELECT * FROM variable ORDER BY variable DESC LIMIT variable;
drawSQL-mysql-export-2026-02-09_cashier	1135	EASY	How many subscriptions do we have in total?	SELECT COUNT(*) FROM subscriptions;	SELECT COUNT(*) FROM table_name;	SELECT COUNT(*) FROM variable;
drawSQL-mysql-export-2026-02-09_cashier	1136	EASY	Show me all of our subscriptions.	SELECT * FROM subscriptions;	SELECT * FROM table_name;	SELECT * FROM variable;
drawSQL-mysql-export-2026-02-09_cashier	1137	MEDIUM	How much revenue since created_at=date?	SELECT * FROM customers LIMIT num;	SELECT * FROM table_name LIMIT num;	SELECT * FROM variable LIMIT variable;
drawSQL-mysql-export-2026-02-09_cashier	1138	MEDIUM	How many customers were added since updated_at=date?	SELECT COUNT(*) FROM customers WHERE updated_at >= date('now', '-1 month');	SELECT COUNT(*) FROM table_name WHERE col_name >= date(string, string);	SELECT COUNT(*) FROM variable WHERE variable >= DATE(variable, variable);
drawSQL-mysql-export-2026-02-09_cashier	1139	MEDIUM	Break down the customers by billable_type — how many in each?	SELECT billable_type, COUNT(*) as count FROM customers GROUP BY billable_type;	SELECT col_name, COUNT(*) as count FROM table_name GROUP BY col_name;	SELECT variable, COUNT(*) AS COUNT FROM variable GROUP BY variable;
drawSQL-mysql-export-2026-02-09_cashier	1140	MEDIUM	Are there any customers that don't have a match in related tables?	SELECT * FROM customers LIMIT num;	SELECT * FROM table_name LIMIT num;	SELECT * FROM variable LIMIT variable;
drawSQL-mysql-export-2026-02-09_cashier	1141	MEDIUM	For each group, what are the top 3 customers?	SELECT * FROM ( SELECT *, ROW_NUMBER() OVER (PARTITION BY billable_type ORDER BY id DESC) as rn FROM customers ) WHERE rn <= num;	SELECT * FROM ( SELECT *, ROW_NUMBER() OVER (PARTITION BY col_name ORDER BY id DESC) as column_alias0 FROM table_name ) WHERE column_alias0 <= num;	SELECT * FROM ( SELECT *, ROW_NUMBER() OVER (PARTITION BY variable ORDER BY variable DESC) AS variable FROM variable ) WHERE variable <= variable;
drawSQL-mysql-export-2026-02-09_cashier	1142	MEDIUM	How did the number of customers change month over month?	SELECT strftime('%Y-%m', updated_at) as period, COUNT(*) as count FROM customers WHERE updated_at >= date('now', '-2 months') GROUP BY period ORDER BY period;	SELECT strftime(string, col_name) as column_alias0, column_alias1(*) as column_alias1 FROM table_name WHERE col_name >= date(string, string) GROUP BY column_alias0 ORDER BY column_alias0;	SELECT STRFTIME(variable, variable) AS variable, variable(*) AS variable FROM variable WHERE variable >= DATE(variable, variable) GROUP BY variable ORDER BY variable;
drawSQL-mysql-export-2026-02-09_cashier	1143	MEDIUM	Which customers have duplicate or repeated values?	WITH grouped AS ( SELECT billable_type, COUNT(*) as cnt FROM customers GROUP BY billable_type ) SELECT * FROM grouped WHERE cnt > num ORDER BY cnt DESC;	WITH grouped AS ( SELECT col_name, COUNT(*) as cnt FROM table_name GROUP BY col_name ) SELECT * FROM grouped WHERE cnt > num ORDER BY cnt DESC;	WITH variable AS ( SELECT variable, COUNT(*) AS variable FROM variable GROUP BY variable ) SELECT * FROM variable WHERE variable > variable ORDER BY variable DESC;
drawSQL-mysql-export-2026-02-09_cashier	1144	MEDIUM	What's our total and average quantity across all subscriptions?	SELECT SUM(quantity) as total, AVG(quantity) as average FROM subscriptions;	SELECT SUM(col_name) as column_alias0, AVG(col_name) as average FROM table_name;	SELECT SUM(variable) AS variable, AVG(variable) AS variable FROM variable;
drawSQL-mysql-export-2026-02-09_cashier	1145	HARD	Pull together a report on customers joining all related tables.	SELECT * FROM customers;	SELECT * FROM table_name;	SELECT * FROM variable;
drawSQL-mysql-export-2026-02-09_cashier	1146	HARD	Who or what is the best in each group of customers?	SELECT * FROM ( SELECT *, ROW_NUMBER() OVER (PARTITION BY billable_type ORDER BY id DESC) as rn FROM customers ) WHERE rn = num;	SELECT * FROM ( SELECT *, ROW_NUMBER() OVER (PARTITION BY col_name ORDER BY id DESC) as column_alias0 FROM table_name ) WHERE column_alias0 = num;	SELECT * FROM ( SELECT *, ROW_NUMBER() OVER (PARTITION BY variable ORDER BY variable DESC) AS variable FROM variable ) WHERE variable = variable;
drawSQL-mysql-export-2026-02-09_cashier	1147	HARD	Which customers are above average compared to others in their group?	SELECT strftime('%Y-%m', updated_at) as period, COUNT(*) as count FROM customers WHERE updated_at >= date('now', '-2 months') GROUP BY period ORDER BY period;	SELECT strftime(string, col_name) as column_alias0, column_alias1(*) as column_alias1 FROM table_name WHERE col_name >= date(string, string) GROUP BY column_alias0 ORDER BY column_alias0;	SELECT STRFTIME(variable, variable) AS variable, variable(*) AS variable FROM variable WHERE variable >= DATE(variable, variable) GROUP BY variable ORDER BY variable;
drawSQL-mysql-export-2026-02-09_cashier	1148	HARD	Do a multi-step analysis: group customers, filter, then rank the results.	WITH grouped AS ( SELECT billable_type, COUNT(*) as cnt FROM customers GROUP BY billable_type ) SELECT * FROM grouped WHERE cnt > num ORDER BY cnt DESC;	WITH grouped AS ( SELECT col_name, COUNT(*) as cnt FROM table_name GROUP BY col_name ) SELECT * FROM grouped WHERE cnt > num ORDER BY cnt DESC;	WITH variable AS ( SELECT variable, COUNT(*) AS variable FROM variable GROUP BY variable ) SELECT * FROM variable WHERE variable > variable ORDER BY variable DESC;
drawSQL-mysql-export-2026-02-09_cashier	1149	HARD	Show the running total of customers over time based on updated_at.	SELECT *, COUNT(*) OVER (ORDER BY updated_at) as running_count FROM customers ORDER BY updated_at;	SELECT *, COUNT(*) OVER (ORDER BY col_name) as column_alias0 FROM table_name ORDER BY col_name;	SELECT *, COUNT(*) OVER (ORDER BY variable) AS variable FROM variable ORDER BY variable;
drawSQL-mysql-export-2026-02-09_cashier	1150	HARD	Find customers that exist in one table but not in a related table.	SELECT * FROM customers LIMIT num;	SELECT * FROM table_name LIMIT num;	SELECT * FROM variable LIMIT variable;
drawSQL-mysql-export-2026-02-09_cashier	1151	HARD	Combine data from customers, subscriptions, and receipts in a single report.	SELECT * FROM customers LEFT JOIN subscriptions ON subscriptions.id = customers.id LEFT JOIN receipts ON receipts.id = customers.id;	SELECT * FROM table_name LEFT JOIN table_name ON table_name.id = table_name.id LEFT JOIN table_name ON table_name.id = table_name.id;	SELECT * FROM variable LEFT JOIN variable ON variable = variable LEFT JOIN variable ON variable = variable;
drawSQL-mysql-export-2026-02-09_cashier	1152	HARD	Rank all customers within their groups and show the top performers.	SELECT * FROM ( SELECT *, ROW_NUMBER() OVER (PARTITION BY billable_type ORDER BY id DESC) as rn FROM customers ) WHERE rn <= num;	SELECT * FROM ( SELECT *, ROW_NUMBER() OVER (PARTITION BY col_name ORDER BY id DESC) as column_alias0 FROM table_name ) WHERE column_alias0 <= num;	SELECT * FROM ( SELECT *, ROW_NUMBER() OVER (PARTITION BY variable ORDER BY variable DESC) AS variable FROM variable ) WHERE variable <= variable;
drawSQL-mysql-export-2026-02-09_chatwood	1153	EASY	How many users signed up since created_at=date?	SELECT COUNT(*) FROM users WHERE created_at >= date('now', '-1 month');	SELECT COUNT(*) FROM table_name WHERE col_name >= date(string, string);	SELECT COUNT(*) FROM variable WHERE variable >= DATE(variable, variable);
drawSQL-mysql-export-2026-02-09_chatwood	1154	EASY	How many access tokens do we have in total?	SELECT COUNT(*) FROM access_tokens;	SELECT COUNT(*) FROM table_name;	SELECT COUNT(*) FROM variable;
drawSQL-mysql-export-2026-02-09_chatwood	1155	EASY	Show me all of our access tokens.	SELECT * FROM access_tokens;	SELECT * FROM table_name;	SELECT * FROM variable;
drawSQL-mysql-export-2026-02-09_chatwood	1156	EASY	Can you look up the access token with id=num?	SELECT * FROM access_tokens WHERE id = num;	SELECT * FROM table_name WHERE id = num;	SELECT * FROM variable WHERE variable = variable;
drawSQL-mysql-export-2026-02-09_chatwood	1157	EASY	How many access tokens were created since created_at=date?	SELECT COUNT(*) FROM access_tokens WHERE created_at >= date('now', '-1 month');	SELECT COUNT(*) FROM table_name WHERE col_name >= date(string, string);	SELECT COUNT(*) FROM variable WHERE variable >= DATE(variable, variable);
drawSQL-mysql-export-2026-02-09_chatwood	1158	EASY	What are the most recent access tokens ordered by owner_type?	SELECT * FROM access_tokens ORDER BY created_at DESC LIMIT num;	SELECT * FROM table_name ORDER BY col_name DESC LIMIT num;	SELECT * FROM variable ORDER BY variable DESC LIMIT variable;
drawSQL-mysql-export-2026-02-09_chatwood	1159	EASY	How many users do we have in total?	SELECT COUNT(*) FROM users;	SELECT COUNT(*) FROM table_name;	SELECT COUNT(*) FROM variable;
drawSQL-mysql-export-2026-02-09_chatwood	1160	EASY	Show me all of our users.	SELECT * FROM users;	SELECT * FROM table_name;	SELECT * FROM variable;
drawSQL-mysql-export-2026-02-09_chatwood	1161	MEDIUM	Who are the most active users based on activity count?	SELECT * FROM users ORDER BY created_at DESC LIMIT 10;	SELECT * FROM table_name ORDER BY col_name DESC LIMIT num;	SELECT * FROM variable ORDER BY variable DESC LIMIT variable;
drawSQL-mysql-export-2026-02-09_chatwood	1162	MEDIUM	How many access tokens were added since created_at=date?	SELECT COUNT(*) FROM access_tokens WHERE created_at >= date('now', '-1 month');	SELECT COUNT(*) FROM table_name WHERE col_name >= date(string, string);	SELECT COUNT(*) FROM variable WHERE variable >= DATE(variable, variable);
drawSQL-mysql-export-2026-02-09_chatwood	1163	MEDIUM	Break down the access tokens by owner_type — how many in each?	SELECT owner_type, COUNT(*) as count FROM access_tokens GROUP BY owner_type;	SELECT col_name, COUNT(*) as count FROM table_name GROUP BY col_name;	SELECT variable, COUNT(*) AS COUNT FROM variable GROUP BY variable;
drawSQL-mysql-export-2026-02-09_chatwood	1164	MEDIUM	Are there any access tokens that don't have a match in related tables?	SELECT * FROM access_tokens LIMIT num;	SELECT * FROM table_name LIMIT num;	SELECT * FROM variable LIMIT variable;
drawSQL-mysql-export-2026-02-09_chatwood	1165	MEDIUM	For each group, what are the top 3 access tokens?	SELECT * FROM ( SELECT *, ROW_NUMBER() OVER (PARTITION BY owner_type ORDER BY id DESC) as rn FROM access_tokens ) WHERE rn <= num;	SELECT * FROM ( SELECT *, ROW_NUMBER() OVER (PARTITION BY col_name ORDER BY id DESC) as column_alias0 FROM table_name ) WHERE column_alias0 <= num;	SELECT * FROM ( SELECT *, ROW_NUMBER() OVER (PARTITION BY variable ORDER BY variable DESC) AS variable FROM variable ) WHERE variable <= variable;
drawSQL-mysql-export-2026-02-09_chatwood	1166	MEDIUM	How did the number of access tokens change month over month?	SELECT strftime('%Y-%m', created_at) as period, COUNT(*) as count FROM access_tokens WHERE created_at >= date('now', '-2 months') GROUP BY period ORDER BY period;	SELECT strftime(string, col_name) as column_alias0, column_alias1(*) as column_alias1 FROM table_name WHERE col_name >= date(string, string) GROUP BY column_alias0 ORDER BY column_alias0;	SELECT STRFTIME(variable, variable) AS variable, variable(*) AS variable FROM variable WHERE variable >= DATE(variable, variable) GROUP BY variable ORDER BY variable;
drawSQL-mysql-export-2026-02-09_chatwood	1167	MEDIUM	Which access tokens have duplicate or repeated values?	WITH grouped AS ( SELECT owner_type, COUNT(*) as cnt FROM access_tokens GROUP BY owner_type ) SELECT * FROM grouped WHERE cnt > num ORDER BY cnt DESC;	WITH grouped AS ( SELECT col_name, COUNT(*) as cnt FROM table_name GROUP BY col_name ) SELECT * FROM grouped WHERE cnt > num ORDER BY cnt DESC;	WITH variable AS ( SELECT variable, COUNT(*) AS variable FROM variable GROUP BY variable ) SELECT * FROM variable WHERE variable > variable ORDER BY variable DESC;
drawSQL-mysql-export-2026-02-09_chatwood	1168	MEDIUM	How many users were added since created_at=date?	SELECT COUNT(*) FROM users WHERE created_at >= date('now', '-1 month');	SELECT COUNT(*) FROM table_name WHERE col_name >= date(string, string);	SELECT COUNT(*) FROM variable WHERE variable >= DATE(variable, variable);
drawSQL-mysql-export-2026-02-09_chatwood	1169	HARD	Pull together a report on access tokens joining all related tables.	SELECT * FROM account_users LEFT JOIN accounts ON account_users.account_id = accounts.id;	SELECT * FROM table_name LEFT JOIN table_name ON table_name.col_name = table_name.id;	SELECT * FROM variable LEFT JOIN variable ON variable = variable;
drawSQL-mysql-export-2026-02-09_chatwood	1170	HARD	Who or what is the best in each group of access tokens?	SELECT * FROM ( SELECT *, ROW_NUMBER() OVER (PARTITION BY owner_type ORDER BY id DESC) as rn FROM access_tokens ) WHERE rn = num;	SELECT * FROM ( SELECT *, ROW_NUMBER() OVER (PARTITION BY col_name ORDER BY id DESC) as column_alias0 FROM table_name ) WHERE column_alias0 = num;	SELECT * FROM ( SELECT *, ROW_NUMBER() OVER (PARTITION BY variable ORDER BY variable DESC) AS variable FROM variable ) WHERE variable = variable;
drawSQL-mysql-export-2026-02-09_chatwood	1171	HARD	Which access tokens are above average compared to others in their group?	SELECT strftime('%Y-%m', created_at) as period, COUNT(*) as count FROM access_tokens WHERE created_at >= date('now', '-2 months') GROUP BY period ORDER BY period;	SELECT strftime(string, col_name) as column_alias0, column_alias1(*) as column_alias1 FROM table_name WHERE col_name >= date(string, string) GROUP BY column_alias0 ORDER BY column_alias0;	SELECT STRFTIME(variable, variable) AS variable, variable(*) AS variable FROM variable WHERE variable >= DATE(variable, variable) GROUP BY variable ORDER BY variable;
drawSQL-mysql-export-2026-02-09_chatwood	1172	HARD	Do a multi-step analysis: group access tokens, filter, then rank the results.	WITH grouped AS ( SELECT owner_type, COUNT(*) as cnt FROM access_tokens GROUP BY owner_type ) SELECT * FROM grouped WHERE cnt > num ORDER BY cnt DESC;	WITH grouped AS ( SELECT col_name, COUNT(*) as cnt FROM table_name GROUP BY col_name ) SELECT * FROM grouped WHERE cnt > num ORDER BY cnt DESC;	WITH variable AS ( SELECT variable, COUNT(*) AS variable FROM variable GROUP BY variable ) SELECT * FROM variable WHERE variable > variable ORDER BY variable DESC;
drawSQL-mysql-export-2026-02-09_chatwood	1173	HARD	Show the running total of access tokens over time based on created_at.	SELECT *, COUNT(*) OVER (ORDER BY created_at) as running_count FROM access_tokens ORDER BY created_at;	SELECT *, COUNT(*) OVER (ORDER BY col_name) as column_alias0 FROM table_name ORDER BY col_name;	SELECT *, COUNT(*) OVER (ORDER BY variable) AS variable FROM variable ORDER BY variable;
drawSQL-mysql-export-2026-02-09_chatwood	1174	HARD	Find access tokens that exist in one table but not in a related table.	SELECT * FROM access_tokens LIMIT num;	SELECT * FROM table_name LIMIT num;	SELECT * FROM variable LIMIT variable;
drawSQL-mysql-export-2026-02-09_chatwood	1175	HARD	Combine data from access_tokens, account_users, and accounts in a single report.	SELECT * FROM access_tokens LEFT JOIN account_users ON account_users.id = access_tokens.id LEFT JOIN accounts ON accounts.id = access_tokens.account_id LEFT JOIN users ON users.id = access_tokens.user_id;	SELECT * FROM table_name LEFT JOIN table_name ON table_name.id = table_name.id LEFT JOIN table_name ON table_name.id = table_name.col_name LEFT JOIN table_name ON table_name.id = table_name.col_name;	SELECT * FROM variable LEFT JOIN variable ON variable = variable LEFT JOIN variable ON variable = variable LEFT JOIN variable ON variable = variable;
drawSQL-mysql-export-2026-02-09_chatwood	1176	HARD	Rank all access tokens within their groups and show the top performers.	SELECT * FROM ( SELECT *, ROW_NUMBER() OVER (PARTITION BY owner_type ORDER BY id DESC) as rn FROM access_tokens ) WHERE rn <= num;	SELECT * FROM ( SELECT *, ROW_NUMBER() OVER (PARTITION BY col_name ORDER BY id DESC) as column_alias0 FROM table_name ) WHERE column_alias0 <= num;	SELECT * FROM ( SELECT *, ROW_NUMBER() OVER (PARTITION BY variable ORDER BY variable DESC) AS variable FROM variable ) WHERE variable <= variable;
drawSQL-mysql-export-2026-02-09_defender	1177	EASY	How many users signed up since created_at=date?	SELECT COUNT(*) FROM users;	SELECT COUNT(*) FROM table_name;	SELECT COUNT(*) FROM variable;
drawSQL-mysql-export-2026-02-09_defender	1178	EASY	How many roles do we have in total?	SELECT COUNT(*) FROM roles;	SELECT COUNT(*) FROM table_name;	SELECT COUNT(*) FROM variable;
drawSQL-mysql-export-2026-02-09_defender	1179	EASY	Show me all of our roles.	SELECT * FROM roles;	SELECT * FROM table_name;	SELECT * FROM variable;
drawSQL-mysql-export-2026-02-09_defender	1180	EASY	Can you look up the role with id=num?	SELECT * FROM roles WHERE id = num;	SELECT * FROM table_name WHERE id = num;	SELECT * FROM variable WHERE variable = variable;
drawSQL-mysql-export-2026-02-09_defender	1181	EASY	Find the role where name=string.	SELECT * FROM roles WHERE name = string;	SELECT * FROM table_name WHERE col_name = string;	SELECT * FROM variable WHERE variable = variable;
drawSQL-mysql-export-2026-02-09_defender	1182	EASY	How many roles were created since created_at=date?	SELECT COUNT(*) FROM roles WHERE created_at >= date('now', '-1 month');	SELECT COUNT(*) FROM table_name WHERE col_name >= date(string, string);	SELECT COUNT(*) FROM variable WHERE variable >= DATE(variable, variable);
drawSQL-mysql-export-2026-02-09_defender	1183	EASY	What are the most recent roles ordered by name?	SELECT * FROM roles ORDER BY created_at DESC LIMIT num;	SELECT * FROM table_name ORDER BY col_name DESC LIMIT num;	SELECT * FROM variable ORDER BY variable DESC LIMIT variable;
drawSQL-mysql-export-2026-02-09_defender	1184	EASY	How many permissions do we have in total?	SELECT COUNT(*) FROM permissions;	SELECT COUNT(*) FROM table_name;	SELECT COUNT(*) FROM variable;
drawSQL-mysql-export-2026-02-09_defender	1185	MEDIUM	Who are the most active users based on activity count?	SELECT * FROM users ORDER BY created_at DESC LIMIT 10;	SELECT * FROM table_name ORDER BY col_name DESC LIMIT num;	SELECT * FROM variable ORDER BY variable DESC LIMIT variable;
drawSQL-mysql-export-2026-02-09_defender	1186	MEDIUM	Show me each role along with its related details from other tables.	SELECT t.*, c.* FROM roles t LEFT JOIN role_user c ON c.role_id = t.id;	SELECT table_alias0.*, table_alias1.* FROM table_name table_alias0 LEFT JOIN table_name table_alias1 ON table_alias1.col_name = table_alias0.id;	SELECT variable.*, variable.* FROM variable variable LEFT JOIN variable variable ON variable = variable;
drawSQL-mysql-export-2026-02-09_defender	1187	MEDIUM	How many roles were added since created_at=date?	SELECT COUNT(*) FROM roles WHERE created_at >= date('now', '-1 month');	SELECT COUNT(*) FROM table_name WHERE col_name >= date(string, string);	SELECT COUNT(*) FROM variable WHERE variable >= DATE(variable, variable);
drawSQL-mysql-export-2026-02-09_defender	1188	MEDIUM	Break down the roles by name — how many in each?	SELECT name, COUNT(*) as count FROM roles GROUP BY name;	SELECT col_name, COUNT(*) as count FROM table_name GROUP BY col_name;	SELECT variable, COUNT(*) AS COUNT FROM variable GROUP BY variable;
drawSQL-mysql-export-2026-02-09_defender	1189	MEDIUM	Are there any roles that don't have a match in related tables?	SELECT * FROM roles WHERE id NOT IN (SELECT DISTINCT role_id FROM role_user WHERE role_id IS NOT NULL);	SELECT * FROM table_name WHERE id NOT IN (SELECT DISTINCT col_name FROM table_name WHERE col_name IS NOT NULL);	SELECT * FROM variable WHERE variable NOT IN (SELECT DISTINCT variable FROM variable WHERE variable IS NOT NULL);
drawSQL-mysql-export-2026-02-09_defender	1190	MEDIUM	For each group, what are the top 3 roles?	SELECT * FROM roles ORDER BY id DESC LIMIT num;	SELECT * FROM table_name ORDER BY id DESC LIMIT num;	SELECT * FROM variable ORDER BY variable DESC LIMIT variable;
drawSQL-mysql-export-2026-02-09_defender	1191	MEDIUM	How did the number of roles change month over month?	SELECT strftime('%Y-%m', created_at) as period, COUNT(*) as count FROM roles WHERE created_at >= date('now', '-2 months') GROUP BY period ORDER BY period;	SELECT strftime(string, col_name) as column_alias0, column_alias1(*) as column_alias1 FROM table_name WHERE col_name >= date(string, string) GROUP BY column_alias0 ORDER BY column_alias0;	SELECT STRFTIME(variable, variable) AS variable, variable(*) AS variable FROM variable WHERE variable >= DATE(variable, variable) GROUP BY variable ORDER BY variable;
drawSQL-mysql-export-2026-02-09_defender	1192	MEDIUM	Which roles have duplicate or repeated values?	WITH grouped AS ( SELECT name, COUNT(*) as cnt FROM roles GROUP BY name ) SELECT * FROM grouped WHERE cnt > num ORDER BY cnt DESC;	WITH grouped AS ( SELECT col_name, COUNT(*) as cnt FROM table_name GROUP BY col_name ) SELECT * FROM grouped WHERE cnt > num ORDER BY cnt DESC;	WITH variable AS ( SELECT variable, COUNT(*) AS variable FROM variable GROUP BY variable ) SELECT * FROM variable WHERE variable > variable ORDER BY variable DESC;
drawSQL-mysql-export-2026-02-09_defender	1193	HARD	Pull together a report on roles joining all related tables.	SELECT * FROM role_user LEFT JOIN roles ON role_user.role_id = roles.id LEFT JOIN users ON role_user.user_id = users.id;	SELECT * FROM table_name LEFT JOIN table_name ON table_name.col_name = table_name.id LEFT JOIN table_name ON table_name.col_name = table_name.id;	SELECT * FROM variable LEFT JOIN variable ON variable = variable LEFT JOIN variable ON variable = variable;
drawSQL-mysql-export-2026-02-09_defender	1194	HARD	Who or what is the best in each group of roles?	SELECT * FROM ( SELECT *, ROW_NUMBER() OVER (PARTITION BY name ORDER BY id DESC) as rn FROM roles ) WHERE rn = num;	SELECT * FROM ( SELECT *, ROW_NUMBER() OVER (PARTITION BY col_name ORDER BY id DESC) as column_alias0 FROM table_name ) WHERE column_alias0 = num;	SELECT * FROM ( SELECT *, ROW_NUMBER() OVER (PARTITION BY variable ORDER BY variable DESC) AS variable FROM variable ) WHERE variable = variable;
drawSQL-mysql-export-2026-02-09_defender	1195	HARD	Which roles are above average compared to others in their group?	SELECT strftime('%Y-%m', created_at) as period, COUNT(*) as count FROM roles WHERE created_at >= date('now', '-2 months') GROUP BY period ORDER BY period;	SELECT strftime(string, col_name) as column_alias0, column_alias1(*) as column_alias1 FROM table_name WHERE col_name >= date(string, string) GROUP BY column_alias0 ORDER BY column_alias0;	SELECT STRFTIME(variable, variable) AS variable, variable(*) AS variable FROM variable WHERE variable >= DATE(variable, variable) GROUP BY variable ORDER BY variable;
drawSQL-mysql-export-2026-02-09_defender	1196	HARD	Do a multi-step analysis: group roles, filter, then rank the results.	WITH grouped AS ( SELECT name, COUNT(*) as cnt FROM roles GROUP BY name ) SELECT * FROM grouped WHERE cnt > num ORDER BY cnt DESC;	WITH grouped AS ( SELECT col_name, COUNT(*) as cnt FROM table_name GROUP BY col_name ) SELECT * FROM grouped WHERE cnt > num ORDER BY cnt DESC;	WITH variable AS ( SELECT variable, COUNT(*) AS variable FROM variable GROUP BY variable ) SELECT * FROM variable WHERE variable > variable ORDER BY variable DESC;
drawSQL-mysql-export-2026-02-09_defender	1197	HARD	Show the running total of roles over time based on created_at.	SELECT *, COUNT(*) OVER (ORDER BY created_at) as running_count FROM roles ORDER BY created_at;	SELECT *, COUNT(*) OVER (ORDER BY col_name) as column_alias0 FROM table_name ORDER BY col_name;	SELECT *, COUNT(*) OVER (ORDER BY variable) AS variable FROM variable ORDER BY variable;
drawSQL-mysql-export-2026-02-09_defender	1198	HARD	Find roles that exist in one table but not in a related table.	SELECT * FROM roles WHERE id NOT IN (SELECT DISTINCT role_id FROM role_user WHERE role_id IS NOT NULL);	SELECT * FROM table_name WHERE id NOT IN (SELECT DISTINCT col_name FROM table_name WHERE col_name IS NOT NULL);	SELECT * FROM variable WHERE variable NOT IN (SELECT DISTINCT variable FROM variable WHERE variable IS NOT NULL);
drawSQL-mysql-export-2026-02-09_defender	1199	HARD	Combine data from roles, permissions, and role_user in a single report.	SELECT * FROM roles LEFT JOIN permissions ON permissions.id = roles.role_id LEFT JOIN role_user ON role_user.id = roles.role_id;	SELECT * FROM table_name LEFT JOIN table_name ON table_name.id = table_name.col_name LEFT JOIN table_name ON table_name.id = table_name.col_name;	SELECT * FROM variable LEFT JOIN variable ON variable = variable LEFT JOIN variable ON variable = variable;
drawSQL-mysql-export-2026-02-09_defender	1200	HARD	Rank all roles within their groups and show the top performers.	SELECT *, ROW_NUMBER() OVER (ORDER BY id DESC) as rn FROM roles;	SELECT *, ROW_NUMBER() OVER (ORDER BY id DESC) as column_alias0 FROM table_name;	SELECT *, ROW_NUMBER() OVER (ORDER BY variable DESC) AS variable FROM variable;
drawSQL-mysql-export-2026-02-09_diaspora	1201	EASY	How many users signed up since created_at=date?	SELECT COUNT(*) FROM users WHERE created_at >= date('now', '-1 month');	SELECT COUNT(*) FROM table_name WHERE col_name >= date(string, string);	SELECT COUNT(*) FROM variable WHERE variable >= DATE(variable, variable);
drawSQL-mysql-export-2026-02-09_diaspora	1202	EASY	How many members are on each team?	SELECT aspect_id, COUNT(*) as member_count FROM aspect_memberships GROUP BY aspect_id;	SELECT col_name, COUNT(*) as member_count FROM table_name GROUP BY col_name;	SELECT variable, COUNT(*) AS variable FROM variable GROUP BY variable;
drawSQL-mysql-export-2026-02-09_diaspora	1203	EASY	How many account deletions do we have in total?	SELECT COUNT(*) FROM account_deletions;	SELECT COUNT(*) FROM table_name;	SELECT COUNT(*) FROM variable;
drawSQL-mysql-export-2026-02-09_diaspora	1204	EASY	Show me all of our account deletions.	SELECT * FROM account_deletions;	SELECT * FROM table_name;	SELECT * FROM variable;
drawSQL-mysql-export-2026-02-09_diaspora	1205	EASY	Can you look up the account deletion with id=num?	SELECT * FROM account_deletions WHERE id = num;	SELECT * FROM table_name WHERE id = num;	SELECT * FROM variable WHERE variable = variable;
drawSQL-mysql-export-2026-02-09_diaspora	1206	EASY	How many account deletions were created since completed_at=date?	SELECT COUNT(*) FROM account_deletions WHERE completed_at >= date('now', '-1 month');	SELECT COUNT(*) FROM table_name WHERE col_name >= date(string, string);	SELECT COUNT(*) FROM variable WHERE variable >= DATE(variable, variable);
drawSQL-mysql-export-2026-02-09_diaspora	1207	EASY	What are the most recent account deletions ordered by person_id?	SELECT * FROM account_deletions ORDER BY completed_at DESC LIMIT num;	SELECT * FROM table_name ORDER BY col_name DESC LIMIT num;	SELECT * FROM variable ORDER BY variable DESC LIMIT variable;
drawSQL-mysql-export-2026-02-09_diaspora	1208	EASY	How many team members do we have in total?	SELECT COUNT(*) FROM account_deletions;	SELECT COUNT(*) FROM table_name;	SELECT COUNT(*) FROM variable;
drawSQL-mysql-export-2026-02-09_diaspora	1209	MEDIUM	Who are the most active users based on activity count?	SELECT * FROM users ORDER BY created_at DESC LIMIT 10;	SELECT * FROM table_name ORDER BY col_name DESC LIMIT num;	SELECT * FROM variable ORDER BY variable DESC LIMIT variable;
drawSQL-mysql-export-2026-02-09_diaspora	1210	MEDIUM	How many account deletions were added since completed_at=date?	SELECT COUNT(*) FROM account_deletions WHERE completed_at >= date('now', '-1 month');	SELECT COUNT(*) FROM table_name WHERE col_name >= date(string, string);	SELECT COUNT(*) FROM variable WHERE variable >= DATE(variable, variable);
drawSQL-mysql-export-2026-02-09_diaspora	1211	MEDIUM	Break down the account deletions by person_id — how many in each?	SELECT person_id, COUNT(*) as count FROM account_deletions GROUP BY person_id;	SELECT col_name, COUNT(*) as count FROM table_name GROUP BY col_name;	SELECT variable, COUNT(*) AS COUNT FROM variable GROUP BY variable;
drawSQL-mysql-export-2026-02-09_diaspora	1212	MEDIUM	Are there any account deletions that don't have a match in related tables?	SELECT * FROM account_deletions LIMIT num;	SELECT * FROM table_name LIMIT num;	SELECT * FROM variable LIMIT variable;
drawSQL-mysql-export-2026-02-09_diaspora	1213	MEDIUM	For each group, what are the top 3 account deletions?	SELECT * FROM account_deletions ORDER BY id DESC LIMIT num;	SELECT * FROM table_name ORDER BY id DESC LIMIT num;	SELECT * FROM variable ORDER BY variable DESC LIMIT variable;
drawSQL-mysql-export-2026-02-09_diaspora	1214	MEDIUM	How did the number of account deletions change month over month?	SELECT strftime('%Y-%m', completed_at) as period, COUNT(*) as count FROM account_deletions WHERE completed_at >= date('now', '-2 months') GROUP BY period ORDER BY period;	SELECT strftime(string, col_name) as column_alias0, column_alias1(*) as column_alias1 FROM table_name WHERE col_name >= date(string, string) GROUP BY column_alias0 ORDER BY column_alias0;	SELECT STRFTIME(variable, variable) AS variable, variable(*) AS variable FROM variable WHERE variable >= DATE(variable, variable) GROUP BY variable ORDER BY variable;
drawSQL-mysql-export-2026-02-09_diaspora	1215	MEDIUM	Which account deletions have duplicate or repeated values?	WITH grouped AS ( SELECT person_id, COUNT(*) as cnt FROM account_deletions GROUP BY person_id ) SELECT * FROM grouped WHERE cnt > num ORDER BY cnt DESC;	WITH grouped AS ( SELECT col_name, COUNT(*) as cnt FROM table_name GROUP BY col_name ) SELECT * FROM grouped WHERE cnt > num ORDER BY cnt DESC;	WITH variable AS ( SELECT variable, COUNT(*) AS variable FROM variable GROUP BY variable ) SELECT * FROM variable WHERE variable > variable ORDER BY variable DESC;
drawSQL-mysql-export-2026-02-09_diaspora	1216	MEDIUM	How many team members were added since created_at=date?	SELECT COUNT(*) FROM account_deletions WHERE completed_at >= date('now', '-1 month');	SELECT COUNT(*) FROM table_name WHERE col_name >= date(string, string);	SELECT COUNT(*) FROM variable WHERE variable >= DATE(variable, variable);
drawSQL-mysql-export-2026-02-09_diaspora	1217	HARD	Pull together a report on account deletions joining all related tables.	SELECT * FROM aspects;	SELECT * FROM table_name;	SELECT * FROM variable;
drawSQL-mysql-export-2026-02-09_diaspora	1218	HARD	Who or what is the best in each group of account deletions?	SELECT * FROM ( SELECT *, ROW_NUMBER() OVER (PARTITION BY person_id ORDER BY id DESC) as rn FROM account_deletions ) WHERE rn = num;	SELECT * FROM ( SELECT *, ROW_NUMBER() OVER (PARTITION BY col_name ORDER BY id DESC) as column_alias0 FROM table_name ) WHERE column_alias0 = num;	SELECT * FROM ( SELECT *, ROW_NUMBER() OVER (PARTITION BY variable ORDER BY variable DESC) AS variable FROM variable ) WHERE variable = variable;
drawSQL-mysql-export-2026-02-09_diaspora	1219	HARD	Which account deletions are above average compared to others in their group?	SELECT strftime('%Y-%m', completed_at) as period, COUNT(*) as count FROM account_deletions WHERE completed_at >= date('now', '-2 months') GROUP BY period ORDER BY period;	SELECT strftime(string, col_name) as column_alias0, column_alias1(*) as column_alias1 FROM table_name WHERE col_name >= date(string, string) GROUP BY column_alias0 ORDER BY column_alias0;	SELECT STRFTIME(variable, variable) AS variable, variable(*) AS variable FROM variable WHERE variable >= DATE(variable, variable) GROUP BY variable ORDER BY variable;
drawSQL-mysql-export-2026-02-09_diaspora	1220	HARD	Do a multi-step analysis: group account deletions, filter, then rank the results.	WITH grouped AS ( SELECT person_id, COUNT(*) as cnt FROM account_deletions GROUP BY person_id ) SELECT * FROM grouped WHERE cnt > num ORDER BY cnt DESC;	WITH grouped AS ( SELECT col_name, COUNT(*) as cnt FROM table_name GROUP BY col_name ) SELECT * FROM grouped WHERE cnt > num ORDER BY cnt DESC;	WITH variable AS ( SELECT variable, COUNT(*) AS variable FROM variable GROUP BY variable ) SELECT * FROM variable WHERE variable > variable ORDER BY variable DESC;
drawSQL-mysql-export-2026-02-09_diaspora	1221	HARD	Show the running total of account deletions over time based on completed_at.	SELECT *, COUNT(*) OVER (ORDER BY completed_at) as running_count FROM account_deletions ORDER BY completed_at;	SELECT *, COUNT(*) OVER (ORDER BY col_name) as column_alias0 FROM table_name ORDER BY col_name;	SELECT *, COUNT(*) OVER (ORDER BY variable) AS variable FROM variable ORDER BY variable;
drawSQL-mysql-export-2026-02-09_diaspora	1222	HARD	Find account deletions that exist in one table but not in a related table.	SELECT * FROM account_deletions LIMIT num;	SELECT * FROM table_name LIMIT num;	SELECT * FROM variable LIMIT variable;
drawSQL-mysql-export-2026-02-09_diaspora	1223	HARD	Combine data from account_deletions, aspect_memberships, and aspect_visibilities in a single report.	SELECT * FROM account_deletions LEFT JOIN aspect_memberships ON aspect_memberships.id = account_deletions.id LEFT JOIN aspect_visibilities ON aspect_visibilities.id = account_deletions.id;	SELECT * FROM table_name LEFT JOIN table_name ON table_name.id = table_name.id LEFT JOIN table_name ON table_name.id = table_name.id;	SELECT * FROM variable LEFT JOIN variable ON variable = variable LEFT JOIN variable ON variable = variable;
drawSQL-mysql-export-2026-02-09_diaspora	1224	HARD	Rank all account deletions within their groups and show the top performers.	SELECT *, ROW_NUMBER() OVER (ORDER BY id DESC) as rn FROM account_deletions;	SELECT *, ROW_NUMBER() OVER (ORDER BY id DESC) as column_alias0 FROM table_name;	SELECT *, ROW_NUMBER() OVER (ORDER BY variable DESC) AS variable FROM variable;
drawSQL-mysql-export-2026-02-09_djangoorg	1225	EASY	How many users signed up since created_at=date?	SELECT COUNT(*) FROM auth_user;	SELECT COUNT(*) FROM table_name;	SELECT COUNT(*) FROM variable;
drawSQL-mysql-export-2026-02-09_djangoorg	1226	EASY	How many users do we have in total?	SELECT COUNT(*) FROM auth_user;	SELECT COUNT(*) FROM table_name;	SELECT COUNT(*) FROM variable;
drawSQL-mysql-export-2026-02-09_djangoorg	1227	EASY	Show me all of our users.	SELECT * FROM auth_user;	SELECT * FROM table_name;	SELECT * FROM variable;
drawSQL-mysql-export-2026-02-09_djangoorg	1228	EASY	Can you look up the user with id=num?	SELECT * FROM auth_user WHERE id = num;	SELECT * FROM table_name WHERE id = num;	SELECT * FROM variable WHERE variable = variable;
drawSQL-mysql-export-2026-02-09_djangoorg	1229	EASY	How many organizations organization do we have in total?	SELECT COUNT(*) FROM organizations_organization;	SELECT COUNT(*) FROM table_name;	SELECT COUNT(*) FROM variable;
drawSQL-mysql-export-2026-02-09_djangoorg	1230	EASY	Show me all of our organizations organization.	SELECT * FROM organizations_organization;	SELECT * FROM table_name;	SELECT * FROM variable;
drawSQL-mysql-export-2026-02-09_djangoorg	1231	EASY	Can you look up the organizations organization with id=num?	SELECT * FROM organizations_organization WHERE id = num;	SELECT * FROM table_name WHERE id = num;	SELECT * FROM variable WHERE variable = variable;
drawSQL-mysql-export-2026-02-09_djangoorg	1232	EASY	Find the organizations organization where name=string.	SELECT * FROM organizations_organization WHERE name = string;	SELECT * FROM table_name WHERE col_name = string;	SELECT * FROM variable WHERE variable = variable;
drawSQL-mysql-export-2026-02-09_djangoorg	1233	MEDIUM	Who are the most active users based on activity count?	SELECT * FROM auth_user ORDER BY created_at DESC LIMIT 10;	SELECT * FROM table_name ORDER BY created_at DESC LIMIT num;	SELECT * FROM variable ORDER BY variable DESC LIMIT variable;
drawSQL-mysql-export-2026-02-09_djangoorg	1234	MEDIUM	Show me each user along with its related details from other tables.	SELECT t.*, c.* FROM auth_user t LEFT JOIN organizations_organizationuser c ON c.user_id = t.id;	SELECT table_alias0.*, table_alias1.* FROM table_name table_alias0 LEFT JOIN table_name table_alias1 ON table_alias1.col_name = table_alias0.id;	SELECT variable.*, variable.* FROM variable variable LEFT JOIN variable variable ON variable = variable;
drawSQL-mysql-export-2026-02-09_djangoorg	1235	MEDIUM	Are there any users that don't have a match in related tables?	SELECT * FROM auth_user WHERE id NOT IN (SELECT DISTINCT user_id FROM organizations_organizationuser WHERE user_id IS NOT NULL);	SELECT * FROM table_name WHERE id NOT IN (SELECT DISTINCT col_name FROM table_name WHERE col_name IS NOT NULL);	SELECT * FROM variable WHERE variable NOT IN (SELECT DISTINCT variable FROM variable WHERE variable IS NOT NULL);
drawSQL-mysql-export-2026-02-09_djangoorg	1236	MEDIUM	For each group, what are the top 3 users?	SELECT * FROM auth_user ORDER BY id DESC LIMIT num;	SELECT * FROM table_name ORDER BY id DESC LIMIT num;	SELECT * FROM variable ORDER BY variable DESC LIMIT variable;
drawSQL-mysql-export-2026-02-09_djangoorg	1237	MEDIUM	Which users have duplicate or repeated values?	SELECT * FROM auth_user LIMIT num;	SELECT * FROM table_name LIMIT num;	SELECT * FROM variable LIMIT variable;
drawSQL-mysql-export-2026-02-09_djangoorg	1238	MEDIUM	Show me each organizations organization along with its related details from other tables.	SELECT t.*, c.* FROM organizations_organization t LEFT JOIN organizations_organizationowner c ON c.organization_id = t.id;	SELECT table_alias0.*, table_alias1.* FROM table_name table_alias0 LEFT JOIN table_name table_alias1 ON table_alias1.col_name = table_alias0.id;	SELECT variable.*, variable.* FROM variable variable LEFT JOIN variable variable ON variable = variable;
drawSQL-mysql-export-2026-02-09_djangoorg	1239	MEDIUM	How many organizations organization were added since created=date?	SELECT COUNT(*) FROM organizations_organization WHERE created >= date('now', '-1 month');	SELECT COUNT(*) FROM table_name WHERE col_name >= date(string, string);	SELECT COUNT(*) FROM variable WHERE variable >= DATE(variable, variable);
drawSQL-mysql-export-2026-02-09_djangoorg	1240	MEDIUM	Break down the organizations organization by name — how many in each?	SELECT name, COUNT(*) as count FROM organizations_organization GROUP BY name;	SELECT col_name, COUNT(*) as count FROM table_name GROUP BY col_name;	SELECT variable, COUNT(*) AS COUNT FROM variable GROUP BY variable;
drawSQL-mysql-export-2026-02-09_djangoorg	1241	HARD	Pull together a report on users joining all related tables.	SELECT * FROM organizations_organizationowner LEFT JOIN organizations_organization ON organizations_organizationowner.organization_id = organizations_organization.id LEFT JOIN organizations_organizationuser ON organizations_organizationowner.organization_user_id = organizations_organizationuser.id;	SELECT * FROM table_name LEFT JOIN table_name ON table_name.col_name = table_name.id LEFT JOIN table_name ON table_name.col_name = table_name.id;	SELECT * FROM variable LEFT JOIN variable ON variable = variable LEFT JOIN variable ON variable = variable;
drawSQL-mysql-export-2026-02-09_djangoorg	1242	HARD	Who or what is the best in each group of users?	SELECT * FROM ( SELECT *, ROW_NUMBER() OVER (PARTITION BY id ORDER BY id DESC) as rn FROM auth_user ) WHERE rn = num;	SELECT * FROM ( SELECT *, ROW_NUMBER() OVER (PARTITION BY id ORDER BY id DESC) as column_alias0 FROM table_name ) WHERE column_alias0 = num;	SELECT * FROM ( SELECT *, ROW_NUMBER() OVER (PARTITION BY variable ORDER BY variable DESC) AS variable FROM variable ) WHERE variable = variable;
drawSQL-mysql-export-2026-02-09_djangoorg	1243	HARD	Which users are above average compared to others in their group?	SELECT * FROM auth_user LIMIT num;	SELECT * FROM table_name LIMIT num;	SELECT * FROM variable LIMIT variable;
drawSQL-mysql-export-2026-02-09_djangoorg	1244	HARD	Do a multi-step analysis: group users, filter, then rank the results.	WITH grouped AS ( SELECT id, COUNT(*) as cnt FROM auth_user GROUP BY id ) SELECT * FROM grouped WHERE cnt > num ORDER BY cnt DESC;	WITH grouped AS ( SELECT id, COUNT(*) as cnt FROM table_name GROUP BY id ) SELECT * FROM grouped WHERE cnt > num ORDER BY cnt DESC;	WITH variable AS ( SELECT variable, COUNT(*) AS variable FROM variable GROUP BY variable ) SELECT * FROM variable WHERE variable > variable ORDER BY variable DESC;
drawSQL-mysql-export-2026-02-09_djangoorg	1245	HARD	Find users that exist in one table but not in a related table.	SELECT * FROM auth_user WHERE id NOT IN (SELECT DISTINCT user_id FROM organizations_organizationuser WHERE user_id IS NOT NULL);	SELECT * FROM table_name WHERE id NOT IN (SELECT DISTINCT col_name FROM table_name WHERE col_name IS NOT NULL);	SELECT * FROM variable WHERE variable NOT IN (SELECT DISTINCT variable FROM variable WHERE variable IS NOT NULL);
drawSQL-mysql-export-2026-02-09_djangoorg	1246	HARD	Combine data from auth_user, organizations_organization, and organizations_organizationowner in a single report.	SELECT * FROM auth_user LEFT JOIN organizations_organization ON organizations_organization.id = auth_user.user_id LEFT JOIN organizations_organizationowner ON organizations_organizationowner.id = auth_user.user_id;	SELECT * FROM table_name LEFT JOIN table_name ON table_name.id = table_name.col_name LEFT JOIN table_name ON table_name.id = table_name.col_name;	SELECT * FROM variable LEFT JOIN variable ON variable = variable LEFT JOIN variable ON variable = variable;
drawSQL-mysql-export-2026-02-09_djangoorg	1247	HARD	Rank all users within their groups and show the top performers.	SELECT *, ROW_NUMBER() OVER (ORDER BY id DESC) as rn FROM auth_user;	SELECT *, ROW_NUMBER() OVER (ORDER BY id DESC) as column_alias0 FROM table_name;	SELECT *, ROW_NUMBER() OVER (ORDER BY variable DESC) AS variable FROM variable;
drawSQL-mysql-export-2026-02-09_djangoorg	1248	HARD	Pull together a report on organizations organization joining all related tables.	SELECT * FROM organizations_organizationowner LEFT JOIN organizations_organization ON organizations_organizationowner.organization_id = organizations_organization.id LEFT JOIN organizations_organizationuser ON organizations_organizationowner.organization_user_id = organizations_organizationuser.id;	SELECT * FROM table_name LEFT JOIN table_name ON table_name.col_name = table_name.id LEFT JOIN table_name ON table_name.col_name = table_name.id;	SELECT * FROM variable LEFT JOIN variable ON variable = variable LEFT JOIN variable ON variable = variable;
drawSQL-mysql-export-2026-02-09_doorkeeper	1249	EASY	How many users signed up since created_at=date?	SELECT COUNT(*) FROM users;	SELECT COUNT(*) FROM table_name;	SELECT COUNT(*) FROM variable;
drawSQL-mysql-export-2026-02-09_doorkeeper	1250	EASY	How many oauth access grants do we have in total?	SELECT COUNT(*) FROM oauth_access_grants;	SELECT COUNT(*) FROM table_name;	SELECT COUNT(*) FROM variable;
drawSQL-mysql-export-2026-02-09_doorkeeper	1251	EASY	Show me all of our oauth access grants.	SELECT * FROM oauth_access_grants;	SELECT * FROM table_name;	SELECT * FROM variable;
drawSQL-mysql-export-2026-02-09_doorkeeper	1252	EASY	Can you look up the oauth access grant with id=num?	SELECT * FROM oauth_access_grants WHERE id = num;	SELECT * FROM table_name WHERE id = num;	SELECT * FROM variable WHERE variable = variable;
drawSQL-mysql-export-2026-02-09_doorkeeper	1253	EASY	How many oauth access grants were created since created_at=date?	SELECT COUNT(*) FROM oauth_access_grants WHERE created_at >= date('now', '-1 month');	SELECT COUNT(*) FROM table_name WHERE col_name >= date(string, string);	SELECT COUNT(*) FROM variable WHERE variable >= DATE(variable, variable);
drawSQL-mysql-export-2026-02-09_doorkeeper	1254	EASY	What are the most recent oauth access grants ordered by resource_owner_id?	SELECT * FROM oauth_access_grants ORDER BY created_at DESC LIMIT num;	SELECT * FROM table_name ORDER BY col_name DESC LIMIT num;	SELECT * FROM variable ORDER BY variable DESC LIMIT variable;
drawSQL-mysql-export-2026-02-09_doorkeeper	1255	EASY	How many oauth access tokens do we have in total?	SELECT COUNT(*) FROM oauth_access_tokens;	SELECT COUNT(*) FROM table_name;	SELECT COUNT(*) FROM variable;
drawSQL-mysql-export-2026-02-09_doorkeeper	1256	EASY	Show me all of our oauth access tokens.	SELECT * FROM oauth_access_tokens;	SELECT * FROM table_name;	SELECT * FROM variable;
drawSQL-mysql-export-2026-02-09_doorkeeper	1257	MEDIUM	Who are the most active users based on activity count?	SELECT * FROM users ORDER BY created_at DESC LIMIT 10;	SELECT * FROM table_name ORDER BY col_name DESC LIMIT num;	SELECT * FROM variable ORDER BY variable DESC LIMIT variable;
drawSQL-mysql-export-2026-02-09_doorkeeper	1258	MEDIUM	How many oauth access grants were added since created_at=date?	SELECT COUNT(*) FROM oauth_access_grants WHERE created_at >= date('now', '-1 month');	SELECT COUNT(*) FROM table_name WHERE col_name >= date(string, string);	SELECT COUNT(*) FROM variable WHERE variable >= DATE(variable, variable);
drawSQL-mysql-export-2026-02-09_doorkeeper	1259	MEDIUM	Break down the oauth access grants by resource_owner_id — how many in each?	SELECT resource_owner_id, COUNT(*) as count FROM oauth_access_grants GROUP BY resource_owner_id;	SELECT col_name, COUNT(*) as count FROM table_name GROUP BY col_name;	SELECT variable, COUNT(*) AS COUNT FROM variable GROUP BY variable;
drawSQL-mysql-export-2026-02-09_doorkeeper	1260	MEDIUM	Are there any oauth access grants that don't have a match in related tables?	SELECT * FROM oauth_access_grants LIMIT num;	SELECT * FROM table_name LIMIT num;	SELECT * FROM variable LIMIT variable;
drawSQL-mysql-export-2026-02-09_doorkeeper	1261	MEDIUM	For each group, what are the top 3 oauth access grants?	SELECT * FROM oauth_access_grants ORDER BY id DESC LIMIT num;	SELECT * FROM table_name ORDER BY id DESC LIMIT num;	SELECT * FROM variable ORDER BY variable DESC LIMIT variable;
drawSQL-mysql-export-2026-02-09_doorkeeper	1262	MEDIUM	How did the number of oauth access grants change month over month?	SELECT strftime('%Y-%m', created_at) as period, COUNT(*) as count FROM oauth_access_grants WHERE created_at >= date('now', '-2 months') GROUP BY period ORDER BY period;	SELECT strftime(string, col_name) as column_alias0, column_alias1(*) as column_alias1 FROM table_name WHERE col_name >= date(string, string) GROUP BY column_alias0 ORDER BY column_alias0;	SELECT STRFTIME(variable, variable) AS variable, variable(*) AS variable FROM variable WHERE variable >= DATE(variable, variable) GROUP BY variable ORDER BY variable;
drawSQL-mysql-export-2026-02-09_doorkeeper	1263	MEDIUM	Which oauth access grants have duplicate or repeated values?	WITH grouped AS ( SELECT resource_owner_id, COUNT(*) as cnt FROM oauth_access_grants GROUP BY resource_owner_id ) SELECT * FROM grouped WHERE cnt > num ORDER BY cnt DESC;	WITH grouped AS ( SELECT col_name, COUNT(*) as cnt FROM table_name GROUP BY col_name ) SELECT * FROM grouped WHERE cnt > num ORDER BY cnt DESC;	WITH variable AS ( SELECT variable, COUNT(*) AS variable FROM variable GROUP BY variable ) SELECT * FROM variable WHERE variable > variable ORDER BY variable DESC;
drawSQL-mysql-export-2026-02-09_doorkeeper	1264	MEDIUM	How many oauth access tokens were added since created_at=date?	SELECT COUNT(*) FROM oauth_access_tokens WHERE created_at >= date('now', '-1 month');	SELECT COUNT(*) FROM table_name WHERE col_name >= date(string, string);	SELECT COUNT(*) FROM variable WHERE variable >= DATE(variable, variable);
drawSQL-mysql-export-2026-02-09_doorkeeper	1265	HARD	Pull together a report on oauth access grants joining all related tables.	SELECT * FROM oauth_access_grants LEFT JOIN users ON oauth_access_grants.resource_owner_id = users.id LEFT JOIN oauth_applications ON oauth_access_grants.application_id = oauth_applications.id;	SELECT * FROM table_name LEFT JOIN table_name ON table_name.col_name = table_name.id LEFT JOIN table_name ON table_name.col_name = table_name.id;	SELECT * FROM variable LEFT JOIN variable ON variable = variable LEFT JOIN variable ON variable = variable;
drawSQL-mysql-export-2026-02-09_doorkeeper	1266	HARD	Who or what is the best in each group of oauth access grants?	SELECT * FROM ( SELECT *, ROW_NUMBER() OVER (PARTITION BY resource_owner_id ORDER BY id DESC) as rn FROM oauth_access_grants ) WHERE rn = num;	SELECT * FROM ( SELECT *, ROW_NUMBER() OVER (PARTITION BY col_name ORDER BY id DESC) as column_alias0 FROM table_name ) WHERE column_alias0 = num;	SELECT * FROM ( SELECT *, ROW_NUMBER() OVER (PARTITION BY variable ORDER BY variable DESC) AS variable FROM variable ) WHERE variable = variable;
drawSQL-mysql-export-2026-02-09_doorkeeper	1267	HARD	Which oauth access grants are above average compared to others in their group?	SELECT strftime('%Y-%m', created_at) as period, COUNT(*) as count FROM oauth_access_grants WHERE created_at >= date('now', '-2 months') GROUP BY period ORDER BY period;	SELECT strftime(string, col_name) as column_alias0, column_alias1(*) as column_alias1 FROM table_name WHERE col_name >= date(string, string) GROUP BY column_alias0 ORDER BY column_alias0;	SELECT STRFTIME(variable, variable) AS variable, variable(*) AS variable FROM variable WHERE variable >= DATE(variable, variable) GROUP BY variable ORDER BY variable;
drawSQL-mysql-export-2026-02-09_doorkeeper	1268	HARD	Do a multi-step analysis: group oauth access grants, filter, then rank the results.	WITH grouped AS ( SELECT resource_owner_id, COUNT(*) as cnt FROM oauth_access_grants GROUP BY resource_owner_id ) SELECT * FROM grouped WHERE cnt > num ORDER BY cnt DESC;	WITH grouped AS ( SELECT col_name, COUNT(*) as cnt FROM table_name GROUP BY col_name ) SELECT * FROM grouped WHERE cnt > num ORDER BY cnt DESC;	WITH variable AS ( SELECT variable, COUNT(*) AS variable FROM variable GROUP BY variable ) SELECT * FROM variable WHERE variable > variable ORDER BY variable DESC;
drawSQL-mysql-export-2026-02-09_doorkeeper	1269	HARD	Show the running total of oauth access grants over time based on created_at.	SELECT *, COUNT(*) OVER (ORDER BY created_at) as running_count FROM oauth_access_grants ORDER BY created_at;	SELECT *, COUNT(*) OVER (ORDER BY col_name) as column_alias0 FROM table_name ORDER BY col_name;	SELECT *, COUNT(*) OVER (ORDER BY variable) AS variable FROM variable ORDER BY variable;
drawSQL-mysql-export-2026-02-09_doorkeeper	1270	HARD	Find oauth access grants that exist in one table but not in a related table.	SELECT * FROM oauth_access_grants LIMIT num;	SELECT * FROM table_name LIMIT num;	SELECT * FROM variable LIMIT variable;
drawSQL-mysql-export-2026-02-09_doorkeeper	1271	HARD	Combine data from oauth_access_grants, oauth_access_tokens, and oauth_applications in a single report.	SELECT * FROM oauth_access_grants LEFT JOIN oauth_access_tokens ON oauth_access_tokens.id = oauth_access_grants.id LEFT JOIN oauth_applications ON oauth_applications.id = oauth_access_grants.application_id;	SELECT * FROM table_name LEFT JOIN table_name ON table_name.id = table_name.id LEFT JOIN table_name ON table_name.id = table_name.col_name;	SELECT * FROM variable LEFT JOIN variable ON variable = variable LEFT JOIN variable ON variable = variable;
drawSQL-mysql-export-2026-02-09_doorkeeper	1272	HARD	Rank all oauth access grants within their groups and show the top performers.	SELECT *, ROW_NUMBER() OVER (ORDER BY id DESC) as rn FROM oauth_access_grants;	SELECT *, ROW_NUMBER() OVER (ORDER BY id DESC) as column_alias0 FROM table_name;	SELECT *, ROW_NUMBER() OVER (ORDER BY variable DESC) AS variable FROM variable;
drawSQL-mysql-export-2026-02-09_featureflags	1273	EASY	How many users signed up since created_at=date?	SELECT COUNT(*) FROM users;	SELECT COUNT(*) FROM table_name;	SELECT COUNT(*) FROM variable;
drawSQL-mysql-export-2026-02-09_featureflags	1274	EASY	How many features do we have in total?	SELECT COUNT(*) FROM features;	SELECT COUNT(*) FROM table_name;	SELECT COUNT(*) FROM variable;
drawSQL-mysql-export-2026-02-09_featureflags	1275	EASY	Show me all of our features.	SELECT * FROM features;	SELECT * FROM table_name;	SELECT * FROM variable;
drawSQL-mysql-export-2026-02-09_featureflags	1276	EASY	Can you look up the feature with id=num?	SELECT * FROM features WHERE id = num;	SELECT * FROM table_name WHERE id = num;	SELECT * FROM variable WHERE variable = variable;
drawSQL-mysql-export-2026-02-09_featureflags	1277	EASY	Find the feature where name=string.	SELECT * FROM features WHERE name = string;	SELECT * FROM table_name WHERE col_name = string;	SELECT * FROM variable WHERE variable = variable;
drawSQL-mysql-export-2026-02-09_featureflags	1278	EASY	Which features have active=boolean?	SELECT * FROM features WHERE active = boolean;	SELECT * FROM table_name WHERE col_name = boolean;	SELECT * FROM variable WHERE variable = variable;
drawSQL-mysql-export-2026-02-09_featureflags	1279	EASY	How many features were created since created_at=date?	SELECT COUNT(*) FROM features WHERE created_at >= date('now', '-1 month');	SELECT COUNT(*) FROM table_name WHERE col_name >= date(string, string);	SELECT COUNT(*) FROM variable WHERE variable >= DATE(variable, variable);
drawSQL-mysql-export-2026-02-09_featureflags	1280	EASY	What are the most recent features ordered by name?	SELECT * FROM features ORDER BY created_at DESC LIMIT num;	SELECT * FROM table_name ORDER BY col_name DESC LIMIT num;	SELECT * FROM variable ORDER BY variable DESC LIMIT variable;
drawSQL-mysql-export-2026-02-09_featureflags	1281	MEDIUM	Who are the most active users based on activity count?	SELECT * FROM users ORDER BY created_at DESC LIMIT 10;	SELECT * FROM table_name ORDER BY col_name DESC LIMIT num;	SELECT * FROM variable ORDER BY variable DESC LIMIT variable;
drawSQL-mysql-export-2026-02-09_featureflags	1282	MEDIUM	Show me each feature along with its related details from other tables.	SELECT t.*, c.* FROM features t LEFT JOIN feature_feature_groups c ON c.feature_id = t.id;	SELECT table_alias0.*, table_alias1.* FROM table_name table_alias0 LEFT JOIN table_name table_alias1 ON table_alias1.col_name = table_alias0.id;	SELECT variable.*, variable.* FROM variable variable LEFT JOIN variable variable ON variable = variable;
drawSQL-mysql-export-2026-02-09_featureflags	1283	MEDIUM	How many features were added since created_at=date?	SELECT COUNT(*) FROM features WHERE created_at >= date('now', '-1 month');	SELECT COUNT(*) FROM table_name WHERE col_name >= date(string, string);	SELECT COUNT(*) FROM variable WHERE variable >= DATE(variable, variable);
drawSQL-mysql-export-2026-02-09_featureflags	1284	MEDIUM	Break down the features by name — how many in each?	SELECT name, COUNT(*) as count FROM features GROUP BY name;	SELECT col_name, COUNT(*) as count FROM table_name GROUP BY col_name;	SELECT variable, COUNT(*) AS COUNT FROM variable GROUP BY variable;
drawSQL-mysql-export-2026-02-09_featureflags	1285	MEDIUM	Are there any features that don't have a match in related tables?	SELECT * FROM features WHERE id NOT IN (SELECT DISTINCT feature_id FROM feature_feature_groups WHERE feature_id IS NOT NULL);	SELECT * FROM table_name WHERE id NOT IN (SELECT DISTINCT col_name FROM table_name WHERE col_name IS NOT NULL);	SELECT * FROM variable WHERE variable NOT IN (SELECT DISTINCT variable FROM variable WHERE variable IS NOT NULL);
drawSQL-mysql-export-2026-02-09_featureflags	1286	MEDIUM	For each group, what are the top 3 features?	SELECT * FROM features ORDER BY id DESC LIMIT num;	SELECT * FROM table_name ORDER BY id DESC LIMIT num;	SELECT * FROM variable ORDER BY variable DESC LIMIT variable;
drawSQL-mysql-export-2026-02-09_featureflags	1287	MEDIUM	How did the number of features change month over month?	SELECT strftime('%Y-%m', created_at) as period, COUNT(*) as count FROM features WHERE created_at >= date('now', '-2 months') GROUP BY period ORDER BY period;	SELECT strftime(string, col_name) as column_alias0, column_alias1(*) as column_alias1 FROM table_name WHERE col_name >= date(string, string) GROUP BY column_alias0 ORDER BY column_alias0;	SELECT STRFTIME(variable, variable) AS variable, variable(*) AS variable FROM variable WHERE variable >= DATE(variable, variable) GROUP BY variable ORDER BY variable;
drawSQL-mysql-export-2026-02-09_featureflags	1288	MEDIUM	Which features have duplicate or repeated values?	SELECT * FROM features WHERE active = num;	SELECT * FROM table_name WHERE col_name = num;	SELECT * FROM variable WHERE variable = variable;
drawSQL-mysql-export-2026-02-09_featureflags	1289	HARD	Pull together a report on features joining all related tables.	SELECT * FROM feature_feature_groups LEFT JOIN feature_groups ON feature_feature_groups.feature_group_id = feature_groups.id LEFT JOIN features ON feature_feature_groups.feature_id = features.id;	SELECT * FROM table_name LEFT JOIN table_name ON table_name.col_name = table_name.id LEFT JOIN table_name ON table_name.col_name = table_name.id;	SELECT * FROM variable LEFT JOIN variable ON variable = variable LEFT JOIN variable ON variable = variable;
drawSQL-mysql-export-2026-02-09_featureflags	1290	HARD	Who or what is the best in each group of features?	SELECT * FROM ( SELECT *, ROW_NUMBER() OVER (PARTITION BY name ORDER BY id DESC) as rn FROM features ) WHERE rn = num;	SELECT * FROM ( SELECT *, ROW_NUMBER() OVER (PARTITION BY col_name ORDER BY id DESC) as column_alias0 FROM table_name ) WHERE column_alias0 = num;	SELECT * FROM ( SELECT *, ROW_NUMBER() OVER (PARTITION BY variable ORDER BY variable DESC) AS variable FROM variable ) WHERE variable = variable;
drawSQL-mysql-export-2026-02-09_featureflags	1291	HARD	Which features are above average compared to others in their group?	SELECT strftime('%Y-%m', created_at) as period, COUNT(*) as count FROM features WHERE created_at >= date('now', '-2 months') GROUP BY period ORDER BY period;	SELECT strftime(string, col_name) as column_alias0, column_alias1(*) as column_alias1 FROM table_name WHERE col_name >= date(string, string) GROUP BY column_alias0 ORDER BY column_alias0;	SELECT STRFTIME(variable, variable) AS variable, variable(*) AS variable FROM variable WHERE variable >= DATE(variable, variable) GROUP BY variable ORDER BY variable;
drawSQL-mysql-export-2026-02-09_featureflags	1292	HARD	Do a multi-step analysis: group features, filter, then rank the results.	WITH grouped AS ( SELECT name, COUNT(*) as cnt FROM features GROUP BY name ) SELECT * FROM grouped WHERE cnt > num ORDER BY cnt DESC;	WITH grouped AS ( SELECT col_name, COUNT(*) as cnt FROM table_name GROUP BY col_name ) SELECT * FROM grouped WHERE cnt > num ORDER BY cnt DESC;	WITH variable AS ( SELECT variable, COUNT(*) AS variable FROM variable GROUP BY variable ) SELECT * FROM variable WHERE variable > variable ORDER BY variable DESC;
drawSQL-mysql-export-2026-02-09_featureflags	1293	HARD	Show the running total of features over time based on created_at.	SELECT *, COUNT(*) OVER (ORDER BY created_at) as running_count FROM features ORDER BY created_at;	SELECT *, COUNT(*) OVER (ORDER BY col_name) as column_alias0 FROM table_name ORDER BY col_name;	SELECT *, COUNT(*) OVER (ORDER BY variable) AS variable FROM variable ORDER BY variable;
drawSQL-mysql-export-2026-02-09_featureflags	1294	HARD	Find features that exist in one table but not in a related table.	SELECT * FROM features WHERE id NOT IN (SELECT DISTINCT feature_id FROM feature_feature_groups WHERE feature_id IS NOT NULL);	SELECT * FROM table_name WHERE id NOT IN (SELECT DISTINCT col_name FROM table_name WHERE col_name IS NOT NULL);	SELECT * FROM variable WHERE variable NOT IN (SELECT DISTINCT variable FROM variable WHERE variable IS NOT NULL);
drawSQL-mysql-export-2026-02-09_featureflags	1295	HARD	Combine data from features, feature_groups, and feature_feature_groups in a single report.	SELECT * FROM features LEFT JOIN feature_groups ON feature_groups.id = features.feature_group_id LEFT JOIN feature_feature_groups ON feature_feature_groups.id = features.feature_id;	SELECT * FROM table_name LEFT JOIN table_name ON table_name.id = table_name.col_name LEFT JOIN table_name ON table_name.id = table_name.col_name;	SELECT * FROM variable LEFT JOIN variable ON variable = variable LEFT JOIN variable ON variable = variable;
drawSQL-mysql-export-2026-02-09_featureflags	1296	HARD	Rank all features within their groups and show the top performers.	SELECT *, ROW_NUMBER() OVER (ORDER BY id DESC) as rn FROM features;	SELECT *, ROW_NUMBER() OVER (ORDER BY id DESC) as column_alias0 FROM table_name;	SELECT *, ROW_NUMBER() OVER (ORDER BY variable DESC) AS variable FROM variable;
drawSQL-mysql-export-2026-02-09_flipper	1297	EASY	How many flipper features do we have in total?	SELECT COUNT(*) FROM flipper_features;	SELECT COUNT(*) FROM table_name;	SELECT COUNT(*) FROM variable;
drawSQL-mysql-export-2026-02-09_flipper	1298	EASY	Show me all of our flipper features.	SELECT * FROM flipper_features;	SELECT * FROM table_name;	SELECT * FROM variable;
drawSQL-mysql-export-2026-02-09_flipper	1299	EASY	Can you look up the flipper feature with id=num?	SELECT * FROM flipper_features WHERE id = num;	SELECT * FROM table_name WHERE id = num;	SELECT * FROM variable WHERE variable = variable;
drawSQL-mysql-export-2026-02-09_flipper	1300	EASY	How many flipper features were created since created_at=date?	SELECT COUNT(*) FROM flipper_features WHERE created_at >= date('now', '-1 month');	SELECT COUNT(*) FROM table_name WHERE col_name >= date(string, string);	SELECT COUNT(*) FROM variable WHERE variable >= DATE(variable, variable);
drawSQL-mysql-export-2026-02-09_flipper	1301	EASY	How many flipper gates do we have in total?	SELECT COUNT(*) FROM flipper_gates;	SELECT COUNT(*) FROM table_name;	SELECT COUNT(*) FROM variable;
drawSQL-mysql-export-2026-02-09_flipper	1302	EASY	Show me all of our flipper gates.	SELECT * FROM flipper_gates;	SELECT * FROM table_name;	SELECT * FROM variable;
drawSQL-mysql-export-2026-02-09_flipper	1303	EASY	Can you look up the flipper gate with id=num?	SELECT * FROM flipper_features WHERE id = num;	SELECT * FROM table_name WHERE id = num;	SELECT * FROM variable WHERE variable = variable;
drawSQL-mysql-export-2026-02-09_flipper	1304	EASY	How many flipper gates were created since created_at=date?	SELECT COUNT(*) FROM flipper_gates WHERE created_at >= date('now', '-1 month');	SELECT COUNT(*) FROM table_name WHERE col_name >= date(string, string);	SELECT COUNT(*) FROM variable WHERE variable >= DATE(variable, variable);
drawSQL-mysql-export-2026-02-09_flipper	1305	MEDIUM	How many flipper features were added since created_at=date?	SELECT COUNT(*) FROM flipper_features WHERE created_at >= date('now', '-1 month');	SELECT COUNT(*) FROM table_name WHERE col_name >= date(string, string);	SELECT COUNT(*) FROM variable WHERE variable >= DATE(variable, variable);
drawSQL-mysql-export-2026-02-09_flipper	1306	MEDIUM	Are there any flipper features that don't have a match in related tables?	SELECT * FROM flipper_features LIMIT num;	SELECT * FROM table_name LIMIT num;	SELECT * FROM variable LIMIT variable;
drawSQL-mysql-export-2026-02-09_flipper	1307	MEDIUM	For each group, what are the top 3 flipper features?	SELECT * FROM flipper_features ORDER BY id DESC LIMIT num;	SELECT * FROM table_name ORDER BY id DESC LIMIT num;	SELECT * FROM variable ORDER BY variable DESC LIMIT variable;
drawSQL-mysql-export-2026-02-09_flipper	1308	MEDIUM	How did the number of flipper features change month over month?	SELECT strftime('%Y-%m', created_at) as period, COUNT(*) as count FROM flipper_features WHERE created_at >= date('now', '-2 months') GROUP BY period ORDER BY period;	SELECT strftime(string, col_name) as column_alias0, column_alias1(*) as column_alias1 FROM table_name WHERE col_name >= date(string, string) GROUP BY column_alias0 ORDER BY column_alias0;	SELECT STRFTIME(variable, variable) AS variable, variable(*) AS variable FROM variable WHERE variable >= DATE(variable, variable) GROUP BY variable ORDER BY variable;
drawSQL-mysql-export-2026-02-09_flipper	1309	MEDIUM	Which flipper features have duplicate or repeated values?	SELECT * FROM flipper_features LIMIT num;	SELECT * FROM table_name LIMIT num;	SELECT * FROM variable LIMIT variable;
drawSQL-mysql-export-2026-02-09_flipper	1310	MEDIUM	What's our total and average value across all flipper gates?	SELECT SUM(value) as total, AVG(value) as average FROM flipper_gates;	SELECT SUM(value) as column_alias0, AVG(value) as average FROM table_name;	SELECT SUM(variable) AS variable, AVG(variable) AS variable FROM variable;
drawSQL-mysql-export-2026-02-09_flipper	1311	MEDIUM	Which flipper gate has the highest value?	SELECT * FROM flipper_gates ORDER BY value DESC LIMIT 1;	SELECT * FROM table_name ORDER BY value DESC LIMIT num;	SELECT * FROM variable ORDER BY variable DESC LIMIT variable;
drawSQL-mysql-export-2026-02-09_flipper	1312	MEDIUM	How many flipper gates were added since created_at=date?	SELECT COUNT(*) FROM flipper_gates WHERE created_at >= date('now', '-1 month');	SELECT COUNT(*) FROM table_name WHERE col_name >= date(string, string);	SELECT COUNT(*) FROM variable WHERE variable >= DATE(variable, variable);
drawSQL-mysql-export-2026-02-09_flipper	1313	HARD	Pull together a report on flipper features joining all related tables.	SELECT * FROM flipper_features;	SELECT * FROM table_name;	SELECT * FROM variable;
drawSQL-mysql-export-2026-02-09_flipper	1314	HARD	Who or what is the best in each group of flipper features?	SELECT * FROM ( SELECT *, ROW_NUMBER() OVER (PARTITION BY created_at ORDER BY id DESC) as rn FROM flipper_features ) WHERE rn = num;	SELECT * FROM ( SELECT *, ROW_NUMBER() OVER (PARTITION BY col_name ORDER BY id DESC) as column_alias0 FROM table_name ) WHERE column_alias0 = num;	SELECT * FROM ( SELECT *, ROW_NUMBER() OVER (PARTITION BY variable ORDER BY variable DESC) AS variable FROM variable ) WHERE variable = variable;
drawSQL-mysql-export-2026-02-09_flipper	1315	HARD	Which flipper features are above average compared to others in their group?	SELECT strftime('%Y-%m', created_at) as period, COUNT(*) as count FROM flipper_features WHERE created_at >= date('now', '-2 months') GROUP BY period ORDER BY period;	SELECT strftime(string, col_name) as column_alias0, column_alias1(*) as column_alias1 FROM table_name WHERE col_name >= date(string, string) GROUP BY column_alias0 ORDER BY column_alias0;	SELECT STRFTIME(variable, variable) AS variable, variable(*) AS variable FROM variable WHERE variable >= DATE(variable, variable) GROUP BY variable ORDER BY variable;
drawSQL-mysql-export-2026-02-09_flipper	1316	HARD	Do a multi-step analysis: group flipper features, filter, then rank the results.	WITH grouped AS ( SELECT created_at, COUNT(*) as cnt FROM flipper_features GROUP BY created_at ) SELECT * FROM grouped WHERE cnt > num ORDER BY cnt DESC;	WITH grouped AS ( SELECT col_name, COUNT(*) as cnt FROM table_name GROUP BY col_name ) SELECT * FROM grouped WHERE cnt > num ORDER BY cnt DESC;	WITH variable AS ( SELECT variable, COUNT(*) AS variable FROM variable GROUP BY variable ) SELECT * FROM variable WHERE variable > variable ORDER BY variable DESC;
drawSQL-mysql-export-2026-02-09_flipper	1317	HARD	Show the running total of flipper features over time based on created_at.	SELECT *, COUNT(*) OVER (ORDER BY created_at) as running_count FROM flipper_features ORDER BY created_at;	SELECT *, COUNT(*) OVER (ORDER BY col_name) as column_alias0 FROM table_name ORDER BY col_name;	SELECT *, COUNT(*) OVER (ORDER BY variable) AS variable FROM variable ORDER BY variable;
drawSQL-mysql-export-2026-02-09_flipper	1318	HARD	Find flipper features that exist in one table but not in a related table.	SELECT * FROM flipper_features LIMIT num;	SELECT * FROM table_name LIMIT num;	SELECT * FROM variable LIMIT variable;
drawSQL-mysql-export-2026-02-09_flipper	1319	HARD	Rank all flipper features within their groups and show the top performers.	SELECT *, ROW_NUMBER() OVER (ORDER BY id DESC) as rn FROM flipper_features;	SELECT *, ROW_NUMBER() OVER (ORDER BY id DESC) as column_alias0 FROM table_name;	SELECT *, ROW_NUMBER() OVER (ORDER BY variable DESC) AS variable FROM variable;
drawSQL-mysql-export-2026-02-09_flipper	1320	HARD	Pull together a report on flipper gates joining all related tables.	SELECT * FROM flipper_features;	SELECT * FROM table_name;	SELECT * FROM variable;
drawSQL-mysql-export-2026-02-09_freescout	1321	EASY	How many tickets have status=num indicating open?	SELECT * FROM activity_logs LIMIT num;	SELECT * FROM table_name LIMIT num;	SELECT * FROM variable LIMIT variable;
drawSQL-mysql-export-2026-02-09_freescout	1322	EASY	Which tickets were created since created_at=date?	SELECT * FROM activity_logs LIMIT num;	SELECT * FROM table_name LIMIT num;	SELECT * FROM variable LIMIT variable;
drawSQL-mysql-export-2026-02-09_freescout	1323	EASY	How many users signed up since created_at=date?	SELECT COUNT(*) FROM users WHERE created_at >= date('now', '-1 month');	SELECT COUNT(*) FROM table_name WHERE col_name >= date(string, string);	SELECT COUNT(*) FROM variable WHERE variable >= DATE(variable, variable);
drawSQL-mysql-export-2026-02-09_freescout	1324	EASY	How many activity logs do we have in total?	SELECT COUNT(*) FROM activity_logs;	SELECT COUNT(*) FROM table_name;	SELECT COUNT(*) FROM variable;
drawSQL-mysql-export-2026-02-09_freescout	1325	EASY	Show me all of our activity logs.	SELECT * FROM activity_logs;	SELECT * FROM table_name;	SELECT * FROM variable;
drawSQL-mysql-export-2026-02-09_freescout	1326	EASY	Can you look up the activity log with id=num?	SELECT * FROM activity_logs WHERE id = num;	SELECT * FROM table_name WHERE id = num;	SELECT * FROM variable WHERE variable = variable;
drawSQL-mysql-export-2026-02-09_freescout	1327	EASY	Find the activity log where log_name=string.	SELECT * FROM activity_logs WHERE log_name = string;	SELECT * FROM table_name WHERE col_name = string;	SELECT * FROM variable WHERE variable = variable;
drawSQL-mysql-export-2026-02-09_freescout	1328	EASY	How many activity logs were created since created_at=date?	SELECT COUNT(*) FROM activity_logs WHERE created_at >= date('now', '-1 month');	SELECT COUNT(*) FROM table_name WHERE col_name >= date(string, string);	SELECT COUNT(*) FROM variable WHERE variable >= DATE(variable, variable);
drawSQL-mysql-export-2026-02-09_freescout	1329	MEDIUM	What's the average resolution time for tickets?	SELECT * FROM activity_logs LIMIT num;	SELECT * FROM table_name LIMIT num;	SELECT * FROM variable LIMIT variable;
drawSQL-mysql-export-2026-02-09_freescout	1330	MEDIUM	Who are the most active users based on activity count?	SELECT * FROM users ORDER BY created_at DESC LIMIT 10;	SELECT * FROM table_name ORDER BY col_name DESC LIMIT num;	SELECT * FROM variable ORDER BY variable DESC LIMIT variable;
drawSQL-mysql-export-2026-02-09_freescout	1331	MEDIUM	How many activity logs were added since created_at=date?	SELECT COUNT(*) FROM activity_logs WHERE created_at >= date('now', '-1 month');	SELECT COUNT(*) FROM table_name WHERE col_name >= date(string, string);	SELECT COUNT(*) FROM variable WHERE variable >= DATE(variable, variable);
drawSQL-mysql-export-2026-02-09_freescout	1332	MEDIUM	Break down the activity logs by subject_type — how many in each?	SELECT subject_type, COUNT(*) as count FROM activity_logs GROUP BY subject_type;	SELECT col_name, COUNT(*) as count FROM table_name GROUP BY col_name;	SELECT variable, COUNT(*) AS COUNT FROM variable GROUP BY variable;
drawSQL-mysql-export-2026-02-09_freescout	1333	MEDIUM	Are there any activity logs that don't have a match in related tables?	SELECT * FROM activity_logs LIMIT num;	SELECT * FROM table_name LIMIT num;	SELECT * FROM variable LIMIT variable;
drawSQL-mysql-export-2026-02-09_freescout	1334	MEDIUM	For each group, what are the top 3 activity logs?	SELECT * FROM ( SELECT *, ROW_NUMBER() OVER (PARTITION BY subject_type ORDER BY id DESC) as rn FROM activity_logs ) WHERE rn <= num;	SELECT * FROM ( SELECT *, ROW_NUMBER() OVER (PARTITION BY col_name ORDER BY id DESC) as column_alias0 FROM table_name ) WHERE column_alias0 <= num;	SELECT * FROM ( SELECT *, ROW_NUMBER() OVER (PARTITION BY variable ORDER BY variable DESC) AS variable FROM variable ) WHERE variable <= variable;
drawSQL-mysql-export-2026-02-09_freescout	1335	MEDIUM	How did the number of activity logs change month over month?	SELECT strftime('%Y-%m', created_at) as period, COUNT(*) as count FROM activity_logs WHERE created_at >= date('now', '-2 months') GROUP BY period ORDER BY period;	SELECT strftime(string, col_name) as column_alias0, column_alias1(*) as column_alias1 FROM table_name WHERE col_name >= date(string, string) GROUP BY column_alias0 ORDER BY column_alias0;	SELECT STRFTIME(variable, variable) AS variable, variable(*) AS variable FROM variable WHERE variable >= DATE(variable, variable) GROUP BY variable ORDER BY variable;
drawSQL-mysql-export-2026-02-09_freescout	1336	MEDIUM	Which activity logs have duplicate or repeated values?	WITH grouped AS ( SELECT subject_type, COUNT(*) as cnt FROM activity_logs GROUP BY subject_type ) SELECT * FROM grouped WHERE cnt > num ORDER BY cnt DESC;	WITH grouped AS ( SELECT col_name, COUNT(*) as cnt FROM table_name GROUP BY col_name ) SELECT * FROM grouped WHERE cnt > num ORDER BY cnt DESC;	WITH variable AS ( SELECT variable, COUNT(*) AS variable FROM variable GROUP BY variable ) SELECT * FROM variable WHERE variable > variable ORDER BY variable DESC;
drawSQL-mysql-export-2026-02-09_freescout	1337	HARD	Pull together a report on activity logs joining all related tables.	SELECT * FROM attachments LEFT JOIN threads ON attachments.thread_id = threads.id LEFT JOIN users ON attachments.user_id = users.id;	SELECT * FROM table_name LEFT JOIN table_name ON table_name.col_name = table_name.id LEFT JOIN table_name ON table_name.col_name = table_name.id;	SELECT * FROM variable LEFT JOIN variable ON variable = variable LEFT JOIN variable ON variable = variable;
drawSQL-mysql-export-2026-02-09_freescout	1338	HARD	Who or what is the best in each group of activity logs?	SELECT * FROM ( SELECT *, ROW_NUMBER() OVER (PARTITION BY subject_type ORDER BY id DESC) as rn FROM activity_logs ) WHERE rn = num;	SELECT * FROM ( SELECT *, ROW_NUMBER() OVER (PARTITION BY col_name ORDER BY id DESC) as column_alias0 FROM table_name ) WHERE column_alias0 = num;	SELECT * FROM ( SELECT *, ROW_NUMBER() OVER (PARTITION BY variable ORDER BY variable DESC) AS variable FROM variable ) WHERE variable = variable;
drawSQL-mysql-export-2026-02-09_freescout	1339	HARD	Which activity logs are above average compared to others in their group?	SELECT strftime('%Y-%m', created_at) as period, COUNT(*) as count FROM activity_logs WHERE created_at >= date('now', '-2 months') GROUP BY period ORDER BY period;	SELECT strftime(string, col_name) as column_alias0, column_alias1(*) as column_alias1 FROM table_name WHERE col_name >= date(string, string) GROUP BY column_alias0 ORDER BY column_alias0;	SELECT STRFTIME(variable, variable) AS variable, variable(*) AS variable FROM variable WHERE variable >= DATE(variable, variable) GROUP BY variable ORDER BY variable;
drawSQL-mysql-export-2026-02-09_freescout	1340	HARD	Do a multi-step analysis: group activity logs, filter, then rank the results.	WITH grouped AS ( SELECT subject_type, COUNT(*) as cnt FROM activity_logs GROUP BY subject_type ) SELECT * FROM grouped WHERE cnt > num ORDER BY cnt DESC;	WITH grouped AS ( SELECT col_name, COUNT(*) as cnt FROM table_name GROUP BY col_name ) SELECT * FROM grouped WHERE cnt > num ORDER BY cnt DESC;	WITH variable AS ( SELECT variable, COUNT(*) AS variable FROM variable GROUP BY variable ) SELECT * FROM variable WHERE variable > variable ORDER BY variable DESC;
drawSQL-mysql-export-2026-02-09_freescout	1341	HARD	Show the running total of activity logs over time based on created_at.	SELECT *, COUNT(*) OVER (ORDER BY created_at) as running_count FROM activity_logs ORDER BY created_at;	SELECT *, COUNT(*) OVER (ORDER BY col_name) as column_alias0 FROM table_name ORDER BY col_name;	SELECT *, COUNT(*) OVER (ORDER BY variable) AS variable FROM variable ORDER BY variable;
drawSQL-mysql-export-2026-02-09_freescout	1342	HARD	Find activity logs that exist in one table but not in a related table.	SELECT * FROM activity_logs LIMIT num;	SELECT * FROM table_name LIMIT num;	SELECT * FROM variable LIMIT variable;
drawSQL-mysql-export-2026-02-09_freescout	1343	HARD	Combine data from activity_logs, attachments, and conversation_folder in a single report.	SELECT * FROM activity_logs LEFT JOIN attachments ON attachments.id = activity_logs.id LEFT JOIN conversation_folder ON conversation_folder.id = activity_logs.id;	SELECT * FROM table_name LEFT JOIN table_name ON table_name.id = table_name.id LEFT JOIN table_name ON table_name.id = table_name.id;	SELECT * FROM variable LEFT JOIN variable ON variable = variable LEFT JOIN variable ON variable = variable;
drawSQL-mysql-export-2026-02-09_freescout	1344	HARD	Rank all activity logs within their groups and show the top performers.	SELECT * FROM ( SELECT *, ROW_NUMBER() OVER (PARTITION BY subject_type ORDER BY id DESC) as rn FROM activity_logs ) WHERE rn <= num;	SELECT * FROM ( SELECT *, ROW_NUMBER() OVER (PARTITION BY col_name ORDER BY id DESC) as column_alias0 FROM table_name ) WHERE column_alias0 <= num;	SELECT * FROM ( SELECT *, ROW_NUMBER() OVER (PARTITION BY variable ORDER BY variable DESC) AS variable FROM variable ) WHERE variable <= variable;
drawSQL-mysql-export-2026-02-09_gravity	1345	EASY	How many users signed up since created_at=date?	SELECT COUNT(*) FROM user WHERE date_created >= date('now', '-1 month');	SELECT COUNT(*) FROM table_name WHERE col_name >= date(string, string);	SELECT COUNT(*) FROM variable WHERE variable >= DATE(variable, variable);
drawSQL-mysql-export-2026-02-09_gravity	1346	EASY	How many account do we have in total?	SELECT COUNT(*) FROM account;	SELECT COUNT(*) FROM table_name;	SELECT COUNT(*) FROM variable;
drawSQL-mysql-export-2026-02-09_gravity	1347	EASY	Show me all of our account.	SELECT * FROM account;	SELECT * FROM table_name;	SELECT * FROM variable;
drawSQL-mysql-export-2026-02-09_gravity	1348	EASY	Can you look up the account with id=num?	SELECT * FROM account WHERE id = num;	SELECT * FROM table_name WHERE id = num;	SELECT * FROM variable WHERE variable = variable;
drawSQL-mysql-export-2026-02-09_gravity	1349	EASY	Find the account where email=string.	SELECT * FROM account WHERE email = string;	SELECT * FROM table_name WHERE col_name = string;	SELECT * FROM variable WHERE variable = variable;
drawSQL-mysql-export-2026-02-09_gravity	1350	EASY	Which account have active=num?	SELECT * FROM account WHERE active = num;	SELECT * FROM table_name WHERE col_name = num;	SELECT * FROM variable WHERE variable = variable;
drawSQL-mysql-export-2026-02-09_gravity	1351	EASY	How many account were created since date_created=date?	SELECT COUNT(*) FROM account WHERE date_created >= date('now', '-1 month');	SELECT COUNT(*) FROM table_name WHERE col_name >= date(string, string);	SELECT COUNT(*) FROM variable WHERE variable >= DATE(variable, variable);
drawSQL-mysql-export-2026-02-09_gravity	1352	EASY	What are the most recent account ordered by email?	SELECT * FROM account ORDER BY date_created DESC LIMIT num;	SELECT * FROM table_name ORDER BY col_name DESC LIMIT num;	SELECT * FROM variable ORDER BY variable DESC LIMIT variable;
drawSQL-mysql-export-2026-02-09_gravity	1353	MEDIUM	Who are the most active users based on activity count?	SELECT * FROM user LIMIT num;	SELECT * FROM table_name LIMIT num;	SELECT * FROM variable LIMIT variable;
drawSQL-mysql-export-2026-02-09_gravity	1354	MEDIUM	Show me each account along with its related details from other tables.	SELECT t.*, c.* FROM account t LEFT JOIN invite c ON c.account_id = t.id;	SELECT table_alias0.*, table_alias1.* FROM table_name table_alias0 LEFT JOIN table_name table_alias1 ON table_alias1.col_name = table_alias0.id;	SELECT variable.*, variable.* FROM variable variable LEFT JOIN variable variable ON variable = variable;
drawSQL-mysql-export-2026-02-09_gravity	1355	MEDIUM	How many account were added since date_created=date?	SELECT COUNT(*) FROM account WHERE date_created >= date('now', '-1 month');	SELECT COUNT(*) FROM table_name WHERE col_name >= date(string, string);	SELECT COUNT(*) FROM variable WHERE variable >= DATE(variable, variable);
drawSQL-mysql-export-2026-02-09_gravity	1356	MEDIUM	Break down the account by email — how many in each?	SELECT email, COUNT(*) as count FROM account GROUP BY email;	SELECT col_name, COUNT(*) as count FROM table_name GROUP BY col_name;	SELECT variable, COUNT(*) AS COUNT FROM variable GROUP BY variable;
drawSQL-mysql-export-2026-02-09_gravity	1357	MEDIUM	Are there any account that don't have a match in related tables?	SELECT * FROM account WHERE id NOT IN (SELECT DISTINCT account_id FROM invite WHERE account_id IS NOT NULL);	SELECT * FROM table_name WHERE id NOT IN (SELECT DISTINCT col_name FROM table_name WHERE col_name IS NOT NULL);	SELECT * FROM variable WHERE variable NOT IN (SELECT DISTINCT variable FROM variable WHERE variable IS NOT NULL);
drawSQL-mysql-export-2026-02-09_gravity	1358	MEDIUM	For each group, what are the top 3 account?	SELECT * FROM account ORDER BY id DESC LIMIT num;	SELECT * FROM table_name ORDER BY id DESC LIMIT num;	SELECT * FROM variable ORDER BY variable DESC LIMIT variable;
drawSQL-mysql-export-2026-02-09_gravity	1359	MEDIUM	How did the number of account change month over month?	SELECT strftime('%Y-%m', date_created) as period, COUNT(*) as count FROM account WHERE date_created >= date('now', '-2 months') GROUP BY period ORDER BY period;	SELECT strftime(string, col_name) as column_alias0, column_alias1(*) as column_alias1 FROM table_name WHERE col_name >= date(string, string) GROUP BY column_alias0 ORDER BY column_alias0;	SELECT STRFTIME(variable, variable) AS variable, variable(*) AS variable FROM variable WHERE variable >= DATE(variable, variable) GROUP BY variable ORDER BY variable;
drawSQL-mysql-export-2026-02-09_gravity	1360	MEDIUM	Which account have duplicate or repeated values?	SELECT * FROM account WHERE active = num;	SELECT * FROM table_name WHERE col_name = num;	SELECT * FROM variable WHERE variable = variable;
drawSQL-mysql-export-2026-02-09_gravity	1361	HARD	Pull together a report on account joining all related tables.	SELECT * FROM invite LEFT JOIN account ON invite.account_id = account.id;	SELECT * FROM table_name LEFT JOIN table_name ON table_name.col_name = table_name.id;	SELECT * FROM variable LEFT JOIN variable ON variable = variable;
drawSQL-mysql-export-2026-02-09_gravity	1362	HARD	Who or what is the best in each group of account?	SELECT * FROM ( SELECT *, ROW_NUMBER() OVER (PARTITION BY email ORDER BY id DESC) as rn FROM account ) WHERE rn = num;	SELECT * FROM ( SELECT *, ROW_NUMBER() OVER (PARTITION BY col_name ORDER BY id DESC) as column_alias0 FROM table_name ) WHERE column_alias0 = num;	SELECT * FROM ( SELECT *, ROW_NUMBER() OVER (PARTITION BY variable ORDER BY variable DESC) AS variable FROM variable ) WHERE variable = variable;
drawSQL-mysql-export-2026-02-09_gravity	1363	HARD	Which account are above average compared to others in their group?	SELECT strftime('%Y-%m', date_created) as period, COUNT(*) as count FROM account WHERE date_created >= date('now', '-2 months') GROUP BY period ORDER BY period;	SELECT strftime(string, col_name) as column_alias0, column_alias1(*) as column_alias1 FROM table_name WHERE col_name >= date(string, string) GROUP BY column_alias0 ORDER BY column_alias0;	SELECT STRFTIME(variable, variable) AS variable, variable(*) AS variable FROM variable WHERE variable >= DATE(variable, variable) GROUP BY variable ORDER BY variable;
drawSQL-mysql-export-2026-02-09_gravity	1364	HARD	Do a multi-step analysis: group account, filter, then rank the results.	WITH grouped AS ( SELECT email, COUNT(*) as cnt FROM account GROUP BY email ) SELECT * FROM grouped WHERE cnt > num ORDER BY cnt DESC;	WITH grouped AS ( SELECT col_name, COUNT(*) as cnt FROM table_name GROUP BY col_name ) SELECT * FROM grouped WHERE cnt > num ORDER BY cnt DESC;	WITH variable AS ( SELECT variable, COUNT(*) AS variable FROM variable GROUP BY variable ) SELECT * FROM variable WHERE variable > variable ORDER BY variable DESC;
drawSQL-mysql-export-2026-02-09_gravity	1365	HARD	Show the running total of account over time based on date_created.	SELECT *, COUNT(*) OVER (ORDER BY date_created) as running_count FROM account ORDER BY date_created;	SELECT *, COUNT(*) OVER (ORDER BY col_name) as column_alias0 FROM table_name ORDER BY col_name;	SELECT *, COUNT(*) OVER (ORDER BY variable) AS variable FROM variable ORDER BY variable;
drawSQL-mysql-export-2026-02-09_gravity	1366	HARD	Find account that exist in one table but not in a related table.	SELECT * FROM account WHERE id NOT IN (SELECT DISTINCT account_id FROM invite WHERE account_id IS NOT NULL);	SELECT * FROM table_name WHERE id NOT IN (SELECT DISTINCT col_name FROM table_name WHERE col_name IS NOT NULL);	SELECT * FROM variable WHERE variable NOT IN (SELECT DISTINCT variable FROM variable WHERE variable IS NOT NULL);
drawSQL-mysql-export-2026-02-09_gravity	1367	HARD	Combine data from account, invite, and user in a single report.	SELECT * FROM account LEFT JOIN invite ON invite.id = account.account_id LEFT JOIN user ON user.id = account.account_id;	SELECT * FROM table_name LEFT JOIN table_name ON table_name.id = table_name.col_name LEFT JOIN table_name ON table_name.id = table_name.col_name;	SELECT * FROM variable LEFT JOIN variable ON variable = variable LEFT JOIN variable ON variable = variable;
drawSQL-mysql-export-2026-02-09_gravity	1368	HARD	Rank all account within their groups and show the top performers.	SELECT *, ROW_NUMBER() OVER (ORDER BY id DESC) as rn FROM account;	SELECT *, ROW_NUMBER() OVER (ORDER BY id DESC) as column_alias0 FROM table_name;	SELECT *, ROW_NUMBER() OVER (ORDER BY variable DESC) AS variable FROM variable;
drawSQL-mysql-export-2026-02-09_handesk	1369	EASY	How many tickets have status=num indicating open?	SELECT COUNT(*) FROM tickets WHERE status = num;	SELECT COUNT(*) FROM table_name WHERE col_name = num;	SELECT COUNT(*) FROM variable WHERE variable = variable;
drawSQL-mysql-export-2026-02-09_handesk	1370	EASY	Which tickets were created since created_at=date?	SELECT * FROM tickets WHERE created_at >= date('now', '-1 month');	SELECT * FROM table_name WHERE col_name >= date(string, string);	SELECT * FROM variable WHERE variable >= DATE(variable, variable);
drawSQL-mysql-export-2026-02-09_handesk	1371	EASY	How many users signed up since created_at=date?	SELECT COUNT(*) FROM users WHERE created_at >= date('now', '-1 month');	SELECT COUNT(*) FROM table_name WHERE col_name >= date(string, string);	SELECT COUNT(*) FROM variable WHERE variable >= DATE(variable, variable);
drawSQL-mysql-export-2026-02-09_handesk	1372	EASY	How many members are on each team?	SELECT team_id, COUNT(*) as member_count FROM memberships GROUP BY team_id;	SELECT col_name, COUNT(*) as member_count FROM table_name GROUP BY col_name;	SELECT variable, COUNT(*) AS variable FROM variable GROUP BY variable;
drawSQL-mysql-export-2026-02-09_handesk	1373	EASY	How many attachments do we have in total?	SELECT COUNT(*) FROM attachments;	SELECT COUNT(*) FROM table_name;	SELECT COUNT(*) FROM variable;
drawSQL-mysql-export-2026-02-09_handesk	1374	EASY	Show me all of our attachments.	SELECT * FROM attachments;	SELECT * FROM table_name;	SELECT * FROM variable;
drawSQL-mysql-export-2026-02-09_handesk	1375	EASY	Can you look up the attachment with id=num?	SELECT * FROM attachments WHERE id = num;	SELECT * FROM table_name WHERE id = num;	SELECT * FROM variable WHERE variable = variable;
drawSQL-mysql-export-2026-02-09_handesk	1376	EASY	How many attachments were created since created_at=date?	SELECT COUNT(*) FROM attachments WHERE created_at >= date('now', '-1 month');	SELECT COUNT(*) FROM table_name WHERE col_name >= date(string, string);	SELECT COUNT(*) FROM variable WHERE variable >= DATE(variable, variable);
drawSQL-mysql-export-2026-02-09_handesk	1377	MEDIUM	What's the average resolution time for tickets?	SELECT AVG(julianday(updated_at) - julianday(created_at)) as avg_days FROM tickets;	SELECT AVG(julianday(col_name) - julianday(col_name)) as avg_days FROM table_name;	SELECT AVG(JULIANDAY(variable) - JULIANDAY(variable)) AS variable FROM variable;
drawSQL-mysql-export-2026-02-09_handesk	1378	MEDIUM	Who are the most active users based on activity count?	SELECT * FROM users ORDER BY created_at DESC LIMIT 10;	SELECT * FROM table_name ORDER BY col_name DESC LIMIT num;	SELECT * FROM variable ORDER BY variable DESC LIMIT variable;
drawSQL-mysql-export-2026-02-09_handesk	1379	MEDIUM	How many attachments were added since created_at=date?	SELECT COUNT(*) FROM attachments WHERE created_at >= date('now', '-1 month');	SELECT COUNT(*) FROM table_name WHERE col_name >= date(string, string);	SELECT COUNT(*) FROM variable WHERE variable >= DATE(variable, variable);
drawSQL-mysql-export-2026-02-09_handesk	1380	MEDIUM	Break down the attachments by attachable_type — how many in each?	SELECT attachable_type, COUNT(*) as count FROM attachments GROUP BY attachable_type;	SELECT col_name, COUNT(*) as count FROM table_name GROUP BY col_name;	SELECT variable, COUNT(*) AS COUNT FROM variable GROUP BY variable;
drawSQL-mysql-export-2026-02-09_handesk	1381	MEDIUM	Are there any attachments that don't have a match in related tables?	SELECT * FROM attachments LIMIT num;	SELECT * FROM table_name LIMIT num;	SELECT * FROM variable LIMIT variable;
drawSQL-mysql-export-2026-02-09_handesk	1382	MEDIUM	For each group, what are the top 3 attachments?	SELECT * FROM ( SELECT *, ROW_NUMBER() OVER (PARTITION BY attachable_type ORDER BY id DESC) as rn FROM attachments ) WHERE rn <= num;	SELECT * FROM ( SELECT *, ROW_NUMBER() OVER (PARTITION BY col_name ORDER BY id DESC) as column_alias0 FROM table_name ) WHERE column_alias0 <= num;	SELECT * FROM ( SELECT *, ROW_NUMBER() OVER (PARTITION BY variable ORDER BY variable DESC) AS variable FROM variable ) WHERE variable <= variable;
drawSQL-mysql-export-2026-02-09_handesk	1383	MEDIUM	How did the number of attachments change month over month?	SELECT strftime('%Y-%m', created_at) as period, COUNT(*) as count FROM attachments WHERE created_at >= date('now', '-2 months') GROUP BY period ORDER BY period;	SELECT strftime(string, col_name) as column_alias0, column_alias1(*) as column_alias1 FROM table_name WHERE col_name >= date(string, string) GROUP BY column_alias0 ORDER BY column_alias0;	SELECT STRFTIME(variable, variable) AS variable, variable(*) AS variable FROM variable WHERE variable >= DATE(variable, variable) GROUP BY variable ORDER BY variable;
drawSQL-mysql-export-2026-02-09_handesk	1384	MEDIUM	Which attachments have duplicate or repeated values?	WITH grouped AS ( SELECT attachable_type, COUNT(*) as cnt FROM attachments GROUP BY attachable_type ) SELECT * FROM grouped WHERE cnt > num ORDER BY cnt DESC;	WITH grouped AS ( SELECT col_name, COUNT(*) as cnt FROM table_name GROUP BY col_name ) SELECT * FROM grouped WHERE cnt > num ORDER BY cnt DESC;	WITH variable AS ( SELECT variable, COUNT(*) AS variable FROM variable GROUP BY variable ) SELECT * FROM variable WHERE variable > variable ORDER BY variable DESC;
drawSQL-mysql-export-2026-02-09_handesk	1385	HARD	Pull together a report on attachments joining all related tables.	SELECT * FROM comments LEFT JOIN tickets ON comments.ticket_id = tickets.id;	SELECT * FROM table_name LEFT JOIN table_name ON table_name.col_name = table_name.id;	SELECT * FROM variable LEFT JOIN variable ON variable = variable;
drawSQL-mysql-export-2026-02-09_handesk	1386	HARD	Who or what is the best in each group of attachments?	SELECT * FROM ( SELECT *, ROW_NUMBER() OVER (PARTITION BY attachable_type ORDER BY id DESC) as rn FROM attachments ) WHERE rn = num;	SELECT * FROM ( SELECT *, ROW_NUMBER() OVER (PARTITION BY col_name ORDER BY id DESC) as column_alias0 FROM table_name ) WHERE column_alias0 = num;	SELECT * FROM ( SELECT *, ROW_NUMBER() OVER (PARTITION BY variable ORDER BY variable DESC) AS variable FROM variable ) WHERE variable = variable;
drawSQL-mysql-export-2026-02-09_handesk	1387	HARD	Which attachments are above average compared to others in their group?	SELECT strftime('%Y-%m', created_at) as period, COUNT(*) as count FROM attachments WHERE created_at >= date('now', '-2 months') GROUP BY period ORDER BY period;	SELECT strftime(string, col_name) as column_alias0, column_alias1(*) as column_alias1 FROM table_name WHERE col_name >= date(string, string) GROUP BY column_alias0 ORDER BY column_alias0;	SELECT STRFTIME(variable, variable) AS variable, variable(*) AS variable FROM variable WHERE variable >= DATE(variable, variable) GROUP BY variable ORDER BY variable;
drawSQL-mysql-export-2026-02-09_handesk	1388	HARD	Do a multi-step analysis: group attachments, filter, then rank the results.	WITH grouped AS ( SELECT attachable_type, COUNT(*) as cnt FROM attachments GROUP BY attachable_type ) SELECT * FROM grouped WHERE cnt > num ORDER BY cnt DESC;	WITH grouped AS ( SELECT col_name, COUNT(*) as cnt FROM table_name GROUP BY col_name ) SELECT * FROM grouped WHERE cnt > num ORDER BY cnt DESC;	WITH variable AS ( SELECT variable, COUNT(*) AS variable FROM variable GROUP BY variable ) SELECT * FROM variable WHERE variable > variable ORDER BY variable DESC;
drawSQL-mysql-export-2026-02-09_handesk	1389	HARD	Show the running total of attachments over time based on created_at.	SELECT *, COUNT(*) OVER (ORDER BY created_at) as running_count FROM attachments ORDER BY created_at;	SELECT *, COUNT(*) OVER (ORDER BY col_name) as column_alias0 FROM table_name ORDER BY col_name;	SELECT *, COUNT(*) OVER (ORDER BY variable) AS variable FROM variable ORDER BY variable;
drawSQL-mysql-export-2026-02-09_handesk	1390	HARD	Find attachments that exist in one table but not in a related table.	SELECT * FROM attachments LIMIT num;	SELECT * FROM table_name LIMIT num;	SELECT * FROM variable LIMIT variable;
drawSQL-mysql-export-2026-02-09_handesk	1391	HARD	Combine data from attachments, comments, and ideas in a single report.	SELECT * FROM attachments LEFT JOIN comments ON comments.id = attachments.id LEFT JOIN ideas ON ideas.id = attachments.id;	SELECT * FROM table_name LEFT JOIN table_name ON table_name.id = table_name.id LEFT JOIN table_name ON table_name.id = table_name.id;	SELECT * FROM variable LEFT JOIN variable ON variable = variable LEFT JOIN variable ON variable = variable;
drawSQL-mysql-export-2026-02-09_handesk	1392	HARD	Rank all attachments within their groups and show the top performers.	SELECT * FROM ( SELECT *, ROW_NUMBER() OVER (PARTITION BY attachable_type ORDER BY id DESC) as rn FROM attachments ) WHERE rn <= num;	SELECT * FROM ( SELECT *, ROW_NUMBER() OVER (PARTITION BY col_name ORDER BY id DESC) as column_alias0 FROM table_name ) WHERE column_alias0 <= num;	SELECT * FROM ( SELECT *, ROW_NUMBER() OVER (PARTITION BY variable ORDER BY variable DESC) AS variable FROM variable ) WHERE variable <= variable;
drawSQL-mysql-export-2026-02-09_homeland	1393	EASY	How many users signed up since created_at=date?	SELECT COUNT(*) FROM users WHERE created_at >= date('now', '-1 month');	SELECT COUNT(*) FROM table_name WHERE col_name >= date(string, string);	SELECT COUNT(*) FROM variable WHERE variable >= DATE(variable, variable);
drawSQL-mysql-export-2026-02-09_homeland	1394	EASY	How many members are on each team?	SELECT team_id, COUNT(*) as member_count FROM team_users GROUP BY team_id;	SELECT col_name, COUNT(*) as member_count FROM table_name GROUP BY col_name;	SELECT variable, COUNT(*) AS variable FROM variable GROUP BY variable;
drawSQL-mysql-export-2026-02-09_homeland	1395	EASY	How many users do we have in total?	SELECT COUNT(*) FROM users;	SELECT COUNT(*) FROM table_name;	SELECT COUNT(*) FROM variable;
drawSQL-mysql-export-2026-02-09_homeland	1396	EASY	Show me all of our users.	SELECT * FROM users;	SELECT * FROM table_name;	SELECT * FROM variable;
drawSQL-mysql-export-2026-02-09_homeland	1397	EASY	Can you look up the user with id=num?	SELECT * FROM users WHERE id = num;	SELECT * FROM table_name WHERE id = num;	SELECT * FROM variable WHERE variable = variable;
drawSQL-mysql-export-2026-02-09_homeland	1398	EASY	Find the user where name=string.	SELECT * FROM users WHERE name = string;	SELECT * FROM table_name WHERE col_name = string;	SELECT * FROM variable WHERE variable = variable;
drawSQL-mysql-export-2026-02-09_homeland	1399	EASY	How many users were created since created_at=date?	SELECT COUNT(*) FROM users WHERE created_at >= date('now', '-1 month');	SELECT COUNT(*) FROM table_name WHERE col_name >= date(string, string);	SELECT COUNT(*) FROM variable WHERE variable >= DATE(variable, variable);
drawSQL-mysql-export-2026-02-09_homeland	1400	EASY	What are the most recent users ordered by login?	SELECT * FROM users ORDER BY created_at DESC LIMIT num;	SELECT * FROM table_name ORDER BY col_name DESC LIMIT num;	SELECT * FROM variable ORDER BY variable DESC LIMIT variable;
drawSQL-mysql-export-2026-02-09_homeland	1401	MEDIUM	Who are the most active users based on activity count?	SELECT * FROM users ORDER BY created_at DESC LIMIT 10;	SELECT * FROM table_name ORDER BY col_name DESC LIMIT num;	SELECT * FROM variable ORDER BY variable DESC LIMIT variable;
drawSQL-mysql-export-2026-02-09_homeland	1402	MEDIUM	Show me each user along with its related details from other tables.	SELECT t.*, c.* FROM users t LEFT JOIN users c ON c.id = t.location_id;	SELECT table_alias0.*, table_alias1.* FROM table_name table_alias0 LEFT JOIN table_name table_alias1 ON table_alias1.id = table_alias0.col_name;	SELECT variable.*, variable.* FROM variable variable LEFT JOIN variable variable ON variable = variable;
drawSQL-mysql-export-2026-02-09_homeland	1403	MEDIUM	How many users were added since created_at=date?	SELECT COUNT(*) FROM users WHERE created_at >= date('now', '-1 month');	SELECT COUNT(*) FROM table_name WHERE col_name >= date(string, string);	SELECT COUNT(*) FROM variable WHERE variable >= DATE(variable, variable);
drawSQL-mysql-export-2026-02-09_homeland	1404	MEDIUM	Break down the users by login — how many in each?	SELECT COUNT(*) FROM users WHERE created_at >= date('now', '-1 month');	SELECT COUNT(*) FROM table_name WHERE col_name >= date(string, string);	SELECT COUNT(*) FROM variable WHERE variable >= DATE(variable, variable);
drawSQL-mysql-export-2026-02-09_homeland	1405	MEDIUM	Are there any users that don't have a match in related tables?	SELECT * FROM users LIMIT num;	SELECT * FROM table_name LIMIT num;	SELECT * FROM variable LIMIT variable;
drawSQL-mysql-export-2026-02-09_homeland	1406	MEDIUM	For each group, what are the top 3 users?	SELECT * FROM users ORDER BY id DESC LIMIT num;	SELECT * FROM table_name ORDER BY id DESC LIMIT num;	SELECT * FROM variable ORDER BY variable DESC LIMIT variable;
drawSQL-mysql-export-2026-02-09_homeland	1407	MEDIUM	How did the number of users change month over month?	SELECT strftime('%Y-%m', created_at) as period, COUNT(*) as count FROM users WHERE created_at >= date('now', '-2 months') GROUP BY period ORDER BY period;	SELECT strftime(string, col_name) as column_alias0, column_alias1(*) as column_alias1 FROM table_name WHERE col_name >= date(string, string) GROUP BY column_alias0 ORDER BY column_alias0;	SELECT STRFTIME(variable, variable) AS variable, variable(*) AS variable FROM variable WHERE variable >= DATE(variable, variable) GROUP BY variable ORDER BY variable;
drawSQL-mysql-export-2026-02-09_homeland	1408	MEDIUM	Which users have duplicate or repeated values?	WITH grouped AS ( SELECT login, COUNT(*) as cnt FROM users GROUP BY login ) SELECT * FROM grouped WHERE cnt > num ORDER BY cnt DESC;	WITH grouped AS ( SELECT col_name, COUNT(*) as cnt FROM table_name GROUP BY col_name ) SELECT * FROM grouped WHERE cnt > num ORDER BY cnt DESC;	WITH variable AS ( SELECT variable, COUNT(*) AS variable FROM variable GROUP BY variable ) SELECT * FROM variable WHERE variable > variable ORDER BY variable DESC;
drawSQL-mysql-export-2026-02-09_homeland	1409	HARD	Pull together a report on users joining all related tables.	SELECT * FROM users LEFT JOIN users ON users.id = users.location_id LEFT JOIN topics ON users.id = topics.user_id LEFT JOIN notes ON users.id = notes.user_id;	SELECT * FROM table_name LEFT JOIN table_name ON table_name.id = table_name.col_name LEFT JOIN table_name ON table_name.id = table_name.col_name LEFT JOIN table_name ON table_name.id = table_name.col_name;	SELECT * FROM variable LEFT JOIN variable ON variable = variable LEFT JOIN variable ON variable = variable LEFT JOIN variable ON variable = variable;
drawSQL-mysql-export-2026-02-09_homeland	1410	HARD	Who or what is the best in each group of users?	SELECT * FROM ( SELECT *, ROW_NUMBER() OVER (PARTITION BY login ORDER BY id DESC) as rn FROM users ) WHERE rn = num;	SELECT * FROM ( SELECT *, ROW_NUMBER() OVER (PARTITION BY col_name ORDER BY id DESC) as column_alias0 FROM table_name ) WHERE column_alias0 = num;	SELECT * FROM ( SELECT *, ROW_NUMBER() OVER (PARTITION BY variable ORDER BY variable DESC) AS variable FROM variable ) WHERE variable = variable;
drawSQL-mysql-export-2026-02-09_homeland	1411	HARD	Which users are above average compared to others in their group?	SELECT strftime('%Y-%m', created_at) as period, COUNT(*) as count FROM users WHERE created_at >= date('now', '-2 months') GROUP BY period ORDER BY period;	SELECT strftime(string, col_name) as column_alias0, column_alias1(*) as column_alias1 FROM table_name WHERE col_name >= date(string, string) GROUP BY column_alias0 ORDER BY column_alias0;	SELECT STRFTIME(variable, variable) AS variable, variable(*) AS variable FROM variable WHERE variable >= DATE(variable, variable) GROUP BY variable ORDER BY variable;
drawSQL-mysql-export-2026-02-09_homeland	1412	HARD	Do a multi-step analysis: group users, filter, then rank the results.	WITH grouped AS ( SELECT login, COUNT(*) as cnt FROM users GROUP BY login ) SELECT * FROM grouped WHERE cnt > num ORDER BY cnt DESC;	WITH grouped AS ( SELECT col_name, COUNT(*) as cnt FROM table_name GROUP BY col_name ) SELECT * FROM grouped WHERE cnt > num ORDER BY cnt DESC;	WITH variable AS ( SELECT variable, COUNT(*) AS variable FROM variable GROUP BY variable ) SELECT * FROM variable WHERE variable > variable ORDER BY variable DESC;
drawSQL-mysql-export-2026-02-09_homeland	1413	HARD	Show the running total of users over time based on created_at.	SELECT *, COUNT(*) OVER (ORDER BY created_at) as running_count FROM users ORDER BY created_at;	SELECT *, COUNT(*) OVER (ORDER BY col_name) as column_alias0 FROM table_name ORDER BY col_name;	SELECT *, COUNT(*) OVER (ORDER BY variable) AS variable FROM variable ORDER BY variable;
drawSQL-mysql-export-2026-02-09_homeland	1414	HARD	Find users that exist in one table but not in a related table.	SELECT * FROM users LIMIT num;	SELECT * FROM table_name LIMIT num;	SELECT * FROM variable LIMIT variable;
drawSQL-mysql-export-2026-02-09_homeland	1415	HARD	Combine data from users, user_ssos, and topics in a single report.	SELECT * FROM users LEFT JOIN user_ssos ON user_ssos.location_id = users.id LEFT JOIN topics ON topics.location_id = users.id;	SELECT * FROM table_name LEFT JOIN table_name ON table_name.col_name = table_name.id LEFT JOIN table_name ON table_name.col_name = table_name.id;	SELECT * FROM variable LEFT JOIN variable ON variable = variable LEFT JOIN variable ON variable = variable;
drawSQL-mysql-export-2026-02-09_homeland	1416	HARD	Rank all users within their groups and show the top performers.	SELECT *, ROW_NUMBER() OVER (ORDER BY id DESC) as rn FROM users;	SELECT *, ROW_NUMBER() OVER (ORDER BY id DESC) as column_alias0 FROM table_name;	SELECT *, ROW_NUMBER() OVER (ORDER BY variable DESC) AS variable FROM variable;
drawSQL-mysql-export-2026-02-09_jetstream	1417	EASY	How many users signed up since created_at=date?	SELECT COUNT(*) FROM users WHERE created_at >= date('now', '-1 month');	SELECT COUNT(*) FROM table_name WHERE col_name >= date(string, string);	SELECT COUNT(*) FROM variable WHERE variable >= DATE(variable, variable);
drawSQL-mysql-export-2026-02-09_jetstream	1418	EASY	How many members are on each team?	SELECT team_id, COUNT(*) as member_count FROM team_user GROUP BY team_id;	SELECT col_name, COUNT(*) as member_count FROM table_name GROUP BY col_name;	SELECT variable, COUNT(*) AS variable FROM variable GROUP BY variable;
drawSQL-mysql-export-2026-02-09_jetstream	1419	EASY	How many personal access tokens do we have in total?	SELECT COUNT(*) FROM personal_access_tokens;	SELECT COUNT(*) FROM table_name;	SELECT COUNT(*) FROM variable;
drawSQL-mysql-export-2026-02-09_jetstream	1420	EASY	Show me all of our personal access tokens.	SELECT * FROM personal_access_tokens;	SELECT * FROM table_name;	SELECT * FROM variable;
drawSQL-mysql-export-2026-02-09_jetstream	1421	EASY	Can you look up the personal access token with id=num?	SELECT * FROM personal_access_tokens WHERE id = num;	SELECT * FROM table_name WHERE id = num;	SELECT * FROM variable WHERE variable = variable;
drawSQL-mysql-export-2026-02-09_jetstream	1422	EASY	Find the personal access token where name=string.	SELECT * FROM personal_access_tokens WHERE name = string;	SELECT * FROM table_name WHERE col_name = string;	SELECT * FROM variable WHERE variable = variable;
drawSQL-mysql-export-2026-02-09_jetstream	1423	EASY	How many personal access tokens were created since created_at=date?	SELECT COUNT(*) FROM personal_access_tokens WHERE created_at >= date('now', '-1 month');	SELECT COUNT(*) FROM table_name WHERE col_name >= date(string, string);	SELECT COUNT(*) FROM variable WHERE variable >= DATE(variable, variable);
drawSQL-mysql-export-2026-02-09_jetstream	1424	EASY	What are the most recent personal access tokens ordered by tokenable_type?	SELECT * FROM personal_access_tokens ORDER BY created_at DESC LIMIT num;	SELECT * FROM table_name ORDER BY col_name DESC LIMIT num;	SELECT * FROM variable ORDER BY variable DESC LIMIT variable;
drawSQL-mysql-export-2026-02-09_jetstream	1425	MEDIUM	Who are the most active users based on activity count?	SELECT * FROM users ORDER BY created_at DESC LIMIT 10;	SELECT * FROM table_name ORDER BY col_name DESC LIMIT num;	SELECT * FROM variable ORDER BY variable DESC LIMIT variable;
drawSQL-mysql-export-2026-02-09_jetstream	1426	MEDIUM	How many personal access tokens were added since created_at=date?	SELECT COUNT(*) FROM personal_access_tokens WHERE created_at >= date('now', '-1 month');	SELECT COUNT(*) FROM table_name WHERE col_name >= date(string, string);	SELECT COUNT(*) FROM variable WHERE variable >= DATE(variable, variable);
drawSQL-mysql-export-2026-02-09_jetstream	1427	MEDIUM	Break down the personal access tokens by tokenable_type — how many in each?	SELECT tokenable_type, COUNT(*) as count FROM personal_access_tokens GROUP BY tokenable_type;	SELECT col_name, COUNT(*) as count FROM table_name GROUP BY col_name;	SELECT variable, COUNT(*) AS COUNT FROM variable GROUP BY variable;
drawSQL-mysql-export-2026-02-09_jetstream	1428	MEDIUM	Are there any personal access tokens that don't have a match in related tables?	SELECT * FROM personal_access_tokens LIMIT num;	SELECT * FROM table_name LIMIT num;	SELECT * FROM variable LIMIT variable;
drawSQL-mysql-export-2026-02-09_jetstream	1429	MEDIUM	For each group, what are the top 3 personal access tokens?	SELECT * FROM ( SELECT *, ROW_NUMBER() OVER (PARTITION BY tokenable_type ORDER BY id DESC) as rn FROM personal_access_tokens ) WHERE rn <= num;	SELECT * FROM ( SELECT *, ROW_NUMBER() OVER (PARTITION BY col_name ORDER BY id DESC) as column_alias0 FROM table_name ) WHERE column_alias0 <= num;	SELECT * FROM ( SELECT *, ROW_NUMBER() OVER (PARTITION BY variable ORDER BY variable DESC) AS variable FROM variable ) WHERE variable <= variable;
drawSQL-mysql-export-2026-02-09_jetstream	1430	MEDIUM	How did the number of personal access tokens change month over month?	SELECT strftime('%Y-%m', created_at) as period, COUNT(*) as count FROM personal_access_tokens WHERE created_at >= date('now', '-2 months') GROUP BY period ORDER BY period;	SELECT strftime(string, col_name) as column_alias0, column_alias1(*) as column_alias1 FROM table_name WHERE col_name >= date(string, string) GROUP BY column_alias0 ORDER BY column_alias0;	SELECT STRFTIME(variable, variable) AS variable, variable(*) AS variable FROM variable WHERE variable >= DATE(variable, variable) GROUP BY variable ORDER BY variable;
drawSQL-mysql-export-2026-02-09_jetstream	1431	MEDIUM	Which personal access tokens have duplicate or repeated values?	WITH grouped AS ( SELECT tokenable_type, COUNT(*) as cnt FROM personal_access_tokens GROUP BY tokenable_type ) SELECT * FROM grouped WHERE cnt > num ORDER BY cnt DESC;	WITH grouped AS ( SELECT col_name, COUNT(*) as cnt FROM table_name GROUP BY col_name ) SELECT * FROM grouped WHERE cnt > num ORDER BY cnt DESC;	WITH variable AS ( SELECT variable, COUNT(*) AS variable FROM variable GROUP BY variable ) SELECT * FROM variable WHERE variable > variable ORDER BY variable DESC;
drawSQL-mysql-export-2026-02-09_jetstream	1432	MEDIUM	How many users were added since created_at=date?	SELECT COUNT(*) FROM users WHERE created_at >= date('now', '-1 month');	SELECT COUNT(*) FROM table_name WHERE col_name >= date(string, string);	SELECT COUNT(*) FROM variable WHERE variable >= DATE(variable, variable);
drawSQL-mysql-export-2026-02-09_jetstream	1433	HARD	Pull together a report on personal access tokens joining all related tables.	SELECT * FROM team_user LEFT JOIN users ON team_user.user_id = users.id LEFT JOIN teams ON team_user.team_id = teams.id;	SELECT * FROM table_name LEFT JOIN table_name ON table_name.col_name = table_name.id LEFT JOIN table_name ON table_name.col_name = table_name.id;	SELECT * FROM variable LEFT JOIN variable ON variable = variable LEFT JOIN variable ON variable = variable;
drawSQL-mysql-export-2026-02-09_jetstream	1434	HARD	Who or what is the best in each group of personal access tokens?	SELECT * FROM ( SELECT *, ROW_NUMBER() OVER (PARTITION BY tokenable_type ORDER BY id DESC) as rn FROM personal_access_tokens ) WHERE rn = num;	SELECT * FROM ( SELECT *, ROW_NUMBER() OVER (PARTITION BY col_name ORDER BY id DESC) as column_alias0 FROM table_name ) WHERE column_alias0 = num;	SELECT * FROM ( SELECT *, ROW_NUMBER() OVER (PARTITION BY variable ORDER BY variable DESC) AS variable FROM variable ) WHERE variable = variable;
drawSQL-mysql-export-2026-02-09_jetstream	1435	HARD	Which personal access tokens are above average compared to others in their group?	SELECT strftime('%Y-%m', created_at) as period, COUNT(*) as count FROM personal_access_tokens WHERE created_at >= date('now', '-2 months') GROUP BY period ORDER BY period;	SELECT strftime(string, col_name) as column_alias0, column_alias1(*) as column_alias1 FROM table_name WHERE col_name >= date(string, string) GROUP BY column_alias0 ORDER BY column_alias0;	SELECT STRFTIME(variable, variable) AS variable, variable(*) AS variable FROM variable WHERE variable >= DATE(variable, variable) GROUP BY variable ORDER BY variable;
drawSQL-mysql-export-2026-02-09_jetstream	1436	HARD	Do a multi-step analysis: group personal access tokens, filter, then rank the results.	WITH grouped AS ( SELECT tokenable_type, COUNT(*) as cnt FROM personal_access_tokens GROUP BY tokenable_type ) SELECT * FROM grouped WHERE cnt > num ORDER BY cnt DESC;	WITH grouped AS ( SELECT col_name, COUNT(*) as cnt FROM table_name GROUP BY col_name ) SELECT * FROM grouped WHERE cnt > num ORDER BY cnt DESC;	WITH variable AS ( SELECT variable, COUNT(*) AS variable FROM variable GROUP BY variable ) SELECT * FROM variable WHERE variable > variable ORDER BY variable DESC;
drawSQL-mysql-export-2026-02-09_jetstream	1437	HARD	Show the running total of personal access tokens over time based on created_at.	SELECT *, COUNT(*) OVER (ORDER BY created_at) as running_count FROM personal_access_tokens ORDER BY created_at;	SELECT *, COUNT(*) OVER (ORDER BY col_name) as column_alias0 FROM table_name ORDER BY col_name;	SELECT *, COUNT(*) OVER (ORDER BY variable) AS variable FROM variable ORDER BY variable;
drawSQL-mysql-export-2026-02-09_jetstream	1438	HARD	Find personal access tokens that exist in one table but not in a related table.	SELECT * FROM personal_access_tokens LIMIT num;	SELECT * FROM table_name LIMIT num;	SELECT * FROM variable LIMIT variable;
drawSQL-mysql-export-2026-02-09_jetstream	1439	HARD	Combine data from personal_access_tokens, team_user, and teams in a single report.	SELECT * FROM personal_access_tokens LEFT JOIN team_user ON team_user.id = personal_access_tokens.id LEFT JOIN teams ON teams.id = personal_access_tokens.team_id;	SELECT * FROM table_name LEFT JOIN table_name ON table_name.id = table_name.id LEFT JOIN table_name ON table_name.id = table_name.col_name;	SELECT * FROM variable LEFT JOIN variable ON variable = variable LEFT JOIN variable ON variable = variable;
drawSQL-mysql-export-2026-02-09_jetstream	1440	HARD	Rank all personal access tokens within their groups and show the top performers.	SELECT * FROM ( SELECT *, ROW_NUMBER() OVER (PARTITION BY tokenable_type ORDER BY id DESC) as rn FROM personal_access_tokens ) WHERE rn <= num;	SELECT * FROM ( SELECT *, ROW_NUMBER() OVER (PARTITION BY col_name ORDER BY id DESC) as column_alias0 FROM table_name ) WHERE column_alias0 <= num;	SELECT * FROM ( SELECT *, ROW_NUMBER() OVER (PARTITION BY variable ORDER BY variable DESC) AS variable FROM variable ) WHERE variable <= variable;
drawSQL-mysql-export-2026-02-09_larametrics	1441	EASY	How many users signed up since created_at=date?	SELECT COUNT(*) FROM users;	SELECT COUNT(*) FROM table_name;	SELECT COUNT(*) FROM variable;
drawSQL-mysql-export-2026-02-09_larametrics	1442	EASY	How many metrics do we have in total?	SELECT COUNT(*) FROM larametrics_logs;	SELECT COUNT(*) FROM table_name;	SELECT COUNT(*) FROM variable;
drawSQL-mysql-export-2026-02-09_larametrics	1443	EASY	Show me all of our metrics.	SELECT * FROM larametrics_logs;	SELECT * FROM table_name;	SELECT * FROM variable;
drawSQL-mysql-export-2026-02-09_larametrics	1444	EASY	Can you look up the metric with id=num?	SELECT * FROM larametrics_logs WHERE id = num;	SELECT * FROM table_name WHERE id = num;	SELECT * FROM variable WHERE variable = variable;
drawSQL-mysql-export-2026-02-09_larametrics	1445	EASY	Find the metric where email=string.	SELECT * FROM larametrics_logs WHERE email = string;	SELECT * FROM table_name WHERE col_name = string;	SELECT * FROM variable WHERE variable = variable;
drawSQL-mysql-export-2026-02-09_larametrics	1446	EASY	How many metrics were created since created_at=date?	SELECT COUNT(*) FROM larametrics_logs WHERE created_at >= date('now', '-1 month');	SELECT COUNT(*) FROM table_name WHERE col_name >= date(string, string);	SELECT COUNT(*) FROM variable WHERE variable >= DATE(variable, variable);
drawSQL-mysql-export-2026-02-09_larametrics	1447	EASY	What are the most recent metrics ordered by level?	SELECT * FROM larametrics_logs ORDER BY created_at DESC LIMIT num;	SELECT * FROM table_name ORDER BY col_name DESC LIMIT num;	SELECT * FROM variable ORDER BY variable DESC LIMIT variable;
drawSQL-mysql-export-2026-02-09_larametrics	1448	EASY	What are the most recent metrics ordered by model?	SELECT * FROM larametrics_logs ORDER BY created_at DESC LIMIT num;	SELECT * FROM table_name ORDER BY col_name DESC LIMIT num;	SELECT * FROM variable ORDER BY variable DESC LIMIT variable;
drawSQL-mysql-export-2026-02-09_larametrics	1449	MEDIUM	Who are the most active users based on activity count?	SELECT * FROM users ORDER BY created_at DESC LIMIT 10;	SELECT * FROM table_name ORDER BY col_name DESC LIMIT num;	SELECT * FROM variable ORDER BY variable DESC LIMIT variable;
drawSQL-mysql-export-2026-02-09_larametrics	1450	MEDIUM	How many metrics were added since created_at=date?	SELECT COUNT(*) FROM larametrics_logs WHERE created_at >= date('now', '-1 month');	SELECT COUNT(*) FROM table_name WHERE col_name >= date(string, string);	SELECT COUNT(*) FROM variable WHERE variable >= DATE(variable, variable);
drawSQL-mysql-export-2026-02-09_larametrics	1451	MEDIUM	Break down the metrics by level — how many in each?	SELECT level, COUNT(*) as count FROM larametrics_logs GROUP BY level;	SELECT col_name, COUNT(*) as count FROM table_name GROUP BY col_name;	SELECT variable, COUNT(*) AS COUNT FROM variable GROUP BY variable;
drawSQL-mysql-export-2026-02-09_larametrics	1452	MEDIUM	Are there any metrics that don't have a match in related tables?	SELECT * FROM larametrics_logs LIMIT num;	SELECT * FROM table_name LIMIT num;	SELECT * FROM variable LIMIT variable;
drawSQL-mysql-export-2026-02-09_larametrics	1453	MEDIUM	For each group, what are the top 3 metrics?	SELECT * FROM larametrics_logs ORDER BY id DESC LIMIT num;	SELECT * FROM table_name ORDER BY id DESC LIMIT num;	SELECT * FROM variable ORDER BY variable DESC LIMIT variable;
drawSQL-mysql-export-2026-02-09_larametrics	1454	MEDIUM	How did the number of metrics change month over month?	SELECT strftime('%Y-%m', created_at) as period, COUNT(*) as count FROM larametrics_logs WHERE created_at >= date('now', '-2 months') GROUP BY period ORDER BY period;	SELECT strftime(string, col_name) as column_alias0, column_alias1(*) as column_alias1 FROM table_name WHERE col_name >= date(string, string) GROUP BY column_alias0 ORDER BY column_alias0;	SELECT STRFTIME(variable, variable) AS variable, variable(*) AS variable FROM variable WHERE variable >= DATE(variable, variable) GROUP BY variable ORDER BY variable;
drawSQL-mysql-export-2026-02-09_larametrics	1455	MEDIUM	Which metrics have duplicate or repeated values?	WITH grouped AS ( SELECT level, COUNT(*) as cnt FROM larametrics_logs GROUP BY level ) SELECT * FROM grouped WHERE cnt > num ORDER BY cnt DESC;	WITH grouped AS ( SELECT col_name, COUNT(*) as cnt FROM table_name GROUP BY col_name ) SELECT * FROM grouped WHERE cnt > num ORDER BY cnt DESC;	WITH variable AS ( SELECT variable, COUNT(*) AS variable FROM variable GROUP BY variable ) SELECT * FROM variable WHERE variable > variable ORDER BY variable DESC;
drawSQL-mysql-export-2026-02-09_larametrics	1456	MEDIUM	Break down the metrics by model — how many in each?	SELECT level, COUNT(*) as count FROM larametrics_logs GROUP BY level;	SELECT col_name, COUNT(*) as count FROM table_name GROUP BY col_name;	SELECT variable, COUNT(*) AS COUNT FROM variable GROUP BY variable;
drawSQL-mysql-export-2026-02-09_larametrics	1457	HARD	Pull together a report on metrics joining all related tables.	SELECT * FROM larametrics_logs LEFT JOIN users ON larametrics_logs.user_id = users.id;	SELECT * FROM table_name LEFT JOIN table_name ON table_name.col_name = table_name.id;	SELECT * FROM variable LEFT JOIN variable ON variable = variable;
drawSQL-mysql-export-2026-02-09_larametrics	1458	HARD	Who or what is the best in each group of metrics?	SELECT * FROM ( SELECT *, ROW_NUMBER() OVER (PARTITION BY level ORDER BY id DESC) as rn FROM larametrics_logs ) WHERE rn = num;	SELECT * FROM ( SELECT *, ROW_NUMBER() OVER (PARTITION BY col_name ORDER BY id DESC) as column_alias0 FROM table_name ) WHERE column_alias0 = num;	SELECT * FROM ( SELECT *, ROW_NUMBER() OVER (PARTITION BY variable ORDER BY variable DESC) AS variable FROM variable ) WHERE variable = variable;
drawSQL-mysql-export-2026-02-09_larametrics	1459	HARD	Which metrics are above average compared to others in their group?	SELECT strftime('%Y-%m', created_at) as period, COUNT(*) as count FROM larametrics_logs WHERE created_at >= date('now', '-2 months') GROUP BY period ORDER BY period;	SELECT strftime(string, col_name) as column_alias0, column_alias1(*) as column_alias1 FROM table_name WHERE col_name >= date(string, string) GROUP BY column_alias0 ORDER BY column_alias0;	SELECT STRFTIME(variable, variable) AS variable, variable(*) AS variable FROM variable WHERE variable >= DATE(variable, variable) GROUP BY variable ORDER BY variable;
drawSQL-mysql-export-2026-02-09_larametrics	1460	HARD	Do a multi-step analysis: group metrics, filter, then rank the results.	WITH grouped AS ( SELECT level, COUNT(*) as cnt FROM larametrics_logs GROUP BY level ) SELECT * FROM grouped WHERE cnt > num ORDER BY cnt DESC;	WITH grouped AS ( SELECT col_name, COUNT(*) as cnt FROM table_name GROUP BY col_name ) SELECT * FROM grouped WHERE cnt > num ORDER BY cnt DESC;	WITH variable AS ( SELECT variable, COUNT(*) AS variable FROM variable GROUP BY variable ) SELECT * FROM variable WHERE variable > variable ORDER BY variable DESC;
drawSQL-mysql-export-2026-02-09_larametrics	1461	HARD	Show the running total of metrics over time based on created_at.	SELECT *, COUNT(*) OVER (ORDER BY created_at) as running_count FROM larametrics_logs ORDER BY created_at;	SELECT *, COUNT(*) OVER (ORDER BY col_name) as column_alias0 FROM table_name ORDER BY col_name;	SELECT *, COUNT(*) OVER (ORDER BY variable) AS variable FROM variable ORDER BY variable;
drawSQL-mysql-export-2026-02-09_larametrics	1462	HARD	Find metrics that exist in one table but not in a related table.	SELECT * FROM larametrics_logs LIMIT num;	SELECT * FROM table_name LIMIT num;	SELECT * FROM variable LIMIT variable;
drawSQL-mysql-export-2026-02-09_larametrics	1463	HARD	Combine data from larametrics_logs, larametrics_models, and larametrics_notifications in a single report.	SELECT * FROM larametrics_logs LEFT JOIN larametrics_models ON larametrics_models.id = larametrics_logs.id LEFT JOIN larametrics_notifications ON larametrics_notifications.id = larametrics_logs.id;	SELECT * FROM table_name LEFT JOIN table_name ON table_name.id = table_name.id LEFT JOIN table_name ON table_name.id = table_name.id;	SELECT * FROM variable LEFT JOIN variable ON variable = variable LEFT JOIN variable ON variable = variable;
drawSQL-mysql-export-2026-02-09_larametrics	1464	HARD	Rank all metrics within their groups and show the top performers.	SELECT *, ROW_NUMBER() OVER (ORDER BY id DESC) as rn FROM larametrics_logs;	SELECT *, ROW_NUMBER() OVER (ORDER BY id DESC) as column_alias0 FROM table_name;	SELECT *, ROW_NUMBER() OVER (ORDER BY variable DESC) AS variable FROM variable;
drawSQL-mysql-export-2026-02-09_laratrust	1465	EASY	How many users signed up since created_at=date?	SELECT COUNT(*) FROM users;	SELECT COUNT(*) FROM table_name;	SELECT COUNT(*) FROM variable;
drawSQL-mysql-export-2026-02-09_laratrust	1466	EASY	How many permission role do we have in total?	SELECT COUNT(*) FROM permission_role;	SELECT COUNT(*) FROM table_name;	SELECT COUNT(*) FROM variable;
drawSQL-mysql-export-2026-02-09_laratrust	1467	EASY	Show me all of our permission role.	SELECT * FROM permission_role;	SELECT * FROM table_name;	SELECT * FROM variable;
drawSQL-mysql-export-2026-02-09_laratrust	1468	EASY	Can you look up the permission role with id=num?	SELECT * FROM permission_role LIMIT num;	SELECT * FROM table_name LIMIT num;	SELECT * FROM variable LIMIT variable;
drawSQL-mysql-export-2026-02-09_laratrust	1469	EASY	What are the most recent permission role ordered by permission_id?	SELECT * FROM permission_role ORDER BY role_id DESC LIMIT num;	SELECT * FROM table_name ORDER BY col_name DESC LIMIT num;	SELECT * FROM variable ORDER BY variable DESC LIMIT variable;
drawSQL-mysql-export-2026-02-09_laratrust	1470	EASY	How many users do we have in total?	SELECT COUNT(*) FROM users;	SELECT COUNT(*) FROM table_name;	SELECT COUNT(*) FROM variable;
drawSQL-mysql-export-2026-02-09_laratrust	1471	EASY	Show me all of our users.	SELECT * FROM users;	SELECT * FROM table_name;	SELECT * FROM variable;
drawSQL-mysql-export-2026-02-09_laratrust	1472	EASY	Can you look up the user with id=num?	SELECT * FROM permissions WHERE id = num;	SELECT * FROM table_name WHERE id = num;	SELECT * FROM variable WHERE variable = variable;
drawSQL-mysql-export-2026-02-09_laratrust	1473	MEDIUM	Who are the most active users based on activity count?	SELECT * FROM users ORDER BY created_at DESC LIMIT 10;	SELECT * FROM table_name ORDER BY col_name DESC LIMIT num;	SELECT * FROM variable ORDER BY variable DESC LIMIT variable;
drawSQL-mysql-export-2026-02-09_laratrust	1474	MEDIUM	Break down the permission role by permission_id — how many in each?	SELECT permission_id, COUNT(*) as count FROM permission_role GROUP BY permission_id;	SELECT col_name, COUNT(*) as count FROM table_name GROUP BY col_name;	SELECT variable, COUNT(*) AS COUNT FROM variable GROUP BY variable;
drawSQL-mysql-export-2026-02-09_laratrust	1475	MEDIUM	Are there any permission role that don't have a match in related tables?	SELECT * FROM permission_role LIMIT num;	SELECT * FROM table_name LIMIT num;	SELECT * FROM variable LIMIT variable;
drawSQL-mysql-export-2026-02-09_laratrust	1476	MEDIUM	For each group, what are the top 3 permission role?	SELECT * FROM permission_role ORDER BY id DESC LIMIT num;	SELECT * FROM table_name ORDER BY id DESC LIMIT num;	SELECT * FROM variable ORDER BY variable DESC LIMIT variable;
drawSQL-mysql-export-2026-02-09_laratrust	1477	MEDIUM	Which permission role have duplicate or repeated values?	WITH grouped AS ( SELECT permission_id, COUNT(*) as cnt FROM permission_role GROUP BY permission_id ) SELECT * FROM grouped WHERE cnt > num ORDER BY cnt DESC;	WITH grouped AS ( SELECT col_name, COUNT(*) as cnt FROM table_name GROUP BY col_name ) SELECT * FROM grouped WHERE cnt > num ORDER BY cnt DESC;	WITH variable AS ( SELECT variable, COUNT(*) AS variable FROM variable GROUP BY variable ) SELECT * FROM variable WHERE variable > variable ORDER BY variable DESC;
drawSQL-mysql-export-2026-02-09_laratrust	1478	MEDIUM	Break down the users by user_type — how many in each?	SELECT COUNT(*) FROM users;	SELECT COUNT(*) FROM table_name;	SELECT COUNT(*) FROM variable;
drawSQL-mysql-export-2026-02-09_laratrust	1479	MEDIUM	Are there any users that don't have a match in related tables?	SELECT * FROM users WHERE id NOT IN (SELECT DISTINCT user_id FROM permission_user WHERE user_id IS NOT NULL);	SELECT * FROM table_name WHERE id NOT IN (SELECT DISTINCT col_name FROM table_name WHERE col_name IS NOT NULL);	SELECT * FROM variable WHERE variable NOT IN (SELECT DISTINCT variable FROM variable WHERE variable IS NOT NULL);
drawSQL-mysql-export-2026-02-09_laratrust	1480	MEDIUM	For each group, what are the top 3 users?	SELECT * FROM users ORDER BY id DESC LIMIT num;	SELECT * FROM table_name ORDER BY id DESC LIMIT num;	SELECT * FROM variable ORDER BY variable DESC LIMIT variable;
drawSQL-mysql-export-2026-02-09_laratrust	1481	HARD	Pull together a report on permission role joining all related tables.	SELECT * FROM permission_role LEFT JOIN permissions ON permission_role.permission_id = permissions.id;	SELECT * FROM table_name LEFT JOIN table_name ON table_name.col_name = table_name.id;	SELECT * FROM variable LEFT JOIN variable ON variable = variable;
drawSQL-mysql-export-2026-02-09_laratrust	1482	HARD	Who or what is the best in each group of permission role?	SELECT * FROM ( SELECT *, ROW_NUMBER() OVER (PARTITION BY role_id ORDER BY id DESC) as rn FROM permission_role ) WHERE rn = num;	SELECT * FROM ( SELECT *, ROW_NUMBER() OVER (PARTITION BY col_name ORDER BY id DESC) as column_alias0 FROM table_name ) WHERE column_alias0 = num;	SELECT * FROM ( SELECT *, ROW_NUMBER() OVER (PARTITION BY variable ORDER BY variable DESC) AS variable FROM variable ) WHERE variable = variable;
drawSQL-mysql-export-2026-02-09_laratrust	1483	HARD	Which permission role are above average compared to others in their group?	SELECT * FROM permission_role LIMIT num;	SELECT * FROM table_name LIMIT num;	SELECT * FROM variable LIMIT variable;
drawSQL-mysql-export-2026-02-09_laratrust	1484	HARD	Do a multi-step analysis: group permission role, filter, then rank the results.	WITH grouped AS ( SELECT role_id, COUNT(*) as cnt FROM permission_role GROUP BY role_id ) SELECT * FROM grouped WHERE cnt > num ORDER BY cnt DESC;	WITH grouped AS ( SELECT col_name, COUNT(*) as cnt FROM table_name GROUP BY col_name ) SELECT * FROM grouped WHERE cnt > num ORDER BY cnt DESC;	WITH variable AS ( SELECT variable, COUNT(*) AS variable FROM variable GROUP BY variable ) SELECT * FROM variable WHERE variable > variable ORDER BY variable DESC;
drawSQL-mysql-export-2026-02-09_laratrust	1485	HARD	Find permission role that exist in one table but not in a related table.	SELECT * FROM permission_role LIMIT num;	SELECT * FROM table_name LIMIT num;	SELECT * FROM variable LIMIT variable;
drawSQL-mysql-export-2026-02-09_laratrust	1486	HARD	Combine data from permission_role, permission_user, and permissions in a single report.	SELECT * FROM permission_role LEFT JOIN permission_user ON permission_user.id = permission_role.id LEFT JOIN permissions ON permissions.id = permission_role.permission_id;	SELECT * FROM table_name LEFT JOIN table_name ON table_name.id = table_name.id LEFT JOIN table_name ON table_name.id = table_name.col_name;	SELECT * FROM variable LEFT JOIN variable ON variable = variable LEFT JOIN variable ON variable = variable;
drawSQL-mysql-export-2026-02-09_laratrust	1487	HARD	Rank all permission role within their groups and show the top performers.	SELECT *, ROW_NUMBER() OVER (ORDER BY id DESC) as rn FROM permission_role;	SELECT *, ROW_NUMBER() OVER (ORDER BY id DESC) as column_alias0 FROM table_name;	SELECT *, ROW_NUMBER() OVER (ORDER BY variable DESC) AS variable FROM variable;
drawSQL-mysql-export-2026-02-09_laratrust	1488	HARD	Pull together a report on users joining all related tables.	SELECT * FROM permission_role LEFT JOIN permissions ON permission_role.permission_id = permissions.id;	SELECT * FROM table_name LEFT JOIN table_name ON table_name.col_name = table_name.id;	SELECT * FROM variable LEFT JOIN variable ON variable = variable;
drawSQL-mysql-export-2026-02-09_laravelio	1489	EASY	How many users signed up since created_at=date?	SELECT COUNT(*) FROM users WHERE created_at >= date('now', '-1 month');	SELECT COUNT(*) FROM table_name WHERE col_name >= date(string, string);	SELECT COUNT(*) FROM variable WHERE variable >= DATE(variable, variable);
drawSQL-mysql-export-2026-02-09_laravelio	1490	EASY	How many likes do we have in total?	SELECT COUNT(*) FROM likes;	SELECT COUNT(*) FROM table_name;	SELECT COUNT(*) FROM variable;
drawSQL-mysql-export-2026-02-09_laravelio	1491	EASY	Show me all of our likes.	SELECT * FROM likes;	SELECT * FROM table_name;	SELECT * FROM variable;
drawSQL-mysql-export-2026-02-09_laravelio	1492	EASY	Can you look up the like with id=num?	SELECT * FROM failed_jobs WHERE id = num;	SELECT * FROM table_name WHERE id = num;	SELECT * FROM variable WHERE variable = variable;
drawSQL-mysql-export-2026-02-09_laravelio	1493	EASY	How many likes were created since created_at=date?	SELECT COUNT(*) FROM likes WHERE created_at >= date('now', '-1 month');	SELECT COUNT(*) FROM table_name WHERE col_name >= date(string, string);	SELECT COUNT(*) FROM variable WHERE variable >= DATE(variable, variable);
drawSQL-mysql-export-2026-02-09_laravelio	1494	EASY	What are the most recent likes ordered by user_id?	SELECT * FROM likes ORDER BY created_at DESC LIMIT num;	SELECT * FROM table_name ORDER BY col_name DESC LIMIT num;	SELECT * FROM variable ORDER BY variable DESC LIMIT variable;
drawSQL-mysql-export-2026-02-09_laravelio	1495	EASY	How many notifications do we have in total?	SELECT COUNT(*) FROM notifications;	SELECT COUNT(*) FROM table_name;	SELECT COUNT(*) FROM variable;
drawSQL-mysql-export-2026-02-09_laravelio	1496	EASY	Show me all of our notifications.	SELECT * FROM notifications;	SELECT * FROM table_name;	SELECT * FROM variable;
drawSQL-mysql-export-2026-02-09_laravelio	1497	MEDIUM	Who are the most active users based on activity count?	SELECT * FROM users ORDER BY created_at DESC LIMIT 10;	SELECT * FROM table_name ORDER BY col_name DESC LIMIT num;	SELECT * FROM variable ORDER BY variable DESC LIMIT variable;
drawSQL-mysql-export-2026-02-09_laravelio	1498	MEDIUM	How many likes were added since created_at=date?	SELECT COUNT(*) FROM likes WHERE created_at >= date('now', '-1 month');	SELECT COUNT(*) FROM table_name WHERE col_name >= date(string, string);	SELECT COUNT(*) FROM variable WHERE variable >= DATE(variable, variable);
drawSQL-mysql-export-2026-02-09_laravelio	1499	MEDIUM	Break down the likes by likeable_type — how many in each?	SELECT likeable_type, COUNT(*) as count FROM likes GROUP BY likeable_type;	SELECT col_name, COUNT(*) as count FROM table_name GROUP BY col_name;	SELECT variable, COUNT(*) AS COUNT FROM variable GROUP BY variable;
drawSQL-mysql-export-2026-02-09_laravelio	1500	MEDIUM	Are there any likes that don't have a match in related tables?	SELECT * FROM likes LIMIT num;	SELECT * FROM table_name LIMIT num;	SELECT * FROM variable LIMIT variable;
drawSQL-mysql-export-2026-02-09_laravelio	1501	MEDIUM	For each group, what are the top 3 likes?	SELECT * FROM ( SELECT *, ROW_NUMBER() OVER (PARTITION BY likeable_type ORDER BY id DESC) as rn FROM likes ) WHERE rn <= num;	SELECT * FROM ( SELECT *, ROW_NUMBER() OVER (PARTITION BY col_name ORDER BY id DESC) as column_alias0 FROM table_name ) WHERE column_alias0 <= num;	SELECT * FROM ( SELECT *, ROW_NUMBER() OVER (PARTITION BY variable ORDER BY variable DESC) AS variable FROM variable ) WHERE variable <= variable;
drawSQL-mysql-export-2026-02-09_laravelio	1502	MEDIUM	How did the number of likes change month over month?	SELECT strftime('%Y-%m', created_at) as period, COUNT(*) as count FROM likes WHERE created_at >= date('now', '-2 months') GROUP BY period ORDER BY period;	SELECT strftime(string, col_name) as column_alias0, column_alias1(*) as column_alias1 FROM table_name WHERE col_name >= date(string, string) GROUP BY column_alias0 ORDER BY column_alias0;	SELECT STRFTIME(variable, variable) AS variable, variable(*) AS variable FROM variable WHERE variable >= DATE(variable, variable) GROUP BY variable ORDER BY variable;
drawSQL-mysql-export-2026-02-09_laravelio	1503	MEDIUM	Which likes have duplicate or repeated values?	WITH grouped AS ( SELECT likeable_type, COUNT(*) as cnt FROM likes GROUP BY likeable_type ) SELECT * FROM grouped WHERE cnt > num ORDER BY cnt DESC;	WITH grouped AS ( SELECT col_name, COUNT(*) as cnt FROM table_name GROUP BY col_name ) SELECT * FROM grouped WHERE cnt > num ORDER BY cnt DESC;	WITH variable AS ( SELECT variable, COUNT(*) AS variable FROM variable GROUP BY variable ) SELECT * FROM variable WHERE variable > variable ORDER BY variable DESC;
drawSQL-mysql-export-2026-02-09_laravelio	1504	MEDIUM	How many notifications were added since created_at=date?	SELECT COUNT(*) FROM notifications WHERE created_at >= date('now', '-1 month');	SELECT COUNT(*) FROM table_name WHERE col_name >= date(string, string);	SELECT COUNT(*) FROM variable WHERE variable >= DATE(variable, variable);
drawSQL-mysql-export-2026-02-09_laravelio	1505	HARD	Pull together a report on likes joining all related tables.	SELECT * FROM likes LEFT JOIN replies ON likes.likeable_id = replies.id LEFT JOIN users ON likes.user_id = users.id LEFT JOIN threads ON likes.likeable_id = threads.id;	SELECT * FROM table_name LEFT JOIN table_name ON table_name.col_name = table_name.id LEFT JOIN table_name ON table_name.col_name = table_name.id LEFT JOIN table_name ON table_name.col_name = table_name.id;	SELECT * FROM variable LEFT JOIN variable ON variable = variable LEFT JOIN variable ON variable = variable LEFT JOIN variable ON variable = variable;
drawSQL-mysql-export-2026-02-09_laravelio	1506	HARD	Who or what is the best in each group of likes?	SELECT * FROM ( SELECT *, ROW_NUMBER() OVER (PARTITION BY connection ORDER BY id DESC) as rn FROM failed_jobs ) WHERE rn = num;	SELECT * FROM ( SELECT *, ROW_NUMBER() OVER (PARTITION BY col_name ORDER BY id DESC) as column_alias0 FROM table_name ) WHERE column_alias0 = num;	SELECT * FROM ( SELECT *, ROW_NUMBER() OVER (PARTITION BY variable ORDER BY variable DESC) AS variable FROM variable ) WHERE variable = variable;
drawSQL-mysql-export-2026-02-09_laravelio	1507	HARD	Which likes are above average compared to others in their group?	SELECT strftime('%Y-%m', created_at) as period, COUNT(*) as count FROM likes WHERE created_at >= date('now', '-2 months') GROUP BY period ORDER BY period;	SELECT strftime(string, col_name) as column_alias0, column_alias1(*) as column_alias1 FROM table_name WHERE col_name >= date(string, string) GROUP BY column_alias0 ORDER BY column_alias0;	SELECT STRFTIME(variable, variable) AS variable, variable(*) AS variable FROM variable WHERE variable >= DATE(variable, variable) GROUP BY variable ORDER BY variable;
drawSQL-mysql-export-2026-02-09_laravelio	1508	HARD	Do a multi-step analysis: group likes, filter, then rank the results.	WITH grouped AS ( SELECT connection, COUNT(*) as cnt FROM failed_jobs GROUP BY connection ) SELECT * FROM grouped WHERE cnt > num ORDER BY cnt DESC;	WITH grouped AS ( SELECT col_name, COUNT(*) as cnt FROM table_name GROUP BY col_name ) SELECT * FROM grouped WHERE cnt > num ORDER BY cnt DESC;	WITH variable AS ( SELECT variable, COUNT(*) AS variable FROM variable GROUP BY variable ) SELECT * FROM variable WHERE variable > variable ORDER BY variable DESC;
drawSQL-mysql-export-2026-02-09_laravelio	1509	HARD	Show the running total of likes over time based on created_at.	SELECT *, COUNT(*) OVER (ORDER BY created_at) as running_count FROM likes ORDER BY created_at;	SELECT *, COUNT(*) OVER (ORDER BY col_name) as column_alias0 FROM table_name ORDER BY col_name;	SELECT *, COUNT(*) OVER (ORDER BY variable) AS variable FROM variable ORDER BY variable;
drawSQL-mysql-export-2026-02-09_laravelio	1510	HARD	Find likes that exist in one table but not in a related table.	SELECT * FROM likes LIMIT num;	SELECT * FROM table_name LIMIT num;	SELECT * FROM variable LIMIT variable;
drawSQL-mysql-export-2026-02-09_laravelio	1511	HARD	Combine data from likes, notifications, and password_resets in a single report.	SELECT * FROM likes LEFT JOIN notifications ON notifications.id = likes.id LEFT JOIN password_resets ON password_resets.id = likes.id;	SELECT * FROM table_name LEFT JOIN table_name ON table_name.id = table_name.id LEFT JOIN table_name ON table_name.id = table_name.id;	SELECT * FROM variable LEFT JOIN variable ON variable = variable LEFT JOIN variable ON variable = variable;
drawSQL-mysql-export-2026-02-09_laravelio	1512	HARD	Rank all likes within their groups and show the top performers.	SELECT * FROM ( SELECT *, ROW_NUMBER() OVER (PARTITION BY likeable_type ORDER BY id DESC) as rn FROM likes ) WHERE rn <= num;	SELECT * FROM ( SELECT *, ROW_NUMBER() OVER (PARTITION BY col_name ORDER BY id DESC) as column_alias0 FROM table_name ) WHERE column_alias0 <= num;	SELECT * FROM ( SELECT *, ROW_NUMBER() OVER (PARTITION BY variable ORDER BY variable DESC) AS variable FROM variable ) WHERE variable <= variable;
drawSQL-mysql-export-2026-02-09_laraveltalk	1513	EASY	How many users signed up since created_at=date?	SELECT COUNT(*) FROM users;	SELECT COUNT(*) FROM table_name;	SELECT COUNT(*) FROM variable;
drawSQL-mysql-export-2026-02-09_laraveltalk	1514	EASY	How many messages do we have in total?	SELECT COUNT(*) FROM messages;	SELECT COUNT(*) FROM table_name;	SELECT COUNT(*) FROM variable;
drawSQL-mysql-export-2026-02-09_laraveltalk	1515	EASY	Show me all of our messages.	SELECT * FROM messages;	SELECT * FROM table_name;	SELECT * FROM variable;
drawSQL-mysql-export-2026-02-09_laraveltalk	1516	EASY	Can you look up the message with id=num?	SELECT * FROM messages WHERE id = num;	SELECT * FROM table_name WHERE id = num;	SELECT * FROM variable WHERE variable = variable;
drawSQL-mysql-export-2026-02-09_laraveltalk	1517	EASY	How many messages were created since created_at=date?	SELECT COUNT(*) FROM messages WHERE created_at >= date('now', '-1 month');	SELECT COUNT(*) FROM table_name WHERE col_name >= date(string, string);	SELECT COUNT(*) FROM variable WHERE variable >= DATE(variable, variable);
drawSQL-mysql-export-2026-02-09_laraveltalk	1518	EASY	What are the most recent messages ordered by message?	SELECT * FROM messages ORDER BY created_at DESC LIMIT num;	SELECT * FROM table_name ORDER BY col_name DESC LIMIT num;	SELECT * FROM variable ORDER BY variable DESC LIMIT variable;
drawSQL-mysql-export-2026-02-09_laraveltalk	1519	EASY	How many conversations do we have in total?	SELECT COUNT(*) FROM conversations;	SELECT COUNT(*) FROM table_name;	SELECT COUNT(*) FROM variable;
drawSQL-mysql-export-2026-02-09_laraveltalk	1520	EASY	Show me all of our conversations.	SELECT * FROM conversations;	SELECT * FROM table_name;	SELECT * FROM variable;
drawSQL-mysql-export-2026-02-09_laraveltalk	1521	MEDIUM	Who are the most active users based on activity count?	SELECT * FROM users ORDER BY created_at DESC LIMIT 10;	SELECT * FROM table_name ORDER BY col_name DESC LIMIT num;	SELECT * FROM variable ORDER BY variable DESC LIMIT variable;
drawSQL-mysql-export-2026-02-09_laraveltalk	1522	MEDIUM	How many messages were added since created_at=date?	SELECT COUNT(*) FROM messages WHERE created_at >= date('now', '-1 month');	SELECT COUNT(*) FROM table_name WHERE col_name >= date(string, string);	SELECT COUNT(*) FROM variable WHERE variable >= DATE(variable, variable);
drawSQL-mysql-export-2026-02-09_laraveltalk	1523	MEDIUM	Break down the messages by message — how many in each?	SELECT message, COUNT(*) as count FROM messages GROUP BY message;	SELECT col_name, COUNT(*) as count FROM table_name GROUP BY col_name;	SELECT variable, COUNT(*) AS COUNT FROM variable GROUP BY variable;
drawSQL-mysql-export-2026-02-09_laraveltalk	1524	MEDIUM	Are there any messages that don't have a match in related tables?	SELECT * FROM messages LIMIT num;	SELECT * FROM table_name LIMIT num;	SELECT * FROM variable LIMIT variable;
drawSQL-mysql-export-2026-02-09_laraveltalk	1525	MEDIUM	For each group, what are the top 3 messages?	SELECT * FROM messages ORDER BY id DESC LIMIT num;	SELECT * FROM table_name ORDER BY id DESC LIMIT num;	SELECT * FROM variable ORDER BY variable DESC LIMIT variable;
drawSQL-mysql-export-2026-02-09_laraveltalk	1526	MEDIUM	How did the number of messages change month over month?	SELECT strftime('%Y-%m', created_at) as period, COUNT(*) as count FROM messages WHERE created_at >= date('now', '-2 months') GROUP BY period ORDER BY period;	SELECT strftime(string, col_name) as column_alias0, column_alias1(*) as column_alias1 FROM table_name WHERE col_name >= date(string, string) GROUP BY column_alias0 ORDER BY column_alias0;	SELECT STRFTIME(variable, variable) AS variable, variable(*) AS variable FROM variable WHERE variable >= DATE(variable, variable) GROUP BY variable ORDER BY variable;
drawSQL-mysql-export-2026-02-09_laraveltalk	1527	MEDIUM	Which messages have duplicate or repeated values?	WITH grouped AS ( SELECT message, COUNT(*) as cnt FROM messages GROUP BY message ) SELECT * FROM grouped WHERE cnt > num ORDER BY cnt DESC;	WITH grouped AS ( SELECT col_name, COUNT(*) as cnt FROM table_name GROUP BY col_name ) SELECT * FROM grouped WHERE cnt > num ORDER BY cnt DESC;	WITH variable AS ( SELECT variable, COUNT(*) AS variable FROM variable GROUP BY variable ) SELECT * FROM variable WHERE variable > variable ORDER BY variable DESC;
drawSQL-mysql-export-2026-02-09_laraveltalk	1528	MEDIUM	Show me each conversation along with its related details from other tables.	SELECT * FROM messages;	SELECT * FROM table_name;	SELECT * FROM variable;
drawSQL-mysql-export-2026-02-09_laraveltalk	1529	HARD	Pull together a report on messages joining all related tables.	SELECT * FROM conversations LEFT JOIN users ON conversations.user_two = users.id;	SELECT * FROM table_name LEFT JOIN table_name ON table_name.col_name = table_name.id;	SELECT * FROM variable LEFT JOIN variable ON variable = variable;
drawSQL-mysql-export-2026-02-09_laraveltalk	1530	HARD	Who or what is the best in each group of messages?	SELECT * FROM ( SELECT *, ROW_NUMBER() OVER (PARTITION BY message ORDER BY id DESC) as rn FROM messages ) WHERE rn = num;	SELECT * FROM ( SELECT *, ROW_NUMBER() OVER (PARTITION BY col_name ORDER BY id DESC) as column_alias0 FROM table_name ) WHERE column_alias0 = num;	SELECT * FROM ( SELECT *, ROW_NUMBER() OVER (PARTITION BY variable ORDER BY variable DESC) AS variable FROM variable ) WHERE variable = variable;
drawSQL-mysql-export-2026-02-09_laraveltalk	1531	HARD	Which messages are above average compared to others in their group?	SELECT strftime('%Y-%m', created_at) as period, COUNT(*) as count FROM messages WHERE created_at >= date('now', '-2 months') GROUP BY period ORDER BY period;	SELECT strftime(string, col_name) as column_alias0, column_alias1(*) as column_alias1 FROM table_name WHERE col_name >= date(string, string) GROUP BY column_alias0 ORDER BY column_alias0;	SELECT STRFTIME(variable, variable) AS variable, variable(*) AS variable FROM variable WHERE variable >= DATE(variable, variable) GROUP BY variable ORDER BY variable;
drawSQL-mysql-export-2026-02-09_laraveltalk	1532	HARD	Do a multi-step analysis: group messages, filter, then rank the results.	WITH grouped AS ( SELECT message, COUNT(*) as cnt FROM messages GROUP BY message ) SELECT * FROM grouped WHERE cnt > num ORDER BY cnt DESC;	WITH grouped AS ( SELECT col_name, COUNT(*) as cnt FROM table_name GROUP BY col_name ) SELECT * FROM grouped WHERE cnt > num ORDER BY cnt DESC;	WITH variable AS ( SELECT variable, COUNT(*) AS variable FROM variable GROUP BY variable ) SELECT * FROM variable WHERE variable > variable ORDER BY variable DESC;
drawSQL-mysql-export-2026-02-09_laraveltalk	1533	HARD	Show the running total of messages over time based on created_at.	SELECT *, COUNT(*) OVER (ORDER BY created_at) as running_count FROM messages ORDER BY created_at;	SELECT *, COUNT(*) OVER (ORDER BY col_name) as column_alias0 FROM table_name ORDER BY col_name;	SELECT *, COUNT(*) OVER (ORDER BY variable) AS variable FROM variable ORDER BY variable;
drawSQL-mysql-export-2026-02-09_laraveltalk	1534	HARD	Find messages that exist in one table but not in a related table.	SELECT * FROM messages LIMIT num;	SELECT * FROM table_name LIMIT num;	SELECT * FROM variable LIMIT variable;
drawSQL-mysql-export-2026-02-09_laraveltalk	1535	HARD	Combine data from messages, conversations, and users in a single report.	SELECT * FROM messages LEFT JOIN conversations ON conversations.id = messages.conversation_id LEFT JOIN users ON users.id = messages.user_two;	SELECT * FROM table_name LEFT JOIN table_name ON table_name.id = table_name.col_name LEFT JOIN table_name ON table_name.id = table_name.col_name;	SELECT * FROM variable LEFT JOIN variable ON variable = variable LEFT JOIN variable ON variable = variable;
drawSQL-mysql-export-2026-02-09_laraveltalk	1536	HARD	Rank all messages within their groups and show the top performers.	SELECT *, ROW_NUMBER() OVER (ORDER BY id DESC) as rn FROM messages;	SELECT *, ROW_NUMBER() OVER (ORDER BY id DESC) as column_alias0 FROM table_name;	SELECT *, ROW_NUMBER() OVER (ORDER BY variable DESC) AS variable FROM variable;
drawSQL-mysql-export-2026-02-09_lobsters	1537	EASY	How many users signed up since created_at=date?	SELECT COUNT(*) FROM users WHERE created_at >= date('now', '-1 month');	SELECT COUNT(*) FROM table_name WHERE col_name >= date(string, string);	SELECT COUNT(*) FROM variable WHERE variable >= DATE(variable, variable);
drawSQL-mysql-export-2026-02-09_lobsters	1538	EASY	How many members are on each team?	SELECT * FROM ar_internal_metadata LIMIT num;	SELECT * FROM table_name LIMIT num;	SELECT * FROM variable LIMIT variable;
drawSQL-mysql-export-2026-02-09_lobsters	1539	EASY	How many metadata do we have in total?	SELECT COUNT(*) FROM ar_internal_metadata;	SELECT COUNT(*) FROM table_name;	SELECT COUNT(*) FROM variable;
drawSQL-mysql-export-2026-02-09_lobsters	1540	EASY	Show me all of our metadata.	SELECT * FROM ar_internal_metadata;	SELECT * FROM table_name;	SELECT * FROM variable;
drawSQL-mysql-export-2026-02-09_lobsters	1541	EASY	Can you look up the metadata with id=num?	SELECT * FROM comments WHERE id = num;	SELECT * FROM table_name WHERE id = num;	SELECT * FROM variable WHERE variable = variable;
drawSQL-mysql-export-2026-02-09_lobsters	1542	EASY	How many metadata were created since created_at=date?	SELECT COUNT(*) FROM ar_internal_metadata WHERE created_at >= date('now', '-1 month');	SELECT COUNT(*) FROM table_name WHERE col_name >= date(string, string);	SELECT COUNT(*) FROM variable WHERE variable >= DATE(variable, variable);
drawSQL-mysql-export-2026-02-09_lobsters	1543	EASY	What metadata have value between num and num?	SELECT * FROM ar_internal_metadata WHERE value BETWEEN num AND num ORDER BY value;	SELECT * FROM table_name WHERE value BETWEEN num AND num ORDER BY value;	SELECT * FROM variable WHERE variable BETWEEN variable AND variable ORDER BY variable;
drawSQL-mysql-export-2026-02-09_lobsters	1544	EASY	What are the most recent metadata ordered by value?	SELECT * FROM ar_internal_metadata ORDER BY created_at DESC LIMIT num;	SELECT * FROM table_name ORDER BY col_name DESC LIMIT num;	SELECT * FROM variable ORDER BY variable DESC LIMIT variable;
drawSQL-mysql-export-2026-02-09_lobsters	1545	MEDIUM	Who are the most active users based on activity count?	SELECT u.*, COUNT(*) as activity_count FROM users u LEFT JOIN replying_comments a ON a.user_id = u.id GROUP BY u.id ORDER BY activity_count DESC;	SELECT table_alias0.*, COUNT(*) as column_alias0 FROM table_name table_alias0 LEFT JOIN table_name table_alias1 ON table_alias1.col_name = table_alias0.id GROUP BY table_alias0.id ORDER BY column_alias0 DESC;	SELECT variable.*, COUNT(*) AS variable FROM variable variable LEFT JOIN variable variable ON variable = variable GROUP BY variable ORDER BY variable DESC;
drawSQL-mysql-export-2026-02-09_lobsters	1546	MEDIUM	What's our total and average value across all metadata?	SELECT SUM(value) as total, AVG(value) as average FROM ar_internal_metadata;	SELECT SUM(value) as column_alias0, AVG(value) as average FROM table_name;	SELECT SUM(variable) AS variable, AVG(variable) AS variable FROM variable;
drawSQL-mysql-export-2026-02-09_lobsters	1547	MEDIUM	Which metadata has the highest value?	SELECT * FROM ar_internal_metadata ORDER BY value DESC LIMIT 1;	SELECT * FROM table_name ORDER BY value DESC LIMIT num;	SELECT * FROM variable ORDER BY variable DESC LIMIT variable;
drawSQL-mysql-export-2026-02-09_lobsters	1548	MEDIUM	How many metadata were added since created_at=date?	SELECT COUNT(*) FROM ar_internal_metadata WHERE created_at >= date('now', '-1 month');	SELECT COUNT(*) FROM table_name WHERE col_name >= date(string, string);	SELECT COUNT(*) FROM variable WHERE variable >= DATE(variable, variable);
drawSQL-mysql-export-2026-02-09_lobsters	1549	MEDIUM	Break down the metadata by value — how many in each?	SELECT value, COUNT(*) as count FROM ar_internal_metadata GROUP BY value;	SELECT value, COUNT(*) as count FROM table_name GROUP BY value;	SELECT variable, COUNT(*) AS COUNT FROM variable GROUP BY variable;
drawSQL-mysql-export-2026-02-09_lobsters	1550	MEDIUM	Are there any metadata that don't have a match in related tables?	SELECT * FROM ar_internal_metadata LIMIT num;	SELECT * FROM table_name LIMIT num;	SELECT * FROM variable LIMIT variable;
drawSQL-mysql-export-2026-02-09_lobsters	1551	MEDIUM	For each group, what are the top 3 metadata?	SELECT * FROM ar_internal_metadata ORDER BY value DESC LIMIT num;	SELECT * FROM table_name ORDER BY value DESC LIMIT num;	SELECT * FROM variable ORDER BY variable DESC LIMIT variable;
drawSQL-mysql-export-2026-02-09_lobsters	1552	MEDIUM	How did the number of metadata change month over month?	SELECT strftime('%Y-%m', created_at) as period, COUNT(*) as count FROM ar_internal_metadata WHERE created_at >= date('now', '-2 months') GROUP BY period ORDER BY period;	SELECT strftime(string, col_name) as column_alias0, column_alias1(*) as column_alias1 FROM table_name WHERE col_name >= date(string, string) GROUP BY column_alias0 ORDER BY column_alias0;	SELECT STRFTIME(variable, variable) AS variable, variable(*) AS variable FROM variable WHERE variable >= DATE(variable, variable) GROUP BY variable ORDER BY variable;
drawSQL-mysql-export-2026-02-09_lobsters	1553	HARD	Pull together a report on metadata joining all related tables.	SELECT * FROM comments LEFT JOIN replying_comments ON comments.user_id = replying_comments.parent_comment_id LEFT JOIN stories ON comments.story_id = stories.id;	SELECT * FROM table_name LEFT JOIN table_name ON table_name.col_name = table_name.col_name LEFT JOIN table_name ON table_name.col_name = table_name.id;	SELECT * FROM variable LEFT JOIN variable ON variable = variable LEFT JOIN variable ON variable = variable;
drawSQL-mysql-export-2026-02-09_lobsters	1554	HARD	Who or what is the best in each group of metadata?	SELECT * FROM ( SELECT *, ROW_NUMBER() OVER (PARTITION BY created_at ORDER BY value DESC) as rn FROM ar_internal_metadata ) WHERE rn = num;	SELECT * FROM ( SELECT *, ROW_NUMBER() OVER (PARTITION BY col_name ORDER BY value DESC) as column_alias0 FROM table_name ) WHERE column_alias0 = num;	SELECT * FROM ( SELECT *, ROW_NUMBER() OVER (PARTITION BY variable ORDER BY variable DESC) AS variable FROM variable ) WHERE variable = variable;
drawSQL-mysql-export-2026-02-09_lobsters	1555	HARD	Which metadata have value above average compared to others in their group?	SELECT strftime('%Y-%m', created_at) as period, COUNT(*) as count FROM ar_internal_metadata WHERE created_at >= date('now', '-2 months') GROUP BY period ORDER BY period;	SELECT strftime(string, col_name) as column_alias0, column_alias1(*) as column_alias1 FROM table_name WHERE col_name >= date(string, string) GROUP BY column_alias0 ORDER BY column_alias0;	SELECT STRFTIME(variable, variable) AS variable, variable(*) AS variable FROM variable WHERE variable >= DATE(variable, variable) GROUP BY variable ORDER BY variable;
drawSQL-mysql-export-2026-02-09_lobsters	1556	HARD	Do a multi-step analysis: group metadata, filter, then rank the results.	WITH grouped AS ( SELECT created_at, COUNT(*) as cnt FROM ar_internal_metadata GROUP BY created_at ) SELECT * FROM grouped WHERE cnt > num ORDER BY cnt DESC;	WITH grouped AS ( SELECT col_name, COUNT(*) as cnt FROM table_name GROUP BY col_name ) SELECT * FROM grouped WHERE cnt > num ORDER BY cnt DESC;	WITH variable AS ( SELECT variable, COUNT(*) AS variable FROM variable GROUP BY variable ) SELECT * FROM variable WHERE variable > variable ORDER BY variable DESC;
drawSQL-mysql-export-2026-02-09_lobsters	1557	HARD	Show the running total of metadata over time based on created_at.	SELECT *, SUM(value) OVER (ORDER BY created_at) as running_total FROM ar_internal_metadata ORDER BY created_at;	SELECT *, SUM(value) OVER (ORDER BY col_name) as column_alias0 FROM table_name ORDER BY col_name;	SELECT *, SUM(variable) OVER (ORDER BY variable) AS variable FROM variable ORDER BY variable;
drawSQL-mysql-export-2026-02-09_lobsters	1558	HARD	Find metadata that exist in one table but not in a related table.	SELECT * FROM ar_internal_metadata LIMIT num;	SELECT * FROM table_name LIMIT num;	SELECT * FROM variable LIMIT variable;
drawSQL-mysql-export-2026-02-09_lobsters	1559	HARD	Combine data from ar_internal_metadata, comments, and domains in a single report.	SELECT * FROM ar_internal_metadata LEFT JOIN comments ON comments.id = ar_internal_metadata.comment_id LEFT JOIN domains ON domains.id = ar_internal_metadata.domain_id;	SELECT * FROM table_name LEFT JOIN table_name ON table_name.id = table_name.col_name LEFT JOIN table_name ON table_name.id = table_name.col_name;	SELECT * FROM variable LEFT JOIN variable ON variable = variable LEFT JOIN variable ON variable = variable;
drawSQL-mysql-export-2026-02-09_lobsters	1560	HARD	Rank all metadata within their groups and show the top performers.	SELECT *, ROW_NUMBER() OVER (ORDER BY value DESC) as rn FROM ar_internal_metadata;	SELECT *, ROW_NUMBER() OVER (ORDER BY value DESC) as column_alias0 FROM table_name;	SELECT *, ROW_NUMBER() OVER (ORDER BY variable DESC) AS variable FROM variable;
drawSQL-mysql-export-2026-02-09_love	1561	EASY	How many love reactant reaction counters do we have in total?	SELECT COUNT(*) FROM love_reactant_reaction_counters;	SELECT COUNT(*) FROM table_name;	SELECT COUNT(*) FROM variable;
drawSQL-mysql-export-2026-02-09_love	1562	EASY	Show me all of our love reactant reaction counters.	SELECT * FROM love_reactant_reaction_counters;	SELECT * FROM table_name;	SELECT * FROM variable;
drawSQL-mysql-export-2026-02-09_love	1563	EASY	Can you look up the love reactant reaction counter with id=num?	SELECT * FROM love_reactant_reaction_counters WHERE id = num;	SELECT * FROM table_name WHERE id = num;	SELECT * FROM variable WHERE variable = variable;
drawSQL-mysql-export-2026-02-09_love	1564	EASY	How many love reactant reaction counters were created since created_at=date?	SELECT COUNT(*) FROM love_reactant_reaction_counters WHERE created_at >= date('now', '-1 month');	SELECT COUNT(*) FROM table_name WHERE col_name >= date(string, string);	SELECT COUNT(*) FROM variable WHERE variable >= DATE(variable, variable);
drawSQL-mysql-export-2026-02-09_love	1565	EASY	What are the most recent love reactant reaction counters ordered by reactant_id?	SELECT * FROM love_reactant_reaction_counters ORDER BY created_at DESC LIMIT num;	SELECT * FROM table_name ORDER BY col_name DESC LIMIT num;	SELECT * FROM variable ORDER BY variable DESC LIMIT variable;
drawSQL-mysql-export-2026-02-09_love	1566	EASY	How many love reactant reaction totals do we have in total?	SELECT COUNT(*) FROM love_reactant_reaction_totals;	SELECT COUNT(*) FROM table_name;	SELECT COUNT(*) FROM variable;
drawSQL-mysql-export-2026-02-09_love	1567	EASY	Show me all of our love reactant reaction totals.	SELECT * FROM love_reactant_reaction_totals;	SELECT * FROM table_name;	SELECT * FROM variable;
drawSQL-mysql-export-2026-02-09_love	1568	EASY	Can you look up the love reactant reaction total with id=num?	SELECT * FROM love_reactant_reaction_counters WHERE id = num;	SELECT * FROM table_name WHERE id = num;	SELECT * FROM variable WHERE variable = variable;
drawSQL-mysql-export-2026-02-09_love	1569	MEDIUM	How many love reactant reaction counters were added since created_at=date?	SELECT COUNT(*) FROM love_reactant_reaction_counters WHERE created_at >= date('now', '-1 month');	SELECT COUNT(*) FROM table_name WHERE col_name >= date(string, string);	SELECT COUNT(*) FROM variable WHERE variable >= DATE(variable, variable);
drawSQL-mysql-export-2026-02-09_love	1570	MEDIUM	Break down the love reactant reaction counters by reaction_type_id — how many in each?	SELECT reaction_type_id, COUNT(*) as count FROM love_reactant_reaction_counters GROUP BY reaction_type_id;	SELECT col_name, COUNT(*) as count FROM table_name GROUP BY col_name;	SELECT variable, COUNT(*) AS COUNT FROM variable GROUP BY variable;
drawSQL-mysql-export-2026-02-09_love	1571	MEDIUM	Are there any love reactant reaction counters that don't have a match in related tables?	SELECT * FROM love_reactant_reaction_counters LIMIT num;	SELECT * FROM table_name LIMIT num;	SELECT * FROM variable LIMIT variable;
drawSQL-mysql-export-2026-02-09_love	1572	MEDIUM	For each group, what are the top 3 love reactant reaction counters?	SELECT * FROM ( SELECT *, ROW_NUMBER() OVER (PARTITION BY reaction_type_id ORDER BY id DESC) as rn FROM love_reactant_reaction_counters ) WHERE rn <= num;	SELECT * FROM ( SELECT *, ROW_NUMBER() OVER (PARTITION BY col_name ORDER BY id DESC) as column_alias0 FROM table_name ) WHERE column_alias0 <= num;	SELECT * FROM ( SELECT *, ROW_NUMBER() OVER (PARTITION BY variable ORDER BY variable DESC) AS variable FROM variable ) WHERE variable <= variable;
drawSQL-mysql-export-2026-02-09_love	1573	MEDIUM	How did the number of love reactant reaction counters change month over month?	SELECT strftime('%Y-%m', created_at) as period, COUNT(*) as count FROM love_reactant_reaction_counters WHERE created_at >= date('now', '-2 months') GROUP BY period ORDER BY period;	SELECT strftime(string, col_name) as column_alias0, column_alias1(*) as column_alias1 FROM table_name WHERE col_name >= date(string, string) GROUP BY column_alias0 ORDER BY column_alias0;	SELECT STRFTIME(variable, variable) AS variable, variable(*) AS variable FROM variable WHERE variable >= DATE(variable, variable) GROUP BY variable ORDER BY variable;
drawSQL-mysql-export-2026-02-09_love	1574	MEDIUM	Which love reactant reaction counters have duplicate or repeated values?	WITH grouped AS ( SELECT reaction_type_id, COUNT(*) as cnt FROM love_reactant_reaction_counters GROUP BY reaction_type_id ) SELECT * FROM grouped WHERE cnt > num ORDER BY cnt DESC;	WITH grouped AS ( SELECT col_name, COUNT(*) as cnt FROM table_name GROUP BY col_name ) SELECT * FROM grouped WHERE cnt > num ORDER BY cnt DESC;	WITH variable AS ( SELECT variable, COUNT(*) AS variable FROM variable GROUP BY variable ) SELECT * FROM variable WHERE variable > variable ORDER BY variable DESC;
drawSQL-mysql-export-2026-02-09_love	1575	MEDIUM	How many love reactant reaction totals were added since created_at=date?	SELECT COUNT(*) FROM love_reactant_reaction_totals WHERE created_at >= date('now', '-1 month');	SELECT COUNT(*) FROM table_name WHERE col_name >= date(string, string);	SELECT COUNT(*) FROM variable WHERE variable >= DATE(variable, variable);
drawSQL-mysql-export-2026-02-09_love	1576	MEDIUM	Break down the love reactant reaction totals by reactant_id — how many in each?	SELECT reactant_id, COUNT(*) as count FROM love_reactant_reaction_totals GROUP BY reactant_id;	SELECT col_name, COUNT(*) as count FROM table_name GROUP BY col_name;	SELECT variable, COUNT(*) AS COUNT FROM variable GROUP BY variable;
drawSQL-mysql-export-2026-02-09_love	1577	HARD	Pull together a report on love reactant reaction counters joining all related tables.	SELECT * FROM love_reactant_reaction_counters LEFT JOIN love_reaction_types ON love_reactant_reaction_counters.reaction_type_id = love_reaction_types.id LEFT JOIN love_reactants ON love_reactant_reaction_counters.reactant_id = love_reactants.id;	SELECT * FROM table_name LEFT JOIN table_name ON table_name.col_name = table_name.id LEFT JOIN table_name ON table_name.col_name = table_name.id;	SELECT * FROM variable LEFT JOIN variable ON variable = variable LEFT JOIN variable ON variable = variable;
drawSQL-mysql-export-2026-02-09_love	1578	HARD	Who or what is the best in each group of love reactant reaction counters?	SELECT * FROM ( SELECT *, ROW_NUMBER() OVER (PARTITION BY reaction_type_id ORDER BY id DESC) as rn FROM love_reactant_reaction_counters ) WHERE rn = num;	SELECT * FROM ( SELECT *, ROW_NUMBER() OVER (PARTITION BY col_name ORDER BY id DESC) as column_alias0 FROM table_name ) WHERE column_alias0 = num;	SELECT * FROM ( SELECT *, ROW_NUMBER() OVER (PARTITION BY variable ORDER BY variable DESC) AS variable FROM variable ) WHERE variable = variable;
drawSQL-mysql-export-2026-02-09_love	1579	HARD	Which love reactant reaction counters are above average compared to others in their group?	SELECT strftime('%Y-%m', created_at) as period, COUNT(*) as count FROM love_reactant_reaction_counters WHERE created_at >= date('now', '-2 months') GROUP BY period ORDER BY period;	SELECT strftime(string, col_name) as column_alias0, column_alias1(*) as column_alias1 FROM table_name WHERE col_name >= date(string, string) GROUP BY column_alias0 ORDER BY column_alias0;	SELECT STRFTIME(variable, variable) AS variable, variable(*) AS variable FROM variable WHERE variable >= DATE(variable, variable) GROUP BY variable ORDER BY variable;
drawSQL-mysql-export-2026-02-09_love	1580	HARD	Do a multi-step analysis: group love reactant reaction counters, filter, then rank the results.	WITH grouped AS ( SELECT reaction_type_id, COUNT(*) as cnt FROM love_reactant_reaction_counters GROUP BY reaction_type_id ) SELECT * FROM grouped WHERE cnt > num ORDER BY cnt DESC;	WITH grouped AS ( SELECT col_name, COUNT(*) as cnt FROM table_name GROUP BY col_name ) SELECT * FROM grouped WHERE cnt > num ORDER BY cnt DESC;	WITH variable AS ( SELECT variable, COUNT(*) AS variable FROM variable GROUP BY variable ) SELECT * FROM variable WHERE variable > variable ORDER BY variable DESC;
drawSQL-mysql-export-2026-02-09_love	1581	HARD	Show the running total of love reactant reaction counters over time based on created_at.	SELECT *, COUNT(*) OVER (ORDER BY created_at) as running_count FROM love_reactant_reaction_counters ORDER BY created_at;	SELECT *, COUNT(*) OVER (ORDER BY col_name) as column_alias0 FROM table_name ORDER BY col_name;	SELECT *, COUNT(*) OVER (ORDER BY variable) AS variable FROM variable ORDER BY variable;
drawSQL-mysql-export-2026-02-09_love	1582	HARD	Find love reactant reaction counters that exist in one table but not in a related table.	SELECT * FROM love_reactant_reaction_counters LIMIT num;	SELECT * FROM table_name LIMIT num;	SELECT * FROM variable LIMIT variable;
drawSQL-mysql-export-2026-02-09_love	1583	HARD	Combine data from love_reactant_reaction_counters, love_reactant_reaction_totals, and love_reactants in a single report.	SELECT * FROM love_reactant_reaction_counters LEFT JOIN love_reactant_reaction_totals ON love_reactant_reaction_totals.id = love_reactant_reaction_counters.id LEFT JOIN love_reactants ON love_reactants.id = love_reactant_reaction_counters.reactant_id;	SELECT * FROM table_name LEFT JOIN table_name ON table_name.id = table_name.id LEFT JOIN table_name ON table_name.id = table_name.col_name;	SELECT * FROM variable LEFT JOIN variable ON variable = variable LEFT JOIN variable ON variable = variable;
drawSQL-mysql-export-2026-02-09_love	1584	HARD	Rank all love reactant reaction counters within their groups and show the top performers.	SELECT * FROM ( SELECT *, ROW_NUMBER() OVER (PARTITION BY reaction_type_id ORDER BY id DESC) as rn FROM love_reactant_reaction_counters ) WHERE rn <= num;	SELECT * FROM ( SELECT *, ROW_NUMBER() OVER (PARTITION BY col_name ORDER BY id DESC) as column_alias0 FROM table_name ) WHERE column_alias0 <= num;	SELECT * FROM ( SELECT *, ROW_NUMBER() OVER (PARTITION BY variable ORDER BY variable DESC) AS variable FROM variable ) WHERE variable <= variable;
drawSQL-mysql-export-2026-02-09_messenger	1585	EASY	How many users signed up since created_at=date?	SELECT COUNT(*) FROM users;	SELECT COUNT(*) FROM table_name;	SELECT COUNT(*) FROM variable;
drawSQL-mysql-export-2026-02-09_messenger	1586	EASY	How many threads do we have in total?	SELECT COUNT(*) FROM threads;	SELECT COUNT(*) FROM table_name;	SELECT COUNT(*) FROM variable;
drawSQL-mysql-export-2026-02-09_messenger	1587	EASY	Show me all of our threads.	SELECT * FROM threads;	SELECT * FROM table_name;	SELECT * FROM variable;
drawSQL-mysql-export-2026-02-09_messenger	1588	EASY	Can you look up the thread with id=num?	SELECT * FROM threads WHERE id = num;	SELECT * FROM table_name WHERE id = num;	SELECT * FROM variable WHERE variable = variable;
drawSQL-mysql-export-2026-02-09_messenger	1589	EASY	How many threads were created since created_at=date?	SELECT COUNT(*) FROM threads WHERE created_at >= date('now', '-1 month');	SELECT COUNT(*) FROM table_name WHERE col_name >= date(string, string);	SELECT COUNT(*) FROM variable WHERE variable >= DATE(variable, variable);
drawSQL-mysql-export-2026-02-09_messenger	1590	EASY	What are the most recent threads ordered by subject?	SELECT * FROM threads ORDER BY created_at DESC LIMIT num;	SELECT * FROM table_name ORDER BY col_name DESC LIMIT num;	SELECT * FROM variable ORDER BY variable DESC LIMIT variable;
drawSQL-mysql-export-2026-02-09_messenger	1591	EASY	How many messages do we have in total?	SELECT COUNT(*) FROM messages;	SELECT COUNT(*) FROM table_name;	SELECT COUNT(*) FROM variable;
drawSQL-mysql-export-2026-02-09_messenger	1592	EASY	Show me all of our messages.	SELECT * FROM messages;	SELECT * FROM table_name;	SELECT * FROM variable;
drawSQL-mysql-export-2026-02-09_messenger	1593	MEDIUM	Who are the most active users based on activity count?	SELECT * FROM users ORDER BY created_at DESC LIMIT 10;	SELECT * FROM table_name ORDER BY col_name DESC LIMIT num;	SELECT * FROM variable ORDER BY variable DESC LIMIT variable;
drawSQL-mysql-export-2026-02-09_messenger	1594	MEDIUM	Show me each thread along with its related details from other tables.	SELECT t.*, c.* FROM threads t LEFT JOIN messages c ON c.thread_id = t.id;	SELECT table_alias0.*, table_alias1.* FROM table_name table_alias0 LEFT JOIN table_name table_alias1 ON table_alias1.col_name = table_alias0.id;	SELECT variable.*, variable.* FROM variable variable LEFT JOIN variable variable ON variable = variable;
drawSQL-mysql-export-2026-02-09_messenger	1595	MEDIUM	How many threads were added since created_at=date?	SELECT COUNT(*) FROM threads WHERE created_at >= date('now', '-1 month');	SELECT COUNT(*) FROM table_name WHERE col_name >= date(string, string);	SELECT COUNT(*) FROM variable WHERE variable >= DATE(variable, variable);
drawSQL-mysql-export-2026-02-09_messenger	1596	MEDIUM	Break down the threads by subject — how many in each?	SELECT subject, COUNT(*) as count FROM threads GROUP BY subject;	SELECT col_name, COUNT(*) as count FROM table_name GROUP BY col_name;	SELECT variable, COUNT(*) AS COUNT FROM variable GROUP BY variable;
drawSQL-mysql-export-2026-02-09_messenger	1597	MEDIUM	Are there any threads that don't have a match in related tables?	SELECT * FROM threads WHERE id NOT IN (SELECT DISTINCT thread_id FROM messages WHERE thread_id IS NOT NULL);	SELECT * FROM table_name WHERE id NOT IN (SELECT DISTINCT col_name FROM table_name WHERE col_name IS NOT NULL);	SELECT * FROM variable WHERE variable NOT IN (SELECT DISTINCT variable FROM variable WHERE variable IS NOT NULL);
drawSQL-mysql-export-2026-02-09_messenger	1598	MEDIUM	For each group, what are the top 3 threads?	SELECT * FROM threads ORDER BY id DESC LIMIT num;	SELECT * FROM table_name ORDER BY id DESC LIMIT num;	SELECT * FROM variable ORDER BY variable DESC LIMIT variable;
drawSQL-mysql-export-2026-02-09_messenger	1599	MEDIUM	How did the number of threads change month over month?	SELECT strftime('%Y-%m', created_at) as period, COUNT(*) as count FROM threads WHERE created_at >= date('now', '-2 months') GROUP BY period ORDER BY period;	SELECT strftime(string, col_name) as column_alias0, column_alias1(*) as column_alias1 FROM table_name WHERE col_name >= date(string, string) GROUP BY column_alias0 ORDER BY column_alias0;	SELECT STRFTIME(variable, variable) AS variable, variable(*) AS variable FROM variable WHERE variable >= DATE(variable, variable) GROUP BY variable ORDER BY variable;
drawSQL-mysql-export-2026-02-09_messenger	1600	MEDIUM	Which threads have duplicate or repeated values?	WITH grouped AS ( SELECT subject, COUNT(*) as cnt FROM threads GROUP BY subject ) SELECT * FROM grouped WHERE cnt > num ORDER BY cnt DESC;	WITH grouped AS ( SELECT col_name, COUNT(*) as cnt FROM table_name GROUP BY col_name ) SELECT * FROM grouped WHERE cnt > num ORDER BY cnt DESC;	WITH variable AS ( SELECT variable, COUNT(*) AS variable FROM variable GROUP BY variable ) SELECT * FROM variable WHERE variable > variable ORDER BY variable DESC;
drawSQL-mysql-export-2026-02-09_messenger	1601	HARD	Pull together a report on threads joining all related tables.	SELECT * FROM messages LEFT JOIN threads ON messages.thread_id = threads.id LEFT JOIN users ON messages.user_id = users.id;	SELECT * FROM table_name LEFT JOIN table_name ON table_name.col_name = table_name.id LEFT JOIN table_name ON table_name.col_name = table_name.id;	SELECT * FROM variable LEFT JOIN variable ON variable = variable LEFT JOIN variable ON variable = variable;
drawSQL-mysql-export-2026-02-09_messenger	1602	HARD	Who or what is the best in each group of threads?	SELECT * FROM ( SELECT *, ROW_NUMBER() OVER (PARTITION BY subject ORDER BY id DESC) as rn FROM threads ) WHERE rn = num;	SELECT * FROM ( SELECT *, ROW_NUMBER() OVER (PARTITION BY col_name ORDER BY id DESC) as column_alias0 FROM table_name ) WHERE column_alias0 = num;	SELECT * FROM ( SELECT *, ROW_NUMBER() OVER (PARTITION BY variable ORDER BY variable DESC) AS variable FROM variable ) WHERE variable = variable;
drawSQL-mysql-export-2026-02-09_messenger	1603	HARD	Which threads are above average compared to others in their group?	SELECT strftime('%Y-%m', created_at) as period, COUNT(*) as count FROM threads WHERE created_at >= date('now', '-2 months') GROUP BY period ORDER BY period;	SELECT strftime(string, col_name) as column_alias0, column_alias1(*) as column_alias1 FROM table_name WHERE col_name >= date(string, string) GROUP BY column_alias0 ORDER BY column_alias0;	SELECT STRFTIME(variable, variable) AS variable, variable(*) AS variable FROM variable WHERE variable >= DATE(variable, variable) GROUP BY variable ORDER BY variable;
drawSQL-mysql-export-2026-02-09_messenger	1604	HARD	Do a multi-step analysis: group threads, filter, then rank the results.	WITH grouped AS ( SELECT subject, COUNT(*) as cnt FROM threads GROUP BY subject ) SELECT * FROM grouped WHERE cnt > num ORDER BY cnt DESC;	WITH grouped AS ( SELECT col_name, COUNT(*) as cnt FROM table_name GROUP BY col_name ) SELECT * FROM grouped WHERE cnt > num ORDER BY cnt DESC;	WITH variable AS ( SELECT variable, COUNT(*) AS variable FROM variable GROUP BY variable ) SELECT * FROM variable WHERE variable > variable ORDER BY variable DESC;
drawSQL-mysql-export-2026-02-09_messenger	1605	HARD	Show the running total of threads over time based on created_at.	SELECT *, COUNT(*) OVER (ORDER BY created_at) as running_count FROM threads ORDER BY created_at;	SELECT *, COUNT(*) OVER (ORDER BY col_name) as column_alias0 FROM table_name ORDER BY col_name;	SELECT *, COUNT(*) OVER (ORDER BY variable) AS variable FROM variable ORDER BY variable;
drawSQL-mysql-export-2026-02-09_messenger	1606	HARD	Find threads that exist in one table but not in a related table.	SELECT * FROM threads WHERE id NOT IN (SELECT DISTINCT thread_id FROM messages WHERE thread_id IS NOT NULL);	SELECT * FROM table_name WHERE id NOT IN (SELECT DISTINCT col_name FROM table_name WHERE col_name IS NOT NULL);	SELECT * FROM variable WHERE variable NOT IN (SELECT DISTINCT variable FROM variable WHERE variable IS NOT NULL);
drawSQL-mysql-export-2026-02-09_messenger	1607	HARD	Combine data from threads, messages, and participants in a single report.	SELECT * FROM threads LEFT JOIN messages ON messages.id = threads.thread_id LEFT JOIN participants ON participants.id = threads.thread_id;	SELECT * FROM table_name LEFT JOIN table_name ON table_name.id = table_name.col_name LEFT JOIN table_name ON table_name.id = table_name.col_name;	SELECT * FROM variable LEFT JOIN variable ON variable = variable LEFT JOIN variable ON variable = variable;
drawSQL-mysql-export-2026-02-09_messenger	1608	HARD	Rank all threads within their groups and show the top performers.	SELECT *, ROW_NUMBER() OVER (ORDER BY id DESC) as rn FROM threads;	SELECT *, ROW_NUMBER() OVER (ORDER BY id DESC) as column_alias0 FROM table_name;	SELECT *, ROW_NUMBER() OVER (ORDER BY variable DESC) AS variable FROM variable;
drawSQL-mysql-export-2026-02-09_octobercms	1609	EASY	How many users signed up since created_at=date?	SELECT COUNT(*) FROM backend_access_log WHERE created_at >= date('now', '-1 month');	SELECT COUNT(*) FROM table_name WHERE col_name >= date(string, string);	SELECT COUNT(*) FROM variable WHERE variable >= DATE(variable, variable);
drawSQL-mysql-export-2026-02-09_octobercms	1610	EASY	How many backend access log do we have in total?	SELECT COUNT(*) FROM backend_access_log;	SELECT COUNT(*) FROM table_name;	SELECT COUNT(*) FROM variable;
drawSQL-mysql-export-2026-02-09_octobercms	1611	EASY	Show me all of our backend access log.	SELECT * FROM backend_access_log;	SELECT * FROM table_name;	SELECT * FROM variable;
drawSQL-mysql-export-2026-02-09_octobercms	1612	EASY	Can you look up the backend access log with id=num?	SELECT * FROM backend_access_log WHERE id = num;	SELECT * FROM table_name WHERE id = num;	SELECT * FROM variable WHERE variable = variable;
drawSQL-mysql-export-2026-02-09_octobercms	1613	EASY	How many backend access log were created since created_at=date?	SELECT COUNT(*) FROM backend_access_log WHERE created_at >= date('now', '-1 month');	SELECT COUNT(*) FROM table_name WHERE col_name >= date(string, string);	SELECT COUNT(*) FROM variable WHERE variable >= DATE(variable, variable);
drawSQL-mysql-export-2026-02-09_octobercms	1614	EASY	What are the most recent backend access log ordered by user_id?	SELECT * FROM backend_access_log ORDER BY created_at DESC LIMIT num;	SELECT * FROM table_name ORDER BY col_name DESC LIMIT num;	SELECT * FROM variable ORDER BY variable DESC LIMIT variable;
drawSQL-mysql-export-2026-02-09_octobercms	1615	EASY	How many users do we have in total?	SELECT COUNT(*) FROM backend_access_log;	SELECT COUNT(*) FROM table_name;	SELECT COUNT(*) FROM variable;
drawSQL-mysql-export-2026-02-09_octobercms	1616	EASY	Show me all of our users.	SELECT * FROM backend_access_log;	SELECT * FROM table_name;	SELECT * FROM variable;
drawSQL-mysql-export-2026-02-09_octobercms	1617	MEDIUM	Who are the most active users based on activity count?	SELECT * FROM backend_access_log LIMIT num;	SELECT * FROM table_name LIMIT num;	SELECT * FROM variable LIMIT variable;
drawSQL-mysql-export-2026-02-09_octobercms	1618	MEDIUM	How many backend access log were added since created_at=date?	SELECT COUNT(*) FROM backend_access_log WHERE created_at >= date('now', '-1 month');	SELECT COUNT(*) FROM table_name WHERE col_name >= date(string, string);	SELECT COUNT(*) FROM variable WHERE variable >= DATE(variable, variable);
drawSQL-mysql-export-2026-02-09_octobercms	1619	MEDIUM	Break down the backend access log by user_id — how many in each?	SELECT user_id, COUNT(*) as count FROM backend_access_log GROUP BY user_id;	SELECT col_name, COUNT(*) as count FROM table_name GROUP BY col_name;	SELECT variable, COUNT(*) AS COUNT FROM variable GROUP BY variable;
drawSQL-mysql-export-2026-02-09_octobercms	1620	MEDIUM	Are there any backend access log that don't have a match in related tables?	SELECT * FROM backend_access_log LIMIT num;	SELECT * FROM table_name LIMIT num;	SELECT * FROM variable LIMIT variable;
drawSQL-mysql-export-2026-02-09_octobercms	1621	MEDIUM	For each group, what are the top 3 backend access log?	SELECT * FROM backend_access_log ORDER BY id DESC LIMIT num;	SELECT * FROM table_name ORDER BY id DESC LIMIT num;	SELECT * FROM variable ORDER BY variable DESC LIMIT variable;
drawSQL-mysql-export-2026-02-09_octobercms	1622	MEDIUM	How did the number of backend access log change month over month?	SELECT strftime('%Y-%m', created_at) as period, COUNT(*) as count FROM backend_access_log WHERE created_at >= date('now', '-2 months') GROUP BY period ORDER BY period;	SELECT strftime(string, col_name) as column_alias0, column_alias1(*) as column_alias1 FROM table_name WHERE col_name >= date(string, string) GROUP BY column_alias0 ORDER BY column_alias0;	SELECT STRFTIME(variable, variable) AS variable, variable(*) AS variable FROM variable WHERE variable >= DATE(variable, variable) GROUP BY variable ORDER BY variable;
drawSQL-mysql-export-2026-02-09_octobercms	1623	MEDIUM	Which backend access log have duplicate or repeated values?	WITH grouped AS ( SELECT user_id, COUNT(*) as cnt FROM backend_access_log GROUP BY user_id ) SELECT * FROM grouped WHERE cnt > num ORDER BY cnt DESC;	WITH grouped AS ( SELECT col_name, COUNT(*) as cnt FROM table_name GROUP BY col_name ) SELECT * FROM grouped WHERE cnt > num ORDER BY cnt DESC;	WITH variable AS ( SELECT variable, COUNT(*) AS variable FROM variable GROUP BY variable ) SELECT * FROM variable WHERE variable > variable ORDER BY variable DESC;
drawSQL-mysql-export-2026-02-09_octobercms	1624	MEDIUM	Show me each user along with its related details from other tables.	SELECT * FROM backend_access_log;	SELECT * FROM table_name;	SELECT * FROM variable;
drawSQL-mysql-export-2026-02-09_octobercms	1625	HARD	Pull together a report on backend access log joining all related tables.	SELECT * FROM backend_access_log LEFT JOIN backend_users ON backend_access_log.user_id = backend_users.id;	SELECT * FROM table_name LEFT JOIN table_name ON table_name.col_name = table_name.id;	SELECT * FROM variable LEFT JOIN variable ON variable = variable;
drawSQL-mysql-export-2026-02-09_octobercms	1626	HARD	Who or what is the best in each group of backend access log?	SELECT * FROM ( SELECT *, ROW_NUMBER() OVER (PARTITION BY user_id ORDER BY id DESC) as rn FROM backend_access_log ) WHERE rn = num;	SELECT * FROM ( SELECT *, ROW_NUMBER() OVER (PARTITION BY col_name ORDER BY id DESC) as column_alias0 FROM table_name ) WHERE column_alias0 = num;	SELECT * FROM ( SELECT *, ROW_NUMBER() OVER (PARTITION BY variable ORDER BY variable DESC) AS variable FROM variable ) WHERE variable = variable;
drawSQL-mysql-export-2026-02-09_octobercms	1627	HARD	Which backend access log are above average compared to others in their group?	SELECT strftime('%Y-%m', created_at) as period, COUNT(*) as count FROM backend_access_log WHERE created_at >= date('now', '-2 months') GROUP BY period ORDER BY period;	SELECT strftime(string, col_name) as column_alias0, column_alias1(*) as column_alias1 FROM table_name WHERE col_name >= date(string, string) GROUP BY column_alias0 ORDER BY column_alias0;	SELECT STRFTIME(variable, variable) AS variable, variable(*) AS variable FROM variable WHERE variable >= DATE(variable, variable) GROUP BY variable ORDER BY variable;
drawSQL-mysql-export-2026-02-09_octobercms	1628	HARD	Do a multi-step analysis: group backend access log, filter, then rank the results.	WITH grouped AS ( SELECT user_id, COUNT(*) as cnt FROM backend_access_log GROUP BY user_id ) SELECT * FROM grouped WHERE cnt > num ORDER BY cnt DESC;	WITH grouped AS ( SELECT col_name, COUNT(*) as cnt FROM table_name GROUP BY col_name ) SELECT * FROM grouped WHERE cnt > num ORDER BY cnt DESC;	WITH variable AS ( SELECT variable, COUNT(*) AS variable FROM variable GROUP BY variable ) SELECT * FROM variable WHERE variable > variable ORDER BY variable DESC;
drawSQL-mysql-export-2026-02-09_octobercms	1629	HARD	Show the running total of backend access log over time based on created_at.	SELECT *, COUNT(*) OVER (ORDER BY created_at) as running_count FROM backend_access_log ORDER BY created_at;	SELECT *, COUNT(*) OVER (ORDER BY col_name) as column_alias0 FROM table_name ORDER BY col_name;	SELECT *, COUNT(*) OVER (ORDER BY variable) AS variable FROM variable ORDER BY variable;
drawSQL-mysql-export-2026-02-09_octobercms	1630	HARD	Find backend access log that exist in one table but not in a related table.	SELECT * FROM backend_access_log LIMIT num;	SELECT * FROM table_name LIMIT num;	SELECT * FROM variable LIMIT variable;
drawSQL-mysql-export-2026-02-09_octobercms	1631	HARD	Combine data from backend_access_log, backend_user_groups, and backend_user_preferences in a single report.	SELECT * FROM backend_access_log LEFT JOIN backend_user_groups ON backend_user_groups.id = backend_access_log.user_group_id LEFT JOIN backend_user_preferences ON backend_user_preferences.id = backend_access_log.id;	SELECT * FROM table_name LEFT JOIN table_name ON table_name.id = table_name.col_name LEFT JOIN table_name ON table_name.id = table_name.id;	SELECT * FROM variable LEFT JOIN variable ON variable = variable LEFT JOIN variable ON variable = variable;
drawSQL-mysql-export-2026-02-09_octobercms	1632	HARD	Rank all backend access log within their groups and show the top performers.	SELECT *, ROW_NUMBER() OVER (ORDER BY id DESC) as rn FROM backend_access_log;	SELECT *, ROW_NUMBER() OVER (ORDER BY id DESC) as column_alias0 FROM table_name;	SELECT *, ROW_NUMBER() OVER (ORDER BY variable DESC) AS variable FROM variable;
drawSQL-mysql-export-2026-02-09_octobox	1633	EASY	How many users signed up since created_at=date?	SELECT COUNT(*) FROM users WHERE created_at >= date('now', '-1 month');	SELECT COUNT(*) FROM table_name WHERE col_name >= date(string, string);	SELECT COUNT(*) FROM variable WHERE variable >= DATE(variable, variable);
drawSQL-mysql-export-2026-02-09_octobox	1634	EASY	How many app installation permissions do we have in total?	SELECT COUNT(*) FROM app_installation_permissions;	SELECT COUNT(*) FROM table_name;	SELECT COUNT(*) FROM variable;
drawSQL-mysql-export-2026-02-09_octobox	1635	EASY	Show me all of our app installation permissions.	SELECT * FROM app_installation_permissions;	SELECT * FROM table_name;	SELECT * FROM variable;
drawSQL-mysql-export-2026-02-09_octobox	1636	EASY	Can you look up the app installation permission with id=num?	SELECT * FROM app_installation_permissions WHERE id = num;	SELECT * FROM table_name WHERE id = num;	SELECT * FROM variable WHERE variable = variable;
drawSQL-mysql-export-2026-02-09_octobox	1637	EASY	How many app installation permissions were created since created_at=date?	SELECT COUNT(*) FROM app_installation_permissions WHERE created_at >= date('now', '-1 month');	SELECT COUNT(*) FROM table_name WHERE col_name >= date(string, string);	SELECT COUNT(*) FROM variable WHERE variable >= DATE(variable, variable);
drawSQL-mysql-export-2026-02-09_octobox	1638	EASY	What are the most recent app installation permissions ordered by app_installation_id?	SELECT * FROM app_installation_permissions ORDER BY created_at DESC LIMIT num;	SELECT * FROM table_name ORDER BY col_name DESC LIMIT num;	SELECT * FROM variable ORDER BY variable DESC LIMIT variable;
drawSQL-mysql-export-2026-02-09_octobox	1639	EASY	How many app installations do we have in total?	SELECT COUNT(*) FROM app_installations;	SELECT COUNT(*) FROM table_name;	SELECT COUNT(*) FROM variable;
drawSQL-mysql-export-2026-02-09_octobox	1640	EASY	Show me all of our app installations.	SELECT * FROM app_installations;	SELECT * FROM table_name;	SELECT * FROM variable;
drawSQL-mysql-export-2026-02-09_octobox	1641	MEDIUM	Who are the most active users based on activity count?	SELECT * FROM users ORDER BY created_at DESC LIMIT 10;	SELECT * FROM table_name ORDER BY col_name DESC LIMIT num;	SELECT * FROM variable ORDER BY variable DESC LIMIT variable;
drawSQL-mysql-export-2026-02-09_octobox	1642	MEDIUM	How many app installation permissions were added since created_at=date?	SELECT COUNT(*) FROM app_installation_permissions WHERE created_at >= date('now', '-1 month');	SELECT COUNT(*) FROM table_name WHERE col_name >= date(string, string);	SELECT COUNT(*) FROM variable WHERE variable >= DATE(variable, variable);
drawSQL-mysql-export-2026-02-09_octobox	1643	MEDIUM	Break down the app installation permissions by app_installation_id — how many in each?	SELECT app_installation_id, COUNT(*) as count FROM app_installation_permissions GROUP BY app_installation_id;	SELECT col_name, COUNT(*) as count FROM table_name GROUP BY col_name;	SELECT variable, COUNT(*) AS COUNT FROM variable GROUP BY variable;
drawSQL-mysql-export-2026-02-09_octobox	1644	MEDIUM	Are there any app installation permissions that don't have a match in related tables?	SELECT * FROM app_installation_permissions LIMIT num;	SELECT * FROM table_name LIMIT num;	SELECT * FROM variable LIMIT variable;
drawSQL-mysql-export-2026-02-09_octobox	1645	MEDIUM	For each group, what are the top 3 app installation permissions?	SELECT * FROM app_installation_permissions ORDER BY id DESC LIMIT num;	SELECT * FROM table_name ORDER BY id DESC LIMIT num;	SELECT * FROM variable ORDER BY variable DESC LIMIT variable;
drawSQL-mysql-export-2026-02-09_octobox	1646	MEDIUM	How did the number of app installation permissions change month over month?	SELECT strftime('%Y-%m', created_at) as period, COUNT(*) as count FROM app_installation_permissions WHERE created_at >= date('now', '-2 months') GROUP BY period ORDER BY period;	SELECT strftime(string, col_name) as column_alias0, column_alias1(*) as column_alias1 FROM table_name WHERE col_name >= date(string, string) GROUP BY column_alias0 ORDER BY column_alias0;	SELECT STRFTIME(variable, variable) AS variable, variable(*) AS variable FROM variable WHERE variable >= DATE(variable, variable) GROUP BY variable ORDER BY variable;
drawSQL-mysql-export-2026-02-09_octobox	1647	MEDIUM	Which app installation permissions have duplicate or repeated values?	WITH grouped AS ( SELECT app_installation_id, COUNT(*) as cnt FROM app_installation_permissions GROUP BY app_installation_id ) SELECT * FROM grouped WHERE cnt > num ORDER BY cnt DESC;	WITH grouped AS ( SELECT col_name, COUNT(*) as cnt FROM table_name GROUP BY col_name ) SELECT * FROM grouped WHERE cnt > num ORDER BY cnt DESC;	WITH variable AS ( SELECT variable, COUNT(*) AS variable FROM variable GROUP BY variable ) SELECT * FROM variable WHERE variable > variable ORDER BY variable DESC;
drawSQL-mysql-export-2026-02-09_octobox	1648	MEDIUM	Show me each app installation along with its related details from other tables.	SELECT * FROM app_installation_permissions;	SELECT * FROM table_name;	SELECT * FROM variable;
drawSQL-mysql-export-2026-02-09_octobox	1649	HARD	Pull together a report on app installation permissions joining all related tables.	SELECT * FROM app_installation_permissions LEFT JOIN app_installations ON app_installation_permissions.app_installation_id = app_installations.id LEFT JOIN users ON app_installation_permissions.user_id = users.id;	SELECT * FROM table_name LEFT JOIN table_name ON table_name.col_name = table_name.id LEFT JOIN table_name ON table_name.col_name = table_name.id;	SELECT * FROM variable LEFT JOIN variable ON variable = variable LEFT JOIN variable ON variable = variable;
drawSQL-mysql-export-2026-02-09_octobox	1650	HARD	Who or what is the best in each group of app installation permissions?	SELECT * FROM ( SELECT *, ROW_NUMBER() OVER (PARTITION BY app_installation_id ORDER BY id DESC) as rn FROM app_installation_permissions ) WHERE rn = num;	SELECT * FROM ( SELECT *, ROW_NUMBER() OVER (PARTITION BY col_name ORDER BY id DESC) as column_alias0 FROM table_name ) WHERE column_alias0 = num;	SELECT * FROM ( SELECT *, ROW_NUMBER() OVER (PARTITION BY variable ORDER BY variable DESC) AS variable FROM variable ) WHERE variable = variable;
drawSQL-mysql-export-2026-02-09_octobox	1651	HARD	Which app installation permissions are above average compared to others in their group?	SELECT strftime('%Y-%m', created_at) as period, COUNT(*) as count FROM app_installation_permissions WHERE created_at >= date('now', '-2 months') GROUP BY period ORDER BY period;	SELECT strftime(string, col_name) as column_alias0, column_alias1(*) as column_alias1 FROM table_name WHERE col_name >= date(string, string) GROUP BY column_alias0 ORDER BY column_alias0;	SELECT STRFTIME(variable, variable) AS variable, variable(*) AS variable FROM variable WHERE variable >= DATE(variable, variable) GROUP BY variable ORDER BY variable;
drawSQL-mysql-export-2026-02-09_octobox	1652	HARD	Do a multi-step analysis: group app installation permissions, filter, then rank the results.	WITH grouped AS ( SELECT app_installation_id, COUNT(*) as cnt FROM app_installation_permissions GROUP BY app_installation_id ) SELECT * FROM grouped WHERE cnt > num ORDER BY cnt DESC;	WITH grouped AS ( SELECT col_name, COUNT(*) as cnt FROM table_name GROUP BY col_name ) SELECT * FROM grouped WHERE cnt > num ORDER BY cnt DESC;	WITH variable AS ( SELECT variable, COUNT(*) AS variable FROM variable GROUP BY variable ) SELECT * FROM variable WHERE variable > variable ORDER BY variable DESC;
drawSQL-mysql-export-2026-02-09_octobox	1653	HARD	Show the running total of app installation permissions over time based on created_at.	SELECT *, COUNT(*) OVER (ORDER BY created_at) as running_count FROM app_installation_permissions ORDER BY created_at;	SELECT *, COUNT(*) OVER (ORDER BY col_name) as column_alias0 FROM table_name ORDER BY col_name;	SELECT *, COUNT(*) OVER (ORDER BY variable) AS variable FROM variable ORDER BY variable;
drawSQL-mysql-export-2026-02-09_octobox	1654	HARD	Find app installation permissions that exist in one table but not in a related table.	SELECT * FROM app_installation_permissions LIMIT num;	SELECT * FROM table_name LIMIT num;	SELECT * FROM variable LIMIT variable;
drawSQL-mysql-export-2026-02-09_octobox	1655	HARD	Combine data from app_installation_permissions, app_installations, and comments in a single report.	SELECT * FROM app_installation_permissions LEFT JOIN app_installations ON app_installations.id = app_installation_permissions.app_installation_id LEFT JOIN comments ON comments.id = app_installation_permissions.id;	SELECT * FROM table_name LEFT JOIN table_name ON table_name.id = table_name.col_name LEFT JOIN table_name ON table_name.id = table_name.id;	SELECT * FROM variable LEFT JOIN variable ON variable = variable LEFT JOIN variable ON variable = variable;
drawSQL-mysql-export-2026-02-09_octobox	1656	HARD	Rank all app installation permissions within their groups and show the top performers.	SELECT *, ROW_NUMBER() OVER (ORDER BY id DESC) as rn FROM app_installation_permissions;	SELECT *, ROW_NUMBER() OVER (ORDER BY id DESC) as column_alias0 FROM table_name;	SELECT *, ROW_NUMBER() OVER (ORDER BY variable DESC) AS variable FROM variable;
drawSQL-mysql-export-2026-02-09_orchid	1657	EASY	How many users signed up since created_at=date?	SELECT COUNT(*) FROM users WHERE created_at >= date('now', '-1 month');	SELECT COUNT(*) FROM table_name WHERE col_name >= date(string, string);	SELECT COUNT(*) FROM variable WHERE variable >= DATE(variable, variable);
drawSQL-mysql-export-2026-02-09_orchid	1658	EASY	How many attachmentable do we have in total?	SELECT COUNT(*) FROM attachmentable;	SELECT COUNT(*) FROM table_name;	SELECT COUNT(*) FROM variable;
drawSQL-mysql-export-2026-02-09_orchid	1659	EASY	Show me all of our attachmentable.	SELECT * FROM attachmentable;	SELECT * FROM table_name;	SELECT * FROM variable;
drawSQL-mysql-export-2026-02-09_orchid	1660	EASY	Can you look up the attachmentable with id=num?	SELECT * FROM attachmentable WHERE id = num;	SELECT * FROM table_name WHERE id = num;	SELECT * FROM variable WHERE variable = variable;
drawSQL-mysql-export-2026-02-09_orchid	1661	EASY	How many attachmentable were created since attachmentable_type=date?	SELECT COUNT(*) FROM attachmentable WHERE attachmentable_type >= date('now', '-1 month');	SELECT COUNT(*) FROM table_name WHERE col_name >= date(string, string);	SELECT COUNT(*) FROM variable WHERE variable >= DATE(variable, variable);
drawSQL-mysql-export-2026-02-09_orchid	1662	EASY	What are the most recent attachmentable ordered by attachmentable_type?	SELECT * FROM attachmentable ORDER BY attachmentable_type DESC LIMIT num;	SELECT * FROM table_name ORDER BY col_name DESC LIMIT num;	SELECT * FROM variable ORDER BY variable DESC LIMIT variable;
drawSQL-mysql-export-2026-02-09_orchid	1663	EASY	How many attachments do we have in total?	SELECT COUNT(*) FROM attachments;	SELECT COUNT(*) FROM table_name;	SELECT COUNT(*) FROM variable;
drawSQL-mysql-export-2026-02-09_orchid	1664	EASY	Show me all of our attachments.	SELECT * FROM attachments;	SELECT * FROM table_name;	SELECT * FROM variable;
drawSQL-mysql-export-2026-02-09_orchid	1665	MEDIUM	Who are the most active users based on activity count?	SELECT * FROM users ORDER BY created_at DESC LIMIT 10;	SELECT * FROM table_name ORDER BY col_name DESC LIMIT num;	SELECT * FROM variable ORDER BY variable DESC LIMIT variable;
drawSQL-mysql-export-2026-02-09_orchid	1666	MEDIUM	How many attachmentable were added since attachmentable_type=date?	SELECT COUNT(*) FROM attachmentable WHERE attachmentable_type >= date('now', '-1 month');	SELECT COUNT(*) FROM table_name WHERE col_name >= date(string, string);	SELECT COUNT(*) FROM variable WHERE variable >= DATE(variable, variable);
drawSQL-mysql-export-2026-02-09_orchid	1667	MEDIUM	Break down the attachmentable by attachmentable_type — how many in each?	SELECT attachmentable_type, COUNT(*) as count FROM attachmentable GROUP BY attachmentable_type;	SELECT col_name, COUNT(*) as count FROM table_name GROUP BY col_name;	SELECT variable, COUNT(*) AS COUNT FROM variable GROUP BY variable;
drawSQL-mysql-export-2026-02-09_orchid	1668	MEDIUM	Are there any attachmentable that don't have a match in related tables?	SELECT * FROM attachmentable LIMIT num;	SELECT * FROM table_name LIMIT num;	SELECT * FROM variable LIMIT variable;
drawSQL-mysql-export-2026-02-09_orchid	1669	MEDIUM	For each group, what are the top 3 attachmentable?	SELECT * FROM ( SELECT *, ROW_NUMBER() OVER (PARTITION BY attachmentable_type ORDER BY id DESC) as rn FROM attachmentable ) WHERE rn <= num;	SELECT * FROM ( SELECT *, ROW_NUMBER() OVER (PARTITION BY col_name ORDER BY id DESC) as column_alias0 FROM table_name ) WHERE column_alias0 <= num;	SELECT * FROM ( SELECT *, ROW_NUMBER() OVER (PARTITION BY variable ORDER BY variable DESC) AS variable FROM variable ) WHERE variable <= variable;
drawSQL-mysql-export-2026-02-09_orchid	1670	MEDIUM	How did the number of attachmentable change month over month?	SELECT strftime('%Y-%m', attachmentable_type) as period, COUNT(*) as count FROM attachmentable WHERE attachmentable_type >= date('now', '-2 months') GROUP BY period ORDER BY period;	SELECT strftime(string, col_name) as column_alias0, column_alias1(*) as column_alias1 FROM table_name WHERE col_name >= date(string, string) GROUP BY column_alias0 ORDER BY column_alias0;	SELECT STRFTIME(variable, variable) AS variable, variable(*) AS variable FROM variable WHERE variable >= DATE(variable, variable) GROUP BY variable ORDER BY variable;
drawSQL-mysql-export-2026-02-09_orchid	1671	MEDIUM	Which attachmentable have duplicate or repeated values?	WITH grouped AS ( SELECT attachmentable_type, COUNT(*) as cnt FROM attachmentable GROUP BY attachmentable_type ) SELECT * FROM grouped WHERE cnt > num ORDER BY cnt DESC;	WITH grouped AS ( SELECT col_name, COUNT(*) as cnt FROM table_name GROUP BY col_name ) SELECT * FROM grouped WHERE cnt > num ORDER BY cnt DESC;	WITH variable AS ( SELECT variable, COUNT(*) AS variable FROM variable GROUP BY variable ) SELECT * FROM variable WHERE variable > variable ORDER BY variable DESC;
drawSQL-mysql-export-2026-02-09_orchid	1672	MEDIUM	Show me each attachment along with its related details from other tables.	SELECT * FROM attachmentable;	SELECT * FROM table_name;	SELECT * FROM variable;
drawSQL-mysql-export-2026-02-09_orchid	1673	HARD	Pull together a report on attachmentable joining all related tables.	SELECT * FROM attachmentable LEFT JOIN attachments ON attachmentable.attachment_id = attachments.id;	SELECT * FROM table_name LEFT JOIN table_name ON table_name.col_name = table_name.id;	SELECT * FROM variable LEFT JOIN variable ON variable = variable;
drawSQL-mysql-export-2026-02-09_orchid	1674	HARD	Who or what is the best in each group of attachmentable?	SELECT * FROM ( SELECT *, ROW_NUMBER() OVER (PARTITION BY attachmentable_type ORDER BY id DESC) as rn FROM attachmentable ) WHERE rn = num;	SELECT * FROM ( SELECT *, ROW_NUMBER() OVER (PARTITION BY col_name ORDER BY id DESC) as column_alias0 FROM table_name ) WHERE column_alias0 = num;	SELECT * FROM ( SELECT *, ROW_NUMBER() OVER (PARTITION BY variable ORDER BY variable DESC) AS variable FROM variable ) WHERE variable = variable;
drawSQL-mysql-export-2026-02-09_orchid	1675	HARD	Which attachmentable are above average compared to others in their group?	SELECT strftime('%Y-%m', attachmentable_type) as period, COUNT(*) as count FROM attachmentable WHERE attachmentable_type >= date('now', '-2 months') GROUP BY period ORDER BY period;	SELECT strftime(string, col_name) as column_alias0, column_alias1(*) as column_alias1 FROM table_name WHERE col_name >= date(string, string) GROUP BY column_alias0 ORDER BY column_alias0;	SELECT STRFTIME(variable, variable) AS variable, variable(*) AS variable FROM variable WHERE variable >= DATE(variable, variable) GROUP BY variable ORDER BY variable;
drawSQL-mysql-export-2026-02-09_orchid	1676	HARD	Do a multi-step analysis: group attachmentable, filter, then rank the results.	WITH grouped AS ( SELECT attachmentable_type, COUNT(*) as cnt FROM attachmentable GROUP BY attachmentable_type ) SELECT * FROM grouped WHERE cnt > num ORDER BY cnt DESC;	WITH grouped AS ( SELECT col_name, COUNT(*) as cnt FROM table_name GROUP BY col_name ) SELECT * FROM grouped WHERE cnt > num ORDER BY cnt DESC;	WITH variable AS ( SELECT variable, COUNT(*) AS variable FROM variable GROUP BY variable ) SELECT * FROM variable WHERE variable > variable ORDER BY variable DESC;
drawSQL-mysql-export-2026-02-09_orchid	1677	HARD	Show the running total of attachmentable over time based on attachmentable_type.	SELECT *, COUNT(*) OVER (ORDER BY attachmentable_type) as running_count FROM attachmentable ORDER BY attachmentable_type;	SELECT *, COUNT(*) OVER (ORDER BY col_name) as column_alias0 FROM table_name ORDER BY col_name;	SELECT *, COUNT(*) OVER (ORDER BY variable) AS variable FROM variable ORDER BY variable;
drawSQL-mysql-export-2026-02-09_orchid	1678	HARD	Find attachmentable that exist in one table but not in a related table.	SELECT * FROM attachmentable LIMIT num;	SELECT * FROM table_name LIMIT num;	SELECT * FROM variable LIMIT variable;
drawSQL-mysql-export-2026-02-09_orchid	1679	HARD	Combine data from attachmentable, attachments, and notifications in a single report.	SELECT * FROM attachmentable LEFT JOIN attachments ON attachments.id = attachmentable.attachment_id LEFT JOIN notifications ON notifications.id = attachmentable.id;	SELECT * FROM table_name LEFT JOIN table_name ON table_name.id = table_name.col_name LEFT JOIN table_name ON table_name.id = table_name.id;	SELECT * FROM variable LEFT JOIN variable ON variable = variable LEFT JOIN variable ON variable = variable;
drawSQL-mysql-export-2026-02-09_orchid	1680	HARD	Rank all attachmentable within their groups and show the top performers.	SELECT * FROM ( SELECT *, ROW_NUMBER() OVER (PARTITION BY attachmentable_type ORDER BY id DESC) as rn FROM attachmentable ) WHERE rn <= num;	SELECT * FROM ( SELECT *, ROW_NUMBER() OVER (PARTITION BY col_name ORDER BY id DESC) as column_alias0 FROM table_name ) WHERE column_alias0 <= num;	SELECT * FROM ( SELECT *, ROW_NUMBER() OVER (PARTITION BY variable ORDER BY variable DESC) AS variable FROM variable ) WHERE variable <= variable;
drawSQL-mysql-export-2026-02-09_paddle	1681	EASY	Which customers have status=string for their subscription?	SELECT * FROM customers;	SELECT * FROM table_name;	SELECT * FROM variable;
drawSQL-mysql-export-2026-02-09_paddle	1682	EASY	How many customers do we have in total?	SELECT COUNT(*) FROM customers;	SELECT COUNT(*) FROM table_name;	SELECT COUNT(*) FROM variable;
drawSQL-mysql-export-2026-02-09_paddle	1683	EASY	Show me all of our customers.	SELECT * FROM customers;	SELECT * FROM table_name;	SELECT * FROM variable;
drawSQL-mysql-export-2026-02-09_paddle	1684	EASY	Can you look up the customer with id=num?	SELECT * FROM customers WHERE id = num;	SELECT * FROM table_name WHERE id = num;	SELECT * FROM variable WHERE variable = variable;
drawSQL-mysql-export-2026-02-09_paddle	1685	EASY	How many customers were created since updated_at=date?	SELECT COUNT(*) FROM customers WHERE updated_at >= date('now', '-1 month');	SELECT COUNT(*) FROM table_name WHERE col_name >= date(string, string);	SELECT COUNT(*) FROM variable WHERE variable >= DATE(variable, variable);
drawSQL-mysql-export-2026-02-09_paddle	1686	EASY	What are the most recent customers ordered by billable_id?	SELECT * FROM customers ORDER BY updated_at DESC LIMIT num;	SELECT * FROM table_name ORDER BY col_name DESC LIMIT num;	SELECT * FROM variable ORDER BY variable DESC LIMIT variable;
drawSQL-mysql-export-2026-02-09_paddle	1687	EASY	How many subscriptions do we have in total?	SELECT COUNT(*) FROM subscriptions;	SELECT COUNT(*) FROM table_name;	SELECT COUNT(*) FROM variable;
drawSQL-mysql-export-2026-02-09_paddle	1688	EASY	Show me all of our subscriptions.	SELECT * FROM subscriptions;	SELECT * FROM table_name;	SELECT * FROM variable;
drawSQL-mysql-export-2026-02-09_paddle	1689	MEDIUM	How much revenue since created_at=date?	SELECT * FROM customers LIMIT num;	SELECT * FROM table_name LIMIT num;	SELECT * FROM variable LIMIT variable;
drawSQL-mysql-export-2026-02-09_paddle	1690	MEDIUM	How many customers were added since updated_at=date?	SELECT COUNT(*) FROM customers WHERE updated_at >= date('now', '-1 month');	SELECT COUNT(*) FROM table_name WHERE col_name >= date(string, string);	SELECT COUNT(*) FROM variable WHERE variable >= DATE(variable, variable);
drawSQL-mysql-export-2026-02-09_paddle	1691	MEDIUM	Break down the customers by billable_type — how many in each?	SELECT billable_type, COUNT(*) as count FROM customers GROUP BY billable_type;	SELECT col_name, COUNT(*) as count FROM table_name GROUP BY col_name;	SELECT variable, COUNT(*) AS COUNT FROM variable GROUP BY variable;
drawSQL-mysql-export-2026-02-09_paddle	1692	MEDIUM	Are there any customers that don't have a match in related tables?	SELECT * FROM customers LIMIT num;	SELECT * FROM table_name LIMIT num;	SELECT * FROM variable LIMIT variable;
drawSQL-mysql-export-2026-02-09_paddle	1693	MEDIUM	For each group, what are the top 3 customers?	SELECT * FROM ( SELECT *, ROW_NUMBER() OVER (PARTITION BY billable_type ORDER BY id DESC) as rn FROM customers ) WHERE rn <= num;	SELECT * FROM ( SELECT *, ROW_NUMBER() OVER (PARTITION BY col_name ORDER BY id DESC) as column_alias0 FROM table_name ) WHERE column_alias0 <= num;	SELECT * FROM ( SELECT *, ROW_NUMBER() OVER (PARTITION BY variable ORDER BY variable DESC) AS variable FROM variable ) WHERE variable <= variable;
drawSQL-mysql-export-2026-02-09_paddle	1694	MEDIUM	How did the number of customers change month over month?	SELECT strftime('%Y-%m', updated_at) as period, COUNT(*) as count FROM customers WHERE updated_at >= date('now', '-2 months') GROUP BY period ORDER BY period;	SELECT strftime(string, col_name) as column_alias0, column_alias1(*) as column_alias1 FROM table_name WHERE col_name >= date(string, string) GROUP BY column_alias0 ORDER BY column_alias0;	SELECT STRFTIME(variable, variable) AS variable, variable(*) AS variable FROM variable WHERE variable >= DATE(variable, variable) GROUP BY variable ORDER BY variable;
drawSQL-mysql-export-2026-02-09_paddle	1695	MEDIUM	Which customers have duplicate or repeated values?	WITH grouped AS ( SELECT billable_type, COUNT(*) as cnt FROM customers GROUP BY billable_type ) SELECT * FROM grouped WHERE cnt > num ORDER BY cnt DESC;	WITH grouped AS ( SELECT col_name, COUNT(*) as cnt FROM table_name GROUP BY col_name ) SELECT * FROM grouped WHERE cnt > num ORDER BY cnt DESC;	WITH variable AS ( SELECT variable, COUNT(*) AS variable FROM variable GROUP BY variable ) SELECT * FROM variable WHERE variable > variable ORDER BY variable DESC;
drawSQL-mysql-export-2026-02-09_paddle	1696	MEDIUM	What's our total and average quantity across all subscriptions?	SELECT SUM(quantity) as total, AVG(quantity) as average FROM subscriptions;	SELECT SUM(col_name) as column_alias0, AVG(col_name) as average FROM table_name;	SELECT SUM(variable) AS variable, AVG(variable) AS variable FROM variable;
drawSQL-mysql-export-2026-02-09_paddle	1697	HARD	Pull together a report on customers joining all related tables.	SELECT * FROM customers;	SELECT * FROM table_name;	SELECT * FROM variable;
drawSQL-mysql-export-2026-02-09_paddle	1698	HARD	Who or what is the best in each group of customers?	SELECT * FROM ( SELECT *, ROW_NUMBER() OVER (PARTITION BY billable_type ORDER BY id DESC) as rn FROM customers ) WHERE rn = num;	SELECT * FROM ( SELECT *, ROW_NUMBER() OVER (PARTITION BY col_name ORDER BY id DESC) as column_alias0 FROM table_name ) WHERE column_alias0 = num;	SELECT * FROM ( SELECT *, ROW_NUMBER() OVER (PARTITION BY variable ORDER BY variable DESC) AS variable FROM variable ) WHERE variable = variable;
drawSQL-mysql-export-2026-02-09_paddle	1699	HARD	Which customers are above average compared to others in their group?	SELECT strftime('%Y-%m', updated_at) as period, COUNT(*) as count FROM customers WHERE updated_at >= date('now', '-2 months') GROUP BY period ORDER BY period;	SELECT strftime(string, col_name) as column_alias0, column_alias1(*) as column_alias1 FROM table_name WHERE col_name >= date(string, string) GROUP BY column_alias0 ORDER BY column_alias0;	SELECT STRFTIME(variable, variable) AS variable, variable(*) AS variable FROM variable WHERE variable >= DATE(variable, variable) GROUP BY variable ORDER BY variable;
drawSQL-mysql-export-2026-02-09_paddle	1700	HARD	Do a multi-step analysis: group customers, filter, then rank the results.	WITH grouped AS ( SELECT billable_type, COUNT(*) as cnt FROM customers GROUP BY billable_type ) SELECT * FROM grouped WHERE cnt > num ORDER BY cnt DESC;	WITH grouped AS ( SELECT col_name, COUNT(*) as cnt FROM table_name GROUP BY col_name ) SELECT * FROM grouped WHERE cnt > num ORDER BY cnt DESC;	WITH variable AS ( SELECT variable, COUNT(*) AS variable FROM variable GROUP BY variable ) SELECT * FROM variable WHERE variable > variable ORDER BY variable DESC;
drawSQL-mysql-export-2026-02-09_paddle	1701	HARD	Show the running total of customers over time based on updated_at.	SELECT *, COUNT(*) OVER (ORDER BY updated_at) as running_count FROM customers ORDER BY updated_at;	SELECT *, COUNT(*) OVER (ORDER BY col_name) as column_alias0 FROM table_name ORDER BY col_name;	SELECT *, COUNT(*) OVER (ORDER BY variable) AS variable FROM variable ORDER BY variable;
drawSQL-mysql-export-2026-02-09_paddle	1702	HARD	Find customers that exist in one table but not in a related table.	SELECT * FROM customers LIMIT num;	SELECT * FROM table_name LIMIT num;	SELECT * FROM variable LIMIT variable;
drawSQL-mysql-export-2026-02-09_paddle	1703	HARD	Combine data from customers, subscriptions, and receipts in a single report.	SELECT * FROM customers LEFT JOIN subscriptions ON subscriptions.id = customers.id LEFT JOIN receipts ON receipts.id = customers.id;	SELECT * FROM table_name LEFT JOIN table_name ON table_name.id = table_name.id LEFT JOIN table_name ON table_name.id = table_name.id;	SELECT * FROM variable LEFT JOIN variable ON variable = variable LEFT JOIN variable ON variable = variable;
drawSQL-mysql-export-2026-02-09_paddle	1704	HARD	Rank all customers within their groups and show the top performers.	SELECT * FROM ( SELECT *, ROW_NUMBER() OVER (PARTITION BY billable_type ORDER BY id DESC) as rn FROM customers ) WHERE rn <= num;	SELECT * FROM ( SELECT *, ROW_NUMBER() OVER (PARTITION BY col_name ORDER BY id DESC) as column_alias0 FROM table_name ) WHERE column_alias0 <= num;	SELECT * FROM ( SELECT *, ROW_NUMBER() OVER (PARTITION BY variable ORDER BY variable DESC) AS variable FROM variable ) WHERE variable <= variable;
drawSQL-mysql-export-2026-02-09_pay	1705	EASY	Which customers have status=string for their subscription?	SELECT * FROM pay_charges;	SELECT * FROM table_name;	SELECT * FROM variable;
drawSQL-mysql-export-2026-02-09_pay	1706	EASY	How many pay charges do we have in total?	SELECT COUNT(*) FROM pay_charges;	SELECT COUNT(*) FROM table_name;	SELECT COUNT(*) FROM variable;
drawSQL-mysql-export-2026-02-09_pay	1707	EASY	Show me all of our pay charges.	SELECT * FROM pay_charges;	SELECT * FROM table_name;	SELECT * FROM variable;
drawSQL-mysql-export-2026-02-09_pay	1708	EASY	Can you look up the pay charge with id=num?	SELECT * FROM pay_charges WHERE id = num;	SELECT * FROM table_name WHERE id = num;	SELECT * FROM variable WHERE variable = variable;
drawSQL-mysql-export-2026-02-09_pay	1709	EASY	How many pay charges were created since created_at=date?	SELECT COUNT(*) FROM pay_charges WHERE created_at >= date('now', '-1 month');	SELECT COUNT(*) FROM table_name WHERE col_name >= date(string, string);	SELECT COUNT(*) FROM variable WHERE variable >= DATE(variable, variable);
drawSQL-mysql-export-2026-02-09_pay	1710	EASY	What pay charges have amount between num and num?	SELECT * FROM pay_charges WHERE amount BETWEEN num AND num ORDER BY amount;	SELECT * FROM table_name WHERE col_name BETWEEN num AND num ORDER BY col_name;	SELECT * FROM variable WHERE variable BETWEEN variable AND variable ORDER BY variable;
drawSQL-mysql-export-2026-02-09_pay	1711	EASY	What are the most recent pay charges ordered by owner_type?	SELECT * FROM pay_charges ORDER BY created_at DESC LIMIT num;	SELECT * FROM table_name ORDER BY col_name DESC LIMIT num;	SELECT * FROM variable ORDER BY variable DESC LIMIT variable;
drawSQL-mysql-export-2026-02-09_pay	1712	EASY	How many subscriptions do we have in total?	SELECT COUNT(*) FROM pay_charges;	SELECT COUNT(*) FROM table_name;	SELECT COUNT(*) FROM variable;
drawSQL-mysql-export-2026-02-09_pay	1713	MEDIUM	How much revenue since created_at=date?	SELECT * FROM pay_charges LIMIT num;	SELECT * FROM table_name LIMIT num;	SELECT * FROM variable LIMIT variable;
drawSQL-mysql-export-2026-02-09_pay	1714	MEDIUM	What's our total and average amount across all pay charges?	SELECT SUM(amount) as total, AVG(amount) as average FROM pay_charges;	SELECT SUM(col_name) as column_alias0, AVG(col_name) as average FROM table_name;	SELECT SUM(variable) AS variable, AVG(variable) AS variable FROM variable;
drawSQL-mysql-export-2026-02-09_pay	1715	MEDIUM	Which pay charge has the highest amount?	SELECT * FROM pay_charges ORDER BY amount DESC LIMIT 1;	SELECT * FROM table_name ORDER BY col_name DESC LIMIT num;	SELECT * FROM variable ORDER BY variable DESC LIMIT variable;
drawSQL-mysql-export-2026-02-09_pay	1716	MEDIUM	How many pay charges were added since created_at=date?	SELECT COUNT(*) FROM pay_charges WHERE created_at >= date('now', '-1 month');	SELECT COUNT(*) FROM table_name WHERE col_name >= date(string, string);	SELECT COUNT(*) FROM variable WHERE variable >= DATE(variable, variable);
drawSQL-mysql-export-2026-02-09_pay	1717	MEDIUM	Break down the pay charges by owner_type — how many in each?	SELECT owner_type, COUNT(*) as count FROM pay_charges GROUP BY owner_type;	SELECT col_name, COUNT(*) as count FROM table_name GROUP BY col_name;	SELECT variable, COUNT(*) AS COUNT FROM variable GROUP BY variable;
drawSQL-mysql-export-2026-02-09_pay	1718	MEDIUM	Are there any pay charges that don't have a match in related tables?	SELECT * FROM pay_charges LIMIT num;	SELECT * FROM table_name LIMIT num;	SELECT * FROM variable LIMIT variable;
drawSQL-mysql-export-2026-02-09_pay	1719	MEDIUM	For each group, what are the top 3 pay charges?	SELECT * FROM ( SELECT *, ROW_NUMBER() OVER (PARTITION BY owner_type ORDER BY amount DESC) as rn FROM pay_charges ) WHERE rn <= num;	SELECT * FROM ( SELECT *, ROW_NUMBER() OVER (PARTITION BY col_name ORDER BY col_name DESC) as column_alias0 FROM table_name ) WHERE column_alias0 <= num;	SELECT * FROM ( SELECT *, ROW_NUMBER() OVER (PARTITION BY variable ORDER BY variable DESC) AS variable FROM variable ) WHERE variable <= variable;
drawSQL-mysql-export-2026-02-09_pay	1720	MEDIUM	How did the number of pay charges change month over month?	SELECT strftime('%Y-%m', created_at) as period, COUNT(*) as count FROM pay_charges WHERE created_at >= date('now', '-2 months') GROUP BY period ORDER BY period;	SELECT strftime(string, col_name) as column_alias0, column_alias1(*) as column_alias1 FROM table_name WHERE col_name >= date(string, string) GROUP BY column_alias0 ORDER BY column_alias0;	SELECT STRFTIME(variable, variable) AS variable, variable(*) AS variable FROM variable WHERE variable >= DATE(variable, variable) GROUP BY variable ORDER BY variable;
drawSQL-mysql-export-2026-02-09_pay	1721	HARD	Pull together a report on pay charges joining all related tables.	SELECT * FROM pay_charges;	SELECT * FROM table_name;	SELECT * FROM variable;
drawSQL-mysql-export-2026-02-09_pay	1722	HARD	Which pay charge has the best amount in each owner_type?	SELECT * FROM ( SELECT *, ROW_NUMBER() OVER (PARTITION BY owner_type ORDER BY amount DESC) as rn FROM pay_charges ) WHERE rn = num;	SELECT * FROM ( SELECT *, ROW_NUMBER() OVER (PARTITION BY col_name ORDER BY col_name DESC) as column_alias0 FROM table_name ) WHERE column_alias0 = num;	SELECT * FROM ( SELECT *, ROW_NUMBER() OVER (PARTITION BY variable ORDER BY variable DESC) AS variable FROM variable ) WHERE variable = variable;
drawSQL-mysql-export-2026-02-09_pay	1723	HARD	Which pay charges have amount above average compared to others in their group?	SELECT strftime('%Y-%m', created_at) as period, COUNT(*) as count FROM pay_charges WHERE created_at >= date('now', '-2 months') GROUP BY period ORDER BY period;	SELECT strftime(string, col_name) as column_alias0, column_alias1(*) as column_alias1 FROM table_name WHERE col_name >= date(string, string) GROUP BY column_alias0 ORDER BY column_alias0;	SELECT STRFTIME(variable, variable) AS variable, variable(*) AS variable FROM variable WHERE variable >= DATE(variable, variable) GROUP BY variable ORDER BY variable;
drawSQL-mysql-export-2026-02-09_pay	1724	HARD	Do a multi-step analysis: group pay charges, filter, then rank the results.	WITH grouped AS ( SELECT owner_type, COUNT(*) as cnt FROM pay_charges GROUP BY owner_type ) SELECT * FROM grouped WHERE cnt > num ORDER BY cnt DESC;	WITH grouped AS ( SELECT col_name, COUNT(*) as cnt FROM table_name GROUP BY col_name ) SELECT * FROM grouped WHERE cnt > num ORDER BY cnt DESC;	WITH variable AS ( SELECT variable, COUNT(*) AS variable FROM variable GROUP BY variable ) SELECT * FROM variable WHERE variable > variable ORDER BY variable DESC;
drawSQL-mysql-export-2026-02-09_pay	1725	HARD	Show the running total of pay charges over time based on created_at.	SELECT *, SUM(amount) OVER (ORDER BY created_at) as running_total FROM pay_charges ORDER BY created_at;	SELECT *, SUM(col_name) OVER (ORDER BY col_name) as column_alias0 FROM table_name ORDER BY col_name;	SELECT *, SUM(variable) OVER (ORDER BY variable) AS variable FROM variable ORDER BY variable;
drawSQL-mysql-export-2026-02-09_pay	1726	HARD	Find pay charges that exist in one table but not in a related table.	SELECT * FROM pay_charges LIMIT num;	SELECT * FROM table_name LIMIT num;	SELECT * FROM variable LIMIT variable;
drawSQL-mysql-export-2026-02-09_pay	1727	HARD	Rank all pay charges by amount within each owner_type and show percentiles.	SELECT * FROM ( SELECT *, ROW_NUMBER() OVER (PARTITION BY owner_type ORDER BY amount DESC) as rn FROM pay_charges ) WHERE rn <= num;	SELECT * FROM ( SELECT *, ROW_NUMBER() OVER (PARTITION BY col_name ORDER BY col_name DESC) as column_alias0 FROM table_name ) WHERE column_alias0 <= num;	SELECT * FROM ( SELECT *, ROW_NUMBER() OVER (PARTITION BY variable ORDER BY variable DESC) AS variable FROM variable ) WHERE variable <= variable;
drawSQL-mysql-export-2026-02-09_pay	1728	HARD	Pull together a report on subscriptions joining all related tables.	SELECT * FROM pay_charges;	SELECT * FROM table_name;	SELECT * FROM variable;
drawSQL-mysql-export-2026-02-09_pixelfed	1729	EASY	What rooms have price between num and num?	SELECT * FROM account_logs LIMIT num;	SELECT * FROM table_name LIMIT num;	SELECT * FROM variable LIMIT variable;
drawSQL-mysql-export-2026-02-09_pixelfed	1730	EASY	How many users signed up since created_at=date?	SELECT COUNT(*) FROM users WHERE created_at >= date('now', '-1 month');	SELECT COUNT(*) FROM table_name WHERE col_name >= date(string, string);	SELECT COUNT(*) FROM variable WHERE variable >= DATE(variable, variable);
drawSQL-mysql-export-2026-02-09_pixelfed	1731	EASY	How many account logs do we have in total?	SELECT COUNT(*) FROM account_logs;	SELECT COUNT(*) FROM table_name;	SELECT COUNT(*) FROM variable;
drawSQL-mysql-export-2026-02-09_pixelfed	1732	EASY	Show me all of our account logs.	SELECT * FROM account_logs;	SELECT * FROM table_name;	SELECT * FROM variable;
drawSQL-mysql-export-2026-02-09_pixelfed	1733	EASY	Can you look up the account log with id=num?	SELECT * FROM account_logs WHERE id = num;	SELECT * FROM table_name WHERE id = num;	SELECT * FROM variable WHERE variable = variable;
drawSQL-mysql-export-2026-02-09_pixelfed	1734	EASY	How many account logs were created since created_at=date?	SELECT COUNT(*) FROM account_logs WHERE created_at >= date('now', '-1 month');	SELECT COUNT(*) FROM table_name WHERE col_name >= date(string, string);	SELECT COUNT(*) FROM variable WHERE variable >= DATE(variable, variable);
drawSQL-mysql-export-2026-02-09_pixelfed	1735	EASY	What are the most recent account logs ordered by user_id?	SELECT * FROM account_logs ORDER BY created_at DESC LIMIT num;	SELECT * FROM table_name ORDER BY col_name DESC LIMIT num;	SELECT * FROM variable ORDER BY variable DESC LIMIT variable;
drawSQL-mysql-export-2026-02-09_pixelfed	1736	EASY	How many activities do we have in total?	SELECT COUNT(*) FROM activities;	SELECT COUNT(*) FROM table_name;	SELECT COUNT(*) FROM variable;
drawSQL-mysql-export-2026-02-09_pixelfed	1737	MEDIUM	Who are the most active users based on activity count?	SELECT * FROM users ORDER BY created_at DESC LIMIT 10;	SELECT * FROM table_name ORDER BY col_name DESC LIMIT num;	SELECT * FROM variable ORDER BY variable DESC LIMIT variable;
drawSQL-mysql-export-2026-02-09_pixelfed	1738	MEDIUM	How many account logs were added since created_at=date?	SELECT COUNT(*) FROM account_logs WHERE created_at >= date('now', '-1 month');	SELECT COUNT(*) FROM table_name WHERE col_name >= date(string, string);	SELECT COUNT(*) FROM variable WHERE variable >= DATE(variable, variable);
drawSQL-mysql-export-2026-02-09_pixelfed	1739	MEDIUM	Break down the account logs by item_type — how many in each?	SELECT item_type, COUNT(*) as count FROM account_logs GROUP BY item_type;	SELECT col_name, COUNT(*) as count FROM table_name GROUP BY col_name;	SELECT variable, COUNT(*) AS COUNT FROM variable GROUP BY variable;
drawSQL-mysql-export-2026-02-09_pixelfed	1740	MEDIUM	Are there any account logs that don't have a match in related tables?	SELECT * FROM account_logs LIMIT num;	SELECT * FROM table_name LIMIT num;	SELECT * FROM variable LIMIT variable;
drawSQL-mysql-export-2026-02-09_pixelfed	1741	MEDIUM	For each group, what are the top 3 account logs?	SELECT * FROM ( SELECT *, ROW_NUMBER() OVER (PARTITION BY item_type ORDER BY id DESC) as rn FROM account_logs ) WHERE rn <= num;	SELECT * FROM ( SELECT *, ROW_NUMBER() OVER (PARTITION BY col_name ORDER BY id DESC) as column_alias0 FROM table_name ) WHERE column_alias0 <= num;	SELECT * FROM ( SELECT *, ROW_NUMBER() OVER (PARTITION BY variable ORDER BY variable DESC) AS variable FROM variable ) WHERE variable <= variable;
drawSQL-mysql-export-2026-02-09_pixelfed	1742	MEDIUM	How did the number of account logs change month over month?	SELECT strftime('%Y-%m', created_at) as period, COUNT(*) as count FROM account_logs WHERE created_at >= date('now', '-2 months') GROUP BY period ORDER BY period;	SELECT strftime(string, col_name) as column_alias0, column_alias1(*) as column_alias1 FROM table_name WHERE col_name >= date(string, string) GROUP BY column_alias0 ORDER BY column_alias0;	SELECT STRFTIME(variable, variable) AS variable, variable(*) AS variable FROM variable WHERE variable >= DATE(variable, variable) GROUP BY variable ORDER BY variable;
drawSQL-mysql-export-2026-02-09_pixelfed	1743	MEDIUM	Which account logs have duplicate or repeated values?	WITH grouped AS ( SELECT item_type, COUNT(*) as cnt FROM account_logs GROUP BY item_type ) SELECT * FROM grouped WHERE cnt > num ORDER BY cnt DESC;	WITH grouped AS ( SELECT col_name, COUNT(*) as cnt FROM table_name GROUP BY col_name ) SELECT * FROM grouped WHERE cnt > num ORDER BY cnt DESC;	WITH variable AS ( SELECT variable, COUNT(*) AS variable FROM variable GROUP BY variable ) SELECT * FROM variable WHERE variable > variable ORDER BY variable DESC;
drawSQL-mysql-export-2026-02-09_pixelfed	1744	MEDIUM	How many activities were added since created_at=date?	SELECT COUNT(*) FROM activities WHERE created_at >= date('now', '-1 month');	SELECT COUNT(*) FROM table_name WHERE col_name >= date(string, string);	SELECT COUNT(*) FROM variable WHERE variable >= DATE(variable, variable);
drawSQL-mysql-export-2026-02-09_pixelfed	1745	HARD	Pull together a report on account logs joining all related tables.	SELECT * FROM avatars LEFT JOIN profiles ON avatars.profile_id = profiles.id;	SELECT * FROM table_name LEFT JOIN table_name ON table_name.col_name = table_name.id;	SELECT * FROM variable LEFT JOIN variable ON variable = variable;
drawSQL-mysql-export-2026-02-09_pixelfed	1746	HARD	Who or what is the best in each group of account logs?	SELECT * FROM ( SELECT *, ROW_NUMBER() OVER (PARTITION BY item_type ORDER BY id DESC) as rn FROM account_logs ) WHERE rn = num;	SELECT * FROM ( SELECT *, ROW_NUMBER() OVER (PARTITION BY col_name ORDER BY id DESC) as column_alias0 FROM table_name ) WHERE column_alias0 = num;	SELECT * FROM ( SELECT *, ROW_NUMBER() OVER (PARTITION BY variable ORDER BY variable DESC) AS variable FROM variable ) WHERE variable = variable;
drawSQL-mysql-export-2026-02-09_pixelfed	1747	HARD	Which account logs are above average compared to others in their group?	SELECT strftime('%Y-%m', created_at) as period, COUNT(*) as count FROM account_logs WHERE created_at >= date('now', '-2 months') GROUP BY period ORDER BY period;	SELECT strftime(string, col_name) as column_alias0, column_alias1(*) as column_alias1 FROM table_name WHERE col_name >= date(string, string) GROUP BY column_alias0 ORDER BY column_alias0;	SELECT STRFTIME(variable, variable) AS variable, variable(*) AS variable FROM variable WHERE variable >= DATE(variable, variable) GROUP BY variable ORDER BY variable;
drawSQL-mysql-export-2026-02-09_pixelfed	1748	HARD	Do a multi-step analysis: group account logs, filter, then rank the results.	WITH grouped AS ( SELECT item_type, COUNT(*) as cnt FROM account_logs GROUP BY item_type ) SELECT * FROM grouped WHERE cnt > num ORDER BY cnt DESC;	WITH grouped AS ( SELECT col_name, COUNT(*) as cnt FROM table_name GROUP BY col_name ) SELECT * FROM grouped WHERE cnt > num ORDER BY cnt DESC;	WITH variable AS ( SELECT variable, COUNT(*) AS variable FROM variable GROUP BY variable ) SELECT * FROM variable WHERE variable > variable ORDER BY variable DESC;
drawSQL-mysql-export-2026-02-09_pixelfed	1749	HARD	Show the running total of account logs over time based on created_at.	SELECT *, COUNT(*) OVER (ORDER BY created_at) as running_count FROM account_logs ORDER BY created_at;	SELECT *, COUNT(*) OVER (ORDER BY col_name) as column_alias0 FROM table_name ORDER BY col_name;	SELECT *, COUNT(*) OVER (ORDER BY variable) AS variable FROM variable ORDER BY variable;
drawSQL-mysql-export-2026-02-09_pixelfed	1750	HARD	Find account logs that exist in one table but not in a related table.	SELECT * FROM account_logs LIMIT num;	SELECT * FROM table_name LIMIT num;	SELECT * FROM variable LIMIT variable;
drawSQL-mysql-export-2026-02-09_pixelfed	1751	HARD	Combine data from account_logs, activities, and avatars in a single report.	SELECT * FROM account_logs LEFT JOIN activities ON activities.id = account_logs.id LEFT JOIN avatars ON avatars.id = account_logs.id;	SELECT * FROM table_name LEFT JOIN table_name ON table_name.id = table_name.id LEFT JOIN table_name ON table_name.id = table_name.id;	SELECT * FROM variable LEFT JOIN variable ON variable = variable LEFT JOIN variable ON variable = variable;
drawSQL-mysql-export-2026-02-09_pixelfed	1752	HARD	Rank all account logs within their groups and show the top performers.	SELECT * FROM ( SELECT *, ROW_NUMBER() OVER (PARTITION BY item_type ORDER BY id DESC) as rn FROM account_logs ) WHERE rn <= num;	SELECT * FROM ( SELECT *, ROW_NUMBER() OVER (PARTITION BY col_name ORDER BY id DESC) as column_alias0 FROM table_name ) WHERE column_alias0 <= num;	SELECT * FROM ( SELECT *, ROW_NUMBER() OVER (PARTITION BY variable ORDER BY variable DESC) AS variable FROM variable ) WHERE variable <= variable;
drawSQL-mysql-export-2026-02-09_polr	1753	EASY	How many users signed up since created_at=date?	SELECT COUNT(*) FROM users WHERE created_at >= date('now', '-1 month');	SELECT COUNT(*) FROM table_name WHERE col_name >= date(string, string);	SELECT COUNT(*) FROM variable WHERE variable >= DATE(variable, variable);
drawSQL-mysql-export-2026-02-09_polr	1754	EASY	How many clicks do we have in total?	SELECT COUNT(*) FROM clicks;	SELECT COUNT(*) FROM table_name;	SELECT COUNT(*) FROM variable;
drawSQL-mysql-export-2026-02-09_polr	1755	EASY	Show me all of our clicks.	SELECT * FROM clicks;	SELECT * FROM table_name;	SELECT * FROM variable;
drawSQL-mysql-export-2026-02-09_polr	1756	EASY	Can you look up the click with id=num?	SELECT * FROM clicks WHERE id = num;	SELECT * FROM table_name WHERE id = num;	SELECT * FROM variable WHERE variable = variable;
drawSQL-mysql-export-2026-02-09_polr	1757	EASY	How many clicks were created since created_at=date?	SELECT COUNT(*) FROM clicks WHERE created_at >= date('now', '-1 month');	SELECT COUNT(*) FROM table_name WHERE col_name >= date(string, string);	SELECT COUNT(*) FROM variable WHERE variable >= DATE(variable, variable);
drawSQL-mysql-export-2026-02-09_polr	1758	EASY	What are the most recent clicks ordered by country?	SELECT * FROM clicks ORDER BY created_at DESC LIMIT num;	SELECT * FROM table_name ORDER BY col_name DESC LIMIT num;	SELECT * FROM variable ORDER BY variable DESC LIMIT variable;
drawSQL-mysql-export-2026-02-09_polr	1759	EASY	How many links do we have in total?	SELECT COUNT(*) FROM links;	SELECT COUNT(*) FROM table_name;	SELECT COUNT(*) FROM variable;
drawSQL-mysql-export-2026-02-09_polr	1760	EASY	Show me all of our links.	SELECT * FROM links;	SELECT * FROM table_name;	SELECT * FROM variable;
drawSQL-mysql-export-2026-02-09_polr	1761	MEDIUM	Who are the most active users based on activity count?	SELECT * FROM users ORDER BY created_at DESC LIMIT 10;	SELECT * FROM table_name ORDER BY col_name DESC LIMIT num;	SELECT * FROM variable ORDER BY variable DESC LIMIT variable;
drawSQL-mysql-export-2026-02-09_polr	1762	MEDIUM	How many clicks were added since created_at=date?	SELECT COUNT(*) FROM clicks WHERE created_at >= date('now', '-1 month');	SELECT COUNT(*) FROM table_name WHERE col_name >= date(string, string);	SELECT COUNT(*) FROM variable WHERE variable >= DATE(variable, variable);
drawSQL-mysql-export-2026-02-09_polr	1763	MEDIUM	Break down the clicks by ip — how many in each?	SELECT ip, COUNT(*) as count FROM clicks GROUP BY ip;	SELECT col_name, COUNT(*) as count FROM table_name GROUP BY col_name;	SELECT variable, COUNT(*) AS COUNT FROM variable GROUP BY variable;
drawSQL-mysql-export-2026-02-09_polr	1764	MEDIUM	Are there any clicks that don't have a match in related tables?	SELECT * FROM clicks LIMIT num;	SELECT * FROM table_name LIMIT num;	SELECT * FROM variable LIMIT variable;
drawSQL-mysql-export-2026-02-09_polr	1765	MEDIUM	For each group, what are the top 3 clicks?	SELECT * FROM clicks ORDER BY id DESC LIMIT num;	SELECT * FROM table_name ORDER BY id DESC LIMIT num;	SELECT * FROM variable ORDER BY variable DESC LIMIT variable;
drawSQL-mysql-export-2026-02-09_polr	1766	MEDIUM	How did the number of clicks change month over month?	SELECT strftime('%Y-%m', created_at) as period, COUNT(*) as count FROM clicks WHERE created_at >= date('now', '-2 months') GROUP BY period ORDER BY period;	SELECT strftime(string, col_name) as column_alias0, column_alias1(*) as column_alias1 FROM table_name WHERE col_name >= date(string, string) GROUP BY column_alias0 ORDER BY column_alias0;	SELECT STRFTIME(variable, variable) AS variable, variable(*) AS variable FROM variable WHERE variable >= DATE(variable, variable) GROUP BY variable ORDER BY variable;
drawSQL-mysql-export-2026-02-09_polr	1767	MEDIUM	Which clicks have duplicate or repeated values?	WITH grouped AS ( SELECT ip, COUNT(*) as cnt FROM clicks GROUP BY ip ) SELECT * FROM grouped WHERE cnt > num ORDER BY cnt DESC;	WITH grouped AS ( SELECT col_name, COUNT(*) as cnt FROM table_name GROUP BY col_name ) SELECT * FROM grouped WHERE cnt > num ORDER BY cnt DESC;	WITH variable AS ( SELECT variable, COUNT(*) AS variable FROM variable GROUP BY variable ) SELECT * FROM variable WHERE variable > variable ORDER BY variable DESC;
drawSQL-mysql-export-2026-02-09_polr	1768	MEDIUM	Show me each link along with its related details from other tables.	SELECT * FROM clicks;	SELECT * FROM table_name;	SELECT * FROM variable;
drawSQL-mysql-export-2026-02-09_polr	1769	HARD	Pull together a report on clicks joining all related tables.	SELECT * FROM clicks LEFT JOIN links ON clicks.link_id = links.id;	SELECT * FROM table_name LEFT JOIN table_name ON table_name.col_name = table_name.id;	SELECT * FROM variable LEFT JOIN variable ON variable = variable;
drawSQL-mysql-export-2026-02-09_polr	1770	HARD	Who or what is the best in each group of clicks?	SELECT * FROM ( SELECT *, ROW_NUMBER() OVER (PARTITION BY ip ORDER BY id DESC) as rn FROM clicks ) WHERE rn = num;	SELECT * FROM ( SELECT *, ROW_NUMBER() OVER (PARTITION BY col_name ORDER BY id DESC) as column_alias0 FROM table_name ) WHERE column_alias0 = num;	SELECT * FROM ( SELECT *, ROW_NUMBER() OVER (PARTITION BY variable ORDER BY variable DESC) AS variable FROM variable ) WHERE variable = variable;
drawSQL-mysql-export-2026-02-09_polr	1771	HARD	Which clicks are above average compared to others in their group?	SELECT strftime('%Y-%m', created_at) as period, COUNT(*) as count FROM clicks WHERE created_at >= date('now', '-2 months') GROUP BY period ORDER BY period;	SELECT strftime(string, col_name) as column_alias0, column_alias1(*) as column_alias1 FROM table_name WHERE col_name >= date(string, string) GROUP BY column_alias0 ORDER BY column_alias0;	SELECT STRFTIME(variable, variable) AS variable, variable(*) AS variable FROM variable WHERE variable >= DATE(variable, variable) GROUP BY variable ORDER BY variable;
drawSQL-mysql-export-2026-02-09_polr	1772	HARD	Do a multi-step analysis: group clicks, filter, then rank the results.	WITH grouped AS ( SELECT ip, COUNT(*) as cnt FROM clicks GROUP BY ip ) SELECT * FROM grouped WHERE cnt > num ORDER BY cnt DESC;	WITH grouped AS ( SELECT col_name, COUNT(*) as cnt FROM table_name GROUP BY col_name ) SELECT * FROM grouped WHERE cnt > num ORDER BY cnt DESC;	WITH variable AS ( SELECT variable, COUNT(*) AS variable FROM variable GROUP BY variable ) SELECT * FROM variable WHERE variable > variable ORDER BY variable DESC;
drawSQL-mysql-export-2026-02-09_polr	1773	HARD	Show the running total of clicks over time based on created_at.	SELECT *, COUNT(*) OVER (ORDER BY created_at) as running_count FROM clicks ORDER BY created_at;	SELECT *, COUNT(*) OVER (ORDER BY col_name) as column_alias0 FROM table_name ORDER BY col_name;	SELECT *, COUNT(*) OVER (ORDER BY variable) AS variable FROM variable ORDER BY variable;
drawSQL-mysql-export-2026-02-09_polr	1774	HARD	Find clicks that exist in one table but not in a related table.	SELECT * FROM clicks LIMIT num;	SELECT * FROM table_name LIMIT num;	SELECT * FROM variable LIMIT variable;
drawSQL-mysql-export-2026-02-09_polr	1775	HARD	Combine data from clicks, links, and users in a single report.	SELECT * FROM clicks LEFT JOIN links ON links.id = clicks.link_id LEFT JOIN users ON users.id = clicks.creator;	SELECT * FROM table_name LEFT JOIN table_name ON table_name.id = table_name.col_name LEFT JOIN table_name ON table_name.id = table_name.col_name;	SELECT * FROM variable LEFT JOIN variable ON variable = variable LEFT JOIN variable ON variable = variable;
drawSQL-mysql-export-2026-02-09_polr	1776	HARD	Rank all clicks within their groups and show the top performers.	SELECT *, ROW_NUMBER() OVER (ORDER BY id DESC) as rn FROM clicks;	SELECT *, ROW_NUMBER() OVER (ORDER BY id DESC) as column_alias0 FROM table_name;	SELECT *, ROW_NUMBER() OVER (ORDER BY variable DESC) AS variable FROM variable;
drawSQL-mysql-export-2026-02-09_screenly	1777	EASY	How many users signed up since created_at=date?	SELECT COUNT(*) FROM users WHERE created_at >= date('now', '-1 month');	SELECT COUNT(*) FROM table_name WHERE col_name >= date(string, string);	SELECT COUNT(*) FROM variable WHERE variable >= DATE(variable, variable);
drawSQL-mysql-export-2026-02-09_screenly	1778	EASY	How many api keys do we have in total?	SELECT COUNT(*) FROM api_keys;	SELECT COUNT(*) FROM table_name;	SELECT COUNT(*) FROM variable;
drawSQL-mysql-export-2026-02-09_screenly	1779	EASY	Show me all of our api keys.	SELECT * FROM api_keys;	SELECT * FROM table_name;	SELECT * FROM variable;
drawSQL-mysql-export-2026-02-09_screenly	1780	EASY	Can you look up the api key with id=num?	SELECT * FROM api_keys WHERE id = num;	SELECT * FROM table_name WHERE id = num;	SELECT * FROM variable WHERE variable = variable;
drawSQL-mysql-export-2026-02-09_screenly	1781	EASY	Find the api key where name=string.	SELECT * FROM api_keys WHERE name = string;	SELECT * FROM table_name WHERE col_name = string;	SELECT * FROM variable WHERE variable = variable;
drawSQL-mysql-export-2026-02-09_screenly	1782	EASY	How many api keys were created since created_at=date?	SELECT COUNT(*) FROM api_keys WHERE created_at >= date('now', '-1 month');	SELECT COUNT(*) FROM table_name WHERE col_name >= date(string, string);	SELECT COUNT(*) FROM variable WHERE variable >= DATE(variable, variable);
drawSQL-mysql-export-2026-02-09_screenly	1783	EASY	What are the most recent api keys ordered by name?	SELECT * FROM api_keys ORDER BY created_at DESC LIMIT num;	SELECT * FROM table_name ORDER BY col_name DESC LIMIT num;	SELECT * FROM variable ORDER BY variable DESC LIMIT variable;
drawSQL-mysql-export-2026-02-09_screenly	1784	EASY	How many api log do we have in total?	SELECT COUNT(*) FROM api_log;	SELECT COUNT(*) FROM table_name;	SELECT COUNT(*) FROM variable;
drawSQL-mysql-export-2026-02-09_screenly	1785	MEDIUM	Who are the most active users based on activity count?	SELECT * FROM users ORDER BY created_at DESC LIMIT 10;	SELECT * FROM table_name ORDER BY col_name DESC LIMIT num;	SELECT * FROM variable ORDER BY variable DESC LIMIT variable;
drawSQL-mysql-export-2026-02-09_screenly	1786	MEDIUM	How many api keys were added since created_at=date?	SELECT COUNT(*) FROM api_keys WHERE created_at >= date('now', '-1 month');	SELECT COUNT(*) FROM table_name WHERE col_name >= date(string, string);	SELECT COUNT(*) FROM variable WHERE variable >= DATE(variable, variable);
drawSQL-mysql-export-2026-02-09_screenly	1787	MEDIUM	Break down the api keys by name — how many in each?	SELECT name, COUNT(*) as count FROM api_keys GROUP BY name;	SELECT col_name, COUNT(*) as count FROM table_name GROUP BY col_name;	SELECT variable, COUNT(*) AS COUNT FROM variable GROUP BY variable;
drawSQL-mysql-export-2026-02-09_screenly	1788	MEDIUM	Are there any api keys that don't have a match in related tables?	SELECT * FROM api_keys LIMIT num;	SELECT * FROM table_name LIMIT num;	SELECT * FROM variable LIMIT variable;
drawSQL-mysql-export-2026-02-09_screenly	1789	MEDIUM	For each group, what are the top 3 api keys?	SELECT * FROM api_keys ORDER BY id DESC LIMIT num;	SELECT * FROM table_name ORDER BY id DESC LIMIT num;	SELECT * FROM variable ORDER BY variable DESC LIMIT variable;
drawSQL-mysql-export-2026-02-09_screenly	1790	MEDIUM	How did the number of api keys change month over month?	SELECT strftime('%Y-%m', created_at) as period, COUNT(*) as count FROM api_keys WHERE created_at >= date('now', '-2 months') GROUP BY period ORDER BY period;	SELECT strftime(string, col_name) as column_alias0, column_alias1(*) as column_alias1 FROM table_name WHERE col_name >= date(string, string) GROUP BY column_alias0 ORDER BY column_alias0;	SELECT STRFTIME(variable, variable) AS variable, variable(*) AS variable FROM variable WHERE variable >= DATE(variable, variable) GROUP BY variable ORDER BY variable;
drawSQL-mysql-export-2026-02-09_screenly	1791	MEDIUM	Which api keys have duplicate or repeated values?	WITH grouped AS ( SELECT name, COUNT(*) as cnt FROM api_keys GROUP BY name ) SELECT * FROM grouped WHERE cnt > num ORDER BY cnt DESC;	WITH grouped AS ( SELECT col_name, COUNT(*) as cnt FROM table_name GROUP BY col_name ) SELECT * FROM grouped WHERE cnt > num ORDER BY cnt DESC;	WITH variable AS ( SELECT variable, COUNT(*) AS variable FROM variable GROUP BY variable ) SELECT * FROM variable WHERE variable > variable ORDER BY variable DESC;
drawSQL-mysql-export-2026-02-09_screenly	1792	MEDIUM	How many api log were added since created_at=date?	SELECT COUNT(*) FROM api_log WHERE created_at >= date('now', '-1 month');	SELECT COUNT(*) FROM table_name WHERE col_name >= date(string, string);	SELECT COUNT(*) FROM variable WHERE variable >= DATE(variable, variable);
drawSQL-mysql-export-2026-02-09_screenly	1793	HARD	Pull together a report on api keys joining all related tables.	SELECT * FROM api_keys LEFT JOIN users ON api_keys.user_id = users.id;	SELECT * FROM table_name LEFT JOIN table_name ON table_name.col_name = table_name.id;	SELECT * FROM variable LEFT JOIN variable ON variable = variable;
drawSQL-mysql-export-2026-02-09_screenly	1794	HARD	Who or what is the best in each group of api keys?	SELECT * FROM ( SELECT *, ROW_NUMBER() OVER (PARTITION BY name ORDER BY id DESC) as rn FROM api_keys ) WHERE rn = num;	SELECT * FROM ( SELECT *, ROW_NUMBER() OVER (PARTITION BY col_name ORDER BY id DESC) as column_alias0 FROM table_name ) WHERE column_alias0 = num;	SELECT * FROM ( SELECT *, ROW_NUMBER() OVER (PARTITION BY variable ORDER BY variable DESC) AS variable FROM variable ) WHERE variable = variable;
drawSQL-mysql-export-2026-02-09_screenly	1795	HARD	Which api keys are above average compared to others in their group?	SELECT strftime('%Y-%m', created_at) as period, COUNT(*) as count FROM api_keys WHERE created_at >= date('now', '-2 months') GROUP BY period ORDER BY period;	SELECT strftime(string, col_name) as column_alias0, column_alias1(*) as column_alias1 FROM table_name WHERE col_name >= date(string, string) GROUP BY column_alias0 ORDER BY column_alias0;	SELECT STRFTIME(variable, variable) AS variable, variable(*) AS variable FROM variable WHERE variable >= DATE(variable, variable) GROUP BY variable ORDER BY variable;
drawSQL-mysql-export-2026-02-09_screenly	1796	HARD	Do a multi-step analysis: group api keys, filter, then rank the results.	WITH grouped AS ( SELECT name, COUNT(*) as cnt FROM api_keys GROUP BY name ) SELECT * FROM grouped WHERE cnt > num ORDER BY cnt DESC;	WITH grouped AS ( SELECT col_name, COUNT(*) as cnt FROM table_name GROUP BY col_name ) SELECT * FROM grouped WHERE cnt > num ORDER BY cnt DESC;	WITH variable AS ( SELECT variable, COUNT(*) AS variable FROM variable GROUP BY variable ) SELECT * FROM variable WHERE variable > variable ORDER BY variable DESC;
drawSQL-mysql-export-2026-02-09_screenly	1797	HARD	Show the running total of api keys over time based on created_at.	SELECT *, COUNT(*) OVER (ORDER BY created_at) as running_count FROM api_keys ORDER BY created_at;	SELECT *, COUNT(*) OVER (ORDER BY col_name) as column_alias0 FROM table_name ORDER BY col_name;	SELECT *, COUNT(*) OVER (ORDER BY variable) AS variable FROM variable ORDER BY variable;
drawSQL-mysql-export-2026-02-09_screenly	1798	HARD	Find api keys that exist in one table but not in a related table.	SELECT * FROM api_keys LIMIT num;	SELECT * FROM table_name LIMIT num;	SELECT * FROM variable LIMIT variable;
drawSQL-mysql-export-2026-02-09_screenly	1799	HARD	Combine data from api_keys, api_log, and password_resets in a single report.	SELECT * FROM api_keys LEFT JOIN api_log ON api_log.id = api_keys.id LEFT JOIN password_resets ON password_resets.id = api_keys.id;	SELECT * FROM table_name LEFT JOIN table_name ON table_name.id = table_name.id LEFT JOIN table_name ON table_name.id = table_name.id;	SELECT * FROM variable LEFT JOIN variable ON variable = variable LEFT JOIN variable ON variable = variable;
drawSQL-mysql-export-2026-02-09_screenly	1800	HARD	Rank all api keys within their groups and show the top performers.	SELECT *, ROW_NUMBER() OVER (ORDER BY id DESC) as rn FROM api_keys;	SELECT *, ROW_NUMBER() OVER (ORDER BY id DESC) as column_alias0 FROM table_name;	SELECT *, ROW_NUMBER() OVER (ORDER BY variable DESC) AS variable FROM variable;
drawSQL-mysql-export-2026-02-09_servermonitor	1801	EASY	How many users signed up since created_at=date?	SELECT COUNT(*) FROM checks WHERE created_at >= date('now', '-1 month');	SELECT COUNT(*) FROM table_name WHERE col_name >= date(string, string);	SELECT COUNT(*) FROM variable WHERE variable >= DATE(variable, variable);
drawSQL-mysql-export-2026-02-09_servermonitor	1802	EASY	How many checks do we have in total?	SELECT COUNT(*) FROM checks;	SELECT COUNT(*) FROM table_name;	SELECT COUNT(*) FROM variable;
drawSQL-mysql-export-2026-02-09_servermonitor	1803	EASY	Show me all of our checks.	SELECT * FROM checks;	SELECT * FROM table_name;	SELECT * FROM variable;
drawSQL-mysql-export-2026-02-09_servermonitor	1804	EASY	Can you look up the check with id=num?	SELECT * FROM checks WHERE id = num;	SELECT * FROM table_name WHERE id = num;	SELECT * FROM variable WHERE variable = variable;
drawSQL-mysql-export-2026-02-09_servermonitor	1805	EASY	Which checks have status=string?	SELECT * FROM checks WHERE status != 1 AND enabled = 1;	SELECT * FROM table_name WHERE col_name != num AND col_name = num;	SELECT * FROM variable WHERE variable != variable AND variable = variable;
drawSQL-mysql-export-2026-02-09_servermonitor	1806	EASY	How many checks were created since created_at=date?	SELECT COUNT(*) FROM checks WHERE created_at >= date('now', '-1 month');	SELECT COUNT(*) FROM table_name WHERE col_name >= date(string, string);	SELECT COUNT(*) FROM variable WHERE variable >= DATE(variable, variable);
drawSQL-mysql-export-2026-02-09_servermonitor	1807	EASY	What are the most recent checks ordered by host_id?	SELECT * FROM checks ORDER BY created_at DESC LIMIT num;	SELECT * FROM table_name ORDER BY col_name DESC LIMIT num;	SELECT * FROM variable ORDER BY variable DESC LIMIT variable;
drawSQL-mysql-export-2026-02-09_servermonitor	1808	EASY	How many hosts do we have in total?	SELECT COUNT(*) FROM hosts;	SELECT COUNT(*) FROM table_name;	SELECT COUNT(*) FROM variable;
drawSQL-mysql-export-2026-02-09_servermonitor	1809	MEDIUM	Who are the most active users based on activity count?	SELECT * FROM checks LIMIT num;	SELECT * FROM table_name LIMIT num;	SELECT * FROM variable LIMIT variable;
drawSQL-mysql-export-2026-02-09_servermonitor	1810	MEDIUM	How many checks were added since created_at=date?	SELECT COUNT(*) FROM checks WHERE created_at >= date('now', '-1 month');	SELECT COUNT(*) FROM table_name WHERE col_name >= date(string, string);	SELECT COUNT(*) FROM variable WHERE variable >= DATE(variable, variable);
drawSQL-mysql-export-2026-02-09_servermonitor	1811	MEDIUM	Break down the checks by type — how many in each?	SELECT type, COUNT(*) as count FROM checks GROUP BY type;	SELECT col_name, COUNT(*) as count FROM table_name GROUP BY col_name;	SELECT variable, COUNT(*) AS COUNT FROM variable GROUP BY variable;
drawSQL-mysql-export-2026-02-09_servermonitor	1812	MEDIUM	Are there any checks that don't have a match in related tables?	SELECT * FROM checks LIMIT num;	SELECT * FROM table_name LIMIT num;	SELECT * FROM variable LIMIT variable;
drawSQL-mysql-export-2026-02-09_servermonitor	1813	MEDIUM	For each group, what are the top 3 checks?	SELECT * FROM ( SELECT *, ROW_NUMBER() OVER (PARTITION BY type ORDER BY id DESC) as rn FROM checks ) WHERE rn <= num;	SELECT * FROM ( SELECT *, ROW_NUMBER() OVER (PARTITION BY col_name ORDER BY id DESC) as column_alias0 FROM table_name ) WHERE column_alias0 <= num;	SELECT * FROM ( SELECT *, ROW_NUMBER() OVER (PARTITION BY variable ORDER BY variable DESC) AS variable FROM variable ) WHERE variable <= variable;
drawSQL-mysql-export-2026-02-09_servermonitor	1814	MEDIUM	How did the number of checks change month over month?	SELECT strftime('%Y-%m', created_at) as period, COUNT(*) as count FROM checks WHERE created_at >= date('now', '-2 months') GROUP BY period ORDER BY period;	SELECT strftime(string, col_name) as column_alias0, column_alias1(*) as column_alias1 FROM table_name WHERE col_name >= date(string, string) GROUP BY column_alias0 ORDER BY column_alias0;	SELECT STRFTIME(variable, variable) AS variable, variable(*) AS variable FROM variable WHERE variable >= DATE(variable, variable) GROUP BY variable ORDER BY variable;
drawSQL-mysql-export-2026-02-09_servermonitor	1815	MEDIUM	Which checks have duplicate or repeated values?	SELECT * FROM checks WHERE status = num;	SELECT * FROM table_name WHERE col_name = num;	SELECT * FROM variable WHERE variable = variable;
drawSQL-mysql-export-2026-02-09_servermonitor	1816	MEDIUM	Show me each host along with its related details from other tables.	SELECT * FROM checks;	SELECT * FROM table_name;	SELECT * FROM variable;
drawSQL-mysql-export-2026-02-09_servermonitor	1817	HARD	Pull together a report on checks joining all related tables.	SELECT * FROM checks LEFT JOIN hosts ON checks.host_id = hosts.id;	SELECT * FROM table_name LEFT JOIN table_name ON table_name.col_name = table_name.id;	SELECT * FROM variable LEFT JOIN variable ON variable = variable;
drawSQL-mysql-export-2026-02-09_servermonitor	1818	HARD	Who or what is the best in each group of checks?	SELECT * FROM ( SELECT *, ROW_NUMBER() OVER (PARTITION BY type ORDER BY id DESC) as rn FROM checks ) WHERE rn = num;	SELECT * FROM ( SELECT *, ROW_NUMBER() OVER (PARTITION BY col_name ORDER BY id DESC) as column_alias0 FROM table_name ) WHERE column_alias0 = num;	SELECT * FROM ( SELECT *, ROW_NUMBER() OVER (PARTITION BY variable ORDER BY variable DESC) AS variable FROM variable ) WHERE variable = variable;
drawSQL-mysql-export-2026-02-09_servermonitor	1819	HARD	Which checks are above average compared to others in their group?	SELECT strftime('%Y-%m', created_at) as period, COUNT(*) as count FROM checks WHERE created_at >= date('now', '-2 months') GROUP BY period ORDER BY period;	SELECT strftime(string, col_name) as column_alias0, column_alias1(*) as column_alias1 FROM table_name WHERE col_name >= date(string, string) GROUP BY column_alias0 ORDER BY column_alias0;	SELECT STRFTIME(variable, variable) AS variable, variable(*) AS variable FROM variable WHERE variable >= DATE(variable, variable) GROUP BY variable ORDER BY variable;
drawSQL-mysql-export-2026-02-09_servermonitor	1820	HARD	Do a multi-step analysis: group checks, filter, then rank the results.	WITH grouped AS ( SELECT type, COUNT(*) as cnt FROM checks GROUP BY type ) SELECT * FROM grouped WHERE cnt > num ORDER BY cnt DESC;	WITH grouped AS ( SELECT col_name, COUNT(*) as cnt FROM table_name GROUP BY col_name ) SELECT * FROM grouped WHERE cnt > num ORDER BY cnt DESC;	WITH variable AS ( SELECT variable, COUNT(*) AS variable FROM variable GROUP BY variable ) SELECT * FROM variable WHERE variable > variable ORDER BY variable DESC;
drawSQL-mysql-export-2026-02-09_servermonitor	1821	HARD	Show the running total of checks over time based on created_at.	SELECT *, COUNT(*) OVER (ORDER BY created_at) as running_count FROM checks ORDER BY created_at;	SELECT *, COUNT(*) OVER (ORDER BY col_name) as column_alias0 FROM table_name ORDER BY col_name;	SELECT *, COUNT(*) OVER (ORDER BY variable) AS variable FROM variable ORDER BY variable;
drawSQL-mysql-export-2026-02-09_servermonitor	1822	HARD	Find checks that exist in one table but not in a related table.	SELECT * FROM checks LIMIT num;	SELECT * FROM table_name LIMIT num;	SELECT * FROM variable LIMIT variable;
drawSQL-mysql-export-2026-02-09_servermonitor	1823	HARD	Rank all checks within their groups and show the top performers.	SELECT * FROM ( SELECT *, ROW_NUMBER() OVER (PARTITION BY type ORDER BY id DESC) as rn FROM checks ) WHERE rn <= num;	SELECT * FROM ( SELECT *, ROW_NUMBER() OVER (PARTITION BY col_name ORDER BY id DESC) as column_alias0 FROM table_name ) WHERE column_alias0 <= num;	SELECT * FROM ( SELECT *, ROW_NUMBER() OVER (PARTITION BY variable ORDER BY variable DESC) AS variable FROM variable ) WHERE variable <= variable;
drawSQL-mysql-export-2026-02-09_servermonitor	1824	HARD	Pull together a report on hosts joining all related tables.	SELECT * FROM checks LEFT JOIN hosts ON checks.host_id = hosts.id;	SELECT * FROM table_name LEFT JOIN table_name ON table_name.col_name = table_name.id;	SELECT * FROM variable LEFT JOIN variable ON variable = variable;
drawSQL-mysql-export-2026-02-09_stats	1825	EASY	How many users signed up since created_at=date?	SELECT COUNT(*) FROM tracker_agents WHERE created_at >= date('now', '-1 month');	SELECT COUNT(*) FROM table_name WHERE col_name >= date(string, string);	SELECT COUNT(*) FROM variable WHERE variable >= DATE(variable, variable);
drawSQL-mysql-export-2026-02-09_stats	1826	EASY	How many tracker agents do we have in total?	SELECT COUNT(*) FROM tracker_agents;	SELECT COUNT(*) FROM table_name;	SELECT COUNT(*) FROM variable;
drawSQL-mysql-export-2026-02-09_stats	1827	EASY	Show me all of our tracker agents.	SELECT * FROM tracker_agents;	SELECT * FROM table_name;	SELECT * FROM variable;
drawSQL-mysql-export-2026-02-09_stats	1828	EASY	Can you look up the tracker agent with id=num?	SELECT * FROM tracker_agents WHERE id = num;	SELECT * FROM table_name WHERE id = num;	SELECT * FROM variable WHERE variable = variable;
drawSQL-mysql-export-2026-02-09_stats	1829	EASY	Find the tracker agent where name=string.	SELECT * FROM tracker_agents WHERE name = string;	SELECT * FROM table_name WHERE col_name = string;	SELECT * FROM variable WHERE variable = variable;
drawSQL-mysql-export-2026-02-09_stats	1830	EASY	How many tracker agents were created since created_at=date?	SELECT COUNT(*) FROM tracker_agents WHERE created_at >= date('now', '-1 month');	SELECT COUNT(*) FROM table_name WHERE col_name >= date(string, string);	SELECT COUNT(*) FROM variable WHERE variable >= DATE(variable, variable);
drawSQL-mysql-export-2026-02-09_stats	1831	EASY	What are the most recent tracker agents ordered by name?	SELECT * FROM tracker_agents ORDER BY created_at DESC LIMIT num;	SELECT * FROM table_name ORDER BY col_name DESC LIMIT num;	SELECT * FROM variable ORDER BY variable DESC LIMIT variable;
drawSQL-mysql-export-2026-02-09_stats	1832	EASY	How many tracker connections do we have in total?	SELECT COUNT(*) FROM tracker_connections;	SELECT COUNT(*) FROM table_name;	SELECT COUNT(*) FROM variable;
drawSQL-mysql-export-2026-02-09_stats	1833	MEDIUM	Who are the most active users based on activity count?	SELECT * FROM tracker_agents LIMIT num;	SELECT * FROM table_name LIMIT num;	SELECT * FROM variable LIMIT variable;
drawSQL-mysql-export-2026-02-09_stats	1834	MEDIUM	Show me each tracker agent along with its related details from other tables.	SELECT t.*, c.* FROM tracker_agents t LEFT JOIN tracker_sessions c ON c.agent_id = t.id;	SELECT table_alias0.*, table_alias1.* FROM table_name table_alias0 LEFT JOIN table_name table_alias1 ON table_alias1.col_name = table_alias0.id;	SELECT variable.*, variable.* FROM variable variable LEFT JOIN variable variable ON variable = variable;
drawSQL-mysql-export-2026-02-09_stats	1835	MEDIUM	How many tracker agents were added since created_at=date?	SELECT COUNT(*) FROM tracker_agents WHERE created_at >= date('now', '-1 month');	SELECT COUNT(*) FROM table_name WHERE col_name >= date(string, string);	SELECT COUNT(*) FROM variable WHERE variable >= DATE(variable, variable);
drawSQL-mysql-export-2026-02-09_stats	1836	MEDIUM	Break down the tracker agents by name — how many in each?	SELECT name, COUNT(*) as count FROM tracker_agents GROUP BY name;	SELECT col_name, COUNT(*) as count FROM table_name GROUP BY col_name;	SELECT variable, COUNT(*) AS COUNT FROM variable GROUP BY variable;
drawSQL-mysql-export-2026-02-09_stats	1837	MEDIUM	Are there any tracker agents that don't have a match in related tables?	SELECT * FROM tracker_agents WHERE id NOT IN (SELECT DISTINCT agent_id FROM tracker_sessions WHERE agent_id IS NOT NULL);	SELECT * FROM table_name WHERE id NOT IN (SELECT DISTINCT col_name FROM table_name WHERE col_name IS NOT NULL);	SELECT * FROM variable WHERE variable NOT IN (SELECT DISTINCT variable FROM variable WHERE variable IS NOT NULL);
drawSQL-mysql-export-2026-02-09_stats	1838	MEDIUM	For each group, what are the top 3 tracker agents?	SELECT * FROM tracker_agents ORDER BY id DESC LIMIT num;	SELECT * FROM table_name ORDER BY id DESC LIMIT num;	SELECT * FROM variable ORDER BY variable DESC LIMIT variable;
drawSQL-mysql-export-2026-02-09_stats	1839	MEDIUM	How did the number of tracker agents change month over month?	SELECT strftime('%Y-%m', created_at) as period, COUNT(*) as count FROM tracker_agents WHERE created_at >= date('now', '-2 months') GROUP BY period ORDER BY period;	SELECT strftime(string, col_name) as column_alias0, column_alias1(*) as column_alias1 FROM table_name WHERE col_name >= date(string, string) GROUP BY column_alias0 ORDER BY column_alias0;	SELECT STRFTIME(variable, variable) AS variable, variable(*) AS variable FROM variable WHERE variable >= DATE(variable, variable) GROUP BY variable ORDER BY variable;
drawSQL-mysql-export-2026-02-09_stats	1840	MEDIUM	Which tracker agents have duplicate or repeated values?	WITH grouped AS ( SELECT name, COUNT(*) as cnt FROM tracker_agents GROUP BY name ) SELECT * FROM grouped WHERE cnt > num ORDER BY cnt DESC;	WITH grouped AS ( SELECT col_name, COUNT(*) as cnt FROM table_name GROUP BY col_name ) SELECT * FROM grouped WHERE cnt > num ORDER BY cnt DESC;	WITH variable AS ( SELECT variable, COUNT(*) AS variable FROM variable GROUP BY variable ) SELECT * FROM variable WHERE variable > variable ORDER BY variable DESC;
drawSQL-mysql-export-2026-02-09_stats	1841	HARD	Pull together a report on tracker agents joining all related tables.	SELECT * FROM tracker_log LEFT JOIN tracker_referers ON tracker_log.referer_id = tracker_referers.id LEFT JOIN tracker_route_paths ON tracker_log.route_path_id = tracker_route_paths.id;	SELECT * FROM table_name LEFT JOIN table_name ON table_name.col_name = table_name.id LEFT JOIN table_name ON table_name.col_name = table_name.id;	SELECT * FROM variable LEFT JOIN variable ON variable = variable LEFT JOIN variable ON variable = variable;
drawSQL-mysql-export-2026-02-09_stats	1842	HARD	Who or what is the best in each group of tracker agents?	SELECT * FROM ( SELECT *, ROW_NUMBER() OVER (PARTITION BY name ORDER BY id DESC) as rn FROM tracker_agents ) WHERE rn = num;	SELECT * FROM ( SELECT *, ROW_NUMBER() OVER (PARTITION BY col_name ORDER BY id DESC) as column_alias0 FROM table_name ) WHERE column_alias0 = num;	SELECT * FROM ( SELECT *, ROW_NUMBER() OVER (PARTITION BY variable ORDER BY variable DESC) AS variable FROM variable ) WHERE variable = variable;
drawSQL-mysql-export-2026-02-09_stats	1843	HARD	Which tracker agents are above average compared to others in their group?	SELECT strftime('%Y-%m', created_at) as period, COUNT(*) as count FROM tracker_agents WHERE created_at >= date('now', '-2 months') GROUP BY period ORDER BY period;	SELECT strftime(string, col_name) as column_alias0, column_alias1(*) as column_alias1 FROM table_name WHERE col_name >= date(string, string) GROUP BY column_alias0 ORDER BY column_alias0;	SELECT STRFTIME(variable, variable) AS variable, variable(*) AS variable FROM variable WHERE variable >= DATE(variable, variable) GROUP BY variable ORDER BY variable;
drawSQL-mysql-export-2026-02-09_stats	1844	HARD	Do a multi-step analysis: group tracker agents, filter, then rank the results.	WITH grouped AS ( SELECT name, COUNT(*) as cnt FROM tracker_agents GROUP BY name ) SELECT * FROM grouped WHERE cnt > num ORDER BY cnt DESC;	WITH grouped AS ( SELECT col_name, COUNT(*) as cnt FROM table_name GROUP BY col_name ) SELECT * FROM grouped WHERE cnt > num ORDER BY cnt DESC;	WITH variable AS ( SELECT variable, COUNT(*) AS variable FROM variable GROUP BY variable ) SELECT * FROM variable WHERE variable > variable ORDER BY variable DESC;
drawSQL-mysql-export-2026-02-09_stats	1845	HARD	Show the running total of tracker agents over time based on created_at.	SELECT *, COUNT(*) OVER (ORDER BY created_at) as running_count FROM tracker_agents ORDER BY created_at;	SELECT *, COUNT(*) OVER (ORDER BY col_name) as column_alias0 FROM table_name ORDER BY col_name;	SELECT *, COUNT(*) OVER (ORDER BY variable) AS variable FROM variable ORDER BY variable;
drawSQL-mysql-export-2026-02-09_stats	1846	HARD	Find tracker agents that exist in one table but not in a related table.	SELECT * FROM tracker_agents WHERE id NOT IN (SELECT DISTINCT agent_id FROM tracker_sessions WHERE agent_id IS NOT NULL);	SELECT * FROM table_name WHERE id NOT IN (SELECT DISTINCT col_name FROM table_name WHERE col_name IS NOT NULL);	SELECT * FROM variable WHERE variable NOT IN (SELECT DISTINCT variable FROM variable WHERE variable IS NOT NULL);
drawSQL-mysql-export-2026-02-09_stats	1847	HARD	Combine data from tracker_agents, tracker_connections, and tracker_cookies in a single report.	SELECT * FROM tracker_agents LEFT JOIN tracker_connections ON tracker_connections.id = tracker_agents.agent_id LEFT JOIN tracker_cookies ON tracker_cookies.id = tracker_agents.agent_id;	SELECT * FROM table_name LEFT JOIN table_name ON table_name.id = table_name.col_name LEFT JOIN table_name ON table_name.id = table_name.col_name;	SELECT * FROM variable LEFT JOIN variable ON variable = variable LEFT JOIN variable ON variable = variable;
drawSQL-mysql-export-2026-02-09_stats	1848	HARD	Rank all tracker agents within their groups and show the top performers.	SELECT *, ROW_NUMBER() OVER (ORDER BY id DESC) as rn FROM tracker_agents;	SELECT *, ROW_NUMBER() OVER (ORDER BY id DESC) as column_alias0 FROM table_name;	SELECT *, ROW_NUMBER() OVER (ORDER BY variable DESC) AS variable FROM variable;
drawSQL-mysql-export-2026-02-09_staytus	1849	EASY	How many people are subscribed to get status updates?	SELECT COUNT(*) FROM subscribers;	SELECT COUNT(*) FROM table_name;	SELECT COUNT(*) FROM variable;
drawSQL-mysql-export-2026-02-09_staytus	1850	EASY	How many users signed up since created_at=date?	SELECT COUNT(*) FROM users WHERE created_at >= date('now', '-1 month');	SELECT COUNT(*) FROM table_name WHERE col_name >= date(string, string);	SELECT COUNT(*) FROM variable WHERE variable >= DATE(variable, variable);
drawSQL-mysql-export-2026-02-09_staytus	1851	EASY	How many api tokens do we have in total?	SELECT COUNT(*) FROM api_tokens;	SELECT COUNT(*) FROM table_name;	SELECT COUNT(*) FROM variable;
drawSQL-mysql-export-2026-02-09_staytus	1852	EASY	Show me all of our api tokens.	SELECT * FROM api_tokens;	SELECT * FROM table_name;	SELECT * FROM variable;
drawSQL-mysql-export-2026-02-09_staytus	1853	EASY	Can you look up the api token with id=num?	SELECT * FROM api_tokens WHERE id = num;	SELECT * FROM table_name WHERE id = num;	SELECT * FROM variable WHERE variable = variable;
drawSQL-mysql-export-2026-02-09_staytus	1854	EASY	Find the api token where name=string.	SELECT * FROM api_tokens WHERE name = string;	SELECT * FROM table_name WHERE col_name = string;	SELECT * FROM variable WHERE variable = variable;
drawSQL-mysql-export-2026-02-09_staytus	1855	EASY	How many api tokens were created since created_at=date?	SELECT COUNT(*) FROM api_tokens WHERE created_at >= date('now', '-1 month');	SELECT COUNT(*) FROM table_name WHERE col_name >= date(string, string);	SELECT COUNT(*) FROM variable WHERE variable >= DATE(variable, variable);
drawSQL-mysql-export-2026-02-09_staytus	1856	EASY	What are the most recent api tokens ordered by name?	SELECT * FROM api_tokens ORDER BY created_at DESC LIMIT num;	SELECT * FROM table_name ORDER BY col_name DESC LIMIT num;	SELECT * FROM variable ORDER BY variable DESC LIMIT variable;
drawSQL-mysql-export-2026-02-09_staytus	1857	MEDIUM	Who are the most active users based on activity count?	SELECT * FROM users ORDER BY created_at DESC LIMIT 10;	SELECT * FROM table_name ORDER BY col_name DESC LIMIT num;	SELECT * FROM variable ORDER BY variable DESC LIMIT variable;
drawSQL-mysql-export-2026-02-09_staytus	1858	MEDIUM	How many api tokens were added since created_at=date?	SELECT COUNT(*) FROM api_tokens WHERE created_at >= date('now', '-1 month');	SELECT COUNT(*) FROM table_name WHERE col_name >= date(string, string);	SELECT COUNT(*) FROM variable WHERE variable >= DATE(variable, variable);
drawSQL-mysql-export-2026-02-09_staytus	1859	MEDIUM	Break down the api tokens by name — how many in each?	SELECT name, COUNT(*) as count FROM api_tokens GROUP BY name;	SELECT col_name, COUNT(*) as count FROM table_name GROUP BY col_name;	SELECT variable, COUNT(*) AS COUNT FROM variable GROUP BY variable;
drawSQL-mysql-export-2026-02-09_staytus	1860	MEDIUM	Are there any api tokens that don't have a match in related tables?	SELECT * FROM api_tokens LIMIT num;	SELECT * FROM table_name LIMIT num;	SELECT * FROM variable LIMIT variable;
drawSQL-mysql-export-2026-02-09_staytus	1861	MEDIUM	For each group, what are the top 3 api tokens?	SELECT * FROM api_tokens ORDER BY id DESC LIMIT num;	SELECT * FROM table_name ORDER BY id DESC LIMIT num;	SELECT * FROM variable ORDER BY variable DESC LIMIT variable;
drawSQL-mysql-export-2026-02-09_staytus	1862	MEDIUM	How did the number of api tokens change month over month?	SELECT strftime('%Y-%m', created_at) as period, COUNT(*) as count FROM api_tokens WHERE created_at >= date('now', '-2 months') GROUP BY period ORDER BY period;	SELECT strftime(string, col_name) as column_alias0, column_alias1(*) as column_alias1 FROM table_name WHERE col_name >= date(string, string) GROUP BY column_alias0 ORDER BY column_alias0;	SELECT STRFTIME(variable, variable) AS variable, variable(*) AS variable FROM variable WHERE variable >= DATE(variable, variable) GROUP BY variable ORDER BY variable;
drawSQL-mysql-export-2026-02-09_staytus	1863	MEDIUM	Which api tokens have duplicate or repeated values?	WITH grouped AS ( SELECT name, COUNT(*) as cnt FROM api_tokens GROUP BY name ) SELECT * FROM grouped WHERE cnt > num ORDER BY cnt DESC;	WITH grouped AS ( SELECT col_name, COUNT(*) as cnt FROM table_name GROUP BY col_name ) SELECT * FROM grouped WHERE cnt > num ORDER BY cnt DESC;	WITH variable AS ( SELECT variable, COUNT(*) AS variable FROM variable GROUP BY variable ) SELECT * FROM variable WHERE variable > variable ORDER BY variable DESC;
drawSQL-mysql-export-2026-02-09_staytus	1864	MEDIUM	How many email templates were added since created_at=date?	SELECT COUNT(*) FROM email_templates WHERE created_at >= date('now', '-1 month');	SELECT COUNT(*) FROM table_name WHERE col_name >= date(string, string);	SELECT COUNT(*) FROM variable WHERE variable >= DATE(variable, variable);
drawSQL-mysql-export-2026-02-09_staytus	1865	HARD	Pull together a report on api tokens joining all related tables.	SELECT * FROM issue_updates LEFT JOIN service_statuses ON issue_updates.service_status_id = service_statuses.id LEFT JOIN users ON issue_updates.user_id = users.id;	SELECT * FROM table_name LEFT JOIN table_name ON table_name.col_name = table_name.id LEFT JOIN table_name ON table_name.col_name = table_name.id;	SELECT * FROM variable LEFT JOIN variable ON variable = variable LEFT JOIN variable ON variable = variable;
drawSQL-mysql-export-2026-02-09_staytus	1866	HARD	Who or what is the best in each group of api tokens?	SELECT * FROM ( SELECT *, ROW_NUMBER() OVER (PARTITION BY name ORDER BY id DESC) as rn FROM api_tokens ) WHERE rn = num;	SELECT * FROM ( SELECT *, ROW_NUMBER() OVER (PARTITION BY col_name ORDER BY id DESC) as column_alias0 FROM table_name ) WHERE column_alias0 = num;	SELECT * FROM ( SELECT *, ROW_NUMBER() OVER (PARTITION BY variable ORDER BY variable DESC) AS variable FROM variable ) WHERE variable = variable;
drawSQL-mysql-export-2026-02-09_staytus	1867	HARD	Which api tokens are above average compared to others in their group?	SELECT strftime('%Y-%m', created_at) as period, COUNT(*) as count FROM api_tokens WHERE created_at >= date('now', '-2 months') GROUP BY period ORDER BY period;	SELECT strftime(string, col_name) as column_alias0, column_alias1(*) as column_alias1 FROM table_name WHERE col_name >= date(string, string) GROUP BY column_alias0 ORDER BY column_alias0;	SELECT STRFTIME(variable, variable) AS variable, variable(*) AS variable FROM variable WHERE variable >= DATE(variable, variable) GROUP BY variable ORDER BY variable;
drawSQL-mysql-export-2026-02-09_staytus	1868	HARD	Do a multi-step analysis: group api tokens, filter, then rank the results.	WITH grouped AS ( SELECT name, COUNT(*) as cnt FROM api_tokens GROUP BY name ) SELECT * FROM grouped WHERE cnt > num ORDER BY cnt DESC;	WITH grouped AS ( SELECT col_name, COUNT(*) as cnt FROM table_name GROUP BY col_name ) SELECT * FROM grouped WHERE cnt > num ORDER BY cnt DESC;	WITH variable AS ( SELECT variable, COUNT(*) AS variable FROM variable GROUP BY variable ) SELECT * FROM variable WHERE variable > variable ORDER BY variable DESC;
drawSQL-mysql-export-2026-02-09_staytus	1869	HARD	Show the running total of api tokens over time based on created_at.	SELECT *, COUNT(*) OVER (ORDER BY created_at) as running_count FROM api_tokens ORDER BY created_at;	SELECT *, COUNT(*) OVER (ORDER BY col_name) as column_alias0 FROM table_name ORDER BY col_name;	SELECT *, COUNT(*) OVER (ORDER BY variable) AS variable FROM variable ORDER BY variable;
drawSQL-mysql-export-2026-02-09_staytus	1870	HARD	Find api tokens that exist in one table but not in a related table.	SELECT * FROM api_tokens LIMIT num;	SELECT * FROM table_name LIMIT num;	SELECT * FROM variable LIMIT variable;
drawSQL-mysql-export-2026-02-09_staytus	1871	HARD	Combine data from api_tokens, email_templates, and history_items in a single report.	SELECT * FROM api_tokens LEFT JOIN email_templates ON email_templates.id = api_tokens.id LEFT JOIN history_items ON history_items.id = api_tokens.id;	SELECT * FROM table_name LEFT JOIN table_name ON table_name.id = table_name.id LEFT JOIN table_name ON table_name.id = table_name.id;	SELECT * FROM variable LEFT JOIN variable ON variable = variable LEFT JOIN variable ON variable = variable;
drawSQL-mysql-export-2026-02-09_staytus	1872	HARD	Rank all api tokens within their groups and show the top performers.	SELECT *, ROW_NUMBER() OVER (ORDER BY id DESC) as rn FROM api_tokens;	SELECT *, ROW_NUMBER() OVER (ORDER BY id DESC) as column_alias0 FROM table_name;	SELECT *, ROW_NUMBER() OVER (ORDER BY variable DESC) AS variable FROM variable;
drawSQL-mysql-export-2026-02-09_streaks	1873	EASY	How many users signed up since created_at=date?	SELECT COUNT(*) FROM users;	SELECT COUNT(*) FROM table_name;	SELECT COUNT(*) FROM variable;
drawSQL-mysql-export-2026-02-09_streaks	1874	EASY	How many users do we have in total?	SELECT COUNT(*) FROM users;	SELECT COUNT(*) FROM table_name;	SELECT COUNT(*) FROM variable;
drawSQL-mysql-export-2026-02-09_streaks	1875	EASY	Show me all of our users.	SELECT * FROM users;	SELECT * FROM table_name;	SELECT * FROM variable;
drawSQL-mysql-export-2026-02-09_streaks	1876	EASY	Can you look up the user with id=num?	SELECT * FROM users WHERE id = num;	SELECT * FROM table_name WHERE id = num;	SELECT * FROM variable WHERE variable = variable;
drawSQL-mysql-export-2026-02-09_streaks	1877	EASY	What are the most recent users ordered by level_id?	SELECT * FROM users ORDER BY level_id DESC LIMIT num;	SELECT * FROM table_name ORDER BY col_name DESC LIMIT num;	SELECT * FROM variable ORDER BY variable DESC LIMIT variable;
drawSQL-mysql-export-2026-02-09_streaks	1878	EASY	How many streaks do we have in total?	SELECT COUNT(*) FROM streaks;	SELECT COUNT(*) FROM table_name;	SELECT COUNT(*) FROM variable;
drawSQL-mysql-export-2026-02-09_streaks	1879	EASY	Show me all of our streaks.	SELECT * FROM streaks;	SELECT * FROM table_name;	SELECT * FROM variable;
drawSQL-mysql-export-2026-02-09_streaks	1880	EASY	Can you look up the streak with id=num?	SELECT * FROM users WHERE id = num;	SELECT * FROM table_name WHERE id = num;	SELECT * FROM variable WHERE variable = variable;
drawSQL-mysql-export-2026-02-09_streaks	1881	MEDIUM	Who are the most active users based on activity count?	SELECT * FROM users ORDER BY created_at DESC LIMIT 10;	SELECT * FROM table_name ORDER BY col_name DESC LIMIT num;	SELECT * FROM variable ORDER BY variable DESC LIMIT variable;
drawSQL-mysql-export-2026-02-09_streaks	1882	MEDIUM	Show me each user along with its related details from other tables.	SELECT t.*, c.* FROM users t LEFT JOIN streaks c ON c.user_id = t.id;	SELECT table_alias0.*, table_alias1.* FROM table_name table_alias0 LEFT JOIN table_name table_alias1 ON table_alias1.col_name = table_alias0.id;	SELECT variable.*, variable.* FROM variable variable LEFT JOIN variable variable ON variable = variable;
drawSQL-mysql-export-2026-02-09_streaks	1883	MEDIUM	Break down the users by level_id — how many in each?	SELECT COUNT(*) FROM users;	SELECT COUNT(*) FROM table_name;	SELECT COUNT(*) FROM variable;
drawSQL-mysql-export-2026-02-09_streaks	1884	MEDIUM	Are there any users that don't have a match in related tables?	SELECT * FROM users WHERE id NOT IN (SELECT DISTINCT user_id FROM streaks WHERE user_id IS NOT NULL);	SELECT * FROM table_name WHERE id NOT IN (SELECT DISTINCT col_name FROM table_name WHERE col_name IS NOT NULL);	SELECT * FROM variable WHERE variable NOT IN (SELECT DISTINCT variable FROM variable WHERE variable IS NOT NULL);
drawSQL-mysql-export-2026-02-09_streaks	1885	MEDIUM	For each group, what are the top 3 users?	SELECT * FROM users ORDER BY id DESC LIMIT num;	SELECT * FROM table_name ORDER BY id DESC LIMIT num;	SELECT * FROM variable ORDER BY variable DESC LIMIT variable;
drawSQL-mysql-export-2026-02-09_streaks	1886	MEDIUM	Which users have duplicate or repeated values?	WITH grouped AS ( SELECT level_id, COUNT(*) as cnt FROM users GROUP BY level_id ) SELECT * FROM grouped WHERE cnt > num ORDER BY cnt DESC;	WITH grouped AS ( SELECT col_name, COUNT(*) as cnt FROM table_name GROUP BY col_name ) SELECT * FROM grouped WHERE cnt > num ORDER BY cnt DESC;	WITH variable AS ( SELECT variable, COUNT(*) AS variable FROM variable GROUP BY variable ) SELECT * FROM variable WHERE variable > variable ORDER BY variable DESC;
drawSQL-mysql-export-2026-02-09_streaks	1887	MEDIUM	How many streaks were added since created_at=date?	SELECT COUNT(*) FROM streaks WHERE created_at >= date('now', '-1 month');	SELECT COUNT(*) FROM table_name WHERE col_name >= date(string, string);	SELECT COUNT(*) FROM variable WHERE variable >= DATE(variable, variable);
drawSQL-mysql-export-2026-02-09_streaks	1888	MEDIUM	Break down the streaks by user_id — how many in each?	SELECT user_id, COUNT(*) as count FROM streaks GROUP BY user_id;	SELECT col_name, COUNT(*) as count FROM table_name GROUP BY col_name;	SELECT variable, COUNT(*) AS COUNT FROM variable GROUP BY variable;
drawSQL-mysql-export-2026-02-09_streaks	1889	HARD	Pull together a report on users joining all related tables.	SELECT * FROM streaks LEFT JOIN users ON streaks.user_id = users.id;	SELECT * FROM table_name LEFT JOIN table_name ON table_name.col_name = table_name.id;	SELECT * FROM variable LEFT JOIN variable ON variable = variable;
drawSQL-mysql-export-2026-02-09_streaks	1890	HARD	Who or what is the best in each group of users?	SELECT * FROM ( SELECT *, ROW_NUMBER() OVER (PARTITION BY level_id ORDER BY id DESC) as rn FROM users ) WHERE rn = num;	SELECT * FROM ( SELECT *, ROW_NUMBER() OVER (PARTITION BY col_name ORDER BY id DESC) as column_alias0 FROM table_name ) WHERE column_alias0 = num;	SELECT * FROM ( SELECT *, ROW_NUMBER() OVER (PARTITION BY variable ORDER BY variable DESC) AS variable FROM variable ) WHERE variable = variable;
drawSQL-mysql-export-2026-02-09_streaks	1891	HARD	Which users are above average compared to others in their group?	SELECT * FROM users LIMIT num;	SELECT * FROM table_name LIMIT num;	SELECT * FROM variable LIMIT variable;
drawSQL-mysql-export-2026-02-09_streaks	1892	HARD	Do a multi-step analysis: group users, filter, then rank the results.	WITH grouped AS ( SELECT level_id, COUNT(*) as cnt FROM users GROUP BY level_id ) SELECT * FROM grouped WHERE cnt > num ORDER BY cnt DESC;	WITH grouped AS ( SELECT col_name, COUNT(*) as cnt FROM table_name GROUP BY col_name ) SELECT * FROM grouped WHERE cnt > num ORDER BY cnt DESC;	WITH variable AS ( SELECT variable, COUNT(*) AS variable FROM variable GROUP BY variable ) SELECT * FROM variable WHERE variable > variable ORDER BY variable DESC;
drawSQL-mysql-export-2026-02-09_streaks	1893	HARD	Find users that exist in one table but not in a related table.	SELECT * FROM users WHERE id NOT IN (SELECT DISTINCT user_id FROM streaks WHERE user_id IS NOT NULL);	SELECT * FROM table_name WHERE id NOT IN (SELECT DISTINCT col_name FROM table_name WHERE col_name IS NOT NULL);	SELECT * FROM variable WHERE variable NOT IN (SELECT DISTINCT variable FROM variable WHERE variable IS NOT NULL);
drawSQL-mysql-export-2026-02-09_streaks	1894	HARD	Combine data from users, streaks, and streak_histories in a single report.	SELECT * FROM users LEFT JOIN streaks ON streaks.id = users.user_id LEFT JOIN streak_histories ON streak_histories.id = users.user_id;	SELECT * FROM table_name LEFT JOIN table_name ON table_name.id = table_name.col_name LEFT JOIN table_name ON table_name.id = table_name.col_name;	SELECT * FROM variable LEFT JOIN variable ON variable = variable LEFT JOIN variable ON variable = variable;
drawSQL-mysql-export-2026-02-09_streaks	1895	HARD	Rank all users within their groups and show the top performers.	SELECT *, ROW_NUMBER() OVER (ORDER BY id DESC) as rn FROM users;	SELECT *, ROW_NUMBER() OVER (ORDER BY id DESC) as column_alias0 FROM table_name;	SELECT *, ROW_NUMBER() OVER (ORDER BY variable DESC) AS variable FROM variable;
drawSQL-mysql-export-2026-02-09_streaks	1896	HARD	Pull together a report on streaks joining all related tables.	SELECT * FROM streaks LEFT JOIN users ON streaks.user_id = users.id;	SELECT * FROM table_name LEFT JOIN table_name ON table_name.col_name = table_name.id;	SELECT * FROM variable LEFT JOIN variable ON variable = variable;
drawSQL-mysql-export-2026-02-09_stripe	1897	EASY	Which customers have status=string for their subscription?	SELECT * FROM subscriptions;	SELECT * FROM table_name;	SELECT * FROM variable;
drawSQL-mysql-export-2026-02-09_stripe	1898	EASY	How many users signed up since created_at=date?	SELECT COUNT(*) FROM users WHERE pm_expiration >= date('now', '-1 month');	SELECT COUNT(*) FROM table_name WHERE col_name >= date(string, string);	SELECT COUNT(*) FROM variable WHERE variable >= DATE(variable, variable);
drawSQL-mysql-export-2026-02-09_stripe	1899	EASY	How many subscriptions do we have in total?	SELECT COUNT(*) FROM subscriptions;	SELECT COUNT(*) FROM table_name;	SELECT COUNT(*) FROM variable;
drawSQL-mysql-export-2026-02-09_stripe	1900	EASY	Show me all of our subscriptions.	SELECT * FROM subscriptions;	SELECT * FROM table_name;	SELECT * FROM variable;
drawSQL-mysql-export-2026-02-09_stripe	1901	EASY	Can you look up the subscription with id=num?	SELECT * FROM subscriptions WHERE id = num;	SELECT * FROM table_name WHERE id = num;	SELECT * FROM variable WHERE variable = variable;
drawSQL-mysql-export-2026-02-09_stripe	1902	EASY	Find the subscription where name=string.	SELECT * FROM subscriptions WHERE name = string;	SELECT * FROM table_name WHERE col_name = string;	SELECT * FROM variable WHERE variable = variable;
drawSQL-mysql-export-2026-02-09_stripe	1903	EASY	How many subscriptions were created since updated_at=date?	SELECT COUNT(*) FROM subscriptions WHERE updated_at >= date('now', '-1 month');	SELECT COUNT(*) FROM table_name WHERE col_name >= date(string, string);	SELECT COUNT(*) FROM variable WHERE variable >= DATE(variable, variable);
drawSQL-mysql-export-2026-02-09_stripe	1904	EASY	What subscriptions have quantity between num and num?	SELECT * FROM subscriptions WHERE quantity BETWEEN num AND num ORDER BY quantity;	SELECT * FROM table_name WHERE col_name BETWEEN num AND num ORDER BY col_name;	SELECT * FROM variable WHERE variable BETWEEN variable AND variable ORDER BY variable;
drawSQL-mysql-export-2026-02-09_stripe	1905	MEDIUM	How much revenue since created_at=date?	SELECT * FROM subscriptions LIMIT num;	SELECT * FROM table_name LIMIT num;	SELECT * FROM variable LIMIT variable;
drawSQL-mysql-export-2026-02-09_stripe	1906	MEDIUM	Who are the most active users based on activity count?	SELECT * FROM users ORDER BY created_at DESC LIMIT 10;	SELECT * FROM table_name ORDER BY col_name DESC LIMIT num;	SELECT * FROM variable ORDER BY variable DESC LIMIT variable;
drawSQL-mysql-export-2026-02-09_stripe	1907	MEDIUM	Show me each subscription along with its related details from other tables.	SELECT t.*, c.* FROM subscriptions t LEFT JOIN subscription_items c ON c.subscription_id = t.id;	SELECT table_alias0.*, table_alias1.* FROM table_name table_alias0 LEFT JOIN table_name table_alias1 ON table_alias1.col_name = table_alias0.id;	SELECT variable.*, variable.* FROM variable variable LEFT JOIN variable variable ON variable = variable;
drawSQL-mysql-export-2026-02-09_stripe	1908	MEDIUM	What's our total and average quantity across all subscriptions?	SELECT SUM(quantity) as total, AVG(quantity) as average FROM subscriptions;	SELECT SUM(col_name) as column_alias0, AVG(col_name) as average FROM table_name;	SELECT SUM(variable) AS variable, AVG(variable) AS variable FROM variable;
drawSQL-mysql-export-2026-02-09_stripe	1909	MEDIUM	Which subscription has the highest quantity?	SELECT * FROM subscriptions ORDER BY quantity DESC LIMIT 1;	SELECT * FROM table_name ORDER BY col_name DESC LIMIT num;	SELECT * FROM variable ORDER BY variable DESC LIMIT variable;
drawSQL-mysql-export-2026-02-09_stripe	1910	MEDIUM	How many subscriptions were added since updated_at=date?	SELECT COUNT(*) FROM subscriptions WHERE updated_at >= date('now', '-1 month');	SELECT COUNT(*) FROM table_name WHERE col_name >= date(string, string);	SELECT COUNT(*) FROM variable WHERE variable >= DATE(variable, variable);
drawSQL-mysql-export-2026-02-09_stripe	1911	MEDIUM	Break down the subscriptions by user_id — how many in each?	SELECT user_id, COUNT(*) as count FROM subscriptions GROUP BY user_id;	SELECT col_name, COUNT(*) as count FROM table_name GROUP BY col_name;	SELECT variable, COUNT(*) AS COUNT FROM variable GROUP BY variable;
drawSQL-mysql-export-2026-02-09_stripe	1912	MEDIUM	Are there any subscriptions that don't have a match in related tables?	SELECT * FROM subscriptions WHERE id NOT IN (SELECT DISTINCT subscription_id FROM subscription_items WHERE subscription_id IS NOT NULL);	SELECT * FROM table_name WHERE id NOT IN (SELECT DISTINCT col_name FROM table_name WHERE col_name IS NOT NULL);	SELECT * FROM variable WHERE variable NOT IN (SELECT DISTINCT variable FROM variable WHERE variable IS NOT NULL);
drawSQL-mysql-export-2026-02-09_stripe	1913	HARD	Pull together a report on subscriptions joining all related tables.	SELECT * FROM subscriptions LEFT JOIN users ON subscriptions.user_id = users.id;	SELECT * FROM table_name LEFT JOIN table_name ON table_name.col_name = table_name.id;	SELECT * FROM variable LEFT JOIN variable ON variable = variable;
drawSQL-mysql-export-2026-02-09_stripe	1914	HARD	Who or what is the best in each group of subscriptions?	SELECT * FROM ( SELECT *, ROW_NUMBER() OVER (PARTITION BY user_id ORDER BY quantity DESC) as rn FROM subscriptions ) WHERE rn = num;	SELECT * FROM ( SELECT *, ROW_NUMBER() OVER (PARTITION BY col_name ORDER BY col_name DESC) as column_alias0 FROM table_name ) WHERE column_alias0 = num;	SELECT * FROM ( SELECT *, ROW_NUMBER() OVER (PARTITION BY variable ORDER BY variable DESC) AS variable FROM variable ) WHERE variable = variable;
drawSQL-mysql-export-2026-02-09_stripe	1915	HARD	Which subscriptions have quantity above average compared to others in their group?	SELECT strftime('%Y-%m', updated_at) as period, COUNT(*) as count FROM subscriptions WHERE updated_at >= date('now', '-2 months') GROUP BY period ORDER BY period;	SELECT strftime(string, col_name) as column_alias0, column_alias1(*) as column_alias1 FROM table_name WHERE col_name >= date(string, string) GROUP BY column_alias0 ORDER BY column_alias0;	SELECT STRFTIME(variable, variable) AS variable, variable(*) AS variable FROM variable WHERE variable >= DATE(variable, variable) GROUP BY variable ORDER BY variable;
drawSQL-mysql-export-2026-02-09_stripe	1916	HARD	Do a multi-step analysis: group subscriptions, filter, then rank the results.	WITH grouped AS ( SELECT user_id, COUNT(*) as cnt FROM subscriptions GROUP BY user_id ) SELECT * FROM grouped WHERE cnt > num ORDER BY cnt DESC;	WITH grouped AS ( SELECT col_name, COUNT(*) as cnt FROM table_name GROUP BY col_name ) SELECT * FROM grouped WHERE cnt > num ORDER BY cnt DESC;	WITH variable AS ( SELECT variable, COUNT(*) AS variable FROM variable GROUP BY variable ) SELECT * FROM variable WHERE variable > variable ORDER BY variable DESC;
drawSQL-mysql-export-2026-02-09_stripe	1917	HARD	Show the running total of subscriptions over time based on updated_at.	SELECT *, SUM(quantity) OVER (ORDER BY updated_at) as running_total FROM subscriptions ORDER BY updated_at;	SELECT *, SUM(col_name) OVER (ORDER BY col_name) as column_alias0 FROM table_name ORDER BY col_name;	SELECT *, SUM(variable) OVER (ORDER BY variable) AS variable FROM variable ORDER BY variable;
drawSQL-mysql-export-2026-02-09_stripe	1918	HARD	Find subscriptions that exist in one table but not in a related table.	SELECT * FROM subscriptions WHERE id NOT IN (SELECT DISTINCT subscription_id FROM subscription_items WHERE subscription_id IS NOT NULL);	SELECT * FROM table_name WHERE id NOT IN (SELECT DISTINCT col_name FROM table_name WHERE col_name IS NOT NULL);	SELECT * FROM variable WHERE variable NOT IN (SELECT DISTINCT variable FROM variable WHERE variable IS NOT NULL);
drawSQL-mysql-export-2026-02-09_stripe	1919	HARD	Combine data from subscriptions, users, and subscription_items in a single report.	SELECT * FROM subscriptions LEFT JOIN users ON users.id = subscriptions.subscription_id LEFT JOIN subscription_items ON subscription_items.id = subscriptions.subscription_id;	SELECT * FROM table_name LEFT JOIN table_name ON table_name.id = table_name.col_name LEFT JOIN table_name ON table_name.id = table_name.col_name;	SELECT * FROM variable LEFT JOIN variable ON variable = variable LEFT JOIN variable ON variable = variable;
drawSQL-mysql-export-2026-02-09_stripe	1920	HARD	Rank all subscriptions within their groups and show the top performers.	SELECT *, ROW_NUMBER() OVER (ORDER BY quantity DESC) as rn FROM subscriptions;	SELECT *, ROW_NUMBER() OVER (ORDER BY col_name DESC) as column_alias0 FROM table_name;	SELECT *, ROW_NUMBER() OVER (ORDER BY variable DESC) AS variable FROM variable;
drawSQL-mysql-export-2026-02-09_sylius	1921	EASY	How many users signed up since created_at=date?	SELECT COUNT(*) FROM messenger_messages WHERE created_at >= date('now', '-1 month');	SELECT COUNT(*) FROM table_name WHERE col_name >= date(string, string);	SELECT COUNT(*) FROM variable WHERE variable >= DATE(variable, variable);
drawSQL-mysql-export-2026-02-09_sylius	1922	EASY	How many messenger messages do we have in total?	SELECT COUNT(*) FROM messenger_messages;	SELECT COUNT(*) FROM table_name;	SELECT COUNT(*) FROM variable;
drawSQL-mysql-export-2026-02-09_sylius	1923	EASY	Show me all of our messenger messages.	SELECT * FROM messenger_messages;	SELECT * FROM table_name;	SELECT * FROM variable;
drawSQL-mysql-export-2026-02-09_sylius	1924	EASY	Can you look up the messenger message with id=num?	SELECT * FROM messenger_messages WHERE id = num;	SELECT * FROM table_name WHERE id = num;	SELECT * FROM variable WHERE variable = variable;
drawSQL-mysql-export-2026-02-09_sylius	1925	EASY	Find the messenger message where queue_name=string.	SELECT * FROM messenger_messages WHERE queue_name = string;	SELECT * FROM table_name WHERE col_name = string;	SELECT * FROM variable WHERE variable = variable;
drawSQL-mysql-export-2026-02-09_sylius	1926	EASY	How many messenger messages were created since created_at=date?	SELECT COUNT(*) FROM messenger_messages WHERE created_at >= date('now', '-1 month');	SELECT COUNT(*) FROM table_name WHERE col_name >= date(string, string);	SELECT COUNT(*) FROM variable WHERE variable >= DATE(variable, variable);
drawSQL-mysql-export-2026-02-09_sylius	1927	EASY	What are the most recent messenger messages ordered by body?	SELECT * FROM messenger_messages ORDER BY created_at DESC LIMIT num;	SELECT * FROM table_name ORDER BY col_name DESC LIMIT num;	SELECT * FROM variable ORDER BY variable DESC LIMIT variable;
drawSQL-mysql-export-2026-02-09_sylius	1928	EASY	How many sylius address do we have in total?	SELECT COUNT(*) FROM sylius_address;	SELECT COUNT(*) FROM table_name;	SELECT COUNT(*) FROM variable;
drawSQL-mysql-export-2026-02-09_sylius	1929	MEDIUM	Who are the most active users based on activity count?	SELECT * FROM messenger_messages LIMIT num;	SELECT * FROM table_name LIMIT num;	SELECT * FROM variable LIMIT variable;
drawSQL-mysql-export-2026-02-09_sylius	1930	MEDIUM	How many messenger messages were added since created_at=date?	SELECT COUNT(*) FROM messenger_messages WHERE created_at >= date('now', '-1 month');	SELECT COUNT(*) FROM table_name WHERE col_name >= date(string, string);	SELECT COUNT(*) FROM variable WHERE variable >= DATE(variable, variable);
drawSQL-mysql-export-2026-02-09_sylius	1931	MEDIUM	Break down the messenger messages by body — how many in each?	SELECT body, COUNT(*) as count FROM messenger_messages GROUP BY body;	SELECT col_name, COUNT(*) as count FROM table_name GROUP BY col_name;	SELECT variable, COUNT(*) AS COUNT FROM variable GROUP BY variable;
drawSQL-mysql-export-2026-02-09_sylius	1932	MEDIUM	Are there any messenger messages that don't have a match in related tables?	SELECT * FROM messenger_messages LIMIT num;	SELECT * FROM table_name LIMIT num;	SELECT * FROM variable LIMIT variable;
drawSQL-mysql-export-2026-02-09_sylius	1933	MEDIUM	For each group, what are the top 3 messenger messages?	SELECT * FROM messenger_messages ORDER BY id DESC LIMIT num;	SELECT * FROM table_name ORDER BY id DESC LIMIT num;	SELECT * FROM variable ORDER BY variable DESC LIMIT variable;
drawSQL-mysql-export-2026-02-09_sylius	1934	MEDIUM	How did the number of messenger messages change month over month?	SELECT strftime('%Y-%m', created_at) as period, COUNT(*) as count FROM messenger_messages WHERE created_at >= date('now', '-2 months') GROUP BY period ORDER BY period;	SELECT strftime(string, col_name) as column_alias0, column_alias1(*) as column_alias1 FROM table_name WHERE col_name >= date(string, string) GROUP BY column_alias0 ORDER BY column_alias0;	SELECT STRFTIME(variable, variable) AS variable, variable(*) AS variable FROM variable WHERE variable >= DATE(variable, variable) GROUP BY variable ORDER BY variable;
drawSQL-mysql-export-2026-02-09_sylius	1935	MEDIUM	Which messenger messages have duplicate or repeated values?	WITH grouped AS ( SELECT body, COUNT(*) as cnt FROM messenger_messages GROUP BY body ) SELECT * FROM grouped WHERE cnt > num ORDER BY cnt DESC;	WITH grouped AS ( SELECT col_name, COUNT(*) as cnt FROM table_name GROUP BY col_name ) SELECT * FROM grouped WHERE cnt > num ORDER BY cnt DESC;	WITH variable AS ( SELECT variable, COUNT(*) AS variable FROM variable GROUP BY variable ) SELECT * FROM variable WHERE variable > variable ORDER BY variable DESC;
drawSQL-mysql-export-2026-02-09_sylius	1936	MEDIUM	Show me each sylius addres along with its related details from other tables.	SELECT * FROM messenger_messages;	SELECT * FROM table_name;	SELECT * FROM variable;
drawSQL-mysql-export-2026-02-09_sylius	1937	HARD	Pull together a report on messenger messages joining all related tables.	SELECT * FROM messenger_messages LEFT JOIN sylius_catalog_promotion_channels ON messenger_messages.id = sylius_catalog_promotion_channels.catalog_promotion_id LEFT JOIN sylius_product_image_product_variants ON messenger_messages.id = sylius_product_image_product_variants.image_id;	SELECT * FROM table_name LEFT JOIN table_name ON table_name.id = table_name.col_name LEFT JOIN table_name ON table_name.id = table_name.col_name;	SELECT * FROM variable LEFT JOIN variable ON variable = variable LEFT JOIN variable ON variable = variable;
drawSQL-mysql-export-2026-02-09_sylius	1938	HARD	Who or what is the best in each group of messenger messages?	SELECT * FROM ( SELECT *, ROW_NUMBER() OVER (PARTITION BY body ORDER BY id DESC) as rn FROM messenger_messages ) WHERE rn = num;	SELECT * FROM ( SELECT *, ROW_NUMBER() OVER (PARTITION BY col_name ORDER BY id DESC) as column_alias0 FROM table_name ) WHERE column_alias0 = num;	SELECT * FROM ( SELECT *, ROW_NUMBER() OVER (PARTITION BY variable ORDER BY variable DESC) AS variable FROM variable ) WHERE variable = variable;
drawSQL-mysql-export-2026-02-09_sylius	1939	HARD	Which messenger messages are above average compared to others in their group?	SELECT strftime('%Y-%m', created_at) as period, COUNT(*) as count FROM messenger_messages WHERE created_at >= date('now', '-2 months') GROUP BY period ORDER BY period;	SELECT strftime(string, col_name) as column_alias0, column_alias1(*) as column_alias1 FROM table_name WHERE col_name >= date(string, string) GROUP BY column_alias0 ORDER BY column_alias0;	SELECT STRFTIME(variable, variable) AS variable, variable(*) AS variable FROM variable WHERE variable >= DATE(variable, variable) GROUP BY variable ORDER BY variable;
drawSQL-mysql-export-2026-02-09_sylius	1940	HARD	Do a multi-step analysis: group messenger messages, filter, then rank the results.	WITH grouped AS ( SELECT body, COUNT(*) as cnt FROM messenger_messages GROUP BY body ) SELECT * FROM grouped WHERE cnt > num ORDER BY cnt DESC;	WITH grouped AS ( SELECT col_name, COUNT(*) as cnt FROM table_name GROUP BY col_name ) SELECT * FROM grouped WHERE cnt > num ORDER BY cnt DESC;	WITH variable AS ( SELECT variable, COUNT(*) AS variable FROM variable GROUP BY variable ) SELECT * FROM variable WHERE variable > variable ORDER BY variable DESC;
drawSQL-mysql-export-2026-02-09_sylius	1941	HARD	Show the running total of messenger messages over time based on created_at.	SELECT *, COUNT(*) OVER (ORDER BY created_at) as running_count FROM messenger_messages ORDER BY created_at;	SELECT *, COUNT(*) OVER (ORDER BY col_name) as column_alias0 FROM table_name ORDER BY col_name;	SELECT *, COUNT(*) OVER (ORDER BY variable) AS variable FROM variable ORDER BY variable;
drawSQL-mysql-export-2026-02-09_sylius	1942	HARD	Find messenger messages that exist in one table but not in a related table.	SELECT * FROM messenger_messages LIMIT num;	SELECT * FROM table_name LIMIT num;	SELECT * FROM variable LIMIT variable;
drawSQL-mysql-export-2026-02-09_sylius	1943	HARD	Combine data from messenger_messages, sylius_address, and sylius_address_log_entries in a single report.	SELECT * FROM messenger_messages LEFT JOIN sylius_address ON sylius_address.id = messenger_messages.billing_address_id LEFT JOIN sylius_address_log_entries ON sylius_address_log_entries.id = messenger_messages.id;	SELECT * FROM table_name LEFT JOIN table_name ON table_name.id = table_name.col_name LEFT JOIN table_name ON table_name.id = table_name.id;	SELECT * FROM variable LEFT JOIN variable ON variable = variable LEFT JOIN variable ON variable = variable;
drawSQL-mysql-export-2026-02-09_sylius	1944	HARD	Rank all messenger messages within their groups and show the top performers.	SELECT *, ROW_NUMBER() OVER (ORDER BY id DESC) as rn FROM messenger_messages;	SELECT *, ROW_NUMBER() OVER (ORDER BY id DESC) as column_alias0 FROM table_name;	SELECT *, ROW_NUMBER() OVER (ORDER BY variable DESC) AS variable FROM variable;
drawSQL-mysql-export-2026-02-09_tenancy	1945	EASY	How many websites do we have in total?	SELECT COUNT(*) FROM websites;	SELECT COUNT(*) FROM table_name;	SELECT COUNT(*) FROM variable;
drawSQL-mysql-export-2026-02-09_tenancy	1946	EASY	Show me all of our websites.	SELECT * FROM websites;	SELECT * FROM table_name;	SELECT * FROM variable;
drawSQL-mysql-export-2026-02-09_tenancy	1947	EASY	Can you look up the website with id=num?	SELECT * FROM websites WHERE id = num;	SELECT * FROM table_name WHERE id = num;	SELECT * FROM variable WHERE variable = variable;
drawSQL-mysql-export-2026-02-09_tenancy	1948	EASY	How many websites were created since created_at=date?	SELECT COUNT(*) FROM websites WHERE created_at >= date('now', '-1 month');	SELECT COUNT(*) FROM table_name WHERE col_name >= date(string, string);	SELECT COUNT(*) FROM variable WHERE variable >= DATE(variable, variable);
drawSQL-mysql-export-2026-02-09_tenancy	1949	EASY	What are the most recent websites ordered by uuid?	SELECT * FROM websites ORDER BY created_at DESC LIMIT num;	SELECT * FROM table_name ORDER BY col_name DESC LIMIT num;	SELECT * FROM variable ORDER BY variable DESC LIMIT variable;
drawSQL-mysql-export-2026-02-09_tenancy	1950	EASY	How many hostnames do we have in total?	SELECT COUNT(*) FROM hostnames;	SELECT COUNT(*) FROM table_name;	SELECT COUNT(*) FROM variable;
drawSQL-mysql-export-2026-02-09_tenancy	1951	EASY	Show me all of our hostnames.	SELECT * FROM hostnames;	SELECT * FROM table_name;	SELECT * FROM variable;
drawSQL-mysql-export-2026-02-09_tenancy	1952	EASY	Can you look up the hostname with id=num?	SELECT * FROM websites WHERE id = num;	SELECT * FROM table_name WHERE id = num;	SELECT * FROM variable WHERE variable = variable;
drawSQL-mysql-export-2026-02-09_tenancy	1953	MEDIUM	Show me each website along with its related details from other tables.	SELECT t.*, c.* FROM websites t LEFT JOIN hostnames c ON c.website_id = t.id;	SELECT table_alias0.*, table_alias1.* FROM table_name table_alias0 LEFT JOIN table_name table_alias1 ON table_alias1.col_name = table_alias0.id;	SELECT variable.*, variable.* FROM variable variable LEFT JOIN variable variable ON variable = variable;
drawSQL-mysql-export-2026-02-09_tenancy	1954	MEDIUM	How many websites were added since created_at=date?	SELECT COUNT(*) FROM websites WHERE created_at >= date('now', '-1 month');	SELECT COUNT(*) FROM table_name WHERE col_name >= date(string, string);	SELECT COUNT(*) FROM variable WHERE variable >= DATE(variable, variable);
drawSQL-mysql-export-2026-02-09_tenancy	1955	MEDIUM	Break down the websites by uuid — how many in each?	SELECT uuid, COUNT(*) as count FROM websites GROUP BY uuid;	SELECT col_name, COUNT(*) as count FROM table_name GROUP BY col_name;	SELECT variable, COUNT(*) AS COUNT FROM variable GROUP BY variable;
drawSQL-mysql-export-2026-02-09_tenancy	1956	MEDIUM	Are there any websites that don't have a match in related tables?	SELECT * FROM websites WHERE id NOT IN (SELECT DISTINCT website_id FROM hostnames WHERE website_id IS NOT NULL);	SELECT * FROM table_name WHERE id NOT IN (SELECT DISTINCT col_name FROM table_name WHERE col_name IS NOT NULL);	SELECT * FROM variable WHERE variable NOT IN (SELECT DISTINCT variable FROM variable WHERE variable IS NOT NULL);
drawSQL-mysql-export-2026-02-09_tenancy	1957	MEDIUM	For each group, what are the top 3 websites?	SELECT * FROM websites ORDER BY id DESC LIMIT num;	SELECT * FROM table_name ORDER BY id DESC LIMIT num;	SELECT * FROM variable ORDER BY variable DESC LIMIT variable;
drawSQL-mysql-export-2026-02-09_tenancy	1958	MEDIUM	How did the number of websites change month over month?	SELECT strftime('%Y-%m', created_at) as period, COUNT(*) as count FROM websites WHERE created_at >= date('now', '-2 months') GROUP BY period ORDER BY period;	SELECT strftime(string, col_name) as column_alias0, column_alias1(*) as column_alias1 FROM table_name WHERE col_name >= date(string, string) GROUP BY column_alias0 ORDER BY column_alias0;	SELECT STRFTIME(variable, variable) AS variable, variable(*) AS variable FROM variable WHERE variable >= DATE(variable, variable) GROUP BY variable ORDER BY variable;
drawSQL-mysql-export-2026-02-09_tenancy	1959	MEDIUM	Which websites have duplicate or repeated values?	WITH grouped AS ( SELECT uuid, COUNT(*) as cnt FROM websites GROUP BY uuid ) SELECT * FROM grouped WHERE cnt > num ORDER BY cnt DESC;	WITH grouped AS ( SELECT col_name, COUNT(*) as cnt FROM table_name GROUP BY col_name ) SELECT * FROM grouped WHERE cnt > num ORDER BY cnt DESC;	WITH variable AS ( SELECT variable, COUNT(*) AS variable FROM variable GROUP BY variable ) SELECT * FROM variable WHERE variable > variable ORDER BY variable DESC;
drawSQL-mysql-export-2026-02-09_tenancy	1960	MEDIUM	How many hostnames were added since created_at=date?	SELECT COUNT(*) FROM hostnames WHERE created_at >= date('now', '-1 month');	SELECT COUNT(*) FROM table_name WHERE col_name >= date(string, string);	SELECT COUNT(*) FROM variable WHERE variable >= DATE(variable, variable);
drawSQL-mysql-export-2026-02-09_tenancy	1961	HARD	Pull together a report on websites joining all related tables.	SELECT * FROM hostnames LEFT JOIN websites ON hostnames.website_id = websites.id;	SELECT * FROM table_name LEFT JOIN table_name ON table_name.col_name = table_name.id;	SELECT * FROM variable LEFT JOIN variable ON variable = variable;
drawSQL-mysql-export-2026-02-09_tenancy	1962	HARD	Who or what is the best in each group of websites?	SELECT * FROM ( SELECT *, ROW_NUMBER() OVER (PARTITION BY uuid ORDER BY id DESC) as rn FROM websites ) WHERE rn = num;	SELECT * FROM ( SELECT *, ROW_NUMBER() OVER (PARTITION BY col_name ORDER BY id DESC) as column_alias0 FROM table_name ) WHERE column_alias0 = num;	SELECT * FROM ( SELECT *, ROW_NUMBER() OVER (PARTITION BY variable ORDER BY variable DESC) AS variable FROM variable ) WHERE variable = variable;
drawSQL-mysql-export-2026-02-09_tenancy	1963	HARD	Which websites are above average compared to others in their group?	SELECT strftime('%Y-%m', created_at) as period, COUNT(*) as count FROM websites WHERE created_at >= date('now', '-2 months') GROUP BY period ORDER BY period;	SELECT strftime(string, col_name) as column_alias0, column_alias1(*) as column_alias1 FROM table_name WHERE col_name >= date(string, string) GROUP BY column_alias0 ORDER BY column_alias0;	SELECT STRFTIME(variable, variable) AS variable, variable(*) AS variable FROM variable WHERE variable >= DATE(variable, variable) GROUP BY variable ORDER BY variable;
drawSQL-mysql-export-2026-02-09_tenancy	1964	HARD	Do a multi-step analysis: group websites, filter, then rank the results.	WITH grouped AS ( SELECT uuid, COUNT(*) as cnt FROM websites GROUP BY uuid ) SELECT * FROM grouped WHERE cnt > num ORDER BY cnt DESC;	WITH grouped AS ( SELECT col_name, COUNT(*) as cnt FROM table_name GROUP BY col_name ) SELECT * FROM grouped WHERE cnt > num ORDER BY cnt DESC;	WITH variable AS ( SELECT variable, COUNT(*) AS variable FROM variable GROUP BY variable ) SELECT * FROM variable WHERE variable > variable ORDER BY variable DESC;
drawSQL-mysql-export-2026-02-09_tenancy	1965	HARD	Show the running total of websites over time based on created_at.	SELECT *, COUNT(*) OVER (ORDER BY created_at) as running_count FROM websites ORDER BY created_at;	SELECT *, COUNT(*) OVER (ORDER BY col_name) as column_alias0 FROM table_name ORDER BY col_name;	SELECT *, COUNT(*) OVER (ORDER BY variable) AS variable FROM variable ORDER BY variable;
drawSQL-mysql-export-2026-02-09_tenancy	1966	HARD	Find websites that exist in one table but not in a related table.	SELECT * FROM websites WHERE id NOT IN (SELECT DISTINCT website_id FROM hostnames WHERE website_id IS NOT NULL);	SELECT * FROM table_name WHERE id NOT IN (SELECT DISTINCT col_name FROM table_name WHERE col_name IS NOT NULL);	SELECT * FROM variable WHERE variable NOT IN (SELECT DISTINCT variable FROM variable WHERE variable IS NOT NULL);
drawSQL-mysql-export-2026-02-09_tenancy	1967	HARD	Rank all websites within their groups and show the top performers.	SELECT *, ROW_NUMBER() OVER (ORDER BY id DESC) as rn FROM websites;	SELECT *, ROW_NUMBER() OVER (ORDER BY id DESC) as column_alias0 FROM table_name;	SELECT *, ROW_NUMBER() OVER (ORDER BY variable DESC) AS variable FROM variable;
drawSQL-mysql-export-2026-02-09_tenancy	1968	HARD	Pull together a report on hostnames joining all related tables.	SELECT * FROM hostnames LEFT JOIN websites ON hostnames.website_id = websites.id;	SELECT * FROM table_name LEFT JOIN table_name ON table_name.col_name = table_name.id;	SELECT * FROM variable LEFT JOIN variable ON variable = variable;
drawSQL-mysql-export-2026-02-09_timegrid	1969	EASY	How many users signed up since created_at=date?	SELECT COUNT(*) FROM users WHERE created_at >= date('now', '-1 month');	SELECT COUNT(*) FROM table_name WHERE col_name >= date(string, string);	SELECT COUNT(*) FROM variable WHERE variable >= DATE(variable, variable);
drawSQL-mysql-export-2026-02-09_timegrid	1970	EASY	How many appointments do we have in total?	SELECT COUNT(*) FROM appointments;	SELECT COUNT(*) FROM table_name;	SELECT COUNT(*) FROM variable;
drawSQL-mysql-export-2026-02-09_timegrid	1971	EASY	Show me all of our appointments.	SELECT * FROM appointments;	SELECT * FROM table_name;	SELECT * FROM variable;
drawSQL-mysql-export-2026-02-09_timegrid	1972	EASY	Can you look up the appointment with id=num?	SELECT * FROM appointments WHERE id = num;	SELECT * FROM table_name WHERE id = num;	SELECT * FROM variable WHERE variable = variable;
drawSQL-mysql-export-2026-02-09_timegrid	1973	EASY	How many appointments were created since created_at=date?	SELECT COUNT(*) FROM appointments WHERE created_at >= date('now', '-1 month');	SELECT COUNT(*) FROM table_name WHERE col_name >= date(string, string);	SELECT COUNT(*) FROM variable WHERE variable >= DATE(variable, variable);
drawSQL-mysql-export-2026-02-09_timegrid	1974	EASY	What are the most recent appointments ordered by issuer_id?	SELECT * FROM appointments ORDER BY created_at DESC LIMIT num;	SELECT * FROM table_name ORDER BY col_name DESC LIMIT num;	SELECT * FROM variable ORDER BY variable DESC LIMIT variable;
drawSQL-mysql-export-2026-02-09_timegrid	1975	EASY	How many business contact do we have in total?	SELECT COUNT(*) FROM business_contact;	SELECT COUNT(*) FROM table_name;	SELECT COUNT(*) FROM variable;
drawSQL-mysql-export-2026-02-09_timegrid	1976	EASY	Show me all of our business contact.	SELECT * FROM business_contact;	SELECT * FROM table_name;	SELECT * FROM variable;
drawSQL-mysql-export-2026-02-09_timegrid	1977	MEDIUM	Who are the most active users based on activity count?	SELECT * FROM users ORDER BY created_at DESC LIMIT 10;	SELECT * FROM table_name ORDER BY col_name DESC LIMIT num;	SELECT * FROM variable ORDER BY variable DESC LIMIT variable;
drawSQL-mysql-export-2026-02-09_timegrid	1978	MEDIUM	How many appointments were added since created_at=date?	SELECT COUNT(*) FROM appointments WHERE created_at >= date('now', '-1 month');	SELECT COUNT(*) FROM table_name WHERE col_name >= date(string, string);	SELECT COUNT(*) FROM variable WHERE variable >= DATE(variable, variable);
drawSQL-mysql-export-2026-02-09_timegrid	1979	MEDIUM	Break down the appointments by issuer_id — how many in each?	SELECT issuer_id, COUNT(*) as count FROM appointments GROUP BY issuer_id;	SELECT col_name, COUNT(*) as count FROM table_name GROUP BY col_name;	SELECT variable, COUNT(*) AS COUNT FROM variable GROUP BY variable;
drawSQL-mysql-export-2026-02-09_timegrid	1980	MEDIUM	Are there any appointments that don't have a match in related tables?	SELECT * FROM appointments LIMIT num;	SELECT * FROM table_name LIMIT num;	SELECT * FROM variable LIMIT variable;
drawSQL-mysql-export-2026-02-09_timegrid	1981	MEDIUM	For each group, what are the top 3 appointments?	SELECT * FROM categories ORDER BY id DESC LIMIT num;	SELECT * FROM table_name ORDER BY id DESC LIMIT num;	SELECT * FROM variable ORDER BY variable DESC LIMIT variable;
drawSQL-mysql-export-2026-02-09_timegrid	1982	MEDIUM	How did the number of appointments change month over month?	SELECT strftime('%Y-%m', created_at) as period, COUNT(*) as count FROM appointments WHERE created_at >= date('now', '-2 months') GROUP BY period ORDER BY period;	SELECT strftime(string, col_name) as column_alias0, column_alias1(*) as column_alias1 FROM table_name WHERE col_name >= date(string, string) GROUP BY column_alias0 ORDER BY column_alias0;	SELECT STRFTIME(variable, variable) AS variable, variable(*) AS variable FROM variable WHERE variable >= DATE(variable, variable) GROUP BY variable ORDER BY variable;
drawSQL-mysql-export-2026-02-09_timegrid	1983	MEDIUM	Which appointments have duplicate or repeated values?	WITH grouped AS ( SELECT issuer_id, COUNT(*) as cnt FROM appointments GROUP BY issuer_id ) SELECT * FROM grouped WHERE cnt > num ORDER BY cnt DESC;	WITH grouped AS ( SELECT col_name, COUNT(*) as cnt FROM table_name GROUP BY col_name ) SELECT * FROM grouped WHERE cnt > num ORDER BY cnt DESC;	WITH variable AS ( SELECT variable, COUNT(*) AS variable FROM variable GROUP BY variable ) SELECT * FROM variable WHERE variable > variable ORDER BY variable DESC;
drawSQL-mysql-export-2026-02-09_timegrid	1984	MEDIUM	How many business contact were added since created_at=date?	SELECT COUNT(*) FROM business_contact WHERE created_at >= date('now', '-1 month');	SELECT COUNT(*) FROM table_name WHERE col_name >= date(string, string);	SELECT COUNT(*) FROM variable WHERE variable >= DATE(variable, variable);
drawSQL-mysql-export-2026-02-09_timegrid	1985	HARD	Pull together a report on appointments joining all related tables.	SELECT * FROM appointments LEFT JOIN contacts ON appointments.contact_id = contacts.id LEFT JOIN services ON appointments.service_id = services.id LEFT JOIN businesses ON appointments.business_id = businesses.id;	SELECT * FROM table_name LEFT JOIN table_name ON table_name.col_name = table_name.id LEFT JOIN table_name ON table_name.col_name = table_name.id LEFT JOIN table_name ON table_name.col_name = table_name.id;	SELECT * FROM variable LEFT JOIN variable ON variable = variable LEFT JOIN variable ON variable = variable LEFT JOIN variable ON variable = variable;
drawSQL-mysql-export-2026-02-09_timegrid	1986	HARD	Who or what is the best in each group of appointments?	SELECT * FROM ( SELECT *, ROW_NUMBER() OVER (PARTITION BY issuer_id ORDER BY id DESC) as rn FROM appointments ) WHERE rn = num;	SELECT * FROM ( SELECT *, ROW_NUMBER() OVER (PARTITION BY col_name ORDER BY id DESC) as column_alias0 FROM table_name ) WHERE column_alias0 = num;	SELECT * FROM ( SELECT *, ROW_NUMBER() OVER (PARTITION BY variable ORDER BY variable DESC) AS variable FROM variable ) WHERE variable = variable;
drawSQL-mysql-export-2026-02-09_timegrid	1987	HARD	Which appointments are above average compared to others in their group?	SELECT strftime('%Y-%m', created_at) as period, COUNT(*) as count FROM appointments WHERE created_at >= date('now', '-2 months') GROUP BY period ORDER BY period;	SELECT strftime(string, col_name) as column_alias0, column_alias1(*) as column_alias1 FROM table_name WHERE col_name >= date(string, string) GROUP BY column_alias0 ORDER BY column_alias0;	SELECT STRFTIME(variable, variable) AS variable, variable(*) AS variable FROM variable WHERE variable >= DATE(variable, variable) GROUP BY variable ORDER BY variable;
drawSQL-mysql-export-2026-02-09_timegrid	1988	HARD	Do a multi-step analysis: group appointments, filter, then rank the results.	WITH grouped AS ( SELECT issuer_id, COUNT(*) as cnt FROM appointments GROUP BY issuer_id ) SELECT * FROM grouped WHERE cnt > num ORDER BY cnt DESC;	WITH grouped AS ( SELECT col_name, COUNT(*) as cnt FROM table_name GROUP BY col_name ) SELECT * FROM grouped WHERE cnt > num ORDER BY cnt DESC;	WITH variable AS ( SELECT variable, COUNT(*) AS variable FROM variable GROUP BY variable ) SELECT * FROM variable WHERE variable > variable ORDER BY variable DESC;
drawSQL-mysql-export-2026-02-09_timegrid	1989	HARD	Show the running total of appointments over time based on created_at.	SELECT *, COUNT(*) OVER (ORDER BY created_at) as running_count FROM appointments ORDER BY created_at;	SELECT *, COUNT(*) OVER (ORDER BY col_name) as column_alias0 FROM table_name ORDER BY col_name;	SELECT *, COUNT(*) OVER (ORDER BY variable) AS variable FROM variable ORDER BY variable;
drawSQL-mysql-export-2026-02-09_timegrid	1990	HARD	Find appointments that exist in one table but not in a related table.	SELECT * FROM appointments LIMIT num;	SELECT * FROM table_name LIMIT num;	SELECT * FROM variable LIMIT variable;
drawSQL-mysql-export-2026-02-09_timegrid	1991	HARD	Combine data from appointments, business_contact, and business_user in a single report.	SELECT * FROM appointments LEFT JOIN business_contact ON business_contact.id = appointments.id LEFT JOIN business_user ON business_user.id = appointments.id;	SELECT * FROM table_name LEFT JOIN table_name ON table_name.id = table_name.id LEFT JOIN table_name ON table_name.id = table_name.id;	SELECT * FROM variable LEFT JOIN variable ON variable = variable LEFT JOIN variable ON variable = variable;
drawSQL-mysql-export-2026-02-09_timegrid	1992	HARD	Rank all appointments within their groups and show the top performers.	SELECT *, ROW_NUMBER() OVER (ORDER BY id DESC) as rn FROM appointments;	SELECT *, ROW_NUMBER() OVER (ORDER BY id DESC) as column_alias0 FROM table_name;	SELECT *, ROW_NUMBER() OVER (ORDER BY variable DESC) AS variable FROM variable;
drawSQL-mysql-export-2026-02-09_userfrostering	1993	EASY	How many users signed up since created_at=date?	SELECT COUNT(*) FROM users WHERE created_at >= date('now', '-1 month');	SELECT COUNT(*) FROM table_name WHERE col_name >= date(string, string);	SELECT COUNT(*) FROM variable WHERE variable >= DATE(variable, variable);
drawSQL-mysql-export-2026-02-09_userfrostering	1994	EASY	How many activities do we have in total?	SELECT COUNT(*) FROM activities;	SELECT COUNT(*) FROM table_name;	SELECT COUNT(*) FROM variable;
drawSQL-mysql-export-2026-02-09_userfrostering	1995	EASY	Show me all of our activities.	SELECT * FROM activities;	SELECT * FROM table_name;	SELECT * FROM variable;
drawSQL-mysql-export-2026-02-09_userfrostering	1996	EASY	Can you look up the activity with id=num?	SELECT * FROM activities WHERE id = num;	SELECT * FROM table_name WHERE id = num;	SELECT * FROM variable WHERE variable = variable;
drawSQL-mysql-export-2026-02-09_userfrostering	1997	EASY	How many activities were created since occurred_at=date?	SELECT COUNT(*) FROM activities WHERE occurred_at >= date('now', '-1 month');	SELECT COUNT(*) FROM table_name WHERE col_name >= date(string, string);	SELECT COUNT(*) FROM variable WHERE variable >= DATE(variable, variable);
drawSQL-mysql-export-2026-02-09_userfrostering	1998	EASY	What are the most recent activities ordered by ip_address?	SELECT * FROM activities ORDER BY occurred_at DESC LIMIT num;	SELECT * FROM table_name ORDER BY col_name DESC LIMIT num;	SELECT * FROM variable ORDER BY variable DESC LIMIT variable;
drawSQL-mysql-export-2026-02-09_userfrostering	1999	EASY	How many component groups do we have in total?	SELECT COUNT(*) FROM groups;	SELECT COUNT(*) FROM table_name;	SELECT COUNT(*) FROM variable;
drawSQL-mysql-export-2026-02-09_userfrostering	2000	EASY	Show me all of our component groups.	SELECT * FROM groups;	SELECT * FROM table_name;	SELECT * FROM variable;
drawSQL-mysql-export-2026-02-09_userfrostering	2001	MEDIUM	Who are the most active users based on activity count?	SELECT * FROM users ORDER BY created_at DESC LIMIT 10;	SELECT * FROM table_name ORDER BY col_name DESC LIMIT num;	SELECT * FROM variable ORDER BY variable DESC LIMIT variable;
drawSQL-mysql-export-2026-02-09_userfrostering	2002	MEDIUM	How many activities were added since occurred_at=date?	SELECT COUNT(*) FROM activities WHERE occurred_at >= date('now', '-1 month');	SELECT COUNT(*) FROM table_name WHERE col_name >= date(string, string);	SELECT COUNT(*) FROM variable WHERE variable >= DATE(variable, variable);
drawSQL-mysql-export-2026-02-09_userfrostering	2003	MEDIUM	Break down the activities by type — how many in each?	SELECT type, COUNT(*) as count FROM activities GROUP BY type;	SELECT col_name, COUNT(*) as count FROM table_name GROUP BY col_name;	SELECT variable, COUNT(*) AS COUNT FROM variable GROUP BY variable;
drawSQL-mysql-export-2026-02-09_userfrostering	2004	MEDIUM	Are there any activities that don't have a match in related tables?	SELECT * FROM activities LIMIT num;	SELECT * FROM table_name LIMIT num;	SELECT * FROM variable LIMIT variable;
drawSQL-mysql-export-2026-02-09_userfrostering	2005	MEDIUM	For each group, what are the top 3 activities?	SELECT * FROM ( SELECT *, ROW_NUMBER() OVER (PARTITION BY type ORDER BY id DESC) as rn FROM activities ) WHERE rn <= num;	SELECT * FROM ( SELECT *, ROW_NUMBER() OVER (PARTITION BY col_name ORDER BY id DESC) as column_alias0 FROM table_name ) WHERE column_alias0 <= num;	SELECT * FROM ( SELECT *, ROW_NUMBER() OVER (PARTITION BY variable ORDER BY variable DESC) AS variable FROM variable ) WHERE variable <= variable;
drawSQL-mysql-export-2026-02-09_userfrostering	2006	MEDIUM	How did the number of activities change month over month?	SELECT strftime('%Y-%m', occurred_at) as period, COUNT(*) as count FROM activities WHERE occurred_at >= date('now', '-2 months') GROUP BY period ORDER BY period;	SELECT strftime(string, col_name) as column_alias0, column_alias1(*) as column_alias1 FROM table_name WHERE col_name >= date(string, string) GROUP BY column_alias0 ORDER BY column_alias0;	SELECT STRFTIME(variable, variable) AS variable, variable(*) AS variable FROM variable WHERE variable >= DATE(variable, variable) GROUP BY variable ORDER BY variable;
drawSQL-mysql-export-2026-02-09_userfrostering	2007	MEDIUM	Which activities have duplicate or repeated values?	WITH grouped AS ( SELECT type, COUNT(*) as cnt FROM activities GROUP BY type ) SELECT * FROM grouped WHERE cnt > num ORDER BY cnt DESC;	WITH grouped AS ( SELECT col_name, COUNT(*) as cnt FROM table_name GROUP BY col_name ) SELECT * FROM grouped WHERE cnt > num ORDER BY cnt DESC;	WITH variable AS ( SELECT variable, COUNT(*) AS variable FROM variable GROUP BY variable ) SELECT * FROM variable WHERE variable > variable ORDER BY variable DESC;
drawSQL-mysql-export-2026-02-09_userfrostering	2008	MEDIUM	Show me each component group along with its related details from other tables.	SELECT * FROM activities;	SELECT * FROM table_name;	SELECT * FROM variable;
drawSQL-mysql-export-2026-02-09_userfrostering	2009	HARD	Pull together a report on activities joining all related tables.	SELECT * FROM activities LEFT JOIN users ON activities.user_id = users.id;	SELECT * FROM table_name LEFT JOIN table_name ON table_name.col_name = table_name.id;	SELECT * FROM variable LEFT JOIN variable ON variable = variable;
drawSQL-mysql-export-2026-02-09_userfrostering	2010	HARD	Who or what is the best in each group of activities?	SELECT * FROM ( SELECT *, ROW_NUMBER() OVER (PARTITION BY type ORDER BY id DESC) as rn FROM activities ) WHERE rn = num;	SELECT * FROM ( SELECT *, ROW_NUMBER() OVER (PARTITION BY col_name ORDER BY id DESC) as column_alias0 FROM table_name ) WHERE column_alias0 = num;	SELECT * FROM ( SELECT *, ROW_NUMBER() OVER (PARTITION BY variable ORDER BY variable DESC) AS variable FROM variable ) WHERE variable = variable;
drawSQL-mysql-export-2026-02-09_userfrostering	2011	HARD	Which activities are above average compared to others in their group?	SELECT strftime('%Y-%m', occurred_at) as period, COUNT(*) as count FROM activities WHERE occurred_at >= date('now', '-2 months') GROUP BY period ORDER BY period;	SELECT strftime(string, col_name) as column_alias0, column_alias1(*) as column_alias1 FROM table_name WHERE col_name >= date(string, string) GROUP BY column_alias0 ORDER BY column_alias0;	SELECT STRFTIME(variable, variable) AS variable, variable(*) AS variable FROM variable WHERE variable >= DATE(variable, variable) GROUP BY variable ORDER BY variable;
drawSQL-mysql-export-2026-02-09_userfrostering	2012	HARD	Do a multi-step analysis: group activities, filter, then rank the results.	WITH grouped AS ( SELECT type, COUNT(*) as cnt FROM activities GROUP BY type ) SELECT * FROM grouped WHERE cnt > num ORDER BY cnt DESC;	WITH grouped AS ( SELECT col_name, COUNT(*) as cnt FROM table_name GROUP BY col_name ) SELECT * FROM grouped WHERE cnt > num ORDER BY cnt DESC;	WITH variable AS ( SELECT variable, COUNT(*) AS variable FROM variable GROUP BY variable ) SELECT * FROM variable WHERE variable > variable ORDER BY variable DESC;
drawSQL-mysql-export-2026-02-09_userfrostering	2013	HARD	Show the running total of activities over time based on occurred_at.	SELECT *, COUNT(*) OVER (ORDER BY occurred_at) as running_count FROM activities ORDER BY occurred_at;	SELECT *, COUNT(*) OVER (ORDER BY col_name) as column_alias0 FROM table_name ORDER BY col_name;	SELECT *, COUNT(*) OVER (ORDER BY variable) AS variable FROM variable ORDER BY variable;
drawSQL-mysql-export-2026-02-09_userfrostering	2014	HARD	Find activities that exist in one table but not in a related table.	SELECT * FROM activities LIMIT num;	SELECT * FROM table_name LIMIT num;	SELECT * FROM variable LIMIT variable;
drawSQL-mysql-export-2026-02-09_userfrostering	2015	HARD	Combine data from activities, groups, and password_resets in a single report.	SELECT * FROM activities LEFT JOIN groups ON groups.id = activities.group_id LEFT JOIN password_resets ON password_resets.id = activities.id;	SELECT * FROM table_name LEFT JOIN table_name ON table_name.id = table_name.col_name LEFT JOIN table_name ON table_name.id = table_name.id;	SELECT * FROM variable LEFT JOIN variable ON variable = variable LEFT JOIN variable ON variable = variable;
drawSQL-mysql-export-2026-02-09_userfrostering	2016	HARD	Rank all activities within their groups and show the top performers.	SELECT * FROM ( SELECT *, ROW_NUMBER() OVER (PARTITION BY type ORDER BY id DESC) as rn FROM activities ) WHERE rn <= num;	SELECT * FROM ( SELECT *, ROW_NUMBER() OVER (PARTITION BY col_name ORDER BY id DESC) as column_alias0 FROM table_name ) WHERE column_alias0 <= num;	SELECT * FROM ( SELECT *, ROW_NUMBER() OVER (PARTITION BY variable ORDER BY variable DESC) AS variable FROM variable ) WHERE variable <= variable;
drawSQL-mysql-export-2026-02-17_taggable	2017	EASY	How many tags do we have in total?	SELECT COUNT(*) FROM tags;	SELECT COUNT(*) FROM table_name;	SELECT COUNT(*) FROM variable;
drawSQL-mysql-export-2026-02-17_taggable	2018	EASY	Show me all of our tags.	SELECT * FROM tags;	SELECT * FROM table_name;	SELECT * FROM variable;
drawSQL-mysql-export-2026-02-17_taggable	2019	EASY	Can you look up the tag with id=num?	SELECT * FROM tags WHERE id = num;	SELECT * FROM table_name WHERE id = num;	SELECT * FROM variable WHERE variable = variable;
drawSQL-mysql-export-2026-02-17_taggable	2020	EASY	Find the tag where name=string.	SELECT * FROM tags WHERE name = string;	SELECT * FROM table_name WHERE col_name = string;	SELECT * FROM variable WHERE variable = variable;
drawSQL-mysql-export-2026-02-17_taggable	2021	EASY	How many tags were created since created_at=date?	SELECT COUNT(*) FROM tags WHERE created_at >= date('now', '-1 month');	SELECT COUNT(*) FROM table_name WHERE col_name >= date(string, string);	SELECT COUNT(*) FROM variable WHERE variable >= DATE(variable, variable);
drawSQL-mysql-export-2026-02-17_taggable	2022	EASY	What are the most recent tags ordered by name?	SELECT * FROM tags ORDER BY created_at DESC LIMIT num;	SELECT * FROM table_name ORDER BY col_name DESC LIMIT num;	SELECT * FROM variable ORDER BY variable DESC LIMIT variable;
drawSQL-mysql-export-2026-02-17_taggable	2023	EASY	How many taggings do we have in total?	SELECT COUNT(*) FROM taggings;	SELECT COUNT(*) FROM table_name;	SELECT COUNT(*) FROM variable;
drawSQL-mysql-export-2026-02-17_taggable	2024	EASY	Show me all of our taggings.	SELECT * FROM taggings;	SELECT * FROM table_name;	SELECT * FROM variable;
drawSQL-mysql-export-2026-02-17_taggable	2025	MEDIUM	Show me each tag along with its related details from other tables.	SELECT t.*, c.* FROM tags t LEFT JOIN taggings c ON c.taggable_id = t.id;	SELECT table_alias0.*, table_alias1.* FROM table_name table_alias0 LEFT JOIN table_name table_alias1 ON table_alias1.col_name = table_alias0.id;	SELECT variable.*, variable.* FROM variable variable LEFT JOIN variable variable ON variable = variable;
drawSQL-mysql-export-2026-02-17_taggable	2026	MEDIUM	How many tags were added since created_at=date?	SELECT COUNT(*) FROM tags WHERE created_at >= date('now', '-1 month');	SELECT COUNT(*) FROM table_name WHERE col_name >= date(string, string);	SELECT COUNT(*) FROM variable WHERE variable >= DATE(variable, variable);
drawSQL-mysql-export-2026-02-17_taggable	2027	MEDIUM	Break down the tags by name — how many in each?	SELECT name, COUNT(*) as count FROM tags GROUP BY name;	SELECT col_name, COUNT(*) as count FROM table_name GROUP BY col_name;	SELECT variable, COUNT(*) AS COUNT FROM variable GROUP BY variable;
drawSQL-mysql-export-2026-02-17_taggable	2028	MEDIUM	Are there any tags that don't have a match in related tables?	SELECT * FROM tags WHERE id NOT IN (SELECT DISTINCT taggable_id FROM taggings WHERE taggable_id IS NOT NULL);	SELECT * FROM table_name WHERE id NOT IN (SELECT DISTINCT col_name FROM table_name WHERE col_name IS NOT NULL);	SELECT * FROM variable WHERE variable NOT IN (SELECT DISTINCT variable FROM variable WHERE variable IS NOT NULL);
drawSQL-mysql-export-2026-02-17_taggable	2029	MEDIUM	For each group, what are the top 3 tags?	SELECT * FROM tags ORDER BY id DESC LIMIT num;	SELECT * FROM table_name ORDER BY id DESC LIMIT num;	SELECT * FROM variable ORDER BY variable DESC LIMIT variable;
drawSQL-mysql-export-2026-02-17_taggable	2030	MEDIUM	How did the number of tags change month over month?	SELECT strftime('%Y-%m', created_at) as period, COUNT(*) as count FROM tags WHERE created_at >= date('now', '-2 months') GROUP BY period ORDER BY period;	SELECT strftime(string, col_name) as column_alias0, column_alias1(*) as column_alias1 FROM table_name WHERE col_name >= date(string, string) GROUP BY column_alias0 ORDER BY column_alias0;	SELECT STRFTIME(variable, variable) AS variable, variable(*) AS variable FROM variable WHERE variable >= DATE(variable, variable) GROUP BY variable ORDER BY variable;
drawSQL-mysql-export-2026-02-17_taggable	2031	MEDIUM	Which tags have duplicate or repeated values?	WITH grouped AS ( SELECT name, COUNT(*) as cnt FROM tags GROUP BY name ) SELECT * FROM grouped WHERE cnt > num ORDER BY cnt DESC;	WITH grouped AS ( SELECT col_name, COUNT(*) as cnt FROM table_name GROUP BY col_name ) SELECT * FROM grouped WHERE cnt > num ORDER BY cnt DESC;	WITH variable AS ( SELECT variable, COUNT(*) AS variable FROM variable GROUP BY variable ) SELECT * FROM variable WHERE variable > variable ORDER BY variable DESC;
drawSQL-mysql-export-2026-02-17_taggable	2032	MEDIUM	How many taggings were added since created_at=date?	SELECT COUNT(*) FROM taggings WHERE created_at >= date('now', '-1 month');	SELECT COUNT(*) FROM table_name WHERE col_name >= date(string, string);	SELECT COUNT(*) FROM variable WHERE variable >= DATE(variable, variable);
drawSQL-mysql-export-2026-02-17_taggable	2033	HARD	Pull together a report on tags joining all related tables.	SELECT * FROM taggings LEFT JOIN tags ON taggings.taggable_id = tags.id;	SELECT * FROM table_name LEFT JOIN table_name ON table_name.col_name = table_name.id;	SELECT * FROM variable LEFT JOIN variable ON variable = variable;
drawSQL-mysql-export-2026-02-17_taggable	2034	HARD	Who or what is the best in each group of tags?	SELECT * FROM ( SELECT *, ROW_NUMBER() OVER (PARTITION BY name ORDER BY id DESC) as rn FROM tags ) WHERE rn = num;	SELECT * FROM ( SELECT *, ROW_NUMBER() OVER (PARTITION BY col_name ORDER BY id DESC) as column_alias0 FROM table_name ) WHERE column_alias0 = num;	SELECT * FROM ( SELECT *, ROW_NUMBER() OVER (PARTITION BY variable ORDER BY variable DESC) AS variable FROM variable ) WHERE variable = variable;
drawSQL-mysql-export-2026-02-17_taggable	2035	HARD	Which tags are above average compared to others in their group?	SELECT strftime('%Y-%m', created_at) as period, COUNT(*) as count FROM tags WHERE created_at >= date('now', '-2 months') GROUP BY period ORDER BY period;	SELECT strftime(string, col_name) as column_alias0, column_alias1(*) as column_alias1 FROM table_name WHERE col_name >= date(string, string) GROUP BY column_alias0 ORDER BY column_alias0;	SELECT STRFTIME(variable, variable) AS variable, variable(*) AS variable FROM variable WHERE variable >= DATE(variable, variable) GROUP BY variable ORDER BY variable;
drawSQL-mysql-export-2026-02-17_taggable	2036	HARD	Do a multi-step analysis: group tags, filter, then rank the results.	WITH grouped AS ( SELECT name, COUNT(*) as cnt FROM tags GROUP BY name ) SELECT * FROM grouped WHERE cnt > num ORDER BY cnt DESC;	WITH grouped AS ( SELECT col_name, COUNT(*) as cnt FROM table_name GROUP BY col_name ) SELECT * FROM grouped WHERE cnt > num ORDER BY cnt DESC;	WITH variable AS ( SELECT variable, COUNT(*) AS variable FROM variable GROUP BY variable ) SELECT * FROM variable WHERE variable > variable ORDER BY variable DESC;
drawSQL-mysql-export-2026-02-17_taggable	2037	HARD	Show the running total of tags over time based on created_at.	SELECT *, COUNT(*) OVER (ORDER BY created_at) as running_count FROM tags ORDER BY created_at;	SELECT *, COUNT(*) OVER (ORDER BY col_name) as column_alias0 FROM table_name ORDER BY col_name;	SELECT *, COUNT(*) OVER (ORDER BY variable) AS variable FROM variable ORDER BY variable;
drawSQL-mysql-export-2026-02-17_taggable	2038	HARD	Find tags that exist in one table but not in a related table.	SELECT * FROM tags WHERE id NOT IN (SELECT DISTINCT taggable_id FROM taggings WHERE taggable_id IS NOT NULL);	SELECT * FROM table_name WHERE id NOT IN (SELECT DISTINCT col_name FROM table_name WHERE col_name IS NOT NULL);	SELECT * FROM variable WHERE variable NOT IN (SELECT DISTINCT variable FROM variable WHERE variable IS NOT NULL);
drawSQL-mysql-export-2026-02-17_taggable	2039	HARD	Rank all tags within their groups and show the top performers.	SELECT *, ROW_NUMBER() OVER (ORDER BY id DESC) as rn FROM tags;	SELECT *, ROW_NUMBER() OVER (ORDER BY id DESC) as column_alias0 FROM table_name;	SELECT *, ROW_NUMBER() OVER (ORDER BY variable DESC) AS variable FROM variable;
drawSQL-mysql-export-2026-02-17_taggable	2040	HARD	Pull together a report on taggings joining all related tables.	SELECT * FROM taggings LEFT JOIN tags ON taggings.taggable_id = tags.id;	SELECT * FROM table_name LEFT JOIN table_name ON table_name.col_name = table_name.id;	SELECT * FROM variable LEFT JOIN variable ON variable = variable;
drawSQL-pgsql-export-2026-02-09_djpaypal	2041	EASY	Which customers have status=string for their subscription?	SELECT * FROM djpaypal_billingagreement;	SELECT * FROM table_name;	SELECT * FROM variable;
drawSQL-pgsql-export-2026-02-09_djpaypal	2042	EASY	How many users signed up since created_at=date?	SELECT COUNT(*) FROM djpaypal_billingagreement WHERE start_date >= date('now', '-1 month');	SELECT COUNT(*) FROM table_name WHERE col_name >= date(string, string);	SELECT COUNT(*) FROM variable WHERE variable >= DATE(variable, variable);
drawSQL-pgsql-export-2026-02-09_djpaypal	2043	EASY	How many djpaypal billingagreement do we have in total?	SELECT COUNT(*) FROM djpaypal_billingagreement;	SELECT COUNT(*) FROM table_name;	SELECT COUNT(*) FROM variable;
drawSQL-pgsql-export-2026-02-09_djpaypal	2044	EASY	Show me all of our djpaypal billingagreement.	SELECT * FROM djpaypal_billingagreement;	SELECT * FROM table_name;	SELECT * FROM variable;
drawSQL-pgsql-export-2026-02-09_djpaypal	2045	EASY	Can you look up the djpaypal billingagreement with id=num?	SELECT * FROM djpaypal_billingagreement WHERE id = num;	SELECT * FROM table_name WHERE id = num;	SELECT * FROM variable WHERE variable = variable;
drawSQL-pgsql-export-2026-02-09_djpaypal	2046	EASY	Find the djpaypal billingagreement where name=string.	SELECT * FROM djpaypal_billingagreement WHERE name = string;	SELECT * FROM table_name WHERE col_name = string;	SELECT * FROM variable WHERE variable = variable;
drawSQL-pgsql-export-2026-02-09_djpaypal	2047	EASY	How many djpaypal billingagreement were created since start_date=date?	SELECT COUNT(*) FROM djpaypal_billingagreement WHERE start_date >= date('now', '-1 month');	SELECT COUNT(*) FROM table_name WHERE col_name >= date(string, string);	SELECT COUNT(*) FROM variable WHERE variable >= DATE(variable, variable);
drawSQL-pgsql-export-2026-02-09_djpaypal	2048	EASY	What are the most recent djpaypal billingagreement ordered by name?	SELECT * FROM djpaypal_billingagreement ORDER BY start_date DESC LIMIT num;	SELECT * FROM table_name ORDER BY col_name DESC LIMIT num;	SELECT * FROM variable ORDER BY variable DESC LIMIT variable;
drawSQL-pgsql-export-2026-02-09_djpaypal	2049	MEDIUM	How much revenue since created_at=date?	SELECT * FROM djpaypal_billingagreement LIMIT num;	SELECT * FROM table_name LIMIT num;	SELECT * FROM variable LIMIT variable;
drawSQL-pgsql-export-2026-02-09_djpaypal	2050	MEDIUM	Who are the most active users based on activity count?	SELECT * FROM djpaypal_billingagreement LIMIT num;	SELECT * FROM table_name LIMIT num;	SELECT * FROM variable LIMIT variable;
drawSQL-pgsql-export-2026-02-09_djpaypal	2051	MEDIUM	Show me each djpaypal billingagreement along with its related details from other tables.	SELECT t.*, c.* FROM djpaypal_billingagreement t LEFT JOIN djpaypal_preparedbillingagreement c ON c.executed_agreement_id = t.id;	SELECT table_alias0.*, table_alias1.* FROM table_name table_alias0 LEFT JOIN table_name table_alias1 ON table_alias1.col_name = table_alias0.id;	SELECT variable.*, variable.* FROM variable variable LEFT JOIN variable variable ON variable = variable;
drawSQL-pgsql-export-2026-02-09_djpaypal	2052	MEDIUM	How many djpaypal billingagreement were added since start_date=date?	SELECT COUNT(*) FROM djpaypal_billingagreement WHERE start_date >= date('now', '-1 month');	SELECT COUNT(*) FROM table_name WHERE col_name >= date(string, string);	SELECT COUNT(*) FROM variable WHERE variable >= DATE(variable, variable);
drawSQL-pgsql-export-2026-02-09_djpaypal	2053	MEDIUM	Break down the djpaypal billingagreement by name — how many in each?	SELECT name, COUNT(*) as count FROM djpaypal_billingagreement GROUP BY name;	SELECT col_name, COUNT(*) as count FROM table_name GROUP BY col_name;	SELECT variable, COUNT(*) AS COUNT FROM variable GROUP BY variable;
drawSQL-pgsql-export-2026-02-09_djpaypal	2054	MEDIUM	Are there any djpaypal billingagreement that don't have a match in related tables?	SELECT * FROM djpaypal_billingagreement WHERE id NOT IN (SELECT DISTINCT executed_agreement_id FROM djpaypal_preparedbillingagreement WHERE executed_agreement_id IS NOT NULL);	SELECT * FROM table_name WHERE id NOT IN (SELECT DISTINCT col_name FROM table_name WHERE col_name IS NOT NULL);	SELECT * FROM variable WHERE variable NOT IN (SELECT DISTINCT variable FROM variable WHERE variable IS NOT NULL);
drawSQL-pgsql-export-2026-02-09_djpaypal	2055	MEDIUM	For each group, what are the top 3 djpaypal billingagreement?	SELECT * FROM djpaypal_billingagreement ORDER BY id DESC LIMIT num;	SELECT * FROM table_name ORDER BY id DESC LIMIT num;	SELECT * FROM variable ORDER BY variable DESC LIMIT variable;
drawSQL-pgsql-export-2026-02-09_djpaypal	2056	MEDIUM	How did the number of djpaypal billingagreement change month over month?	SELECT strftime('%Y-%m', start_date) as period, COUNT(*) as count FROM djpaypal_billingagreement WHERE start_date >= date('now', '-2 months') GROUP BY period ORDER BY period;	SELECT strftime(string, col_name) as column_alias0, column_alias1(*) as column_alias1 FROM table_name WHERE col_name >= date(string, string) GROUP BY column_alias0 ORDER BY column_alias0;	SELECT STRFTIME(variable, variable) AS variable, variable(*) AS variable FROM variable WHERE variable >= DATE(variable, variable) GROUP BY variable ORDER BY variable;
drawSQL-pgsql-export-2026-02-09_djpaypal	2057	HARD	Pull together a report on djpaypal billingagreement joining all related tables.	SELECT * FROM djpaypal_billingagreement LEFT JOIN djpaypal_sale ON djpaypal_billingagreement.id = djpaypal_sale.billing_agreement_id;	SELECT * FROM table_name LEFT JOIN table_name ON table_name.id = table_name.col_name;	SELECT * FROM variable LEFT JOIN variable ON variable = variable;
drawSQL-pgsql-export-2026-02-09_djpaypal	2058	HARD	Who or what is the best in each group of djpaypal billingagreement?	SELECT * FROM ( SELECT *, ROW_NUMBER() OVER (PARTITION BY name ORDER BY id DESC) as rn FROM djpaypal_billingagreement ) WHERE rn = num;	SELECT * FROM ( SELECT *, ROW_NUMBER() OVER (PARTITION BY col_name ORDER BY id DESC) as column_alias0 FROM table_name ) WHERE column_alias0 = num;	SELECT * FROM ( SELECT *, ROW_NUMBER() OVER (PARTITION BY variable ORDER BY variable DESC) AS variable FROM variable ) WHERE variable = variable;
drawSQL-pgsql-export-2026-02-09_djpaypal	2059	HARD	Which djpaypal billingagreement are above average compared to others in their group?	SELECT strftime('%Y-%m', start_date) as period, COUNT(*) as count FROM djpaypal_billingagreement WHERE start_date >= date('now', '-2 months') GROUP BY period ORDER BY period;	SELECT strftime(string, col_name) as column_alias0, column_alias1(*) as column_alias1 FROM table_name WHERE col_name >= date(string, string) GROUP BY column_alias0 ORDER BY column_alias0;	SELECT STRFTIME(variable, variable) AS variable, variable(*) AS variable FROM variable WHERE variable >= DATE(variable, variable) GROUP BY variable ORDER BY variable;
drawSQL-pgsql-export-2026-02-09_djpaypal	2060	HARD	Do a multi-step analysis: group djpaypal billingagreement, filter, then rank the results.	WITH grouped AS ( SELECT name, COUNT(*) as cnt FROM djpaypal_billingagreement GROUP BY name ) SELECT * FROM grouped WHERE cnt > num ORDER BY cnt DESC;	WITH grouped AS ( SELECT col_name, COUNT(*) as cnt FROM table_name GROUP BY col_name ) SELECT * FROM grouped WHERE cnt > num ORDER BY cnt DESC;	WITH variable AS ( SELECT variable, COUNT(*) AS variable FROM variable GROUP BY variable ) SELECT * FROM variable WHERE variable > variable ORDER BY variable DESC;
drawSQL-pgsql-export-2026-02-09_djpaypal	2061	HARD	Show the running total of djpaypal billingagreement over time based on start_date.	SELECT *, COUNT(*) OVER (ORDER BY start_date) as running_count FROM djpaypal_billingagreement ORDER BY start_date;	SELECT *, COUNT(*) OVER (ORDER BY col_name) as column_alias0 FROM table_name ORDER BY col_name;	SELECT *, COUNT(*) OVER (ORDER BY variable) AS variable FROM variable ORDER BY variable;
drawSQL-pgsql-export-2026-02-09_djpaypal	2062	HARD	Find djpaypal billingagreement that exist in one table but not in a related table.	SELECT * FROM djpaypal_billingagreement WHERE id NOT IN (SELECT DISTINCT executed_agreement_id FROM djpaypal_preparedbillingagreement WHERE executed_agreement_id IS NOT NULL);	SELECT * FROM table_name WHERE id NOT IN (SELECT DISTINCT col_name FROM table_name WHERE col_name IS NOT NULL);	SELECT * FROM variable WHERE variable NOT IN (SELECT DISTINCT variable FROM variable WHERE variable IS NOT NULL);
drawSQL-pgsql-export-2026-02-09_djpaypal	2063	HARD	Combine data from djpaypal_billingagreement, djpaypal_billingplan, and djpaypal_billingplan_payment_definitions in a single report.	SELECT * FROM djpaypal_billingagreement LEFT JOIN djpaypal_billingplan ON djpaypal_billingplan.id = djpaypal_billingagreement.executed_agreement_id LEFT JOIN djpaypal_billingplan_payment_definitions ON djpaypal_billingplan_payment_definitions.billingplan_id = djpaypal_billingagreement.id;	SELECT * FROM table_name LEFT JOIN table_name ON table_name.id = table_name.col_name LEFT JOIN table_name ON table_name.col_name = table_name.id;	SELECT * FROM variable LEFT JOIN variable ON variable = variable LEFT JOIN variable ON variable = variable;
drawSQL-pgsql-export-2026-02-09_djpaypal	2064	HARD	Rank all djpaypal billingagreement within their groups and show the top performers.	SELECT *, ROW_NUMBER() OVER (ORDER BY id DESC) as rn FROM djpaypal_billingagreement;	SELECT *, ROW_NUMBER() OVER (ORDER BY id DESC) as column_alias0 FROM table_name;	SELECT *, ROW_NUMBER() OVER (ORDER BY variable DESC) AS variable FROM variable;
drawSQL-pgsql-export-2026-02-09_feedbin	2065	EASY	How many users signed up since created_at=date?	SELECT COUNT(*) FROM users WHERE created_at >= date('now', '-1 month');	SELECT COUNT(*) FROM table_name WHERE col_name >= date(string, string);	SELECT COUNT(*) FROM variable WHERE variable >= DATE(variable, variable);
drawSQL-pgsql-export-2026-02-09_feedbin	2066	EASY	How many activity log entries do we have in total?	SELECT COUNT(*) FROM actions;	SELECT COUNT(*) FROM table_name;	SELECT COUNT(*) FROM variable;
drawSQL-pgsql-export-2026-02-09_feedbin	2067	EASY	Show me all of our activity log entries.	SELECT * FROM actions;	SELECT * FROM table_name;	SELECT * FROM variable;
drawSQL-pgsql-export-2026-02-09_feedbin	2068	EASY	Can you look up the activity log entry with id=num?	SELECT * FROM actions WHERE id = num;	SELECT * FROM table_name WHERE id = num;	SELECT * FROM variable WHERE variable = variable;
drawSQL-pgsql-export-2026-02-09_feedbin	2069	EASY	Find the activity log entry where title=string.	SELECT * FROM actions WHERE title = string;	SELECT * FROM table_name WHERE col_name = string;	SELECT * FROM variable WHERE variable = variable;
drawSQL-pgsql-export-2026-02-09_feedbin	2070	EASY	Which activity log entries have status=num?	SELECT * FROM actions WHERE status = num;	SELECT * FROM table_name WHERE col_name = num;	SELECT * FROM variable WHERE variable = variable;
drawSQL-pgsql-export-2026-02-09_feedbin	2071	EASY	How many activity log entries were created since created_at=date?	SELECT COUNT(*) FROM actions WHERE created_at >= date('now', '-1 month');	SELECT COUNT(*) FROM table_name WHERE col_name >= date(string, string);	SELECT COUNT(*) FROM variable WHERE variable >= DATE(variable, variable);
drawSQL-pgsql-export-2026-02-09_feedbin	2072	EASY	What are the most recent activity log entries ordered by user_id?	SELECT * FROM actions ORDER BY created_at DESC LIMIT num;	SELECT * FROM table_name ORDER BY col_name DESC LIMIT num;	SELECT * FROM variable ORDER BY variable DESC LIMIT variable;
drawSQL-pgsql-export-2026-02-09_feedbin	2073	MEDIUM	Who are the most active users based on activity count?	SELECT * FROM users ORDER BY created_at DESC LIMIT 10;	SELECT * FROM table_name ORDER BY col_name DESC LIMIT num;	SELECT * FROM variable ORDER BY variable DESC LIMIT variable;
drawSQL-pgsql-export-2026-02-09_feedbin	2074	MEDIUM	Show me each activity log entry along with its related details from other tables.	SELECT t.*, c.* FROM actions t LEFT JOIN actions c ON c.id = t.user_id;	SELECT table_alias0.*, table_alias1.* FROM table_name table_alias0 LEFT JOIN table_name table_alias1 ON table_alias1.id = table_alias0.col_name;	SELECT variable.*, variable.* FROM variable variable LEFT JOIN variable variable ON variable = variable;
drawSQL-pgsql-export-2026-02-09_feedbin	2075	MEDIUM	How many activity log entries were added since created_at=date?	SELECT COUNT(*) FROM actions WHERE created_at >= date('now', '-1 month');	SELECT COUNT(*) FROM table_name WHERE col_name >= date(string, string);	SELECT COUNT(*) FROM variable WHERE variable >= DATE(variable, variable);
drawSQL-pgsql-export-2026-02-09_feedbin	2076	MEDIUM	Break down the activity log entries by action_type — how many in each?	SELECT action_type, COUNT(*) as count FROM actions GROUP BY action_type;	SELECT col_name, COUNT(*) as count FROM table_name GROUP BY col_name;	SELECT variable, COUNT(*) AS COUNT FROM variable GROUP BY variable;
drawSQL-pgsql-export-2026-02-09_feedbin	2077	MEDIUM	Are there any activity log entries that don't have a match in related tables?	SELECT * FROM actions LIMIT num;	SELECT * FROM table_name LIMIT num;	SELECT * FROM variable LIMIT variable;
drawSQL-pgsql-export-2026-02-09_feedbin	2078	MEDIUM	For each group, what are the top 3 activity log entries?	SELECT * FROM ( SELECT *, ROW_NUMBER() OVER (PARTITION BY action_type ORDER BY id DESC) as rn FROM actions ) WHERE rn <= num;	SELECT * FROM ( SELECT *, ROW_NUMBER() OVER (PARTITION BY col_name ORDER BY id DESC) as column_alias0 FROM table_name ) WHERE column_alias0 <= num;	SELECT * FROM ( SELECT *, ROW_NUMBER() OVER (PARTITION BY variable ORDER BY variable DESC) AS variable FROM variable ) WHERE variable <= variable;
drawSQL-pgsql-export-2026-02-09_feedbin	2079	MEDIUM	How did the number of activity log entries change month over month?	SELECT strftime('%Y-%m', created_at) as period, COUNT(*) as count FROM actions WHERE created_at >= date('now', '-2 months') GROUP BY period ORDER BY period;	SELECT strftime(string, col_name) as column_alias0, column_alias1(*) as column_alias1 FROM table_name WHERE col_name >= date(string, string) GROUP BY column_alias0 ORDER BY column_alias0;	SELECT STRFTIME(variable, variable) AS variable, variable(*) AS variable FROM variable WHERE variable >= DATE(variable, variable) GROUP BY variable ORDER BY variable;
drawSQL-pgsql-export-2026-02-09_feedbin	2080	MEDIUM	Which activity log entries have duplicate or repeated values?	SELECT * FROM actions WHERE status = num;	SELECT * FROM table_name WHERE col_name = num;	SELECT * FROM variable WHERE variable = variable;
drawSQL-pgsql-export-2026-02-09_feedbin	2081	HARD	Pull together a report on activity log entries joining all related tables.	SELECT * FROM actions LEFT JOIN users ON actions.id = users.plan_id LEFT JOIN actions ON actions.id = actions.user_id LEFT JOIN recently_read_entries ON actions.id = recently_read_entries.user_id LEFT JOIN feed_stats ON actions.id = feed_stats.feed_id;	SELECT * FROM table_name LEFT JOIN table_name ON table_name.id = table_name.col_name LEFT JOIN table_name ON table_name.id = table_name.col_name LEFT JOIN table_name ON table_name.id = table_name.col_name LEFT JOIN table_name ON table_name.id = table_name.col_name;	SELECT * FROM variable LEFT JOIN variable ON variable = variable LEFT JOIN variable ON variable = variable LEFT JOIN variable ON variable = variable LEFT JOIN variable ON variable = variable;
drawSQL-pgsql-export-2026-02-09_feedbin	2082	HARD	Who or what is the best in each group of activity log entries?	SELECT * FROM ( SELECT *, ROW_NUMBER() OVER (PARTITION BY action_type ORDER BY id DESC) as rn FROM actions ) WHERE rn = num;	SELECT * FROM ( SELECT *, ROW_NUMBER() OVER (PARTITION BY col_name ORDER BY id DESC) as column_alias0 FROM table_name ) WHERE column_alias0 = num;	SELECT * FROM ( SELECT *, ROW_NUMBER() OVER (PARTITION BY variable ORDER BY variable DESC) AS variable FROM variable ) WHERE variable = variable;
drawSQL-pgsql-export-2026-02-09_feedbin	2083	HARD	Which activity log entries are above average compared to others in their group?	SELECT strftime('%Y-%m', created_at) as period, COUNT(*) as count FROM actions WHERE created_at >= date('now', '-2 months') GROUP BY period ORDER BY period;	SELECT strftime(string, col_name) as column_alias0, column_alias1(*) as column_alias1 FROM table_name WHERE col_name >= date(string, string) GROUP BY column_alias0 ORDER BY column_alias0;	SELECT STRFTIME(variable, variable) AS variable, variable(*) AS variable FROM variable WHERE variable >= DATE(variable, variable) GROUP BY variable ORDER BY variable;
drawSQL-pgsql-export-2026-02-09_feedbin	2084	HARD	Do a multi-step analysis: group activity log entries, filter, then rank the results.	WITH grouped AS ( SELECT action_type, COUNT(*) as cnt FROM actions GROUP BY action_type ) SELECT * FROM grouped WHERE cnt > num ORDER BY cnt DESC;	WITH grouped AS ( SELECT col_name, COUNT(*) as cnt FROM table_name GROUP BY col_name ) SELECT * FROM grouped WHERE cnt > num ORDER BY cnt DESC;	WITH variable AS ( SELECT variable, COUNT(*) AS variable FROM variable GROUP BY variable ) SELECT * FROM variable WHERE variable > variable ORDER BY variable DESC;
drawSQL-pgsql-export-2026-02-09_feedbin	2085	HARD	Show the running total of activity log entries over time based on created_at.	SELECT *, COUNT(*) OVER (ORDER BY created_at) as running_count FROM actions ORDER BY created_at;	SELECT *, COUNT(*) OVER (ORDER BY col_name) as column_alias0 FROM table_name ORDER BY col_name;	SELECT *, COUNT(*) OVER (ORDER BY variable) AS variable FROM variable ORDER BY variable;
drawSQL-pgsql-export-2026-02-09_feedbin	2086	HARD	Find activity log entries that exist in one table but not in a related table.	SELECT * FROM actions LIMIT num;	SELECT * FROM table_name LIMIT num;	SELECT * FROM variable LIMIT variable;
drawSQL-pgsql-export-2026-02-09_feedbin	2087	HARD	Combine data from actions, authentication_tokens, and billing_events in a single report.	SELECT * FROM actions LEFT JOIN authentication_tokens ON authentication_tokens.user_id = actions.id LEFT JOIN billing_events ON billing_events.user_id = actions.id;	SELECT * FROM table_name LEFT JOIN table_name ON table_name.col_name = table_name.id LEFT JOIN table_name ON table_name.col_name = table_name.id;	SELECT * FROM variable LEFT JOIN variable ON variable = variable LEFT JOIN variable ON variable = variable;
drawSQL-pgsql-export-2026-02-09_feedbin	2088	HARD	Rank all activity log entries within their groups and show the top performers.	SELECT * FROM ( SELECT *, ROW_NUMBER() OVER (PARTITION BY action_type ORDER BY id DESC) as rn FROM actions ) WHERE rn <= num;	SELECT * FROM ( SELECT *, ROW_NUMBER() OVER (PARTITION BY col_name ORDER BY id DESC) as column_alias0 FROM table_name ) WHERE column_alias0 <= num;	SELECT * FROM ( SELECT *, ROW_NUMBER() OVER (PARTITION BY variable ORDER BY variable DESC) AS variable FROM variable ) WHERE variable <= variable;
drawSQL-pgsql-export-2026-02-09_pegasus	2089	EASY	How many users signed up since created_at=date?	SELECT COUNT(*) FROM account_emailconfirmation WHERE created >= date('now', '-1 month');	SELECT COUNT(*) FROM table_name WHERE col_name >= date(string, string);	SELECT COUNT(*) FROM variable WHERE variable >= DATE(variable, variable);
drawSQL-pgsql-export-2026-02-09_pegasus	2090	EASY	How many members are on each team?	SELECT team_id, COUNT(*) as member_count FROM teams_invitation GROUP BY team_id;	SELECT col_name, COUNT(*) as member_count FROM table_name GROUP BY col_name;	SELECT variable, COUNT(*) AS variable FROM variable GROUP BY variable;
drawSQL-pgsql-export-2026-02-09_pegasus	2091	EASY	How many account emailaddress do we have in total?	SELECT COUNT(*) FROM account_emailaddress;	SELECT COUNT(*) FROM table_name;	SELECT COUNT(*) FROM variable;
drawSQL-pgsql-export-2026-02-09_pegasus	2092	EASY	Show me all of our account emailaddress.	SELECT * FROM account_emailaddress;	SELECT * FROM table_name;	SELECT * FROM variable;
drawSQL-pgsql-export-2026-02-09_pegasus	2093	EASY	Can you look up the account emailaddres with id=num?	SELECT * FROM account_emailaddress WHERE id = num;	SELECT * FROM table_name WHERE id = num;	SELECT * FROM variable WHERE variable = variable;
drawSQL-pgsql-export-2026-02-09_pegasus	2094	EASY	Find the account emailaddres where email=string.	SELECT * FROM account_emailaddress WHERE email = string;	SELECT * FROM table_name WHERE col_name = string;	SELECT * FROM variable WHERE variable = variable;
drawSQL-pgsql-export-2026-02-09_pegasus	2095	EASY	What are the most recent account emailaddress ordered by email?	SELECT * FROM account_emailaddress ORDER BY email DESC LIMIT num;	SELECT * FROM table_name ORDER BY col_name DESC LIMIT num;	SELECT * FROM variable ORDER BY variable DESC LIMIT variable;
drawSQL-pgsql-export-2026-02-09_pegasus	2096	EASY	How many account emailconfirmation do we have in total?	SELECT COUNT(*) FROM account_emailconfirmation;	SELECT COUNT(*) FROM table_name;	SELECT COUNT(*) FROM variable;
drawSQL-pgsql-export-2026-02-09_pegasus	2097	MEDIUM	Who are the most active users based on activity count?	SELECT * FROM account_emailaddress LIMIT num;	SELECT * FROM table_name LIMIT num;	SELECT * FROM variable LIMIT variable;
drawSQL-pgsql-export-2026-02-09_pegasus	2098	MEDIUM	Show me each account emailaddres along with its related details from other tables.	SELECT t.*, c.* FROM account_emailaddress t LEFT JOIN account_emailconfirmation c ON c.email_address_id = t.id;	SELECT table_alias0.*, table_alias1.* FROM table_name table_alias0 LEFT JOIN table_name table_alias1 ON table_alias1.col_name = table_alias0.id;	SELECT variable.*, variable.* FROM variable variable LEFT JOIN variable variable ON variable = variable;
drawSQL-pgsql-export-2026-02-09_pegasus	2099	MEDIUM	Break down the account emailaddress by email — how many in each?	SELECT email, COUNT(*) as count FROM account_emailaddress GROUP BY email;	SELECT col_name, COUNT(*) as count FROM table_name GROUP BY col_name;	SELECT variable, COUNT(*) AS COUNT FROM variable GROUP BY variable;
drawSQL-pgsql-export-2026-02-09_pegasus	2100	MEDIUM	Are there any account emailaddress that don't have a match in related tables?	SELECT * FROM account_emailaddress WHERE id NOT IN (SELECT DISTINCT email_address_id FROM account_emailconfirmation WHERE email_address_id IS NOT NULL);	SELECT * FROM table_name WHERE id NOT IN (SELECT DISTINCT col_name FROM table_name WHERE col_name IS NOT NULL);	SELECT * FROM variable WHERE variable NOT IN (SELECT DISTINCT variable FROM variable WHERE variable IS NOT NULL);
drawSQL-pgsql-export-2026-02-09_pegasus	2101	MEDIUM	For each group, what are the top 3 account emailaddress?	SELECT * FROM account_emailaddress ORDER BY id DESC LIMIT num;	SELECT * FROM table_name ORDER BY id DESC LIMIT num;	SELECT * FROM variable ORDER BY variable DESC LIMIT variable;
drawSQL-pgsql-export-2026-02-09_pegasus	2102	MEDIUM	Which account emailaddress have duplicate or repeated values?	WITH grouped AS ( SELECT email, COUNT(*) as cnt FROM account_emailaddress GROUP BY email ) SELECT * FROM grouped WHERE cnt > num ORDER BY cnt DESC;	WITH grouped AS ( SELECT col_name, COUNT(*) as cnt FROM table_name GROUP BY col_name ) SELECT * FROM grouped WHERE cnt > num ORDER BY cnt DESC;	WITH variable AS ( SELECT variable, COUNT(*) AS variable FROM variable GROUP BY variable ) SELECT * FROM variable WHERE variable > variable ORDER BY variable DESC;
drawSQL-pgsql-export-2026-02-09_pegasus	2103	MEDIUM	How many account emailconfirmation were added since created=date?	SELECT COUNT(*) FROM account_emailconfirmation WHERE created >= date('now', '-1 month');	SELECT COUNT(*) FROM table_name WHERE col_name >= date(string, string);	SELECT COUNT(*) FROM variable WHERE variable >= DATE(variable, variable);
drawSQL-pgsql-export-2026-02-09_pegasus	2104	MEDIUM	Break down the account emailconfirmation by created — how many in each?	SELECT created, COUNT(*) as count FROM account_emailconfirmation GROUP BY created;	SELECT col_name, COUNT(*) as count FROM table_name GROUP BY col_name;	SELECT variable, COUNT(*) AS COUNT FROM variable GROUP BY variable;
drawSQL-pgsql-export-2026-02-09_pegasus	2105	HARD	Pull together a report on account emailaddress joining all related tables.	SELECT * FROM account_emailaddress LEFT JOIN users_customuser ON account_emailaddress.user_id = users_customuser.id;	SELECT * FROM table_name LEFT JOIN table_name ON table_name.col_name = table_name.id;	SELECT * FROM variable LEFT JOIN variable ON variable = variable;
drawSQL-pgsql-export-2026-02-09_pegasus	2106	HARD	Who or what is the best in each group of account emailaddress?	SELECT * FROM ( SELECT *, ROW_NUMBER() OVER (PARTITION BY email ORDER BY id DESC) as rn FROM account_emailaddress ) WHERE rn = num;	SELECT * FROM ( SELECT *, ROW_NUMBER() OVER (PARTITION BY col_name ORDER BY id DESC) as column_alias0 FROM table_name ) WHERE column_alias0 = num;	SELECT * FROM ( SELECT *, ROW_NUMBER() OVER (PARTITION BY variable ORDER BY variable DESC) AS variable FROM variable ) WHERE variable = variable;
drawSQL-pgsql-export-2026-02-09_pegasus	2107	HARD	Which account emailaddress are above average compared to others in their group?	SELECT * FROM djstripe_plan t1 WHERE amount > ( SELECT AVG(amount) FROM djstripe_plan t2 WHERE t2.usage_type = t1.usage_type );	SELECT * FROM table_name table_alias0 WHERE col_name > ( SELECT AVG(col_name) FROM table_name table_alias1 WHERE table_alias1.col_name = table_alias0.col_name );	SELECT * FROM variable variable WHERE variable > ( SELECT AVG(variable) FROM variable variable WHERE variable = variable );
drawSQL-pgsql-export-2026-02-09_pegasus	2108	HARD	Do a multi-step analysis: group account emailaddress, filter, then rank the results.	WITH grouped AS ( SELECT email, COUNT(*) as cnt FROM account_emailaddress GROUP BY email ) SELECT * FROM grouped WHERE cnt > num ORDER BY cnt DESC;	WITH grouped AS ( SELECT col_name, COUNT(*) as cnt FROM table_name GROUP BY col_name ) SELECT * FROM grouped WHERE cnt > num ORDER BY cnt DESC;	WITH variable AS ( SELECT variable, COUNT(*) AS variable FROM variable GROUP BY variable ) SELECT * FROM variable WHERE variable > variable ORDER BY variable DESC;
drawSQL-pgsql-export-2026-02-09_pegasus	2109	HARD	Find account emailaddress that exist in one table but not in a related table.	SELECT * FROM account_emailaddress WHERE email = string;	SELECT * FROM table_name WHERE col_name = string;	SELECT * FROM variable WHERE variable = variable;
drawSQL-pgsql-export-2026-02-09_pegasus	2110	HARD	Combine data from account_emailaddress, account_emailconfirmation, and auth_group in a single report.	SELECT * FROM account_emailaddress LEFT JOIN account_emailconfirmation ON account_emailconfirmation.id = account_emailaddress.email_address_id LEFT JOIN auth_group ON auth_group.id = account_emailaddress.group_id;	SELECT * FROM table_name LEFT JOIN table_name ON table_name.id = table_name.col_name LEFT JOIN table_name ON table_name.id = table_name.col_name;	SELECT * FROM variable LEFT JOIN variable ON variable = variable LEFT JOIN variable ON variable = variable;
drawSQL-pgsql-export-2026-02-09_pegasus	2111	HARD	Rank all account emailaddress within their groups and show the top performers.	SELECT *, ROW_NUMBER() OVER (ORDER BY id DESC) as rn FROM account_emailaddress;	SELECT *, ROW_NUMBER() OVER (ORDER BY id DESC) as column_alias0 FROM table_name;	SELECT *, ROW_NUMBER() OVER (ORDER BY variable DESC) AS variable FROM variable;
drawSQL-pgsql-export-2026-02-09_pegasus	2112	HARD	Pull together a report on account emailconfirmation joining all related tables.	SELECT * FROM account_emailaddress LEFT JOIN users_customuser ON account_emailaddress.user_id = users_customuser.id;	SELECT * FROM table_name LEFT JOIN table_name ON table_name.col_name = table_name.id;	SELECT * FROM variable LEFT JOIN variable ON variable = variable;
