database_name,table_name,column_name,column_types,column_class
drawSQL-mysql-export-2026-01-13_cachet,actions,id,INT,num
drawSQL-mysql-export-2026-01-13_cachet,actions,class_name,VARCHAR(255),string
drawSQL-mysql-export-2026-01-13_cachet,actions,user_id,BIGINT,num
drawSQL-mysql-export-2026-01-13_cachet,actions,username,VARCHAR(255),string
drawSQL-mysql-export-2026-01-13_cachet,actions,information,VARCHAR(255),string
drawSQL-mysql-export-2026-01-13_cachet,actions,description,VARCHAR(255),string
drawSQL-mysql-export-2026-01-13_cachet,actions,created_at,TIMESTAMP,date
drawSQL-mysql-export-2026-01-13_cachet,actions,updated_at,TIMESTAMP,date
drawSQL-mysql-export-2026-01-13_cachet,cache,key,VARCHAR(255),string
drawSQL-mysql-export-2026-01-13_cachet,cache,value,TEXT,string
drawSQL-mysql-export-2026-01-13_cachet,cache,expiration,INT,num
drawSQL-mysql-export-2026-01-13_cachet,component_groups,id,INT,num
drawSQL-mysql-export-2026-01-13_cachet,component_groups,name,VARCHAR(255),string
drawSQL-mysql-export-2026-01-13_cachet,component_groups,order,INT,num
drawSQL-mysql-export-2026-01-13_cachet,component_groups,visible,TINYINT,num
drawSQL-mysql-export-2026-01-13_cachet,component_groups,collapsed,INT,num
drawSQL-mysql-export-2026-01-13_cachet,component_groups,created_at,TIMESTAMP,date
drawSQL-mysql-export-2026-01-13_cachet,component_groups,updated_at,TIMESTAMP,date
drawSQL-mysql-export-2026-01-13_cachet,components,id,INT,num
drawSQL-mysql-export-2026-01-13_cachet,components,name,VARCHAR(255),string
drawSQL-mysql-export-2026-01-13_cachet,components,description,TEXT,string
drawSQL-mysql-export-2026-01-13_cachet,components,link,TEXT,string
drawSQL-mysql-export-2026-01-13_cachet,components,status,INT,num
drawSQL-mysql-export-2026-01-13_cachet,components,order,INT,num
drawSQL-mysql-export-2026-01-13_cachet,components,group_id,INT,num
drawSQL-mysql-export-2026-01-13_cachet,components,user_id,INT,num
drawSQL-mysql-export-2026-01-13_cachet,components,enabled,TINYINT,num
drawSQL-mysql-export-2026-01-13_cachet,components,meta,LONGTEXT,string
drawSQL-mysql-export-2026-01-13_cachet,components,created_at,TIMESTAMP,date
drawSQL-mysql-export-2026-01-13_cachet,components,updated_at,TIMESTAMP,date
drawSQL-mysql-export-2026-01-13_cachet,components,deleted_at,TIMESTAMP,date
drawSQL-mysql-export-2026-01-13_cachet,failed_jobs,id,INT,num
drawSQL-mysql-export-2026-01-13_cachet,failed_jobs,connection,TEXT,string
drawSQL-mysql-export-2026-01-13_cachet,failed_jobs,queue,TEXT,string
drawSQL-mysql-export-2026-01-13_cachet,failed_jobs,payload,TEXT,string
drawSQL-mysql-export-2026-01-13_cachet,failed_jobs,failed_at,TIMESTAMP,date
drawSQL-mysql-export-2026-01-13_cachet,incident_components,id,INT,num
drawSQL-mysql-export-2026-01-13_cachet,incident_components,incident_id,INT,num
drawSQL-mysql-export-2026-01-13_cachet,incident_components,component_id,INT,num
drawSQL-mysql-export-2026-01-13_cachet,incident_components,status_id,INT,num
drawSQL-mysql-export-2026-01-13_cachet,incident_components,created_at,TIMESTAMP,date
drawSQL-mysql-export-2026-01-13_cachet,incident_components,updated_at,TIMESTAMP,date
drawSQL-mysql-export-2026-01-13_cachet,incident_templates,id,INT,num
drawSQL-mysql-export-2026-01-13_cachet,incident_templates,name,VARCHAR(255),string
drawSQL-mysql-export-2026-01-13_cachet,incident_templates,slug,VARCHAR(255),string
drawSQL-mysql-export-2026-01-13_cachet,incident_templates,template,LONGTEXT,string
drawSQL-mysql-export-2026-01-13_cachet,incident_templates,created_at,TIMESTAMP,date
drawSQL-mysql-export-2026-01-13_cachet,incident_templates,updated_at,TIMESTAMP,date
drawSQL-mysql-export-2026-01-13_cachet,incident_templates,deleted_at,TIMESTAMP,date
drawSQL-mysql-export-2026-01-13_cachet,incident_updates,id,INT,num
drawSQL-mysql-export-2026-01-13_cachet,incident_updates,incident_id,INT,num
drawSQL-mysql-export-2026-01-13_cachet,incident_updates,status,INT,num
drawSQL-mysql-export-2026-01-13_cachet,incident_updates,message,LONGTEXT,string
drawSQL-mysql-export-2026-01-13_cachet,incident_updates,user_id,INT,num
drawSQL-mysql-export-2026-01-13_cachet,incident_updates,created_at,TIMESTAMP,date
drawSQL-mysql-export-2026-01-13_cachet,incident_updates,updated_at,TIMESTAMP,date
drawSQL-mysql-export-2026-01-13_cachet,incidents,id,INT,num
drawSQL-mysql-export-2026-01-13_cachet,incidents,user_id,INT,num
drawSQL-mysql-export-2026-01-13_cachet,incidents,component_id,INT,num
drawSQL-mysql-export-2026-01-13_cachet,incidents,name,VARCHAR(255),string
drawSQL-mysql-export-2026-01-13_cachet,incidents,status,INT,num
drawSQL-mysql-export-2026-01-13_cachet,incidents,visible,TINYINT,num
drawSQL-mysql-export-2026-01-13_cachet,incidents,stickied,TINYINT,num
drawSQL-mysql-export-2026-01-13_cachet,incidents,notifications,TINYINT,num
drawSQL-mysql-export-2026-01-13_cachet,incidents,message,LONGTEXT,string
drawSQL-mysql-export-2026-01-13_cachet,incidents,occurred_at,TIMESTAMP,date
drawSQL-mysql-export-2026-01-13_cachet,incidents,created_at,TIMESTAMP,date
drawSQL-mysql-export-2026-01-13_cachet,incidents,updated_at,TIMESTAMP,date
drawSQL-mysql-export-2026-01-13_cachet,incidents,deleted_at,TIMESTAMP,date
drawSQL-mysql-export-2026-01-13_cachet,invites,id,INT,num
drawSQL-mysql-export-2026-01-13_cachet,invites,code,VARCHAR(255),string
drawSQL-mysql-export-2026-01-13_cachet,invites,email,VARCHAR(255),string
drawSQL-mysql-export-2026-01-13_cachet,invites,claimed_at,TIMESTAMP,date
drawSQL-mysql-export-2026-01-13_cachet,invites,created_at,TIMESTAMP,date
drawSQL-mysql-export-2026-01-13_cachet,invites,updated_at,TIMESTAMP,date
drawSQL-mysql-export-2026-01-13_cachet,jobs,id,BIGINT,num
drawSQL-mysql-export-2026-01-13_cachet,jobs,queue,VARCHAR(255),string
drawSQL-mysql-export-2026-01-13_cachet,jobs,payload,TEXT,string
drawSQL-mysql-export-2026-01-13_cachet,jobs,attempts,TINYINT,num
drawSQL-mysql-export-2026-01-13_cachet,jobs,reserved,TINYINT,num
drawSQL-mysql-export-2026-01-13_cachet,jobs,reserved_at,INT,num
drawSQL-mysql-export-2026-01-13_cachet,jobs,available_at,INT,num
drawSQL-mysql-export-2026-01-13_cachet,jobs,created_at,INT,num
drawSQL-mysql-export-2026-01-13_cachet,meta,id,INT,num
drawSQL-mysql-export-2026-01-13_cachet,meta,key,VARCHAR(255),string
drawSQL-mysql-export-2026-01-13_cachet,meta,value,VARCHAR(255),string
drawSQL-mysql-export-2026-01-13_cachet,meta,meta_id,INT,num
drawSQL-mysql-export-2026-01-13_cachet,meta,meta_type,VARCHAR(255),string
drawSQL-mysql-export-2026-01-13_cachet,meta,created_at,TIMESTAMP,date
drawSQL-mysql-export-2026-01-13_cachet,meta,updated_at,TIMESTAMP,date
drawSQL-mysql-export-2026-01-13_cachet,metric_points,id,INT,num
drawSQL-mysql-export-2026-01-13_cachet,metric_points,metric_id,INT,num
drawSQL-mysql-export-2026-01-13_cachet,metric_points,value,"DECIMAL(8, 2)",num
drawSQL-mysql-export-2026-01-13_cachet,metric_points,counter,INT,num
drawSQL-mysql-export-2026-01-13_cachet,metric_points,created_at,TIMESTAMP,date
drawSQL-mysql-export-2026-01-13_cachet,metric_points,updated_at,TIMESTAMP,date
drawSQL-mysql-export-2026-01-13_cachet,metrics,id,INT,num
drawSQL-mysql-export-2026-01-13_cachet,metrics,name,VARCHAR(255),string
drawSQL-mysql-export-2026-01-13_cachet,metrics,suffix,VARCHAR(255),string
drawSQL-mysql-export-2026-01-13_cachet,metrics,description,TEXT,string
drawSQL-mysql-export-2026-01-13_cachet,metrics,default_value,"DECIMAL(8, 2)",num
drawSQL-mysql-export-2026-01-13_cachet,metrics,calc_type,TINYINT,num
drawSQL-mysql-export-2026-01-13_cachet,metrics,display_chart,TINYINT,num
drawSQL-mysql-export-2026-01-13_cachet,metrics,places,INT,num
drawSQL-mysql-export-2026-01-13_cachet,metrics,default_view,TINYINT,num
drawSQL-mysql-export-2026-01-13_cachet,metrics,threshold,INT,num
drawSQL-mysql-export-2026-01-13_cachet,metrics,order,TINYINT,num
drawSQL-mysql-export-2026-01-13_cachet,metrics,visible,TINYINT,num
drawSQL-mysql-export-2026-01-13_cachet,metrics,created_at,TIMESTAMP,date
drawSQL-mysql-export-2026-01-13_cachet,metrics,updated_at,TIMESTAMP,date
drawSQL-mysql-export-2026-01-13_cachet,notifications,id,CHAR(255),string
drawSQL-mysql-export-2026-01-13_cachet,notifications,type,VARCHAR(255),string
drawSQL-mysql-export-2026-01-13_cachet,notifications,notifiable_type,VARCHAR(255),string
drawSQL-mysql-export-2026-01-13_cachet,notifications,notifiable_id,BIGINT,num
drawSQL-mysql-export-2026-01-13_cachet,notifications,data,TEXT,string
drawSQL-mysql-export-2026-01-13_cachet,notifications,read_at,TIMESTAMP,date
drawSQL-mysql-export-2026-01-13_cachet,notifications,created_at,TIMESTAMP,date
drawSQL-mysql-export-2026-01-13_cachet,notifications,updated_at,TIMESTAMP,date
drawSQL-mysql-export-2026-01-13_cachet,schedule_components,id,INT,num
drawSQL-mysql-export-2026-01-13_cachet,schedule_components,schedule_id,INT,num
drawSQL-mysql-export-2026-01-13_cachet,schedule_components,component_id,INT,num
drawSQL-mysql-export-2026-01-13_cachet,schedule_components,component_status,TINYINT,num
drawSQL-mysql-export-2026-01-13_cachet,schedule_components,created_at,TIMESTAMP,date
drawSQL-mysql-export-2026-01-13_cachet,schedule_components,updated_at,TIMESTAMP,date
drawSQL-mysql-export-2026-01-13_cachet,schedules,id,INT,num
drawSQL-mysql-export-2026-01-13_cachet,schedules,name,VARCHAR(255),string
drawSQL-mysql-export-2026-01-13_cachet,schedules,message,LONGTEXT,string
drawSQL-mysql-export-2026-01-13_cachet,schedules,status,TINYINT,num
drawSQL-mysql-export-2026-01-13_cachet,schedules,scheduled_at,TIMESTAMP,date
drawSQL-mysql-export-2026-01-13_cachet,schedules,completed_at,TIMESTAMP,date
drawSQL-mysql-export-2026-01-13_cachet,schedules,created_at,TIMESTAMP,date
drawSQL-mysql-export-2026-01-13_cachet,schedules,updated_at,TIMESTAMP,date
drawSQL-mysql-export-2026-01-13_cachet,schedules,deleted_at,TIMESTAMP,date
drawSQL-mysql-export-2026-01-13_cachet,sessions,id,VARCHAR(255),string
drawSQL-mysql-export-2026-01-13_cachet,sessions,user_id,INT,num
drawSQL-mysql-export-2026-01-13_cachet,sessions,ip_address,VARCHAR(255),string
drawSQL-mysql-export-2026-01-13_cachet,sessions,user_agent,TEXT,string
drawSQL-mysql-export-2026-01-13_cachet,sessions,payload,TEXT,string
drawSQL-mysql-export-2026-01-13_cachet,sessions,last_activity,INT,num
drawSQL-mysql-export-2026-01-13_cachet,settings,id,INT,num
drawSQL-mysql-export-2026-01-13_cachet,settings,name,VARCHAR(255),string
drawSQL-mysql-export-2026-01-13_cachet,settings,value,LONGTEXT,string
drawSQL-mysql-export-2026-01-13_cachet,settings,created_at,TIMESTAMP,date
drawSQL-mysql-export-2026-01-13_cachet,settings,updated_at,TIMESTAMP,date
drawSQL-mysql-export-2026-01-13_cachet,subscribers,id,INT,num
drawSQL-mysql-export-2026-01-13_cachet,subscribers,email,VARCHAR(255),string
drawSQL-mysql-export-2026-01-13_cachet,subscribers,verify_code,VARCHAR(255),string
drawSQL-mysql-export-2026-01-13_cachet,subscribers,phone_number,VARCHAR(255),string
drawSQL-mysql-export-2026-01-13_cachet,subscribers,slack_webhook_url,VARCHAR(255),string
drawSQL-mysql-export-2026-01-13_cachet,subscribers,verified_at,TIMESTAMP,date
drawSQL-mysql-export-2026-01-13_cachet,subscribers,global,TINYINT,num
drawSQL-mysql-export-2026-01-13_cachet,subscribers,created_at,TIMESTAMP,date
drawSQL-mysql-export-2026-01-13_cachet,subscribers,updated_at,TIMESTAMP,date
drawSQL-mysql-export-2026-01-13_cachet,subscriptions,id,INT,num
drawSQL-mysql-export-2026-01-13_cachet,subscriptions,subscriber_id,INT,num
drawSQL-mysql-export-2026-01-13_cachet,subscriptions,component_id,INT,num
drawSQL-mysql-export-2026-01-13_cachet,subscriptions,created_at,TIMESTAMP,date
drawSQL-mysql-export-2026-01-13_cachet,subscriptions,updated_at,TIMESTAMP,date
drawSQL-mysql-export-2026-01-13_cachet,taggables,id,INT,num
drawSQL-mysql-export-2026-01-13_cachet,taggables,tag_id,INT,num
drawSQL-mysql-export-2026-01-13_cachet,taggables,taggable_type,VARCHAR(255),string
drawSQL-mysql-export-2026-01-13_cachet,taggables,taggable_id,BIGINT,num
drawSQL-mysql-export-2026-01-13_cachet,taggables,created_at,TIMESTAMP,date
drawSQL-mysql-export-2026-01-13_cachet,taggables,updated_at,TIMESTAMP,date
drawSQL-mysql-export-2026-01-13_cachet,tags,id,INT,num
drawSQL-mysql-export-2026-01-13_cachet,tags,name,VARCHAR(255),string
drawSQL-mysql-export-2026-01-13_cachet,tags,slug,VARCHAR(255),string
drawSQL-mysql-export-2026-01-13_cachet,tags,created_at,TIMESTAMP,date
drawSQL-mysql-export-2026-01-13_cachet,tags,updated_at,TIMESTAMP,date
drawSQL-mysql-export-2026-01-13_cachet,users,id,INT,num
drawSQL-mysql-export-2026-01-13_cachet,users,username,VARCHAR(255),string
drawSQL-mysql-export-2026-01-13_cachet,users,password,VARCHAR(255),string
drawSQL-mysql-export-2026-01-13_cachet,users,remember_token,VARCHAR(255),string
drawSQL-mysql-export-2026-01-13_cachet,users,google_2fa_secret,VARCHAR(255),string
drawSQL-mysql-export-2026-01-13_cachet,users,email,VARCHAR(255),string
drawSQL-mysql-export-2026-01-13_cachet,users,api_key,VARCHAR(255),string
drawSQL-mysql-export-2026-01-13_cachet,users,active,TINYINT,num
drawSQL-mysql-export-2026-01-13_cachet,users,level,TINYINT,num
drawSQL-mysql-export-2026-01-13_cachet,users,welcomed,TINYINT,num
drawSQL-mysql-export-2026-01-13_cachet,users,created_at,TIMESTAMP,date
drawSQL-mysql-export-2026-01-13_cachet,users,updated_at,TIMESTAMP,date
drawSQL-mysql-export-2026-01-13_comfy,actions,id,INT,num
drawSQL-mysql-export-2026-01-13_comfy,actions,class_name,VARCHAR(255),string
drawSQL-mysql-export-2026-01-13_comfy,actions,user_id,BIGINT,num
drawSQL-mysql-export-2026-01-13_comfy,actions,username,VARCHAR(255),string
drawSQL-mysql-export-2026-01-13_comfy,actions,information,VARCHAR(255),string
drawSQL-mysql-export-2026-01-13_comfy,actions,description,VARCHAR(255),string
drawSQL-mysql-export-2026-01-13_comfy,actions,created_at,TIMESTAMP,date
drawSQL-mysql-export-2026-01-13_comfy,actions,updated_at,TIMESTAMP,date
drawSQL-mysql-export-2026-01-13_comfy,cache,key,VARCHAR(255),string
drawSQL-mysql-export-2026-01-13_comfy,cache,value,TEXT,string
drawSQL-mysql-export-2026-01-13_comfy,cache,expiration,INT,num
drawSQL-mysql-export-2026-01-13_comfy,component_groups,id,INT,num
drawSQL-mysql-export-2026-01-13_comfy,component_groups,name,VARCHAR(255),string
drawSQL-mysql-export-2026-01-13_comfy,component_groups,order,INT,num
drawSQL-mysql-export-2026-01-13_comfy,component_groups,visible,TINYINT,num
drawSQL-mysql-export-2026-01-13_comfy,component_groups,collapsed,INT,num
drawSQL-mysql-export-2026-01-13_comfy,component_groups,created_at,TIMESTAMP,date
drawSQL-mysql-export-2026-01-13_comfy,component_groups,updated_at,TIMESTAMP,date
drawSQL-mysql-export-2026-01-13_comfy,components,id,INT,num
drawSQL-mysql-export-2026-01-13_comfy,components,name,VARCHAR(255),string
drawSQL-mysql-export-2026-01-13_comfy,components,description,TEXT,string
drawSQL-mysql-export-2026-01-13_comfy,components,link,TEXT,string
drawSQL-mysql-export-2026-01-13_comfy,components,status,INT,num
drawSQL-mysql-export-2026-01-13_comfy,components,order,INT,num
drawSQL-mysql-export-2026-01-13_comfy,components,group_id,INT,num
drawSQL-mysql-export-2026-01-13_comfy,components,user_id,INT,num
drawSQL-mysql-export-2026-01-13_comfy,components,enabled,TINYINT,num
drawSQL-mysql-export-2026-01-13_comfy,components,meta,LONGTEXT,string
drawSQL-mysql-export-2026-01-13_comfy,components,created_at,TIMESTAMP,date
drawSQL-mysql-export-2026-01-13_comfy,components,updated_at,TIMESTAMP,date
drawSQL-mysql-export-2026-01-13_comfy,components,deleted_at,TIMESTAMP,date
drawSQL-mysql-export-2026-01-13_comfy,failed_jobs,id,INT,num
drawSQL-mysql-export-2026-01-13_comfy,failed_jobs,connection,TEXT,string
drawSQL-mysql-export-2026-01-13_comfy,failed_jobs,queue,TEXT,string
drawSQL-mysql-export-2026-01-13_comfy,failed_jobs,payload,TEXT,string
drawSQL-mysql-export-2026-01-13_comfy,failed_jobs,failed_at,TIMESTAMP,date
drawSQL-mysql-export-2026-01-13_comfy,incident_components,id,INT,num
drawSQL-mysql-export-2026-01-13_comfy,incident_components,incident_id,INT,num
drawSQL-mysql-export-2026-01-13_comfy,incident_components,component_id,INT,num
drawSQL-mysql-export-2026-01-13_comfy,incident_components,status_id,INT,num
drawSQL-mysql-export-2026-01-13_comfy,incident_components,created_at,TIMESTAMP,date
drawSQL-mysql-export-2026-01-13_comfy,incident_components,updated_at,TIMESTAMP,date
drawSQL-mysql-export-2026-01-13_comfy,incident_templates,id,INT,num
drawSQL-mysql-export-2026-01-13_comfy,incident_templates,name,VARCHAR(255),string
drawSQL-mysql-export-2026-01-13_comfy,incident_templates,slug,VARCHAR(255),string
drawSQL-mysql-export-2026-01-13_comfy,incident_templates,template,LONGTEXT,string
drawSQL-mysql-export-2026-01-13_comfy,incident_templates,created_at,TIMESTAMP,date
drawSQL-mysql-export-2026-01-13_comfy,incident_templates,updated_at,TIMESTAMP,date
drawSQL-mysql-export-2026-01-13_comfy,incident_templates,deleted_at,TIMESTAMP,date
drawSQL-mysql-export-2026-01-13_comfy,incident_updates,id,INT,num
drawSQL-mysql-export-2026-01-13_comfy,incident_updates,incident_id,INT,num
drawSQL-mysql-export-2026-01-13_comfy,incident_updates,status,INT,num
drawSQL-mysql-export-2026-01-13_comfy,incident_updates,message,LONGTEXT,string
drawSQL-mysql-export-2026-01-13_comfy,incident_updates,user_id,INT,num
drawSQL-mysql-export-2026-01-13_comfy,incident_updates,created_at,TIMESTAMP,date
drawSQL-mysql-export-2026-01-13_comfy,incident_updates,updated_at,TIMESTAMP,date
drawSQL-mysql-export-2026-01-13_comfy,incidents,id,INT,num
drawSQL-mysql-export-2026-01-13_comfy,incidents,user_id,INT,num
drawSQL-mysql-export-2026-01-13_comfy,incidents,component_id,INT,num
drawSQL-mysql-export-2026-01-13_comfy,incidents,name,VARCHAR(255),string
drawSQL-mysql-export-2026-01-13_comfy,incidents,status,INT,num
drawSQL-mysql-export-2026-01-13_comfy,incidents,visible,TINYINT,num
drawSQL-mysql-export-2026-01-13_comfy,incidents,stickied,TINYINT,num
drawSQL-mysql-export-2026-01-13_comfy,incidents,notifications,TINYINT,num
drawSQL-mysql-export-2026-01-13_comfy,incidents,message,LONGTEXT,string
drawSQL-mysql-export-2026-01-13_comfy,incidents,occurred_at,TIMESTAMP,date
drawSQL-mysql-export-2026-01-13_comfy,incidents,created_at,TIMESTAMP,date
drawSQL-mysql-export-2026-01-13_comfy,incidents,updated_at,TIMESTAMP,date
drawSQL-mysql-export-2026-01-13_comfy,incidents,deleted_at,TIMESTAMP,date
drawSQL-mysql-export-2026-01-13_comfy,invites,id,INT,num
drawSQL-mysql-export-2026-01-13_comfy,invites,code,VARCHAR(255),string
drawSQL-mysql-export-2026-01-13_comfy,invites,email,VARCHAR(255),string
drawSQL-mysql-export-2026-01-13_comfy,invites,claimed_at,TIMESTAMP,date
drawSQL-mysql-export-2026-01-13_comfy,invites,created_at,TIMESTAMP,date
drawSQL-mysql-export-2026-01-13_comfy,invites,updated_at,TIMESTAMP,date
drawSQL-mysql-export-2026-01-13_comfy,jobs,id,BIGINT,num
drawSQL-mysql-export-2026-01-13_comfy,jobs,queue,VARCHAR(255),string
drawSQL-mysql-export-2026-01-13_comfy,jobs,payload,TEXT,string
drawSQL-mysql-export-2026-01-13_comfy,jobs,attempts,TINYINT,num
drawSQL-mysql-export-2026-01-13_comfy,jobs,reserved,TINYINT,num
drawSQL-mysql-export-2026-01-13_comfy,jobs,reserved_at,INT,num
drawSQL-mysql-export-2026-01-13_comfy,jobs,available_at,INT,num
drawSQL-mysql-export-2026-01-13_comfy,jobs,created_at,INT,num
drawSQL-mysql-export-2026-01-13_comfy,meta,id,INT,num
drawSQL-mysql-export-2026-01-13_comfy,meta,key,VARCHAR(255),string
drawSQL-mysql-export-2026-01-13_comfy,meta,value,VARCHAR(255),string
drawSQL-mysql-export-2026-01-13_comfy,meta,meta_id,INT,num
drawSQL-mysql-export-2026-01-13_comfy,meta,meta_type,VARCHAR(255),string
drawSQL-mysql-export-2026-01-13_comfy,meta,created_at,TIMESTAMP,date
drawSQL-mysql-export-2026-01-13_comfy,meta,updated_at,TIMESTAMP,date
drawSQL-mysql-export-2026-01-13_comfy,metric_points,id,INT,num
drawSQL-mysql-export-2026-01-13_comfy,metric_points,metric_id,INT,num
drawSQL-mysql-export-2026-01-13_comfy,metric_points,value,"DECIMAL(8, 2)",num
drawSQL-mysql-export-2026-01-13_comfy,metric_points,counter,INT,num
drawSQL-mysql-export-2026-01-13_comfy,metric_points,created_at,TIMESTAMP,date
drawSQL-mysql-export-2026-01-13_comfy,metric_points,updated_at,TIMESTAMP,date
drawSQL-mysql-export-2026-01-13_comfy,metrics,id,INT,num
drawSQL-mysql-export-2026-01-13_comfy,metrics,name,VARCHAR(255),string
drawSQL-mysql-export-2026-01-13_comfy,metrics,suffix,VARCHAR(255),string
drawSQL-mysql-export-2026-01-13_comfy,metrics,description,TEXT,string
drawSQL-mysql-export-2026-01-13_comfy,metrics,default_value,"DECIMAL(8, 2)",num
drawSQL-mysql-export-2026-01-13_comfy,metrics,calc_type,TINYINT,num
drawSQL-mysql-export-2026-01-13_comfy,metrics,display_chart,TINYINT,num
drawSQL-mysql-export-2026-01-13_comfy,metrics,places,INT,num
drawSQL-mysql-export-2026-01-13_comfy,metrics,default_view,TINYINT,num
drawSQL-mysql-export-2026-01-13_comfy,metrics,threshold,INT,num
drawSQL-mysql-export-2026-01-13_comfy,metrics,order,TINYINT,num
drawSQL-mysql-export-2026-01-13_comfy,metrics,visible,TINYINT,num
drawSQL-mysql-export-2026-01-13_comfy,metrics,created_at,TIMESTAMP,date
drawSQL-mysql-export-2026-01-13_comfy,metrics,updated_at,TIMESTAMP,date
drawSQL-mysql-export-2026-01-13_comfy,notifications,id,CHAR(255),string
drawSQL-mysql-export-2026-01-13_comfy,notifications,type,VARCHAR(255),string
drawSQL-mysql-export-2026-01-13_comfy,notifications,notifiable_type,VARCHAR(255),string
drawSQL-mysql-export-2026-01-13_comfy,notifications,notifiable_id,BIGINT,num
drawSQL-mysql-export-2026-01-13_comfy,notifications,data,TEXT,string
drawSQL-mysql-export-2026-01-13_comfy,notifications,read_at,TIMESTAMP,date
drawSQL-mysql-export-2026-01-13_comfy,notifications,created_at,TIMESTAMP,date
drawSQL-mysql-export-2026-01-13_comfy,notifications,updated_at,TIMESTAMP,date
drawSQL-mysql-export-2026-01-13_comfy,schedule_components,id,INT,num
drawSQL-mysql-export-2026-01-13_comfy,schedule_components,schedule_id,INT,num
drawSQL-mysql-export-2026-01-13_comfy,schedule_components,component_id,INT,num
drawSQL-mysql-export-2026-01-13_comfy,schedule_components,component_status,TINYINT,num
drawSQL-mysql-export-2026-01-13_comfy,schedule_components,created_at,TIMESTAMP,date
drawSQL-mysql-export-2026-01-13_comfy,schedule_components,updated_at,TIMESTAMP,date
drawSQL-mysql-export-2026-01-13_comfy,schedules,id,INT,num
drawSQL-mysql-export-2026-01-13_comfy,schedules,name,VARCHAR(255),string
drawSQL-mysql-export-2026-01-13_comfy,schedules,message,LONGTEXT,string
drawSQL-mysql-export-2026-01-13_comfy,schedules,status,TINYINT,num
drawSQL-mysql-export-2026-01-13_comfy,schedules,scheduled_at,TIMESTAMP,date
drawSQL-mysql-export-2026-01-13_comfy,schedules,completed_at,TIMESTAMP,date
drawSQL-mysql-export-2026-01-13_comfy,schedules,created_at,TIMESTAMP,date
drawSQL-mysql-export-2026-01-13_comfy,schedules,updated_at,TIMESTAMP,date
drawSQL-mysql-export-2026-01-13_comfy,schedules,deleted_at,TIMESTAMP,date
drawSQL-mysql-export-2026-01-13_comfy,sessions,id,VARCHAR(255),string
drawSQL-mysql-export-2026-01-13_comfy,sessions,user_id,INT,num
drawSQL-mysql-export-2026-01-13_comfy,sessions,ip_address,VARCHAR(255),string
drawSQL-mysql-export-2026-01-13_comfy,sessions,user_agent,TEXT,string
drawSQL-mysql-export-2026-01-13_comfy,sessions,payload,TEXT,string
drawSQL-mysql-export-2026-01-13_comfy,sessions,last_activity,INT,num
drawSQL-mysql-export-2026-01-13_comfy,settings,id,INT,num
drawSQL-mysql-export-2026-01-13_comfy,settings,name,VARCHAR(255),string
drawSQL-mysql-export-2026-01-13_comfy,settings,value,LONGTEXT,string
drawSQL-mysql-export-2026-01-13_comfy,settings,created_at,TIMESTAMP,date
drawSQL-mysql-export-2026-01-13_comfy,settings,updated_at,TIMESTAMP,date
drawSQL-mysql-export-2026-01-13_comfy,subscribers,id,INT,num
drawSQL-mysql-export-2026-01-13_comfy,subscribers,email,VARCHAR(255),string
drawSQL-mysql-export-2026-01-13_comfy,subscribers,verify_code,VARCHAR(255),string
drawSQL-mysql-export-2026-01-13_comfy,subscribers,phone_number,VARCHAR(255),string
drawSQL-mysql-export-2026-01-13_comfy,subscribers,slack_webhook_url,VARCHAR(255),string
drawSQL-mysql-export-2026-01-13_comfy,subscribers,verified_at,TIMESTAMP,date
drawSQL-mysql-export-2026-01-13_comfy,subscribers,global,TINYINT,num
drawSQL-mysql-export-2026-01-13_comfy,subscribers,created_at,TIMESTAMP,date
drawSQL-mysql-export-2026-01-13_comfy,subscribers,updated_at,TIMESTAMP,date
drawSQL-mysql-export-2026-01-13_comfy,subscriptions,id,INT,num
drawSQL-mysql-export-2026-01-13_comfy,subscriptions,subscriber_id,INT,num
drawSQL-mysql-export-2026-01-13_comfy,subscriptions,component_id,INT,num
drawSQL-mysql-export-2026-01-13_comfy,subscriptions,created_at,TIMESTAMP,date
drawSQL-mysql-export-2026-01-13_comfy,subscriptions,updated_at,TIMESTAMP,date
drawSQL-mysql-export-2026-01-13_comfy,taggables,id,INT,num
drawSQL-mysql-export-2026-01-13_comfy,taggables,tag_id,INT,num
drawSQL-mysql-export-2026-01-13_comfy,taggables,taggable_type,VARCHAR(255),string
drawSQL-mysql-export-2026-01-13_comfy,taggables,taggable_id,BIGINT,num
drawSQL-mysql-export-2026-01-13_comfy,taggables,created_at,TIMESTAMP,date
drawSQL-mysql-export-2026-01-13_comfy,taggables,updated_at,TIMESTAMP,date
drawSQL-mysql-export-2026-01-13_comfy,tags,id,INT,num
drawSQL-mysql-export-2026-01-13_comfy,tags,name,VARCHAR(255),string
drawSQL-mysql-export-2026-01-13_comfy,tags,slug,VARCHAR(255),string
drawSQL-mysql-export-2026-01-13_comfy,tags,created_at,TIMESTAMP,date
drawSQL-mysql-export-2026-01-13_comfy,tags,updated_at,TIMESTAMP,date
drawSQL-mysql-export-2026-01-13_comfy,users,id,INT,num
drawSQL-mysql-export-2026-01-13_comfy,users,username,VARCHAR(255),string
drawSQL-mysql-export-2026-01-13_comfy,users,password,VARCHAR(255),string
drawSQL-mysql-export-2026-01-13_comfy,users,remember_token,VARCHAR(255),string
drawSQL-mysql-export-2026-01-13_comfy,users,google_2fa_secret,VARCHAR(255),string
drawSQL-mysql-export-2026-01-13_comfy,users,email,VARCHAR(255),string
drawSQL-mysql-export-2026-01-13_comfy,users,api_key,VARCHAR(255),string
drawSQL-mysql-export-2026-01-13_comfy,users,active,TINYINT,num
drawSQL-mysql-export-2026-01-13_comfy,users,level,TINYINT,num
drawSQL-mysql-export-2026-01-13_comfy,users,welcomed,TINYINT,num
drawSQL-mysql-export-2026-01-13_comfy,users,created_at,TIMESTAMP,date
drawSQL-mysql-export-2026-01-13_comfy,users,updated_at,TIMESTAMP,date
drawSQL-mysql-export-2026-01-13_koel,users,id,INT,num
drawSQL-mysql-export-2026-01-13_koel,users,name,VARCHAR(255),string
drawSQL-mysql-export-2026-01-13_koel,users,email,VARCHAR(255),string
drawSQL-mysql-export-2026-01-13_koel,users,password,VARCHAR(255),string
drawSQL-mysql-export-2026-01-13_koel,users,is_admin,BOOLEAN,boolean
drawSQL-mysql-export-2026-01-13_koel,users,preferences,TEXT,string
drawSQL-mysql-export-2026-01-13_koel,users,remember_token,VARCHAR(255),string
drawSQL-mysql-export-2026-01-13_koel,users,created_at,DATETIME,date
drawSQL-mysql-export-2026-01-13_koel,users,updated_at,DATETIME,date
drawSQL-mysql-export-2026-01-13_koel,password_resets,email,VARCHAR(255),string
drawSQL-mysql-export-2026-01-13_koel,password_resets,token,VARCHAR(255),string
drawSQL-mysql-export-2026-01-13_koel,password_resets,created_at,DATETIME,date
drawSQL-mysql-export-2026-01-13_koel,artists,id,INT,num
drawSQL-mysql-export-2026-01-13_koel,artists,name,VARCHAR(255),string
drawSQL-mysql-export-2026-01-13_koel,artists,image,VARCHAR(255),string
drawSQL-mysql-export-2026-01-13_koel,artists,created_at,DATETIME,date
drawSQL-mysql-export-2026-01-13_koel,artists,updated_at,DATETIME,date
drawSQL-mysql-export-2026-01-13_koel,albums,id,INT,num
drawSQL-mysql-export-2026-01-13_koel,albums,artist_id,INT,num
drawSQL-mysql-export-2026-01-13_koel,albums,name,VARCHAR(255),string
drawSQL-mysql-export-2026-01-13_koel,albums,cover,VARCHAR(255),string
drawSQL-mysql-export-2026-01-13_koel,albums,created_at,DATETIME,date
drawSQL-mysql-export-2026-01-13_koel,albums,updated_at,DATETIME,date
drawSQL-mysql-export-2026-01-13_koel,songs,id,VARCHAR(36),string
drawSQL-mysql-export-2026-01-13_koel,songs,album_id,INT,num
drawSQL-mysql-export-2026-01-13_koel,songs,artist_id,INT,num
drawSQL-mysql-export-2026-01-13_koel,songs,title,VARCHAR(255),string
drawSQL-mysql-export-2026-01-13_koel,songs,length,FLOAT(53),num
drawSQL-mysql-export-2026-01-13_koel,songs,track,INT,num
drawSQL-mysql-export-2026-01-13_koel,songs,disc,INT,num
drawSQL-mysql-export-2026-01-13_koel,songs,lyrics,TEXT,string
drawSQL-mysql-export-2026-01-13_koel,songs,path,TEXT,string
drawSQL-mysql-export-2026-01-13_koel,songs,mtime,INT,num
drawSQL-mysql-export-2026-01-13_koel,songs,created_at,DATETIME,date
drawSQL-mysql-export-2026-01-13_koel,songs,updated_at,DATETIME,date
drawSQL-mysql-export-2026-01-13_koel,playlists,id,INT,num
drawSQL-mysql-export-2026-01-13_koel,playlists,user_id,INT,num
drawSQL-mysql-export-2026-01-13_koel,playlists,name,VARCHAR(255),string
drawSQL-mysql-export-2026-01-13_koel,playlists,rules,TEXT,string
drawSQL-mysql-export-2026-01-13_koel,playlists,created_at,DATETIME,date
drawSQL-mysql-export-2026-01-13_koel,playlists,updated_at,DATETIME,date
drawSQL-mysql-export-2026-01-13_koel,playlists,folder_id,VARCHAR(36),string
drawSQL-mysql-export-2026-01-13_koel,interactions,id,BIGINT,num
drawSQL-mysql-export-2026-01-13_koel,interactions,user_id,INT,num
drawSQL-mysql-export-2026-01-13_koel,interactions,song_id,VARCHAR(36),string
drawSQL-mysql-export-2026-01-13_koel,interactions,liked,BOOLEAN,boolean
drawSQL-mysql-export-2026-01-13_koel,interactions,play_count,INT,num
drawSQL-mysql-export-2026-01-13_koel,interactions,created_at,DATETIME,date
drawSQL-mysql-export-2026-01-13_koel,interactions,updated_at,DATETIME,date
drawSQL-mysql-export-2026-01-13_koel,playlist_song,id,INT,num
drawSQL-mysql-export-2026-01-13_koel,playlist_song,playlist_id,INT,num
drawSQL-mysql-export-2026-01-13_koel,playlist_song,song_id,VARCHAR(36),string
drawSQL-mysql-export-2026-01-13_koel,settings,key,VARCHAR(255),string
drawSQL-mysql-export-2026-01-13_koel,settings,value,TEXT,string
drawSQL-mysql-export-2026-01-13_koel,personal_access_tokens,id,BIGINT,num
drawSQL-mysql-export-2026-01-13_koel,personal_access_tokens,UNSIGNED,NOT,string
drawSQL-mysql-export-2026-01-13_koel,personal_access_tokens,AUTO_INCREMENT,PRIMARY,string
drawSQL-mysql-export-2026-01-13_koel,personal_access_tokens,tokenable_id,BIGINT,num
drawSQL-mysql-export-2026-01-13_koel,personal_access_tokens,UNSIGNED,NOT,string
drawSQL-mysql-export-2026-01-13_koel,personal_access_tokens,tokenable_type,VARCHAR(255),string
drawSQL-mysql-export-2026-01-13_koel,personal_access_tokens,name,VARCHAR(255),string
drawSQL-mysql-export-2026-01-13_koel,personal_access_tokens,token,VARCHAR(64),string
drawSQL-mysql-export-2026-01-13_koel,personal_access_tokens,abilities,TEXT,string
drawSQL-mysql-export-2026-01-13_koel,personal_access_tokens,last_used_at,DATETIME,date
drawSQL-mysql-export-2026-01-13_koel,personal_access_tokens,created_at,DATETIME,date
drawSQL-mysql-export-2026-01-13_koel,personal_access_tokens,updated_at,DATETIME,date
drawSQL-mysql-export-2026-01-13_koel,playlist_folders,id,VARCHAR(36),string
drawSQL-mysql-export-2026-01-13_koel,playlist_folders,name,VARCHAR(255),string
drawSQL-mysql-export-2026-01-13_koel,playlist_folders,user_id,INT,num
drawSQL-mysql-export-2026-01-13_koel,playlist_folders,UNSIGNED,NOT,string
drawSQL-mysql-export-2026-01-13_koel,playlist_folders,created_at,DATETIME,date
drawSQL-mysql-export-2026-01-13_koel,playlist_folders,updated_at,DATETIME,date
drawSQL-mysql-export-2026-01-13_laravelspark,announcements,id,VARCHAR(255),string
drawSQL-mysql-export-2026-01-13_laravelspark,announcements,user_id,BIGINT,num
drawSQL-mysql-export-2026-01-13_laravelspark,announcements,body,TEXT,string
drawSQL-mysql-export-2026-01-13_laravelspark,announcements,action_text,VARCHAR(255),string
drawSQL-mysql-export-2026-01-13_laravelspark,announcements,action_url,TEXT,string
drawSQL-mysql-export-2026-01-13_laravelspark,announcements,created_at,DATETIME,date
drawSQL-mysql-export-2026-01-13_laravelspark,announcements,updated_at,DATETIME,date
drawSQL-mysql-export-2026-01-13_laravelspark,api_tokens,id,INT,num
drawSQL-mysql-export-2026-01-13_laravelspark,api_tokens,user_id,BIGINT,num
drawSQL-mysql-export-2026-01-13_laravelspark,api_tokens,name,VARCHAR(255),string
drawSQL-mysql-export-2026-01-13_laravelspark,api_tokens,token,INT,num
drawSQL-mysql-export-2026-01-13_laravelspark,api_tokens,metadata,TEXT,string
drawSQL-mysql-export-2026-01-13_laravelspark,api_tokens,transient,TINYINT,num
drawSQL-mysql-export-2026-01-13_laravelspark,api_tokens,last_used_at,TIMESTAMP,date
drawSQL-mysql-export-2026-01-13_laravelspark,api_tokens,expires_at,TIMESTAMP,date
drawSQL-mysql-export-2026-01-13_laravelspark,api_tokens,created_at,DATETIME,date
drawSQL-mysql-export-2026-01-13_laravelspark,api_tokens,updated_at,DATETIME,date
drawSQL-mysql-export-2026-01-13_laravelspark,invitations,id,VARCHAR(255),string
drawSQL-mysql-export-2026-01-13_laravelspark,invitations,team_id,BIGINT,num
drawSQL-mysql-export-2026-01-13_laravelspark,invitations,user_id,BIGINT,num
drawSQL-mysql-export-2026-01-13_laravelspark,invitations,role,VARCHAR(255),string
drawSQL-mysql-export-2026-01-13_laravelspark,invitations,email,VARCHAR(255),string
drawSQL-mysql-export-2026-01-13_laravelspark,invitations,token,VARCHAR(255),string
drawSQL-mysql-export-2026-01-13_laravelspark,invitations,created_at,DATETIME,date
drawSQL-mysql-export-2026-01-13_laravelspark,invitations,updated_at,DATETIME,date
drawSQL-mysql-export-2026-01-13_laravelspark,invoices,id,BIGINT,num
drawSQL-mysql-export-2026-01-13_laravelspark,invoices,user_id,BIGINT,num
drawSQL-mysql-export-2026-01-13_laravelspark,invoices,team_id,BIGINT,num
drawSQL-mysql-export-2026-01-13_laravelspark,invoices,provider_id,VARCHAR(255),string
drawSQL-mysql-export-2026-01-13_laravelspark,invoices,total,"DECIMAL(8, 2)",num
drawSQL-mysql-export-2026-01-13_laravelspark,invoices,tax,"DECIMAL(8, 2)",num
drawSQL-mysql-export-2026-01-13_laravelspark,invoices,card_country,VARCHAR(255),string
drawSQL-mysql-export-2026-01-13_laravelspark,invoices,billing_state,VARCHAR(255),string
drawSQL-mysql-export-2026-01-13_laravelspark,invoices,billing_zip,VARCHAR(255),string
drawSQL-mysql-export-2026-01-13_laravelspark,invoices,billing_country,VARCHAR(255),string
drawSQL-mysql-export-2026-01-13_laravelspark,invoices,vat_id,VARCHAR(255),string
drawSQL-mysql-export-2026-01-13_laravelspark,invoices,created_at,DATETIME,date
drawSQL-mysql-export-2026-01-13_laravelspark,invoices,updated_at,DATETIME,date
drawSQL-mysql-export-2026-01-13_laravelspark,notifications,id,VARCHAR(255),string
drawSQL-mysql-export-2026-01-13_laravelspark,notifications,user_id,BIGINT,num
drawSQL-mysql-export-2026-01-13_laravelspark,notifications,created_at,BIGINT,num
drawSQL-mysql-export-2026-01-13_laravelspark,notifications,icon,VARCHAR(255),string
drawSQL-mysql-export-2026-01-13_laravelspark,notifications,body,TEXT,string
drawSQL-mysql-export-2026-01-13_laravelspark,notifications,action_text,VARCHAR(255),string
drawSQL-mysql-export-2026-01-13_laravelspark,notifications,action_url,TEXT,string
drawSQL-mysql-export-2026-01-13_laravelspark,notifications,read,TINYINT,num
drawSQL-mysql-export-2026-01-13_laravelspark,notifications,created_at,DATETIME,date
drawSQL-mysql-export-2026-01-13_laravelspark,notifications,updated_at,DATETIME,date
drawSQL-mysql-export-2026-01-13_laravelspark,password_resets,email,VARCHAR(255),string
drawSQL-mysql-export-2026-01-13_laravelspark,password_resets,token,VARCHAR(255),string
drawSQL-mysql-export-2026-01-13_laravelspark,password_resets,created_at,TIMESTAMP,date
drawSQL-mysql-export-2026-01-13_laravelspark,performance_indicators,id,BIGINT,num
drawSQL-mysql-export-2026-01-13_laravelspark,performance_indicators,monthly_recurring_revenue,"DECIMAL(8, 2)",num
drawSQL-mysql-export-2026-01-13_laravelspark,performance_indicators,yearly_recurring_revenue,"DECIMAL(8, 2)",num
drawSQL-mysql-export-2026-01-13_laravelspark,performance_indicators,daily_colume,"DECIMAL(8, 2)",num
drawSQL-mysql-export-2026-01-13_laravelspark,performance_indicators,new_users,INT,num
drawSQL-mysql-export-2026-01-13_laravelspark,performance_indicators,created_at,DATETIME,date
drawSQL-mysql-export-2026-01-13_laravelspark,performance_indicators,updated_at,DATETIME,date
drawSQL-mysql-export-2026-01-13_laravelspark,subscriptions,id,BIGINT,num
drawSQL-mysql-export-2026-01-13_laravelspark,subscriptions,user_id,BIGINT,num
drawSQL-mysql-export-2026-01-13_laravelspark,subscriptions,name,VARCHAR(255),string
drawSQL-mysql-export-2026-01-13_laravelspark,subscriptions,stipe_id,VARCHAR(255),string
drawSQL-mysql-export-2026-01-13_laravelspark,subscriptions,stripe_plan,VARCHAR(255),string
drawSQL-mysql-export-2026-01-13_laravelspark,subscriptions,stripe_status,VARCHAR(255),string
drawSQL-mysql-export-2026-01-13_laravelspark,subscriptions,quantity,INT,num
drawSQL-mysql-export-2026-01-13_laravelspark,subscriptions,trial_ends_at,TIMESTAMP,date
drawSQL-mysql-export-2026-01-13_laravelspark,subscriptions,ends_at,TIMESTAMP,date
drawSQL-mysql-export-2026-01-13_laravelspark,subscriptions,created_at,DATETIME,date
drawSQL-mysql-export-2026-01-13_laravelspark,subscriptions,updated_at,DATETIME,date
drawSQL-mysql-export-2026-01-13_laravelspark,team_subscriptions,id,BIGINT,num
drawSQL-mysql-export-2026-01-13_laravelspark,team_subscriptions,team_id,BIGINT,num
drawSQL-mysql-export-2026-01-13_laravelspark,team_subscriptions,name,VARCHAR(255),string
drawSQL-mysql-export-2026-01-13_laravelspark,team_subscriptions,stripe_id,VARCHAR(255),string
drawSQL-mysql-export-2026-01-13_laravelspark,team_subscriptions,stripe_plan,VARCHAR(255),string
drawSQL-mysql-export-2026-01-13_laravelspark,team_subscriptions,stripe_status,VARCHAR(255),string
drawSQL-mysql-export-2026-01-13_laravelspark,team_subscriptions,quantity,INT,num
drawSQL-mysql-export-2026-01-13_laravelspark,team_subscriptions,trial_ends_at,TIMESTAMP,date
drawSQL-mysql-export-2026-01-13_laravelspark,team_subscriptions,ends_at,TIMESTAMP,date
drawSQL-mysql-export-2026-01-13_laravelspark,team_subscriptions,created_at,DATETIME,date
drawSQL-mysql-export-2026-01-13_laravelspark,team_subscriptions,updated_at,DATETIME,date
drawSQL-mysql-export-2026-01-13_laravelspark,team_users,team_id,BIGINT,num
drawSQL-mysql-export-2026-01-13_laravelspark,team_users,user_id,BIGINT,num
drawSQL-mysql-export-2026-01-13_laravelspark,team_users,role,VARCHAR(255),string
drawSQL-mysql-export-2026-01-13_laravelspark,teams,id,BIGINT,num
drawSQL-mysql-export-2026-01-13_laravelspark,teams,owner_id,INT,num
drawSQL-mysql-export-2026-01-13_laravelspark,teams,name,VARCHAR(255),string
drawSQL-mysql-export-2026-01-13_laravelspark,teams,slug,VARCHAR(255),string
drawSQL-mysql-export-2026-01-13_laravelspark,teams,photo_url,TEXT,string
drawSQL-mysql-export-2026-01-13_laravelspark,teams,stripe_id,VARCHAR(255),string
drawSQL-mysql-export-2026-01-13_laravelspark,teams,current_billing_plan,VARCHAR(255),string
drawSQL-mysql-export-2026-01-13_laravelspark,teams,card_brand,VARCHAR(255),string
drawSQL-mysql-export-2026-01-13_laravelspark,teams,card_last_four,VARCHAR(255),string
drawSQL-mysql-export-2026-01-13_laravelspark,teams,card_country,VARCHAR(255),string
drawSQL-mysql-export-2026-01-13_laravelspark,teams,billing_address,VARCHAR(255),string
drawSQL-mysql-export-2026-01-13_laravelspark,teams,billing_address_line_2,VARCHAR(255),string
drawSQL-mysql-export-2026-01-13_laravelspark,teams,billing_city,VARCHAR(255),string
drawSQL-mysql-export-2026-01-13_laravelspark,teams,billing_state,VARCHAR(255),string
drawSQL-mysql-export-2026-01-13_laravelspark,teams,billing_zip,VARCHAR(255),string
drawSQL-mysql-export-2026-01-13_laravelspark,teams,billing_country,VARCHAR(255),string
drawSQL-mysql-export-2026-01-13_laravelspark,teams,vat_id,VARCHAR(255),string
drawSQL-mysql-export-2026-01-13_laravelspark,teams,extra_billing_information,TEXT,string
drawSQL-mysql-export-2026-01-13_laravelspark,teams,trial_ends_at,TIMESTAMP,date
drawSQL-mysql-export-2026-01-13_laravelspark,teams,created_at,DATETIME,date
drawSQL-mysql-export-2026-01-13_laravelspark,teams,updated_at,DATETIME,date
drawSQL-mysql-export-2026-01-13_laravelspark,users,id,BIGINT,num
drawSQL-mysql-export-2026-01-13_laravelspark,users,name,VARCHAR(255),string
drawSQL-mysql-export-2026-01-13_laravelspark,users,email,VARCHAR(255),string
drawSQL-mysql-export-2026-01-13_laravelspark,users,email_verified_at,TIMESTAMP,date
drawSQL-mysql-export-2026-01-13_laravelspark,users,password,VARCHAR(255),string
drawSQL-mysql-export-2026-01-13_laravelspark,users,remember_token,VARCHAR(255),string
drawSQL-mysql-export-2026-01-13_laravelspark,users,photo_url,TEXT,string
drawSQL-mysql-export-2026-01-13_laravelspark,users,uses_two_factor_auth,TINYINT,num
drawSQL-mysql-export-2026-01-13_laravelspark,users,authy_id,VARCHAR(255),string
drawSQL-mysql-export-2026-01-13_laravelspark,users,country_code,VARCHAR(255),string
drawSQL-mysql-export-2026-01-13_laravelspark,users,phone,VARCHAR(255),string
drawSQL-mysql-export-2026-01-13_laravelspark,users,stripe_id,VARCHAR(255),string
drawSQL-mysql-export-2026-01-13_laravelspark,users,two_factor_reset_code,VARCHAR(255),string
drawSQL-mysql-export-2026-01-13_laravelspark,users,current_team_id,INT,num
drawSQL-mysql-export-2026-01-13_laravelspark,users,current_billing_plan,VARCHAR(255),string
drawSQL-mysql-export-2026-01-13_laravelspark,users,card_brand,VARCHAR(255),string
drawSQL-mysql-export-2026-01-13_laravelspark,users,card_last_four,VARCHAR(255),string
drawSQL-mysql-export-2026-01-13_laravelspark,users,card_country,VARCHAR(255),string
drawSQL-mysql-export-2026-01-13_laravelspark,users,billing_address,VARCHAR(255),string
drawSQL-mysql-export-2026-01-13_laravelspark,users,billing_address_line_2,VARCHAR(255),string
drawSQL-mysql-export-2026-01-13_laravelspark,users,billing_city,VARCHAR(255),string
drawSQL-mysql-export-2026-01-13_laravelspark,users,billing_state,VARCHAR(255),string
drawSQL-mysql-export-2026-01-13_laravelspark,users,billing_zip,VARCHAR(255),string
drawSQL-mysql-export-2026-01-13_laravelspark,users,billing_country,VARCHAR(255),string
drawSQL-mysql-export-2026-01-13_laravelspark,users,vat_id,VARCHAR(255),string
drawSQL-mysql-export-2026-01-13_laravelspark,users,extra_billing_information,TEXT,string
drawSQL-mysql-export-2026-01-13_laravelspark,users,trial_ends_at,TIMESTAMP,date
drawSQL-mysql-export-2026-01-13_laravelspark,users,last_read_announcements_at,TIMESTAMP,date
drawSQL-mysql-export-2026-01-13_laravelspark,users,created_at,DATETIME,date
drawSQL-mysql-export-2026-01-13_laravelspark,users,updated_at,DATETIME,date
drawSQL-mysql-export-2026-01-13_permissions,permissions,id,BIGINT,num
drawSQL-mysql-export-2026-01-13_permissions,permissions,name,VARCHAR(255),string
drawSQL-mysql-export-2026-01-13_permissions,permissions,guard_name,VARCHAR(255),string
drawSQL-mysql-export-2026-01-13_permissions,permissions,created_at,DATETIME,date
drawSQL-mysql-export-2026-01-13_permissions,permissions,updated_at,DATETIME,date
drawSQL-mysql-export-2026-01-13_permissions,roles,id,BIGINT,num
drawSQL-mysql-export-2026-01-13_permissions,roles,name,VARCHAR(255),string
drawSQL-mysql-export-2026-01-13_permissions,roles,guard_name,VARCHAR(255),string
drawSQL-mysql-export-2026-01-13_permissions,roles,created_at,DATETIME,date
drawSQL-mysql-export-2026-01-13_permissions,roles,updated_at,DATETIME,date
drawSQL-mysql-export-2026-01-13_permissions,model_has_permissions,permission_id,BIGINT,num
drawSQL-mysql-export-2026-01-13_permissions,model_has_permissions,model_type,VARCHAR(255),string
drawSQL-mysql-export-2026-01-13_permissions,model_has_permissions,model_id,INT,num
drawSQL-mysql-export-2026-01-13_permissions,model_has_roles,role_id,BIGINT,num
drawSQL-mysql-export-2026-01-13_permissions,model_has_roles,model_type,VARCHAR(255),string
drawSQL-mysql-export-2026-01-13_permissions,model_has_roles,model_id,INT,num
drawSQL-mysql-export-2026-01-13_permissions,role_has_permissions,permission_id,BIGINT,num
drawSQL-mysql-export-2026-01-13_permissions,role_has_permissions,role_id,BIGINT,num
drawSQL-mysql-export-2026-01-13_refinery,ticketit_statuses,id,INT,num
drawSQL-mysql-export-2026-01-13_refinery,ticketit_statuses,name,VARCHAR(255),string
drawSQL-mysql-export-2026-01-13_refinery,ticketit_statuses,color,BIGINT,num
drawSQL-mysql-export-2026-01-13_refinery,ticketit_priorities,id,INT,num
drawSQL-mysql-export-2026-01-13_refinery,ticketit_priorities,name,VARCHAR(255),string
drawSQL-mysql-export-2026-01-13_refinery,ticketit_priorities,color,BIGINT,num
drawSQL-mysql-export-2026-01-13_refinery,ticketit_categories,id,INT,num
drawSQL-mysql-export-2026-01-13_refinery,ticketit_categories,name,VARCHAR(255),string
drawSQL-mysql-export-2026-01-13_refinery,ticketit_categories,color,BIGINT,num
drawSQL-mysql-export-2026-01-13_refinery,ticketit_categories_users,category_id,INT,num
drawSQL-mysql-export-2026-01-13_refinery,ticketit_categories_users,user_id,INT,num
drawSQL-mysql-export-2026-01-13_refinery,ticketit,id,INT,num
drawSQL-mysql-export-2026-01-13_refinery,ticketit,subject,VARCHAR(255),string
drawSQL-mysql-export-2026-01-13_refinery,ticketit,content,LONGTEXT,string
drawSQL-mysql-export-2026-01-13_refinery,ticketit,html,LONGTEXT,string
drawSQL-mysql-export-2026-01-13_refinery,ticketit,status_id,INT,num
drawSQL-mysql-export-2026-01-13_refinery,ticketit,priority_id,INT,num
drawSQL-mysql-export-2026-01-13_refinery,ticketit,user_id,INT,num
drawSQL-mysql-export-2026-01-13_refinery,ticketit,agent_id,INT,num
drawSQL-mysql-export-2026-01-13_refinery,ticketit,category_id,INT,num
drawSQL-mysql-export-2026-01-13_refinery,ticketit,created_at,DATETIME,date
drawSQL-mysql-export-2026-01-13_refinery,ticketit,updated_at,BIGINT,num
drawSQL-mysql-export-2026-01-13_refinery,ticketit,completed_at,TIMESTAMP,date
drawSQL-mysql-export-2026-01-13_refinery,ticketit_comments,id,INT,num
drawSQL-mysql-export-2026-01-13_refinery,ticketit_comments,content,TEXT,string
drawSQL-mysql-export-2026-01-13_refinery,ticketit_comments,user_id,INT,num
drawSQL-mysql-export-2026-01-13_refinery,ticketit_comments,ticket_id,INT,num
drawSQL-mysql-export-2026-01-13_refinery,ticketit_comments,created_at,BIGINT,num
drawSQL-mysql-export-2026-01-13_refinery,ticketit_comments,updated_at,DATETIME,date
drawSQL-mysql-export-2026-01-13_refinery,ticketit_comments,content,LONGTEXT,string
drawSQL-mysql-export-2026-01-13_refinery,ticketit_comments,html,LONGTEXT,string
drawSQL-mysql-export-2026-01-13_refinery,ticketit_audits,id,INT,num
drawSQL-mysql-export-2026-01-13_refinery,ticketit_audits,operation,TEXT,string
drawSQL-mysql-export-2026-01-13_refinery,ticketit_audits,user_id,INT,num
drawSQL-mysql-export-2026-01-13_refinery,ticketit_audits,ticket_id,INT,num
drawSQL-mysql-export-2026-01-13_refinery,ticketit_audits,created_at,DATETIME,date
drawSQL-mysql-export-2026-01-13_refinery,ticketit_audits,updated_at,DATETIME,date
drawSQL-mysql-export-2026-01-13_refinery,users,id,INT,num
drawSQL-mysql-export-2026-01-13_refinery,users,ticketit_admin,BOOLEAN,boolean
drawSQL-mysql-export-2026-01-13_refinery,users,ticketit_agent,BOOLEAN,boolean
drawSQL-mysql-export-2026-01-13_refinery,ticketit_settings,id,INT,num
drawSQL-mysql-export-2026-01-13_refinery,ticketit_settings,lang,VARCHAR(255),string
drawSQL-mysql-export-2026-01-13_refinery,ticketit_settings,slug,VARCHAR(255),string
drawSQL-mysql-export-2026-01-13_refinery,ticketit_settings,value,MEDIUMTEXT,string
drawSQL-mysql-export-2026-01-13_refinery,ticketit_settings,default,MEDIUMTEXT,string
drawSQL-mysql-export-2026-01-13_refinery,ticketit_settings,created_at,DATETIME,date
drawSQL-mysql-export-2026-01-13_refinery,ticketit_settings,updated_at,DATETIME,date
drawSQL-mysql-export-2026-01-13_snipe,accessories,id,INT,num
drawSQL-mysql-export-2026-01-13_snipe,accessories,name,VARCHAR(255),string
drawSQL-mysql-export-2026-01-13_snipe,accessories,category_id,INT,num
drawSQL-mysql-export-2026-01-13_snipe,accessories,user_id,INT,num
drawSQL-mysql-export-2026-01-13_snipe,accessories,qty,INT,num
drawSQL-mysql-export-2026-01-13_snipe,accessories,requestable,TINYINT,num
drawSQL-mysql-export-2026-01-13_snipe,accessories,created_at,TIMESTAMP,date
drawSQL-mysql-export-2026-01-13_snipe,accessories,updated_at,TIMESTAMP,date
drawSQL-mysql-export-2026-01-13_snipe,accessories,deleted_at,TIMESTAMP,date
drawSQL-mysql-export-2026-01-13_snipe,accessories,location_id,INT,num
drawSQL-mysql-export-2026-01-13_snipe,accessories,purchase_date,DATE,date
drawSQL-mysql-export-2026-01-13_snipe,accessories,purchase_cost,"DECIMAL(8, 2)",num
drawSQL-mysql-export-2026-01-13_snipe,accessories,order_number,VARCHAR(255),string
drawSQL-mysql-export-2026-01-13_snipe,accessories,company_id,INT,num
drawSQL-mysql-export-2026-01-13_snipe,accessories,min_amt,INT,num
drawSQL-mysql-export-2026-01-13_snipe,accessories,manufacturer_id,INT,num
drawSQL-mysql-export-2026-01-13_snipe,accessories,model_number,VARCHAR(255),string
drawSQL-mysql-export-2026-01-13_snipe,accessories,image,VARCHAR(255),string
drawSQL-mysql-export-2026-01-13_snipe,accessories,supplier_id,INT,num
drawSQL-mysql-export-2026-01-13_snipe,accessories_users,id,INT,num
drawSQL-mysql-export-2026-01-13_snipe,accessories_users,user_id,INT,num
drawSQL-mysql-export-2026-01-13_snipe,accessories_users,accessory_id,INT,num
drawSQL-mysql-export-2026-01-13_snipe,accessories_users,assigned_to,INT,num
drawSQL-mysql-export-2026-01-13_snipe,accessories_users,created_at,TIMESTAMP,date
drawSQL-mysql-export-2026-01-13_snipe,accessories_users,updated_at,TIMESTAMP,date
drawSQL-mysql-export-2026-01-13_snipe,action_logs,id,INT,num
drawSQL-mysql-export-2026-01-13_snipe,action_logs,user_id,INT,num
drawSQL-mysql-export-2026-01-13_snipe,action_logs,action_type,VARCHAR(255),string
drawSQL-mysql-export-2026-01-13_snipe,action_logs,target_id,INT,num
drawSQL-mysql-export-2026-01-13_snipe,action_logs,target_type,VARCHAR(255),string
drawSQL-mysql-export-2026-01-13_snipe,action_logs,location_id,INT,num
drawSQL-mysql-export-2026-01-13_snipe,action_logs,note,TEXT,string
drawSQL-mysql-export-2026-01-13_snipe,action_logs,filename,TEXT,string
drawSQL-mysql-export-2026-01-13_snipe,action_logs,item_type,VARCHAR(255),string
drawSQL-mysql-export-2026-01-13_snipe,action_logs,item_id,INT,num
drawSQL-mysql-export-2026-01-13_snipe,action_logs,expected_checkin,DATE,date
drawSQL-mysql-export-2026-01-13_snipe,action_logs,accepted_id,INT,num
drawSQL-mysql-export-2026-01-13_snipe,action_logs,created_at,TIMESTAMP,date
drawSQL-mysql-export-2026-01-13_snipe,action_logs,updated_at,TIMESTAMP,date
drawSQL-mysql-export-2026-01-13_snipe,action_logs,deleted_at,TIMESTAMP,date
drawSQL-mysql-export-2026-01-13_snipe,action_logs,thread_id,INT,num
drawSQL-mysql-export-2026-01-13_snipe,action_logs,company_id,INT,num
drawSQL-mysql-export-2026-01-13_snipe,action_logs,accept_signature,VARCHAR(255),string
drawSQL-mysql-export-2026-01-13_snipe,action_logs,log_meta,TEXT,string
drawSQL-mysql-export-2026-01-13_snipe,asset_logs,id,INT,num
drawSQL-mysql-export-2026-01-13_snipe,asset_logs,user_id,INT,num
drawSQL-mysql-export-2026-01-13_snipe,asset_logs,action_type,VARCHAR(255),string
drawSQL-mysql-export-2026-01-13_snipe,asset_logs,asset_id,INT,num
drawSQL-mysql-export-2026-01-13_snipe,asset_logs,checkedout_to,INT,num
drawSQL-mysql-export-2026-01-13_snipe,asset_logs,location_id,INT,num
drawSQL-mysql-export-2026-01-13_snipe,asset_logs,created_at,TIMESTAMP,date
drawSQL-mysql-export-2026-01-13_snipe,asset_logs,updated_at,TIMESTAMP,date
drawSQL-mysql-export-2026-01-13_snipe,asset_logs,deleted_at,TIMESTAMP,date
drawSQL-mysql-export-2026-01-13_snipe,asset_logs,asset_type,VARCHAR(255),string
drawSQL-mysql-export-2026-01-13_snipe,asset_logs,note,TEXT,string
drawSQL-mysql-export-2026-01-13_snipe,asset_logs,filename,TEXT,string
drawSQL-mysql-export-2026-01-13_snipe,asset_logs,requested_at,DATETIME,date
drawSQL-mysql-export-2026-01-13_snipe,asset_logs,accepted_at,DATETIME,date
drawSQL-mysql-export-2026-01-13_snipe,asset_logs,accessory_id,INT,num
drawSQL-mysql-export-2026-01-13_snipe,asset_logs,accepted_id,INT,num
drawSQL-mysql-export-2026-01-13_snipe,asset_logs,consumable_id,INT,num
drawSQL-mysql-export-2026-01-13_snipe,asset_logs,expected_checkin,DATE,date
drawSQL-mysql-export-2026-01-13_snipe,asset_logs,component_id,INT,num
drawSQL-mysql-export-2026-01-13_snipe,asset_maintenances,id,INT,num
drawSQL-mysql-export-2026-01-13_snipe,asset_maintenances,asset_id,INT,num
drawSQL-mysql-export-2026-01-13_snipe,asset_maintenances,supplier_id,INT,num
drawSQL-mysql-export-2026-01-13_snipe,asset_maintenances,asset_maintenance_type,VARCHAR(255),string
drawSQL-mysql-export-2026-01-13_snipe,asset_maintenances,title,VARCHAR(255),string
drawSQL-mysql-export-2026-01-13_snipe,asset_maintenances,is_warranty,TINYINT,num
drawSQL-mysql-export-2026-01-13_snipe,asset_maintenances,start_date,DATE,date
drawSQL-mysql-export-2026-01-13_snipe,asset_maintenances,completion_date,DATE,date
drawSQL-mysql-export-2026-01-13_snipe,asset_maintenances,asset_maintenance_time,INT,num
drawSQL-mysql-export-2026-01-13_snipe,asset_maintenances,notes,LONGTEXT,string
drawSQL-mysql-export-2026-01-13_snipe,asset_maintenances,cost,"DECIMAL(8, 2)",num
drawSQL-mysql-export-2026-01-13_snipe,asset_maintenances,deleted_at,DATETIME,date
drawSQL-mysql-export-2026-01-13_snipe,asset_maintenances,created_at,TIMESTAMP,date
drawSQL-mysql-export-2026-01-13_snipe,asset_maintenances,updated_at,TIMESTAMP,date
drawSQL-mysql-export-2026-01-13_snipe,asset_maintenances,user_id,INT,num
drawSQL-mysql-export-2026-01-13_snipe,asset_uploads,id,INT,num
drawSQL-mysql-export-2026-01-13_snipe,asset_uploads,user_id,INT,num
drawSQL-mysql-export-2026-01-13_snipe,asset_uploads,filename,VARCHAR(255),string
drawSQL-mysql-export-2026-01-13_snipe,asset_uploads,asset_id,INT,num
drawSQL-mysql-export-2026-01-13_snipe,asset_uploads,filenotes,VARCHAR(255),string
drawSQL-mysql-export-2026-01-13_snipe,asset_uploads,created_at,TIMESTAMP,date
drawSQL-mysql-export-2026-01-13_snipe,asset_uploads,updated_at,TIMESTAMP,date
drawSQL-mysql-export-2026-01-13_snipe,asset_uploads,deleted_at,TIMESTAMP,date
drawSQL-mysql-export-2026-01-13_snipe,assets,id,INT,num
drawSQL-mysql-export-2026-01-13_snipe,assets,name,VARCHAR(255),string
drawSQL-mysql-export-2026-01-13_snipe,assets,asset_tag,VARCHAR(255),string
drawSQL-mysql-export-2026-01-13_snipe,assets,model_id,INT,num
drawSQL-mysql-export-2026-01-13_snipe,assets,serial,VARCHAR(255),string
drawSQL-mysql-export-2026-01-13_snipe,assets,purchase_date,DATE,date
drawSQL-mysql-export-2026-01-13_snipe,assets,purchase_cost,"DECIMAL(8, 2)",num
drawSQL-mysql-export-2026-01-13_snipe,assets,order_number,VARCHAR(255),string
drawSQL-mysql-export-2026-01-13_snipe,assets,assigned_to,INT,num
drawSQL-mysql-export-2026-01-13_snipe,assets,notes,TEXT,string
drawSQL-mysql-export-2026-01-13_snipe,assets,image,TEXT,string
drawSQL-mysql-export-2026-01-13_snipe,assets,user_id,INT,num
drawSQL-mysql-export-2026-01-13_snipe,assets,created_at,TIMESTAMP,date
drawSQL-mysql-export-2026-01-13_snipe,assets,updated_at,TIMESTAMP,date
drawSQL-mysql-export-2026-01-13_snipe,assets,physical,TINYINT,num
drawSQL-mysql-export-2026-01-13_snipe,assets,deleted_at,TIMESTAMP,date
drawSQL-mysql-export-2026-01-13_snipe,assets,status_id,INT,num
drawSQL-mysql-export-2026-01-13_snipe,assets,archived,TINYINT,num
drawSQL-mysql-export-2026-01-13_snipe,assets,warranty_months,INT,num
drawSQL-mysql-export-2026-01-13_snipe,assets,depreciate,TINYINT,num
drawSQL-mysql-export-2026-01-13_snipe,assets,supplier_id,INT,num
drawSQL-mysql-export-2026-01-13_snipe,assets,requestable,TINYINT,num
drawSQL-mysql-export-2026-01-13_snipe,assets,rtd_location_id,INT,num
drawSQL-mysql-export-2026-01-13_snipe,assets,_snipeit_mac_address_1,VARCHAR(255),string
drawSQL-mysql-export-2026-01-13_snipe,assets,accepted,VARCHAR(255),string
drawSQL-mysql-export-2026-01-13_snipe,assets,last_checkout,DATETIME,date
drawSQL-mysql-export-2026-01-13_snipe,assets,expected_checkin,DATE,date
drawSQL-mysql-export-2026-01-13_snipe,assets,company_id,INT,num
drawSQL-mysql-export-2026-01-13_snipe,assets,assigned_type,VARCHAR(255),string
drawSQL-mysql-export-2026-01-13_snipe,assets,last_audit_date,DATETIME,date
drawSQL-mysql-export-2026-01-13_snipe,assets,next_audit_date,DATE,date
drawSQL-mysql-export-2026-01-13_snipe,assets,location_id,INT,num
drawSQL-mysql-export-2026-01-13_snipe,assets,checkin_counter,INT,num
drawSQL-mysql-export-2026-01-13_snipe,assets,checkout_counter,INT,num
drawSQL-mysql-export-2026-01-13_snipe,assets,requests_counter,INT,num
drawSQL-mysql-export-2026-01-13_snipe,categories,id,INT,num
drawSQL-mysql-export-2026-01-13_snipe,categories,name,VARCHAR(255),string
drawSQL-mysql-export-2026-01-13_snipe,categories,created_at,TIMESTAMP,date
drawSQL-mysql-export-2026-01-13_snipe,categories,updated_at,TIMESTAMP,date
drawSQL-mysql-export-2026-01-13_snipe,categories,user_id,INT,num
drawSQL-mysql-export-2026-01-13_snipe,categories,deleted_at,TIMESTAMP,date
drawSQL-mysql-export-2026-01-13_snipe,categories,eula_text,LONGTEXT,string
drawSQL-mysql-export-2026-01-13_snipe,categories,use_default_eula,TINYINT,num
drawSQL-mysql-export-2026-01-13_snipe,categories,require_acceptance,TINYINT,num
drawSQL-mysql-export-2026-01-13_snipe,categories,category_type,VARCHAR(255),string
drawSQL-mysql-export-2026-01-13_snipe,categories,checkin_email,TINYINT,num
drawSQL-mysql-export-2026-01-13_snipe,categories,image,VARCHAR(255),string
drawSQL-mysql-export-2026-01-13_snipe,checkout_requests,id,INT,num
drawSQL-mysql-export-2026-01-13_snipe,checkout_requests,user_id,INT,num
drawSQL-mysql-export-2026-01-13_snipe,checkout_requests,requestable_id,INT,num
drawSQL-mysql-export-2026-01-13_snipe,checkout_requests,requestable_type,VARCHAR(255),string
drawSQL-mysql-export-2026-01-13_snipe,checkout_requests,quantity,INT,num
drawSQL-mysql-export-2026-01-13_snipe,checkout_requests,created_at,TIMESTAMP,date
drawSQL-mysql-export-2026-01-13_snipe,checkout_requests,updated_at,TIMESTAMP,date
drawSQL-mysql-export-2026-01-13_snipe,checkout_requests,canceled_at,DATETIME,date
drawSQL-mysql-export-2026-01-13_snipe,checkout_requests,fulfilled_at,DATETIME,date
drawSQL-mysql-export-2026-01-13_snipe,checkout_requests,deleted_at,DATETIME,date
drawSQL-mysql-export-2026-01-13_snipe,companies,id,INT,num
drawSQL-mysql-export-2026-01-13_snipe,companies,name,VARCHAR(255),string
drawSQL-mysql-export-2026-01-13_snipe,companies,created_at,TIMESTAMP,date
drawSQL-mysql-export-2026-01-13_snipe,companies,updated_at,TIMESTAMP,date
drawSQL-mysql-export-2026-01-13_snipe,companies,image,VARCHAR(255),string
drawSQL-mysql-export-2026-01-13_snipe,components,id,INT,num
drawSQL-mysql-export-2026-01-13_snipe,components,name,VARCHAR(255),string
drawSQL-mysql-export-2026-01-13_snipe,components,category_id,INT,num
drawSQL-mysql-export-2026-01-13_snipe,components,location_id,INT,num
drawSQL-mysql-export-2026-01-13_snipe,components,company_id,INT,num
drawSQL-mysql-export-2026-01-13_snipe,components,user_id,INT,num
drawSQL-mysql-export-2026-01-13_snipe,components,qty,INT,num
drawSQL-mysql-export-2026-01-13_snipe,components,order_number,VARCHAR(255),string
drawSQL-mysql-export-2026-01-13_snipe,components,purchase_date,DATE,date
drawSQL-mysql-export-2026-01-13_snipe,components,purchase_cost,"DECIMAL(8, 2)",num
drawSQL-mysql-export-2026-01-13_snipe,components,created_at,TIMESTAMP,date
drawSQL-mysql-export-2026-01-13_snipe,components,updated_at,TIMESTAMP,date
drawSQL-mysql-export-2026-01-13_snipe,components,deleted_at,TIMESTAMP,date
drawSQL-mysql-export-2026-01-13_snipe,components,min_amt,INT,num
drawSQL-mysql-export-2026-01-13_snipe,components,serial,VARCHAR(255),string
drawSQL-mysql-export-2026-01-13_snipe,components,image,VARCHAR(255),string
drawSQL-mysql-export-2026-01-13_snipe,components_assets,id,INT,num
drawSQL-mysql-export-2026-01-13_snipe,components_assets,user_id,INT,num
drawSQL-mysql-export-2026-01-13_snipe,components_assets,assigned_qty,INT,num
drawSQL-mysql-export-2026-01-13_snipe,components_assets,component_id,INT,num
drawSQL-mysql-export-2026-01-13_snipe,components_assets,asset_id,INT,num
drawSQL-mysql-export-2026-01-13_snipe,components_assets,created_at,TIMESTAMP,date
drawSQL-mysql-export-2026-01-13_snipe,components_assets,updated_at,TIMESTAMP,date
drawSQL-mysql-export-2026-01-13_snipe,consumables,id,INT,num
drawSQL-mysql-export-2026-01-13_snipe,consumables,name,VARCHAR(255),string
drawSQL-mysql-export-2026-01-13_snipe,consumables,category_id,INT,num
drawSQL-mysql-export-2026-01-13_snipe,consumables,location_id,INT,num
drawSQL-mysql-export-2026-01-13_snipe,consumables,user_id,INT,num
drawSQL-mysql-export-2026-01-13_snipe,consumables,qty,INT,num
drawSQL-mysql-export-2026-01-13_snipe,consumables,requestable,TINYINT,num
drawSQL-mysql-export-2026-01-13_snipe,consumables,created_at,TIMESTAMP,date
drawSQL-mysql-export-2026-01-13_snipe,consumables,updated_at,TIMESTAMP,date
drawSQL-mysql-export-2026-01-13_snipe,consumables,deleted_at,TIMESTAMP,date
drawSQL-mysql-export-2026-01-13_snipe,consumables,purchase_date,DATE,date
drawSQL-mysql-export-2026-01-13_snipe,consumables,purchase_cost,"DECIMAL(8, 2)",num
drawSQL-mysql-export-2026-01-13_snipe,consumables,order_number,VARCHAR(255),string
drawSQL-mysql-export-2026-01-13_snipe,consumables,company_id,INT,num
drawSQL-mysql-export-2026-01-13_snipe,consumables,min_amt,INT,num
drawSQL-mysql-export-2026-01-13_snipe,consumables,model_number,VARCHAR(255),string
drawSQL-mysql-export-2026-01-13_snipe,consumables,manufacturer_id,INT,num
drawSQL-mysql-export-2026-01-13_snipe,consumables,item_no,VARCHAR(255),string
drawSQL-mysql-export-2026-01-13_snipe,consumables,image,VARCHAR(255),string
drawSQL-mysql-export-2026-01-13_snipe,consumables_users,id,INT,num
drawSQL-mysql-export-2026-01-13_snipe,consumables_users,user_id,INT,num
drawSQL-mysql-export-2026-01-13_snipe,consumables_users,consumable_id,INT,num
drawSQL-mysql-export-2026-01-13_snipe,consumables_users,assigned_to,INT,num
drawSQL-mysql-export-2026-01-13_snipe,consumables_users,created_at,TIMESTAMP,date
drawSQL-mysql-export-2026-01-13_snipe,consumables_users,updated_at,TIMESTAMP,date
drawSQL-mysql-export-2026-01-13_snipe,custom_field_custom_fieldset,custom_field_id,INT,num
drawSQL-mysql-export-2026-01-13_snipe,custom_field_custom_fieldset,custom_fieldset_id,INT,num
drawSQL-mysql-export-2026-01-13_snipe,custom_field_custom_fieldset,order,INT,num
drawSQL-mysql-export-2026-01-13_snipe,custom_field_custom_fieldset,required,TINYINT,num
drawSQL-mysql-export-2026-01-13_snipe,custom_fields,id,INT,num
drawSQL-mysql-export-2026-01-13_snipe,custom_fields,name,VARCHAR(255),string
drawSQL-mysql-export-2026-01-13_snipe,custom_fields,format,VARCHAR(255),string
drawSQL-mysql-export-2026-01-13_snipe,custom_fields,element,VARCHAR(255),string
drawSQL-mysql-export-2026-01-13_snipe,custom_fields,created_at,TIMESTAMP,date
drawSQL-mysql-export-2026-01-13_snipe,custom_fields,updated_at,TIMESTAMP,date
drawSQL-mysql-export-2026-01-13_snipe,custom_fields,user_id,INT,num
drawSQL-mysql-export-2026-01-13_snipe,custom_fields,field_values,TEXT,string
drawSQL-mysql-export-2026-01-13_snipe,custom_fields,field_encrypted,TINYINT,num
drawSQL-mysql-export-2026-01-13_snipe,custom_fields,db_column,VARCHAR(255),string
drawSQL-mysql-export-2026-01-13_snipe,custom_fields,help_text,TEXT,string
drawSQL-mysql-export-2026-01-13_snipe,custom_fields,show_in_email,TINYINT,num
drawSQL-mysql-export-2026-01-13_snipe,custom_fieldsets,id,INT,num
drawSQL-mysql-export-2026-01-13_snipe,custom_fieldsets,name,VARCHAR(255),string
drawSQL-mysql-export-2026-01-13_snipe,custom_fieldsets,created_at,TIMESTAMP,date
drawSQL-mysql-export-2026-01-13_snipe,custom_fieldsets,updated_at,TIMESTAMP,date
drawSQL-mysql-export-2026-01-13_snipe,custom_fieldsets,user_id,INT,num
drawSQL-mysql-export-2026-01-13_snipe,departments,id,INT,num
drawSQL-mysql-export-2026-01-13_snipe,departments,name,VARCHAR(255),string
drawSQL-mysql-export-2026-01-13_snipe,departments,user_id,INT,num
drawSQL-mysql-export-2026-01-13_snipe,departments,company_id,INT,num
drawSQL-mysql-export-2026-01-13_snipe,departments,location_id,INT,num
drawSQL-mysql-export-2026-01-13_snipe,departments,manager_id,INT,num
drawSQL-mysql-export-2026-01-13_snipe,departments,notes,VARCHAR(255),string
drawSQL-mysql-export-2026-01-13_snipe,departments,created_at,TIMESTAMP,date
drawSQL-mysql-export-2026-01-13_snipe,departments,updated_at,TIMESTAMP,date
drawSQL-mysql-export-2026-01-13_snipe,departments,deleted_at,TIMESTAMP,date
drawSQL-mysql-export-2026-01-13_snipe,departments,image,VARCHAR(255),string
drawSQL-mysql-export-2026-01-13_snipe,depreciations,id,INT,num
drawSQL-mysql-export-2026-01-13_snipe,depreciations,name,VARCHAR(255),string
drawSQL-mysql-export-2026-01-13_snipe,depreciations,months,INT,num
drawSQL-mysql-export-2026-01-13_snipe,depreciations,created_at,TIMESTAMP,date
drawSQL-mysql-export-2026-01-13_snipe,depreciations,updated_at,TIMESTAMP,date
drawSQL-mysql-export-2026-01-13_snipe,depreciations,user_id,INT,num
drawSQL-mysql-export-2026-01-13_snipe,imports,id,INT,num
drawSQL-mysql-export-2026-01-13_snipe,imports,name,VARCHAR(255),string
drawSQL-mysql-export-2026-01-13_snipe,imports,file_path,VARCHAR(255),string
drawSQL-mysql-export-2026-01-13_snipe,imports,filesize,INT,num
drawSQL-mysql-export-2026-01-13_snipe,imports,import_type,VARCHAR(255),string
drawSQL-mysql-export-2026-01-13_snipe,imports,created_at,TIMESTAMP,date
drawSQL-mysql-export-2026-01-13_snipe,imports,updated_at,TIMESTAMP,date
drawSQL-mysql-export-2026-01-13_snipe,imports,header_row,TEXT,string
drawSQL-mysql-export-2026-01-13_snipe,imports,first_row,TEXT,string
drawSQL-mysql-export-2026-01-13_snipe,imports,field_map,TEXT,string
drawSQL-mysql-export-2026-01-13_snipe,license_seats,id,INT,num
drawSQL-mysql-export-2026-01-13_snipe,license_seats,license_id,INT,num
drawSQL-mysql-export-2026-01-13_snipe,license_seats,assigned_to,INT,num
drawSQL-mysql-export-2026-01-13_snipe,license_seats,notes,TEXT,string
drawSQL-mysql-export-2026-01-13_snipe,license_seats,user_id,INT,num
drawSQL-mysql-export-2026-01-13_snipe,license_seats,created_at,TIMESTAMP,date
drawSQL-mysql-export-2026-01-13_snipe,license_seats,updated_at,TIMESTAMP,date
drawSQL-mysql-export-2026-01-13_snipe,license_seats,deleted_at,TIMESTAMP,date
drawSQL-mysql-export-2026-01-13_snipe,license_seats,asset_id,INT,num
drawSQL-mysql-export-2026-01-13_snipe,licenses,id,INT,num
drawSQL-mysql-export-2026-01-13_snipe,licenses,name,VARCHAR(255),string
drawSQL-mysql-export-2026-01-13_snipe,licenses,serial,VARCHAR(255),string
drawSQL-mysql-export-2026-01-13_snipe,licenses,purchase_date,DATE,date
drawSQL-mysql-export-2026-01-13_snipe,licenses,purchase_cost,"DECIMAL(8, 2)",num
drawSQL-mysql-export-2026-01-13_snipe,licenses,order_number,VARCHAR(255),string
drawSQL-mysql-export-2026-01-13_snipe,licenses,seats,INT,num
drawSQL-mysql-export-2026-01-13_snipe,licenses,notes,TEXT,string
drawSQL-mysql-export-2026-01-13_snipe,licenses,user_id,INT,num
drawSQL-mysql-export-2026-01-13_snipe,licenses,depreciation_id,INT,num
drawSQL-mysql-export-2026-01-13_snipe,licenses,created_at,TIMESTAMP,date
drawSQL-mysql-export-2026-01-13_snipe,licenses,updated_at,TIMESTAMP,date
drawSQL-mysql-export-2026-01-13_snipe,licenses,deleted_at,TIMESTAMP,date
drawSQL-mysql-export-2026-01-13_snipe,licenses,license_name,VARCHAR(255),string
drawSQL-mysql-export-2026-01-13_snipe,licenses,license_email,VARCHAR(255),string
drawSQL-mysql-export-2026-01-13_snipe,licenses,depreciate,TINYINT,num
drawSQL-mysql-export-2026-01-13_snipe,licenses,supplier_id,INT,num
drawSQL-mysql-export-2026-01-13_snipe,licenses,expiration_date,DATE,date
drawSQL-mysql-export-2026-01-13_snipe,licenses,purchase_order,VARCHAR(255),string
drawSQL-mysql-export-2026-01-13_snipe,licenses,termination_date,DATE,date
drawSQL-mysql-export-2026-01-13_snipe,licenses,maintained,TINYINT,num
drawSQL-mysql-export-2026-01-13_snipe,licenses,reassignable,TINYINT,num
drawSQL-mysql-export-2026-01-13_snipe,licenses,company_id,INT,num
drawSQL-mysql-export-2026-01-13_snipe,licenses,manufacturer_id,INT,num
drawSQL-mysql-export-2026-01-13_snipe,licenses,category_id,INT,num
drawSQL-mysql-export-2026-01-13_snipe,locations,id,INT,num
drawSQL-mysql-export-2026-01-13_snipe,locations,name,VARCHAR(255),string
drawSQL-mysql-export-2026-01-13_snipe,locations,city,VARCHAR(255),string
drawSQL-mysql-export-2026-01-13_snipe,locations,state,VARCHAR(255),string
drawSQL-mysql-export-2026-01-13_snipe,locations,country,VARCHAR(255),string
drawSQL-mysql-export-2026-01-13_snipe,locations,created_at,TIMESTAMP,date
drawSQL-mysql-export-2026-01-13_snipe,locations,updated_at,TIMESTAMP,date
drawSQL-mysql-export-2026-01-13_snipe,locations,user_id,INT,num
drawSQL-mysql-export-2026-01-13_snipe,locations,address,VARCHAR(255),string
drawSQL-mysql-export-2026-01-13_snipe,locations,address2,VARCHAR(255),string
drawSQL-mysql-export-2026-01-13_snipe,locations,zip,VARCHAR(255),string
drawSQL-mysql-export-2026-01-13_snipe,locations,deleted_at,TIMESTAMP,date
drawSQL-mysql-export-2026-01-13_snipe,locations,parent_id,INT,num
drawSQL-mysql-export-2026-01-13_snipe,locations,currency,VARCHAR(255),string
drawSQL-mysql-export-2026-01-13_snipe,locations,ldap_ou,VARCHAR(255),string
drawSQL-mysql-export-2026-01-13_snipe,locations,manager_id,INT,num
drawSQL-mysql-export-2026-01-13_snipe,locations,image,VARCHAR(255),string
drawSQL-mysql-export-2026-01-13_snipe,login_attempts,id,INT,num
drawSQL-mysql-export-2026-01-13_snipe,login_attempts,username,VARCHAR(255),string
drawSQL-mysql-export-2026-01-13_snipe,login_attempts,remote_ip,VARCHAR(255),string
drawSQL-mysql-export-2026-01-13_snipe,login_attempts,user_agent,VARCHAR(255),string
drawSQL-mysql-export-2026-01-13_snipe,login_attempts,successful,TINYINT,num
drawSQL-mysql-export-2026-01-13_snipe,login_attempts,created_at,TIMESTAMP,date
drawSQL-mysql-export-2026-01-13_snipe,login_attempts,updated_at,TIMESTAMP,date
drawSQL-mysql-export-2026-01-13_snipe,manufacturers,id,INT,num
drawSQL-mysql-export-2026-01-13_snipe,manufacturers,name,VARCHAR(255),string
drawSQL-mysql-export-2026-01-13_snipe,manufacturers,created_at,TIMESTAMP,date
drawSQL-mysql-export-2026-01-13_snipe,manufacturers,updated_at,TIMESTAMP,date
drawSQL-mysql-export-2026-01-13_snipe,manufacturers,user_id,INT,num
drawSQL-mysql-export-2026-01-13_snipe,manufacturers,deleted_at,TIMESTAMP,date
drawSQL-mysql-export-2026-01-13_snipe,manufacturers,url,VARCHAR(255),string
drawSQL-mysql-export-2026-01-13_snipe,manufacturers,support_url,VARCHAR(255),string
drawSQL-mysql-export-2026-01-13_snipe,manufacturers,support_phone,VARCHAR(255),string
drawSQL-mysql-export-2026-01-13_snipe,manufacturers,support_email,VARCHAR(255),string
drawSQL-mysql-export-2026-01-13_snipe,manufacturers,image,VARCHAR(255),string
drawSQL-mysql-export-2026-01-13_snipe,models,id,INT,num
drawSQL-mysql-export-2026-01-13_snipe,models,name,VARCHAR(255),string
drawSQL-mysql-export-2026-01-13_snipe,models,model_number,VARCHAR(255),string
drawSQL-mysql-export-2026-01-13_snipe,models,manufacturer_id,INT,num
drawSQL-mysql-export-2026-01-13_snipe,models,category_id,INT,num
drawSQL-mysql-export-2026-01-13_snipe,models,created_at,TIMESTAMP,date
drawSQL-mysql-export-2026-01-13_snipe,models,updated_at,TIMESTAMP,date
drawSQL-mysql-export-2026-01-13_snipe,models,depreciation_id,INT,num
drawSQL-mysql-export-2026-01-13_snipe,models,user_id,INT,num
drawSQL-mysql-export-2026-01-13_snipe,models,eol,INT,num
drawSQL-mysql-export-2026-01-13_snipe,models,image,VARCHAR(255),string
drawSQL-mysql-export-2026-01-13_snipe,models,deprecated_mac_address,TINYINT,num
drawSQL-mysql-export-2026-01-13_snipe,models,deleted_at,TIMESTAMP,date
drawSQL-mysql-export-2026-01-13_snipe,models,fieldset_id,INT,num
drawSQL-mysql-export-2026-01-13_snipe,models,notes,TEXT,string
drawSQL-mysql-export-2026-01-13_snipe,models,requestable,TINYINT,num
drawSQL-mysql-export-2026-01-13_snipe,models_custom_fields,id,INT,num
drawSQL-mysql-export-2026-01-13_snipe,models_custom_fields,asset_model_id,INT,num
drawSQL-mysql-export-2026-01-13_snipe,models_custom_fields,custom_field_id,INT,num
drawSQL-mysql-export-2026-01-13_snipe,models_custom_fields,default_value,TEXT,string
drawSQL-mysql-export-2026-01-13_snipe,password_resets,email,VARCHAR(255),string
drawSQL-mysql-export-2026-01-13_snipe,password_resets,token,VARCHAR(255),string
drawSQL-mysql-export-2026-01-13_snipe,password_resets,created_at,TIMESTAMP,date
drawSQL-mysql-export-2026-01-13_snipe,permission_groups,id,INT,num
drawSQL-mysql-export-2026-01-13_snipe,permission_groups,name,VARCHAR(255),string
drawSQL-mysql-export-2026-01-13_snipe,permission_groups,permissions,TEXT,string
drawSQL-mysql-export-2026-01-13_snipe,permission_groups,created_at,TIMESTAMP,date
drawSQL-mysql-export-2026-01-13_snipe,permission_groups,updated_at,TIMESTAMP,date
drawSQL-mysql-export-2026-01-13_snipe,requested_assets,id,INT,num
drawSQL-mysql-export-2026-01-13_snipe,requested_assets,asset_id,INT,num
drawSQL-mysql-export-2026-01-13_snipe,requested_assets,user_id,INT,num
drawSQL-mysql-export-2026-01-13_snipe,requested_assets,accepted_at,DATETIME,date
drawSQL-mysql-export-2026-01-13_snipe,requested_assets,denied_at,DATETIME,date
drawSQL-mysql-export-2026-01-13_snipe,requested_assets,notes,VARCHAR(255),string
drawSQL-mysql-export-2026-01-13_snipe,requested_assets,created_at,TIMESTAMP,date
drawSQL-mysql-export-2026-01-13_snipe,requested_assets,updated_at,TIMESTAMP,date
drawSQL-mysql-export-2026-01-13_snipe,requests,id,INT,num
drawSQL-mysql-export-2026-01-13_snipe,requests,asset_id,INT,num
drawSQL-mysql-export-2026-01-13_snipe,requests,user_id,INT,num
drawSQL-mysql-export-2026-01-13_snipe,requests,request_code,TEXT,string
drawSQL-mysql-export-2026-01-13_snipe,requests,created_at,TIMESTAMP,date
drawSQL-mysql-export-2026-01-13_snipe,requests,updated_at,TIMESTAMP,date
drawSQL-mysql-export-2026-01-13_snipe,requests,deleted_at,TIMESTAMP,date
drawSQL-mysql-export-2026-01-13_snipe,settings,id,INT,num
drawSQL-mysql-export-2026-01-13_snipe,settings,created_at,TIMESTAMP,date
drawSQL-mysql-export-2026-01-13_snipe,settings,updated_at,TIMESTAMP,date
drawSQL-mysql-export-2026-01-13_snipe,settings,user_id,INT,num
drawSQL-mysql-export-2026-01-13_snipe,settings,per_page,INT,num
drawSQL-mysql-export-2026-01-13_snipe,settings,site_name,VARCHAR(255),string
drawSQL-mysql-export-2026-01-13_snipe,settings,qr_code,INT,num
drawSQL-mysql-export-2026-01-13_snipe,settings,qr_text,VARCHAR(255),string
drawSQL-mysql-export-2026-01-13_snipe,settings,display_asset_name,INT,num
drawSQL-mysql-export-2026-01-13_snipe,settings,display_checkout_date,INT,num
drawSQL-mysql-export-2026-01-13_snipe,settings,display_eol,INT,num
drawSQL-mysql-export-2026-01-13_snipe,settings,auto_increment_assets,INT,num
drawSQL-mysql-export-2026-01-13_snipe,settings,auto_increment_prefix,VARCHAR(255),string
drawSQL-mysql-export-2026-01-13_snipe,settings,load_remote,TINYINT,num
drawSQL-mysql-export-2026-01-13_snipe,settings,logo,VARCHAR(255),string
drawSQL-mysql-export-2026-01-13_snipe,settings,header_color,VARCHAR(255),string
drawSQL-mysql-export-2026-01-13_snipe,settings,alert_email,VARCHAR(255),string
drawSQL-mysql-export-2026-01-13_snipe,settings,alerts_enabled,TINYINT,num
drawSQL-mysql-export-2026-01-13_snipe,settings,default_eula_text,LONGTEXT,string
drawSQL-mysql-export-2026-01-13_snipe,settings,barcode_type,VARCHAR(255),string
drawSQL-mysql-export-2026-01-13_snipe,settings,slack_endpoint,VARCHAR(255),string
drawSQL-mysql-export-2026-01-13_snipe,settings,slack_channel,VARCHAR(255),string
drawSQL-mysql-export-2026-01-13_snipe,settings,slack_botname,VARCHAR(255),string
drawSQL-mysql-export-2026-01-13_snipe,settings,default_currency,VARCHAR(255),string
drawSQL-mysql-export-2026-01-13_snipe,settings,custom_css,TEXT,string
drawSQL-mysql-export-2026-01-13_snipe,settings,brand,TINYINT,num
drawSQL-mysql-export-2026-01-13_snipe,settings,ldap_enabled,VARCHAR(255),string
drawSQL-mysql-export-2026-01-13_snipe,settings,ldap_server,VARCHAR(255),string
drawSQL-mysql-export-2026-01-13_snipe,settings,ldap_uname,VARCHAR(255),string
drawSQL-mysql-export-2026-01-13_snipe,settings,ldap_pword,LONGTEXT,string
drawSQL-mysql-export-2026-01-13_snipe,settings,ldap_basedn,VARCHAR(255),string
drawSQL-mysql-export-2026-01-13_snipe,settings,ldap_filter,TEXT,string
drawSQL-mysql-export-2026-01-13_snipe,settings,ldap_username_field,VARCHAR(255),string
drawSQL-mysql-export-2026-01-13_snipe,settings,ldap_lname_field,VARCHAR(255),string
drawSQL-mysql-export-2026-01-13_snipe,settings,ldap_fname_field,VARCHAR(255),string
drawSQL-mysql-export-2026-01-13_snipe,settings,ldap_auth_filter_query,VARCHAR(255),string
drawSQL-mysql-export-2026-01-13_snipe,settings,ldap_version,INT,num
drawSQL-mysql-export-2026-01-13_snipe,settings,ldap_active_flag,VARCHAR(255),string
drawSQL-mysql-export-2026-01-13_snipe,settings,ldap_emp_num,VARCHAR(255),string
drawSQL-mysql-export-2026-01-13_snipe,settings,ldap_email,VARCHAR(255),string
drawSQL-mysql-export-2026-01-13_snipe,settings,full_multiple_companies_support,TINYINT,num
drawSQL-mysql-export-2026-01-13_snipe,settings,ldap_server_cert_ignore,TINYINT,num
drawSQL-mysql-export-2026-01-13_snipe,settings,locale,VARCHAR(255),string
drawSQL-mysql-export-2026-01-13_snipe,settings,labels_per_page,TINYINT,num
drawSQL-mysql-export-2026-01-13_snipe,settings,labels_width,"DECIMAL(8, 2)",num
drawSQL-mysql-export-2026-01-13_snipe,settings,labels_height,"DECIMAL(8, 2)",num
drawSQL-mysql-export-2026-01-13_snipe,settings,labels_pmargin_left,"DECIMAL(8, 2)",num
drawSQL-mysql-export-2026-01-13_snipe,settings,labels_pmargin_right,"DECIMAL(8, 2)",num
drawSQL-mysql-export-2026-01-13_snipe,settings,labels_pmargin_top,"DECIMAL(8, 2)",num
drawSQL-mysql-export-2026-01-13_snipe,settings,labels_pmargin_bottom,"DECIMAL(8, 2)",num
drawSQL-mysql-export-2026-01-13_snipe,settings,labels_display_bgutter,"DECIMAL(8, 2)",num
drawSQL-mysql-export-2026-01-13_snipe,settings,labels_display_sgutter,"DECIMAL(8, 2)",num
drawSQL-mysql-export-2026-01-13_snipe,settings,labels_fontsize,TINYINT,num
drawSQL-mysql-export-2026-01-13_snipe,settings,labels_pagewidth,"DECIMAL(8, 2)",num
drawSQL-mysql-export-2026-01-13_snipe,settings,labels_pageheight,"DECIMAL(8, 2)",num
drawSQL-mysql-export-2026-01-13_snipe,settings,labels_display_name,TINYINT,num
drawSQL-mysql-export-2026-01-13_snipe,settings,labels_display_serial,TINYINT,num
drawSQL-mysql-export-2026-01-13_snipe,settings,labels_display_tag,TINYINT,num
drawSQL-mysql-export-2026-01-13_snipe,settings,alt_barcode,VARCHAR(255),string
drawSQL-mysql-export-2026-01-13_snipe,settings,alt_barcode_enabled,TINYINT,num
drawSQL-mysql-export-2026-01-13_snipe,settings,alert_interval,INT,num
drawSQL-mysql-export-2026-01-13_snipe,settings,alert_threshold,INT,num
drawSQL-mysql-export-2026-01-13_snipe,settings,email_domain,VARCHAR(255),string
drawSQL-mysql-export-2026-01-13_snipe,settings,email_format,VARCHAR(255),string
drawSQL-mysql-export-2026-01-13_snipe,settings,username_format,VARCHAR(255),string
drawSQL-mysql-export-2026-01-13_snipe,settings,is_ad,TINYINT,num
drawSQL-mysql-export-2026-01-13_snipe,settings,ad_domain,VARCHAR(255),string
drawSQL-mysql-export-2026-01-13_snipe,settings,ldap_port,VARCHAR(255),string
drawSQL-mysql-export-2026-01-13_snipe,settings,ldap_tls,TINYINT,num
drawSQL-mysql-export-2026-01-13_snipe,settings,zerofill_count,INT,num
drawSQL-mysql-export-2026-01-13_snipe,settings,ldap_pw_sync,TINYINT,num
drawSQL-mysql-export-2026-01-13_snipe,settings,two_factor_enabled,TINYINT,num
drawSQL-mysql-export-2026-01-13_snipe,settings,require_accept_signature,TINYINT,num
drawSQL-mysql-export-2026-01-13_snipe,settings,date_display_format,VARCHAR(255),string
drawSQL-mysql-export-2026-01-13_snipe,settings,time_display_format,VARCHAR(255),string
drawSQL-mysql-export-2026-01-13_snipe,settings,next_auto_tag_base,BIGINT,num
drawSQL-mysql-export-2026-01-13_snipe,settings,login_note,TEXT,string
drawSQL-mysql-export-2026-01-13_snipe,settings,thumbnail_max_h,INT,num
drawSQL-mysql-export-2026-01-13_snipe,settings,pwd_secure_uncommon,TINYINT,num
drawSQL-mysql-export-2026-01-13_snipe,settings,pwd_secure_complexity,VARCHAR(255),string
drawSQL-mysql-export-2026-01-13_snipe,settings,pwd_secure_min,INT,num
drawSQL-mysql-export-2026-01-13_snipe,settings,audit_interval,INT,num
drawSQL-mysql-export-2026-01-13_snipe,settings,audit_warning_days,INT,num
drawSQL-mysql-export-2026-01-13_snipe,settings,show_url_in_emails,TINYINT,num
drawSQL-mysql-export-2026-01-13_snipe,settings,custom_forgot_pass_url,VARCHAR(255),string
drawSQL-mysql-export-2026-01-13_snipe,settings,show_alerts_in_menu,TINYINT,num
drawSQL-mysql-export-2026-01-13_snipe,settings,labels_display_company_name,TINYINT,num
drawSQL-mysql-export-2026-01-13_snipe,settings,show_archived_in_list,TINYINT,num
drawSQL-mysql-export-2026-01-13_snipe,settings,dashboard_message,TEXT,string
drawSQL-mysql-export-2026-01-13_snipe,settings,support_footer,CHAR(255),string
drawSQL-mysql-export-2026-01-13_snipe,settings,footer_text,TEXT,string
drawSQL-mysql-export-2026-01-13_snipe,settings,modellist_displays,CHAR(255),string
drawSQL-mysql-export-2026-01-13_snipe,settings,login_remote_user_enabled,TINYINT,num
drawSQL-mysql-export-2026-01-13_snipe,settings,login_common_disabled,TINYINT,num
drawSQL-mysql-export-2026-01-13_snipe,settings,login_remote_user_custom_logout_url,VARCHAR(255),string
drawSQL-mysql-export-2026-01-13_snipe,settings,skin,CHAR(255),string
drawSQL-mysql-export-2026-01-13_snipe,settings,show_images_in_email,TINYINT,num
drawSQL-mysql-export-2026-01-13_snipe,settings,admin_cc_email,CHAR(255),string
drawSQL-mysql-export-2026-01-13_snipe,settings,labels_display_model,TINYINT,num
drawSQL-mysql-export-2026-01-13_snipe,settings,privacy_policy_link,CHAR(255),string
drawSQL-mysql-export-2026-01-13_snipe,settings,version_footer,CHAR(255),string
drawSQL-mysql-export-2026-01-13_snipe,settings,unique_serial,TINYINT,num
drawSQL-mysql-export-2026-01-13_snipe,settings,logo_print_assets,TINYINT,num
drawSQL-mysql-export-2026-01-13_snipe,status_labels,id,INT,num
drawSQL-mysql-export-2026-01-13_snipe,status_labels,name,VARCHAR(255),string
drawSQL-mysql-export-2026-01-13_snipe,status_labels,user_id,INT,num
drawSQL-mysql-export-2026-01-13_snipe,status_labels,created_at,TIMESTAMP,date
drawSQL-mysql-export-2026-01-13_snipe,status_labels,updated_at,TIMESTAMP,date
drawSQL-mysql-export-2026-01-13_snipe,status_labels,deleted_at,TIMESTAMP,date
drawSQL-mysql-export-2026-01-13_snipe,status_labels,deployable,TINYINT,num
drawSQL-mysql-export-2026-01-13_snipe,status_labels,pending,TINYINT,num
drawSQL-mysql-export-2026-01-13_snipe,status_labels,archived,TINYINT,num
drawSQL-mysql-export-2026-01-13_snipe,status_labels,notes,TEXT,string
drawSQL-mysql-export-2026-01-13_snipe,status_labels,color,VARCHAR(255),string
drawSQL-mysql-export-2026-01-13_snipe,status_labels,show_in_nav,TINYINT,num
drawSQL-mysql-export-2026-01-13_snipe,status_labels,default_label,TINYINT,num
drawSQL-mysql-export-2026-01-13_snipe,suppliers,id,INT,num
drawSQL-mysql-export-2026-01-13_snipe,suppliers,name,VARCHAR(255),string
drawSQL-mysql-export-2026-01-13_snipe,suppliers,address,VARCHAR(255),string
drawSQL-mysql-export-2026-01-13_snipe,suppliers,address2,VARCHAR(255),string
drawSQL-mysql-export-2026-01-13_snipe,suppliers,city,VARCHAR(255),string
drawSQL-mysql-export-2026-01-13_snipe,suppliers,state,VARCHAR(255),string
drawSQL-mysql-export-2026-01-13_snipe,suppliers,country,VARCHAR(255),string
drawSQL-mysql-export-2026-01-13_snipe,suppliers,phone,VARCHAR(255),string
drawSQL-mysql-export-2026-01-13_snipe,suppliers,fax,VARCHAR(255),string
drawSQL-mysql-export-2026-01-13_snipe,suppliers,email,VARCHAR(255),string
drawSQL-mysql-export-2026-01-13_snipe,suppliers,contact,VARCHAR(255),string
drawSQL-mysql-export-2026-01-13_snipe,suppliers,notes,VARCHAR(255),string
drawSQL-mysql-export-2026-01-13_snipe,suppliers,created_at,TIMESTAMP,date
drawSQL-mysql-export-2026-01-13_snipe,suppliers,updated_at,TIMESTAMP,date
drawSQL-mysql-export-2026-01-13_snipe,suppliers,user_id,INT,num
drawSQL-mysql-export-2026-01-13_snipe,suppliers,deleted_at,TIMESTAMP,date
drawSQL-mysql-export-2026-01-13_snipe,suppliers,zip,VARCHAR(255),string
drawSQL-mysql-export-2026-01-13_snipe,suppliers,url,VARCHAR(255),string
drawSQL-mysql-export-2026-01-13_snipe,suppliers,image,VARCHAR(255),string
drawSQL-mysql-export-2026-01-13_snipe,throttle,id,INT,num
drawSQL-mysql-export-2026-01-13_snipe,throttle,user_id,INT,num
drawSQL-mysql-export-2026-01-13_snipe,throttle,ip_address,VARCHAR(255),string
drawSQL-mysql-export-2026-01-13_snipe,throttle,attempts,INT,num
drawSQL-mysql-export-2026-01-13_snipe,throttle,suspended,TINYINT,num
drawSQL-mysql-export-2026-01-13_snipe,throttle,banned,TINYINT,num
drawSQL-mysql-export-2026-01-13_snipe,throttle,last_attempt_at,TIMESTAMP,date
drawSQL-mysql-export-2026-01-13_snipe,throttle,suspended_at,TIMESTAMP,date
drawSQL-mysql-export-2026-01-13_snipe,throttle,banned_at,TIMESTAMP,date
drawSQL-mysql-export-2026-01-13_snipe,users,id,INT,num
drawSQL-mysql-export-2026-01-13_snipe,users,email,VARCHAR(255),string
drawSQL-mysql-export-2026-01-13_snipe,users,password,VARCHAR(255),string
drawSQL-mysql-export-2026-01-13_snipe,users,permissions,TEXT,string
drawSQL-mysql-export-2026-01-13_snipe,users,activated,TINYINT,num
drawSQL-mysql-export-2026-01-13_snipe,users,activation_code,VARCHAR(255),string
drawSQL-mysql-export-2026-01-13_snipe,users,activated_at,TIMESTAMP,date
drawSQL-mysql-export-2026-01-13_snipe,users,last_login,TIMESTAMP,date
drawSQL-mysql-export-2026-01-13_snipe,users,persist_code,VARCHAR(255),string
drawSQL-mysql-export-2026-01-13_snipe,users,reset_password_code,VARCHAR(255),string
drawSQL-mysql-export-2026-01-13_snipe,users,first_name,VARCHAR(255),string
drawSQL-mysql-export-2026-01-13_snipe,users,last_name,VARCHAR(255),string
drawSQL-mysql-export-2026-01-13_snipe,users,created_at,TIMESTAMP,date
drawSQL-mysql-export-2026-01-13_snipe,users,updated_at,TIMESTAMP,date
drawSQL-mysql-export-2026-01-13_snipe,users,deleted_at,TIMESTAMP,date
drawSQL-mysql-export-2026-01-13_snipe,users,website,VARCHAR(255),string
drawSQL-mysql-export-2026-01-13_snipe,users,country,VARCHAR(255),string
drawSQL-mysql-export-2026-01-13_snipe,users,gravatar,VARCHAR(255),string
drawSQL-mysql-export-2026-01-13_snipe,users,location_id,INT,num
drawSQL-mysql-export-2026-01-13_snipe,users,phone,VARCHAR(255),string
drawSQL-mysql-export-2026-01-13_snipe,users,jobtitle,VARCHAR(255),string
drawSQL-mysql-export-2026-01-13_snipe,users,manager_id,INT,num
drawSQL-mysql-export-2026-01-13_snipe,users,employee_num,TEXT,string
drawSQL-mysql-export-2026-01-13_snipe,users,avatar,VARCHAR(255),string
drawSQL-mysql-export-2026-01-13_snipe,users,username,VARCHAR(255),string
drawSQL-mysql-export-2026-01-13_snipe,users,notes,TEXT,string
drawSQL-mysql-export-2026-01-13_snipe,users,company_id,INT,num
drawSQL-mysql-export-2026-01-13_snipe,users,remember_token,TEXT,string
drawSQL-mysql-export-2026-01-13_snipe,users,ldap_import,TINYINT,num
drawSQL-mysql-export-2026-01-13_snipe,users,locale,VARCHAR(255),string
drawSQL-mysql-export-2026-01-13_snipe,users,show_in_list,TINYINT,num
drawSQL-mysql-export-2026-01-13_snipe,users,two_factor_secret,VARCHAR(255),string
drawSQL-mysql-export-2026-01-13_snipe,users,two_factor_enrolled,TINYINT,num
drawSQL-mysql-export-2026-01-13_snipe,users,two_factor_optin,TINYINT,num
drawSQL-mysql-export-2026-01-13_snipe,users,department_id,INT,num
drawSQL-mysql-export-2026-01-13_snipe,users,address,VARCHAR(255),string
drawSQL-mysql-export-2026-01-13_snipe,users,city,VARCHAR(255),string
drawSQL-mysql-export-2026-01-13_snipe,users,state,VARCHAR(255),string
drawSQL-mysql-export-2026-01-13_snipe,users,zip,VARCHAR(255),string
drawSQL-mysql-export-2026-01-13_snipe,users_groups,user_id,INT,num
drawSQL-mysql-export-2026-01-13_snipe,users_groups,group_id,INT,num
drawSQL-mysql-export-2026-01-13_stripe,users,INT,NOT,string
drawSQL-mysql-export-2026-01-13_stripe,users,stripe_id,VARCHAR(255),string
drawSQL-mysql-export-2026-01-13_stripe,users,pm_type,VARCHAR(255),string
drawSQL-mysql-export-2026-01-13_stripe,users,pm_last_four,VARCHAR(4),string
drawSQL-mysql-export-2026-01-13_stripe,users,trial_ends_at,TIMESTAMP,date
drawSQL-mysql-export-2026-01-13_stripe,users,created_at,TIMESTAMP,date
drawSQL-mysql-export-2026-01-13_stripe,users,updated_at,TIMESTAMP,date
drawSQL-mysql-export-2026-01-13_stripe,subscriptions,id,BIGINT,num
drawSQL-mysql-export-2026-01-13_stripe,subscriptions,user_id,BIGINT,num
drawSQL-mysql-export-2026-01-13_stripe,subscriptions,name,VARCHAR(255),string
drawSQL-mysql-export-2026-01-13_stripe,subscriptions,stripe_id,VARCHAR(255),string
drawSQL-mysql-export-2026-01-13_stripe,subscriptions,stripe_status,VARCHAR(255),string
drawSQL-mysql-export-2026-01-13_stripe,subscriptions,stripe_price,VARCHAR(255),string
drawSQL-mysql-export-2026-01-13_stripe,subscriptions,quantity,INT,num
drawSQL-mysql-export-2026-01-13_stripe,subscriptions,trial_ends_at,TIMESTAMP,date
drawSQL-mysql-export-2026-01-13_stripe,subscriptions,ends_at,TIMESTAMP,date
drawSQL-mysql-export-2026-01-13_stripe,subscriptions,created_at,DATETIME,date
drawSQL-mysql-export-2026-01-13_stripe,subscriptions,updated_at,DATETIME,date
drawSQL-mysql-export-2026-01-13_stripe,subscription_items,id,BIGINT,num
drawSQL-mysql-export-2026-01-13_stripe,subscription_items,subscription_id,BIGINT,num
drawSQL-mysql-export-2026-01-13_stripe,subscription_items,stripe_id,VARCHAR(255),string
drawSQL-mysql-export-2026-01-13_stripe,subscription_items,stripe_product,VARCHAR(255),string
drawSQL-mysql-export-2026-01-13_stripe,subscription_items,stripe_price,VARCHAR(255),string
drawSQL-mysql-export-2026-01-13_stripe,subscription_items,quantity,INT,num
drawSQL-mysql-export-2026-01-13_stripe,subscription_items,created_at,DATETIME,date
drawSQL-mysql-export-2026-01-13_stripe,subscription_items,updated_at,DATETIME,date
drawSQL-mysql-export-2026-01-13_ticket,permissions,id,BIGINT,num
drawSQL-mysql-export-2026-01-13_ticket,permissions,name,VARCHAR(255),string
drawSQL-mysql-export-2026-01-13_ticket,permissions,guard_name,VARCHAR(255),string
drawSQL-mysql-export-2026-01-13_ticket,permissions,created_at,DATETIME,date
drawSQL-mysql-export-2026-01-13_ticket,permissions,updated_at,DATETIME,date
drawSQL-mysql-export-2026-01-13_ticket,roles,id,BIGINT,num
drawSQL-mysql-export-2026-01-13_ticket,roles,name,VARCHAR(255),string
drawSQL-mysql-export-2026-01-13_ticket,roles,guard_name,VARCHAR(255),string
drawSQL-mysql-export-2026-01-13_ticket,roles,created_at,DATETIME,date
drawSQL-mysql-export-2026-01-13_ticket,roles,updated_at,DATETIME,date
drawSQL-mysql-export-2026-01-13_ticket,model_has_permissions,permission_id,BIGINT,num
drawSQL-mysql-export-2026-01-13_ticket,model_has_permissions,model_type,VARCHAR(255),string
drawSQL-mysql-export-2026-01-13_ticket,model_has_permissions,model_id,INT,num
drawSQL-mysql-export-2026-01-13_ticket,model_has_roles,role_id,BIGINT,num
drawSQL-mysql-export-2026-01-13_ticket,model_has_roles,model_type,VARCHAR(255),string
drawSQL-mysql-export-2026-01-13_ticket,model_has_roles,model_id,INT,num
drawSQL-mysql-export-2026-01-13_ticket,role_has_permissions,permission_id,BIGINT,num
drawSQL-mysql-export-2026-01-13_ticket,role_has_permissions,role_id,BIGINT,num
drawSQL-mysql-export-2026-01-13_voyager,users,id,BIGINT,num
drawSQL-mysql-export-2026-01-13_voyager,users,avatar,VARCHAR(255),string
drawSQL-mysql-export-2026-01-13_voyager,users,role_id,BIGINT,num
drawSQL-mysql-export-2026-01-13_voyager,users,settings,TEXT,string
drawSQL-mysql-export-2026-01-13_voyager,data_types,id,INT,num
drawSQL-mysql-export-2026-01-13_voyager,data_types,name,VARCHAR(255),string
drawSQL-mysql-export-2026-01-13_voyager,data_types,slug,VARCHAR(255),string
drawSQL-mysql-export-2026-01-13_voyager,data_types,display_name_singular,VARCHAR(255),string
drawSQL-mysql-export-2026-01-13_voyager,data_types,display_name_plural,VARCHAR(255),string
drawSQL-mysql-export-2026-01-13_voyager,data_types,icon,VARCHAR(255),string
drawSQL-mysql-export-2026-01-13_voyager,data_types,model_name,VARCHAR(255),string
drawSQL-mysql-export-2026-01-13_voyager,data_types,policy_name,VARCHAR(255),string
drawSQL-mysql-export-2026-01-13_voyager,data_types,controller,VARCHAR(255),string
drawSQL-mysql-export-2026-01-13_voyager,data_types,description,VARCHAR(255),string
drawSQL-mysql-export-2026-01-13_voyager,data_types,generate_permissions,BOOLEAN,boolean
drawSQL-mysql-export-2026-01-13_voyager,data_types,server_side,TINYINT,num
drawSQL-mysql-export-2026-01-13_voyager,data_types,details,TEXT,string
drawSQL-mysql-export-2026-01-13_voyager,data_types,created_at,DATETIME,date
drawSQL-mysql-export-2026-01-13_voyager,data_types,updated_at,DATETIME,date
drawSQL-mysql-export-2026-01-13_voyager,menus,id,INT,num
drawSQL-mysql-export-2026-01-13_voyager,menus,name,VARCHAR(255),string
drawSQL-mysql-export-2026-01-13_voyager,menus,created_at,DATETIME,date
drawSQL-mysql-export-2026-01-13_voyager,menus,updated_at,DATETIME,date
drawSQL-mysql-export-2026-01-13_voyager,menu_items,id,INT,num
drawSQL-mysql-export-2026-01-13_voyager,menu_items,menu_id,INT,num
drawSQL-mysql-export-2026-01-13_voyager,menu_items,title,VARCHAR(255),string
drawSQL-mysql-export-2026-01-13_voyager,menu_items,url,VARCHAR(255),string
drawSQL-mysql-export-2026-01-13_voyager,menu_items,target,VARCHAR(255),string
drawSQL-mysql-export-2026-01-13_voyager,menu_items,icon_class,VARCHAR(255),string
drawSQL-mysql-export-2026-01-13_voyager,menu_items,color,VARCHAR(255),string
drawSQL-mysql-export-2026-01-13_voyager,menu_items,parent_id,INT,num
drawSQL-mysql-export-2026-01-13_voyager,menu_items,order,INT,num
drawSQL-mysql-export-2026-01-13_voyager,menu_items,created_at,DATETIME,date
drawSQL-mysql-export-2026-01-13_voyager,menu_items,updated_at,DATETIME,date
drawSQL-mysql-export-2026-01-13_voyager,menu_items,route,VARCHAR(255),string
drawSQL-mysql-export-2026-01-13_voyager,menu_items,parameters,TEXT,string
drawSQL-mysql-export-2026-01-13_voyager,roles,id,BIGINT,num
drawSQL-mysql-export-2026-01-13_voyager,roles,name,VARCHAR(255),string
drawSQL-mysql-export-2026-01-13_voyager,roles,display_name,VARCHAR(255),string
drawSQL-mysql-export-2026-01-13_voyager,roles,created_at,DATETIME,date
drawSQL-mysql-export-2026-01-13_voyager,roles,updated_at,DATETIME,date
drawSQL-mysql-export-2026-01-13_voyager,settings,id,INT,num
drawSQL-mysql-export-2026-01-13_voyager,settings,key,VARCHAR(255),string
drawSQL-mysql-export-2026-01-13_voyager,settings,display_name,VARCHAR(255),string
drawSQL-mysql-export-2026-01-13_voyager,settings,value,TEXT,string
drawSQL-mysql-export-2026-01-13_voyager,settings,details,TEXT,string
drawSQL-mysql-export-2026-01-13_voyager,settings,type,VARCHAR(255),string
drawSQL-mysql-export-2026-01-13_voyager,settings,order,INT,num
drawSQL-mysql-export-2026-01-13_voyager,settings,group,INT,num
drawSQL-mysql-export-2026-01-13_voyager,permissions,id,BIGINT,num
drawSQL-mysql-export-2026-01-13_voyager,permissions,key,VARCHAR(255),string
drawSQL-mysql-export-2026-01-13_voyager,permissions,table_name,VARCHAR(255),string
drawSQL-mysql-export-2026-01-13_voyager,permissions,created_at,DATETIME,date
drawSQL-mysql-export-2026-01-13_voyager,permissions,updated_at,DATETIME,date
drawSQL-mysql-export-2026-01-13_voyager,permission_role,permission_id,BIGINT,num
drawSQL-mysql-export-2026-01-13_voyager,permission_role,role_id,BIGINT,num
drawSQL-mysql-export-2026-01-13_voyager,translations,id,INT,num
drawSQL-mysql-export-2026-01-13_voyager,translations,table_name,VARCHAR(255),string
drawSQL-mysql-export-2026-01-13_voyager,translations,column_name,VARCHAR(255),string
drawSQL-mysql-export-2026-01-13_voyager,translations,foreign_key,INT,num
drawSQL-mysql-export-2026-01-13_voyager,translations,locale,VARCHAR(255),string
drawSQL-mysql-export-2026-01-13_voyager,translations,value,TEXT,string
drawSQL-mysql-export-2026-01-13_voyager,translations,created_at,DATETIME,date
drawSQL-mysql-export-2026-01-13_voyager,translations,updated_at,DATETIME,date
drawSQL-mysql-export-2026-01-13_voyager,data_rows,id,INT,num
drawSQL-mysql-export-2026-01-13_voyager,data_rows,data_type_id,INT,num
drawSQL-mysql-export-2026-01-13_voyager,data_rows,field,VARCHAR(255),string
drawSQL-mysql-export-2026-01-13_voyager,data_rows,type,VARCHAR(255),string
drawSQL-mysql-export-2026-01-13_voyager,data_rows,display_name,VARCHAR(255),string
drawSQL-mysql-export-2026-01-13_voyager,data_rows,required,BOOLEAN,boolean
drawSQL-mysql-export-2026-01-13_voyager,data_rows,browse,BOOLEAN,boolean
drawSQL-mysql-export-2026-01-13_voyager,data_rows,read,BOOLEAN,boolean
drawSQL-mysql-export-2026-01-13_voyager,data_rows,edit,BOOLEAN,boolean
drawSQL-mysql-export-2026-01-13_voyager,data_rows,add,BOOLEAN,boolean
drawSQL-mysql-export-2026-01-13_voyager,data_rows,delete,BOOLEAN,boolean
drawSQL-mysql-export-2026-01-13_voyager,data_rows,details,TEXT,string
drawSQL-mysql-export-2026-01-13_voyager,data_rows,order,INT,num
drawSQL-mysql-export-2026-01-13_voyager,user_roles,user_id,BIGINT,num
drawSQL-mysql-export-2026-01-13_voyager,user_roles,role_id,BIGINT,num
drawSQL-mysql-export-2026-01-13_wordpress,wp_termmeta,meta_id,BIGINT,num
drawSQL-mysql-export-2026-01-13_wordpress,wp_termmeta,term_id,BIGINT,num
drawSQL-mysql-export-2026-01-13_wordpress,wp_termmeta,meta_key,VARCHAR(255),string
drawSQL-mysql-export-2026-01-13_wordpress,wp_termmeta,meta_value,LONGTEXT,string
drawSQL-mysql-export-2026-01-13_wordpress,wp_terms,term_id,BIGINT,num
drawSQL-mysql-export-2026-01-13_wordpress,wp_terms,name,VARCHAR(255),string
drawSQL-mysql-export-2026-01-13_wordpress,wp_terms,slug,VARCHAR(255),string
drawSQL-mysql-export-2026-01-13_wordpress,wp_terms,term_group,BIGINT,num
drawSQL-mysql-export-2026-01-13_wordpress,wp_term_taxonomy,term_taxonomy_id,BIGINT,num
drawSQL-mysql-export-2026-01-13_wordpress,wp_term_taxonomy,term_id,BIGINT,num
drawSQL-mysql-export-2026-01-13_wordpress,wp_term_taxonomy,taxonomy,VARCHAR(255),string
drawSQL-mysql-export-2026-01-13_wordpress,wp_term_taxonomy,description,LONGTEXT,string
drawSQL-mysql-export-2026-01-13_wordpress,wp_term_taxonomy,parent,BIGINT,num
drawSQL-mysql-export-2026-01-13_wordpress,wp_term_taxonomy,count,BIGINT,num
drawSQL-mysql-export-2026-01-13_wordpress,wp_term_relationships,object_id,BIGINT,num
drawSQL-mysql-export-2026-01-13_wordpress,wp_term_relationships,term_taxonomy_id,BIGINT,num
drawSQL-mysql-export-2026-01-13_wordpress,wp_term_relationships,term_order,INT,num
drawSQL-mysql-export-2026-01-13_wordpress,wp_commentmeta,meta_id,BIGINT,num
drawSQL-mysql-export-2026-01-13_wordpress,wp_commentmeta,comment_id,BIGINT,num
drawSQL-mysql-export-2026-01-13_wordpress,wp_commentmeta,meta_key,VARCHAR(255),string
drawSQL-mysql-export-2026-01-13_wordpress,wp_commentmeta,meta_value,LONGTEXT,string
drawSQL-mysql-export-2026-01-13_wordpress,wp_comments,comment_ID,BIGINT,num
drawSQL-mysql-export-2026-01-13_wordpress,wp_comments,comment_post_ID,BIGINT,num
drawSQL-mysql-export-2026-01-13_wordpress,wp_comments,comment_author,TEXT,string
drawSQL-mysql-export-2026-01-13_wordpress,wp_comments,comment_author_email,VARCHAR(255),string
drawSQL-mysql-export-2026-01-13_wordpress,wp_comments,comment_author_url,VARCHAR(255),string
drawSQL-mysql-export-2026-01-13_wordpress,wp_comments,comment_author_IP,VARCHAR(255),string
drawSQL-mysql-export-2026-01-13_wordpress,wp_comments,comment_date,DATETIME,date
drawSQL-mysql-export-2026-01-13_wordpress,wp_comments,comment_date_gmt,DATETIME,date
drawSQL-mysql-export-2026-01-13_wordpress,wp_comments,comment_content,TEXT,string
drawSQL-mysql-export-2026-01-13_wordpress,wp_comments,comment_karma,INT,num
drawSQL-mysql-export-2026-01-13_wordpress,wp_comments,comment_approved,VARCHAR(255),string
drawSQL-mysql-export-2026-01-13_wordpress,wp_comments,comment_agent,VARCHAR(255),string
drawSQL-mysql-export-2026-01-13_wordpress,wp_comments,comment_type,VARCHAR(255),string
drawSQL-mysql-export-2026-01-13_wordpress,wp_comments,comment_parent,BIGINT,num
drawSQL-mysql-export-2026-01-13_wordpress,wp_comments,user_id,BIGINT,num
drawSQL-mysql-export-2026-01-13_wordpress,wp_links,link_id,BIGINT,num
drawSQL-mysql-export-2026-01-13_wordpress,wp_links,link_url,VARCHAR(255),string
drawSQL-mysql-export-2026-01-13_wordpress,wp_links,link_name,VARCHAR(255),string
drawSQL-mysql-export-2026-01-13_wordpress,wp_links,link_image,VARCHAR(255),string
drawSQL-mysql-export-2026-01-13_wordpress,wp_links,link_target,VARCHAR(255),string
drawSQL-mysql-export-2026-01-13_wordpress,wp_links,link_description,VARCHAR(255),string
drawSQL-mysql-export-2026-01-13_wordpress,wp_links,link_visible,VARCHAR(255),string
drawSQL-mysql-export-2026-01-13_wordpress,wp_links,link_owner,BIGINT,num
drawSQL-mysql-export-2026-01-13_wordpress,wp_links,link_rating,INT,num
drawSQL-mysql-export-2026-01-13_wordpress,wp_links,link_updated,DATETIME,date
drawSQL-mysql-export-2026-01-13_wordpress,wp_links,link_rel,VARCHAR(255),string
drawSQL-mysql-export-2026-01-13_wordpress,wp_links,link_notes,MEDIUMTEXT,string
drawSQL-mysql-export-2026-01-13_wordpress,wp_links,link_rss,VARCHAR(255),string
drawSQL-mysql-export-2026-01-13_wordpress,wp_options,option_id,BIGINT,num
drawSQL-mysql-export-2026-01-13_wordpress,wp_options,option_name,VARCHAR(255),string
drawSQL-mysql-export-2026-01-13_wordpress,wp_options,option_value,LONGTEXT,string
drawSQL-mysql-export-2026-01-13_wordpress,wp_options,autoload,VARCHAR(255),string
drawSQL-mysql-export-2026-01-13_wordpress,wp_postmeta,meta_id,BIGINT,num
drawSQL-mysql-export-2026-01-13_wordpress,wp_postmeta,post_id,BIGINT,num
drawSQL-mysql-export-2026-01-13_wordpress,wp_postmeta,meta_key,VARCHAR(255),string
drawSQL-mysql-export-2026-01-13_wordpress,wp_postmeta,meta_value,LONGTEXT,string
drawSQL-mysql-export-2026-01-13_wordpress,wp_posts,ID,BIGINT,num
drawSQL-mysql-export-2026-01-13_wordpress,wp_posts,post_author,BIGINT,num
drawSQL-mysql-export-2026-01-13_wordpress,wp_posts,post_date,DATETIME,date
drawSQL-mysql-export-2026-01-13_wordpress,wp_posts,post_date_gmt,DATETIME,date
drawSQL-mysql-export-2026-01-13_wordpress,wp_posts,post_content,LONGTEXT,string
drawSQL-mysql-export-2026-01-13_wordpress,wp_posts,post_title,TEXT,string
drawSQL-mysql-export-2026-01-13_wordpress,wp_posts,post_excerpt,TEXT,string
drawSQL-mysql-export-2026-01-13_wordpress,wp_posts,post_status,VARCHAR(255),string
drawSQL-mysql-export-2026-01-13_wordpress,wp_posts,comment_status,VARCHAR(255),string
drawSQL-mysql-export-2026-01-13_wordpress,wp_posts,ping_status,VARCHAR(255),string
drawSQL-mysql-export-2026-01-13_wordpress,wp_posts,post_password,VARCHAR(255),string
drawSQL-mysql-export-2026-01-13_wordpress,wp_posts,post_name,VARCHAR(255),string
drawSQL-mysql-export-2026-01-13_wordpress,wp_posts,to_ping,TEXT,string
drawSQL-mysql-export-2026-01-13_wordpress,wp_posts,pinged,TEXT,string
drawSQL-mysql-export-2026-01-13_wordpress,wp_posts,post_modified,DATETIME,date
drawSQL-mysql-export-2026-01-13_wordpress,wp_posts,post_modified_gmt,DATETIME,date
drawSQL-mysql-export-2026-01-13_wordpress,wp_posts,post_content_filtered,LONGTEXT,string
drawSQL-mysql-export-2026-01-13_wordpress,wp_posts,post_parent,BIGINT,num
drawSQL-mysql-export-2026-01-13_wordpress,wp_posts,guid,VARCHAR(255),string
drawSQL-mysql-export-2026-01-13_wordpress,wp_posts,menu_order,INT,num
drawSQL-mysql-export-2026-01-13_wordpress,wp_posts,post_type,VARCHAR(255),string
drawSQL-mysql-export-2026-01-13_wordpress,wp_posts,post_mime_type,VARCHAR(255),string
drawSQL-mysql-export-2026-01-13_wordpress,wp_posts,comment_count,BIGINT,num
drawSQL-mysql-export-2026-01-13_wordpress,wp_users,ID,BIGINT,num
drawSQL-mysql-export-2026-01-13_wordpress,wp_users,user_login,VARCHAR(255),string
drawSQL-mysql-export-2026-01-13_wordpress,wp_users,user_pass,VARCHAR(255),string
drawSQL-mysql-export-2026-01-13_wordpress,wp_users,user_nicename,VARCHAR(255),string
drawSQL-mysql-export-2026-01-13_wordpress,wp_users,user_email,VARCHAR(255),string
drawSQL-mysql-export-2026-01-13_wordpress,wp_users,user_url,VARCHAR(255),string
drawSQL-mysql-export-2026-01-13_wordpress,wp_users,user_registered,DATETIME,date
drawSQL-mysql-export-2026-01-13_wordpress,wp_users,user_activation_key,VARCHAR(255),string
drawSQL-mysql-export-2026-01-13_wordpress,wp_users,user_status,INT,num
drawSQL-mysql-export-2026-01-13_wordpress,wp_users,display_name,VARCHAR(255),string
drawSQL-mysql-export-2026-01-13_wordpress,wp_usermeta,umeta_id,BIGINT,num
drawSQL-mysql-export-2026-01-13_wordpress,wp_usermeta,user_id,BIGINT,num
drawSQL-mysql-export-2026-01-13_wordpress,wp_usermeta,meta_key,VARCHAR(255),string
drawSQL-mysql-export-2026-01-13_wordpress,wp_usermeta,meta_value,LONGTEXT,string
drawSQL-mysql-export-2026-01-13_wordpress,wp_registration_log,ID,BIGINT,num
drawSQL-mysql-export-2026-01-13_wordpress,wp_registration_log,email,VARCHAR(255),string
drawSQL-mysql-export-2026-01-13_wordpress,wp_registration_log,IP,VARCHAR(255),string
drawSQL-mysql-export-2026-01-13_wordpress,wp_registration_log,blog_id,BIGINT,num
drawSQL-mysql-export-2026-01-13_wordpress,wp_registration_log,date_registered,DATETIME,date
drawSQL-mysql-export-2026-01-13_wordpress,wp_site,id,BIGINT,num
drawSQL-mysql-export-2026-01-13_wordpress,wp_site,domain,VARCHAR(255),string
drawSQL-mysql-export-2026-01-13_wordpress,wp_site,path,VARCHAR(255),string
drawSQL-mysql-export-2026-01-13_wordpress,wp_sitemeta,meta_id,BIGINT,num
drawSQL-mysql-export-2026-01-13_wordpress,wp_sitemeta,site_id,BIGINT,num
drawSQL-mysql-export-2026-01-13_wordpress,wp_sitemeta,meta_key,VARCHAR(255),string
drawSQL-mysql-export-2026-01-13_wordpress,wp_sitemeta,meta_value,LONGTEXT,string
drawSQL-mysql-export-2026-01-13_wordpress,wp_signups,signup_id,BIGINT,num
drawSQL-mysql-export-2026-01-13_wordpress,wp_signups,domain,VARCHAR(255),string
drawSQL-mysql-export-2026-01-13_wordpress,wp_signups,path,VARCHAR(255),string
drawSQL-mysql-export-2026-01-13_wordpress,wp_signups,title,LONGTEXT,string
drawSQL-mysql-export-2026-01-13_wordpress,wp_signups,user_login,VARCHAR(255),string
drawSQL-mysql-export-2026-01-13_wordpress,wp_signups,user_email,VARCHAR(255),string
drawSQL-mysql-export-2026-01-13_wordpress,wp_signups,registered,DATETIME,date
drawSQL-mysql-export-2026-01-13_wordpress,wp_signups,activated,DATETIME,date
drawSQL-mysql-export-2026-01-13_wordpress,wp_signups,active,TINYINT,num
drawSQL-mysql-export-2026-01-13_wordpress,wp_signups,activation_key,VARCHAR(255),string
drawSQL-mysql-export-2026-01-13_wordpress,wp_signups,meta,LONGTEXT,string
drawSQL-mysql-export-2026-02-02 _attendize,account_payment_gateways,id,INT,num
drawSQL-mysql-export-2026-02-02 _attendize,account_payment_gateways,account_id,INT,num
drawSQL-mysql-export-2026-02-02 _attendize,account_payment_gateways,payment_gateway_id,INT,num
drawSQL-mysql-export-2026-02-02 _attendize,account_payment_gateways,config,TEXT,string
drawSQL-mysql-export-2026-02-02 _attendize,account_payment_gateways,deleted_at,TIMESTAMP,date
drawSQL-mysql-export-2026-02-02 _attendize,account_payment_gateways,created_at,TIMESTAMP,date
drawSQL-mysql-export-2026-02-02 _attendize,account_payment_gateways,updated_at,TIMESTAMP,date
drawSQL-mysql-export-2026-02-02 _attendize,accounts,id,INT,num
drawSQL-mysql-export-2026-02-02 _attendize,accounts,first_name,VARCHAR(255),string
drawSQL-mysql-export-2026-02-02 _attendize,accounts,last_name,VARCHAR(255),string
drawSQL-mysql-export-2026-02-02 _attendize,accounts,email,VARCHAR(255),string
drawSQL-mysql-export-2026-02-02 _attendize,accounts,timezone_id,INT,num
drawSQL-mysql-export-2026-02-02 _attendize,accounts,date_format_id,INT,num
drawSQL-mysql-export-2026-02-02 _attendize,accounts,datetime_format_id,INT,num
drawSQL-mysql-export-2026-02-02 _attendize,accounts,currency_id,INT,num
drawSQL-mysql-export-2026-02-02 _attendize,accounts,created_at,TIMESTAMP,date
drawSQL-mysql-export-2026-02-02 _attendize,accounts,updated_at,TIMESTAMP,date
drawSQL-mysql-export-2026-02-02 _attendize,accounts,deleted_at,TIMESTAMP,date
drawSQL-mysql-export-2026-02-02 _attendize,accounts,name,VARCHAR(255),string
drawSQL-mysql-export-2026-02-02 _attendize,accounts,last_ip,VARCHAR(255),string
drawSQL-mysql-export-2026-02-02 _attendize,accounts,last_login_date,TIMESTAMP,date
drawSQL-mysql-export-2026-02-02 _attendize,accounts,address1,VARCHAR(255),string
drawSQL-mysql-export-2026-02-02 _attendize,accounts,address2,VARCHAR(255),string
drawSQL-mysql-export-2026-02-02 _attendize,accounts,city,VARCHAR(255),string
drawSQL-mysql-export-2026-02-02 _attendize,accounts,state,VARCHAR(255),string
drawSQL-mysql-export-2026-02-02 _attendize,accounts,postal_code,VARCHAR(255),string
drawSQL-mysql-export-2026-02-02 _attendize,accounts,country_id,INT,num
drawSQL-mysql-export-2026-02-02 _attendize,accounts,email_footer,TEXT,string
drawSQL-mysql-export-2026-02-02 _attendize,accounts,is_active,TINYINT,num
drawSQL-mysql-export-2026-02-02 _attendize,accounts,is_banned,TINYINT,num
drawSQL-mysql-export-2026-02-02 _attendize,accounts,is_beta,TINYINT,num
drawSQL-mysql-export-2026-02-02 _attendize,accounts,stripe_access_token,VARCHAR(255),string
drawSQL-mysql-export-2026-02-02 _attendize,accounts,stripe_refresh_token,VARCHAR(255),string
drawSQL-mysql-export-2026-02-02 _attendize,accounts,stripe_secret_key,VARCHAR(255),string
drawSQL-mysql-export-2026-02-02 _attendize,accounts,stripe_publishable_key,VARCHAR(255),string
drawSQL-mysql-export-2026-02-02 _attendize,accounts,stripe_data_raw,TEXT,string
drawSQL-mysql-export-2026-02-02 _attendize,accounts,payment_gateway_id,INT,num
drawSQL-mysql-export-2026-02-02 _attendize,affiliates,id,INT,num
drawSQL-mysql-export-2026-02-02 _attendize,affiliates,name,VARCHAR(255),string
drawSQL-mysql-export-2026-02-02 _attendize,affiliates,visits,INT,num
drawSQL-mysql-export-2026-02-02 _attendize,affiliates,tickets_sold,INT,num
drawSQL-mysql-export-2026-02-02 _attendize,affiliates,sales_volume,"DECIMAL(8, 2)",num
drawSQL-mysql-export-2026-02-02 _attendize,affiliates,last_visit,TIMESTAMP,date
drawSQL-mysql-export-2026-02-02 _attendize,affiliates,account_id,INT,num
drawSQL-mysql-export-2026-02-02 _attendize,affiliates,event_id,INT,num
drawSQL-mysql-export-2026-02-02 _attendize,affiliates,created_at,TIMESTAMP,date
drawSQL-mysql-export-2026-02-02 _attendize,affiliates,updated_at,TIMESTAMP,date
drawSQL-mysql-export-2026-02-02 _attendize,attendees,id,INT,num
drawSQL-mysql-export-2026-02-02 _attendize,attendees,order_id,INT,num
drawSQL-mysql-export-2026-02-02 _attendize,attendees,event_id,INT,num
drawSQL-mysql-export-2026-02-02 _attendize,attendees,ticket_id,INT,num
drawSQL-mysql-export-2026-02-02 _attendize,attendees,first_name,VARCHAR(255),string
drawSQL-mysql-export-2026-02-02 _attendize,attendees,last_name,VARCHAR(255),string
drawSQL-mysql-export-2026-02-02 _attendize,attendees,email,VARCHAR(255),string
drawSQL-mysql-export-2026-02-02 _attendize,attendees,private_reference_number,VARCHAR(255),string
drawSQL-mysql-export-2026-02-02 _attendize,attendees,created_at,TIMESTAMP,date
drawSQL-mysql-export-2026-02-02 _attendize,attendees,updated_at,TIMESTAMP,date
drawSQL-mysql-export-2026-02-02 _attendize,attendees,deleted_at,TIMESTAMP,date
drawSQL-mysql-export-2026-02-02 _attendize,attendees,is_cancelled,TINYINT,num
drawSQL-mysql-export-2026-02-02 _attendize,attendees,has_arrived,TINYINT,num
drawSQL-mysql-export-2026-02-02 _attendize,attendees,arrival_time,DATETIME,date
drawSQL-mysql-export-2026-02-02 _attendize,attendees,account_id,INT,num
drawSQL-mysql-export-2026-02-02 _attendize,attendees,reference_index,INT,num
drawSQL-mysql-export-2026-02-02 _attendize,attendees,is_refunded,TINYINT,num
drawSQL-mysql-export-2026-02-02 _attendize,countries,id,INT,num
drawSQL-mysql-export-2026-02-02 _attendize,countries,capital,VARCHAR(255),string
drawSQL-mysql-export-2026-02-02 _attendize,countries,citizenship,VARCHAR(255),string
drawSQL-mysql-export-2026-02-02 _attendize,countries,country_code,VARCHAR(255),string
drawSQL-mysql-export-2026-02-02 _attendize,countries,currency,VARCHAR(255),string
drawSQL-mysql-export-2026-02-02 _attendize,countries,currency_code,VARCHAR(255),string
drawSQL-mysql-export-2026-02-02 _attendize,countries,currency_sub_unit,VARCHAR(255),string
drawSQL-mysql-export-2026-02-02 _attendize,countries,full_name,VARCHAR(255),string
drawSQL-mysql-export-2026-02-02 _attendize,countries,iso_3166_2,VARCHAR(255),string
drawSQL-mysql-export-2026-02-02 _attendize,countries,iso_3166_3,VARCHAR(255),string
drawSQL-mysql-export-2026-02-02 _attendize,countries,name,VARCHAR(255),string
drawSQL-mysql-export-2026-02-02 _attendize,countries,region_code,VARCHAR(255),string
drawSQL-mysql-export-2026-02-02 _attendize,countries,sub_region_code,VARCHAR(255),string
drawSQL-mysql-export-2026-02-02 _attendize,countries,eea,TINYINT,num
drawSQL-mysql-export-2026-02-02 _attendize,currencies,id,INT,num
drawSQL-mysql-export-2026-02-02 _attendize,currencies,title,VARCHAR(255),string
drawSQL-mysql-export-2026-02-02 _attendize,currencies,symbol_left,VARCHAR(255),string
drawSQL-mysql-export-2026-02-02 _attendize,currencies,symbol_right,VARCHAR(255),string
drawSQL-mysql-export-2026-02-02 _attendize,currencies,code,VARCHAR(255),string
drawSQL-mysql-export-2026-02-02 _attendize,currencies,decimal_place,INT,num
drawSQL-mysql-export-2026-02-02 _attendize,currencies,value,DOUBLE,num
drawSQL-mysql-export-2026-02-02 _attendize,currencies,decimal_point,VARCHAR(255),string
drawSQL-mysql-export-2026-02-02 _attendize,currencies,thousand_point,VARCHAR(255),string
drawSQL-mysql-export-2026-02-02 _attendize,currencies,status,INT,num
drawSQL-mysql-export-2026-02-02 _attendize,currencies,created_at,TIMESTAMP,date
drawSQL-mysql-export-2026-02-02 _attendize,currencies,updated_at,TIMESTAMP,date
drawSQL-mysql-export-2026-02-02 _attendize,date_formats,id,INT,num
drawSQL-mysql-export-2026-02-02 _attendize,date_formats,format,VARCHAR(255),string
drawSQL-mysql-export-2026-02-02 _attendize,date_formats,picker_format,VARCHAR(255),string
drawSQL-mysql-export-2026-02-02 _attendize,date_formats,label,VARCHAR(255),string
drawSQL-mysql-export-2026-02-02 _attendize,datetime_formats,id,INT,num
drawSQL-mysql-export-2026-02-02 _attendize,datetime_formats,format,VARCHAR(255),string
drawSQL-mysql-export-2026-02-02 _attendize,datetime_formats,picker_format,VARCHAR(255),string
drawSQL-mysql-export-2026-02-02 _attendize,datetime_formats,label,VARCHAR(255),string
drawSQL-mysql-export-2026-02-02 _attendize,event_access_codes,id,INT,num
drawSQL-mysql-export-2026-02-02 _attendize,event_access_codes,event_id,INT,num
drawSQL-mysql-export-2026-02-02 _attendize,event_access_codes,code,VARCHAR(255),string
drawSQL-mysql-export-2026-02-02 _attendize,event_access_codes,usage_count,INT,num
drawSQL-mysql-export-2026-02-02 _attendize,event_access_codes,created_at,TIMESTAMP,date
drawSQL-mysql-export-2026-02-02 _attendize,event_access_codes,updated_at,TIMESTAMP,date
drawSQL-mysql-export-2026-02-02 _attendize,event_access_codes,deleted_at,TIMESTAMP,date
drawSQL-mysql-export-2026-02-02 _attendize,event_images,id,INT,num
drawSQL-mysql-export-2026-02-02 _attendize,event_images,image_path,VARCHAR(255),string
drawSQL-mysql-export-2026-02-02 _attendize,event_images,created_at,TIMESTAMP,date
drawSQL-mysql-export-2026-02-02 _attendize,event_images,updated_at,TIMESTAMP,date
drawSQL-mysql-export-2026-02-02 _attendize,event_images,event_id,INT,num
drawSQL-mysql-export-2026-02-02 _attendize,event_images,account_id,INT,num
drawSQL-mysql-export-2026-02-02 _attendize,event_images,user_id,INT,num
drawSQL-mysql-export-2026-02-02 _attendize,event_question,id,INT,num
drawSQL-mysql-export-2026-02-02 _attendize,event_question,event_id,INT,num
drawSQL-mysql-export-2026-02-02 _attendize,event_question,question_id,INT,num
drawSQL-mysql-export-2026-02-02 _attendize,event_stats,id,INT,num
drawSQL-mysql-export-2026-02-02 _attendize,event_stats,date,DATE,date
drawSQL-mysql-export-2026-02-02 _attendize,event_stats,views,INT,num
drawSQL-mysql-export-2026-02-02 _attendize,event_stats,unique_views,INT,num
drawSQL-mysql-export-2026-02-02 _attendize,event_stats,tickets_sold,INT,num
drawSQL-mysql-export-2026-02-02 _attendize,event_stats,sales_volume,"DECIMAL(8, 2)",num
drawSQL-mysql-export-2026-02-02 _attendize,event_stats,organiser_fees_volume,"DECIMAL(8, 2)",num
drawSQL-mysql-export-2026-02-02 _attendize,event_stats,event_id,INT,num
drawSQL-mysql-export-2026-02-02 _attendize,events,id,INT,num
drawSQL-mysql-export-2026-02-02 _attendize,events,title,VARCHAR(255),string
drawSQL-mysql-export-2026-02-02 _attendize,events,location,VARCHAR(255),string
drawSQL-mysql-export-2026-02-02 _attendize,events,bg_type,VARCHAR(255),string
drawSQL-mysql-export-2026-02-02 _attendize,events,bg_color,VARCHAR(255),string
drawSQL-mysql-export-2026-02-02 _attendize,events,bg_image_path,VARCHAR(255),string
drawSQL-mysql-export-2026-02-02 _attendize,events,description,TEXT,string
drawSQL-mysql-export-2026-02-02 _attendize,events,start_date,DATETIME,date
drawSQL-mysql-export-2026-02-02 _attendize,events,end_date,DATETIME,date
drawSQL-mysql-export-2026-02-02 _attendize,events,on_sale_date,DATETIME,date
drawSQL-mysql-export-2026-02-02 _attendize,events,account_id,INT,num
drawSQL-mysql-export-2026-02-02 _attendize,events,user_id,INT,num
drawSQL-mysql-export-2026-02-02 _attendize,events,currency_id,INT,num
drawSQL-mysql-export-2026-02-02 _attendize,events,sales_volume,"DECIMAL(8, 2)",num
drawSQL-mysql-export-2026-02-02 _attendize,events,organiser_fees_volume,"DECIMAL(8, 2)",num
drawSQL-mysql-export-2026-02-02 _attendize,events,organiser_fee_fixed,"DECIMAL(8, 2)",num
drawSQL-mysql-export-2026-02-02 _attendize,events,organiser_fee_percentage,"DECIMAL(8, 2)",num
drawSQL-mysql-export-2026-02-02 _attendize,events,organiser_id,INT,num
drawSQL-mysql-export-2026-02-02 _attendize,events,venue_name,VARCHAR(255),string
drawSQL-mysql-export-2026-02-02 _attendize,events,venue_name_full,VARCHAR(255),string
drawSQL-mysql-export-2026-02-02 _attendize,events,location_address,VARCHAR(255),string
drawSQL-mysql-export-2026-02-02 _attendize,events,location_address_line_1,VARCHAR(255),string
drawSQL-mysql-export-2026-02-02 _attendize,events,location_address_line_2,VARCHAR(255),string
drawSQL-mysql-export-2026-02-02 _attendize,events,location_country,VARCHAR(255),string
drawSQL-mysql-export-2026-02-02 _attendize,events,location_country_code,VARCHAR(255),string
drawSQL-mysql-export-2026-02-02 _attendize,events,location_state,VARCHAR(255),string
drawSQL-mysql-export-2026-02-02 _attendize,events,location_post_code,VARCHAR(255),string
drawSQL-mysql-export-2026-02-02 _attendize,events,location_street_number,VARCHAR(255),string
drawSQL-mysql-export-2026-02-02 _attendize,events,location_lat,VARCHAR(255),string
drawSQL-mysql-export-2026-02-02 _attendize,events,location_long,VARCHAR(255),string
drawSQL-mysql-export-2026-02-02 _attendize,events,location_google_place_id,VARCHAR(255),string
drawSQL-mysql-export-2026-02-02 _attendize,events,pre_order_display_message,TEXT,string
drawSQL-mysql-export-2026-02-02 _attendize,events,post_order_display_message,TEXT,string
drawSQL-mysql-export-2026-02-02 _attendize,events,social_share_text,TEXT,string
drawSQL-mysql-export-2026-02-02 _attendize,events,social_show_facebook,TINYINT,num
drawSQL-mysql-export-2026-02-02 _attendize,events,social_show_linkedin,TINYINT,num
drawSQL-mysql-export-2026-02-02 _attendize,events,social_show_twitter,TINYINT,num
drawSQL-mysql-export-2026-02-02 _attendize,events,social_show_email,TINYINT,num
drawSQL-mysql-export-2026-02-02 _attendize,events,social_show_googleplus,TINYINT,num
drawSQL-mysql-export-2026-02-02 _attendize,events,location_is_manual,INT,num
drawSQL-mysql-export-2026-02-02 _attendize,events,is_live,TINYINT,num
drawSQL-mysql-export-2026-02-02 _attendize,events,created_at,TIMESTAMP,date
drawSQL-mysql-export-2026-02-02 _attendize,events,updated_at,TIMESTAMP,date
drawSQL-mysql-export-2026-02-02 _attendize,events,deleted_at,TIMESTAMP,date
drawSQL-mysql-export-2026-02-02 _attendize,events,barcode_type,VARCHAR(255),string
drawSQL-mysql-export-2026-02-02 _attendize,events,ticket_border_color,VARCHAR(255),string
drawSQL-mysql-export-2026-02-02 _attendize,events,ticket_bg_color,VARCHAR(255),string
drawSQL-mysql-export-2026-02-02 _attendize,events,ticket_text_color,VARCHAR(255),string
drawSQL-mysql-export-2026-02-02 _attendize,events,ticket_sub_text_color,VARCHAR(255),string
drawSQL-mysql-export-2026-02-02 _attendize,events,google_tag_manager_code,VARCHAR(255),string
drawSQL-mysql-export-2026-02-02 _attendize,events,social_show_whatsapp,TINYINT,num
drawSQL-mysql-export-2026-02-02 _attendize,events,questions_collection_type,VARCHAR(255),string
drawSQL-mysql-export-2026-02-02 _attendize,events,checkout_timeout_after,INT,num
drawSQL-mysql-export-2026-02-02 _attendize,events,is_1d_barcode_enabled,TINYINT,num
drawSQL-mysql-export-2026-02-02 _attendize,events,enable_offline_payments,TINYINT,num
drawSQL-mysql-export-2026-02-02 _attendize,events,offline_payment_instructions,TEXT,string
drawSQL-mysql-export-2026-02-02 _attendize,events,event_image_position,VARCHAR(255),string
drawSQL-mysql-export-2026-02-02 _attendize,failed_jobs,id,INT,num
drawSQL-mysql-export-2026-02-02 _attendize,failed_jobs,connection,TEXT,string
drawSQL-mysql-export-2026-02-02 _attendize,failed_jobs,queue,TEXT,string
drawSQL-mysql-export-2026-02-02 _attendize,failed_jobs,payload,TEXT,string
drawSQL-mysql-export-2026-02-02 _attendize,failed_jobs,failed_at,TIMESTAMP,date
drawSQL-mysql-export-2026-02-02 _attendize,messages,id,INT,num
drawSQL-mysql-export-2026-02-02 _attendize,messages,message,TEXT,string
drawSQL-mysql-export-2026-02-02 _attendize,messages,subject,VARCHAR(255),string
drawSQL-mysql-export-2026-02-02 _attendize,messages,recipients,VARCHAR(255),string
drawSQL-mysql-export-2026-02-02 _attendize,messages,account_id,INT,num
drawSQL-mysql-export-2026-02-02 _attendize,messages,user_id,INT,num
drawSQL-mysql-export-2026-02-02 _attendize,messages,event_id,INT,num
drawSQL-mysql-export-2026-02-02 _attendize,messages,is_sent,INT,num
drawSQL-mysql-export-2026-02-02 _attendize,messages,sent_at,DATETIME,date
drawSQL-mysql-export-2026-02-02 _attendize,messages,created_at,TIMESTAMP,date
drawSQL-mysql-export-2026-02-02 _attendize,messages,updated_at,TIMESTAMP,date
drawSQL-mysql-export-2026-02-02 _attendize,order_items,id,INT,num
drawSQL-mysql-export-2026-02-02 _attendize,order_items,title,VARCHAR(255),string
drawSQL-mysql-export-2026-02-02 _attendize,order_items,quantity,INT,num
drawSQL-mysql-export-2026-02-02 _attendize,order_items,unit_price,"DECIMAL(8, 2)",num
drawSQL-mysql-export-2026-02-02 _attendize,order_items,unit_booking_fee,"DECIMAL(8, 2)",num
drawSQL-mysql-export-2026-02-02 _attendize,order_items,order_id,INT,num
drawSQL-mysql-export-2026-02-02 _attendize,order_items,deleted_at,TIMESTAMP,date
drawSQL-mysql-export-2026-02-02 _attendize,order_statuses,id,INT,num
drawSQL-mysql-export-2026-02-02 _attendize,order_statuses,name,VARCHAR(255),string
drawSQL-mysql-export-2026-02-02 _attendize,orders,id,INT,num
drawSQL-mysql-export-2026-02-02 _attendize,orders,account_id,INT,num
drawSQL-mysql-export-2026-02-02 _attendize,orders,order_status_id,INT,num
drawSQL-mysql-export-2026-02-02 _attendize,orders,created_at,TIMESTAMP,date
drawSQL-mysql-export-2026-02-02 _attendize,orders,updated_at,TIMESTAMP,date
drawSQL-mysql-export-2026-02-02 _attendize,orders,deleted_at,TIMESTAMP,date
drawSQL-mysql-export-2026-02-02 _attendize,orders,first_name,VARCHAR(255),string
drawSQL-mysql-export-2026-02-02 _attendize,orders,last_name,VARCHAR(255),string
drawSQL-mysql-export-2026-02-02 _attendize,orders,email,VARCHAR(255),string
drawSQL-mysql-export-2026-02-02 _attendize,orders,business_name,VARCHAR(255),string
drawSQL-mysql-export-2026-02-02 _attendize,orders,business_tax_number,VARCHAR(255),string
drawSQL-mysql-export-2026-02-02 _attendize,orders,business_address_line_one,VARCHAR(255),string
drawSQL-mysql-export-2026-02-02 _attendize,orders,business_address_line_two,VARCHAR(255),string
drawSQL-mysql-export-2026-02-02 _attendize,orders,business_address_state_province,VARCHAR(255),string
drawSQL-mysql-export-2026-02-02 _attendize,orders,business_address_city,VARCHAR(255),string
drawSQL-mysql-export-2026-02-02 _attendize,orders,ticket_pdf_path,VARCHAR(255),string
drawSQL-mysql-export-2026-02-02 _attendize,orders,order_reference,VARCHAR(255),string
drawSQL-mysql-export-2026-02-02 _attendize,orders,transaction_id,VARCHAR(255),string
drawSQL-mysql-export-2026-02-02 _attendize,orders,discount,"DECIMAL(8, 2)",num
drawSQL-mysql-export-2026-02-02 _attendize,orders,booking_fee,"DECIMAL(8, 2)",num
drawSQL-mysql-export-2026-02-02 _attendize,orders,organiser_booking_fee,"DECIMAL(8, 2)",num
drawSQL-mysql-export-2026-02-02 _attendize,orders,order_date,DATE,date
drawSQL-mysql-export-2026-02-02 _attendize,orders,notes,TEXT,string
drawSQL-mysql-export-2026-02-02 _attendize,orders,is_deleted,TINYINT,num
drawSQL-mysql-export-2026-02-02 _attendize,orders,is_cancelled,TINYINT,num
drawSQL-mysql-export-2026-02-02 _attendize,orders,is_partially_refunded,TINYINT,num
drawSQL-mysql-export-2026-02-02 _attendize,orders,is_refunded,TINYINT,num
drawSQL-mysql-export-2026-02-02 _attendize,orders,amount,"DECIMAL(8, 2)",num
drawSQL-mysql-export-2026-02-02 _attendize,orders,amount_refunded,"DECIMAL(8, 2)",num
drawSQL-mysql-export-2026-02-02 _attendize,orders,event_id,INT,num
drawSQL-mysql-export-2026-02-02 _attendize,orders,payment_gateway_id,INT,num
drawSQL-mysql-export-2026-02-02 _attendize,orders,is_payment_received,TINYINT,num
drawSQL-mysql-export-2026-02-02 _attendize,orders,is_business,TINYINT,num
drawSQL-mysql-export-2026-02-02 _attendize,orders,taxamt,DOUBLE,num
drawSQL-mysql-export-2026-02-02 _attendize,orders,business_address_code,VARCHAR(255),string
drawSQL-mysql-export-2026-02-02 _attendize,orders,payment_intent,VARCHAR(255),string
drawSQL-mysql-export-2026-02-02 _attendize,organisers,id,INT,num
drawSQL-mysql-export-2026-02-02 _attendize,organisers,created_at,TIMESTAMP,date
drawSQL-mysql-export-2026-02-02 _attendize,organisers,updated_at,TIMESTAMP,date
drawSQL-mysql-export-2026-02-02 _attendize,organisers,deleted_at,TIMESTAMP,date
drawSQL-mysql-export-2026-02-02 _attendize,organisers,account_id,INT,num
drawSQL-mysql-export-2026-02-02 _attendize,organisers,name,VARCHAR(255),string
drawSQL-mysql-export-2026-02-02 _attendize,organisers,about,TEXT,string
drawSQL-mysql-export-2026-02-02 _attendize,organisers,email,VARCHAR(255),string
drawSQL-mysql-export-2026-02-02 _attendize,organisers,phone,VARCHAR(255),string
drawSQL-mysql-export-2026-02-02 _attendize,organisers,confirmation_key,VARCHAR(255),string
drawSQL-mysql-export-2026-02-02 _attendize,organisers,facebook,VARCHAR(255),string
drawSQL-mysql-export-2026-02-02 _attendize,organisers,twitter,VARCHAR(255),string
drawSQL-mysql-export-2026-02-02 _attendize,organisers,logo_path,VARCHAR(255),string
drawSQL-mysql-export-2026-02-02 _attendize,organisers,is_email_confirmed,TINYINT,num
drawSQL-mysql-export-2026-02-02 _attendize,organisers,show_twitter_widget,TINYINT,num
drawSQL-mysql-export-2026-02-02 _attendize,organisers,show_facebook_widget,TINYINT,num
drawSQL-mysql-export-2026-02-02 _attendize,organisers,page_header_bg_color,VARCHAR(255),string
drawSQL-mysql-export-2026-02-02 _attendize,organisers,page_bg_color,VARCHAR(255),string
drawSQL-mysql-export-2026-02-02 _attendize,organisers,page_text_color,VARCHAR(255),string
drawSQL-mysql-export-2026-02-02 _attendize,organisers,enable_organiser_page,TINYINT,num
drawSQL-mysql-export-2026-02-02 _attendize,organisers,google_analytics_code,VARCHAR(255),string
drawSQL-mysql-export-2026-02-02 _attendize,organisers,google_tag_manager_code,VARCHAR(255),string
drawSQL-mysql-export-2026-02-02 _attendize,organisers,tax_name,VARCHAR(255),string
drawSQL-mysql-export-2026-02-02 _attendize,organisers,tax_value,DOUBLE,num
drawSQL-mysql-export-2026-02-02 _attendize,organisers,tax_id,VARCHAR(255),string
drawSQL-mysql-export-2026-02-02 _attendize,organisers,charge_tax,TINYINT,num
drawSQL-mysql-export-2026-02-02 _attendize,password_resets,email,VARCHAR(255),string
drawSQL-mysql-export-2026-02-02 _attendize,password_resets,token,VARCHAR(255),string
drawSQL-mysql-export-2026-02-02 _attendize,password_resets,created_at,TIMESTAMP,date
drawSQL-mysql-export-2026-02-02 _attendize,payment_gateways,id,INT,num
drawSQL-mysql-export-2026-02-02 _attendize,payment_gateways,provider_name,VARCHAR(255),string
drawSQL-mysql-export-2026-02-02 _attendize,payment_gateways,provider_url,VARCHAR(255),string
drawSQL-mysql-export-2026-02-02 _attendize,payment_gateways,is_on_site,TINYINT,num
drawSQL-mysql-export-2026-02-02 _attendize,payment_gateways,can_refund,TINYINT,num
drawSQL-mysql-export-2026-02-02 _attendize,payment_gateways,name,VARCHAR(255),string
drawSQL-mysql-export-2026-02-02 _attendize,payment_gateways,default,TINYINT,num
drawSQL-mysql-export-2026-02-02 _attendize,payment_gateways,admin_blade_template,VARCHAR(255),string
drawSQL-mysql-export-2026-02-02 _attendize,payment_gateways,checkout_blade_template,VARCHAR(255),string
drawSQL-mysql-export-2026-02-02 _attendize,question_answers,id,INT,num
drawSQL-mysql-export-2026-02-02 _attendize,question_answers,attendee_id,INT,num
drawSQL-mysql-export-2026-02-02 _attendize,question_answers,event_id,INT,num
drawSQL-mysql-export-2026-02-02 _attendize,question_answers,question_id,INT,num
drawSQL-mysql-export-2026-02-02 _attendize,question_answers,account_id,INT,num
drawSQL-mysql-export-2026-02-02 _attendize,question_answers,answer_text,TEXT,string
drawSQL-mysql-export-2026-02-02 _attendize,question_answers,created_at,TIMESTAMP,date
drawSQL-mysql-export-2026-02-02 _attendize,question_answers,updated_at,TIMESTAMP,date
drawSQL-mysql-export-2026-02-02 _attendize,question_options,id,INT,num
drawSQL-mysql-export-2026-02-02 _attendize,question_options,name,VARCHAR(255),string
drawSQL-mysql-export-2026-02-02 _attendize,question_options,question_id,INT,num
drawSQL-mysql-export-2026-02-02 _attendize,question_ticket,id,INT,num
drawSQL-mysql-export-2026-02-02 _attendize,question_ticket,question_id,INT,num
drawSQL-mysql-export-2026-02-02 _attendize,question_ticket,ticket_id,INT,num
drawSQL-mysql-export-2026-02-02 _attendize,question_types,id,INT,num
drawSQL-mysql-export-2026-02-02 _attendize,question_types,alias,VARCHAR(255),string
drawSQL-mysql-export-2026-02-02 _attendize,question_types,name,VARCHAR(255),string
drawSQL-mysql-export-2026-02-02 _attendize,question_types,has_options,TINYINT,num
drawSQL-mysql-export-2026-02-02 _attendize,question_types,allow_multiple,TINYINT,num
drawSQL-mysql-export-2026-02-02 _attendize,questions,id,INT,num
drawSQL-mysql-export-2026-02-02 _attendize,questions,title,VARCHAR(255),string
drawSQL-mysql-export-2026-02-02 _attendize,questions,question_type_id,INT,num
drawSQL-mysql-export-2026-02-02 _attendize,questions,account_id,INT,num
drawSQL-mysql-export-2026-02-02 _attendize,questions,is_required,TINYINT,num
drawSQL-mysql-export-2026-02-02 _attendize,questions,created_at,TIMESTAMP,date
drawSQL-mysql-export-2026-02-02 _attendize,questions,updated_at,TIMESTAMP,date
drawSQL-mysql-export-2026-02-02 _attendize,questions,deleted_at,TIMESTAMP,date
drawSQL-mysql-export-2026-02-02 _attendize,questions,sort_order,INT,num
drawSQL-mysql-export-2026-02-02 _attendize,questions,is_enabled,TINYINT,num
drawSQL-mysql-export-2026-02-02 _attendize,reserved_tickets,id,INT,num
drawSQL-mysql-export-2026-02-02 _attendize,reserved_tickets,ticket_id,INT,num
drawSQL-mysql-export-2026-02-02 _attendize,reserved_tickets,event_id,INT,num
drawSQL-mysql-export-2026-02-02 _attendize,reserved_tickets,quantity_reserved,INT,num
drawSQL-mysql-export-2026-02-02 _attendize,reserved_tickets,expires,DATETIME,date
drawSQL-mysql-export-2026-02-02 _attendize,reserved_tickets,session_id,VARCHAR(255),string
drawSQL-mysql-export-2026-02-02 _attendize,reserved_tickets,created_at,TIMESTAMP,date
drawSQL-mysql-export-2026-02-02 _attendize,reserved_tickets,updated_at,TIMESTAMP,date
drawSQL-mysql-export-2026-02-02 _attendize,ticket_event_access_code,id,INT,num
drawSQL-mysql-export-2026-02-02 _attendize,ticket_event_access_code,ticket_id,INT,num
drawSQL-mysql-export-2026-02-02 _attendize,ticket_event_access_code,event_access_code_id,INT,num
drawSQL-mysql-export-2026-02-02 _attendize,ticket_event_access_code,created_at,TIMESTAMP,date
drawSQL-mysql-export-2026-02-02 _attendize,ticket_event_access_code,updated_at,TIMESTAMP,date
drawSQL-mysql-export-2026-02-02 _attendize,ticket_order,id,INT,num
drawSQL-mysql-export-2026-02-02 _attendize,ticket_order,order_id,INT,num
drawSQL-mysql-export-2026-02-02 _attendize,ticket_order,ticket_id,INT,num
drawSQL-mysql-export-2026-02-02 _attendize,ticket_statuses,id,INT,num
drawSQL-mysql-export-2026-02-02 _attendize,ticket_statuses,name,TEXT,string
drawSQL-mysql-export-2026-02-02 _attendize,tickets,id,INT,num
drawSQL-mysql-export-2026-02-02 _attendize,tickets,created_at,TIMESTAMP,date
drawSQL-mysql-export-2026-02-02 _attendize,tickets,updated_at,TIMESTAMP,date
drawSQL-mysql-export-2026-02-02 _attendize,tickets,deleted_at,TIMESTAMP,date
drawSQL-mysql-export-2026-02-02 _attendize,tickets,edited_by_user_id,INT,num
drawSQL-mysql-export-2026-02-02 _attendize,tickets,account_id,INT,num
drawSQL-mysql-export-2026-02-02 _attendize,tickets,order_id,INT,num
drawSQL-mysql-export-2026-02-02 _attendize,tickets,event_id,INT,num
drawSQL-mysql-export-2026-02-02 _attendize,tickets,title,VARCHAR(255),string
drawSQL-mysql-export-2026-02-02 _attendize,tickets,description,TEXT,string
drawSQL-mysql-export-2026-02-02 _attendize,tickets,price,"DECIMAL(8, 2)",num
drawSQL-mysql-export-2026-02-02 _attendize,tickets,max_per_person,INT,num
drawSQL-mysql-export-2026-02-02 _attendize,tickets,min_per_person,INT,num
drawSQL-mysql-export-2026-02-02 _attendize,tickets,quantity_available,INT,num
drawSQL-mysql-export-2026-02-02 _attendize,tickets,quantity_sold,INT,num
drawSQL-mysql-export-2026-02-02 _attendize,tickets,start_sale_date,DATETIME,date
drawSQL-mysql-export-2026-02-02 _attendize,tickets,end_sale_date,DATETIME,date
drawSQL-mysql-export-2026-02-02 _attendize,tickets,sales_volume,"DECIMAL(8, 2)",num
drawSQL-mysql-export-2026-02-02 _attendize,tickets,organiser_fees_volume,"DECIMAL(8, 2)",num
drawSQL-mysql-export-2026-02-02 _attendize,tickets,is_paused,TINYINT,num
drawSQL-mysql-export-2026-02-02 _attendize,tickets,public_id,INT,num
drawSQL-mysql-export-2026-02-02 _attendize,tickets,user_id,INT,num
drawSQL-mysql-export-2026-02-02 _attendize,tickets,sort_order,INT,num
drawSQL-mysql-export-2026-02-02 _attendize,tickets,is_hidden,TINYINT,num
drawSQL-mysql-export-2026-02-02 _attendize,timezones,id,INT,num
drawSQL-mysql-export-2026-02-02 _attendize,timezones,name,VARCHAR(255),string
drawSQL-mysql-export-2026-02-02 _attendize,timezones,location,VARCHAR(255),string
drawSQL-mysql-export-2026-02-02 _attendize,users,id,INT,num
drawSQL-mysql-export-2026-02-02 _attendize,users,account_id,INT,num
drawSQL-mysql-export-2026-02-02 _attendize,users,created_at,TIMESTAMP,date
drawSQL-mysql-export-2026-02-02 _attendize,users,updated_at,TIMESTAMP,date
drawSQL-mysql-export-2026-02-02 _attendize,users,deleted_at,TIMESTAMP,date
drawSQL-mysql-export-2026-02-02 _attendize,users,first_name,VARCHAR(255),string
drawSQL-mysql-export-2026-02-02 _attendize,users,last_name,VARCHAR(255),string
drawSQL-mysql-export-2026-02-02 _attendize,users,phone,VARCHAR(255),string
drawSQL-mysql-export-2026-02-02 _attendize,users,email,VARCHAR(255),string
drawSQL-mysql-export-2026-02-02 _attendize,users,password,VARCHAR(255),string
drawSQL-mysql-export-2026-02-02 _attendize,users,confirmation_code,VARCHAR(255),string
drawSQL-mysql-export-2026-02-02 _attendize,users,is_registered,TINYINT,num
drawSQL-mysql-export-2026-02-02 _attendize,users,is_confirmed,TINYINT,num
drawSQL-mysql-export-2026-02-02 _attendize,users,is_parent,TINYINT,num
drawSQL-mysql-export-2026-02-02 _attendize,users,remember_token,VARCHAR(255),string
drawSQL-mysql-export-2026-02-02 _attendize,users,api_token,VARCHAR(255),string
drawSQL-mysql-export-2026-02-02_activity_log,activity_log,id,INT,num
drawSQL-mysql-export-2026-02-02_activity_log,activity_log,log_name,VARCHAR(255),string
drawSQL-mysql-export-2026-02-02_activity_log,activity_log,description,TEXT,string
drawSQL-mysql-export-2026-02-02_activity_log,activity_log,subject_id,BIGINT,num
drawSQL-mysql-export-2026-02-02_activity_log,activity_log,subject_type,VARCHAR(255),string
drawSQL-mysql-export-2026-02-02_activity_log,activity_log,causer_id,BIGINT,num
drawSQL-mysql-export-2026-02-02_activity_log,activity_log,causer_type,VARCHAR(255),string
drawSQL-mysql-export-2026-02-02_activity_log,activity_log,properties,JSON,string
drawSQL-mysql-export-2026-02-02_activity_log,activity_log,created_at,DATETIME,date
drawSQL-mysql-export-2026-02-02_activity_log,activity_log,updated_at,DATETIME,date
drawSQL-mysql-export-2026-02-02_akaunting,accounts,id,INT,num
drawSQL-mysql-export-2026-02-02_akaunting,accounts,company_id,INT,num
drawSQL-mysql-export-2026-02-02_akaunting,accounts,name,VARCHAR(255),string
drawSQL-mysql-export-2026-02-02_akaunting,accounts,number,VARCHAR(255),string
drawSQL-mysql-export-2026-02-02_akaunting,accounts,currency_code,VARCHAR(255),string
drawSQL-mysql-export-2026-02-02_akaunting,accounts,opening_balance,DOUBLE,num
drawSQL-mysql-export-2026-02-02_akaunting,accounts,bank_name,VARCHAR(255),string
drawSQL-mysql-export-2026-02-02_akaunting,accounts,bank_phone,VARCHAR(255),string
drawSQL-mysql-export-2026-02-02_akaunting,accounts,bank_address,TEXT,string
drawSQL-mysql-export-2026-02-02_akaunting,accounts,enabled,TINYINT,num
drawSQL-mysql-export-2026-02-02_akaunting,accounts,created_at,TIMESTAMP,date
drawSQL-mysql-export-2026-02-02_akaunting,accounts,updated_at,TIMESTAMP,date
drawSQL-mysql-export-2026-02-02_akaunting,accounts,deleted_at,TIMESTAMP,date
drawSQL-mysql-export-2026-02-02_akaunting,bill_histories,id,INT,num
drawSQL-mysql-export-2026-02-02_akaunting,bill_histories,company_id,INT,num
drawSQL-mysql-export-2026-02-02_akaunting,bill_histories,bill_id,INT,num
drawSQL-mysql-export-2026-02-02_akaunting,bill_histories,status,VARCHAR(255),string
drawSQL-mysql-export-2026-02-02_akaunting,bill_histories,notify,TINYINT,num
drawSQL-mysql-export-2026-02-02_akaunting,bill_histories,description,TEXT,string
drawSQL-mysql-export-2026-02-02_akaunting,bill_histories,created_at,TIMESTAMP,date
drawSQL-mysql-export-2026-02-02_akaunting,bill_histories,updated_at,TIMESTAMP,date
drawSQL-mysql-export-2026-02-02_akaunting,bill_histories,deleted_at,TIMESTAMP,date
drawSQL-mysql-export-2026-02-02_akaunting,bill_item_taxes,id,INT,num
drawSQL-mysql-export-2026-02-02_akaunting,bill_item_taxes,company_id,INT,num
drawSQL-mysql-export-2026-02-02_akaunting,bill_item_taxes,bill_id,INT,num
drawSQL-mysql-export-2026-02-02_akaunting,bill_item_taxes,bill_item_id,INT,num
drawSQL-mysql-export-2026-02-02_akaunting,bill_item_taxes,tax_id,INT,num
drawSQL-mysql-export-2026-02-02_akaunting,bill_item_taxes,name,VARCHAR(255),string
drawSQL-mysql-export-2026-02-02_akaunting,bill_item_taxes,amount,DOUBLE,num
drawSQL-mysql-export-2026-02-02_akaunting,bill_item_taxes,created_at,TIMESTAMP,date
drawSQL-mysql-export-2026-02-02_akaunting,bill_item_taxes,updated_at,TIMESTAMP,date
drawSQL-mysql-export-2026-02-02_akaunting,bill_item_taxes,deleted_at,TIMESTAMP,date
drawSQL-mysql-export-2026-02-02_akaunting,bill_items,id,INT,num
drawSQL-mysql-export-2026-02-02_akaunting,bill_items,company_id,INT,num
drawSQL-mysql-export-2026-02-02_akaunting,bill_items,bill_id,INT,num
drawSQL-mysql-export-2026-02-02_akaunting,bill_items,item_id,INT,num
drawSQL-mysql-export-2026-02-02_akaunting,bill_items,name,VARCHAR(255),string
drawSQL-mysql-export-2026-02-02_akaunting,bill_items,sku,VARCHAR(255),string
drawSQL-mysql-export-2026-02-02_akaunting,bill_items,quantity,DOUBLE,num
drawSQL-mysql-export-2026-02-02_akaunting,bill_items,price,DOUBLE,num
drawSQL-mysql-export-2026-02-02_akaunting,bill_items,total,DOUBLE,num
drawSQL-mysql-export-2026-02-02_akaunting,bill_items,tax,DOUBLE,num
drawSQL-mysql-export-2026-02-02_akaunting,bill_items,discount_rate,DOUBLE,num
drawSQL-mysql-export-2026-02-02_akaunting,bill_items,discount_type,VARCHAR(255),string
drawSQL-mysql-export-2026-02-02_akaunting,bill_items,created_at,TIMESTAMP,date
drawSQL-mysql-export-2026-02-02_akaunting,bill_items,updated_at,TIMESTAMP,date
drawSQL-mysql-export-2026-02-02_akaunting,bill_items,deleted_at,TIMESTAMP,date
drawSQL-mysql-export-2026-02-02_akaunting,bill_totals,id,INT,num
drawSQL-mysql-export-2026-02-02_akaunting,bill_totals,company_id,INT,num
drawSQL-mysql-export-2026-02-02_akaunting,bill_totals,bill_id,INT,num
drawSQL-mysql-export-2026-02-02_akaunting,bill_totals,code,VARCHAR(255),string
drawSQL-mysql-export-2026-02-02_akaunting,bill_totals,name,VARCHAR(255),string
drawSQL-mysql-export-2026-02-02_akaunting,bill_totals,amount,DOUBLE,num
drawSQL-mysql-export-2026-02-02_akaunting,bill_totals,sort_order,INT,num
drawSQL-mysql-export-2026-02-02_akaunting,bill_totals,created_at,TIMESTAMP,date
drawSQL-mysql-export-2026-02-02_akaunting,bill_totals,updated_at,TIMESTAMP,date
drawSQL-mysql-export-2026-02-02_akaunting,bill_totals,deleted_at,TIMESTAMP,date
drawSQL-mysql-export-2026-02-02_akaunting,bills,id,INT,num
drawSQL-mysql-export-2026-02-02_akaunting,bills,company_id,INT,num
drawSQL-mysql-export-2026-02-02_akaunting,bills,bill_number,VARCHAR(255),string
drawSQL-mysql-export-2026-02-02_akaunting,bills,order_number,VARCHAR(255),string
drawSQL-mysql-export-2026-02-02_akaunting,bills,status,VARCHAR(255),string
drawSQL-mysql-export-2026-02-02_akaunting,bills,billed_at,DATETIME,date
drawSQL-mysql-export-2026-02-02_akaunting,bills,due_at,DATETIME,date
drawSQL-mysql-export-2026-02-02_akaunting,bills,amount,DOUBLE,num
drawSQL-mysql-export-2026-02-02_akaunting,bills,currency_code,VARCHAR(255),string
drawSQL-mysql-export-2026-02-02_akaunting,bills,currency_rate,DOUBLE,num
drawSQL-mysql-export-2026-02-02_akaunting,bills,category_id,INT,num
drawSQL-mysql-export-2026-02-02_akaunting,bills,contact_id,INT,num
drawSQL-mysql-export-2026-02-02_akaunting,bills,contact_name,VARCHAR(255),string
drawSQL-mysql-export-2026-02-02_akaunting,bills,contact_email,VARCHAR(255),string
drawSQL-mysql-export-2026-02-02_akaunting,bills,contact_tax_number,VARCHAR(255),string
drawSQL-mysql-export-2026-02-02_akaunting,bills,contact_phone,VARCHAR(255),string
drawSQL-mysql-export-2026-02-02_akaunting,bills,contact_address,TEXT,string
drawSQL-mysql-export-2026-02-02_akaunting,bills,notes,TEXT,string
drawSQL-mysql-export-2026-02-02_akaunting,bills,parent_id,INT,num
drawSQL-mysql-export-2026-02-02_akaunting,bills,created_at,TIMESTAMP,date
drawSQL-mysql-export-2026-02-02_akaunting,bills,updated_at,TIMESTAMP,date
drawSQL-mysql-export-2026-02-02_akaunting,bills,deleted_at,TIMESTAMP,date
drawSQL-mysql-export-2026-02-02_akaunting,categories,id,INT,num
drawSQL-mysql-export-2026-02-02_akaunting,categories,company_id,INT,num
drawSQL-mysql-export-2026-02-02_akaunting,categories,name,VARCHAR(255),string
drawSQL-mysql-export-2026-02-02_akaunting,categories,type,VARCHAR(255),string
drawSQL-mysql-export-2026-02-02_akaunting,categories,color,VARCHAR(255),string
drawSQL-mysql-export-2026-02-02_akaunting,categories,enabled,TINYINT,num
drawSQL-mysql-export-2026-02-02_akaunting,categories,created_at,TIMESTAMP,date
drawSQL-mysql-export-2026-02-02_akaunting,categories,updated_at,TIMESTAMP,date
drawSQL-mysql-export-2026-02-02_akaunting,categories,deleted_at,TIMESTAMP,date
drawSQL-mysql-export-2026-02-02_akaunting,companies,id,INT,num
drawSQL-mysql-export-2026-02-02_akaunting,companies,domain,VARCHAR(255),string
drawSQL-mysql-export-2026-02-02_akaunting,companies,enabled,TINYINT,num
drawSQL-mysql-export-2026-02-02_akaunting,companies,created_at,TIMESTAMP,date
drawSQL-mysql-export-2026-02-02_akaunting,companies,updated_at,TIMESTAMP,date
drawSQL-mysql-export-2026-02-02_akaunting,companies,deleted_at,TIMESTAMP,date
drawSQL-mysql-export-2026-02-02_akaunting,contacts,id,INT,num
drawSQL-mysql-export-2026-02-02_akaunting,contacts,company_id,INT,num
drawSQL-mysql-export-2026-02-02_akaunting,contacts,type,VARCHAR(255),string
drawSQL-mysql-export-2026-02-02_akaunting,contacts,name,VARCHAR(255),string
drawSQL-mysql-export-2026-02-02_akaunting,contacts,email,VARCHAR(255),string
drawSQL-mysql-export-2026-02-02_akaunting,contacts,user_id,INT,num
drawSQL-mysql-export-2026-02-02_akaunting,contacts,tax_number,VARCHAR(255),string
drawSQL-mysql-export-2026-02-02_akaunting,contacts,phone,VARCHAR(255),string
drawSQL-mysql-export-2026-02-02_akaunting,contacts,address,TEXT,string
drawSQL-mysql-export-2026-02-02_akaunting,contacts,website,VARCHAR(255),string
drawSQL-mysql-export-2026-02-02_akaunting,contacts,currency_code,VARCHAR(255),string
drawSQL-mysql-export-2026-02-02_akaunting,contacts,enabled,TINYINT,num
drawSQL-mysql-export-2026-02-02_akaunting,contacts,reference,VARCHAR(255),string
drawSQL-mysql-export-2026-02-02_akaunting,contacts,created_at,TIMESTAMP,date
drawSQL-mysql-export-2026-02-02_akaunting,contacts,updated_at,TIMESTAMP,date
drawSQL-mysql-export-2026-02-02_akaunting,contacts,deleted_at,TIMESTAMP,date
drawSQL-mysql-export-2026-02-02_akaunting,currencies,id,INT,num
drawSQL-mysql-export-2026-02-02_akaunting,currencies,company_id,INT,num
drawSQL-mysql-export-2026-02-02_akaunting,currencies,name,VARCHAR(255),string
drawSQL-mysql-export-2026-02-02_akaunting,currencies,code,VARCHAR(255),string
drawSQL-mysql-export-2026-02-02_akaunting,currencies,rate,DOUBLE,num
drawSQL-mysql-export-2026-02-02_akaunting,currencies,precision,VARCHAR(255),string
drawSQL-mysql-export-2026-02-02_akaunting,currencies,symbol,VARCHAR(255),string
drawSQL-mysql-export-2026-02-02_akaunting,currencies,symbol_first,INT,num
drawSQL-mysql-export-2026-02-02_akaunting,currencies,decimal_mark,VARCHAR(255),string
drawSQL-mysql-export-2026-02-02_akaunting,currencies,thousands_separator,VARCHAR(255),string
drawSQL-mysql-export-2026-02-02_akaunting,currencies,enabled,TINYINT,num
drawSQL-mysql-export-2026-02-02_akaunting,currencies,created_at,TIMESTAMP,date
drawSQL-mysql-export-2026-02-02_akaunting,currencies,updated_at,TIMESTAMP,date
drawSQL-mysql-export-2026-02-02_akaunting,currencies,deleted_at,TIMESTAMP,date
drawSQL-mysql-export-2026-02-02_akaunting,dashboards,id,INT,num
drawSQL-mysql-export-2026-02-02_akaunting,dashboards,company_id,INT,num
drawSQL-mysql-export-2026-02-02_akaunting,dashboards,name,VARCHAR(255),string
drawSQL-mysql-export-2026-02-02_akaunting,dashboards,enabled,TINYINT,num
drawSQL-mysql-export-2026-02-02_akaunting,dashboards,created_at,TIMESTAMP,date
drawSQL-mysql-export-2026-02-02_akaunting,dashboards,updated_at,TIMESTAMP,date
drawSQL-mysql-export-2026-02-02_akaunting,dashboards,deleted_at,TIMESTAMP,date
drawSQL-mysql-export-2026-02-02_akaunting,email_templates,id,INT,num
drawSQL-mysql-export-2026-02-02_akaunting,email_templates,company_id,INT,num
drawSQL-mysql-export-2026-02-02_akaunting,email_templates,alias,VARCHAR(255),string
drawSQL-mysql-export-2026-02-02_akaunting,email_templates,class,VARCHAR(255),string
drawSQL-mysql-export-2026-02-02_akaunting,email_templates,name,VARCHAR(255),string
drawSQL-mysql-export-2026-02-02_akaunting,email_templates,subject,VARCHAR(255),string
drawSQL-mysql-export-2026-02-02_akaunting,email_templates,body,TEXT,string
drawSQL-mysql-export-2026-02-02_akaunting,email_templates,params,TEXT,string
drawSQL-mysql-export-2026-02-02_akaunting,email_templates,created_at,TIMESTAMP,date
drawSQL-mysql-export-2026-02-02_akaunting,email_templates,updated_at,TIMESTAMP,date
drawSQL-mysql-export-2026-02-02_akaunting,email_templates,deleted_at,TIMESTAMP,date
drawSQL-mysql-export-2026-02-02_akaunting,failed_jobs,id,BIGINT,num
drawSQL-mysql-export-2026-02-02_akaunting,failed_jobs,connection,TEXT,string
drawSQL-mysql-export-2026-02-02_akaunting,failed_jobs,queue,TEXT,string
drawSQL-mysql-export-2026-02-02_akaunting,failed_jobs,payload,LONGTEXT,string
drawSQL-mysql-export-2026-02-02_akaunting,failed_jobs,exception,LONGTEXT,string
drawSQL-mysql-export-2026-02-02_akaunting,failed_jobs,failed_at,TIMESTAMP,date
drawSQL-mysql-export-2026-02-02_akaunting,firewall_ips,id,INT,num
drawSQL-mysql-export-2026-02-02_akaunting,firewall_ips,ip,VARCHAR(255),string
drawSQL-mysql-export-2026-02-02_akaunting,firewall_ips,log_id,INT,num
drawSQL-mysql-export-2026-02-02_akaunting,firewall_ips,blocked,TINYINT,num
drawSQL-mysql-export-2026-02-02_akaunting,firewall_ips,created_at,TIMESTAMP,date
drawSQL-mysql-export-2026-02-02_akaunting,firewall_ips,updated_at,TIMESTAMP,date
drawSQL-mysql-export-2026-02-02_akaunting,firewall_ips,deleted_at,TIMESTAMP,date
drawSQL-mysql-export-2026-02-02_akaunting,firewall_logs,id,INT,num
drawSQL-mysql-export-2026-02-02_akaunting,firewall_logs,ip,VARCHAR(255),string
drawSQL-mysql-export-2026-02-02_akaunting,firewall_logs,level,VARCHAR(255),string
drawSQL-mysql-export-2026-02-02_akaunting,firewall_logs,middleware,VARCHAR(255),string
drawSQL-mysql-export-2026-02-02_akaunting,firewall_logs,user_id,INT,num
drawSQL-mysql-export-2026-02-02_akaunting,firewall_logs,url,VARCHAR(255),string
drawSQL-mysql-export-2026-02-02_akaunting,firewall_logs,referrer,VARCHAR(255),string
drawSQL-mysql-export-2026-02-02_akaunting,firewall_logs,request,TEXT,string
drawSQL-mysql-export-2026-02-02_akaunting,firewall_logs,created_at,TIMESTAMP,date
drawSQL-mysql-export-2026-02-02_akaunting,firewall_logs,updated_at,TIMESTAMP,date
drawSQL-mysql-export-2026-02-02_akaunting,firewall_logs,deleted_at,TIMESTAMP,date
drawSQL-mysql-export-2026-02-02_akaunting,invoice_histories,id,INT,num
drawSQL-mysql-export-2026-02-02_akaunting,invoice_histories,company_id,INT,num
drawSQL-mysql-export-2026-02-02_akaunting,invoice_histories,invoice_id,INT,num
drawSQL-mysql-export-2026-02-02_akaunting,invoice_histories,status,VARCHAR(255),string
drawSQL-mysql-export-2026-02-02_akaunting,invoice_histories,notify,TINYINT,num
drawSQL-mysql-export-2026-02-02_akaunting,invoice_histories,description,TEXT,string
drawSQL-mysql-export-2026-02-02_akaunting,invoice_histories,created_at,TIMESTAMP,date
drawSQL-mysql-export-2026-02-02_akaunting,invoice_histories,updated_at,TIMESTAMP,date
drawSQL-mysql-export-2026-02-02_akaunting,invoice_histories,deleted_at,TIMESTAMP,date
drawSQL-mysql-export-2026-02-02_akaunting,invoice_item_taxes,id,INT,num
drawSQL-mysql-export-2026-02-02_akaunting,invoice_item_taxes,company_id,INT,num
drawSQL-mysql-export-2026-02-02_akaunting,invoice_item_taxes,invoice_id,INT,num
drawSQL-mysql-export-2026-02-02_akaunting,invoice_item_taxes,invoice_item_id,INT,num
drawSQL-mysql-export-2026-02-02_akaunting,invoice_item_taxes,tax_id,INT,num
drawSQL-mysql-export-2026-02-02_akaunting,invoice_item_taxes,name,VARCHAR(255),string
drawSQL-mysql-export-2026-02-02_akaunting,invoice_item_taxes,amount,DOUBLE,num
drawSQL-mysql-export-2026-02-02_akaunting,invoice_item_taxes,created_at,TIMESTAMP,date
drawSQL-mysql-export-2026-02-02_akaunting,invoice_item_taxes,updated_at,TIMESTAMP,date
drawSQL-mysql-export-2026-02-02_akaunting,invoice_item_taxes,deleted_at,TIMESTAMP,date
drawSQL-mysql-export-2026-02-02_akaunting,invoice_items,id,INT,num
drawSQL-mysql-export-2026-02-02_akaunting,invoice_items,company_id,INT,num
drawSQL-mysql-export-2026-02-02_akaunting,invoice_items,invoice_id,INT,num
drawSQL-mysql-export-2026-02-02_akaunting,invoice_items,item_id,INT,num
drawSQL-mysql-export-2026-02-02_akaunting,invoice_items,name,VARCHAR(255),string
drawSQL-mysql-export-2026-02-02_akaunting,invoice_items,sku,VARCHAR(255),string
drawSQL-mysql-export-2026-02-02_akaunting,invoice_items,quantity,DOUBLE,num
drawSQL-mysql-export-2026-02-02_akaunting,invoice_items,price,DOUBLE,num
drawSQL-mysql-export-2026-02-02_akaunting,invoice_items,total,DOUBLE,num
drawSQL-mysql-export-2026-02-02_akaunting,invoice_items,tax,DOUBLE,num
drawSQL-mysql-export-2026-02-02_akaunting,invoice_items,discount_rate,DOUBLE,num
drawSQL-mysql-export-2026-02-02_akaunting,invoice_items,discount_type,VARCHAR(255),string
drawSQL-mysql-export-2026-02-02_akaunting,invoice_items,created_at,TIMESTAMP,date
drawSQL-mysql-export-2026-02-02_akaunting,invoice_items,updated_at,TIMESTAMP,date
drawSQL-mysql-export-2026-02-02_akaunting,invoice_items,deleted_at,TIMESTAMP,date
drawSQL-mysql-export-2026-02-02_akaunting,invoice_totals,id,INT,num
drawSQL-mysql-export-2026-02-02_akaunting,invoice_totals,company_id,INT,num
drawSQL-mysql-export-2026-02-02_akaunting,invoice_totals,invoice_id,INT,num
drawSQL-mysql-export-2026-02-02_akaunting,invoice_totals,code,VARCHAR(255),string
drawSQL-mysql-export-2026-02-02_akaunting,invoice_totals,name,VARCHAR(255),string
drawSQL-mysql-export-2026-02-02_akaunting,invoice_totals,amount,DOUBLE,num
drawSQL-mysql-export-2026-02-02_akaunting,invoice_totals,sort_order,INT,num
drawSQL-mysql-export-2026-02-02_akaunting,invoice_totals,created_at,TIMESTAMP,date
drawSQL-mysql-export-2026-02-02_akaunting,invoice_totals,updated_at,TIMESTAMP,date
drawSQL-mysql-export-2026-02-02_akaunting,invoice_totals,deleted_at,TIMESTAMP,date
drawSQL-mysql-export-2026-02-02_akaunting,invoices,id,INT,num
drawSQL-mysql-export-2026-02-02_akaunting,invoices,company_id,INT,num
drawSQL-mysql-export-2026-02-02_akaunting,invoices,invoice_number,VARCHAR(255),string
drawSQL-mysql-export-2026-02-02_akaunting,invoices,order_number,VARCHAR(255),string
drawSQL-mysql-export-2026-02-02_akaunting,invoices,status,VARCHAR(255),string
drawSQL-mysql-export-2026-02-02_akaunting,invoices,invoiced_at,DATETIME,date
drawSQL-mysql-export-2026-02-02_akaunting,invoices,due_at,DATETIME,date
drawSQL-mysql-export-2026-02-02_akaunting,invoices,amount,DOUBLE,num
drawSQL-mysql-export-2026-02-02_akaunting,invoices,currency_code,VARCHAR(255),string
drawSQL-mysql-export-2026-02-02_akaunting,invoices,currency_rate,DOUBLE,num
drawSQL-mysql-export-2026-02-02_akaunting,invoices,category_id,INT,num
drawSQL-mysql-export-2026-02-02_akaunting,invoices,contact_id,INT,num
drawSQL-mysql-export-2026-02-02_akaunting,invoices,contact_name,VARCHAR(255),string
drawSQL-mysql-export-2026-02-02_akaunting,invoices,contact_email,VARCHAR(255),string
drawSQL-mysql-export-2026-02-02_akaunting,invoices,contact_tax_number,VARCHAR(255),string
drawSQL-mysql-export-2026-02-02_akaunting,invoices,contact_phone,VARCHAR(255),string
drawSQL-mysql-export-2026-02-02_akaunting,invoices,contact_address,TEXT,string
drawSQL-mysql-export-2026-02-02_akaunting,invoices,notes,TEXT,string
drawSQL-mysql-export-2026-02-02_akaunting,invoices,footer,TEXT,string
drawSQL-mysql-export-2026-02-02_akaunting,invoices,parent_id,INT,num
drawSQL-mysql-export-2026-02-02_akaunting,invoices,created_at,TIMESTAMP,date
drawSQL-mysql-export-2026-02-02_akaunting,invoices,updated_at,TIMESTAMP,date
drawSQL-mysql-export-2026-02-02_akaunting,invoices,deleted_at,TIMESTAMP,date
drawSQL-mysql-export-2026-02-02_akaunting,items,id,INT,num
drawSQL-mysql-export-2026-02-02_akaunting,items,company_id,INT,num
drawSQL-mysql-export-2026-02-02_akaunting,items,name,VARCHAR(255),string
drawSQL-mysql-export-2026-02-02_akaunting,items,sku,VARCHAR(255),string
drawSQL-mysql-export-2026-02-02_akaunting,items,description,TEXT,string
drawSQL-mysql-export-2026-02-02_akaunting,items,sale_price,DOUBLE,num
drawSQL-mysql-export-2026-02-02_akaunting,items,purchase_price,DOUBLE,num
drawSQL-mysql-export-2026-02-02_akaunting,items,quantity,INT,num
drawSQL-mysql-export-2026-02-02_akaunting,items,category_id,INT,num
drawSQL-mysql-export-2026-02-02_akaunting,items,tax_id,INT,num
drawSQL-mysql-export-2026-02-02_akaunting,items,enabled,TINYINT,num
drawSQL-mysql-export-2026-02-02_akaunting,items,created_at,TIMESTAMP,date
drawSQL-mysql-export-2026-02-02_akaunting,items,updated_at,TIMESTAMP,date
drawSQL-mysql-export-2026-02-02_akaunting,items,deleted_at,TIMESTAMP,date
drawSQL-mysql-export-2026-02-02_akaunting,jobs,id,BIGINT,num
drawSQL-mysql-export-2026-02-02_akaunting,jobs,queue,VARCHAR(255),string
drawSQL-mysql-export-2026-02-02_akaunting,jobs,payload,LONGTEXT,string
drawSQL-mysql-export-2026-02-02_akaunting,jobs,attempts,TINYINT,num
drawSQL-mysql-export-2026-02-02_akaunting,jobs,reserved_at,INT,num
drawSQL-mysql-export-2026-02-02_akaunting,jobs,available_at,INT,num
drawSQL-mysql-export-2026-02-02_akaunting,jobs,created_at,INT,num
drawSQL-mysql-export-2026-02-02_akaunting,media,id,INT,num
drawSQL-mysql-export-2026-02-02_akaunting,media,disk,VARCHAR(255),string
drawSQL-mysql-export-2026-02-02_akaunting,media,directory,VARCHAR(255),string
drawSQL-mysql-export-2026-02-02_akaunting,media,filename,VARCHAR(255),string
drawSQL-mysql-export-2026-02-02_akaunting,media,extension,VARCHAR(255),string
drawSQL-mysql-export-2026-02-02_akaunting,media,mime_type,VARCHAR(255),string
drawSQL-mysql-export-2026-02-02_akaunting,media,aggregate_type,VARCHAR(255),string
drawSQL-mysql-export-2026-02-02_akaunting,media,size,INT,num
drawSQL-mysql-export-2026-02-02_akaunting,media,created_at,TIMESTAMP,date
drawSQL-mysql-export-2026-02-02_akaunting,media,updated_at,TIMESTAMP,date
drawSQL-mysql-export-2026-02-02_akaunting,media,deleted_at,TIMESTAMP,date
drawSQL-mysql-export-2026-02-02_akaunting,mediables,media_id,INT,num
drawSQL-mysql-export-2026-02-02_akaunting,mediables,mediable_type,VARCHAR(255),string
drawSQL-mysql-export-2026-02-02_akaunting,mediables,mediable_id,INT,num
drawSQL-mysql-export-2026-02-02_akaunting,mediables,tag,VARCHAR(255),string
drawSQL-mysql-export-2026-02-02_akaunting,mediables,order,INT,num
drawSQL-mysql-export-2026-02-02_akaunting,module_histories,id,INT,num
drawSQL-mysql-export-2026-02-02_akaunting,module_histories,company_id,INT,num
drawSQL-mysql-export-2026-02-02_akaunting,module_histories,module_id,INT,num
drawSQL-mysql-export-2026-02-02_akaunting,module_histories,category,VARCHAR(255),string
drawSQL-mysql-export-2026-02-02_akaunting,module_histories,version,VARCHAR(255),string
drawSQL-mysql-export-2026-02-02_akaunting,module_histories,description,TEXT,string
drawSQL-mysql-export-2026-02-02_akaunting,module_histories,created_at,TIMESTAMP,date
drawSQL-mysql-export-2026-02-02_akaunting,module_histories,updated_at,TIMESTAMP,date
drawSQL-mysql-export-2026-02-02_akaunting,module_histories,deleted_at,TIMESTAMP,date
drawSQL-mysql-export-2026-02-02_akaunting,modules,id,INT,num
drawSQL-mysql-export-2026-02-02_akaunting,modules,company_id,INT,num
drawSQL-mysql-export-2026-02-02_akaunting,modules,alias,VARCHAR(255),string
drawSQL-mysql-export-2026-02-02_akaunting,modules,enabled,INT,num
drawSQL-mysql-export-2026-02-02_akaunting,modules,created_at,TIMESTAMP,date
drawSQL-mysql-export-2026-02-02_akaunting,modules,updated_at,TIMESTAMP,date
drawSQL-mysql-export-2026-02-02_akaunting,modules,deleted_at,TIMESTAMP,date
drawSQL-mysql-export-2026-02-02_akaunting,notifications,id,CHAR(255),string
drawSQL-mysql-export-2026-02-02_akaunting,notifications,type,VARCHAR(255),string
drawSQL-mysql-export-2026-02-02_akaunting,notifications,notifiable_type,VARCHAR(255),string
drawSQL-mysql-export-2026-02-02_akaunting,notifications,notifiable_id,BIGINT,num
drawSQL-mysql-export-2026-02-02_akaunting,notifications,data,TEXT,string
drawSQL-mysql-export-2026-02-02_akaunting,notifications,read_at,TIMESTAMP,date
drawSQL-mysql-export-2026-02-02_akaunting,notifications,created_at,TIMESTAMP,date
drawSQL-mysql-export-2026-02-02_akaunting,notifications,updated_at,TIMESTAMP,date
drawSQL-mysql-export-2026-02-02_akaunting,password_resets,email,VARCHAR(255),string
drawSQL-mysql-export-2026-02-02_akaunting,password_resets,token,VARCHAR(255),string
drawSQL-mysql-export-2026-02-02_akaunting,password_resets,created_at,TIMESTAMP,date
drawSQL-mysql-export-2026-02-02_akaunting,permissions,id,INT,num
drawSQL-mysql-export-2026-02-02_akaunting,permissions,name,VARCHAR(255),string
drawSQL-mysql-export-2026-02-02_akaunting,permissions,display_name,VARCHAR(255),string
drawSQL-mysql-export-2026-02-02_akaunting,permissions,description,VARCHAR(255),string
drawSQL-mysql-export-2026-02-02_akaunting,permissions,created_at,TIMESTAMP,date
drawSQL-mysql-export-2026-02-02_akaunting,permissions,updated_at,TIMESTAMP,date
drawSQL-mysql-export-2026-02-02_akaunting,reconciliations,id,INT,num
drawSQL-mysql-export-2026-02-02_akaunting,reconciliations,company_id,INT,num
drawSQL-mysql-export-2026-02-02_akaunting,reconciliations,account_id,INT,num
drawSQL-mysql-export-2026-02-02_akaunting,reconciliations,started_at,DATETIME,date
drawSQL-mysql-export-2026-02-02_akaunting,reconciliations,ended_at,DATETIME,date
drawSQL-mysql-export-2026-02-02_akaunting,reconciliations,closing_balance,DOUBLE,num
drawSQL-mysql-export-2026-02-02_akaunting,reconciliations,reconciled,TINYINT,num
drawSQL-mysql-export-2026-02-02_akaunting,reconciliations,created_at,TIMESTAMP,date
drawSQL-mysql-export-2026-02-02_akaunting,reconciliations,updated_at,TIMESTAMP,date
drawSQL-mysql-export-2026-02-02_akaunting,reconciliations,deleted_at,TIMESTAMP,date
drawSQL-mysql-export-2026-02-02_akaunting,recurring,id,INT,num
drawSQL-mysql-export-2026-02-02_akaunting,recurring,company_id,INT,num
drawSQL-mysql-export-2026-02-02_akaunting,recurring,recurable_type,VARCHAR(255),string
drawSQL-mysql-export-2026-02-02_akaunting,recurring,recurable_id,BIGINT,num
drawSQL-mysql-export-2026-02-02_akaunting,recurring,frequency,VARCHAR(255),string
drawSQL-mysql-export-2026-02-02_akaunting,recurring,interval,INT,num
drawSQL-mysql-export-2026-02-02_akaunting,recurring,started_at,DATETIME,date
drawSQL-mysql-export-2026-02-02_akaunting,recurring,count,INT,num
drawSQL-mysql-export-2026-02-02_akaunting,recurring,created_at,TIMESTAMP,date
drawSQL-mysql-export-2026-02-02_akaunting,recurring,updated_at,TIMESTAMP,date
drawSQL-mysql-export-2026-02-02_akaunting,recurring,deleted_at,TIMESTAMP,date
drawSQL-mysql-export-2026-02-02_akaunting,reports,id,INT,num
drawSQL-mysql-export-2026-02-02_akaunting,reports,company_id,INT,num
drawSQL-mysql-export-2026-02-02_akaunting,reports,class,VARCHAR(255),string
drawSQL-mysql-export-2026-02-02_akaunting,reports,name,VARCHAR(255),string
drawSQL-mysql-export-2026-02-02_akaunting,reports,description,TEXT,string
drawSQL-mysql-export-2026-02-02_akaunting,reports,settings,TEXT,string
drawSQL-mysql-export-2026-02-02_akaunting,reports,created_at,TIMESTAMP,date
drawSQL-mysql-export-2026-02-02_akaunting,reports,updated_at,TIMESTAMP,date
drawSQL-mysql-export-2026-02-02_akaunting,reports,deleted_at,TIMESTAMP,date
drawSQL-mysql-export-2026-02-02_akaunting,role_permissions,role_id,INT,num
drawSQL-mysql-export-2026-02-02_akaunting,role_permissions,permission_id,INT,num
drawSQL-mysql-export-2026-02-02_akaunting,roles,id,INT,num
drawSQL-mysql-export-2026-02-02_akaunting,roles,name,VARCHAR(255),string
drawSQL-mysql-export-2026-02-02_akaunting,roles,display_name,VARCHAR(255),string
drawSQL-mysql-export-2026-02-02_akaunting,roles,description,VARCHAR(255),string
drawSQL-mysql-export-2026-02-02_akaunting,roles,created_at,TIMESTAMP,date
drawSQL-mysql-export-2026-02-02_akaunting,roles,updated_at,TIMESTAMP,date
drawSQL-mysql-export-2026-02-02_akaunting,sessions,id,VARCHAR(255),string
drawSQL-mysql-export-2026-02-02_akaunting,sessions,user_id,INT,num
drawSQL-mysql-export-2026-02-02_akaunting,sessions,ip_address,VARCHAR(255),string
drawSQL-mysql-export-2026-02-02_akaunting,sessions,user_agent,TEXT,string
drawSQL-mysql-export-2026-02-02_akaunting,sessions,payload,TEXT,string
drawSQL-mysql-export-2026-02-02_akaunting,sessions,last_activity,INT,num
drawSQL-mysql-export-2026-02-02_akaunting,settings,id,INT,num
drawSQL-mysql-export-2026-02-02_akaunting,settings,company_id,INT,num
drawSQL-mysql-export-2026-02-02_akaunting,settings,key,VARCHAR(255),string
drawSQL-mysql-export-2026-02-02_akaunting,settings,value,TEXT,string
drawSQL-mysql-export-2026-02-02_akaunting,taxes,id,INT,num
drawSQL-mysql-export-2026-02-02_akaunting,taxes,company_id,INT,num
drawSQL-mysql-export-2026-02-02_akaunting,taxes,name,VARCHAR(255),string
drawSQL-mysql-export-2026-02-02_akaunting,taxes,rate,DOUBLE,num
drawSQL-mysql-export-2026-02-02_akaunting,taxes,type,VARCHAR(255),string
drawSQL-mysql-export-2026-02-02_akaunting,taxes,enabled,TINYINT,num
drawSQL-mysql-export-2026-02-02_akaunting,taxes,created_at,TIMESTAMP,date
drawSQL-mysql-export-2026-02-02_akaunting,taxes,updated_at,TIMESTAMP,date
drawSQL-mysql-export-2026-02-02_akaunting,taxes,deleted_at,TIMESTAMP,date
drawSQL-mysql-export-2026-02-02_akaunting,transactions,id,INT,num
drawSQL-mysql-export-2026-02-02_akaunting,transactions,company_id,INT,num
drawSQL-mysql-export-2026-02-02_akaunting,transactions,type,VARCHAR(255),string
drawSQL-mysql-export-2026-02-02_akaunting,transactions,paid_at,DATETIME,date
drawSQL-mysql-export-2026-02-02_akaunting,transactions,amount,DOUBLE,num
drawSQL-mysql-export-2026-02-02_akaunting,transactions,currency_code,VARCHAR(255),string
drawSQL-mysql-export-2026-02-02_akaunting,transactions,currency_rate,DOUBLE,num
drawSQL-mysql-export-2026-02-02_akaunting,transactions,account_id,INT,num
drawSQL-mysql-export-2026-02-02_akaunting,transactions,document_id,INT,num
drawSQL-mysql-export-2026-02-02_akaunting,transactions,contact_id,INT,num
drawSQL-mysql-export-2026-02-02_akaunting,transactions,category_id,INT,num
drawSQL-mysql-export-2026-02-02_akaunting,transactions,description,TEXT,string
drawSQL-mysql-export-2026-02-02_akaunting,transactions,payment_method,VARCHAR(255),string
drawSQL-mysql-export-2026-02-02_akaunting,transactions,reference,VARCHAR(255),string
drawSQL-mysql-export-2026-02-02_akaunting,transactions,parent_id,INT,num
drawSQL-mysql-export-2026-02-02_akaunting,transactions,reconciled,TINYINT,num
drawSQL-mysql-export-2026-02-02_akaunting,transactions,created_at,TIMESTAMP,date
drawSQL-mysql-export-2026-02-02_akaunting,transactions,updated_at,TIMESTAMP,date
drawSQL-mysql-export-2026-02-02_akaunting,transactions,deleted_at,TIMESTAMP,date
drawSQL-mysql-export-2026-02-02_akaunting,transfers,id,INT,num
drawSQL-mysql-export-2026-02-02_akaunting,transfers,company_id,INT,num
drawSQL-mysql-export-2026-02-02_akaunting,transfers,expense_transaction_id,INT,num
drawSQL-mysql-export-2026-02-02_akaunting,transfers,income_transaction_id,INT,num
drawSQL-mysql-export-2026-02-02_akaunting,transfers,created_at,TIMESTAMP,date
drawSQL-mysql-export-2026-02-02_akaunting,transfers,updated_at,TIMESTAMP,date
drawSQL-mysql-export-2026-02-02_akaunting,transfers,deleted_at,TIMESTAMP,date
drawSQL-mysql-export-2026-02-02_akaunting,user_companies,user_id,INT,num
drawSQL-mysql-export-2026-02-02_akaunting,user_companies,company_id,INT,num
drawSQL-mysql-export-2026-02-02_akaunting,user_companies,user_type,VARCHAR(255),string
drawSQL-mysql-export-2026-02-02_akaunting,user_dashboards,user_id,INT,num
drawSQL-mysql-export-2026-02-02_akaunting,user_dashboards,dashboard_id,INT,num
drawSQL-mysql-export-2026-02-02_akaunting,user_dashboards,user_type,VARCHAR(255),string
drawSQL-mysql-export-2026-02-02_akaunting,user_permissions,user_id,INT,num
drawSQL-mysql-export-2026-02-02_akaunting,user_permissions,permission_id,INT,num
drawSQL-mysql-export-2026-02-02_akaunting,user_permissions,user_type,VARCHAR(255),string
drawSQL-mysql-export-2026-02-02_akaunting,user_roles,user_id,INT,num
drawSQL-mysql-export-2026-02-02_akaunting,user_roles,role_id,INT,num
drawSQL-mysql-export-2026-02-02_akaunting,user_roles,user_type,VARCHAR(255),string
drawSQL-mysql-export-2026-02-02_akaunting,users,id,INT,num
drawSQL-mysql-export-2026-02-02_akaunting,users,name,VARCHAR(255),string
drawSQL-mysql-export-2026-02-02_akaunting,users,email,VARCHAR(255),string
drawSQL-mysql-export-2026-02-02_akaunting,users,password,VARCHAR(255),string
drawSQL-mysql-export-2026-02-02_akaunting,users,remember_token,VARCHAR(255),string
drawSQL-mysql-export-2026-02-02_akaunting,users,last_logged_in_at,TIMESTAMP,date
drawSQL-mysql-export-2026-02-02_akaunting,users,locale,VARCHAR(255),string
drawSQL-mysql-export-2026-02-02_akaunting,users,landing_page,VARCHAR(255),string
drawSQL-mysql-export-2026-02-02_akaunting,users,enabled,TINYINT,num
drawSQL-mysql-export-2026-02-02_akaunting,users,created_at,TIMESTAMP,date
drawSQL-mysql-export-2026-02-02_akaunting,users,updated_at,TIMESTAMP,date
drawSQL-mysql-export-2026-02-02_akaunting,users,deleted_at,TIMESTAMP,date
drawSQL-mysql-export-2026-02-02_akaunting,widgets,id,INT,num
drawSQL-mysql-export-2026-02-02_akaunting,widgets,company_id,INT,num
drawSQL-mysql-export-2026-02-02_akaunting,widgets,dashboard_id,INT,num
drawSQL-mysql-export-2026-02-02_akaunting,widgets,class,VARCHAR(255),string
drawSQL-mysql-export-2026-02-02_akaunting,widgets,name,VARCHAR(255),string
drawSQL-mysql-export-2026-02-02_akaunting,widgets,sort,INT,num
drawSQL-mysql-export-2026-02-02_akaunting,widgets,settings,TEXT,string
drawSQL-mysql-export-2026-02-02_akaunting,widgets,created_at,TIMESTAMP,date
drawSQL-mysql-export-2026-02-02_akaunting,widgets,updated_at,TIMESTAMP,date
drawSQL-mysql-export-2026-02-02_akaunting,widgets,deleted_at,TIMESTAMP,date
drawSQL-mysql-export-2026-02-02_authority,authority_permission,id,INT,num
drawSQL-mysql-export-2026-02-02_authority,authority_permission,codename,VARCHAR(255),string
drawSQL-mysql-export-2026-02-02_authority,authority_permission,object_id,INT,num
drawSQL-mysql-export-2026-02-02_authority,authority_permission,approved,BOOLEAN,boolean
drawSQL-mysql-export-2026-02-02_authority,authority_permission,date_requested,DATETIME,date
drawSQL-mysql-export-2026-02-02_authority,authority_permission,date_approved,DATETIME,date
drawSQL-mysql-export-2026-02-02_authority,authority_permission,content_type_id,INT,num
drawSQL-mysql-export-2026-02-02_authority,authority_permission,creator_id,INT,num
drawSQL-mysql-export-2026-02-02_authority,authority_permission,group_id,INT,num
drawSQL-mysql-export-2026-02-02_authority,authority_permission,user_id,INT,num
drawSQL-mysql-export-2026-02-02_authority,auth_user,id,INT,num
drawSQL-mysql-export-2026-02-02_authority,auth_user,password,VARCHAR(255),string
drawSQL-mysql-export-2026-02-02_authority,auth_user,last_login,DATETIME,date
drawSQL-mysql-export-2026-02-02_authority,auth_user,is_superuser,TINYINT,num
drawSQL-mysql-export-2026-02-02_authority,auth_user,username,VARCHAR(255),string
drawSQL-mysql-export-2026-02-02_authority,auth_user,first_name,VARCHAR(255),string
drawSQL-mysql-export-2026-02-02_authority,auth_user,last_name,VARCHAR(255),string
drawSQL-mysql-export-2026-02-02_authority,auth_user,email,VARCHAR(255),string
drawSQL-mysql-export-2026-02-02_authority,auth_user,is_staff,TINYINT,num
drawSQL-mysql-export-2026-02-02_authority,auth_user,is_active,TINYINT,num
drawSQL-mysql-export-2026-02-02_authority,auth_user,date_joined,DATETIME,date
drawSQL-mysql-export-2026-02-02_authority,auth_group,id,INT,num
drawSQL-mysql-export-2026-02-02_authority,auth_group,name,VARCHAR(255),string
drawSQL-mysql-export-2026-02-02_authority,django_content_type,id,INT,num
drawSQL-mysql-export-2026-02-02_authority,django_content_type,app_label,VARCHAR(255),string
drawSQL-mysql-export-2026-02-02_authority,django_content_type,model,VARCHAR(255),string
drawSQL-mysql-export-2026-02-02_bookstack,activities,id,INT,num
drawSQL-mysql-export-2026-02-02_bookstack,activities,key,VARCHAR(255),string
drawSQL-mysql-export-2026-02-02_bookstack,activities,extra,TEXT,string
drawSQL-mysql-export-2026-02-02_bookstack,activities,book_id,INT,num
drawSQL-mysql-export-2026-02-02_bookstack,activities,user_id,INT,num
drawSQL-mysql-export-2026-02-02_bookstack,activities,entity_id,INT,num
drawSQL-mysql-export-2026-02-02_bookstack,activities,entity_type,VARCHAR(255),string
drawSQL-mysql-export-2026-02-02_bookstack,activities,created_at,TIMESTAMP,date
drawSQL-mysql-export-2026-02-02_bookstack,activities,updated_at,TIMESTAMP,date
drawSQL-mysql-export-2026-02-02_bookstack,api_tokens,id,INT,num
drawSQL-mysql-export-2026-02-02_bookstack,api_tokens,name,VARCHAR(255),string
drawSQL-mysql-export-2026-02-02_bookstack,api_tokens,token_id,VARCHAR(255),string
drawSQL-mysql-export-2026-02-02_bookstack,api_tokens,secret,VARCHAR(255),string
drawSQL-mysql-export-2026-02-02_bookstack,api_tokens,user_id,INT,num
drawSQL-mysql-export-2026-02-02_bookstack,api_tokens,expires_at,DATE,date
drawSQL-mysql-export-2026-02-02_bookstack,api_tokens,created_at,TIMESTAMP,date
drawSQL-mysql-export-2026-02-02_bookstack,api_tokens,updated_at,TIMESTAMP,date
drawSQL-mysql-export-2026-02-02_bookstack,attachments,id,INT,num
drawSQL-mysql-export-2026-02-02_bookstack,attachments,name,VARCHAR(255),string
drawSQL-mysql-export-2026-02-02_bookstack,attachments,path,VARCHAR(255),string
drawSQL-mysql-export-2026-02-02_bookstack,attachments,extension,VARCHAR(255),string
drawSQL-mysql-export-2026-02-02_bookstack,attachments,uploaded_to,INT,num
drawSQL-mysql-export-2026-02-02_bookstack,attachments,external,TINYINT,num
drawSQL-mysql-export-2026-02-02_bookstack,attachments,order,INT,num
drawSQL-mysql-export-2026-02-02_bookstack,attachments,created_by,INT,num
drawSQL-mysql-export-2026-02-02_bookstack,attachments,updated_by,INT,num
drawSQL-mysql-export-2026-02-02_bookstack,attachments,created_at,TIMESTAMP,date
drawSQL-mysql-export-2026-02-02_bookstack,attachments,updated_at,TIMESTAMP,date
drawSQL-mysql-export-2026-02-02_bookstack,books,id,INT,num
drawSQL-mysql-export-2026-02-02_bookstack,books,name,VARCHAR(255),string
drawSQL-mysql-export-2026-02-02_bookstack,books,slug,VARCHAR(255),string
drawSQL-mysql-export-2026-02-02_bookstack,books,description,TEXT,string
drawSQL-mysql-export-2026-02-02_bookstack,books,created_at,TIMESTAMP,date
drawSQL-mysql-export-2026-02-02_bookstack,books,updated_at,TIMESTAMP,date
drawSQL-mysql-export-2026-02-02_bookstack,books,created_by,INT,num
drawSQL-mysql-export-2026-02-02_bookstack,books,updated_by,INT,num
drawSQL-mysql-export-2026-02-02_bookstack,books,restricted,TINYINT,num
drawSQL-mysql-export-2026-02-02_bookstack,books,image_id,INT,num
drawSQL-mysql-export-2026-02-02_bookstack,bookshelves,id,INT,num
drawSQL-mysql-export-2026-02-02_bookstack,bookshelves,name,VARCHAR(255),string
drawSQL-mysql-export-2026-02-02_bookstack,bookshelves,slug,VARCHAR(255),string
drawSQL-mysql-export-2026-02-02_bookstack,bookshelves,description,TEXT,string
drawSQL-mysql-export-2026-02-02_bookstack,bookshelves,created_by,INT,num
drawSQL-mysql-export-2026-02-02_bookstack,bookshelves,updated_by,INT,num
drawSQL-mysql-export-2026-02-02_bookstack,bookshelves,restricted,TINYINT,num
drawSQL-mysql-export-2026-02-02_bookstack,bookshelves,image_id,INT,num
drawSQL-mysql-export-2026-02-02_bookstack,bookshelves,created_at,TIMESTAMP,date
drawSQL-mysql-export-2026-02-02_bookstack,bookshelves,updated_at,TIMESTAMP,date
drawSQL-mysql-export-2026-02-02_bookstack,bookshelves_books,bookshelf_id,INT,num
drawSQL-mysql-export-2026-02-02_bookstack,bookshelves_books,book_id,INT,num
drawSQL-mysql-export-2026-02-02_bookstack,bookshelves_books,order,INT,num
drawSQL-mysql-export-2026-02-02_bookstack,cache,key,VARCHAR(255),string
drawSQL-mysql-export-2026-02-02_bookstack,cache,value,TEXT,string
drawSQL-mysql-export-2026-02-02_bookstack,cache,expiration,INT,num
drawSQL-mysql-export-2026-02-02_bookstack,chapters,id,INT,num
drawSQL-mysql-export-2026-02-02_bookstack,chapters,book_id,INT,num
drawSQL-mysql-export-2026-02-02_bookstack,chapters,slug,VARCHAR(255),string
drawSQL-mysql-export-2026-02-02_bookstack,chapters,name,TEXT,string
drawSQL-mysql-export-2026-02-02_bookstack,chapters,description,TEXT,string
drawSQL-mysql-export-2026-02-02_bookstack,chapters,priority,INT,num
drawSQL-mysql-export-2026-02-02_bookstack,chapters,created_at,TIMESTAMP,date
drawSQL-mysql-export-2026-02-02_bookstack,chapters,updated_at,TIMESTAMP,date
drawSQL-mysql-export-2026-02-02_bookstack,chapters,created_by,INT,num
drawSQL-mysql-export-2026-02-02_bookstack,chapters,updated_by,INT,num
drawSQL-mysql-export-2026-02-02_bookstack,chapters,restricted,TINYINT,num
drawSQL-mysql-export-2026-02-02_bookstack,comments,id,INT,num
drawSQL-mysql-export-2026-02-02_bookstack,comments,entity_id,INT,num
drawSQL-mysql-export-2026-02-02_bookstack,comments,entity_type,VARCHAR(255),string
drawSQL-mysql-export-2026-02-02_bookstack,comments,text,LONGTEXT,string
drawSQL-mysql-export-2026-02-02_bookstack,comments,html,LONGTEXT,string
drawSQL-mysql-export-2026-02-02_bookstack,comments,parent_id,INT,num
drawSQL-mysql-export-2026-02-02_bookstack,comments,local_id,INT,num
drawSQL-mysql-export-2026-02-02_bookstack,comments,created_by,INT,num
drawSQL-mysql-export-2026-02-02_bookstack,comments,updated_by,INT,num
drawSQL-mysql-export-2026-02-02_bookstack,comments,created_at,TIMESTAMP,date
drawSQL-mysql-export-2026-02-02_bookstack,comments,updated_at,TIMESTAMP,date
drawSQL-mysql-export-2026-02-02_bookstack,email_confirmations,id,INT,num
drawSQL-mysql-export-2026-02-02_bookstack,email_confirmations,user_id,INT,num
drawSQL-mysql-export-2026-02-02_bookstack,email_confirmations,token,VARCHAR(255),string
drawSQL-mysql-export-2026-02-02_bookstack,email_confirmations,created_at,TIMESTAMP,date
drawSQL-mysql-export-2026-02-02_bookstack,email_confirmations,updated_at,TIMESTAMP,date
drawSQL-mysql-export-2026-02-02_bookstack,entity_permissions,id,INT,num
drawSQL-mysql-export-2026-02-02_bookstack,entity_permissions,restrictable_id,INT,num
drawSQL-mysql-export-2026-02-02_bookstack,entity_permissions,restrictable_type,VARCHAR(255),string
drawSQL-mysql-export-2026-02-02_bookstack,entity_permissions,role_id,INT,num
drawSQL-mysql-export-2026-02-02_bookstack,entity_permissions,action,VARCHAR(255),string
drawSQL-mysql-export-2026-02-02_bookstack,images,id,INT,num
drawSQL-mysql-export-2026-02-02_bookstack,images,name,VARCHAR(255),string
drawSQL-mysql-export-2026-02-02_bookstack,images,url,VARCHAR(255),string
drawSQL-mysql-export-2026-02-02_bookstack,images,created_at,TIMESTAMP,date
drawSQL-mysql-export-2026-02-02_bookstack,images,updated_at,TIMESTAMP,date
drawSQL-mysql-export-2026-02-02_bookstack,images,created_by,INT,num
drawSQL-mysql-export-2026-02-02_bookstack,images,updated_by,INT,num
drawSQL-mysql-export-2026-02-02_bookstack,images,path,VARCHAR(255),string
drawSQL-mysql-export-2026-02-02_bookstack,images,type,VARCHAR(255),string
drawSQL-mysql-export-2026-02-02_bookstack,images,uploaded_to,INT,num
drawSQL-mysql-export-2026-02-02_bookstack,joint_permissions,id,INT,num
drawSQL-mysql-export-2026-02-02_bookstack,joint_permissions,role_id,INT,num
drawSQL-mysql-export-2026-02-02_bookstack,joint_permissions,entity_type,VARCHAR(255),string
drawSQL-mysql-export-2026-02-02_bookstack,joint_permissions,entity_id,INT,num
drawSQL-mysql-export-2026-02-02_bookstack,joint_permissions,action,VARCHAR(255),string
drawSQL-mysql-export-2026-02-02_bookstack,joint_permissions,has_permission,TINYINT,num
drawSQL-mysql-export-2026-02-02_bookstack,joint_permissions,has_permission_own,TINYINT,num
drawSQL-mysql-export-2026-02-02_bookstack,joint_permissions,created_by,INT,num
drawSQL-mysql-export-2026-02-02_bookstack,migrations,id,INT,num
drawSQL-mysql-export-2026-02-02_bookstack,migrations,migration,VARCHAR(255),string
drawSQL-mysql-export-2026-02-02_bookstack,migrations,batch,INT,num
drawSQL-mysql-export-2026-02-02_bookstack,page_revisions,id,INT,num
drawSQL-mysql-export-2026-02-02_bookstack,page_revisions,page_id,INT,num
drawSQL-mysql-export-2026-02-02_bookstack,page_revisions,name,VARCHAR(255),string
drawSQL-mysql-export-2026-02-02_bookstack,page_revisions,html,LONGTEXT,string
drawSQL-mysql-export-2026-02-02_bookstack,page_revisions,text,LONGTEXT,string
drawSQL-mysql-export-2026-02-02_bookstack,page_revisions,created_by,INT,num
drawSQL-mysql-export-2026-02-02_bookstack,page_revisions,created_at,TIMESTAMP,date
drawSQL-mysql-export-2026-02-02_bookstack,page_revisions,updated_at,TIMESTAMP,date
drawSQL-mysql-export-2026-02-02_bookstack,page_revisions,slug,VARCHAR(255),string
drawSQL-mysql-export-2026-02-02_bookstack,page_revisions,book_slug,VARCHAR(255),string
drawSQL-mysql-export-2026-02-02_bookstack,page_revisions,type,VARCHAR(255),string
drawSQL-mysql-export-2026-02-02_bookstack,page_revisions,markdown,LONGTEXT,string
drawSQL-mysql-export-2026-02-02_bookstack,page_revisions,summary,VARCHAR(255),string
drawSQL-mysql-export-2026-02-02_bookstack,page_revisions,revision_number,INT,num
drawSQL-mysql-export-2026-02-02_bookstack,pages,id,INT,num
drawSQL-mysql-export-2026-02-02_bookstack,pages,book_id,INT,num
drawSQL-mysql-export-2026-02-02_bookstack,pages,chapter_id,INT,num
drawSQL-mysql-export-2026-02-02_bookstack,pages,name,VARCHAR(255),string
drawSQL-mysql-export-2026-02-02_bookstack,pages,slug,VARCHAR(255),string
drawSQL-mysql-export-2026-02-02_bookstack,pages,html,LONGTEXT,string
drawSQL-mysql-export-2026-02-02_bookstack,pages,text,LONGTEXT,string
drawSQL-mysql-export-2026-02-02_bookstack,pages,priority,INT,num
drawSQL-mysql-export-2026-02-02_bookstack,pages,created_at,TIMESTAMP,date
drawSQL-mysql-export-2026-02-02_bookstack,pages,updated_at,TIMESTAMP,date
drawSQL-mysql-export-2026-02-02_bookstack,pages,created_by,INT,num
drawSQL-mysql-export-2026-02-02_bookstack,pages,updated_by,INT,num
drawSQL-mysql-export-2026-02-02_bookstack,pages,restricted,TINYINT,num
drawSQL-mysql-export-2026-02-02_bookstack,pages,draft,TINYINT,num
drawSQL-mysql-export-2026-02-02_bookstack,pages,markdown,LONGTEXT,string
drawSQL-mysql-export-2026-02-02_bookstack,pages,revision_count,INT,num
drawSQL-mysql-export-2026-02-02_bookstack,pages,template,TINYINT,num
drawSQL-mysql-export-2026-02-02_bookstack,password_resets,email,VARCHAR(255),string
drawSQL-mysql-export-2026-02-02_bookstack,password_resets,token,VARCHAR(255),string
drawSQL-mysql-export-2026-02-02_bookstack,password_resets,created_at,TIMESTAMP,date
drawSQL-mysql-export-2026-02-02_bookstack,permission_role,permission_id,INT,num
drawSQL-mysql-export-2026-02-02_bookstack,permission_role,role_id,INT,num
drawSQL-mysql-export-2026-02-02_bookstack,role_permissions,id,INT,num
drawSQL-mysql-export-2026-02-02_bookstack,role_permissions,name,VARCHAR(255),string
drawSQL-mysql-export-2026-02-02_bookstack,role_permissions,display_name,VARCHAR(255),string
drawSQL-mysql-export-2026-02-02_bookstack,role_permissions,description,VARCHAR(255),string
drawSQL-mysql-export-2026-02-02_bookstack,role_permissions,created_at,TIMESTAMP,date
drawSQL-mysql-export-2026-02-02_bookstack,role_permissions,updated_at,TIMESTAMP,date
drawSQL-mysql-export-2026-02-02_bookstack,role_user,user_id,INT,num
drawSQL-mysql-export-2026-02-02_bookstack,role_user,role_id,INT,num
drawSQL-mysql-export-2026-02-02_bookstack,roles,id,INT,num
drawSQL-mysql-export-2026-02-02_bookstack,roles,name,VARCHAR(255),string
drawSQL-mysql-export-2026-02-02_bookstack,roles,display_name,VARCHAR(255),string
drawSQL-mysql-export-2026-02-02_bookstack,roles,description,VARCHAR(255),string
drawSQL-mysql-export-2026-02-02_bookstack,roles,created_at,TIMESTAMP,date
drawSQL-mysql-export-2026-02-02_bookstack,roles,updated_at,TIMESTAMP,date
drawSQL-mysql-export-2026-02-02_bookstack,roles,system_name,VARCHAR(255),string
drawSQL-mysql-export-2026-02-02_bookstack,roles,external_auth_id,VARCHAR(255),string
drawSQL-mysql-export-2026-02-02_bookstack,search_terms,id,INT,num
drawSQL-mysql-export-2026-02-02_bookstack,search_terms,term,VARCHAR(255),string
drawSQL-mysql-export-2026-02-02_bookstack,search_terms,entity_type,VARCHAR(255),string
drawSQL-mysql-export-2026-02-02_bookstack,search_terms,entity_id,INT,num
drawSQL-mysql-export-2026-02-02_bookstack,search_terms,score,INT,num
drawSQL-mysql-export-2026-02-02_bookstack,sessions,id,VARCHAR(255),string
drawSQL-mysql-export-2026-02-02_bookstack,sessions,user_id,INT,num
drawSQL-mysql-export-2026-02-02_bookstack,sessions,ip_address,VARCHAR(255),string
drawSQL-mysql-export-2026-02-02_bookstack,sessions,user_agent,TEXT,string
drawSQL-mysql-export-2026-02-02_bookstack,sessions,payload,TEXT,string
drawSQL-mysql-export-2026-02-02_bookstack,sessions,last_activity,INT,num
drawSQL-mysql-export-2026-02-02_bookstack,settings,setting_key,VARCHAR(255),string
drawSQL-mysql-export-2026-02-02_bookstack,settings,value,TEXT,string
drawSQL-mysql-export-2026-02-02_bookstack,settings,created_at,TIMESTAMP,date
drawSQL-mysql-export-2026-02-02_bookstack,settings,updated_at,TIMESTAMP,date
drawSQL-mysql-export-2026-02-02_bookstack,social_accounts,id,INT,num
drawSQL-mysql-export-2026-02-02_bookstack,social_accounts,user_id,INT,num
drawSQL-mysql-export-2026-02-02_bookstack,social_accounts,driver,VARCHAR(255),string
drawSQL-mysql-export-2026-02-02_bookstack,social_accounts,driver_id,VARCHAR(255),string
drawSQL-mysql-export-2026-02-02_bookstack,social_accounts,avatar,VARCHAR(255),string
drawSQL-mysql-export-2026-02-02_bookstack,social_accounts,created_at,TIMESTAMP,date
drawSQL-mysql-export-2026-02-02_bookstack,social_accounts,updated_at,TIMESTAMP,date
drawSQL-mysql-export-2026-02-02_bookstack,tags,id,INT,num
drawSQL-mysql-export-2026-02-02_bookstack,tags,entity_id,INT,num
drawSQL-mysql-export-2026-02-02_bookstack,tags,entity_type,VARCHAR(255),string
drawSQL-mysql-export-2026-02-02_bookstack,tags,name,VARCHAR(255),string
drawSQL-mysql-export-2026-02-02_bookstack,tags,value,VARCHAR(255),string
drawSQL-mysql-export-2026-02-02_bookstack,tags,order,INT,num
drawSQL-mysql-export-2026-02-02_bookstack,tags,created_at,TIMESTAMP,date
drawSQL-mysql-export-2026-02-02_bookstack,tags,updated_at,TIMESTAMP,date
drawSQL-mysql-export-2026-02-02_bookstack,user_invites,id,INT,num
drawSQL-mysql-export-2026-02-02_bookstack,user_invites,user_id,INT,num
drawSQL-mysql-export-2026-02-02_bookstack,user_invites,token,VARCHAR(255),string
drawSQL-mysql-export-2026-02-02_bookstack,user_invites,created_at,TIMESTAMP,date
drawSQL-mysql-export-2026-02-02_bookstack,user_invites,updated_at,TIMESTAMP,date
drawSQL-mysql-export-2026-02-02_bookstack,users,id,INT,num
drawSQL-mysql-export-2026-02-02_bookstack,users,name,VARCHAR(255),string
drawSQL-mysql-export-2026-02-02_bookstack,users,email,VARCHAR(255),string
drawSQL-mysql-export-2026-02-02_bookstack,users,password,VARCHAR(255),string
drawSQL-mysql-export-2026-02-02_bookstack,users,remember_token,VARCHAR(255),string
drawSQL-mysql-export-2026-02-02_bookstack,users,created_at,TIMESTAMP,date
drawSQL-mysql-export-2026-02-02_bookstack,users,updated_at,TIMESTAMP,date
drawSQL-mysql-export-2026-02-02_bookstack,users,email_confirmed,TINYINT,num
drawSQL-mysql-export-2026-02-02_bookstack,users,image_id,INT,num
drawSQL-mysql-export-2026-02-02_bookstack,users,external_auth_id,VARCHAR(255),string
drawSQL-mysql-export-2026-02-02_bookstack,users,system_name,VARCHAR(255),string
drawSQL-mysql-export-2026-02-02_bookstack,views,id,INT,num
drawSQL-mysql-export-2026-02-02_bookstack,views,user_id,INT,num
drawSQL-mysql-export-2026-02-02_bookstack,views,viewable_id,INT,num
drawSQL-mysql-export-2026-02-02_bookstack,views,viewable_type,VARCHAR(255),string
drawSQL-mysql-export-2026-02-02_bookstack,views,views,INT,num
drawSQL-mysql-export-2026-02-02_bookstack,views,created_at,TIMESTAMP,date
drawSQL-mysql-export-2026-02-02_bookstack,views,updated_at,TIMESTAMP,date
drawSQL-mysql-export-2026-02-02_cabot,alert_acknowledgement,id,INT,num
drawSQL-mysql-export-2026-02-02_cabot,alert_acknowledgement,time,DATETIME,date
drawSQL-mysql-export-2026-02-02_cabot,alert_acknowledgement,cancelled_time,DATETIME,date
drawSQL-mysql-export-2026-02-02_cabot,alert_acknowledgement,cancelled_user_id,INT,num
drawSQL-mysql-export-2026-02-02_cabot,alert_acknowledgement,service_id,INT,num
drawSQL-mysql-export-2026-02-02_cabot,alert_acknowledgement,user_id,INT,num
drawSQL-mysql-export-2026-02-02_cabot,alert_plugin,id,INT,num
drawSQL-mysql-export-2026-02-02_cabot,alert_plugin,title,VARCHAR(255),string
drawSQL-mysql-export-2026-02-02_cabot,alert_plugin,enabled,BOOLEAN,boolean
drawSQL-mysql-export-2026-02-02_cabot,alert_plugin,polumorphic_ctype,INT,num
drawSQL-mysql-export-2026-02-02_cabot,alert_plugin_user_data,id,INT,num
drawSQL-mysql-export-2026-02-02_cabot,alert_plugin_user_data,title,VARCHAR(255),string
drawSQL-mysql-export-2026-02-02_cabot,alert_plugin_user_data,polymorphic_ctype,INT,num
drawSQL-mysql-export-2026-02-02_cabot,alert_plugin_user_data,user_id,INT,num
drawSQL-mysql-export-2026-02-02_cabot,instance,id,INT,num
drawSQL-mysql-export-2026-02-02_cabot,instance,name,TEXT,string
drawSQL-mysql-export-2026-02-02_cabot,instance,alerts_enabled,BOOLEAN,boolean
drawSQL-mysql-export-2026-02-02_cabot,instance,last_alert_sent,DATETIME,date
drawSQL-mysql-export-2026-02-02_cabot,instance,email_alert,BOOLEAN,boolean
drawSQL-mysql-export-2026-02-02_cabot,instance,hipchat_alert,BOOLEAN,boolean
drawSQL-mysql-export-2026-02-02_cabot,instance,sms_alert,BOOLEAN,boolean
drawSQL-mysql-export-2026-02-02_cabot,instance,telephone_alert,BOOLEAN,boolean
drawSQL-mysql-export-2026-02-02_cabot,instance,overall_status,TEXT,string
drawSQL-mysql-export-2026-02-02_cabot,instance,old_overall_status,TEXT,string
drawSQL-mysql-export-2026-02-02_cabot,instance,hackpad_id,TEXT,string
drawSQL-mysql-export-2026-02-02_cabot,instance,runbook_link,TEXT,string
drawSQL-mysql-export-2026-02-02_cabot,instance,address,TEXT,string
drawSQL-mysql-export-2026-02-02_cabot,instance,alerts,INT,num
drawSQL-mysql-export-2026-02-02_cabot,alert_plugin_instance,id,INT,num
drawSQL-mysql-export-2026-02-02_cabot,alert_plugin_instance,alert_plugin_id,INT,num
drawSQL-mysql-export-2026-02-02_cabot,alert_plugin_instance,instance_id,INT,num
drawSQL-mysql-export-2026-02-02_cabot,instance_status_snapshot,id,INT,num
drawSQL-mysql-export-2026-02-02_cabot,instance_status_snapshot,time,DATETIME,date
drawSQL-mysql-export-2026-02-02_cabot,instance_status_snapshot,num_checks_active,INT,num
drawSQL-mysql-export-2026-02-02_cabot,instance_status_snapshot,num_checks_passing,INT,num
drawSQL-mysql-export-2026-02-02_cabot,instance_status_snapshot,num_checks_failing,INT,num
drawSQL-mysql-export-2026-02-02_cabot,instance_status_snapshot,overall_status,TEXT,string
drawSQL-mysql-export-2026-02-02_cabot,instance_status_snapshot,did_send_alert,INT,num
drawSQL-mysql-export-2026-02-02_cabot,instance_status_snapshot,instance_id,INT,num
drawSQL-mysql-export-2026-02-02_cabot,service,id,INT,num
drawSQL-mysql-export-2026-02-02_cabot,service,name,TEXT,string
drawSQL-mysql-export-2026-02-02_cabot,service,alerts_enabled,BOOLEAN,boolean
drawSQL-mysql-export-2026-02-02_cabot,service,last_alert_sent,DATETIME,date
drawSQL-mysql-export-2026-02-02_cabot,service,email_alert,BOOLEAN,boolean
drawSQL-mysql-export-2026-02-02_cabot,service,hipchat_alert,BOOLEAN,boolean
drawSQL-mysql-export-2026-02-02_cabot,service,sms_alert,BOOLEAN,boolean
drawSQL-mysql-export-2026-02-02_cabot,service,telephone_alert,BOOLEAN,boolean
drawSQL-mysql-export-2026-02-02_cabot,service,overall_status,TEXT,string
drawSQL-mysql-export-2026-02-02_cabot,service,old_overall_status,TEXT,string
drawSQL-mysql-export-2026-02-02_cabot,service,hackpad_id,TEXT,string
drawSQL-mysql-export-2026-02-02_cabot,service,runbook_link,TEXT,string
drawSQL-mysql-export-2026-02-02_cabot,service,url,TEXT,string
drawSQL-mysql-export-2026-02-02_cabot,service,alerts,INT,num
drawSQL-mysql-export-2026-02-02_cabot,service,instances,INT,num
drawSQL-mysql-export-2026-02-02_cabot,service,is_public,BOOLEAN,boolean
drawSQL-mysql-export-2026-02-02_cabot,alert_plugin_service,id,INT,num
drawSQL-mysql-export-2026-02-02_cabot,alert_plugin_service,alert_plugin_id,INT,num
drawSQL-mysql-export-2026-02-02_cabot,alert_plugin_service,service_id,INT,num
drawSQL-mysql-export-2026-02-02_cabot,instance_service,id,INT,num
drawSQL-mysql-export-2026-02-02_cabot,instance_service,instance_id,INT,num
drawSQL-mysql-export-2026-02-02_cabot,instance_service,service_id,INT,num
drawSQL-mysql-export-2026-02-02_cabot,service_status_snapshot,id,INT,num
drawSQL-mysql-export-2026-02-02_cabot,service_status_snapshot,time,DATETIME,date
drawSQL-mysql-export-2026-02-02_cabot,service_status_snapshot,num_checks_active,INT,num
drawSQL-mysql-export-2026-02-02_cabot,service_status_snapshot,num_checks_passing,INT,num
drawSQL-mysql-export-2026-02-02_cabot,service_status_snapshot,num_checks_failing,INT,num
drawSQL-mysql-export-2026-02-02_cabot,service_status_snapshot,overall_status,TEXT,string
drawSQL-mysql-export-2026-02-02_cabot,service_status_snapshot,did_send_alert,INT,num
drawSQL-mysql-export-2026-02-02_cabot,service_status_snapshot,service_id,INT,num
drawSQL-mysql-export-2026-02-02_cabot,shift,id,INT,num
drawSQL-mysql-export-2026-02-02_cabot,shift,start,DATETIME,date
drawSQL-mysql-export-2026-02-02_cabot,shift,end,DATETIME,date
drawSQL-mysql-export-2026-02-02_cabot,shift,uid,TEXT,string
drawSQL-mysql-export-2026-02-02_cabot,shift,last_modified,DATETIME,date
drawSQL-mysql-export-2026-02-02_cabot,shift,deleted,BOOLEAN,boolean
drawSQL-mysql-export-2026-02-02_cabot,shift,user_id,INT,num
drawSQL-mysql-export-2026-02-02_cabot,user,id,INT,num
drawSQL-mysql-export-2026-02-02_cabot,user,username,TEXT,string
drawSQL-mysql-export-2026-02-02_cabot,user,first_name,TEXT,string
drawSQL-mysql-export-2026-02-02_cabot,user,last_name,TEXT,string
drawSQL-mysql-export-2026-02-02_cabot,user,email,TEXT,string
drawSQL-mysql-export-2026-02-02_cabot,user,password,TEXT,string
drawSQL-mysql-export-2026-02-02_cabot,user,is_staff,BOOLEAN,boolean
drawSQL-mysql-export-2026-02-02_cabot,user,is_active,BOOLEAN,boolean
drawSQL-mysql-export-2026-02-02_cabot,user,is_superuser,BOOLEAN,boolean
drawSQL-mysql-export-2026-02-02_cabot,user,last_login,DATETIME,date
drawSQL-mysql-export-2026-02-02_cabot,user,date_joined,DATETIME,date
drawSQL-mysql-export-2026-02-02_cabot,status_check,id,INT,num
drawSQL-mysql-export-2026-02-02_cabot,status_check,name,TEXT,string
drawSQL-mysql-export-2026-02-02_cabot,status_check,active,BOOLEAN,boolean
drawSQL-mysql-export-2026-02-02_cabot,status_check,importance,VARCHAR(255),string
drawSQL-mysql-export-2026-02-02_cabot,status_check,frequency,INT,num
drawSQL-mysql-export-2026-02-02_cabot,status_check,debounce,INT,num
drawSQL-mysql-export-2026-02-02_cabot,status_check,calculated_status,VARCHAR(255),string
drawSQL-mysql-export-2026-02-02_cabot,status_check,last_run,DATETIME,date
drawSQL-mysql-export-2026-02-02_cabot,status_check,cached_health,TEXT,string
drawSQL-mysql-export-2026-02-02_cabot,status_check,metric,TEXT,string
drawSQL-mysql-export-2026-02-02_cabot,status_check,check_type,VARCHAR(255),string
drawSQL-mysql-export-2026-02-02_cabot,status_check,value,TEXT,string
drawSQL-mysql-export-2026-02-02_cabot,status_check,expected_num_hosts,INT,num
drawSQL-mysql-export-2026-02-02_cabot,status_check,allowed_num_failures,INT,num
drawSQL-mysql-export-2026-02-02_cabot,status_check,endpoint,TEXT,string
drawSQL-mysql-export-2026-02-02_cabot,status_check,username,TEXT,string
drawSQL-mysql-export-2026-02-02_cabot,status_check,password,TEXT,string
drawSQL-mysql-export-2026-02-02_cabot,status_check,text_match,TEXT,string
drawSQL-mysql-export-2026-02-02_cabot,status_check,status_code,TEXT,string
drawSQL-mysql-export-2026-02-02_cabot,status_check,timeout,INT,num
drawSQL-mysql-export-2026-02-02_cabot,status_check,verify_ssl_certificate,BOOLEAN,boolean
drawSQL-mysql-export-2026-02-02_cabot,status_check,max_queued_build_time,INT,num
drawSQL-mysql-export-2026-02-02_cabot,status_check,created_by,INT,num
drawSQL-mysql-export-2026-02-02_cabot,status_check_result,id,INT,num
drawSQL-mysql-export-2026-02-02_cabot,status_check_result,time,DATETIME,date
drawSQL-mysql-export-2026-02-02_cabot,status_check_result,time_complete,DATETIME,date
drawSQL-mysql-export-2026-02-02_cabot,status_check_result,raw_data,TEXT,string
drawSQL-mysql-export-2026-02-02_cabot,status_check_result,succeeded,BOOLEAN,boolean
drawSQL-mysql-export-2026-02-02_cabot,status_check_result,error,TEXT,string
drawSQL-mysql-export-2026-02-02_cabot,status_check_result,job_number,INT,num
drawSQL-mysql-export-2026-02-02_cabot,status_check_result,status_check_id,INT,num
drawSQL-mysql-export-2026-02-02_cabot,status_check_result,consecutive_failures,INT,num
drawSQL-mysql-export-2026-02-02_cabot,user_profile,id,INT,num
drawSQL-mysql-export-2026-02-02_cabot,user_profile,mobile_number,VARCHAR(255),string
drawSQL-mysql-export-2026-02-02_cabot,user_profile,hipchat_alias,VARCHAR(255),string
drawSQL-mysql-export-2026-02-02_cabot,user_profile,fallback_alert_user,BOOLEAN,boolean
drawSQL-mysql-export-2026-02-02_cabot,user_profile,user_id,INT,num
drawSQL-mysql-export-2026-02-02_cabot,service_status_check,id,INT,num
drawSQL-mysql-export-2026-02-02_cabot,service_status_check,service_id,INT,num
drawSQL-mysql-export-2026-02-02_cabot,service_status_check,status_check_id,INT,num
drawSQL-mysql-export-2026-02-02_cabot,service_user,id,INT,num
drawSQL-mysql-export-2026-02-02_cabot,service_user,service_id,INT,num
drawSQL-mysql-export-2026-02-02_cabot,service_user,user_id,INT,num
drawSQL-mysql-export-2026-02-02_cabot,instance_status_check,id,INT,num
drawSQL-mysql-export-2026-02-02_cabot,instance_status_check,status_check_id,INT,num
drawSQL-mysql-export-2026-02-02_cabot,instance_status_check,instance_id,INT,num
drawSQL-mysql-export-2026-02-02_cabot,instance_users,id,INT,num
drawSQL-mysql-export-2026-02-02_cabot,instance_users,user_id,INT,num
drawSQL-mysql-export-2026-02-02_cabot,instance_users,instance_id,INT,num
drawSQL-mysql-export-2026-02-02_cabot,jenkins_status_check,statuscheck_ptr_id,INT,num
drawSQL-mysql-export-2026-02-02_cabot,jenkins_status_check,jenkins_config_id,INT,num
drawSQL-mysql-export-2026-02-02_cabot,jenkins_config,id,INT,num
drawSQL-mysql-export-2026-02-02_cabot,jenkins_config,name,VARCHAR(255),string
drawSQL-mysql-export-2026-02-02_cabot,jenkins_config,jenkins_api,VARCHAR(255),string
drawSQL-mysql-export-2026-02-02_cabot,jenkins_config,jenkins_user,VARCHAR(255),string
drawSQL-mysql-export-2026-02-02_cabot,jenkins_config,jenkins_pass,VARCHAR(255),string
drawSQL-mysql-export-2026-02-02_django,auth_group,id,INT,num
drawSQL-mysql-export-2026-02-02_django,auth_group,name,VARCHAR(255),string
drawSQL-mysql-export-2026-02-02_django,auth_group_permissions,id,INT,num
drawSQL-mysql-export-2026-02-02_django,auth_group_permissions,group_id,INT,num
drawSQL-mysql-export-2026-02-02_django,auth_group_permissions,permission_id,INT,num
drawSQL-mysql-export-2026-02-02_django,auth_permission,id,INT,num
drawSQL-mysql-export-2026-02-02_django,auth_permission,name,VARCHAR(255),string
drawSQL-mysql-export-2026-02-02_django,auth_permission,content_type_id,INT,num
drawSQL-mysql-export-2026-02-02_django,auth_permission,codename,VARCHAR(255),string
drawSQL-mysql-export-2026-02-02_django,auth_user,id,INT,num
drawSQL-mysql-export-2026-02-02_django,auth_user,password,VARCHAR(255),string
drawSQL-mysql-export-2026-02-02_django,auth_user,last_login,DATETIME,date
drawSQL-mysql-export-2026-02-02_django,auth_user,is_superuser,TINYINT,num
drawSQL-mysql-export-2026-02-02_django,auth_user,username,VARCHAR(255),string
drawSQL-mysql-export-2026-02-02_django,auth_user,first_name,VARCHAR(255),string
drawSQL-mysql-export-2026-02-02_django,auth_user,last_name,VARCHAR(255),string
drawSQL-mysql-export-2026-02-02_django,auth_user,email,VARCHAR(255),string
drawSQL-mysql-export-2026-02-02_django,auth_user,is_staff,TINYINT,num
drawSQL-mysql-export-2026-02-02_django,auth_user,is_active,TINYINT,num
drawSQL-mysql-export-2026-02-02_django,auth_user,date_joined,DATETIME,date
drawSQL-mysql-export-2026-02-02_django,auth_user_groups,id,INT,num
drawSQL-mysql-export-2026-02-02_django,auth_user_groups,user_id,INT,num
drawSQL-mysql-export-2026-02-02_django,auth_user_groups,group_id,INT,num
drawSQL-mysql-export-2026-02-02_django,auth_user_user_permissions,id,INT,num
drawSQL-mysql-export-2026-02-02_django,auth_user_user_permissions,user_id,INT,num
drawSQL-mysql-export-2026-02-02_django,auth_user_user_permissions,permission_id,INT,num
drawSQL-mysql-export-2026-02-02_django,django_admin_log,id,INT,num
drawSQL-mysql-export-2026-02-02_django,django_admin_log,action_time,DATETIME,date
drawSQL-mysql-export-2026-02-02_django,django_admin_log,object_id,LONGTEXT,string
drawSQL-mysql-export-2026-02-02_django,django_admin_log,object_repr,VARCHAR(255),string
drawSQL-mysql-export-2026-02-02_django,django_admin_log,action_flag,SMALLINT,num
drawSQL-mysql-export-2026-02-02_django,django_admin_log,change_message,LONGTEXT,string
drawSQL-mysql-export-2026-02-02_django,django_admin_log,user_id,INT,num
drawSQL-mysql-export-2026-02-02_django,django_admin_log,content_type_id,INT,num
drawSQL-mysql-export-2026-02-02_django,django_content_type,id,INT,num
drawSQL-mysql-export-2026-02-02_django,django_content_type,app_label,VARCHAR(255),string
drawSQL-mysql-export-2026-02-02_django,django_content_type,model,VARCHAR(255),string
drawSQL-mysql-export-2026-02-02_django,django_migrations,id,INT,num
drawSQL-mysql-export-2026-02-02_django,django_migrations,app,VARCHAR(255),string
drawSQL-mysql-export-2026-02-02_django,django_migrations,name,VARCHAR(255),string
drawSQL-mysql-export-2026-02-02_django,django_migrations,applied,DATETIME,date
drawSQL-mysql-export-2026-02-02_django,django_session,session_key,VARCHAR(255),string
drawSQL-mysql-export-2026-02-02_django,django_session,session_data,LONGTEXT,string
drawSQL-mysql-export-2026-02-02_django,django_session,expire_date,DATETIME,date
drawSQL-mysql-export-2026-02-02_flarum,access_tokens,token,VARCHAR(255),string
drawSQL-mysql-export-2026-02-02_flarum,access_tokens,user_id,INT,num
drawSQL-mysql-export-2026-02-02_flarum,access_tokens,last_activity_at,DATETIME,date
drawSQL-mysql-export-2026-02-02_flarum,access_tokens,lifetime_seconds,INT,num
drawSQL-mysql-export-2026-02-02_flarum,access_tokens,created_at,DATETIME,date
drawSQL-mysql-export-2026-02-02_flarum,api_keys,key,VARCHAR(255),string
drawSQL-mysql-export-2026-02-02_flarum,api_keys,id,INT,num
drawSQL-mysql-export-2026-02-02_flarum,api_keys,allowed_ips,VARCHAR(255),string
drawSQL-mysql-export-2026-02-02_flarum,api_keys,scopes,VARCHAR(255),string
drawSQL-mysql-export-2026-02-02_flarum,api_keys,user_id,INT,num
drawSQL-mysql-export-2026-02-02_flarum,api_keys,created_at,DATETIME,date
drawSQL-mysql-export-2026-02-02_flarum,api_keys,last_activity_at,DATETIME,date
drawSQL-mysql-export-2026-02-02_flarum,discussion_tag,tag_id,INT,num
drawSQL-mysql-export-2026-02-02_flarum,discussion_tag,discussion_id,INT,num
drawSQL-mysql-export-2026-02-02_flarum,discussion_user,user_id,INT,num
drawSQL-mysql-export-2026-02-02_flarum,discussion_user,discussion_id,INT,num
drawSQL-mysql-export-2026-02-02_flarum,discussion_user,last_read_at,DATETIME,date
drawSQL-mysql-export-2026-02-02_flarum,discussion_user,last_read_post_number,INT,num
drawSQL-mysql-export-2026-02-02_flarum,discussions,id,INT,num
drawSQL-mysql-export-2026-02-02_flarum,discussions,title,VARCHAR(255),string
drawSQL-mysql-export-2026-02-02_flarum,discussions,comment_count,INT,num
drawSQL-mysql-export-2026-02-02_flarum,discussions,participant_count,INT,num
drawSQL-mysql-export-2026-02-02_flarum,discussions,post_number_index,INT,num
drawSQL-mysql-export-2026-02-02_flarum,discussions,created_at,DATETIME,date
drawSQL-mysql-export-2026-02-02_flarum,discussions,user_id,INT,num
drawSQL-mysql-export-2026-02-02_flarum,discussions,first_post_id,INT,num
drawSQL-mysql-export-2026-02-02_flarum,discussions,last_posted_at,DATETIME,date
drawSQL-mysql-export-2026-02-02_flarum,discussions,last_posted_user_id,INT,num
drawSQL-mysql-export-2026-02-02_flarum,discussions,last_post_id,INT,num
drawSQL-mysql-export-2026-02-02_flarum,discussions,last_post_number,INT,num
drawSQL-mysql-export-2026-02-02_flarum,discussions,hidden_at,DATETIME,date
drawSQL-mysql-export-2026-02-02_flarum,discussions,hidden_user_id,INT,num
drawSQL-mysql-export-2026-02-02_flarum,discussions,slug,VARCHAR(255),string
drawSQL-mysql-export-2026-02-02_flarum,discussions,is_private,TINYINT,num
drawSQL-mysql-export-2026-02-02_flarum,discussions,is_approved,TINYINT,num
drawSQL-mysql-export-2026-02-02_flarum,discussions,is_locked,TINYINT,num
drawSQL-mysql-export-2026-02-02_flarum,discussions,is_sticky,TINYINT,num
drawSQL-mysql-export-2026-02-02_flarum,email_tokens,token,VARCHAR(255),string
drawSQL-mysql-export-2026-02-02_flarum,email_tokens,email,VARCHAR(255),string
drawSQL-mysql-export-2026-02-02_flarum,email_tokens,user_id,INT,num
drawSQL-mysql-export-2026-02-02_flarum,email_tokens,created_at,DATETIME,date
drawSQL-mysql-export-2026-02-02_flarum,flags,id,INT,num
drawSQL-mysql-export-2026-02-02_flarum,flags,post_id,INT,num
drawSQL-mysql-export-2026-02-02_flarum,flags,type,VARCHAR(255),string
drawSQL-mysql-export-2026-02-02_flarum,flags,user_id,INT,num
drawSQL-mysql-export-2026-02-02_flarum,flags,reason,VARCHAR(255),string
drawSQL-mysql-export-2026-02-02_flarum,flags,reason_detail,TEXT,string
drawSQL-mysql-export-2026-02-02_flarum,flags,created_at,DATETIME,date
drawSQL-mysql-export-2026-02-02_flarum,group_permission,group_id,INT,num
drawSQL-mysql-export-2026-02-02_flarum,group_permission,permission,VARCHAR(255),string
drawSQL-mysql-export-2026-02-02_flarum,group_user,user_id,INT,num
drawSQL-mysql-export-2026-02-02_flarum,group_user,group_id,INT,num
drawSQL-mysql-export-2026-02-02_flarum,groups,id,INT,num
drawSQL-mysql-export-2026-02-02_flarum,groups,name_singular,VARCHAR(255),string
drawSQL-mysql-export-2026-02-02_flarum,groups,name_plural,VARCHAR(255),string
drawSQL-mysql-export-2026-02-02_flarum,groups,color,VARCHAR(255),string
drawSQL-mysql-export-2026-02-02_flarum,groups,icon,VARCHAR(255),string
drawSQL-mysql-export-2026-02-02_flarum,login_providers,id,INT,num
drawSQL-mysql-export-2026-02-02_flarum,login_providers,user_id,INT,num
drawSQL-mysql-export-2026-02-02_flarum,login_providers,provider,VARCHAR(255),string
drawSQL-mysql-export-2026-02-02_flarum,login_providers,identifier,VARCHAR(255),string
drawSQL-mysql-export-2026-02-02_flarum,login_providers,created_at,DATETIME,date
drawSQL-mysql-export-2026-02-02_flarum,login_providers,last_login_at,DATETIME,date
drawSQL-mysql-export-2026-02-02_flarum,migrations,migration,VARCHAR(255),string
drawSQL-mysql-export-2026-02-02_flarum,migrations,extension,VARCHAR(255),string
drawSQL-mysql-export-2026-02-02_flarum,notifications,id,INT,num
drawSQL-mysql-export-2026-02-02_flarum,notifications,user_id,INT,num
drawSQL-mysql-export-2026-02-02_flarum,notifications,from_user_id,INT,num
drawSQL-mysql-export-2026-02-02_flarum,notifications,type,VARCHAR(255),string
drawSQL-mysql-export-2026-02-02_flarum,notifications,subject_id,INT,num
drawSQL-mysql-export-2026-02-02_flarum,notifications,data,BLOB,binary
drawSQL-mysql-export-2026-02-02_flarum,notifications,created_at,DATETIME,date
drawSQL-mysql-export-2026-02-02_flarum,notifications,is_deleted,TINYINT,num
drawSQL-mysql-export-2026-02-02_flarum,notifications,read_at,DATETIME,date
drawSQL-mysql-export-2026-02-02_flarum,password_tokens,token,VARCHAR(255),string
drawSQL-mysql-export-2026-02-02_flarum,password_tokens,user_id,INT,num
drawSQL-mysql-export-2026-02-02_flarum,password_tokens,created_at,DATETIME,date
drawSQL-mysql-export-2026-02-02_flarum,post_likes,post_id,INT,num
drawSQL-mysql-export-2026-02-02_flarum,post_likes,user_id,INT,num
drawSQL-mysql-export-2026-02-02_flarum,post_mentions_post,post_id,INT,num
drawSQL-mysql-export-2026-02-02_flarum,post_mentions_post,mentions_post_id,INT,num
drawSQL-mysql-export-2026-02-02_flarum,post_mentions_user,post_id,INT,num
drawSQL-mysql-export-2026-02-02_flarum,post_mentions_user,mentions_user_id,INT,num
drawSQL-mysql-export-2026-02-02_flarum,post_user,post_id,INT,num
drawSQL-mysql-export-2026-02-02_flarum,post_user,user_id,INT,num
drawSQL-mysql-export-2026-02-02_flarum,posts,id,INT,num
drawSQL-mysql-export-2026-02-02_flarum,posts,discussion_id,INT,num
drawSQL-mysql-export-2026-02-02_flarum,posts,number,INT,num
drawSQL-mysql-export-2026-02-02_flarum,posts,created_at,DATETIME,date
drawSQL-mysql-export-2026-02-02_flarum,posts,user_id,INT,num
drawSQL-mysql-export-2026-02-02_flarum,posts,type,VARCHAR(255),string
drawSQL-mysql-export-2026-02-02_flarum,posts,content,MEDIUMTEXT,string
drawSQL-mysql-export-2026-02-02_flarum,posts,edited_at,DATETIME,date
drawSQL-mysql-export-2026-02-02_flarum,posts,edited_user_id,INT,num
drawSQL-mysql-export-2026-02-02_flarum,posts,hidden_at,DATETIME,date
drawSQL-mysql-export-2026-02-02_flarum,posts,hidden_user_id,INT,num
drawSQL-mysql-export-2026-02-02_flarum,posts,ip_address,VARCHAR(255),string
drawSQL-mysql-export-2026-02-02_flarum,posts,is_private,TINYINT,num
drawSQL-mysql-export-2026-02-02_flarum,posts,is_approved,TINYINT,num
drawSQL-mysql-export-2026-02-02_flarum,registration_tokens,token,VARCHAR(255),string
drawSQL-mysql-export-2026-02-02_flarum,registration_tokens,payload,TEXT,string
drawSQL-mysql-export-2026-02-02_flarum,registration_tokens,created_at,DATETIME,date
drawSQL-mysql-export-2026-02-02_flarum,registration_tokens,provider,VARCHAR(255),string
drawSQL-mysql-export-2026-02-02_flarum,registration_tokens,identifier,VARCHAR(255),string
drawSQL-mysql-export-2026-02-02_flarum,registration_tokens,user_attributes,TEXT,string
drawSQL-mysql-export-2026-02-02_flarum,settings,key,VARCHAR(255),string
drawSQL-mysql-export-2026-02-02_flarum,settings,value,TEXT,string
drawSQL-mysql-export-2026-02-02_flarum,tag_user,tag_id,INT,num
drawSQL-mysql-export-2026-02-02_flarum,tag_user,user_id,INT,num
drawSQL-mysql-export-2026-02-02_flarum,tag_user,marked_as_read_at,DATETIME,date
drawSQL-mysql-export-2026-02-02_flarum,tag_user,is_hidden,TINYINT,num
drawSQL-mysql-export-2026-02-02_flarum,tags,id,INT,num
drawSQL-mysql-export-2026-02-02_flarum,tags,name,VARCHAR(255),string
drawSQL-mysql-export-2026-02-02_flarum,tags,slug,VARCHAR(255),string
drawSQL-mysql-export-2026-02-02_flarum,tags,description,TEXT,string
drawSQL-mysql-export-2026-02-02_flarum,tags,color,VARCHAR(255),string
drawSQL-mysql-export-2026-02-02_flarum,tags,background_path,VARCHAR(255),string
drawSQL-mysql-export-2026-02-02_flarum,tags,background_mode,VARCHAR(255),string
drawSQL-mysql-export-2026-02-02_flarum,tags,position,INT,num
drawSQL-mysql-export-2026-02-02_flarum,tags,parent_id,INT,num
drawSQL-mysql-export-2026-02-02_flarum,tags,default_sort,VARCHAR(255),string
drawSQL-mysql-export-2026-02-02_flarum,tags,is_restricted,TINYINT,num
drawSQL-mysql-export-2026-02-02_flarum,tags,is_hidden,TINYINT,num
drawSQL-mysql-export-2026-02-02_flarum,tags,discussion_count,INT,num
drawSQL-mysql-export-2026-02-02_flarum,tags,last_posted_at,DATETIME,date
drawSQL-mysql-export-2026-02-02_flarum,tags,last_posted_discussion_id,INT,num
drawSQL-mysql-export-2026-02-02_flarum,tags,last_posted_user_id,INT,num
drawSQL-mysql-export-2026-02-02_flarum,tags,icon,VARCHAR(255),string
drawSQL-mysql-export-2026-02-02_flarum,users,id,INT,num
drawSQL-mysql-export-2026-02-02_flarum,users,username,VARCHAR(255),string
drawSQL-mysql-export-2026-02-02_flarum,users,email,VARCHAR(255),string
drawSQL-mysql-export-2026-02-02_flarum,users,is_email_confirmed,TINYINT,num
drawSQL-mysql-export-2026-02-02_flarum,users,password,VARCHAR(255),string
drawSQL-mysql-export-2026-02-02_flarum,users,bio,TEXT,string
drawSQL-mysql-export-2026-02-02_flarum,users,avatar_url,VARCHAR(255),string
drawSQL-mysql-export-2026-02-02_flarum,users,preferences,BLOB,binary
drawSQL-mysql-export-2026-02-02_flarum,users,joined_at,DATETIME,date
drawSQL-mysql-export-2026-02-02_flarum,users,last_seen_at,DATETIME,date
drawSQL-mysql-export-2026-02-02_flarum,users,marked_all_as_read_at,DATETIME,date
drawSQL-mysql-export-2026-02-02_flarum,users,read_notifications_at,DATETIME,date
drawSQL-mysql-export-2026-02-02_flarum,users,discussion_count,INT,num
drawSQL-mysql-export-2026-02-02_flarum,users,comment_count,INT,num
drawSQL-mysql-export-2026-02-02_flarum,users,read_flags_at,DATETIME,date
drawSQL-mysql-export-2026-02-02_flarum,users,suspended_until,DATETIME,date
drawSQL-mysql-export-2026-02-02_healthchecks,accounts_profile,id,INT,num
drawSQL-mysql-export-2026-02-02_healthchecks,accounts_profile,next_report_date,DATETIME,date
drawSQL-mysql-export-2026-02-02_healthchecks,accounts_profile,reports_allowed,TINYINT,num
drawSQL-mysql-export-2026-02-02_healthchecks,accounts_profile,user_id,INT,num
drawSQL-mysql-export-2026-02-02_healthchecks,accounts_profile,ping_log_limit,INT,num
drawSQL-mysql-export-2026-02-02_healthchecks,accounts_profile,token,VARCHAR(255),string
drawSQL-mysql-export-2026-02-02_healthchecks,accounts_profile,check_limit,INT,num
drawSQL-mysql-export-2026-02-02_healthchecks,accounts_profile,last_sms_date,DATETIME,date
drawSQL-mysql-export-2026-02-02_healthchecks,accounts_profile,sms_limit,INT,num
drawSQL-mysql-export-2026-02-02_healthchecks,accounts_profile,sms_sent,INT,num
drawSQL-mysql-export-2026-02-02_healthchecks,accounts_profile,team_limit,INT,num
drawSQL-mysql-export-2026-02-02_healthchecks,accounts_profile,sort,VARCHAR(255),string
drawSQL-mysql-export-2026-02-02_healthchecks,accounts_profile,nag_period,BIGINT,num
drawSQL-mysql-export-2026-02-02_healthchecks,accounts_profile,next_nag_date,DATETIME,date
drawSQL-mysql-export-2026-02-02_healthchecks,accounts_profile,deletion_notice_date,DATETIME,date
drawSQL-mysql-export-2026-02-02_healthchecks,accounts_profile,last_active_date,DATETIME,date
drawSQL-mysql-export-2026-02-02_healthchecks,accounts_project,id,INT,num
drawSQL-mysql-export-2026-02-02_healthchecks,accounts_project,code,CHAR(255),string
drawSQL-mysql-export-2026-02-02_healthchecks,accounts_project,name,VARCHAR(255),string
drawSQL-mysql-export-2026-02-02_healthchecks,accounts_project,api_key,VARCHAR(255),string
drawSQL-mysql-export-2026-02-02_healthchecks,accounts_project,api_key_readonly,VARCHAR(255),string
drawSQL-mysql-export-2026-02-02_healthchecks,accounts_project,owner_id,INT,num
drawSQL-mysql-export-2026-02-02_healthchecks,accounts_project,badge_key,VARCHAR(255),string
drawSQL-mysql-export-2026-02-02_healthchecks,accounts_member,id,INT,num
drawSQL-mysql-export-2026-02-02_healthchecks,accounts_member,user_id,INT,num
drawSQL-mysql-export-2026-02-02_healthchecks,accounts_member,project_id,INT,num
drawSQL-mysql-export-2026-02-02_healthchecks,api_channel,id,INT,num
drawSQL-mysql-export-2026-02-02_healthchecks,api_channel,code,CHAR(255),string
drawSQL-mysql-export-2026-02-02_healthchecks,api_channel,created,DATETIME,date
drawSQL-mysql-export-2026-02-02_healthchecks,api_channel,kind,VARCHAR(255),string
drawSQL-mysql-export-2026-02-02_healthchecks,api_channel,value,LONGTEXT,string
drawSQL-mysql-export-2026-02-02_healthchecks,api_channel,email_verified,TINYINT,num
drawSQL-mysql-export-2026-02-02_healthchecks,api_channel,name,VARCHAR(255),string
drawSQL-mysql-export-2026-02-02_healthchecks,api_channel,project_id,INT,num
drawSQL-mysql-export-2026-02-02_healthchecks,api_channel,last_error,VARCHAR(255),string
drawSQL-mysql-export-2026-02-02_healthchecks,api_channel_checks,id,INT,num
drawSQL-mysql-export-2026-02-02_healthchecks,api_channel_checks,channel_id,INT,num
drawSQL-mysql-export-2026-02-02_healthchecks,api_channel_checks,check_id,INT,num
drawSQL-mysql-export-2026-02-02_healthchecks,api_check,id,INT,num
drawSQL-mysql-export-2026-02-02_healthchecks,api_check,code,CHAR(255),string
drawSQL-mysql-export-2026-02-02_healthchecks,api_check,last_ping,DATETIME,date
drawSQL-mysql-export-2026-02-02_healthchecks,api_check,alert_after,DATETIME,date
drawSQL-mysql-export-2026-02-02_healthchecks,api_check,status,VARCHAR(255),string
drawSQL-mysql-export-2026-02-02_healthchecks,api_check,timeout,BIGINT,num
drawSQL-mysql-export-2026-02-02_healthchecks,api_check,name,VARCHAR(255),string
drawSQL-mysql-export-2026-02-02_healthchecks,api_check,created,DATETIME,date
drawSQL-mysql-export-2026-02-02_healthchecks,api_check,grace,BIGINT,num
drawSQL-mysql-export-2026-02-02_healthchecks,api_check,tags,VARCHAR(255),string
drawSQL-mysql-export-2026-02-02_healthchecks,api_check,n_pings,INT,num
drawSQL-mysql-export-2026-02-02_healthchecks,api_check,kind,VARCHAR(255),string
drawSQL-mysql-export-2026-02-02_healthchecks,api_check,schedule,VARCHAR(255),string
drawSQL-mysql-export-2026-02-02_healthchecks,api_check,tz,VARCHAR(255),string
drawSQL-mysql-export-2026-02-02_healthchecks,api_check,has_confirmation_link,TINYINT,num
drawSQL-mysql-export-2026-02-02_healthchecks,api_check,last_ping_was_fail,TINYINT,num
drawSQL-mysql-export-2026-02-02_healthchecks,api_check,desc,LONGTEXT,string
drawSQL-mysql-export-2026-02-02_healthchecks,api_check,last_start,DATETIME,date
drawSQL-mysql-export-2026-02-02_healthchecks,api_check,subject,VARCHAR(255),string
drawSQL-mysql-export-2026-02-02_healthchecks,api_check,project_id,INT,num
drawSQL-mysql-export-2026-02-02_healthchecks,api_check,last_duration,BIGINT,num
drawSQL-mysql-export-2026-02-02_healthchecks,api_check,methods,VARCHAR(255),string
drawSQL-mysql-export-2026-02-02_healthchecks,api_flip,id,INT,num
drawSQL-mysql-export-2026-02-02_healthchecks,api_flip,created,DATETIME,date
drawSQL-mysql-export-2026-02-02_healthchecks,api_flip,processed,DATETIME,date
drawSQL-mysql-export-2026-02-02_healthchecks,api_flip,old_status,VARCHAR(255),string
drawSQL-mysql-export-2026-02-02_healthchecks,api_flip,new_status,VARCHAR(255),string
drawSQL-mysql-export-2026-02-02_healthchecks,api_flip,owner_id,INT,num
drawSQL-mysql-export-2026-02-02_healthchecks,api_notification,id,INT,num
drawSQL-mysql-export-2026-02-02_healthchecks,api_notification,check_status,VARCHAR(255),string
drawSQL-mysql-export-2026-02-02_healthchecks,api_notification,created,DATETIME,date
drawSQL-mysql-export-2026-02-02_healthchecks,api_notification,channel_id,INT,num
drawSQL-mysql-export-2026-02-02_healthchecks,api_notification,owner_id,INT,num
drawSQL-mysql-export-2026-02-02_healthchecks,api_notification,error,VARCHAR(255),string
drawSQL-mysql-export-2026-02-02_healthchecks,api_notification,code,CHAR(255),string
drawSQL-mysql-export-2026-02-02_healthchecks,api_ping,id,BIGINT,num
drawSQL-mysql-export-2026-02-02_healthchecks,api_ping,created,DATETIME,date
drawSQL-mysql-export-2026-02-02_healthchecks,api_ping,remote_addr,CHAR(255),string
drawSQL-mysql-export-2026-02-02_healthchecks,api_ping,method,VARCHAR(255),string
drawSQL-mysql-export-2026-02-02_healthchecks,api_ping,ua,VARCHAR(255),string
drawSQL-mysql-export-2026-02-02_healthchecks,api_ping,owner_id,INT,num
drawSQL-mysql-export-2026-02-02_healthchecks,api_ping,scheme,VARCHAR(255),string
drawSQL-mysql-export-2026-02-02_healthchecks,api_ping,n,INT,num
drawSQL-mysql-export-2026-02-02_healthchecks,api_ping,body,LONGTEXT,string
drawSQL-mysql-export-2026-02-02_healthchecks,api_ping,kind,VARCHAR(255),string
drawSQL-mysql-export-2026-02-02_healthchecks,api_tokenbucket,id,INT,num
drawSQL-mysql-export-2026-02-02_healthchecks,api_tokenbucket,value,VARCHAR(255),string
drawSQL-mysql-export-2026-02-02_healthchecks,api_tokenbucket,tokens,DOUBLE,num
drawSQL-mysql-export-2026-02-02_healthchecks,api_tokenbucket,updated,DATETIME,date
drawSQL-mysql-export-2026-02-02_healthchecks,auth_user,id,INT,num
drawSQL-mysql-export-2026-02-02_healthchecks,auth_user,password,VARCHAR(255),string
drawSQL-mysql-export-2026-02-02_healthchecks,auth_user,last_login,DATETIME,date
drawSQL-mysql-export-2026-02-02_healthchecks,auth_user,is_superuser,TINYINT,num
drawSQL-mysql-export-2026-02-02_healthchecks,auth_user,username,VARCHAR(255),string
drawSQL-mysql-export-2026-02-02_healthchecks,auth_user,first_name,VARCHAR(255),string
drawSQL-mysql-export-2026-02-02_healthchecks,auth_user,last_name,VARCHAR(255),string
drawSQL-mysql-export-2026-02-02_healthchecks,auth_user,email,VARCHAR(255),string
drawSQL-mysql-export-2026-02-02_healthchecks,auth_user,is_staff,TINYINT,num
drawSQL-mysql-export-2026-02-02_healthchecks,auth_user,is_active,TINYINT,num
drawSQL-mysql-export-2026-02-02_healthchecks,auth_user,date_joined,DATETIME,date
drawSQL-mysql-export-2026-02-02_healthchecks,payments_subscription,id,INT,num
drawSQL-mysql-export-2026-02-02_healthchecks,payments_subscription,customer_id,VARCHAR(255),string
drawSQL-mysql-export-2026-02-02_healthchecks,payments_subscription,payment_method_token,VARCHAR(255),string
drawSQL-mysql-export-2026-02-02_healthchecks,payments_subscription,subscription_id,VARCHAR(255),string
drawSQL-mysql-export-2026-02-02_healthchecks,payments_subscription,user_id,INT,num
drawSQL-mysql-export-2026-02-02_healthchecks,payments_subscription,plan_id,VARCHAR(255),string
drawSQL-mysql-export-2026-02-02_healthchecks,payments_subscription,address_id,VARCHAR(255),string
drawSQL-mysql-export-2026-02-02_healthchecks,payments_subscription,send_invoices,TINYINT,num
drawSQL-mysql-export-2026-02-02_healthchecks,payments_subscription,plan_name,VARCHAR(255),string
drawSQL-mysql-export-2026-02-02_healthchecks,payments_subscription,invoice_email,VARCHAR(255),string
drawSQL-mysql-export-2026-02-02_monica,accounts,id,INT,num
drawSQL-mysql-export-2026-02-02_monica,accounts,has_access_to_paid_version_for_free,TINYINT,num
drawSQL-mysql-export-2026-02-02_monica,accounts,api_key,VARCHAR(255),string
drawSQL-mysql-export-2026-02-02_monica,accounts,number_of_invitations_sent,INT,num
drawSQL-mysql-export-2026-02-02_monica,accounts,default_time_reminder_is_sent,VARCHAR(255),string
drawSQL-mysql-export-2026-02-02_monica,accounts,default_gender_id,INT,num
drawSQL-mysql-export-2026-02-02_monica,accounts,stripe_id,VARCHAR(255),string
drawSQL-mysql-export-2026-02-02_monica,accounts,card_brand,VARCHAR(255),string
drawSQL-mysql-export-2026-02-02_monica,accounts,card_last_four,VARCHAR(255),string
drawSQL-mysql-export-2026-02-02_monica,accounts,trial_ends_at,TIMESTAMP,date
drawSQL-mysql-export-2026-02-02_monica,accounts,legacy_free_plan_unlimited_contacts,TINYINT,num
drawSQL-mysql-export-2026-02-02_monica,accounts,created_at,TIMESTAMP,date
drawSQL-mysql-export-2026-02-02_monica,accounts,updated_at,TIMESTAMP,date
drawSQL-mysql-export-2026-02-02_monica,activities,id,INT,num
drawSQL-mysql-export-2026-02-02_monica,activities,account_id,INT,num
drawSQL-mysql-export-2026-02-02_monica,activities,activity_type_id,INT,num
drawSQL-mysql-export-2026-02-02_monica,activities,summary,VARCHAR(255),string
drawSQL-mysql-export-2026-02-02_monica,activities,description,LONGTEXT,string
drawSQL-mysql-export-2026-02-02_monica,activities,happened_at,DATE,date
drawSQL-mysql-export-2026-02-02_monica,activities,created_at,TIMESTAMP,date
drawSQL-mysql-export-2026-02-02_monica,activities,updated_at,TIMESTAMP,date
drawSQL-mysql-export-2026-02-02_monica,activity_contact,activity_id,INT,num
drawSQL-mysql-export-2026-02-02_monica,activity_contact,contact_id,INT,num
drawSQL-mysql-export-2026-02-02_monica,activity_contact,account_id,INT,num
drawSQL-mysql-export-2026-02-02_monica,activity_statistics,id,INT,num
drawSQL-mysql-export-2026-02-02_monica,activity_statistics,account_id,INT,num
drawSQL-mysql-export-2026-02-02_monica,activity_statistics,contact_id,INT,num
drawSQL-mysql-export-2026-02-02_monica,activity_statistics,year,INT,num
drawSQL-mysql-export-2026-02-02_monica,activity_statistics,count,INT,num
drawSQL-mysql-export-2026-02-02_monica,activity_statistics,created_at,TIMESTAMP,date
drawSQL-mysql-export-2026-02-02_monica,activity_statistics,updated_at,TIMESTAMP,date
drawSQL-mysql-export-2026-02-02_monica,activity_type_categories,id,INT,num
drawSQL-mysql-export-2026-02-02_monica,activity_type_categories,account_id,INT,num
drawSQL-mysql-export-2026-02-02_monica,activity_type_categories,name,VARCHAR(255),string
drawSQL-mysql-export-2026-02-02_monica,activity_type_categories,translation_key,VARCHAR(255),string
drawSQL-mysql-export-2026-02-02_monica,activity_type_categories,created_at,TIMESTAMP,date
drawSQL-mysql-export-2026-02-02_monica,activity_type_categories,updated_at,TIMESTAMP,date
drawSQL-mysql-export-2026-02-02_monica,activity_types,id,INT,num
drawSQL-mysql-export-2026-02-02_monica,activity_types,account_id,INT,num
drawSQL-mysql-export-2026-02-02_monica,activity_types,activity_type_category_id,INT,num
drawSQL-mysql-export-2026-02-02_monica,activity_types,name,VARCHAR(255),string
drawSQL-mysql-export-2026-02-02_monica,activity_types,translation_key,VARCHAR(255),string
drawSQL-mysql-export-2026-02-02_monica,activity_types,location_type,VARCHAR(255),string
drawSQL-mysql-export-2026-02-02_monica,activity_types,created_at,TIMESTAMP,date
drawSQL-mysql-export-2026-02-02_monica,activity_types,updated_at,TIMESTAMP,date
drawSQL-mysql-export-2026-02-02_monica,address_contact_field_label,contact_field_label_id,BIGINT,num
drawSQL-mysql-export-2026-02-02_monica,address_contact_field_label,address_id,INT,num
drawSQL-mysql-export-2026-02-02_monica,address_contact_field_label,account_id,INT,num
drawSQL-mysql-export-2026-02-02_monica,addresses,id,INT,num
drawSQL-mysql-export-2026-02-02_monica,addresses,account_id,INT,num
drawSQL-mysql-export-2026-02-02_monica,addresses,place_id,INT,num
drawSQL-mysql-export-2026-02-02_monica,addresses,contact_id,INT,num
drawSQL-mysql-export-2026-02-02_monica,addresses,name,VARCHAR(255),string
drawSQL-mysql-export-2026-02-02_monica,addresses,created_at,TIMESTAMP,date
drawSQL-mysql-export-2026-02-02_monica,addresses,updated_at,TIMESTAMP,date
drawSQL-mysql-export-2026-02-02_monica,api_usage,id,INT,num
drawSQL-mysql-export-2026-02-02_monica,api_usage,url,VARCHAR(255),string
drawSQL-mysql-export-2026-02-02_monica,api_usage,method,VARCHAR(255),string
drawSQL-mysql-export-2026-02-02_monica,api_usage,client_ip,VARCHAR(255),string
drawSQL-mysql-export-2026-02-02_monica,api_usage,created_at,TIMESTAMP,date
drawSQL-mysql-export-2026-02-02_monica,api_usage,updated_at,TIMESTAMP,date
drawSQL-mysql-export-2026-02-02_monica,audit_logs,id,BIGINT,num
drawSQL-mysql-export-2026-02-02_monica,audit_logs,account_id,INT,num
drawSQL-mysql-export-2026-02-02_monica,audit_logs,author_id,INT,num
drawSQL-mysql-export-2026-02-02_monica,audit_logs,about_contact_id,INT,num
drawSQL-mysql-export-2026-02-02_monica,audit_logs,author_name,VARCHAR(255),string
drawSQL-mysql-export-2026-02-02_monica,audit_logs,action,VARCHAR(255),string
drawSQL-mysql-export-2026-02-02_monica,audit_logs,objects,TEXT,string
drawSQL-mysql-export-2026-02-02_monica,audit_logs,audited_at,DATETIME,date
drawSQL-mysql-export-2026-02-02_monica,audit_logs,should_appear_on_dashboard,TINYINT,num
drawSQL-mysql-export-2026-02-02_monica,audit_logs,created_at,TIMESTAMP,date
drawSQL-mysql-export-2026-02-02_monica,audit_logs,updated_at,TIMESTAMP,date
drawSQL-mysql-export-2026-02-02_monica,cache,key,VARCHAR(255),string
drawSQL-mysql-export-2026-02-02_monica,cache,value,TEXT,string
drawSQL-mysql-export-2026-02-02_monica,cache,expiration,INT,num
drawSQL-mysql-export-2026-02-02_monica,calls,id,INT,num
drawSQL-mysql-export-2026-02-02_monica,calls,account_id,INT,num
drawSQL-mysql-export-2026-02-02_monica,calls,contact_id,INT,num
drawSQL-mysql-export-2026-02-02_monica,calls,called_at,DATETIME,date
drawSQL-mysql-export-2026-02-02_monica,calls,content,MEDIUMTEXT,string
drawSQL-mysql-export-2026-02-02_monica,calls,contact_called,TINYINT,num
drawSQL-mysql-export-2026-02-02_monica,calls,created_at,TIMESTAMP,date
drawSQL-mysql-export-2026-02-02_monica,calls,updated_at,TIMESTAMP,date
drawSQL-mysql-export-2026-02-02_monica,companies,id,INT,num
drawSQL-mysql-export-2026-02-02_monica,companies,account_id,INT,num
drawSQL-mysql-export-2026-02-02_monica,companies,name,VARCHAR(255),string
drawSQL-mysql-export-2026-02-02_monica,companies,website,VARCHAR(255),string
drawSQL-mysql-export-2026-02-02_monica,companies,number_of_employees,INT,num
drawSQL-mysql-export-2026-02-02_monica,companies,created_at,TIMESTAMP,date
drawSQL-mysql-export-2026-02-02_monica,companies,updated_at,TIMESTAMP,date
drawSQL-mysql-export-2026-02-02_monica,contact_field_contact_field_label,contact_field_label_id,BIGINT,num
drawSQL-mysql-export-2026-02-02_monica,contact_field_contact_field_label,contact_field_id,INT,num
drawSQL-mysql-export-2026-02-02_monica,contact_field_contact_field_label,account_id,INT,num
drawSQL-mysql-export-2026-02-02_monica,contact_field_labels,id,BIGINT,num
drawSQL-mysql-export-2026-02-02_monica,contact_field_labels,account_id,INT,num
drawSQL-mysql-export-2026-02-02_monica,contact_field_labels,label_i18n,VARCHAR(255),string
drawSQL-mysql-export-2026-02-02_monica,contact_field_labels,label,VARCHAR(255),string
drawSQL-mysql-export-2026-02-02_monica,contact_field_labels,created_at,TIMESTAMP,date
drawSQL-mysql-export-2026-02-02_monica,contact_field_labels,updated_at,TIMESTAMP,date
drawSQL-mysql-export-2026-02-02_monica,contact_field_types,id,INT,num
drawSQL-mysql-export-2026-02-02_monica,contact_field_types,account_id,INT,num
drawSQL-mysql-export-2026-02-02_monica,contact_field_types,name,VARCHAR(255),string
drawSQL-mysql-export-2026-02-02_monica,contact_field_types,fontawesome_icon,VARCHAR(255),string
drawSQL-mysql-export-2026-02-02_monica,contact_field_types,protocol,VARCHAR(255),string
drawSQL-mysql-export-2026-02-02_monica,contact_field_types,delible,TINYINT,num
drawSQL-mysql-export-2026-02-02_monica,contact_field_types,type,VARCHAR(255),string
drawSQL-mysql-export-2026-02-02_monica,contact_field_types,created_at,TIMESTAMP,date
drawSQL-mysql-export-2026-02-02_monica,contact_field_types,updated_at,TIMESTAMP,date
drawSQL-mysql-export-2026-02-02_monica,contact_fields,id,INT,num
drawSQL-mysql-export-2026-02-02_monica,contact_fields,account_id,INT,num
drawSQL-mysql-export-2026-02-02_monica,contact_fields,contact_id,INT,num
drawSQL-mysql-export-2026-02-02_monica,contact_fields,contact_field_type_id,INT,num
drawSQL-mysql-export-2026-02-02_monica,contact_fields,data,VARCHAR(255),string
drawSQL-mysql-export-2026-02-02_monica,contact_fields,created_at,TIMESTAMP,date
drawSQL-mysql-export-2026-02-02_monica,contact_fields,updated_at,TIMESTAMP,date
drawSQL-mysql-export-2026-02-02_monica,contact_photo,contact_id,INT,num
drawSQL-mysql-export-2026-02-02_monica,contact_photo,photo_id,INT,num
drawSQL-mysql-export-2026-02-02_monica,contact_photo,created_at,TIMESTAMP,date
drawSQL-mysql-export-2026-02-02_monica,contact_photo,updated_at,TIMESTAMP,date
drawSQL-mysql-export-2026-02-02_monica,contact_tag,contact_id,INT,num
drawSQL-mysql-export-2026-02-02_monica,contact_tag,tag_id,INT,num
drawSQL-mysql-export-2026-02-02_monica,contact_tag,account_id,INT,num
drawSQL-mysql-export-2026-02-02_monica,contact_tag,created_at,TIMESTAMP,date
drawSQL-mysql-export-2026-02-02_monica,contact_tag,updated_at,TIMESTAMP,date
drawSQL-mysql-export-2026-02-02_monica,contacts,id,INT,num
drawSQL-mysql-export-2026-02-02_monica,contacts,account_id,INT,num
drawSQL-mysql-export-2026-02-02_monica,contacts,first_name,VARCHAR(255),string
drawSQL-mysql-export-2026-02-02_monica,contacts,middle_name,VARCHAR(255),string
drawSQL-mysql-export-2026-02-02_monica,contacts,last_name,VARCHAR(255),string
drawSQL-mysql-export-2026-02-02_monica,contacts,nickname,VARCHAR(255),string
drawSQL-mysql-export-2026-02-02_monica,contacts,gender_id,INT,num
drawSQL-mysql-export-2026-02-02_monica,contacts,description,VARCHAR(255),string
drawSQL-mysql-export-2026-02-02_monica,contacts,uuid,CHAR(255),string
drawSQL-mysql-export-2026-02-02_monica,contacts,is_starred,TINYINT,num
drawSQL-mysql-export-2026-02-02_monica,contacts,is_partial,TINYINT,num
drawSQL-mysql-export-2026-02-02_monica,contacts,is_active,TINYINT,num
drawSQL-mysql-export-2026-02-02_monica,contacts,is_dead,TINYINT,num
drawSQL-mysql-export-2026-02-02_monica,contacts,deceased_special_date_id,INT,num
drawSQL-mysql-export-2026-02-02_monica,contacts,deceased_reminder_id,INT,num
drawSQL-mysql-export-2026-02-02_monica,contacts,last_talked_to,DATE,date
drawSQL-mysql-export-2026-02-02_monica,contacts,stay_in_touch_frequency,INT,num
drawSQL-mysql-export-2026-02-02_monica,contacts,stay_in_touch_trigger_date,DATETIME,date
drawSQL-mysql-export-2026-02-02_monica,contacts,birthday_special_date_id,INT,num
drawSQL-mysql-export-2026-02-02_monica,contacts,birthday_reminder_id,INT,num
drawSQL-mysql-export-2026-02-02_monica,contacts,first_met_through_contact_id,INT,num
drawSQL-mysql-export-2026-02-02_monica,contacts,first_met_special_date_id,INT,num
drawSQL-mysql-export-2026-02-02_monica,contacts,first_met_reminder_id,INT,num
drawSQL-mysql-export-2026-02-02_monica,contacts,first_met_where,VARCHAR(255),string
drawSQL-mysql-export-2026-02-02_monica,contacts,first_met_additional_info,LONGTEXT,string
drawSQL-mysql-export-2026-02-02_monica,contacts,job,VARCHAR(255),string
drawSQL-mysql-export-2026-02-02_monica,contacts,company,VARCHAR(255),string
drawSQL-mysql-export-2026-02-02_monica,contacts,food_preferences,LONGTEXT,string
drawSQL-mysql-export-2026-02-02_monica,contacts,avatar_source,VARCHAR(255),string
drawSQL-mysql-export-2026-02-02_monica,contacts,avatar_gravatar_url,VARCHAR(255),string
drawSQL-mysql-export-2026-02-02_monica,contacts,avatar_adorable_uuid,CHAR(255),string
drawSQL-mysql-export-2026-02-02_monica,contacts,avatar_adorable_url,VARCHAR(255),string
drawSQL-mysql-export-2026-02-02_monica,contacts,avatar_default_url,VARCHAR(255),string
drawSQL-mysql-export-2026-02-02_monica,contacts,avatar_photo_id,INT,num
drawSQL-mysql-export-2026-02-02_monica,contacts,has_avatar,TINYINT,num
drawSQL-mysql-export-2026-02-02_monica,contacts,avatar_external_url,VARCHAR(255),string
drawSQL-mysql-export-2026-02-02_monica,contacts,avatar_file_name,VARCHAR(255),string
drawSQL-mysql-export-2026-02-02_monica,contacts,avatar_location,VARCHAR(255),string
drawSQL-mysql-export-2026-02-02_monica,contacts,gravatar_url,VARCHAR(255),string
drawSQL-mysql-export-2026-02-02_monica,contacts,last_consulted_at,TIMESTAMP,date
drawSQL-mysql-export-2026-02-02_monica,contacts,number_of_views,INT,num
drawSQL-mysql-export-2026-02-02_monica,contacts,created_at,TIMESTAMP,date
drawSQL-mysql-export-2026-02-02_monica,contacts,updated_at,TIMESTAMP,date
drawSQL-mysql-export-2026-02-02_monica,contacts,default_avatar_color,VARCHAR(255),string
drawSQL-mysql-export-2026-02-02_monica,contacts,has_avatar_bool,TINYINT,num
drawSQL-mysql-export-2026-02-02_monica,conversations,id,INT,num
drawSQL-mysql-export-2026-02-02_monica,conversations,account_id,INT,num
drawSQL-mysql-export-2026-02-02_monica,conversations,contact_id,INT,num
drawSQL-mysql-export-2026-02-02_monica,conversations,contact_field_type_id,INT,num
drawSQL-mysql-export-2026-02-02_monica,conversations,happened_at,DATETIME,date
drawSQL-mysql-export-2026-02-02_monica,conversations,created_at,TIMESTAMP,date
drawSQL-mysql-export-2026-02-02_monica,conversations,updated_at,TIMESTAMP,date
drawSQL-mysql-export-2026-02-02_monica,crons,id,INT,num
drawSQL-mysql-export-2026-02-02_monica,crons,command,VARCHAR(255),string
drawSQL-mysql-export-2026-02-02_monica,crons,last_run,TIMESTAMP,date
drawSQL-mysql-export-2026-02-02_monica,crons,created_at,TIMESTAMP,date
drawSQL-mysql-export-2026-02-02_monica,crons,updated_at,TIMESTAMP,date
drawSQL-mysql-export-2026-02-02_monica,currencies,id,INT,num
drawSQL-mysql-export-2026-02-02_monica,currencies,iso,VARCHAR(255),string
drawSQL-mysql-export-2026-02-02_monica,currencies,name,VARCHAR(255),string
drawSQL-mysql-export-2026-02-02_monica,currencies,symbol,VARCHAR(255),string
drawSQL-mysql-export-2026-02-02_monica,currencies,created_at,TIMESTAMP,date
drawSQL-mysql-export-2026-02-02_monica,currencies,updated_at,TIMESTAMP,date
drawSQL-mysql-export-2026-02-02_monica,days,id,INT,num
drawSQL-mysql-export-2026-02-02_monica,days,account_id,INT,num
drawSQL-mysql-export-2026-02-02_monica,days,date,DATE,date
drawSQL-mysql-export-2026-02-02_monica,days,rate,INT,num
drawSQL-mysql-export-2026-02-02_monica,days,comment,MEDIUMTEXT,string
drawSQL-mysql-export-2026-02-02_monica,days,created_at,TIMESTAMP,date
drawSQL-mysql-export-2026-02-02_monica,days,updated_at,TIMESTAMP,date
drawSQL-mysql-export-2026-02-02_monica,debts,id,INT,num
drawSQL-mysql-export-2026-02-02_monica,debts,account_id,INT,num
drawSQL-mysql-export-2026-02-02_monica,debts,contact_id,INT,num
drawSQL-mysql-export-2026-02-02_monica,debts,in_debt,VARCHAR(255),string
drawSQL-mysql-export-2026-02-02_monica,debts,status,VARCHAR(255),string
drawSQL-mysql-export-2026-02-02_monica,debts,amount,"DECIMAL(8, 2)",num
drawSQL-mysql-export-2026-02-02_monica,debts,reason,LONGTEXT,string
drawSQL-mysql-export-2026-02-02_monica,debts,created_at,TIMESTAMP,date
drawSQL-mysql-export-2026-02-02_monica,debts,updated_at,TIMESTAMP,date
drawSQL-mysql-export-2026-02-02_monica,default_activity_type_categories,id,INT,num
drawSQL-mysql-export-2026-02-02_monica,default_activity_type_categories,translation_key,VARCHAR(255),string
drawSQL-mysql-export-2026-02-02_monica,default_activity_type_categories,created_at,TIMESTAMP,date
drawSQL-mysql-export-2026-02-02_monica,default_activity_type_categories,updated_at,TIMESTAMP,date
drawSQL-mysql-export-2026-02-02_monica,default_activity_types,id,INT,num
drawSQL-mysql-export-2026-02-02_monica,default_activity_types,default_activity_type_category_id,INT,num
drawSQL-mysql-export-2026-02-02_monica,default_activity_types,translation_key,VARCHAR(255),string
drawSQL-mysql-export-2026-02-02_monica,default_activity_types,location_type,VARCHAR(255),string
drawSQL-mysql-export-2026-02-02_monica,default_activity_types,created_at,TIMESTAMP,date
drawSQL-mysql-export-2026-02-02_monica,default_activity_types,updated_at,TIMESTAMP,date
drawSQL-mysql-export-2026-02-02_monica,default_contact_field_types,id,INT,num
drawSQL-mysql-export-2026-02-02_monica,default_contact_field_types,name,VARCHAR(255),string
drawSQL-mysql-export-2026-02-02_monica,default_contact_field_types,fontawesome_icon,VARCHAR(255),string
drawSQL-mysql-export-2026-02-02_monica,default_contact_field_types,protocol,VARCHAR(255),string
drawSQL-mysql-export-2026-02-02_monica,default_contact_field_types,migrated,TINYINT,num
drawSQL-mysql-export-2026-02-02_monica,default_contact_field_types,delible,TINYINT,num
drawSQL-mysql-export-2026-02-02_monica,default_contact_field_types,type,VARCHAR(255),string
drawSQL-mysql-export-2026-02-02_monica,default_contact_field_types,created_at,TIMESTAMP,date
drawSQL-mysql-export-2026-02-02_monica,default_contact_field_types,updated_at,TIMESTAMP,date
drawSQL-mysql-export-2026-02-02_monica,default_contact_modules,id,INT,num
drawSQL-mysql-export-2026-02-02_monica,default_contact_modules,key,VARCHAR(255),string
drawSQL-mysql-export-2026-02-02_monica,default_contact_modules,translation_key,VARCHAR(255),string
drawSQL-mysql-export-2026-02-02_monica,default_contact_modules,delible,TINYINT,num
drawSQL-mysql-export-2026-02-02_monica,default_contact_modules,active,TINYINT,num
drawSQL-mysql-export-2026-02-02_monica,default_contact_modules,migrated,TINYINT,num
drawSQL-mysql-export-2026-02-02_monica,default_contact_modules,created_at,TIMESTAMP,date
drawSQL-mysql-export-2026-02-02_monica,default_contact_modules,updated_at,TIMESTAMP,date
drawSQL-mysql-export-2026-02-02_monica,default_life_event_categories,id,INT,num
drawSQL-mysql-export-2026-02-02_monica,default_life_event_categories,translation_key,VARCHAR(255),string
drawSQL-mysql-export-2026-02-02_monica,default_life_event_categories,migrated,TINYINT,num
drawSQL-mysql-export-2026-02-02_monica,default_life_event_categories,created_at,TIMESTAMP,date
drawSQL-mysql-export-2026-02-02_monica,default_life_event_categories,updated_at,TIMESTAMP,date
drawSQL-mysql-export-2026-02-02_monica,default_life_event_types,id,INT,num
drawSQL-mysql-export-2026-02-02_monica,default_life_event_types,default_life_event_category_id,INT,num
drawSQL-mysql-export-2026-02-02_monica,default_life_event_types,translation_key,VARCHAR(255),string
drawSQL-mysql-export-2026-02-02_monica,default_life_event_types,specific_information_structure,TEXT,string
drawSQL-mysql-export-2026-02-02_monica,default_life_event_types,migrated,TINYINT,num
drawSQL-mysql-export-2026-02-02_monica,default_life_event_types,created_at,TIMESTAMP,date
drawSQL-mysql-export-2026-02-02_monica,default_life_event_types,updated_at,TIMESTAMP,date
drawSQL-mysql-export-2026-02-02_monica,default_relationship_type_groups,id,INT,num
drawSQL-mysql-export-2026-02-02_monica,default_relationship_type_groups,name,VARCHAR(255),string
drawSQL-mysql-export-2026-02-02_monica,default_relationship_type_groups,delible,TINYINT,num
drawSQL-mysql-export-2026-02-02_monica,default_relationship_type_groups,migrated,TINYINT,num
drawSQL-mysql-export-2026-02-02_monica,default_relationship_type_groups,created_at,TIMESTAMP,date
drawSQL-mysql-export-2026-02-02_monica,default_relationship_type_groups,updated_at,TIMESTAMP,date
drawSQL-mysql-export-2026-02-02_monica,default_relationship_types,id,INT,num
drawSQL-mysql-export-2026-02-02_monica,default_relationship_types,name,VARCHAR(255),string
drawSQL-mysql-export-2026-02-02_monica,default_relationship_types,name_reverse_relationship,VARCHAR(255),string
drawSQL-mysql-export-2026-02-02_monica,default_relationship_types,relationship_type_group_id,INT,num
drawSQL-mysql-export-2026-02-02_monica,default_relationship_types,delible,TINYINT,num
drawSQL-mysql-export-2026-02-02_monica,default_relationship_types,migrated,TINYINT,num
drawSQL-mysql-export-2026-02-02_monica,default_relationship_types,created_at,TIMESTAMP,date
drawSQL-mysql-export-2026-02-02_monica,default_relationship_types,updated_at,TIMESTAMP,date
drawSQL-mysql-export-2026-02-02_monica,documents,id,INT,num
drawSQL-mysql-export-2026-02-02_monica,documents,account_id,INT,num
drawSQL-mysql-export-2026-02-02_monica,documents,contact_id,INT,num
drawSQL-mysql-export-2026-02-02_monica,documents,original_filename,VARCHAR(255),string
drawSQL-mysql-export-2026-02-02_monica,documents,new_filename,VARCHAR(255),string
drawSQL-mysql-export-2026-02-02_monica,documents,filesize,INT,num
drawSQL-mysql-export-2026-02-02_monica,documents,type,VARCHAR(255),string
drawSQL-mysql-export-2026-02-02_monica,documents,mime_type,VARCHAR(255),string
drawSQL-mysql-export-2026-02-02_monica,documents,number_of_downloads,INT,num
drawSQL-mysql-export-2026-02-02_monica,documents,created_at,TIMESTAMP,date
drawSQL-mysql-export-2026-02-02_monica,documents,updated_at,TIMESTAMP,date
drawSQL-mysql-export-2026-02-02_monica,emotion_activity,account_id,INT,num
drawSQL-mysql-export-2026-02-02_monica,emotion_activity,activity_id,INT,num
drawSQL-mysql-export-2026-02-02_monica,emotion_activity,emotion_id,INT,num
drawSQL-mysql-export-2026-02-02_monica,emotion_activity,created_at,TIMESTAMP,date
drawSQL-mysql-export-2026-02-02_monica,emotion_activity,updated_at,TIMESTAMP,date
drawSQL-mysql-export-2026-02-02_monica,emotion_call,account_id,INT,num
drawSQL-mysql-export-2026-02-02_monica,emotion_call,call_id,INT,num
drawSQL-mysql-export-2026-02-02_monica,emotion_call,emotion_id,INT,num
drawSQL-mysql-export-2026-02-02_monica,emotion_call,contact_id,INT,num
drawSQL-mysql-export-2026-02-02_monica,emotion_call,created_at,TIMESTAMP,date
drawSQL-mysql-export-2026-02-02_monica,emotion_call,updated_at,TIMESTAMP,date
drawSQL-mysql-export-2026-02-02_monica,emotions,id,INT,num
drawSQL-mysql-export-2026-02-02_monica,emotions,emotion_primary_id,INT,num
drawSQL-mysql-export-2026-02-02_monica,emotions,emotion_secondary_id,INT,num
drawSQL-mysql-export-2026-02-02_monica,emotions,name,VARCHAR(255),string
drawSQL-mysql-export-2026-02-02_monica,emotions,created_at,TIMESTAMP,date
drawSQL-mysql-export-2026-02-02_monica,emotions,updated_at,TIMESTAMP,date
drawSQL-mysql-export-2026-02-02_monica,emotions_primary,id,INT,num
drawSQL-mysql-export-2026-02-02_monica,emotions_primary,name,VARCHAR(255),string
drawSQL-mysql-export-2026-02-02_monica,emotions_primary,created_at,TIMESTAMP,date
drawSQL-mysql-export-2026-02-02_monica,emotions_primary,updated_at,TIMESTAMP,date
drawSQL-mysql-export-2026-02-02_monica,emotions_secondary,id,INT,num
drawSQL-mysql-export-2026-02-02_monica,emotions_secondary,emotion_primary_id,INT,num
drawSQL-mysql-export-2026-02-02_monica,emotions_secondary,name,VARCHAR(255),string
drawSQL-mysql-export-2026-02-02_monica,emotions_secondary,created_at,TIMESTAMP,date
drawSQL-mysql-export-2026-02-02_monica,emotions_secondary,updated_at,TIMESTAMP,date
drawSQL-mysql-export-2026-02-02_monica,entries,id,INT,num
drawSQL-mysql-export-2026-02-02_monica,entries,account_id,INT,num
drawSQL-mysql-export-2026-02-02_monica,entries,title,VARCHAR(255),string
drawSQL-mysql-export-2026-02-02_monica,entries,post,LONGTEXT,string
drawSQL-mysql-export-2026-02-02_monica,entries,created_at,TIMESTAMP,date
drawSQL-mysql-export-2026-02-02_monica,entries,updated_at,TIMESTAMP,date
drawSQL-mysql-export-2026-02-02_monica,failed_jobs,id,INT,num
drawSQL-mysql-export-2026-02-02_monica,failed_jobs,connection,TEXT,string
drawSQL-mysql-export-2026-02-02_monica,failed_jobs,queue,TEXT,string
drawSQL-mysql-export-2026-02-02_monica,failed_jobs,payload,LONGTEXT,string
drawSQL-mysql-export-2026-02-02_monica,failed_jobs,exception,LONGTEXT,string
drawSQL-mysql-export-2026-02-02_monica,failed_jobs,failed_at,TIMESTAMP,date
drawSQL-mysql-export-2026-02-02_monica,genders,id,INT,num
drawSQL-mysql-export-2026-02-02_monica,genders,account_id,INT,num
drawSQL-mysql-export-2026-02-02_monica,genders,name,VARCHAR(255),string
drawSQL-mysql-export-2026-02-02_monica,genders,type,CHAR(255),string
drawSQL-mysql-export-2026-02-02_monica,genders,created_at,TIMESTAMP,date
drawSQL-mysql-export-2026-02-02_monica,genders,updated_at,TIMESTAMP,date
drawSQL-mysql-export-2026-02-02_monica,gift_photo,photo_id,INT,num
drawSQL-mysql-export-2026-02-02_monica,gift_photo,gift_id,INT,num
drawSQL-mysql-export-2026-02-02_monica,gift_photo,created_at,TIMESTAMP,date
drawSQL-mysql-export-2026-02-02_monica,gift_photo,updated_at,TIMESTAMP,date
drawSQL-mysql-export-2026-02-02_monica,gifts,id,INT,num
drawSQL-mysql-export-2026-02-02_monica,gifts,account_id,INT,num
drawSQL-mysql-export-2026-02-02_monica,gifts,contact_id,INT,num
drawSQL-mysql-export-2026-02-02_monica,gifts,is_for,INT,num
drawSQL-mysql-export-2026-02-02_monica,gifts,name,VARCHAR(255),string
drawSQL-mysql-export-2026-02-02_monica,gifts,comment,LONGTEXT,string
drawSQL-mysql-export-2026-02-02_monica,gifts,url,LONGTEXT,string
drawSQL-mysql-export-2026-02-02_monica,gifts,value,VARCHAR(255),string
drawSQL-mysql-export-2026-02-02_monica,gifts,status,VARCHAR(255),string
drawSQL-mysql-export-2026-02-02_monica,gifts,date,DATETIME,date
drawSQL-mysql-export-2026-02-02_monica,gifts,created_at,TIMESTAMP,date
drawSQL-mysql-export-2026-02-02_monica,gifts,updated_at,TIMESTAMP,date
drawSQL-mysql-export-2026-02-02_monica,import_job_reports,id,INT,num
drawSQL-mysql-export-2026-02-02_monica,import_job_reports,account_id,INT,num
drawSQL-mysql-export-2026-02-02_monica,import_job_reports,user_id,INT,num
drawSQL-mysql-export-2026-02-02_monica,import_job_reports,import_job_id,INT,num
drawSQL-mysql-export-2026-02-02_monica,import_job_reports,contact_information,MEDIUMTEXT,string
drawSQL-mysql-export-2026-02-02_monica,import_job_reports,skipped,TINYINT,num
drawSQL-mysql-export-2026-02-02_monica,import_job_reports,skip_reason,VARCHAR(255),string
drawSQL-mysql-export-2026-02-02_monica,import_job_reports,created_at,TIMESTAMP,date
drawSQL-mysql-export-2026-02-02_monica,import_job_reports,updated_at,TIMESTAMP,date
drawSQL-mysql-export-2026-02-02_monica,import_jobs,id,INT,num
drawSQL-mysql-export-2026-02-02_monica,import_jobs,account_id,INT,num
drawSQL-mysql-export-2026-02-02_monica,import_jobs,user_id,INT,num
drawSQL-mysql-export-2026-02-02_monica,import_jobs,type,VARCHAR(255),string
drawSQL-mysql-export-2026-02-02_monica,import_jobs,contacts_found,INT,num
drawSQL-mysql-export-2026-02-02_monica,import_jobs,contacts_skipped,INT,num
drawSQL-mysql-export-2026-02-02_monica,import_jobs,contacts_imported,INT,num
drawSQL-mysql-export-2026-02-02_monica,import_jobs,filename,VARCHAR(255),string
drawSQL-mysql-export-2026-02-02_monica,import_jobs,started_at,DATE,date
drawSQL-mysql-export-2026-02-02_monica,import_jobs,ended_at,DATE,date
drawSQL-mysql-export-2026-02-02_monica,import_jobs,failed,TINYINT,num
drawSQL-mysql-export-2026-02-02_monica,import_jobs,failed_reason,MEDIUMTEXT,string
drawSQL-mysql-export-2026-02-02_monica,import_jobs,created_at,TIMESTAMP,date
drawSQL-mysql-export-2026-02-02_monica,import_jobs,updated_at,TIMESTAMP,date
drawSQL-mysql-export-2026-02-02_monica,instances,id,INT,num
drawSQL-mysql-export-2026-02-02_monica,instances,uuid,VARCHAR(255),string
drawSQL-mysql-export-2026-02-02_monica,instances,current_version,VARCHAR(255),string
drawSQL-mysql-export-2026-02-02_monica,instances,latest_version,VARCHAR(255),string
drawSQL-mysql-export-2026-02-02_monica,instances,latest_release_notes,MEDIUMTEXT,string
drawSQL-mysql-export-2026-02-02_monica,instances,number_of_versions_since_current_version,INT,num
drawSQL-mysql-export-2026-02-02_monica,instances,created_at,TIMESTAMP,date
drawSQL-mysql-export-2026-02-02_monica,instances,updated_at,TIMESTAMP,date
drawSQL-mysql-export-2026-02-02_monica,invitations,id,INT,num
drawSQL-mysql-export-2026-02-02_monica,invitations,account_id,INT,num
drawSQL-mysql-export-2026-02-02_monica,invitations,invited_by_user_id,INT,num
drawSQL-mysql-export-2026-02-02_monica,invitations,email,VARCHAR(255),string
drawSQL-mysql-export-2026-02-02_monica,invitations,invitation_key,VARCHAR(255),string
drawSQL-mysql-export-2026-02-02_monica,invitations,created_at,TIMESTAMP,date
drawSQL-mysql-export-2026-02-02_monica,invitations,updated_at,TIMESTAMP,date
drawSQL-mysql-export-2026-02-02_monica,jobs,id,BIGINT,num
drawSQL-mysql-export-2026-02-02_monica,jobs,queue,VARCHAR(255),string
drawSQL-mysql-export-2026-02-02_monica,jobs,payload,LONGTEXT,string
drawSQL-mysql-export-2026-02-02_monica,jobs,attempts,TINYINT,num
drawSQL-mysql-export-2026-02-02_monica,jobs,reserved_at,INT,num
drawSQL-mysql-export-2026-02-02_monica,jobs,available_at,INT,num
drawSQL-mysql-export-2026-02-02_monica,jobs,created_at,INT,num
drawSQL-mysql-export-2026-02-02_monica,journal_entries,id,INT,num
drawSQL-mysql-export-2026-02-02_monica,journal_entries,account_id,INT,num
drawSQL-mysql-export-2026-02-02_monica,journal_entries,date,DATETIME,date
drawSQL-mysql-export-2026-02-02_monica,journal_entries,journalable_id,INT,num
drawSQL-mysql-export-2026-02-02_monica,journal_entries,journalable_type,VARCHAR(255),string
drawSQL-mysql-export-2026-02-02_monica,journal_entries,created_at,TIMESTAMP,date
drawSQL-mysql-export-2026-02-02_monica,journal_entries,updated_at,TIMESTAMP,date
drawSQL-mysql-export-2026-02-02_monica,life_event_categories,id,INT,num
drawSQL-mysql-export-2026-02-02_monica,life_event_categories,account_id,INT,num
drawSQL-mysql-export-2026-02-02_monica,life_event_categories,name,VARCHAR(255),string
drawSQL-mysql-export-2026-02-02_monica,life_event_categories,default_life_event_category_key,VARCHAR(255),string
drawSQL-mysql-export-2026-02-02_monica,life_event_categories,core_monica_data,TINYINT,num
drawSQL-mysql-export-2026-02-02_monica,life_event_categories,created_at,TIMESTAMP,date
drawSQL-mysql-export-2026-02-02_monica,life_event_categories,updated_at,TIMESTAMP,date
drawSQL-mysql-export-2026-02-02_monica,life_event_types,id,INT,num
drawSQL-mysql-export-2026-02-02_monica,life_event_types,account_id,INT,num
drawSQL-mysql-export-2026-02-02_monica,life_event_types,life_event_category_id,INT,num
drawSQL-mysql-export-2026-02-02_monica,life_event_types,name,VARCHAR(255),string
drawSQL-mysql-export-2026-02-02_monica,life_event_types,default_life_event_type_key,VARCHAR(255),string
drawSQL-mysql-export-2026-02-02_monica,life_event_types,core_monica_data,TINYINT,num
drawSQL-mysql-export-2026-02-02_monica,life_event_types,specific_information_structure,TEXT,string
drawSQL-mysql-export-2026-02-02_monica,life_event_types,created_at,TIMESTAMP,date
drawSQL-mysql-export-2026-02-02_monica,life_event_types,updated_at,TIMESTAMP,date
drawSQL-mysql-export-2026-02-02_monica,life_events,id,INT,num
drawSQL-mysql-export-2026-02-02_monica,life_events,account_id,INT,num
drawSQL-mysql-export-2026-02-02_monica,life_events,contact_id,INT,num
drawSQL-mysql-export-2026-02-02_monica,life_events,life_event_type_id,INT,num
drawSQL-mysql-export-2026-02-02_monica,life_events,reminder_id,INT,num
drawSQL-mysql-export-2026-02-02_monica,life_events,name,VARCHAR(255),string
drawSQL-mysql-export-2026-02-02_monica,life_events,note,MEDIUMTEXT,string
drawSQL-mysql-export-2026-02-02_monica,life_events,happened_at,DATETIME,date
drawSQL-mysql-export-2026-02-02_monica,life_events,happened_at_month_unknown,TINYINT,num
drawSQL-mysql-export-2026-02-02_monica,life_events,happened_at_day_unknown,TINYINT,num
drawSQL-mysql-export-2026-02-02_monica,life_events,specific_information,TEXT,string
drawSQL-mysql-export-2026-02-02_monica,life_events,created_at,TIMESTAMP,date
drawSQL-mysql-export-2026-02-02_monica,life_events,updated_at,TIMESTAMP,date
drawSQL-mysql-export-2026-02-02_monica,messages,id,INT,num
drawSQL-mysql-export-2026-02-02_monica,messages,account_id,INT,num
drawSQL-mysql-export-2026-02-02_monica,messages,contact_id,INT,num
drawSQL-mysql-export-2026-02-02_monica,messages,conversation_id,INT,num
drawSQL-mysql-export-2026-02-02_monica,messages,content,LONGTEXT,string
drawSQL-mysql-export-2026-02-02_monica,messages,written_at,DATETIME,date
drawSQL-mysql-export-2026-02-02_monica,messages,written_by_me,TINYINT,num
drawSQL-mysql-export-2026-02-02_monica,messages,created_at,TIMESTAMP,date
drawSQL-mysql-export-2026-02-02_monica,messages,updated_at,TIMESTAMP,date
drawSQL-mysql-export-2026-02-02_monica,metadata_love_relationships,id,INT,num
drawSQL-mysql-export-2026-02-02_monica,metadata_love_relationships,account_id,INT,num
drawSQL-mysql-export-2026-02-02_monica,metadata_love_relationships,relationship_id,INT,num
drawSQL-mysql-export-2026-02-02_monica,metadata_love_relationships,is_active,TINYINT,num
drawSQL-mysql-export-2026-02-02_monica,metadata_love_relationships,notes,MEDIUMTEXT,string
drawSQL-mysql-export-2026-02-02_monica,metadata_love_relationships,meet_date,DATETIME,date
drawSQL-mysql-export-2026-02-02_monica,metadata_love_relationships,official_date,DATETIME,date
drawSQL-mysql-export-2026-02-02_monica,metadata_love_relationships,breakup_date,DATETIME,date
drawSQL-mysql-export-2026-02-02_monica,metadata_love_relationships,breakup_reason,MEDIUMTEXT,string
drawSQL-mysql-export-2026-02-02_monica,metadata_love_relationships,created_at,TIMESTAMP,date
drawSQL-mysql-export-2026-02-02_monica,metadata_love_relationships,updated_at,TIMESTAMP,date
drawSQL-mysql-export-2026-02-02_monica,modules,id,INT,num
drawSQL-mysql-export-2026-02-02_monica,modules,account_id,INT,num
drawSQL-mysql-export-2026-02-02_monica,modules,key,VARCHAR(255),string
drawSQL-mysql-export-2026-02-02_monica,modules,translation_key,VARCHAR(255),string
drawSQL-mysql-export-2026-02-02_monica,modules,active,TINYINT,num
drawSQL-mysql-export-2026-02-02_monica,modules,delible,TINYINT,num
drawSQL-mysql-export-2026-02-02_monica,modules,created_at,TIMESTAMP,date
drawSQL-mysql-export-2026-02-02_monica,modules,updated_at,TIMESTAMP,date
drawSQL-mysql-export-2026-02-02_monica,notes,id,INT,num
drawSQL-mysql-export-2026-02-02_monica,notes,account_id,INT,num
drawSQL-mysql-export-2026-02-02_monica,notes,contact_id,INT,num
drawSQL-mysql-export-2026-02-02_monica,notes,body,MEDIUMTEXT,string
drawSQL-mysql-export-2026-02-02_monica,notes,is_favorited,TINYINT,num
drawSQL-mysql-export-2026-02-02_monica,notes,favorited_at,DATE,date
drawSQL-mysql-export-2026-02-02_monica,notes,created_at,TIMESTAMP,date
drawSQL-mysql-export-2026-02-02_monica,notes,updated_at,TIMESTAMP,date
drawSQL-mysql-export-2026-02-02_monica,oauth_access_tokens,id,VARCHAR(255),string
drawSQL-mysql-export-2026-02-02_monica,oauth_access_tokens,user_id,BIGINT,num
drawSQL-mysql-export-2026-02-02_monica,oauth_access_tokens,client_id,BIGINT,num
drawSQL-mysql-export-2026-02-02_monica,oauth_access_tokens,name,VARCHAR(255),string
drawSQL-mysql-export-2026-02-02_monica,oauth_access_tokens,scopes,TEXT,string
drawSQL-mysql-export-2026-02-02_monica,oauth_access_tokens,revoked,TINYINT,num
drawSQL-mysql-export-2026-02-02_monica,oauth_access_tokens,created_at,TIMESTAMP,date
drawSQL-mysql-export-2026-02-02_monica,oauth_access_tokens,updated_at,TIMESTAMP,date
drawSQL-mysql-export-2026-02-02_monica,oauth_access_tokens,expires_at,DATETIME,date
drawSQL-mysql-export-2026-02-02_monica,oauth_auth_codes,id,VARCHAR(255),string
drawSQL-mysql-export-2026-02-02_monica,oauth_auth_codes,user_id,BIGINT,num
drawSQL-mysql-export-2026-02-02_monica,oauth_auth_codes,client_id,BIGINT,num
drawSQL-mysql-export-2026-02-02_monica,oauth_auth_codes,scopes,TEXT,string
drawSQL-mysql-export-2026-02-02_monica,oauth_auth_codes,revoked,TINYINT,num
drawSQL-mysql-export-2026-02-02_monica,oauth_auth_codes,expires_at,DATETIME,date
drawSQL-mysql-export-2026-02-02_monica,oauth_clients,id,BIGINT,num
drawSQL-mysql-export-2026-02-02_monica,oauth_clients,user_id,BIGINT,num
drawSQL-mysql-export-2026-02-02_monica,oauth_clients,name,VARCHAR(255),string
drawSQL-mysql-export-2026-02-02_monica,oauth_clients,secret,VARCHAR(255),string
drawSQL-mysql-export-2026-02-02_monica,oauth_clients,redirect,TEXT,string
drawSQL-mysql-export-2026-02-02_monica,oauth_clients,personal_access_client,TINYINT,num
drawSQL-mysql-export-2026-02-02_monica,oauth_clients,password_client,TINYINT,num
drawSQL-mysql-export-2026-02-02_monica,oauth_clients,revoked,TINYINT,num
drawSQL-mysql-export-2026-02-02_monica,oauth_clients,created_at,TIMESTAMP,date
drawSQL-mysql-export-2026-02-02_monica,oauth_clients,updated_at,TIMESTAMP,date
drawSQL-mysql-export-2026-02-02_monica,oauth_personal_access_clients,id,BIGINT,num
drawSQL-mysql-export-2026-02-02_monica,oauth_personal_access_clients,client_id,BIGINT,num
drawSQL-mysql-export-2026-02-02_monica,oauth_personal_access_clients,created_at,TIMESTAMP,date
drawSQL-mysql-export-2026-02-02_monica,oauth_personal_access_clients,updated_at,TIMESTAMP,date
drawSQL-mysql-export-2026-02-02_monica,oauth_refresh_tokens,id,VARCHAR(255),string
drawSQL-mysql-export-2026-02-02_monica,oauth_refresh_tokens,access_token_id,VARCHAR(255),string
drawSQL-mysql-export-2026-02-02_monica,oauth_refresh_tokens,revoked,TINYINT,num
drawSQL-mysql-export-2026-02-02_monica,oauth_refresh_tokens,expires_at,DATETIME,date
drawSQL-mysql-export-2026-02-02_monica,occupations,id,INT,num
drawSQL-mysql-export-2026-02-02_monica,occupations,account_id,INT,num
drawSQL-mysql-export-2026-02-02_monica,occupations,contact_id,INT,num
drawSQL-mysql-export-2026-02-02_monica,occupations,company_id,INT,num
drawSQL-mysql-export-2026-02-02_monica,occupations,title,VARCHAR(255),string
drawSQL-mysql-export-2026-02-02_monica,occupations,description,VARCHAR(255),string
drawSQL-mysql-export-2026-02-02_monica,occupations,salary,INT,num
drawSQL-mysql-export-2026-02-02_monica,occupations,salary_unit,VARCHAR(255),string
drawSQL-mysql-export-2026-02-02_monica,occupations,currently_works_here,TINYINT,num
drawSQL-mysql-export-2026-02-02_monica,occupations,start_date,DATE,date
drawSQL-mysql-export-2026-02-02_monica,occupations,end_date,DATE,date
drawSQL-mysql-export-2026-02-02_monica,occupations,created_at,TIMESTAMP,date
drawSQL-mysql-export-2026-02-02_monica,occupations,updated_at,TIMESTAMP,date
drawSQL-mysql-export-2026-02-02_monica,password_resets,email,VARCHAR(255),string
drawSQL-mysql-export-2026-02-02_monica,password_resets,token,VARCHAR(255),string
drawSQL-mysql-export-2026-02-02_monica,password_resets,created_at,TIMESTAMP,date
drawSQL-mysql-export-2026-02-02_monica,pet_categories,id,INT,num
drawSQL-mysql-export-2026-02-02_monica,pet_categories,name,VARCHAR(255),string
drawSQL-mysql-export-2026-02-02_monica,pet_categories,is_common,TINYINT,num
drawSQL-mysql-export-2026-02-02_monica,pet_categories,created_at,TIMESTAMP,date
drawSQL-mysql-export-2026-02-02_monica,pet_categories,updated_at,TIMESTAMP,date
drawSQL-mysql-export-2026-02-02_monica,pets,id,INT,num
drawSQL-mysql-export-2026-02-02_monica,pets,account_id,INT,num
drawSQL-mysql-export-2026-02-02_monica,pets,contact_id,INT,num
drawSQL-mysql-export-2026-02-02_monica,pets,pet_category_id,INT,num
drawSQL-mysql-export-2026-02-02_monica,pets,name,VARCHAR(255),string
drawSQL-mysql-export-2026-02-02_monica,pets,created_at,TIMESTAMP,date
drawSQL-mysql-export-2026-02-02_monica,pets,updated_at,TIMESTAMP,date
drawSQL-mysql-export-2026-02-02_monica,photos,id,INT,num
drawSQL-mysql-export-2026-02-02_monica,photos,account_id,INT,num
drawSQL-mysql-export-2026-02-02_monica,photos,original_filename,VARCHAR(255),string
drawSQL-mysql-export-2026-02-02_monica,photos,new_filename,VARCHAR(255),string
drawSQL-mysql-export-2026-02-02_monica,photos,filesize,INT,num
drawSQL-mysql-export-2026-02-02_monica,photos,mime_type,VARCHAR(255),string
drawSQL-mysql-export-2026-02-02_monica,photos,created_at,TIMESTAMP,date
drawSQL-mysql-export-2026-02-02_monica,photos,updated_at,TIMESTAMP,date
drawSQL-mysql-export-2026-02-02_monica,places,id,INT,num
drawSQL-mysql-export-2026-02-02_monica,places,account_id,INT,num
drawSQL-mysql-export-2026-02-02_monica,places,street,VARCHAR(255),string
drawSQL-mysql-export-2026-02-02_monica,places,city,VARCHAR(255),string
drawSQL-mysql-export-2026-02-02_monica,places,province,VARCHAR(255),string
drawSQL-mysql-export-2026-02-02_monica,places,postal_code,VARCHAR(255),string
drawSQL-mysql-export-2026-02-02_monica,places,country,CHAR(255),string
drawSQL-mysql-export-2026-02-02_monica,places,latitude,DOUBLE,num
drawSQL-mysql-export-2026-02-02_monica,places,longitude,DOUBLE,num
drawSQL-mysql-export-2026-02-02_monica,places,created_at,TIMESTAMP,date
drawSQL-mysql-export-2026-02-02_monica,places,updated_at,TIMESTAMP,date
drawSQL-mysql-export-2026-02-02_monica,recovery_codes,id,INT,num
drawSQL-mysql-export-2026-02-02_monica,recovery_codes,account_id,INT,num
drawSQL-mysql-export-2026-02-02_monica,recovery_codes,user_id,INT,num
drawSQL-mysql-export-2026-02-02_monica,recovery_codes,recovery,VARCHAR(255),string
drawSQL-mysql-export-2026-02-02_monica,recovery_codes,used,TINYINT,num
drawSQL-mysql-export-2026-02-02_monica,recovery_codes,created_at,TIMESTAMP,date
drawSQL-mysql-export-2026-02-02_monica,recovery_codes,updated_at,TIMESTAMP,date
drawSQL-mysql-export-2026-02-02_monica,relationship_type_groups,id,INT,num
drawSQL-mysql-export-2026-02-02_monica,relationship_type_groups,account_id,INT,num
drawSQL-mysql-export-2026-02-02_monica,relationship_type_groups,name,VARCHAR(255),string
drawSQL-mysql-export-2026-02-02_monica,relationship_type_groups,delible,TINYINT,num
drawSQL-mysql-export-2026-02-02_monica,relationship_type_groups,created_at,TIMESTAMP,date
drawSQL-mysql-export-2026-02-02_monica,relationship_type_groups,updated_at,TIMESTAMP,date
drawSQL-mysql-export-2026-02-02_monica,relationship_types,id,INT,num
drawSQL-mysql-export-2026-02-02_monica,relationship_types,account_id,INT,num
drawSQL-mysql-export-2026-02-02_monica,relationship_types,name,VARCHAR(255),string
drawSQL-mysql-export-2026-02-02_monica,relationship_types,name_reverse_relationship,VARCHAR(255),string
drawSQL-mysql-export-2026-02-02_monica,relationship_types,relationship_type_group_id,INT,num
drawSQL-mysql-export-2026-02-02_monica,relationship_types,delible,TINYINT,num
drawSQL-mysql-export-2026-02-02_monica,relationship_types,created_at,TIMESTAMP,date
drawSQL-mysql-export-2026-02-02_monica,relationship_types,updated_at,TIMESTAMP,date
drawSQL-mysql-export-2026-02-02_monica,relationships,id,INT,num
drawSQL-mysql-export-2026-02-02_monica,relationships,account_id,INT,num
drawSQL-mysql-export-2026-02-02_monica,relationships,relationship_type_id,INT,num
drawSQL-mysql-export-2026-02-02_monica,relationships,contact_is,INT,num
drawSQL-mysql-export-2026-02-02_monica,relationships,of_contact,INT,num
drawSQL-mysql-export-2026-02-02_monica,relationships,created_at,TIMESTAMP,date
drawSQL-mysql-export-2026-02-02_monica,relationships,updated_at,TIMESTAMP,date
drawSQL-mysql-export-2026-02-02_monica,reminder_outbox,id,INT,num
drawSQL-mysql-export-2026-02-02_monica,reminder_outbox,account_id,INT,num
drawSQL-mysql-export-2026-02-02_monica,reminder_outbox,reminder_id,INT,num
drawSQL-mysql-export-2026-02-02_monica,reminder_outbox,user_id,INT,num
drawSQL-mysql-export-2026-02-02_monica,reminder_outbox,planned_date,DATE,date
drawSQL-mysql-export-2026-02-02_monica,reminder_outbox,nature,VARCHAR(255),string
drawSQL-mysql-export-2026-02-02_monica,reminder_outbox,notification_number_days_before,INT,num
drawSQL-mysql-export-2026-02-02_monica,reminder_outbox,created_at,TIMESTAMP,date
drawSQL-mysql-export-2026-02-02_monica,reminder_outbox,updated_at,TIMESTAMP,date
drawSQL-mysql-export-2026-02-02_monica,reminder_rules,id,INT,num
drawSQL-mysql-export-2026-02-02_monica,reminder_rules,account_id,INT,num
drawSQL-mysql-export-2026-02-02_monica,reminder_rules,number_of_days_before,INT,num
drawSQL-mysql-export-2026-02-02_monica,reminder_rules,active,TINYINT,num
drawSQL-mysql-export-2026-02-02_monica,reminder_rules,created_at,TIMESTAMP,date
drawSQL-mysql-export-2026-02-02_monica,reminder_rules,updated_at,TIMESTAMP,date
drawSQL-mysql-export-2026-02-02_monica,reminder_sent,id,INT,num
drawSQL-mysql-export-2026-02-02_monica,reminder_sent,account_id,INT,num
drawSQL-mysql-export-2026-02-02_monica,reminder_sent,reminder_id,INT,num
drawSQL-mysql-export-2026-02-02_monica,reminder_sent,user_id,INT,num
drawSQL-mysql-export-2026-02-02_monica,reminder_sent,planned_date,DATE,date
drawSQL-mysql-export-2026-02-02_monica,reminder_sent,sent_date,DATETIME,date
drawSQL-mysql-export-2026-02-02_monica,reminder_sent,nature,VARCHAR(255),string
drawSQL-mysql-export-2026-02-02_monica,reminder_sent,frequency_type,VARCHAR(255),string
drawSQL-mysql-export-2026-02-02_monica,reminder_sent,frequency_number,INT,num
drawSQL-mysql-export-2026-02-02_monica,reminder_sent,html_content,LONGTEXT,string
drawSQL-mysql-export-2026-02-02_monica,reminder_sent,text_content,LONGTEXT,string
drawSQL-mysql-export-2026-02-02_monica,reminder_sent,created_at,TIMESTAMP,date
drawSQL-mysql-export-2026-02-02_monica,reminder_sent,updated_at,TIMESTAMP,date
drawSQL-mysql-export-2026-02-02_monica,reminders,id,INT,num
drawSQL-mysql-export-2026-02-02_monica,reminders,account_id,INT,num
drawSQL-mysql-export-2026-02-02_monica,reminders,contact_id,INT,num
drawSQL-mysql-export-2026-02-02_monica,reminders,initial_date,DATE,date
drawSQL-mysql-export-2026-02-02_monica,reminders,title,MEDIUMTEXT,string
drawSQL-mysql-export-2026-02-02_monica,reminders,description,LONGTEXT,string
drawSQL-mysql-export-2026-02-02_monica,reminders,frequency_type,VARCHAR(255),string
drawSQL-mysql-export-2026-02-02_monica,reminders,frequency_number,INT,num
drawSQL-mysql-export-2026-02-02_monica,reminders,delible,TINYINT,num
drawSQL-mysql-export-2026-02-02_monica,reminders,inactive,TINYINT,num
drawSQL-mysql-export-2026-02-02_monica,reminders,created_at,TIMESTAMP,date
drawSQL-mysql-export-2026-02-02_monica,reminders,updated_at,TIMESTAMP,date
drawSQL-mysql-export-2026-02-02_monica,sessions,id,VARCHAR(255),string
drawSQL-mysql-export-2026-02-02_monica,sessions,user_id,INT,num
drawSQL-mysql-export-2026-02-02_monica,sessions,ip_address,VARCHAR(255),string
drawSQL-mysql-export-2026-02-02_monica,sessions,user_agent,TEXT,string
drawSQL-mysql-export-2026-02-02_monica,sessions,payload,TEXT,string
drawSQL-mysql-export-2026-02-02_monica,sessions,last_activity,INT,num
drawSQL-mysql-export-2026-02-02_monica,special_dates,id,INT,num
drawSQL-mysql-export-2026-02-02_monica,special_dates,account_id,INT,num
drawSQL-mysql-export-2026-02-02_monica,special_dates,contact_id,INT,num
drawSQL-mysql-export-2026-02-02_monica,special_dates,uuid,CHAR(255),string
drawSQL-mysql-export-2026-02-02_monica,special_dates,is_age_based,TINYINT,num
drawSQL-mysql-export-2026-02-02_monica,special_dates,is_year_unknown,TINYINT,num
drawSQL-mysql-export-2026-02-02_monica,special_dates,date,DATE,date
drawSQL-mysql-export-2026-02-02_monica,special_dates,created_at,TIMESTAMP,date
drawSQL-mysql-export-2026-02-02_monica,special_dates,updated_at,TIMESTAMP,date
drawSQL-mysql-export-2026-02-02_monica,statistics,id,INT,num
drawSQL-mysql-export-2026-02-02_monica,statistics,number_of_users,INT,num
drawSQL-mysql-export-2026-02-02_monica,statistics,number_of_contacts,INT,num
drawSQL-mysql-export-2026-02-02_monica,statistics,number_of_notes,INT,num
drawSQL-mysql-export-2026-02-02_monica,statistics,number_of_oauth_access_tokens,INT,num
drawSQL-mysql-export-2026-02-02_monica,statistics,number_of_oauth_clients,INT,num
drawSQL-mysql-export-2026-02-02_monica,statistics,number_of_offsprings,INT,num
drawSQL-mysql-export-2026-02-02_monica,statistics,number_of_progenitors,INT,num
drawSQL-mysql-export-2026-02-02_monica,statistics,number_of_relationships,INT,num
drawSQL-mysql-export-2026-02-02_monica,statistics,number_of_subscriptions,INT,num
drawSQL-mysql-export-2026-02-02_monica,statistics,number_of_reminders,INT,num
drawSQL-mysql-export-2026-02-02_monica,statistics,number_of_tasks,INT,num
drawSQL-mysql-export-2026-02-02_monica,statistics,number_of_kids,INT,num
drawSQL-mysql-export-2026-02-02_monica,statistics,number_of_activities,INT,num
drawSQL-mysql-export-2026-02-02_monica,statistics,number_of_addresses,INT,num
drawSQL-mysql-export-2026-02-02_monica,statistics,number_of_api_calls,INT,num
drawSQL-mysql-export-2026-02-02_monica,statistics,number_of_calls,INT,num
drawSQL-mysql-export-2026-02-02_monica,statistics,number_of_contact_fields,INT,num
drawSQL-mysql-export-2026-02-02_monica,statistics,number_of_contact_field_types,INT,num
drawSQL-mysql-export-2026-02-02_monica,statistics,number_of_debts,INT,num
drawSQL-mysql-export-2026-02-02_monica,statistics,number_of_entries,INT,num
drawSQL-mysql-export-2026-02-02_monica,statistics,number_of_gifts,INT,num
drawSQL-mysql-export-2026-02-02_monica,statistics,number_of_invitations_sent,INT,num
drawSQL-mysql-export-2026-02-02_monica,statistics,number_of_accounts_with_more_than_one_user,INT,num
drawSQL-mysql-export-2026-02-02_monica,statistics,number_of_tags,INT,num
drawSQL-mysql-export-2026-02-02_monica,statistics,number_of_import_jobs,INT,num
drawSQL-mysql-export-2026-02-02_monica,statistics,number_of_conversations,INT,num
drawSQL-mysql-export-2026-02-02_monica,statistics,number_of_messages,INT,num
drawSQL-mysql-export-2026-02-02_monica,statistics,created_at,TIMESTAMP,date
drawSQL-mysql-export-2026-02-02_monica,statistics,updated_at,TIMESTAMP,date
drawSQL-mysql-export-2026-02-02_monica,subscriptions,id,INT,num
drawSQL-mysql-export-2026-02-02_monica,subscriptions,account_id,INT,num
drawSQL-mysql-export-2026-02-02_monica,subscriptions,name,VARCHAR(255),string
drawSQL-mysql-export-2026-02-02_monica,subscriptions,stripe_id,VARCHAR(255),string
drawSQL-mysql-export-2026-02-02_monica,subscriptions,stripe_status,VARCHAR(255),string
drawSQL-mysql-export-2026-02-02_monica,subscriptions,stripe_plan,VARCHAR(255),string
drawSQL-mysql-export-2026-02-02_monica,subscriptions,quantity,INT,num
drawSQL-mysql-export-2026-02-02_monica,subscriptions,trial_ends_at,TIMESTAMP,date
drawSQL-mysql-export-2026-02-02_monica,subscriptions,ends_at,TIMESTAMP,date
drawSQL-mysql-export-2026-02-02_monica,subscriptions,created_at,TIMESTAMP,date
drawSQL-mysql-export-2026-02-02_monica,subscriptions,updated_at,TIMESTAMP,date
drawSQL-mysql-export-2026-02-02_monica,synctoken,id,INT,num
drawSQL-mysql-export-2026-02-02_monica,synctoken,account_id,INT,num
drawSQL-mysql-export-2026-02-02_monica,synctoken,user_id,INT,num
drawSQL-mysql-export-2026-02-02_monica,synctoken,name,VARCHAR(255),string
drawSQL-mysql-export-2026-02-02_monica,synctoken,timestamp,TIMESTAMP,date
drawSQL-mysql-export-2026-02-02_monica,synctoken,created_at,TIMESTAMP,date
drawSQL-mysql-export-2026-02-02_monica,synctoken,updated_at,TIMESTAMP,date
drawSQL-mysql-export-2026-02-02_monica,tags,id,INT,num
drawSQL-mysql-export-2026-02-02_monica,tags,account_id,INT,num
drawSQL-mysql-export-2026-02-02_monica,tags,name,VARCHAR(255),string
drawSQL-mysql-export-2026-02-02_monica,tags,name_slug,VARCHAR(255),string
drawSQL-mysql-export-2026-02-02_monica,tags,description,MEDIUMTEXT,string
drawSQL-mysql-export-2026-02-02_monica,tags,created_at,TIMESTAMP,date
drawSQL-mysql-export-2026-02-02_monica,tags,updated_at,TIMESTAMP,date
drawSQL-mysql-export-2026-02-02_monica,tasks,id,INT,num
drawSQL-mysql-export-2026-02-02_monica,tasks,account_id,INT,num
drawSQL-mysql-export-2026-02-02_monica,tasks,contact_id,INT,num
drawSQL-mysql-export-2026-02-02_monica,tasks,uuid,CHAR(255),string
drawSQL-mysql-export-2026-02-02_monica,tasks,title,VARCHAR(255),string
drawSQL-mysql-export-2026-02-02_monica,tasks,description,LONGTEXT,string
drawSQL-mysql-export-2026-02-02_monica,tasks,completed,TINYINT,num
drawSQL-mysql-export-2026-02-02_monica,tasks,completed_at,DATETIME,date
drawSQL-mysql-export-2026-02-02_monica,tasks,created_at,TIMESTAMP,date
drawSQL-mysql-export-2026-02-02_monica,tasks,updated_at,TIMESTAMP,date
drawSQL-mysql-export-2026-02-02_monica,term_user,account_id,INT,num
drawSQL-mysql-export-2026-02-02_monica,term_user,user_id,INT,num
drawSQL-mysql-export-2026-02-02_monica,term_user,term_id,INT,num
drawSQL-mysql-export-2026-02-02_monica,term_user,ip_address,VARCHAR(255),string
drawSQL-mysql-export-2026-02-02_monica,term_user,created_at,TIMESTAMP,date
drawSQL-mysql-export-2026-02-02_monica,term_user,updated_at,TIMESTAMP,date
drawSQL-mysql-export-2026-02-02_monica,terms,id,INT,num
drawSQL-mysql-export-2026-02-02_monica,terms,term_version,VARCHAR(255),string
drawSQL-mysql-export-2026-02-02_monica,terms,term_content,MEDIUMTEXT,string
drawSQL-mysql-export-2026-02-02_monica,terms,privacy_version,VARCHAR(255),string
drawSQL-mysql-export-2026-02-02_monica,terms,privacy_content,MEDIUMTEXT,string
drawSQL-mysql-export-2026-02-02_monica,terms,created_at,TIMESTAMP,date
drawSQL-mysql-export-2026-02-02_monica,terms,updated_at,TIMESTAMP,date
drawSQL-mysql-export-2026-02-02_monica,u2f_key,id,INT,num
drawSQL-mysql-export-2026-02-02_monica,u2f_key,name,VARCHAR(255),string
drawSQL-mysql-export-2026-02-02_monica,u2f_key,user_id,INT,num
drawSQL-mysql-export-2026-02-02_monica,u2f_key,keyHandle,VARCHAR(255),string
drawSQL-mysql-export-2026-02-02_monica,u2f_key,publicKey,VARCHAR(255),string
drawSQL-mysql-export-2026-02-02_monica,u2f_key,certificate,TEXT,string
drawSQL-mysql-export-2026-02-02_monica,u2f_key,counter,INT,num
drawSQL-mysql-export-2026-02-02_monica,u2f_key,created_at,TIMESTAMP,date
drawSQL-mysql-export-2026-02-02_monica,u2f_key,updated_at,TIMESTAMP,date
drawSQL-mysql-export-2026-02-02_monica,users,id,INT,num
drawSQL-mysql-export-2026-02-02_monica,users,first_name,VARCHAR(255),string
drawSQL-mysql-export-2026-02-02_monica,users,last_name,VARCHAR(255),string
drawSQL-mysql-export-2026-02-02_monica,users,email,VARCHAR(255),string
drawSQL-mysql-export-2026-02-02_monica,users,me_contact_id,INT,num
drawSQL-mysql-export-2026-02-02_monica,users,admin,TINYINT,num
drawSQL-mysql-export-2026-02-02_monica,users,email_verified_at,TIMESTAMP,date
drawSQL-mysql-export-2026-02-02_monica,users,password,VARCHAR(255),string
drawSQL-mysql-export-2026-02-02_monica,users,remember_token,VARCHAR(255),string
drawSQL-mysql-export-2026-02-02_monica,users,google2fa_secret,VARCHAR(255),string
drawSQL-mysql-export-2026-02-02_monica,users,account_id,INT,num
drawSQL-mysql-export-2026-02-02_monica,users,timezone,VARCHAR(255),string
drawSQL-mysql-export-2026-02-02_monica,users,currency_id,INT,num
drawSQL-mysql-export-2026-02-02_monica,users,locale,VARCHAR(255),string
drawSQL-mysql-export-2026-02-02_monica,users,metric,VARCHAR(255),string
drawSQL-mysql-export-2026-02-02_monica,users,fluid_container,VARCHAR(255),string
drawSQL-mysql-export-2026-02-02_monica,users,contacts_sort_order,VARCHAR(255),string
drawSQL-mysql-export-2026-02-02_monica,users,name_order,VARCHAR(255),string
drawSQL-mysql-export-2026-02-02_monica,users,invited_by_user_id,INT,num
drawSQL-mysql-export-2026-02-02_monica,users,dashboard_active_tab,VARCHAR(255),string
drawSQL-mysql-export-2026-02-02_monica,users,gifts_active_tab,VARCHAR(255),string
drawSQL-mysql-export-2026-02-02_monica,users,profile_active_tab,VARCHAR(255),string
drawSQL-mysql-export-2026-02-02_monica,users,profile_new_life_event_badge_seen,TINYINT,num
drawSQL-mysql-export-2026-02-02_monica,users,temperature_scale,VARCHAR(255),string
drawSQL-mysql-export-2026-02-02_monica,users,created_at,TIMESTAMP,date
drawSQL-mysql-export-2026-02-02_monica,users,updated_at,TIMESTAMP,date
drawSQL-mysql-export-2026-02-02_monica,weather,id,INT,num
drawSQL-mysql-export-2026-02-02_monica,weather,account_id,INT,num
drawSQL-mysql-export-2026-02-02_monica,weather,place_id,INT,num
drawSQL-mysql-export-2026-02-02_monica,weather,weather_json,VARCHAR(255),string
drawSQL-mysql-export-2026-02-02_monica,weather,created_at,TIMESTAMP,date
drawSQL-mysql-export-2026-02-02_monica,weather,updated_at,TIMESTAMP,date
drawSQL-mysql-export-2026-02-02_monica,webauthn_keys,id,INT,num
drawSQL-mysql-export-2026-02-02_monica,webauthn_keys,user_id,INT,num
drawSQL-mysql-export-2026-02-02_monica,webauthn_keys,name,VARCHAR(255),string
drawSQL-mysql-export-2026-02-02_monica,webauthn_keys,credentialId,VARCHAR(255),string
drawSQL-mysql-export-2026-02-02_monica,webauthn_keys,type,VARCHAR(255),string
drawSQL-mysql-export-2026-02-02_monica,webauthn_keys,transports,TEXT,string
drawSQL-mysql-export-2026-02-02_monica,webauthn_keys,attestationType,VARCHAR(255),string
drawSQL-mysql-export-2026-02-02_monica,webauthn_keys,trustPath,TEXT,string
drawSQL-mysql-export-2026-02-02_monica,webauthn_keys,aaguid,TEXT,string
drawSQL-mysql-export-2026-02-02_monica,webauthn_keys,credentialPublicKey,TEXT,string
drawSQL-mysql-export-2026-02-02_monica,webauthn_keys,counter,INT,num
drawSQL-mysql-export-2026-02-02_monica,webauthn_keys,created_at,TIMESTAMP,date
drawSQL-mysql-export-2026-02-02_monica,webauthn_keys,updated_at,TIMESTAMP,date
drawSQL-mysql-export-2026-02-02_reversion,auth_user,id,INT,num
drawSQL-mysql-export-2026-02-02_reversion,django_content_type,id,INT,num
drawSQL-mysql-export-2026-02-02_reversion,reversion_revision,id,INT,num
drawSQL-mysql-export-2026-02-02_reversion,reversion_revision,date_created,DATETIME,date
drawSQL-mysql-export-2026-02-02_reversion,reversion_revision,comment,TEXT,string
drawSQL-mysql-export-2026-02-02_reversion,reversion_revision,user_id,INT,num
drawSQL-mysql-export-2026-02-02_reversion,reversion_version,id,INT,num
drawSQL-mysql-export-2026-02-02_reversion,reversion_version,object_id,VARCHAR(255),string
drawSQL-mysql-export-2026-02-02_reversion,reversion_version,format,VARCHAR(255),string
drawSQL-mysql-export-2026-02-02_reversion,reversion_version,serialized_data,TEXT,string
drawSQL-mysql-export-2026-02-02_reversion,reversion_version,object_repr,TEXT,string
drawSQL-mysql-export-2026-02-02_reversion,reversion_version,content_type_id,INT,num
drawSQL-mysql-export-2026-02-02_reversion,reversion_version,revision_id,INT,num
drawSQL-mysql-export-2026-02-02_reversion,reversion_version,db,VARCHAR(255),string
drawSQL-mysql-export-2026-02-02_robots,robots_rule,id,INT,num
drawSQL-mysql-export-2026-02-02_robots,robots_rule,robot,VARCHAR(255),string
drawSQL-mysql-export-2026-02-02_robots,robots_rule,crawl_delay,"DECIMAL(8, 2)",num
drawSQL-mysql-export-2026-02-02_robots,django_site,id,INT,num
drawSQL-mysql-export-2026-02-02_robots,django_site,domain,VARCHAR(255),string
drawSQL-mysql-export-2026-02-02_robots,django_site,name,VARCHAR(255),string
drawSQL-mysql-export-2026-02-02_robots,robots_rule_allowed,id,INT,num
drawSQL-mysql-export-2026-02-02_robots,robots_rule_allowed,rule_id,INT,num
drawSQL-mysql-export-2026-02-02_robots,robots_rule_allowed,url_id,INT,num
drawSQL-mysql-export-2026-02-02_robots,robots_rule_disallowed,id,INT,num
drawSQL-mysql-export-2026-02-02_robots,robots_rule_disallowed,rule_id,INT,num
drawSQL-mysql-export-2026-02-02_robots,robots_rule_disallowed,url_id,INT,num
drawSQL-mysql-export-2026-02-02_robots,robots_rule_sites,id,INT,num
drawSQL-mysql-export-2026-02-02_robots,robots_rule_sites,rule_id,INT,num
drawSQL-mysql-export-2026-02-02_robots,robots_rule_sites,site_id,INT,num
drawSQL-mysql-export-2026-02-02_robots,robots_url,id,INT,num
drawSQL-mysql-export-2026-02-02_robots,robots_url,pattern,VARCHAR(255),string
drawSQL-mysql-export-2026-02-02_silk,silk_profile,id,INT,num
drawSQL-mysql-export-2026-02-02_silk,silk_profile,name,VARCHAR(255),string
drawSQL-mysql-export-2026-02-02_silk,silk_profile,start_time,DATETIME,date
drawSQL-mysql-export-2026-02-02_silk,silk_profile,end_time,DATETIME,date
drawSQL-mysql-export-2026-02-02_silk,silk_profile,time_taken,DOUBLE,num
drawSQL-mysql-export-2026-02-02_silk,silk_profile,file_path,VARCHAR(255),string
drawSQL-mysql-export-2026-02-02_silk,silk_profile,line_num,INT,num
drawSQL-mysql-export-2026-02-02_silk,silk_profile,end_line_num,INT,num
drawSQL-mysql-export-2026-02-02_silk,silk_profile,func_name,VARCHAR(255),string
drawSQL-mysql-export-2026-02-02_silk,silk_profile,exception_raised,TINYINT,num
drawSQL-mysql-export-2026-02-02_silk,silk_profile,dynamic,TINYINT,num
drawSQL-mysql-export-2026-02-02_silk,silk_profile,request_id,VARCHAR(255),string
drawSQL-mysql-export-2026-02-02_silk,silk_profile_queries,id,INT,num
drawSQL-mysql-export-2026-02-02_silk,silk_profile_queries,profile_id,INT,num
drawSQL-mysql-export-2026-02-02_silk,silk_profile_queries,sqlquery_id,INT,num
drawSQL-mysql-export-2026-02-02_silk,silk_request,id,VARCHAR(255),string
drawSQL-mysql-export-2026-02-02_silk,silk_request,path,VARCHAR(255),string
drawSQL-mysql-export-2026-02-02_silk,silk_request,query_params,LONGTEXT,string
drawSQL-mysql-export-2026-02-02_silk,silk_request,raw_body,LONGTEXT,string
drawSQL-mysql-export-2026-02-02_silk,silk_request,body,LONGTEXT,string
drawSQL-mysql-export-2026-02-02_silk,silk_request,method,VARCHAR(255),string
drawSQL-mysql-export-2026-02-02_silk,silk_request,start_time,DATETIME,date
drawSQL-mysql-export-2026-02-02_silk,silk_request,view_name,VARCHAR(255),string
drawSQL-mysql-export-2026-02-02_silk,silk_request,end_time,DATETIME,date
drawSQL-mysql-export-2026-02-02_silk,silk_request,time_taken,DOUBLE,num
drawSQL-mysql-export-2026-02-02_silk,silk_request,encoded_headers,LONGTEXT,string
drawSQL-mysql-export-2026-02-02_silk,silk_request,meta_time,DOUBLE,num
drawSQL-mysql-export-2026-02-02_silk,silk_request,meta_num_queries,INT,num
drawSQL-mysql-export-2026-02-02_silk,silk_request,meta_time_spent_queries,DOUBLE,num
drawSQL-mysql-export-2026-02-02_silk,silk_request,pyprofile,LONGTEXT,string
drawSQL-mysql-export-2026-02-02_silk,silk_request,num_sql_queries,INT,num
drawSQL-mysql-export-2026-02-02_silk,silk_request,prof_file,VARCHAR(255),string
drawSQL-mysql-export-2026-02-02_silk,silk_response,id,VARCHAR(255),string
drawSQL-mysql-export-2026-02-02_silk,silk_response,status_code,INT,num
drawSQL-mysql-export-2026-02-02_silk,silk_response,raw_body,LONGTEXT,string
drawSQL-mysql-export-2026-02-02_silk,silk_response,body,LONGTEXT,string
drawSQL-mysql-export-2026-02-02_silk,silk_response,encoded_headers,LONGTEXT,string
drawSQL-mysql-export-2026-02-02_silk,silk_response,request_id,VARCHAR(255),string
drawSQL-mysql-export-2026-02-02_silk,silk_sqlquery,id,INT,num
drawSQL-mysql-export-2026-02-02_silk,silk_sqlquery,query,LONGTEXT,string
drawSQL-mysql-export-2026-02-02_silk,silk_sqlquery,start_time,DATETIME,date
drawSQL-mysql-export-2026-02-02_silk,silk_sqlquery,end_time,DATETIME,date
drawSQL-mysql-export-2026-02-02_silk,silk_sqlquery,time_taken,DOUBLE,num
drawSQL-mysql-export-2026-02-02_silk,silk_sqlquery,traceback,LONGTEXT,string
drawSQL-mysql-export-2026-02-02_silk,silk_sqlquery,request_id,VARCHAR(255),string
drawSQL-mysql-export-2026-02-02_silk,silk_sqlquery,identifier,INT,num
drawSQL-mysql-export-2026-02-02_taggit,taggit_tag,id,INT,num
drawSQL-mysql-export-2026-02-02_taggit,taggit_tag,name,VARCHAR(255),string
drawSQL-mysql-export-2026-02-02_taggit,taggit_tag,slug,VARCHAR(255),string
drawSQL-mysql-export-2026-02-02_taggit,taggit_taggeditem,id,INT,num
drawSQL-mysql-export-2026-02-02_taggit,taggit_taggeditem,object_id,INT,num
drawSQL-mysql-export-2026-02-02_taggit,taggit_taggeditem,content_type_id,INT,num
drawSQL-mysql-export-2026-02-02_taggit,taggit_taggeditem,tag_id,INT,num
drawSQL-mysql-export-2026-02-02_two_factor_auth,auth_user,id,INT,num
drawSQL-mysql-export-2026-02-02_two_factor_auth,auth_user,password,VARCHAR(255),string
drawSQL-mysql-export-2026-02-02_two_factor_auth,auth_user,last_login,DATETIME,date
drawSQL-mysql-export-2026-02-02_two_factor_auth,auth_user,is_superuser,TINYINT,num
drawSQL-mysql-export-2026-02-02_two_factor_auth,auth_user,username,VARCHAR(255),string
drawSQL-mysql-export-2026-02-02_two_factor_auth,auth_user,first_name,VARCHAR(255),string
drawSQL-mysql-export-2026-02-02_two_factor_auth,auth_user,last_name,VARCHAR(255),string
drawSQL-mysql-export-2026-02-02_two_factor_auth,auth_user,email,VARCHAR(255),string
drawSQL-mysql-export-2026-02-02_two_factor_auth,auth_user,is_staff,TINYINT,num
drawSQL-mysql-export-2026-02-02_two_factor_auth,auth_user,is_active,TINYINT,num
drawSQL-mysql-export-2026-02-02_two_factor_auth,auth_user,date_joined,DATETIME,date
drawSQL-mysql-export-2026-02-02_two_factor_auth,two_factor_phonedevice,id,INT,num
drawSQL-mysql-export-2026-02-02_two_factor_auth,two_factor_phonedevice,name,VARCHAR(255),string
drawSQL-mysql-export-2026-02-02_two_factor_auth,two_factor_phonedevice,confirmed,TINYINT,num
drawSQL-mysql-export-2026-02-02_two_factor_auth,two_factor_phonedevice,number,VARCHAR(255),string
drawSQL-mysql-export-2026-02-02_two_factor_auth,two_factor_phonedevice,key,VARCHAR(255),string
drawSQL-mysql-export-2026-02-02_two_factor_auth,two_factor_phonedevice,method,VARCHAR(255),string
drawSQL-mysql-export-2026-02-02_two_factor_auth,two_factor_phonedevice,user_id,INT,num
drawSQL-mysql-export-2026-02-02_user_sessions,auth_user,id,INT,num
drawSQL-mysql-export-2026-02-02_user_sessions,auth_user,password,VARCHAR(255),string
drawSQL-mysql-export-2026-02-02_user_sessions,auth_user,last_login,DATETIME,date
drawSQL-mysql-export-2026-02-02_user_sessions,auth_user,is_superuser,TINYINT,num
drawSQL-mysql-export-2026-02-02_user_sessions,auth_user,username,VARCHAR(255),string
drawSQL-mysql-export-2026-02-02_user_sessions,auth_user,first_name,VARCHAR(255),string
drawSQL-mysql-export-2026-02-02_user_sessions,auth_user,last_name,VARCHAR(255),string
drawSQL-mysql-export-2026-02-02_user_sessions,auth_user,email,VARCHAR(255),string
drawSQL-mysql-export-2026-02-02_user_sessions,auth_user,is_staff,TINYINT,num
drawSQL-mysql-export-2026-02-02_user_sessions,auth_user,is_active,TINYINT,num
drawSQL-mysql-export-2026-02-02_user_sessions,auth_user,date_joined,DATETIME,date
drawSQL-mysql-export-2026-02-02_user_sessions,user_sessions_session,session_key,VARCHAR(255),string
drawSQL-mysql-export-2026-02-02_user_sessions,user_sessions_session,session_data,LONGTEXT,string
drawSQL-mysql-export-2026-02-02_user_sessions,user_sessions_session,expire_date,DATETIME,date
drawSQL-mysql-export-2026-02-02_user_sessions,user_sessions_session,user_agent,VARCHAR(255),string
drawSQL-mysql-export-2026-02-02_user_sessions,user_sessions_session,last_activity,DATETIME,date
drawSQL-mysql-export-2026-02-02_user_sessions,user_sessions_session,ip,CHAR(255),string
drawSQL-mysql-export-2026-02-02_user_sessions,user_sessions_session,user_id,INT,num
drawSQL-mysql-export-2026-02-02_wagtail,auth_group,id,INT,num
drawSQL-mysql-export-2026-02-02_wagtail,auth_group,name,VARCHAR(255),string
drawSQL-mysql-export-2026-02-02_wagtail,auth_group_permissions,id,INT,num
drawSQL-mysql-export-2026-02-02_wagtail,auth_group_permissions,group_id,INT,num
drawSQL-mysql-export-2026-02-02_wagtail,auth_group_permissions,permission_id,INT,num
drawSQL-mysql-export-2026-02-02_wagtail,auth_permission,id,INT,num
drawSQL-mysql-export-2026-02-02_wagtail,auth_permission,name,VARCHAR(255),string
drawSQL-mysql-export-2026-02-02_wagtail,auth_permission,content_type_id,INT,num
drawSQL-mysql-export-2026-02-02_wagtail,auth_permission,codename,VARCHAR(255),string
drawSQL-mysql-export-2026-02-02_wagtail,auth_user,id,INT,num
drawSQL-mysql-export-2026-02-02_wagtail,auth_user,password,VARCHAR(255),string
drawSQL-mysql-export-2026-02-02_wagtail,auth_user,last_login,DATETIME,date
drawSQL-mysql-export-2026-02-02_wagtail,auth_user,is_superuser,TINYINT,num
drawSQL-mysql-export-2026-02-02_wagtail,auth_user,username,VARCHAR(255),string
drawSQL-mysql-export-2026-02-02_wagtail,auth_user,first_name,VARCHAR(255),string
drawSQL-mysql-export-2026-02-02_wagtail,auth_user,last_name,VARCHAR(255),string
drawSQL-mysql-export-2026-02-02_wagtail,auth_user,email,VARCHAR(255),string
drawSQL-mysql-export-2026-02-02_wagtail,auth_user,is_staff,TINYINT,num
drawSQL-mysql-export-2026-02-02_wagtail,auth_user,is_active,TINYINT,num
drawSQL-mysql-export-2026-02-02_wagtail,auth_user,date_joined,DATETIME,date
drawSQL-mysql-export-2026-02-02_wagtail,auth_user_groups,id,INT,num
drawSQL-mysql-export-2026-02-02_wagtail,auth_user_groups,user_id,INT,num
drawSQL-mysql-export-2026-02-02_wagtail,auth_user_groups,group_id,INT,num
drawSQL-mysql-export-2026-02-02_wagtail,auth_user_user_permissions,id,INT,num
drawSQL-mysql-export-2026-02-02_wagtail,auth_user_user_permissions,user_id,INT,num
drawSQL-mysql-export-2026-02-02_wagtail,auth_user_user_permissions,permission_id,INT,num
drawSQL-mysql-export-2026-02-02_wagtail,django_admin_log,id,INT,num
drawSQL-mysql-export-2026-02-02_wagtail,django_admin_log,action_time,DATETIME,date
drawSQL-mysql-export-2026-02-02_wagtail,django_admin_log,object_id,LONGTEXT,string
drawSQL-mysql-export-2026-02-02_wagtail,django_admin_log,object_repr,VARCHAR(255),string
drawSQL-mysql-export-2026-02-02_wagtail,django_admin_log,action_flag,SMALLINT,num
drawSQL-mysql-export-2026-02-02_wagtail,django_admin_log,change_message,LONGTEXT,string
drawSQL-mysql-export-2026-02-02_wagtail,django_admin_log,content_type_id,INT,num
drawSQL-mysql-export-2026-02-02_wagtail,django_admin_log,user_id,INT,num
drawSQL-mysql-export-2026-02-02_wagtail,django_content_type,id,INT,num
drawSQL-mysql-export-2026-02-02_wagtail,django_content_type,app_label,VARCHAR(255),string
drawSQL-mysql-export-2026-02-02_wagtail,django_content_type,model,VARCHAR(255),string
drawSQL-mysql-export-2026-02-02_wagtail,django_migrations,id,INT,num
drawSQL-mysql-export-2026-02-02_wagtail,django_migrations,app,VARCHAR(255),string
drawSQL-mysql-export-2026-02-02_wagtail,django_migrations,name,VARCHAR(255),string
drawSQL-mysql-export-2026-02-02_wagtail,django_migrations,applied,DATETIME,date
drawSQL-mysql-export-2026-02-02_wagtail,django_session,session_key,VARCHAR(255),string
drawSQL-mysql-export-2026-02-02_wagtail,django_session,session_data,LONGTEXT,string
drawSQL-mysql-export-2026-02-02_wagtail,django_session,expire_date,DATETIME,date
drawSQL-mysql-export-2026-02-02_wagtail,home_homepage,page_ptr_id,INT,num
drawSQL-mysql-export-2026-02-02_wagtail,taggit_tag,id,INT,num
drawSQL-mysql-export-2026-02-02_wagtail,taggit_tag,name,VARCHAR(255),string
drawSQL-mysql-export-2026-02-02_wagtail,taggit_tag,slug,VARCHAR(255),string
drawSQL-mysql-export-2026-02-02_wagtail,taggit_taggeditem,id,INT,num
drawSQL-mysql-export-2026-02-02_wagtail,taggit_taggeditem,object_id,INT,num
drawSQL-mysql-export-2026-02-02_wagtail,taggit_taggeditem,content_type_id,INT,num
drawSQL-mysql-export-2026-02-02_wagtail,taggit_taggeditem,tag_id,INT,num
drawSQL-mysql-export-2026-02-02_wagtail,wagtailcore_collection,id,INT,num
drawSQL-mysql-export-2026-02-02_wagtail,wagtailcore_collection,path,VARCHAR(255),string
drawSQL-mysql-export-2026-02-02_wagtail,wagtailcore_collection,depth,INT,num
drawSQL-mysql-export-2026-02-02_wagtail,wagtailcore_collection,numchild,INT,num
drawSQL-mysql-export-2026-02-02_wagtail,wagtailcore_collection,name,VARCHAR(255),string
drawSQL-mysql-export-2026-02-02_wagtail,wagtailcore_collectionviewrestriction,id,INT,num
drawSQL-mysql-export-2026-02-02_wagtail,wagtailcore_collectionviewrestriction,restriction_type,VARCHAR(255),string
drawSQL-mysql-export-2026-02-02_wagtail,wagtailcore_collectionviewrestriction,password,VARCHAR(255),string
drawSQL-mysql-export-2026-02-02_wagtail,wagtailcore_collectionviewrestriction,collection_id,INT,num
drawSQL-mysql-export-2026-02-02_wagtail,wagtailcore_collectionviewrestriction_groups,id,INT,num
drawSQL-mysql-export-2026-02-02_wagtail,wagtailcore_collectionviewrestriction_groups,collectionviewrestriction_id,INT,num
drawSQL-mysql-export-2026-02-02_wagtail,wagtailcore_collectionviewrestriction_groups,group_id,INT,num
drawSQL-mysql-export-2026-02-02_wagtail,wagtailcore_groupcollectionpermission,id,INT,num
drawSQL-mysql-export-2026-02-02_wagtail,wagtailcore_groupcollectionpermission,collection_id,INT,num
drawSQL-mysql-export-2026-02-02_wagtail,wagtailcore_groupcollectionpermission,group_id,INT,num
drawSQL-mysql-export-2026-02-02_wagtail,wagtailcore_groupcollectionpermission,permission_id,INT,num
drawSQL-mysql-export-2026-02-02_wagtail,wagtailcore_grouppagepermission,id,INT,num
drawSQL-mysql-export-2026-02-02_wagtail,wagtailcore_grouppagepermission,permission_type,VARCHAR(255),string
drawSQL-mysql-export-2026-02-02_wagtail,wagtailcore_grouppagepermission,group_id,INT,num
drawSQL-mysql-export-2026-02-02_wagtail,wagtailcore_grouppagepermission,page_id,INT,num
drawSQL-mysql-export-2026-02-02_wagtail,wagtailcore_page,id,INT,num
drawSQL-mysql-export-2026-02-02_wagtail,wagtailcore_page,path,VARCHAR(255),string
drawSQL-mysql-export-2026-02-02_wagtail,wagtailcore_page,depth,INT,num
drawSQL-mysql-export-2026-02-02_wagtail,wagtailcore_page,numchild,INT,num
drawSQL-mysql-export-2026-02-02_wagtail,wagtailcore_page,title,VARCHAR(255),string
drawSQL-mysql-export-2026-02-02_wagtail,wagtailcore_page,slug,VARCHAR(255),string
drawSQL-mysql-export-2026-02-02_wagtail,wagtailcore_page,live,TINYINT,num
drawSQL-mysql-export-2026-02-02_wagtail,wagtailcore_page,has_unpublished_changes,TINYINT,num
drawSQL-mysql-export-2026-02-02_wagtail,wagtailcore_page,url_path,LONGTEXT,string
drawSQL-mysql-export-2026-02-02_wagtail,wagtailcore_page,seo_title,VARCHAR(255),string
drawSQL-mysql-export-2026-02-02_wagtail,wagtailcore_page,show_in_menus,TINYINT,num
drawSQL-mysql-export-2026-02-02_wagtail,wagtailcore_page,search_description,LONGTEXT,string
drawSQL-mysql-export-2026-02-02_wagtail,wagtailcore_page,go_live_at,DATETIME,date
drawSQL-mysql-export-2026-02-02_wagtail,wagtailcore_page,expire_at,DATETIME,date
drawSQL-mysql-export-2026-02-02_wagtail,wagtailcore_page,expired,TINYINT,num
drawSQL-mysql-export-2026-02-02_wagtail,wagtailcore_page,content_type_id,INT,num
drawSQL-mysql-export-2026-02-02_wagtail,wagtailcore_page,owner_id,INT,num
drawSQL-mysql-export-2026-02-02_wagtail,wagtailcore_page,locked,TINYINT,num
drawSQL-mysql-export-2026-02-02_wagtail,wagtailcore_page,latest_revision_created_at,DATETIME,date
drawSQL-mysql-export-2026-02-02_wagtail,wagtailcore_page,first_published_at,DATETIME,date
drawSQL-mysql-export-2026-02-02_wagtail,wagtailcore_page,live_revision_id,INT,num
drawSQL-mysql-export-2026-02-02_wagtail,wagtailcore_page,last_published_at,DATETIME,date
drawSQL-mysql-export-2026-02-02_wagtail,wagtailcore_page,draft_title,VARCHAR(255),string
drawSQL-mysql-export-2026-02-02_wagtail,wagtailcore_page,locked_at,DATETIME,date
drawSQL-mysql-export-2026-02-02_wagtail,wagtailcore_page,locked_by_id,INT,num
drawSQL-mysql-export-2026-02-02_wagtail,wagtailcore_pagerevision,id,INT,num
drawSQL-mysql-export-2026-02-02_wagtail,wagtailcore_pagerevision,submitted_for_moderation,TINYINT,num
drawSQL-mysql-export-2026-02-02_wagtail,wagtailcore_pagerevision,created_at,DATETIME,date
drawSQL-mysql-export-2026-02-02_wagtail,wagtailcore_pagerevision,content_json,LONGTEXT,string
drawSQL-mysql-export-2026-02-02_wagtail,wagtailcore_pagerevision,approved_go_live_at,DATETIME,date
drawSQL-mysql-export-2026-02-02_wagtail,wagtailcore_pagerevision,page_id,INT,num
drawSQL-mysql-export-2026-02-02_wagtail,wagtailcore_pagerevision,user_id,INT,num
drawSQL-mysql-export-2026-02-02_wagtail,wagtailcore_pageviewrestriction,id,INT,num
drawSQL-mysql-export-2026-02-02_wagtail,wagtailcore_pageviewrestriction,password,VARCHAR(255),string
drawSQL-mysql-export-2026-02-02_wagtail,wagtailcore_pageviewrestriction,page_id,INT,num
drawSQL-mysql-export-2026-02-02_wagtail,wagtailcore_pageviewrestriction,restriction_type,VARCHAR(255),string
drawSQL-mysql-export-2026-02-02_wagtail,wagtailcore_pageviewrestriction_groups,id,INT,num
drawSQL-mysql-export-2026-02-02_wagtail,wagtailcore_pageviewrestriction_groups,pageviewrestriction_id,INT,num
drawSQL-mysql-export-2026-02-02_wagtail,wagtailcore_pageviewrestriction_groups,group_id,INT,num
drawSQL-mysql-export-2026-02-02_wagtail,wagtailcore_site,id,INT,num
drawSQL-mysql-export-2026-02-02_wagtail,wagtailcore_site,hostname,VARCHAR(255),string
drawSQL-mysql-export-2026-02-02_wagtail,wagtailcore_site,port,INT,num
drawSQL-mysql-export-2026-02-02_wagtail,wagtailcore_site,is_default_site,TINYINT,num
drawSQL-mysql-export-2026-02-02_wagtail,wagtailcore_site,root_page_id,INT,num
drawSQL-mysql-export-2026-02-02_wagtail,wagtailcore_site,site_name,VARCHAR(255),string
drawSQL-mysql-export-2026-02-02_wagtail,wagtaildocs_document,id,INT,num
drawSQL-mysql-export-2026-02-02_wagtail,wagtaildocs_document,title,VARCHAR(255),string
drawSQL-mysql-export-2026-02-02_wagtail,wagtaildocs_document,file,VARCHAR(255),string
drawSQL-mysql-export-2026-02-02_wagtail,wagtaildocs_document,created_at,DATETIME,date
drawSQL-mysql-export-2026-02-02_wagtail,wagtaildocs_document,uploaded_by_user_id,INT,num
drawSQL-mysql-export-2026-02-02_wagtail,wagtaildocs_document,collection_id,INT,num
drawSQL-mysql-export-2026-02-02_wagtail,wagtaildocs_document,file_size,INT,num
drawSQL-mysql-export-2026-02-02_wagtail,wagtaildocs_document,file_hash,VARCHAR(255),string
drawSQL-mysql-export-2026-02-02_wagtail,wagtailembeds_embed,id,INT,num
drawSQL-mysql-export-2026-02-02_wagtail,wagtailembeds_embed,url,VARCHAR(255),string
drawSQL-mysql-export-2026-02-02_wagtail,wagtailembeds_embed,max_width,SMALLINT,num
drawSQL-mysql-export-2026-02-02_wagtail,wagtailembeds_embed,type,VARCHAR(255),string
drawSQL-mysql-export-2026-02-02_wagtail,wagtailembeds_embed,html,LONGTEXT,string
drawSQL-mysql-export-2026-02-02_wagtail,wagtailembeds_embed,title,LONGTEXT,string
drawSQL-mysql-export-2026-02-02_wagtail,wagtailembeds_embed,author_name,LONGTEXT,string
drawSQL-mysql-export-2026-02-02_wagtail,wagtailembeds_embed,provider_name,LONGTEXT,string
drawSQL-mysql-export-2026-02-02_wagtail,wagtailembeds_embed,thumbnail_url,VARCHAR(255),string
drawSQL-mysql-export-2026-02-02_wagtail,wagtailembeds_embed,width,INT,num
drawSQL-mysql-export-2026-02-02_wagtail,wagtailembeds_embed,height,INT,num
drawSQL-mysql-export-2026-02-02_wagtail,wagtailembeds_embed,last_updated,DATETIME,date
drawSQL-mysql-export-2026-02-02_wagtail,wagtailforms_formsubmission,id,INT,num
drawSQL-mysql-export-2026-02-02_wagtail,wagtailforms_formsubmission,form_data,LONGTEXT,string
drawSQL-mysql-export-2026-02-02_wagtail,wagtailforms_formsubmission,submit_time,DATETIME,date
drawSQL-mysql-export-2026-02-02_wagtail,wagtailforms_formsubmission,page_id,INT,num
drawSQL-mysql-export-2026-02-02_wagtail,wagtailimages_image,id,INT,num
drawSQL-mysql-export-2026-02-02_wagtail,wagtailimages_image,title,VARCHAR(255),string
drawSQL-mysql-export-2026-02-02_wagtail,wagtailimages_image,file,VARCHAR(255),string
drawSQL-mysql-export-2026-02-02_wagtail,wagtailimages_image,width,INT,num
drawSQL-mysql-export-2026-02-02_wagtail,wagtailimages_image,height,INT,num
drawSQL-mysql-export-2026-02-02_wagtail,wagtailimages_image,created_at,DATETIME,date
drawSQL-mysql-export-2026-02-02_wagtail,wagtailimages_image,focal_point_x,INT,num
drawSQL-mysql-export-2026-02-02_wagtail,wagtailimages_image,focal_point_y,INT,num
drawSQL-mysql-export-2026-02-02_wagtail,wagtailimages_image,focal_point_width,INT,num
drawSQL-mysql-export-2026-02-02_wagtail,wagtailimages_image,focal_point_height,INT,num
drawSQL-mysql-export-2026-02-02_wagtail,wagtailimages_image,uploaded_by_user_id,INT,num
drawSQL-mysql-export-2026-02-02_wagtail,wagtailimages_image,file_size,INT,num
drawSQL-mysql-export-2026-02-02_wagtail,wagtailimages_image,collection_id,INT,num
drawSQL-mysql-export-2026-02-02_wagtail,wagtailimages_image,file_hash,VARCHAR(255),string
drawSQL-mysql-export-2026-02-02_wagtail,wagtailimages_rendition,id,INT,num
drawSQL-mysql-export-2026-02-02_wagtail,wagtailimages_rendition,file,VARCHAR(255),string
drawSQL-mysql-export-2026-02-02_wagtail,wagtailimages_rendition,width,INT,num
drawSQL-mysql-export-2026-02-02_wagtail,wagtailimages_rendition,height,INT,num
drawSQL-mysql-export-2026-02-02_wagtail,wagtailimages_rendition,focal_point_key,VARCHAR(255),string
drawSQL-mysql-export-2026-02-02_wagtail,wagtailimages_rendition,filter_spec,VARCHAR(255),string
drawSQL-mysql-export-2026-02-02_wagtail,wagtailimages_rendition,image_id,INT,num
drawSQL-mysql-export-2026-02-02_wagtail,wagtailredirects_redirect,id,INT,num
drawSQL-mysql-export-2026-02-02_wagtail,wagtailredirects_redirect,old_path,VARCHAR(255),string
drawSQL-mysql-export-2026-02-02_wagtail,wagtailredirects_redirect,is_permanent,TINYINT,num
drawSQL-mysql-export-2026-02-02_wagtail,wagtailredirects_redirect,redirect_link,VARCHAR(255),string
drawSQL-mysql-export-2026-02-02_wagtail,wagtailredirects_redirect,redirect_page_id,INT,num
drawSQL-mysql-export-2026-02-02_wagtail,wagtailredirects_redirect,site_id,INT,num
drawSQL-mysql-export-2026-02-02_wagtail,wagtailsearch_editorspick,id,INT,num
drawSQL-mysql-export-2026-02-02_wagtail,wagtailsearch_editorspick,sort_order,INT,num
drawSQL-mysql-export-2026-02-02_wagtail,wagtailsearch_editorspick,description,LONGTEXT,string
drawSQL-mysql-export-2026-02-02_wagtail,wagtailsearch_editorspick,page_id,INT,num
drawSQL-mysql-export-2026-02-02_wagtail,wagtailsearch_editorspick,query_id,INT,num
drawSQL-mysql-export-2026-02-02_wagtail,wagtailsearch_query,id,INT,num
drawSQL-mysql-export-2026-02-02_wagtail,wagtailsearch_query,query_string,VARCHAR(255),string
drawSQL-mysql-export-2026-02-02_wagtail,wagtailsearch_querydailyhits,id,INT,num
drawSQL-mysql-export-2026-02-02_wagtail,wagtailsearch_querydailyhits,date,DATE,date
drawSQL-mysql-export-2026-02-02_wagtail,wagtailsearch_querydailyhits,hits,INT,num
drawSQL-mysql-export-2026-02-02_wagtail,wagtailsearch_querydailyhits,query_id,INT,num
drawSQL-mysql-export-2026-02-02_wagtail,wagtailusers_userprofile,id,INT,num
drawSQL-mysql-export-2026-02-02_wagtail,wagtailusers_userprofile,submitted_notifications,TINYINT,num
drawSQL-mysql-export-2026-02-02_wagtail,wagtailusers_userprofile,approved_notifications,TINYINT,num
drawSQL-mysql-export-2026-02-02_wagtail,wagtailusers_userprofile,rejected_notifications,TINYINT,num
drawSQL-mysql-export-2026-02-02_wagtail,wagtailusers_userprofile,user_id,INT,num
drawSQL-mysql-export-2026-02-02_wagtail,wagtailusers_userprofile,preferred_language,VARCHAR(255),string
drawSQL-mysql-export-2026-02-02_wagtail,wagtailusers_userprofile,current_time_zone,VARCHAR(255),string
drawSQL-mysql-export-2026-02-02_wagtail,wagtailusers_userprofile,avatar,VARCHAR(255),string
drawSQL-mysql-export-2026-02-03 _cms,bootstrap4_alerts_bootstrap4alerts,cmsplugin_ptr_id,INT,num
drawSQL-mysql-export-2026-02-03 _cms,bootstrap4_alerts_bootstrap4alerts,alert_context,VARCHAR(255),string
drawSQL-mysql-export-2026-02-03 _cms,bootstrap4_alerts_bootstrap4alerts,alert_dismissable,TINYINT,num
drawSQL-mysql-export-2026-02-03 _cms,bootstrap4_alerts_bootstrap4alerts,tag_type,VARCHAR(255),string
drawSQL-mysql-export-2026-02-03 _cms,bootstrap4_alerts_bootstrap4alerts,attributes,LONGTEXT,string
drawSQL-mysql-export-2026-02-03 _cms,bootstrap4_badge_bootstrap4badge,cmsplugin_ptr_id,INT,num
drawSQL-mysql-export-2026-02-03 _cms,bootstrap4_badge_bootstrap4badge,badge_text,VARCHAR(255),string
drawSQL-mysql-export-2026-02-03 _cms,bootstrap4_badge_bootstrap4badge,badge_context,VARCHAR(255),string
drawSQL-mysql-export-2026-02-03 _cms,bootstrap4_badge_bootstrap4badge,badge_pills,TINYINT,num
drawSQL-mysql-export-2026-02-03 _cms,bootstrap4_badge_bootstrap4badge,attributes,LONGTEXT,string
drawSQL-mysql-export-2026-02-03 _cms,bootstrap4_card_bootstrap4card,cmsplugin_ptr_id,INT,num
drawSQL-mysql-export-2026-02-03 _cms,bootstrap4_card_bootstrap4card,card_type,VARCHAR(255),string
drawSQL-mysql-export-2026-02-03 _cms,bootstrap4_card_bootstrap4card,card_context,VARCHAR(255),string
drawSQL-mysql-export-2026-02-03 _cms,bootstrap4_card_bootstrap4card,card_alignment,VARCHAR(255),string
drawSQL-mysql-export-2026-02-03 _cms,bootstrap4_card_bootstrap4card,card_outline,TINYINT,num
drawSQL-mysql-export-2026-02-03 _cms,bootstrap4_card_bootstrap4card,card_text_color,VARCHAR(255),string
drawSQL-mysql-export-2026-02-03 _cms,bootstrap4_card_bootstrap4card,tag_type,VARCHAR(255),string
drawSQL-mysql-export-2026-02-03 _cms,bootstrap4_card_bootstrap4card,attributes,LONGTEXT,string
drawSQL-mysql-export-2026-02-03 _cms,bootstrap4_card_bootstrap4cardinner,cmsplugin_ptr_id,INT,num
drawSQL-mysql-export-2026-02-03 _cms,bootstrap4_card_bootstrap4cardinner,inner_type,VARCHAR(255),string
drawSQL-mysql-export-2026-02-03 _cms,bootstrap4_card_bootstrap4cardinner,tag_type,VARCHAR(255),string
drawSQL-mysql-export-2026-02-03 _cms,bootstrap4_card_bootstrap4cardinner,attributes,LONGTEXT,string
drawSQL-mysql-export-2026-02-03 _cms,bootstrap4_carousel_bootstrap4carousel,cmsplugin_ptr_id,INT,num
drawSQL-mysql-export-2026-02-03 _cms,bootstrap4_carousel_bootstrap4carousel,template,VARCHAR(255),string
drawSQL-mysql-export-2026-02-03 _cms,bootstrap4_carousel_bootstrap4carousel,carousel_interval,INT,num
drawSQL-mysql-export-2026-02-03 _cms,bootstrap4_carousel_bootstrap4carousel,carousel_controls,TINYINT,num
drawSQL-mysql-export-2026-02-03 _cms,bootstrap4_carousel_bootstrap4carousel,carousel_indicators,TINYINT,num
drawSQL-mysql-export-2026-02-03 _cms,bootstrap4_carousel_bootstrap4carousel,carousel_keyboard,TINYINT,num
drawSQL-mysql-export-2026-02-03 _cms,bootstrap4_carousel_bootstrap4carousel,carousel_pause,VARCHAR(255),string
drawSQL-mysql-export-2026-02-03 _cms,bootstrap4_carousel_bootstrap4carousel,carousel_ride,VARCHAR(255),string
drawSQL-mysql-export-2026-02-03 _cms,bootstrap4_carousel_bootstrap4carousel,carousel_wrap,TINYINT,num
drawSQL-mysql-export-2026-02-03 _cms,bootstrap4_carousel_bootstrap4carousel,tag_type,VARCHAR(255),string
drawSQL-mysql-export-2026-02-03 _cms,bootstrap4_carousel_bootstrap4carousel,attributes,LONGTEXT,string
drawSQL-mysql-export-2026-02-03 _cms,bootstrap4_carousel_bootstrap4carousel,carousel_aspect_ratio,VARCHAR(255),string
drawSQL-mysql-export-2026-02-03 _cms,bootstrap4_carousel_bootstrap4carouselslide,template,VARCHAR(255),string
drawSQL-mysql-export-2026-02-03 _cms,bootstrap4_carousel_bootstrap4carouselslide,name,VARCHAR(255),string
drawSQL-mysql-export-2026-02-03 _cms,bootstrap4_carousel_bootstrap4carouselslide,external_link,VARCHAR(255),string
drawSQL-mysql-export-2026-02-03 _cms,bootstrap4_carousel_bootstrap4carouselslide,anchor,VARCHAR(255),string
drawSQL-mysql-export-2026-02-03 _cms,bootstrap4_carousel_bootstrap4carouselslide,mailto,VARCHAR(255),string
drawSQL-mysql-export-2026-02-03 _cms,bootstrap4_carousel_bootstrap4carouselslide,phone,VARCHAR(255),string
drawSQL-mysql-export-2026-02-03 _cms,bootstrap4_carousel_bootstrap4carouselslide,target,VARCHAR(255),string
drawSQL-mysql-export-2026-02-03 _cms,bootstrap4_carousel_bootstrap4carouselslide,attributes,LONGTEXT,string
drawSQL-mysql-export-2026-02-03 _cms,bootstrap4_carousel_bootstrap4carouselslide,cmsplugin_ptr_id,INT,num
drawSQL-mysql-export-2026-02-03 _cms,bootstrap4_carousel_bootstrap4carouselslide,carousel_content,LONGTEXT,string
drawSQL-mysql-export-2026-02-03 _cms,bootstrap4_carousel_bootstrap4carouselslide,tag_type,VARCHAR(255),string
drawSQL-mysql-export-2026-02-03 _cms,bootstrap4_carousel_bootstrap4carouselslide,carousel_image_id,INT,num
drawSQL-mysql-export-2026-02-03 _cms,bootstrap4_carousel_bootstrap4carouselslide,internal_link_id,INT,num
drawSQL-mysql-export-2026-02-03 _cms,bootstrap4_carousel_bootstrap4carouselslide,file_link_id,INT,num
drawSQL-mysql-export-2026-02-03 _cms,bootstrap4_collapse_bootstrap4collapse,cmsplugin_ptr_id,INT,num
drawSQL-mysql-export-2026-02-03 _cms,bootstrap4_collapse_bootstrap4collapse,siblings,VARCHAR(255),string
drawSQL-mysql-export-2026-02-03 _cms,bootstrap4_collapse_bootstrap4collapse,tag_type,VARCHAR(255),string
drawSQL-mysql-export-2026-02-03 _cms,bootstrap4_collapse_bootstrap4collapse,attributes,LONGTEXT,string
drawSQL-mysql-export-2026-02-03 _cms,bootstrap4_collapse_bootstrap4collapsecontainer,cmsplugin_ptr_id,INT,num
drawSQL-mysql-export-2026-02-03 _cms,bootstrap4_collapse_bootstrap4collapsecontainer,identifier,VARCHAR(255),string
drawSQL-mysql-export-2026-02-03 _cms,bootstrap4_collapse_bootstrap4collapsecontainer,tag_type,VARCHAR(255),string
drawSQL-mysql-export-2026-02-03 _cms,bootstrap4_collapse_bootstrap4collapsecontainer,attributes,LONGTEXT,string
drawSQL-mysql-export-2026-02-03 _cms,bootstrap4_collapse_bootstrap4collapsetrigger,cmsplugin_ptr_id,INT,num
drawSQL-mysql-export-2026-02-03 _cms,bootstrap4_collapse_bootstrap4collapsetrigger,identifier,VARCHAR(255),string
drawSQL-mysql-export-2026-02-03 _cms,bootstrap4_collapse_bootstrap4collapsetrigger,tag_type,VARCHAR(255),string
drawSQL-mysql-export-2026-02-03 _cms,bootstrap4_collapse_bootstrap4collapsetrigger,attributes,LONGTEXT,string
drawSQL-mysql-export-2026-02-03 _cms,bootstrap4_content_bootstrap4blockquote,cmsplugin_ptr_id,INT,num
drawSQL-mysql-export-2026-02-03 _cms,bootstrap4_content_bootstrap4blockquote,quote_content,LONGTEXT,string
drawSQL-mysql-export-2026-02-03 _cms,bootstrap4_content_bootstrap4blockquote,quote_origin,LONGTEXT,string
drawSQL-mysql-export-2026-02-03 _cms,bootstrap4_content_bootstrap4blockquote,quote_alignment,VARCHAR(255),string
drawSQL-mysql-export-2026-02-03 _cms,bootstrap4_content_bootstrap4blockquote,attributes,LONGTEXT,string
drawSQL-mysql-export-2026-02-03 _cms,bootstrap4_content_bootstrap4code,cmsplugin_ptr_id,INT,num
drawSQL-mysql-export-2026-02-03 _cms,bootstrap4_content_bootstrap4code,code_content,LONGTEXT,string
drawSQL-mysql-export-2026-02-03 _cms,bootstrap4_content_bootstrap4code,tag_type,VARCHAR(255),string
drawSQL-mysql-export-2026-02-03 _cms,bootstrap4_content_bootstrap4code,attributes,LONGTEXT,string
drawSQL-mysql-export-2026-02-03 _cms,bootstrap4_content_bootstrap4figure,cmsplugin_ptr_id,INT,num
drawSQL-mysql-export-2026-02-03 _cms,bootstrap4_content_bootstrap4figure,figure_caption,VARCHAR(255),string
drawSQL-mysql-export-2026-02-03 _cms,bootstrap4_content_bootstrap4figure,figure_alignment,VARCHAR(255),string
drawSQL-mysql-export-2026-02-03 _cms,bootstrap4_content_bootstrap4figure,attributes,LONGTEXT,string
drawSQL-mysql-export-2026-02-03 _cms,bootstrap4_grid_bootstrap4gridcolumn,cmsplugin_ptr_id,INT,num
drawSQL-mysql-export-2026-02-03 _cms,bootstrap4_grid_bootstrap4gridcolumn,column_type,VARCHAR(255),string
drawSQL-mysql-export-2026-02-03 _cms,bootstrap4_grid_bootstrap4gridcolumn,column_alignment,VARCHAR(255),string
drawSQL-mysql-export-2026-02-03 _cms,bootstrap4_grid_bootstrap4gridcolumn,tag_type,VARCHAR(255),string
drawSQL-mysql-export-2026-02-03 _cms,bootstrap4_grid_bootstrap4gridcolumn,attributes,LONGTEXT,string
drawSQL-mysql-export-2026-02-03 _cms,bootstrap4_grid_bootstrap4gridcolumn,xs_col,INT,num
drawSQL-mysql-export-2026-02-03 _cms,bootstrap4_grid_bootstrap4gridcolumn,xs_order,INT,num
drawSQL-mysql-export-2026-02-03 _cms,bootstrap4_grid_bootstrap4gridcolumn,xs_ml,TINYINT,num
drawSQL-mysql-export-2026-02-03 _cms,bootstrap4_grid_bootstrap4gridcolumn,xs_mr,TINYINT,num
drawSQL-mysql-export-2026-02-03 _cms,bootstrap4_grid_bootstrap4gridcolumn,sm_col,INT,num
drawSQL-mysql-export-2026-02-03 _cms,bootstrap4_grid_bootstrap4gridcolumn,sm_order,INT,num
drawSQL-mysql-export-2026-02-03 _cms,bootstrap4_grid_bootstrap4gridcolumn,sm_ml,TINYINT,num
drawSQL-mysql-export-2026-02-03 _cms,bootstrap4_grid_bootstrap4gridcolumn,sm_mr,TINYINT,num
drawSQL-mysql-export-2026-02-03 _cms,bootstrap4_grid_bootstrap4gridcolumn,md_col,INT,num
drawSQL-mysql-export-2026-02-03 _cms,bootstrap4_grid_bootstrap4gridcolumn,md_order,INT,num
drawSQL-mysql-export-2026-02-03 _cms,bootstrap4_grid_bootstrap4gridcolumn,md_ml,TINYINT,num
drawSQL-mysql-export-2026-02-03 _cms,bootstrap4_grid_bootstrap4gridcolumn,md_mr,TINYINT,num
drawSQL-mysql-export-2026-02-03 _cms,bootstrap4_grid_bootstrap4gridcolumn,lg_col,INT,num
drawSQL-mysql-export-2026-02-03 _cms,bootstrap4_grid_bootstrap4gridcolumn,lg_order,INT,num
drawSQL-mysql-export-2026-02-03 _cms,bootstrap4_grid_bootstrap4gridcolumn,lg_ml,TINYINT,num
drawSQL-mysql-export-2026-02-03 _cms,bootstrap4_grid_bootstrap4gridcolumn,lg_mr,TINYINT,num
drawSQL-mysql-export-2026-02-03 _cms,bootstrap4_grid_bootstrap4gridcolumn,xl_col,INT,num
drawSQL-mysql-export-2026-02-03 _cms,bootstrap4_grid_bootstrap4gridcolumn,xl_order,INT,num
drawSQL-mysql-export-2026-02-03 _cms,bootstrap4_grid_bootstrap4gridcolumn,xl_ml,TINYINT,num
drawSQL-mysql-export-2026-02-03 _cms,bootstrap4_grid_bootstrap4gridcolumn,xl_mr,TINYINT,num
drawSQL-mysql-export-2026-02-03 _cms,bootstrap4_grid_bootstrap4gridcolumn,lg_offset,INT,num
drawSQL-mysql-export-2026-02-03 _cms,bootstrap4_grid_bootstrap4gridcolumn,md_offset,INT,num
drawSQL-mysql-export-2026-02-03 _cms,bootstrap4_grid_bootstrap4gridcolumn,sm_offset,INT,num
drawSQL-mysql-export-2026-02-03 _cms,bootstrap4_grid_bootstrap4gridcolumn,xl_offset,INT,num
drawSQL-mysql-export-2026-02-03 _cms,bootstrap4_grid_bootstrap4gridcolumn,xs_offset,INT,num
drawSQL-mysql-export-2026-02-03 _cms,bootstrap4_grid_bootstrap4gridcontainer,cmsplugin_ptr_id,INT,num
drawSQL-mysql-export-2026-02-03 _cms,bootstrap4_grid_bootstrap4gridcontainer,container_type,VARCHAR(255),string
drawSQL-mysql-export-2026-02-03 _cms,bootstrap4_grid_bootstrap4gridcontainer,tag_type,VARCHAR(255),string
drawSQL-mysql-export-2026-02-03 _cms,bootstrap4_grid_bootstrap4gridcontainer,attributes,LONGTEXT,string
drawSQL-mysql-export-2026-02-03 _cms,bootstrap4_grid_bootstrap4gridrow,cmsplugin_ptr_id,INT,num
drawSQL-mysql-export-2026-02-03 _cms,bootstrap4_grid_bootstrap4gridrow,vertical_alignment,VARCHAR(255),string
drawSQL-mysql-export-2026-02-03 _cms,bootstrap4_grid_bootstrap4gridrow,horizontal_alignment,VARCHAR(255),string
drawSQL-mysql-export-2026-02-03 _cms,bootstrap4_grid_bootstrap4gridrow,gutters,TINYINT,num
drawSQL-mysql-export-2026-02-03 _cms,bootstrap4_grid_bootstrap4gridrow,tag_type,VARCHAR(255),string
drawSQL-mysql-export-2026-02-03 _cms,bootstrap4_grid_bootstrap4gridrow,attributes,LONGTEXT,string
drawSQL-mysql-export-2026-02-03 _cms,bootstrap4_jumbotron_bootstrap4jumbotron,cmsplugin_ptr_id,INT,num
drawSQL-mysql-export-2026-02-03 _cms,bootstrap4_jumbotron_bootstrap4jumbotron,fluid,TINYINT,num
drawSQL-mysql-export-2026-02-03 _cms,bootstrap4_jumbotron_bootstrap4jumbotron,tag_type,VARCHAR(255),string
drawSQL-mysql-export-2026-02-03 _cms,bootstrap4_jumbotron_bootstrap4jumbotron,attributes,LONGTEXT,string
drawSQL-mysql-export-2026-02-03 _cms,bootstrap4_link_bootstrap4link,template,VARCHAR(255),string
drawSQL-mysql-export-2026-02-03 _cms,bootstrap4_link_bootstrap4link,name,VARCHAR(255),string
drawSQL-mysql-export-2026-02-03 _cms,bootstrap4_link_bootstrap4link,external_link,VARCHAR(255),string
drawSQL-mysql-export-2026-02-03 _cms,bootstrap4_link_bootstrap4link,anchor,VARCHAR(255),string
drawSQL-mysql-export-2026-02-03 _cms,bootstrap4_link_bootstrap4link,mailto,VARCHAR(255),string
drawSQL-mysql-export-2026-02-03 _cms,bootstrap4_link_bootstrap4link,phone,VARCHAR(255),string
drawSQL-mysql-export-2026-02-03 _cms,bootstrap4_link_bootstrap4link,target,VARCHAR(255),string
drawSQL-mysql-export-2026-02-03 _cms,bootstrap4_link_bootstrap4link,attributes,LONGTEXT,string
drawSQL-mysql-export-2026-02-03 _cms,bootstrap4_link_bootstrap4link,cmsplugin_ptr_id,INT,num
drawSQL-mysql-export-2026-02-03 _cms,bootstrap4_link_bootstrap4link,link_type,VARCHAR(255),string
drawSQL-mysql-export-2026-02-03 _cms,bootstrap4_link_bootstrap4link,link_context,VARCHAR(255),string
drawSQL-mysql-export-2026-02-03 _cms,bootstrap4_link_bootstrap4link,link_size,VARCHAR(255),string
drawSQL-mysql-export-2026-02-03 _cms,bootstrap4_link_bootstrap4link,link_outline,TINYINT,num
drawSQL-mysql-export-2026-02-03 _cms,bootstrap4_link_bootstrap4link,link_block,TINYINT,num
drawSQL-mysql-export-2026-02-03 _cms,bootstrap4_link_bootstrap4link,internal_link_id,INT,num
drawSQL-mysql-export-2026-02-03 _cms,bootstrap4_link_bootstrap4link,icon_left,VARCHAR(255),string
drawSQL-mysql-export-2026-02-03 _cms,bootstrap4_link_bootstrap4link,icon_right,VARCHAR(255),string
drawSQL-mysql-export-2026-02-03 _cms,bootstrap4_link_bootstrap4link,file_link_id,INT,num
drawSQL-mysql-export-2026-02-03 _cms,bootstrap4_listgroup_bootstrap4listgroup,cmsplugin_ptr_id,INT,num
drawSQL-mysql-export-2026-02-03 _cms,bootstrap4_listgroup_bootstrap4listgroup,list_group_flush,TINYINT,num
drawSQL-mysql-export-2026-02-03 _cms,bootstrap4_listgroup_bootstrap4listgroup,tag_type,VARCHAR(255),string
drawSQL-mysql-export-2026-02-03 _cms,bootstrap4_listgroup_bootstrap4listgroup,attributes,LONGTEXT,string
drawSQL-mysql-export-2026-02-03 _cms,bootstrap4_listgroup_bootstrap4listgroupitem,cmsplugin_ptr_id,INT,num
drawSQL-mysql-export-2026-02-03 _cms,bootstrap4_listgroup_bootstrap4listgroupitem,list_context,VARCHAR(255),string
drawSQL-mysql-export-2026-02-03 _cms,bootstrap4_listgroup_bootstrap4listgroupitem,list_state,VARCHAR(255),string
drawSQL-mysql-export-2026-02-03 _cms,bootstrap4_listgroup_bootstrap4listgroupitem,tag_type,VARCHAR(255),string
drawSQL-mysql-export-2026-02-03 _cms,bootstrap4_listgroup_bootstrap4listgroupitem,attributes,LONGTEXT,string
drawSQL-mysql-export-2026-02-03 _cms,bootstrap4_media_bootstrap4media,cmsplugin_ptr_id,INT,num
drawSQL-mysql-export-2026-02-03 _cms,bootstrap4_media_bootstrap4media,tag_type,VARCHAR(255),string
drawSQL-mysql-export-2026-02-03 _cms,bootstrap4_media_bootstrap4media,attributes,LONGTEXT,string
drawSQL-mysql-export-2026-02-03 _cms,bootstrap4_media_bootstrap4mediabody,cmsplugin_ptr_id,INT,num
drawSQL-mysql-export-2026-02-03 _cms,bootstrap4_media_bootstrap4mediabody,tag_type,VARCHAR(255),string
drawSQL-mysql-export-2026-02-03 _cms,bootstrap4_media_bootstrap4mediabody,attributes,LONGTEXT,string
drawSQL-mysql-export-2026-02-03 _cms,bootstrap4_picture_bootstrap4picture,template,VARCHAR(255),string
drawSQL-mysql-export-2026-02-03 _cms,bootstrap4_picture_bootstrap4picture,external_picture,VARCHAR(255),string
drawSQL-mysql-export-2026-02-03 _cms,bootstrap4_picture_bootstrap4picture,width,INT,num
drawSQL-mysql-export-2026-02-03 _cms,bootstrap4_picture_bootstrap4picture,height,INT,num
drawSQL-mysql-export-2026-02-03 _cms,bootstrap4_picture_bootstrap4picture,alignment,VARCHAR(255),string
drawSQL-mysql-export-2026-02-03 _cms,bootstrap4_picture_bootstrap4picture,caption_text,LONGTEXT,string
drawSQL-mysql-export-2026-02-03 _cms,bootstrap4_picture_bootstrap4picture,attributes,LONGTEXT,string
drawSQL-mysql-export-2026-02-03 _cms,bootstrap4_picture_bootstrap4picture,link_url,VARCHAR(255),string
drawSQL-mysql-export-2026-02-03 _cms,bootstrap4_picture_bootstrap4picture,link_target,VARCHAR(255),string
drawSQL-mysql-export-2026-02-03 _cms,bootstrap4_picture_bootstrap4picture,link_attributes,LONGTEXT,string
drawSQL-mysql-export-2026-02-03 _cms,bootstrap4_picture_bootstrap4picture,use_automatic_scaling,TINYINT,num
drawSQL-mysql-export-2026-02-03 _cms,bootstrap4_picture_bootstrap4picture,use_no_cropping,TINYINT,num
drawSQL-mysql-export-2026-02-03 _cms,bootstrap4_picture_bootstrap4picture,use_crop,TINYINT,num
drawSQL-mysql-export-2026-02-03 _cms,bootstrap4_picture_bootstrap4picture,use_upscale,TINYINT,num
drawSQL-mysql-export-2026-02-03 _cms,bootstrap4_picture_bootstrap4picture,cmsplugin_ptr_id,INT,num
drawSQL-mysql-export-2026-02-03 _cms,bootstrap4_picture_bootstrap4picture,picture_fluid,TINYINT,num
drawSQL-mysql-export-2026-02-03 _cms,bootstrap4_picture_bootstrap4picture,picture_rounded,TINYINT,num
drawSQL-mysql-export-2026-02-03 _cms,bootstrap4_picture_bootstrap4picture,picture_thumbnail,TINYINT,num
drawSQL-mysql-export-2026-02-03 _cms,bootstrap4_picture_bootstrap4picture,link_page_id,INT,num
drawSQL-mysql-export-2026-02-03 _cms,bootstrap4_picture_bootstrap4picture,picture_id,INT,num
drawSQL-mysql-export-2026-02-03 _cms,bootstrap4_picture_bootstrap4picture,thumbnail_options_id,INT,num
drawSQL-mysql-export-2026-02-03 _cms,bootstrap4_picture_bootstrap4picture,use_responsive_image,VARCHAR(255),string
drawSQL-mysql-export-2026-02-03 _cms,bootstrap4_tabs_bootstrap4tab,cmsplugin_ptr_id,INT,num
drawSQL-mysql-export-2026-02-03 _cms,bootstrap4_tabs_bootstrap4tab,template,VARCHAR(255),string
drawSQL-mysql-export-2026-02-03 _cms,bootstrap4_tabs_bootstrap4tab,tab_type,VARCHAR(255),string
drawSQL-mysql-export-2026-02-03 _cms,bootstrap4_tabs_bootstrap4tab,tab_alignment,VARCHAR(255),string
drawSQL-mysql-export-2026-02-03 _cms,bootstrap4_tabs_bootstrap4tab,tab_index,INT,num
drawSQL-mysql-export-2026-02-03 _cms,bootstrap4_tabs_bootstrap4tab,tab_effect,VARCHAR(255),string
drawSQL-mysql-export-2026-02-03 _cms,bootstrap4_tabs_bootstrap4tab,tag_type,VARCHAR(255),string
drawSQL-mysql-export-2026-02-03 _cms,bootstrap4_tabs_bootstrap4tab,attributes,LONGTEXT,string
drawSQL-mysql-export-2026-02-03 _cms,bootstrap4_tabs_bootstrap4tabitem,cmsplugin_ptr_id,INT,num
drawSQL-mysql-export-2026-02-03 _cms,bootstrap4_tabs_bootstrap4tabitem,tab_title,VARCHAR(255),string
drawSQL-mysql-export-2026-02-03 _cms,bootstrap4_tabs_bootstrap4tabitem,tag_type,VARCHAR(255),string
drawSQL-mysql-export-2026-02-03 _cms,bootstrap4_tabs_bootstrap4tabitem,attributes,LONGTEXT,string
drawSQL-mysql-export-2026-02-03 _cms,bootstrap4_utilities_bootstrap4spacing,cmsplugin_ptr_id,INT,num
drawSQL-mysql-export-2026-02-03 _cms,bootstrap4_utilities_bootstrap4spacing,space_property,VARCHAR(255),string
drawSQL-mysql-export-2026-02-03 _cms,bootstrap4_utilities_bootstrap4spacing,space_sides,VARCHAR(255),string
drawSQL-mysql-export-2026-02-03 _cms,bootstrap4_utilities_bootstrap4spacing,space_size,VARCHAR(255),string
drawSQL-mysql-export-2026-02-03 _cms,bootstrap4_utilities_bootstrap4spacing,space_device,VARCHAR(255),string
drawSQL-mysql-export-2026-02-03 _cms,bootstrap4_utilities_bootstrap4spacing,tag_type,VARCHAR(255),string
drawSQL-mysql-export-2026-02-03 _cms,bootstrap4_utilities_bootstrap4spacing,attributes,LONGTEXT,string
drawSQL-mysql-export-2026-02-03 _cms,cms_cmsplugin,id,INT,num
drawSQL-mysql-export-2026-02-03 _cms,cms_page,id,INT,num
drawSQL-mysql-export-2026-02-03 _cms,filer_file,id,INT,num
drawSQL-mysql-export-2026-02-03 _cms,filer_image,id,INT,num
drawSQL-mysql-export-2026-02-03 _cms,filer_thumbmailoption,id,INT,num
drawSQL-mysql-export-2026-02-03_airbnb,users,id,INT,num
drawSQL-mysql-export-2026-02-03_airbnb,users,name,VARCHAR(255),string
drawSQL-mysql-export-2026-02-03_airbnb,users,email,VARCHAR(255),string
drawSQL-mysql-export-2026-02-03_airbnb,users,email_verified_at,DATETIME,date
drawSQL-mysql-export-2026-02-03_airbnb,users,password,VARCHAR(255),string
drawSQL-mysql-export-2026-02-03_airbnb,users,remember_token,VARCHAR(255),string
drawSQL-mysql-export-2026-02-03_airbnb,users,created_at,DATETIME,date
drawSQL-mysql-export-2026-02-03_airbnb,users,updated_at,DATETIME,date
drawSQL-mysql-export-2026-02-03_airbnb,users,phone_number,VARCHAR(255),string
drawSQL-mysql-export-2026-02-03_airbnb,users,description,VARCHAR(255),string
drawSQL-mysql-export-2026-02-03_airbnb,users,profile_image,VARCHAR(255),string
drawSQL-mysql-export-2026-02-03_airbnb,rooms,id,INT,num
drawSQL-mysql-export-2026-02-03_airbnb,rooms,home_type,VARCHAR(255),string
drawSQL-mysql-export-2026-02-03_airbnb,rooms,room_type,VARCHAR(255),string
drawSQL-mysql-export-2026-02-03_airbnb,rooms,total_occupancy,INT,num
drawSQL-mysql-export-2026-02-03_airbnb,rooms,total_bedrooms,INT,num
drawSQL-mysql-export-2026-02-03_airbnb,rooms,total_bathrooms,INT,num
drawSQL-mysql-export-2026-02-03_airbnb,rooms,summary,VARCHAR(255),string
drawSQL-mysql-export-2026-02-03_airbnb,rooms,address,VARCHAR(255),string
drawSQL-mysql-export-2026-02-03_airbnb,rooms,has_tv,BOOLEAN,boolean
drawSQL-mysql-export-2026-02-03_airbnb,rooms,has_kitchen,BOOLEAN,boolean
drawSQL-mysql-export-2026-02-03_airbnb,rooms,has_air_con,BOOLEAN,boolean
drawSQL-mysql-export-2026-02-03_airbnb,rooms,has_heating,BOOLEAN,boolean
drawSQL-mysql-export-2026-02-03_airbnb,rooms,has_internet,BOOLEAN,boolean
drawSQL-mysql-export-2026-02-03_airbnb,rooms,price,INT,num
drawSQL-mysql-export-2026-02-03_airbnb,rooms,published_at,DATETIME,date
drawSQL-mysql-export-2026-02-03_airbnb,rooms,owner_id,INT,num
drawSQL-mysql-export-2026-02-03_airbnb,rooms,created_at,DATETIME,date
drawSQL-mysql-export-2026-02-03_airbnb,rooms,updated_at,DATETIME,date
drawSQL-mysql-export-2026-02-03_airbnb,rooms,latitude,FLOAT(53),num
drawSQL-mysql-export-2026-02-03_airbnb,rooms,longitude,FLOAT(53),num
drawSQL-mysql-export-2026-02-03_airbnb,reservations,id,INT,num
drawSQL-mysql-export-2026-02-03_airbnb,reservations,user_id,INT,num
drawSQL-mysql-export-2026-02-03_airbnb,reservations,room_id,INT,num
drawSQL-mysql-export-2026-02-03_airbnb,reservations,start_date,DATETIME,date
drawSQL-mysql-export-2026-02-03_airbnb,reservations,end_date,DATETIME,date
drawSQL-mysql-export-2026-02-03_airbnb,reservations,price,INT,num
drawSQL-mysql-export-2026-02-03_airbnb,reservations,total,INT,num
drawSQL-mysql-export-2026-02-03_airbnb,reservations,created_at,DATETIME,date
drawSQL-mysql-export-2026-02-03_airbnb,reservations,updated_at,DATETIME,date
drawSQL-mysql-export-2026-02-03_airbnb,media,id,INT,num
drawSQL-mysql-export-2026-02-03_airbnb,media,model_id,INT,num
drawSQL-mysql-export-2026-02-03_airbnb,media,model_type,VARCHAR(255),string
drawSQL-mysql-export-2026-02-03_airbnb,media,file_name,VARCHAR(255),string
drawSQL-mysql-export-2026-02-03_airbnb,media,mime_type,VARCHAR(255),string
drawSQL-mysql-export-2026-02-03_airbnb,reviews,id,INT,num
drawSQL-mysql-export-2026-02-03_airbnb,reviews,reservation_id,INT,num
drawSQL-mysql-export-2026-02-03_airbnb,reviews,rating,INT,num
drawSQL-mysql-export-2026-02-03_airbnb,reviews,comment,VARCHAR(255),string
drawSQL-mysql-export-2026-02-03_axes,axes_accessattempt,id,INT,num
drawSQL-mysql-export-2026-02-03_axes,axes_accessattempt,user_agent,VARCHAR(255),string
drawSQL-mysql-export-2026-02-03_axes,axes_accessattempt,ip_address,CHAR(255),string
drawSQL-mysql-export-2026-02-03_axes,axes_accessattempt,username,VARCHAR(255),string
drawSQL-mysql-export-2026-02-03_axes,axes_accessattempt,http_accept,VARCHAR(255),string
drawSQL-mysql-export-2026-02-03_axes,axes_accessattempt,path_info,VARCHAR(255),string
drawSQL-mysql-export-2026-02-03_axes,axes_accessattempt,attempt_time,DATETIME,date
drawSQL-mysql-export-2026-02-03_axes,axes_accessattempt,get_data,LONGTEXT,string
drawSQL-mysql-export-2026-02-03_axes,axes_accessattempt,post_data,LONGTEXT,string
drawSQL-mysql-export-2026-02-03_axes,axes_accessattempt,failures_since_start,INT,num
drawSQL-mysql-export-2026-02-03_axes,axes_accesslog,id,INT,num
drawSQL-mysql-export-2026-02-03_axes,axes_accesslog,user_agent,VARCHAR(255),string
drawSQL-mysql-export-2026-02-03_axes,axes_accesslog,ip_address,CHAR(255),string
drawSQL-mysql-export-2026-02-03_axes,axes_accesslog,username,VARCHAR(255),string
drawSQL-mysql-export-2026-02-03_axes,axes_accesslog,http_accept,VARCHAR(255),string
drawSQL-mysql-export-2026-02-03_axes,axes_accesslog,path_info,VARCHAR(255),string
drawSQL-mysql-export-2026-02-03_axes,axes_accesslog,attempt_time,DATETIME,date
drawSQL-mysql-export-2026-02-03_axes,axes_accesslog,logout_time,DATETIME,date
drawSQL-mysql-export-2026-02-03_devise,users,id,BIGINT,num
drawSQL-mysql-export-2026-02-03_devise,users,email,VARCHAR(255),string
drawSQL-mysql-export-2026-02-03_devise,users,encrypted_password,VARCHAR(255),string
drawSQL-mysql-export-2026-02-03_devise,users,reset_password_token,VARCHAR(255),string
drawSQL-mysql-export-2026-02-03_devise,users,reset_password_sent_at,DATETIME,date
drawSQL-mysql-export-2026-02-03_devise,users,remember_created_at,DATETIME,date
drawSQL-mysql-export-2026-02-03_devise,users,sign_in_count,INT,num
drawSQL-mysql-export-2026-02-03_devise,users,current_sign_in_at,DATETIME,date
drawSQL-mysql-export-2026-02-03_devise,users,last_sign_in_at,DATETIME,date
drawSQL-mysql-export-2026-02-03_devise,users,current_sign_in_ip,VARCHAR(255),string
drawSQL-mysql-export-2026-02-03_devise,users,last_sign_in_ip,VARCHAR(255),string
drawSQL-mysql-export-2026-02-03_devise,users,confirmation_token,VARCHAR(255),string
drawSQL-mysql-export-2026-02-03_devise,users,confirmed_at,DATETIME,date
drawSQL-mysql-export-2026-02-03_devise,users,confirmation_sent_at,DATETIME,date
drawSQL-mysql-export-2026-02-03_devise,users,unconfirmed_email,VARCHAR(255),string
drawSQL-mysql-export-2026-02-03_devise,users,failed_attempts,INT,num
drawSQL-mysql-export-2026-02-03_devise,users,unlock_token,VARCHAR(255),string
drawSQL-mysql-export-2026-02-03_devise,users,locked_at,DATETIME,date
drawSQL-mysql-export-2026-02-03_devise,users,created_at,DATETIME,date
drawSQL-mysql-export-2026-02-03_devise,users,updated_at,DATETIME,date
drawSQL-mysql-export-2026-02-03_emails,heya_campaign_memberships,id,BIGINT,num
drawSQL-mysql-export-2026-02-03_emails,heya_campaign_memberships,user_type,VARCHAR(255),string
drawSQL-mysql-export-2026-02-03_emails,heya_campaign_memberships,user_id,BIGINT,num
drawSQL-mysql-export-2026-02-03_emails,heya_campaign_memberships,campaign_gid,VARCHAR(255),string
drawSQL-mysql-export-2026-02-03_emails,heya_campaign_memberships,concurrent,TINYINT,num
drawSQL-mysql-export-2026-02-03_emails,heya_campaign_memberships,last_sent_at,DATETIME,date
drawSQL-mysql-export-2026-02-03_emails,heya_campaign_memberships,created_at,DATETIME,date
drawSQL-mysql-export-2026-02-03_emails,heya_campaign_memberships,updated_at,DATETIME,date
drawSQL-mysql-export-2026-02-03_emails,heya_campaign_receipts,id,BIGINT,num
drawSQL-mysql-export-2026-02-03_emails,heya_campaign_receipts,user_type,VARCHAR(255),string
drawSQL-mysql-export-2026-02-03_emails,heya_campaign_receipts,user_id,BIGINT,num
drawSQL-mysql-export-2026-02-03_emails,heya_campaign_receipts,step_gid,VARCHAR(255),string
drawSQL-mysql-export-2026-02-03_emails,heya_campaign_receipts,sent_at,DATETIME,date
drawSQL-mysql-export-2026-02-03_emails,heya_campaign_receipts,created_at,DATETIME,date
drawSQL-mysql-export-2026-02-03_emails,heya_campaign_receipts,updated_at,DATETIME,date
drawSQL-mysql-export-2026-02-03_emails,users,id,BIGINT,num
drawSQL-mysql-export-2026-02-03_filer,auth_group,id,INT,num
drawSQL-mysql-export-2026-02-03_filer,auth_group,name,VARCHAR(255),string
drawSQL-mysql-export-2026-02-03_filer,auth_user,id,INT,num
drawSQL-mysql-export-2026-02-03_filer,auth_user,password,VARCHAR(255),string
drawSQL-mysql-export-2026-02-03_filer,auth_user,last_login,DATETIME,date
drawSQL-mysql-export-2026-02-03_filer,auth_user,is_superuser,TINYINT,num
drawSQL-mysql-export-2026-02-03_filer,auth_user,username,VARCHAR(255),string
drawSQL-mysql-export-2026-02-03_filer,auth_user,first_name,VARCHAR(255),string
drawSQL-mysql-export-2026-02-03_filer,auth_user,last_name,VARCHAR(255),string
drawSQL-mysql-export-2026-02-03_filer,auth_user,email,VARCHAR(255),string
drawSQL-mysql-export-2026-02-03_filer,auth_user,is_staff,TINYINT,num
drawSQL-mysql-export-2026-02-03_filer,auth_user,is_active,TINYINT,num
drawSQL-mysql-export-2026-02-03_filer,auth_user,date_joined,DATETIME,date
drawSQL-mysql-export-2026-02-03_filer,django_content_type,id,INT,num
drawSQL-mysql-export-2026-02-03_filer,django_content_type,app_label,VARCHAR(255),string
drawSQL-mysql-export-2026-02-03_filer,django_content_type,model,VARCHAR(255),string
drawSQL-mysql-export-2026-02-03_filer,filer_clipboard,id,INT,num
drawSQL-mysql-export-2026-02-03_filer,filer_clipboard,user_id,INT,num
drawSQL-mysql-export-2026-02-03_filer,filer_clipboarditem,id,INT,num
drawSQL-mysql-export-2026-02-03_filer,filer_clipboarditem,clipboard_id,INT,num
drawSQL-mysql-export-2026-02-03_filer,filer_clipboarditem,file_id,INT,num
drawSQL-mysql-export-2026-02-03_filer,filer_file,id,INT,num
drawSQL-mysql-export-2026-02-03_filer,filer_file,file,VARCHAR(255),string
drawSQL-mysql-export-2026-02-03_filer,filer_file,_file_size,BIGINT,num
drawSQL-mysql-export-2026-02-03_filer,filer_file,sha1,VARCHAR(255),string
drawSQL-mysql-export-2026-02-03_filer,filer_file,has_all_mandatory_data,TINYINT,num
drawSQL-mysql-export-2026-02-03_filer,filer_file,original_filename,VARCHAR(255),string
drawSQL-mysql-export-2026-02-03_filer,filer_file,name,VARCHAR(255),string
drawSQL-mysql-export-2026-02-03_filer,filer_file,description,LONGTEXT,string
drawSQL-mysql-export-2026-02-03_filer,filer_file,uploaded_at,DATETIME,date
drawSQL-mysql-export-2026-02-03_filer,filer_file,modified_at,DATETIME,date
drawSQL-mysql-export-2026-02-03_filer,filer_file,is_public,TINYINT,num
drawSQL-mysql-export-2026-02-03_filer,filer_file,folder_id,INT,num
drawSQL-mysql-export-2026-02-03_filer,filer_file,owner_id,INT,num
drawSQL-mysql-export-2026-02-03_filer,filer_file,polymorphic_ctype_id,INT,num
drawSQL-mysql-export-2026-02-03_filer,filer_folder,id,INT,num
drawSQL-mysql-export-2026-02-03_filer,filer_folder,name,VARCHAR(255),string
drawSQL-mysql-export-2026-02-03_filer,filer_folder,uploaded_at,DATETIME,date
drawSQL-mysql-export-2026-02-03_filer,filer_folder,created_at,DATETIME,date
drawSQL-mysql-export-2026-02-03_filer,filer_folder,modified_at,DATETIME,date
drawSQL-mysql-export-2026-02-03_filer,filer_folder,lft,INT,num
drawSQL-mysql-export-2026-02-03_filer,filer_folder,rght,INT,num
drawSQL-mysql-export-2026-02-03_filer,filer_folder,tree_id,INT,num
drawSQL-mysql-export-2026-02-03_filer,filer_folder,level,INT,num
drawSQL-mysql-export-2026-02-03_filer,filer_folder,owner_id,INT,num
drawSQL-mysql-export-2026-02-03_filer,filer_folder,parent_id,INT,num
drawSQL-mysql-export-2026-02-03_filer,filer_folderpermission,id,INT,num
drawSQL-mysql-export-2026-02-03_filer,filer_folderpermission,type,SMALLINT,num
drawSQL-mysql-export-2026-02-03_filer,filer_folderpermission,everybody,TINYINT,num
drawSQL-mysql-export-2026-02-03_filer,filer_folderpermission,can_edit,SMALLINT,num
drawSQL-mysql-export-2026-02-03_filer,filer_folderpermission,can_read,SMALLINT,num
drawSQL-mysql-export-2026-02-03_filer,filer_folderpermission,can_add_children,SMALLINT,num
drawSQL-mysql-export-2026-02-03_filer,filer_folderpermission,folder_id,INT,num
drawSQL-mysql-export-2026-02-03_filer,filer_folderpermission,user_id,INT,num
drawSQL-mysql-export-2026-02-03_filer,filer_folderpermission,group_id,INT,num
drawSQL-mysql-export-2026-02-03_filer,filer_image,file_ptr_id,INT,num
drawSQL-mysql-export-2026-02-03_filer,filer_image,_height,INT,num
drawSQL-mysql-export-2026-02-03_filer,filer_image,_width,INT,num
drawSQL-mysql-export-2026-02-03_filer,filer_image,date_taken,DATETIME,date
drawSQL-mysql-export-2026-02-03_filer,filer_image,default_alt_text,VARCHAR(255),string
drawSQL-mysql-export-2026-02-03_filer,filer_image,default_caption,VARCHAR(255),string
drawSQL-mysql-export-2026-02-03_filer,filer_image,author,VARCHAR(255),string
drawSQL-mysql-export-2026-02-03_filer,filer_image,must_always_publish_author_credit,TINYINT,num
drawSQL-mysql-export-2026-02-03_filer,filer_image,must_always_publish_copyright,TINYINT,num
drawSQL-mysql-export-2026-02-03_filer,filer_image,subject_location,VARCHAR(255),string
drawSQL-mysql-export-2026-02-03_filer,filer_thumbnailoption,id,INT,num
drawSQL-mysql-export-2026-02-03_filer,filer_thumbnailoption,name,VARCHAR(255),string
drawSQL-mysql-export-2026-02-03_filer,filer_thumbnailoption,width,INT,num
drawSQL-mysql-export-2026-02-03_filer,filer_thumbnailoption,height,INT,num
drawSQL-mysql-export-2026-02-03_filer,filer_thumbnailoption,crop,TINYINT,num
drawSQL-mysql-export-2026-02-03_filer,filer_thumbnailoption,upscale,TINYINT,num
drawSQL-mysql-export-2026-02-03_hackernews,accounts_customuser,password,VARCHAR(255),string
drawSQL-mysql-export-2026-02-03_hackernews,accounts_customuser,last_login,DATETIME,date
drawSQL-mysql-export-2026-02-03_hackernews,accounts_customuser,is_superuser,TINYINT,num
drawSQL-mysql-export-2026-02-03_hackernews,accounts_customuser,username,VARCHAR(255),string
drawSQL-mysql-export-2026-02-03_hackernews,accounts_customuser,first_name,VARCHAR(255),string
drawSQL-mysql-export-2026-02-03_hackernews,accounts_customuser,last_name,VARCHAR(255),string
drawSQL-mysql-export-2026-02-03_hackernews,accounts_customuser,email,VARCHAR(255),string
drawSQL-mysql-export-2026-02-03_hackernews,accounts_customuser,is_staff,TINYINT,num
drawSQL-mysql-export-2026-02-03_hackernews,accounts_customuser,is_active,TINYINT,num
drawSQL-mysql-export-2026-02-03_hackernews,accounts_customuser,date_joined,DATETIME,date
drawSQL-mysql-export-2026-02-03_hackernews,accounts_customuser,id,CHAR(255),string
drawSQL-mysql-export-2026-02-03_hackernews,accounts_customuser,karma,INT,num
drawSQL-mysql-export-2026-02-03_hackernews,accounts_customuser,about,LONGTEXT,string
drawSQL-mysql-export-2026-02-03_hackernews,accounts_customuser,level,INT,num
drawSQL-mysql-export-2026-02-03_hackernews,accounts_customuser,lft,INT,num
drawSQL-mysql-export-2026-02-03_hackernews,accounts_customuser,parent_id,CHAR(255),string
drawSQL-mysql-export-2026-02-03_hackernews,accounts_customuser,rght,INT,num
drawSQL-mysql-export-2026-02-03_hackernews,accounts_customuser,tree_id,INT,num
drawSQL-mysql-export-2026-02-03_hackernews,accounts_customuser,used_invitation_id,CHAR(255),string
drawSQL-mysql-export-2026-02-03_hackernews,accounts_customuser_groups,id,INT,num
drawSQL-mysql-export-2026-02-03_hackernews,accounts_customuser_groups,customuser_id,CHAR(255),string
drawSQL-mysql-export-2026-02-03_hackernews,accounts_customuser_groups,group_id,INT,num
drawSQL-mysql-export-2026-02-03_hackernews,accounts_customuser_user_permissions,id,INT,num
drawSQL-mysql-export-2026-02-03_hackernews,accounts_customuser_user_permissions,customuser_id,CHAR(255),string
drawSQL-mysql-export-2026-02-03_hackernews,accounts_customuser_user_permissions,permission_id,INT,num
drawSQL-mysql-export-2026-02-03_hackernews,accounts_emailverification,id,CHAR(255),string
drawSQL-mysql-export-2026-02-03_hackernews,accounts_emailverification,created_at,DATETIME,date
drawSQL-mysql-export-2026-02-03_hackernews,accounts_emailverification,changed_at,DATETIME,date
drawSQL-mysql-export-2026-02-03_hackernews,accounts_emailverification,verified,TINYINT,num
drawSQL-mysql-export-2026-02-03_hackernews,accounts_emailverification,verified_at,DATETIME,date
drawSQL-mysql-export-2026-02-03_hackernews,accounts_emailverification,email,VARCHAR(255),string
drawSQL-mysql-export-2026-02-03_hackernews,accounts_emailverification,user_id,CHAR(255),string
drawSQL-mysql-export-2026-02-03_hackernews,accounts_emailverification,verification_code,CHAR(255),string
drawSQL-mysql-export-2026-02-03_hackernews,accounts_invitation,id,CHAR(255),string
drawSQL-mysql-export-2026-02-03_hackernews,accounts_invitation,created_at,DATETIME,date
drawSQL-mysql-export-2026-02-03_hackernews,accounts_invitation,changed_at,DATETIME,date
drawSQL-mysql-export-2026-02-03_hackernews,accounts_invitation,num_signups,INT,num
drawSQL-mysql-export-2026-02-03_hackernews,accounts_invitation,invited_email_address,VARCHAR(255),string
drawSQL-mysql-export-2026-02-03_hackernews,accounts_invitation,invite_code,CHAR(255),string
drawSQL-mysql-export-2026-02-03_hackernews,accounts_invitation,inviting_user_id,CHAR(255),string
drawSQL-mysql-export-2026-02-03_hackernews,accounts_passwordresetrequest,id,CHAR(255),string
drawSQL-mysql-export-2026-02-03_hackernews,accounts_passwordresetrequest,created_at,DATETIME,date
drawSQL-mysql-export-2026-02-03_hackernews,accounts_passwordresetrequest,changed_at,DATETIME,date
drawSQL-mysql-export-2026-02-03_hackernews,accounts_passwordresetrequest,verification_code,CHAR(255),string
drawSQL-mysql-export-2026-02-03_hackernews,accounts_passwordresetrequest,user_id,CHAR(255),string
drawSQL-mysql-export-2026-02-03_hackernews,auth_group,id,INT,num
drawSQL-mysql-export-2026-02-03_hackernews,auth_group,name,VARCHAR(255),string
drawSQL-mysql-export-2026-02-03_hackernews,auth_group_permissions,id,INT,num
drawSQL-mysql-export-2026-02-03_hackernews,auth_group_permissions,group_id,INT,num
drawSQL-mysql-export-2026-02-03_hackernews,auth_group_permissions,permission_id,INT,num
drawSQL-mysql-export-2026-02-03_hackernews,auth_permission,id,INT,num
drawSQL-mysql-export-2026-02-03_hackernews,auth_permission,name,VARCHAR(255),string
drawSQL-mysql-export-2026-02-03_hackernews,auth_permission,content_type_id,INT,num
drawSQL-mysql-export-2026-02-03_hackernews,auth_permission,codename,VARCHAR(255),string
drawSQL-mysql-export-2026-02-03_hackernews,django_admin_log,id,INT,num
drawSQL-mysql-export-2026-02-03_hackernews,django_admin_log,action_time,DATETIME,date
drawSQL-mysql-export-2026-02-03_hackernews,django_admin_log,object_id,LONGTEXT,string
drawSQL-mysql-export-2026-02-03_hackernews,django_admin_log,object_repr,VARCHAR(255),string
drawSQL-mysql-export-2026-02-03_hackernews,django_admin_log,action_flag,SMALLINT,num
drawSQL-mysql-export-2026-02-03_hackernews,django_admin_log,change_message,LONGTEXT,string
drawSQL-mysql-export-2026-02-03_hackernews,django_admin_log,content_type_id,INT,num
drawSQL-mysql-export-2026-02-03_hackernews,django_admin_log,user_id,CHAR(255),string
drawSQL-mysql-export-2026-02-03_hackernews,django_content_type,id,INT,num
drawSQL-mysql-export-2026-02-03_hackernews,django_content_type,app_label,VARCHAR(255),string
drawSQL-mysql-export-2026-02-03_hackernews,django_content_type,model,VARCHAR(255),string
drawSQL-mysql-export-2026-02-03_hackernews,django_migrations,id,INT,num
drawSQL-mysql-export-2026-02-03_hackernews,django_migrations,app,VARCHAR(255),string
drawSQL-mysql-export-2026-02-03_hackernews,django_migrations,name,VARCHAR(255),string
drawSQL-mysql-export-2026-02-03_hackernews,django_migrations,applied,DATETIME,date
drawSQL-mysql-export-2026-02-03_hackernews,django_session,session_key,VARCHAR(255),string
drawSQL-mysql-export-2026-02-03_hackernews,django_session,session_data,LONGTEXT,string
drawSQL-mysql-export-2026-02-03_hackernews,django_session,expire_date,DATETIME,date
drawSQL-mysql-export-2026-02-03_hackernews,emaildigest_anonymoussubscription,subscription_ptr_id,CHAR(255),string
drawSQL-mysql-export-2026-02-03_hackernews,emaildigest_anonymoussubscription,email,VARCHAR(255),string
drawSQL-mysql-export-2026-02-03_hackernews,emaildigest_anonymoussubscription,verified,TINYINT,num
drawSQL-mysql-export-2026-02-03_hackernews,emaildigest_anonymoussubscription,verified_at,DATETIME,date
drawSQL-mysql-export-2026-02-03_hackernews,emaildigest_anonymoussubscription,verification_code,CHAR(255),string
drawSQL-mysql-export-2026-02-03_hackernews,emaildigest_anonymoussubscription,logged_in_user_id,CHAR(255),string
drawSQL-mysql-export-2026-02-03_hackernews,emaildigest_emaildigest,id,CHAR(255),string
drawSQL-mysql-export-2026-02-03_hackernews,emaildigest_emaildigest,created_at,DATETIME,date
drawSQL-mysql-export-2026-02-03_hackernews,emaildigest_emaildigest,changed_at,DATETIME,date
drawSQL-mysql-export-2026-02-03_hackernews,emaildigest_emaildigest,frequency,VARCHAR(255),string
drawSQL-mysql-export-2026-02-03_hackernews,emaildigest_emaildigest,weekly_weekday,VARCHAR(255),string
drawSQL-mysql-export-2026-02-03_hackernews,emaildigest_emaildigest_stories,id,INT,num
drawSQL-mysql-export-2026-02-03_hackernews,emaildigest_emaildigest_stories,emaildigest_id,CHAR(255),string
drawSQL-mysql-export-2026-02-03_hackernews,emaildigest_emaildigest_stories,story_id,CHAR(255),string
drawSQL-mysql-export-2026-02-03_hackernews,emaildigest_subscription,id,CHAR(255),string
drawSQL-mysql-export-2026-02-03_hackernews,emaildigest_subscription,created_at,DATETIME,date
drawSQL-mysql-export-2026-02-03_hackernews,emaildigest_subscription,changed_at,DATETIME,date
drawSQL-mysql-export-2026-02-03_hackernews,emaildigest_subscription,frequency,VARCHAR(255),string
drawSQL-mysql-export-2026-02-03_hackernews,emaildigest_subscription,weekly_weekday,VARCHAR(255),string
drawSQL-mysql-export-2026-02-03_hackernews,emaildigest_subscription,verfied_email,VARCHAR(255),string
drawSQL-mysql-export-2026-02-03_hackernews,emaildigest_subscription,is_active,TINYINT,num
drawSQL-mysql-export-2026-02-03_hackernews,emaildigest_unsubscription,id,CHAR(255),string
drawSQL-mysql-export-2026-02-03_hackernews,emaildigest_unsubscription,created_at,DATETIME,date
drawSQL-mysql-export-2026-02-03_hackernews,emaildigest_unsubscription,changed_at,DATETIME,date
drawSQL-mysql-export-2026-02-03_hackernews,emaildigest_unsubscription,from_digest_id,CHAR(255),string
drawSQL-mysql-export-2026-02-03_hackernews,emaildigest_unsubscription,subscription_id,CHAR(255),string
drawSQL-mysql-export-2026-02-03_hackernews,emaildigest_usersubscription,subscription_ptr_id,CHAR(255),string
drawSQL-mysql-export-2026-02-03_hackernews,emaildigest_usersubscription,user_id,CHAR(255),string
drawSQL-mysql-export-2026-02-03_hackernews,news_comment,item_ptr_id,CHAR(255),string
drawSQL-mysql-export-2026-02-03_hackernews,news_comment,text,LONGTEXT,string
drawSQL-mysql-export-2026-02-03_hackernews,news_comment,to_story_id,CHAR(255),string
drawSQL-mysql-export-2026-02-03_hackernews,news_item,id,CHAR(255),string
drawSQL-mysql-export-2026-02-03_hackernews,news_item,created_at,DATETIME,date
drawSQL-mysql-export-2026-02-03_hackernews,news_item,changed_at,DATETIME,date
drawSQL-mysql-export-2026-02-03_hackernews,news_item,upvotes,INT,num
drawSQL-mysql-export-2026-02-03_hackernews,news_item,downvotes,INT,num
drawSQL-mysql-export-2026-02-03_hackernews,news_item,points,INT,num
drawSQL-mysql-export-2026-02-03_hackernews,news_item,num_comments,INT,num
drawSQL-mysql-export-2026-02-03_hackernews,news_item,lft,INT,num
drawSQL-mysql-export-2026-02-03_hackernews,news_item,rght,INT,num
drawSQL-mysql-export-2026-02-03_hackernews,news_item,tree_id,INT,num
drawSQL-mysql-export-2026-02-03_hackernews,news_item,level,INT,num
drawSQL-mysql-export-2026-02-03_hackernews,news_item,parent_id,CHAR(255),string
drawSQL-mysql-export-2026-02-03_hackernews,news_item,user_id,CHAR(255),string
drawSQL-mysql-export-2026-02-03_hackernews,news_item,is_ask,TINYINT,num
drawSQL-mysql-export-2026-02-03_hackernews,news_item,is_show,TINYINT,num
drawSQL-mysql-export-2026-02-03_hackernews,news_story,item_ptr_id,CHAR(255),string
drawSQL-mysql-export-2026-02-03_hackernews,news_story,url,VARCHAR(255),string
drawSQL-mysql-export-2026-02-03_hackernews,news_story,text,LONGTEXT,string
drawSQL-mysql-export-2026-02-03_hackernews,news_story,title,VARCHAR(255),string
drawSQL-mysql-export-2026-02-03_hackernews,news_story,duplicate_of_id,CHAR(255),string
drawSQL-mysql-export-2026-02-03_hackernews,news_story,domain,VARCHAR(255),string
drawSQL-mysql-export-2026-02-03_hackernews,news_vote,id,CHAR(255),string
drawSQL-mysql-export-2026-02-03_hackernews,news_vote,created_at,DATETIME,date
drawSQL-mysql-export-2026-02-03_hackernews,news_vote,changed_at,DATETIME,date
drawSQL-mysql-export-2026-02-03_hackernews,news_vote,item_id,CHAR(255),string
drawSQL-mysql-export-2026-02-03_hackernews,news_vote,user_id,CHAR(255),string
drawSQL-mysql-export-2026-02-03_hackernews,news_vote,vote,SMALLINT,num
drawSQL-mysql-export-2026-02-03_oauth,auth_user,id,INT,num
drawSQL-mysql-export-2026-02-03_oauth,auth_user,password,VARCHAR(255),string
drawSQL-mysql-export-2026-02-03_oauth,auth_user,last_login,DATETIME,date
drawSQL-mysql-export-2026-02-03_oauth,auth_user,is_superuser,TINYINT,num
drawSQL-mysql-export-2026-02-03_oauth,auth_user,username,VARCHAR(255),string
drawSQL-mysql-export-2026-02-03_oauth,auth_user,first_name,VARCHAR(255),string
drawSQL-mysql-export-2026-02-03_oauth,auth_user,last_name,VARCHAR(255),string
drawSQL-mysql-export-2026-02-03_oauth,auth_user,email,VARCHAR(255),string
drawSQL-mysql-export-2026-02-03_oauth,auth_user,is_staff,TINYINT,num
drawSQL-mysql-export-2026-02-03_oauth,auth_user,is_active,TINYINT,num
drawSQL-mysql-export-2026-02-03_oauth,auth_user,date_joined,DATETIME,date
drawSQL-mysql-export-2026-02-03_oauth,oauth2_provider_accesstoken,id,BIGINT,num
drawSQL-mysql-export-2026-02-03_oauth,oauth2_provider_accesstoken,token,VARCHAR(255),string
drawSQL-mysql-export-2026-02-03_oauth,oauth2_provider_accesstoken,expires,DATETIME,date
drawSQL-mysql-export-2026-02-03_oauth,oauth2_provider_accesstoken,scope,LONGTEXT,string
drawSQL-mysql-export-2026-02-03_oauth,oauth2_provider_accesstoken,application_id,BIGINT,num
drawSQL-mysql-export-2026-02-03_oauth,oauth2_provider_accesstoken,user_id,INT,num
drawSQL-mysql-export-2026-02-03_oauth,oauth2_provider_accesstoken,created,DATETIME,date
drawSQL-mysql-export-2026-02-03_oauth,oauth2_provider_accesstoken,updated,DATETIME,date
drawSQL-mysql-export-2026-02-03_oauth,oauth2_provider_accesstoken,source_refresh_token_id,BIGINT,num
drawSQL-mysql-export-2026-02-03_oauth,oauth2_provider_application,id,BIGINT,num
drawSQL-mysql-export-2026-02-03_oauth,oauth2_provider_application,client_id,VARCHAR(255),string
drawSQL-mysql-export-2026-02-03_oauth,oauth2_provider_application,redirect_uris,LONGTEXT,string
drawSQL-mysql-export-2026-02-03_oauth,oauth2_provider_application,client_type,VARCHAR(255),string
drawSQL-mysql-export-2026-02-03_oauth,oauth2_provider_application,authorization_grant_type,VARCHAR(255),string
drawSQL-mysql-export-2026-02-03_oauth,oauth2_provider_application,client_secret,VARCHAR(255),string
drawSQL-mysql-export-2026-02-03_oauth,oauth2_provider_application,name,VARCHAR(255),string
drawSQL-mysql-export-2026-02-03_oauth,oauth2_provider_application,user_id,INT,num
drawSQL-mysql-export-2026-02-03_oauth,oauth2_provider_application,skip_authorization,TINYINT,num
drawSQL-mysql-export-2026-02-03_oauth,oauth2_provider_application,created,DATETIME,date
drawSQL-mysql-export-2026-02-03_oauth,oauth2_provider_application,updated,DATETIME,date
drawSQL-mysql-export-2026-02-03_oauth,oauth2_provider_grant,id,BIGINT,num
drawSQL-mysql-export-2026-02-03_oauth,oauth2_provider_grant,code,VARCHAR(255),string
drawSQL-mysql-export-2026-02-03_oauth,oauth2_provider_grant,expires,DATETIME,date
drawSQL-mysql-export-2026-02-03_oauth,oauth2_provider_grant,redirect_uri,VARCHAR(255),string
drawSQL-mysql-export-2026-02-03_oauth,oauth2_provider_grant,scope,LONGTEXT,string
drawSQL-mysql-export-2026-02-03_oauth,oauth2_provider_grant,application_id,BIGINT,num
drawSQL-mysql-export-2026-02-03_oauth,oauth2_provider_grant,user_id,INT,num
drawSQL-mysql-export-2026-02-03_oauth,oauth2_provider_grant,created,DATETIME,date
drawSQL-mysql-export-2026-02-03_oauth,oauth2_provider_grant,updated,DATETIME,date
drawSQL-mysql-export-2026-02-03_oauth,oauth2_provider_grant,code_challenge,VARCHAR(255),string
drawSQL-mysql-export-2026-02-03_oauth,oauth2_provider_grant,code_challenge_method,VARCHAR(255),string
drawSQL-mysql-export-2026-02-03_oauth,oauth2_provider_refreshtoken,id,BIGINT,num
drawSQL-mysql-export-2026-02-03_oauth,oauth2_provider_refreshtoken,token,VARCHAR(255),string
drawSQL-mysql-export-2026-02-03_oauth,oauth2_provider_refreshtoken,access_token_id,BIGINT,num
drawSQL-mysql-export-2026-02-03_oauth,oauth2_provider_refreshtoken,application_id,BIGINT,num
drawSQL-mysql-export-2026-02-03_oauth,oauth2_provider_refreshtoken,user_id,INT,num
drawSQL-mysql-export-2026-02-03_oauth,oauth2_provider_refreshtoken,created,DATETIME,date
drawSQL-mysql-export-2026-02-03_oauth,oauth2_provider_refreshtoken,updated,DATETIME,date
drawSQL-mysql-export-2026-02-03_oauth,oauth2_provider_refreshtoken,revoked,DATETIME,date
drawSQL-mysql-export-2026-02-03_phpweb,users,id,INT,num
drawSQL-mysql-export-2026-02-03_phpweb,users,name,VARCHAR(255),string
drawSQL-mysql-export-2026-02-03_phpweb,users,email,VARCHAR(255),string
drawSQL-mysql-export-2026-02-03_phpweb,users,email_verified_at,DATETIME,date
drawSQL-mysql-export-2026-02-03_phpweb,users,password,VARCHAR(255),string
drawSQL-mysql-export-2026-02-03_phpweb,users,remember_token,VARCHAR(255),string
drawSQL-mysql-export-2026-02-03_phpweb,users,created_at,DATETIME,date
drawSQL-mysql-export-2026-02-03_phpweb,users,updated_at,DATETIME,date
drawSQL-mysql-export-2026-02-03_phpweb,failed_jobs,id,INT,num
drawSQL-mysql-export-2026-02-03_phpweb,failed_jobs,connection,TEXT,string
drawSQL-mysql-export-2026-02-03_phpweb,failed_jobs,queue,TEXT,string
drawSQL-mysql-export-2026-02-03_phpweb,failed_jobs,payload,LONGTEXT,string
drawSQL-mysql-export-2026-02-03_phpweb,failed_jobs,exception,LONGTEXT,string
drawSQL-mysql-export-2026-02-03_phpweb,failed_jobs,failed_at,TIMESTAMP,date
drawSQL-mysql-export-2026-02-03_phpweb,migrations,id,INT,num
drawSQL-mysql-export-2026-02-03_phpweb,migrations,migration,VARCHAR(255),string
drawSQL-mysql-export-2026-02-03_phpweb,migrations,batch,INT,num
drawSQL-mysql-export-2026-02-03_pushnotif,auth_user,id,INT,num
drawSQL-mysql-export-2026-02-03_pushnotif,auth_user,password,VARCHAR(255),string
drawSQL-mysql-export-2026-02-03_pushnotif,auth_user,last_login,DATETIME,date
drawSQL-mysql-export-2026-02-03_pushnotif,auth_user,is_superuser,TINYINT,num
drawSQL-mysql-export-2026-02-03_pushnotif,auth_user,username,VARCHAR(255),string
drawSQL-mysql-export-2026-02-03_pushnotif,auth_user,first_name,VARCHAR(255),string
drawSQL-mysql-export-2026-02-03_pushnotif,auth_user,last_name,VARCHAR(255),string
drawSQL-mysql-export-2026-02-03_pushnotif,auth_user,email,VARCHAR(255),string
drawSQL-mysql-export-2026-02-03_pushnotif,auth_user,is_staff,TINYINT,num
drawSQL-mysql-export-2026-02-03_pushnotif,auth_user,is_active,TINYINT,num
drawSQL-mysql-export-2026-02-03_pushnotif,auth_user,date_joined,DATETIME,date
drawSQL-mysql-export-2026-02-03_pushnotif,push_notifications_apnsdevice,id,INT,num
drawSQL-mysql-export-2026-02-03_pushnotif,push_notifications_apnsdevice,name,VARCHAR(255),string
drawSQL-mysql-export-2026-02-03_pushnotif,push_notifications_apnsdevice,active,TINYINT,num
drawSQL-mysql-export-2026-02-03_pushnotif,push_notifications_apnsdevice,date_created,DATETIME,date
drawSQL-mysql-export-2026-02-03_pushnotif,push_notifications_apnsdevice,device_id,CHAR(255),string
drawSQL-mysql-export-2026-02-03_pushnotif,push_notifications_apnsdevice,registration_id,VARCHAR(255),string
drawSQL-mysql-export-2026-02-03_pushnotif,push_notifications_apnsdevice,user_id,INT,num
drawSQL-mysql-export-2026-02-03_pushnotif,push_notifications_apnsdevice,application_id,VARCHAR(255),string
drawSQL-mysql-export-2026-02-03_pushnotif,push_notifications_gcmdevice,id,INT,num
drawSQL-mysql-export-2026-02-03_pushnotif,push_notifications_gcmdevice,name,VARCHAR(255),string
drawSQL-mysql-export-2026-02-03_pushnotif,push_notifications_gcmdevice,active,TINYINT,num
drawSQL-mysql-export-2026-02-03_pushnotif,push_notifications_gcmdevice,date_created,DATETIME,date
drawSQL-mysql-export-2026-02-03_pushnotif,push_notifications_gcmdevice,device_id,BIGINT,num
drawSQL-mysql-export-2026-02-03_pushnotif,push_notifications_gcmdevice,registration_id,LONGTEXT,string
drawSQL-mysql-export-2026-02-03_pushnotif,push_notifications_gcmdevice,user_id,INT,num
drawSQL-mysql-export-2026-02-03_pushnotif,push_notifications_gcmdevice,cloud_message_type,VARCHAR(255),string
drawSQL-mysql-export-2026-02-03_pushnotif,push_notifications_gcmdevice,application_id,VARCHAR(255),string
drawSQL-mysql-export-2026-02-03_pushnotif,push_notifications_webpushdevice,id,INT,num
drawSQL-mysql-export-2026-02-03_pushnotif,push_notifications_webpushdevice,name,VARCHAR(255),string
drawSQL-mysql-export-2026-02-03_pushnotif,push_notifications_webpushdevice,active,TINYINT,num
drawSQL-mysql-export-2026-02-03_pushnotif,push_notifications_webpushdevice,date_created,DATETIME,date
drawSQL-mysql-export-2026-02-03_pushnotif,push_notifications_webpushdevice,application_id,VARCHAR(255),string
drawSQL-mysql-export-2026-02-03_pushnotif,push_notifications_webpushdevice,registration_id,LONGTEXT,string
drawSQL-mysql-export-2026-02-03_pushnotif,push_notifications_webpushdevice,p256dh,VARCHAR(255),string
drawSQL-mysql-export-2026-02-03_pushnotif,push_notifications_webpushdevice,auth,VARCHAR(255),string
drawSQL-mysql-export-2026-02-03_pushnotif,push_notifications_webpushdevice,browser,VARCHAR(255),string
drawSQL-mysql-export-2026-02-03_pushnotif,push_notifications_webpushdevice,user_id,INT,num
drawSQL-mysql-export-2026-02-03_pushnotif,push_notifications_wnsdevice,id,INT,num
drawSQL-mysql-export-2026-02-03_pushnotif,push_notifications_wnsdevice,name,VARCHAR(255),string
drawSQL-mysql-export-2026-02-03_pushnotif,push_notifications_wnsdevice,active,TINYINT,num
drawSQL-mysql-export-2026-02-03_pushnotif,push_notifications_wnsdevice,date_created,DATETIME,date
drawSQL-mysql-export-2026-02-03_pushnotif,push_notifications_wnsdevice,device_id,CHAR(255),string
drawSQL-mysql-export-2026-02-03_pushnotif,push_notifications_wnsdevice,registration_id,LONGTEXT,string
drawSQL-mysql-export-2026-02-03_pushnotif,push_notifications_wnsdevice,user_id,INT,num
drawSQL-mysql-export-2026-02-03_pushnotif,push_notifications_wnsdevice,application_id,VARCHAR(255),string
drawSQL-mysql-export-2026-02-03_school,account_sectors,id,INT,num
drawSQL-mysql-export-2026-02-03_school,account_sectors,name,VARCHAR(255),string
drawSQL-mysql-export-2026-02-03_school,account_sectors,type,VARCHAR(255),string
drawSQL-mysql-export-2026-02-03_school,account_sectors,school_id,INT,num
drawSQL-mysql-export-2026-02-03_school,account_sectors,user_id,INT,num
drawSQL-mysql-export-2026-02-03_school,account_sectors,created_at,TIMESTAMP,date
drawSQL-mysql-export-2026-02-03_school,account_sectors,updated_at,TIMESTAMP,date
drawSQL-mysql-export-2026-02-03_school,accounts,id,INT,num
drawSQL-mysql-export-2026-02-03_school,accounts,name,VARCHAR(255),string
drawSQL-mysql-export-2026-02-03_school,accounts,type,VARCHAR(255),string
drawSQL-mysql-export-2026-02-03_school,accounts,amount,INT,num
drawSQL-mysql-export-2026-02-03_school,accounts,description,TEXT,string
drawSQL-mysql-export-2026-02-03_school,accounts,school_id,INT,num
drawSQL-mysql-export-2026-02-03_school,accounts,user_id,INT,num
drawSQL-mysql-export-2026-02-03_school,accounts,created_at,TIMESTAMP,date
drawSQL-mysql-export-2026-02-03_school,accounts,updated_at,TIMESTAMP,date
drawSQL-mysql-export-2026-02-03_school,attendances,id,INT,num
drawSQL-mysql-export-2026-02-03_school,attendances,student_id,INT,num
drawSQL-mysql-export-2026-02-03_school,attendances,section_id,INT,num
drawSQL-mysql-export-2026-02-03_school,attendances,exam_id,INT,num
drawSQL-mysql-export-2026-02-03_school,attendances,present,TINYINT,num
drawSQL-mysql-export-2026-02-03_school,attendances,user_id,INT,num
drawSQL-mysql-export-2026-02-03_school,attendances,created_at,TIMESTAMP,date
drawSQL-mysql-export-2026-02-03_school,attendances,updated_at,TIMESTAMP,date
drawSQL-mysql-export-2026-02-03_school,books,id,INT,num
drawSQL-mysql-export-2026-02-03_school,books,book_code,VARCHAR(255),string
drawSQL-mysql-export-2026-02-03_school,books,title,VARCHAR(255),string
drawSQL-mysql-export-2026-02-03_school,books,author,VARCHAR(255),string
drawSQL-mysql-export-2026-02-03_school,books,quantity,INT,num
drawSQL-mysql-export-2026-02-03_school,books,rackNo,VARCHAR(255),string
drawSQL-mysql-export-2026-02-03_school,books,rowNo,VARCHAR(255),string
drawSQL-mysql-export-2026-02-03_school,books,img_path,VARCHAR(255),string
drawSQL-mysql-export-2026-02-03_school,books,about,TEXT,string
drawSQL-mysql-export-2026-02-03_school,books,type,VARCHAR(255),string
drawSQL-mysql-export-2026-02-03_school,books,price,INT,num
drawSQL-mysql-export-2026-02-03_school,books,class_id,INT,num
drawSQL-mysql-export-2026-02-03_school,books,school_id,INT,num
drawSQL-mysql-export-2026-02-03_school,books,user_id,INT,num
drawSQL-mysql-export-2026-02-03_school,books,created_at,TIMESTAMP,date
drawSQL-mysql-export-2026-02-03_school,books,updated_at,TIMESTAMP,date
drawSQL-mysql-export-2026-02-03_school,classes,id,INT,num
drawSQL-mysql-export-2026-02-03_school,classes,class_number,VARCHAR(255),string
drawSQL-mysql-export-2026-02-03_school,classes,school_id,INT,num
drawSQL-mysql-export-2026-02-03_school,classes,group,VARCHAR(255),string
drawSQL-mysql-export-2026-02-03_school,classes,created_at,TIMESTAMP,date
drawSQL-mysql-export-2026-02-03_school,classes,updated_at,TIMESTAMP,date
drawSQL-mysql-export-2026-02-03_school,courses,id,INT,num
drawSQL-mysql-export-2026-02-03_school,courses,course_name,VARCHAR(255),string
drawSQL-mysql-export-2026-02-03_school,courses,class_id,INT,num
drawSQL-mysql-export-2026-02-03_school,courses,course_type,VARCHAR(255),string
drawSQL-mysql-export-2026-02-03_school,courses,course_time,VARCHAR(255),string
drawSQL-mysql-export-2026-02-03_school,courses,grade_system_name,VARCHAR(255),string
drawSQL-mysql-export-2026-02-03_school,courses,quiz_count,INT,num
drawSQL-mysql-export-2026-02-03_school,courses,assignment_count,INT,num
drawSQL-mysql-export-2026-02-03_school,courses,ct_count,INT,num
drawSQL-mysql-export-2026-02-03_school,courses,quiz_percent,INT,num
drawSQL-mysql-export-2026-02-03_school,courses,attendance_percent,INT,num
drawSQL-mysql-export-2026-02-03_school,courses,assignment_percent,INT,num
drawSQL-mysql-export-2026-02-03_school,courses,ct_percent,INT,num
drawSQL-mysql-export-2026-02-03_school,courses,final_exam_percent,INT,num
drawSQL-mysql-export-2026-02-03_school,courses,practical_percent,INT,num
drawSQL-mysql-export-2026-02-03_school,courses,att_fullmark,INT,num
drawSQL-mysql-export-2026-02-03_school,courses,quiz_fullmark,INT,num
drawSQL-mysql-export-2026-02-03_school,courses,a_fullmark,INT,num
drawSQL-mysql-export-2026-02-03_school,courses,ct_fullmark,INT,num
drawSQL-mysql-export-2026-02-03_school,courses,final_fullmark,INT,num
drawSQL-mysql-export-2026-02-03_school,courses,practical_fullmark,INT,num
drawSQL-mysql-export-2026-02-03_school,courses,school_id,INT,num
drawSQL-mysql-export-2026-02-03_school,courses,exam_id,INT,num
drawSQL-mysql-export-2026-02-03_school,courses,teacher_id,INT,num
drawSQL-mysql-export-2026-02-03_school,courses,section_id,INT,num
drawSQL-mysql-export-2026-02-03_school,courses,user_id,INT,num
drawSQL-mysql-export-2026-02-03_school,courses,created_at,TIMESTAMP,date
drawSQL-mysql-export-2026-02-03_school,courses,updated_at,TIMESTAMP,date
drawSQL-mysql-export-2026-02-03_school,departments,id,INT,num
drawSQL-mysql-export-2026-02-03_school,departments,school_id,INT,num
drawSQL-mysql-export-2026-02-03_school,departments,department_name,VARCHAR(255),string
drawSQL-mysql-export-2026-02-03_school,departments,created_at,TIMESTAMP,date
drawSQL-mysql-export-2026-02-03_school,departments,updated_at,TIMESTAMP,date
drawSQL-mysql-export-2026-02-03_school,events,id,INT,num
drawSQL-mysql-export-2026-02-03_school,events,file_path,VARCHAR(255),string
drawSQL-mysql-export-2026-02-03_school,events,title,VARCHAR(255),string
drawSQL-mysql-export-2026-02-03_school,events,description,TEXT,string
drawSQL-mysql-export-2026-02-03_school,events,active,TINYINT,num
drawSQL-mysql-export-2026-02-03_school,events,school_id,INT,num
drawSQL-mysql-export-2026-02-03_school,events,user_id,INT,num
drawSQL-mysql-export-2026-02-03_school,events,created_at,TIMESTAMP,date
drawSQL-mysql-export-2026-02-03_school,events,updated_at,TIMESTAMP,date
drawSQL-mysql-export-2026-02-03_school,exam_for_classes,id,INT,num
drawSQL-mysql-export-2026-02-03_school,exam_for_classes,class_id,INT,num
drawSQL-mysql-export-2026-02-03_school,exam_for_classes,exam_id,INT,num
drawSQL-mysql-export-2026-02-03_school,exam_for_classes,active,TINYINT,num
drawSQL-mysql-export-2026-02-03_school,exams,id,INT,num
drawSQL-mysql-export-2026-02-03_school,exams,exam_name,VARCHAR(255),string
drawSQL-mysql-export-2026-02-03_school,exams,active,TINYINT,num
drawSQL-mysql-export-2026-02-03_school,exams,notice_published,TINYINT,num
drawSQL-mysql-export-2026-02-03_school,exams,result_published,TINYINT,num
drawSQL-mysql-export-2026-02-03_school,exams,school_id,INT,num
drawSQL-mysql-export-2026-02-03_school,exams,user_id,INT,num
drawSQL-mysql-export-2026-02-03_school,exams,created_at,TIMESTAMP,date
drawSQL-mysql-export-2026-02-03_school,exams,updated_at,TIMESTAMP,date
drawSQL-mysql-export-2026-02-03_school,exams,term,VARCHAR(255),string
drawSQL-mysql-export-2026-02-03_school,exams,start_date,VARCHAR(255),string
drawSQL-mysql-export-2026-02-03_school,exams,end_date,VARCHAR(255),string
drawSQL-mysql-export-2026-02-03_school,faqs,id,INT,num
drawSQL-mysql-export-2026-02-03_school,faqs,question,VARCHAR(255),string
drawSQL-mysql-export-2026-02-03_school,faqs,answer,TEXT,string
drawSQL-mysql-export-2026-02-03_school,faqs,user_id,INT,num
drawSQL-mysql-export-2026-02-03_school,faqs,created_at,TIMESTAMP,date
drawSQL-mysql-export-2026-02-03_school,faqs,updated_at,TIMESTAMP,date
drawSQL-mysql-export-2026-02-03_school,feedbacks,id,INT,num
drawSQL-mysql-export-2026-02-03_school,feedbacks,description,TEXT,string
drawSQL-mysql-export-2026-02-03_school,feedbacks,teacher_id,INT,num
drawSQL-mysql-export-2026-02-03_school,feedbacks,student_id,INT,num
drawSQL-mysql-export-2026-02-03_school,feedbacks,created_at,TIMESTAMP,date
drawSQL-mysql-export-2026-02-03_school,feedbacks,updated_at,TIMESTAMP,date
drawSQL-mysql-export-2026-02-03_school,fees,id,INT,num
drawSQL-mysql-export-2026-02-03_school,fees,fee_name,VARCHAR(255),string
drawSQL-mysql-export-2026-02-03_school,fees,school_id,INT,num
drawSQL-mysql-export-2026-02-03_school,fees,user_id,INT,num
drawSQL-mysql-export-2026-02-03_school,fees,created_at,TIMESTAMP,date
drawSQL-mysql-export-2026-02-03_school,fees,updated_at,TIMESTAMP,date
drawSQL-mysql-export-2026-02-03_school,forms,id,INT,num
drawSQL-mysql-export-2026-02-03_school,forms,name,VARCHAR(255),string
drawSQL-mysql-export-2026-02-03_school,forms,file_path,VARCHAR(255),string
drawSQL-mysql-export-2026-02-03_school,forms,school_id,INT,num
drawSQL-mysql-export-2026-02-03_school,forms,user_id,INT,num
drawSQL-mysql-export-2026-02-03_school,forms,created_at,TIMESTAMP,date
drawSQL-mysql-export-2026-02-03_school,forms,updated_at,TIMESTAMP,date
drawSQL-mysql-export-2026-02-03_school,grade_systems,id,INT,num
drawSQL-mysql-export-2026-02-03_school,grade_systems,grade_system_name,VARCHAR(255),string
drawSQL-mysql-export-2026-02-03_school,grade_systems,grade,VARCHAR(255),string
drawSQL-mysql-export-2026-02-03_school,grade_systems,point,DOUBLE,num
drawSQL-mysql-export-2026-02-03_school,grade_systems,from_mark,INT,num
drawSQL-mysql-export-2026-02-03_school,grade_systems,to_mark,INT,num
drawSQL-mysql-export-2026-02-03_school,grade_systems,school_id,INT,num
drawSQL-mysql-export-2026-02-03_school,grade_systems,user_id,INT,num
drawSQL-mysql-export-2026-02-03_school,grade_systems,created_at,TIMESTAMP,date
drawSQL-mysql-export-2026-02-03_school,grade_systems,updated_at,TIMESTAMP,date
drawSQL-mysql-export-2026-02-03_school,grades,id,INT,num
drawSQL-mysql-export-2026-02-03_school,grades,marks,DOUBLE,num
drawSQL-mysql-export-2026-02-03_school,grades,gpa,DOUBLE,num
drawSQL-mysql-export-2026-02-03_school,grades,attendance,DOUBLE,num
drawSQL-mysql-export-2026-02-03_school,grades,quiz1,DOUBLE,num
drawSQL-mysql-export-2026-02-03_school,grades,quiz2,DOUBLE,num
drawSQL-mysql-export-2026-02-03_school,grades,quiz3,DOUBLE,num
drawSQL-mysql-export-2026-02-03_school,grades,quiz4,DOUBLE,num
drawSQL-mysql-export-2026-02-03_school,grades,quiz5,DOUBLE,num
drawSQL-mysql-export-2026-02-03_school,grades,ct1,DOUBLE,num
drawSQL-mysql-export-2026-02-03_school,grades,ct2,DOUBLE,num
drawSQL-mysql-export-2026-02-03_school,grades,ct3,DOUBLE,num
drawSQL-mysql-export-2026-02-03_school,grades,ct4,DOUBLE,num
drawSQL-mysql-export-2026-02-03_school,grades,ct5,DOUBLE,num
drawSQL-mysql-export-2026-02-03_school,grades,assignment1,DOUBLE,num
drawSQL-mysql-export-2026-02-03_school,grades,assignment2,DOUBLE,num
drawSQL-mysql-export-2026-02-03_school,grades,assignment3,DOUBLE,num
drawSQL-mysql-export-2026-02-03_school,grades,written,DOUBLE,num
drawSQL-mysql-export-2026-02-03_school,grades,mcq,DOUBLE,num
drawSQL-mysql-export-2026-02-03_school,grades,practical,DOUBLE,num
drawSQL-mysql-export-2026-02-03_school,grades,exam_id,INT,num
drawSQL-mysql-export-2026-02-03_school,grades,student_id,INT,num
drawSQL-mysql-export-2026-02-03_school,grades,teacher_id,INT,num
drawSQL-mysql-export-2026-02-03_school,grades,course_id,INT,num
drawSQL-mysql-export-2026-02-03_school,grades,user_id,INT,num
drawSQL-mysql-export-2026-02-03_school,grades,created_at,TIMESTAMP,date
drawSQL-mysql-export-2026-02-03_school,grades,updated_at,TIMESTAMP,date
drawSQL-mysql-export-2026-02-03_school,homeworks,id,INT,num
drawSQL-mysql-export-2026-02-03_school,homeworks,file_path,VARCHAR(255),string
drawSQL-mysql-export-2026-02-03_school,homeworks,description,TEXT,string
drawSQL-mysql-export-2026-02-03_school,homeworks,teacher_id,INT,num
drawSQL-mysql-export-2026-02-03_school,homeworks,section_id,INT,num
drawSQL-mysql-export-2026-02-03_school,homeworks,created_at,TIMESTAMP,date
drawSQL-mysql-export-2026-02-03_school,homeworks,updated_at,TIMESTAMP,date
drawSQL-mysql-export-2026-02-03_school,issued_books,id,INT,num
drawSQL-mysql-export-2026-02-03_school,issued_books,student_code,INT,num
drawSQL-mysql-export-2026-02-03_school,issued_books,book_id,INT,num
drawSQL-mysql-export-2026-02-03_school,issued_books,quantity,INT,num
drawSQL-mysql-export-2026-02-03_school,issued_books,school_id,INT,num
drawSQL-mysql-export-2026-02-03_school,issued_books,issue_date,DATE,date
drawSQL-mysql-export-2026-02-03_school,issued_books,return_date,DATE,date
drawSQL-mysql-export-2026-02-03_school,issued_books,fine,"DECIMAL(8, 2)",num
drawSQL-mysql-export-2026-02-03_school,issued_books,borrowed,TINYINT,num
drawSQL-mysql-export-2026-02-03_school,issued_books,user_id,INT,num
drawSQL-mysql-export-2026-02-03_school,issued_books,created_at,TIMESTAMP,date
drawSQL-mysql-export-2026-02-03_school,issued_books,updated_at,TIMESTAMP,date
drawSQL-mysql-export-2026-02-03_school,messages,id,INT,num
drawSQL-mysql-export-2026-02-03_school,messages,phone_number,VARCHAR(255),string
drawSQL-mysql-export-2026-02-03_school,messages,email,VARCHAR(255),string
drawSQL-mysql-export-2026-02-03_school,messages,message,TEXT,string
drawSQL-mysql-export-2026-02-03_school,messages,school_id,INT,num
drawSQL-mysql-export-2026-02-03_school,messages,user_id,INT,num
drawSQL-mysql-export-2026-02-03_school,messages,created_at,TIMESTAMP,date
drawSQL-mysql-export-2026-02-03_school,messages,updated_at,TIMESTAMP,date
drawSQL-mysql-export-2026-02-03_school,migrations,id,INT,num
drawSQL-mysql-export-2026-02-03_school,migrations,migration,VARCHAR(255),string
drawSQL-mysql-export-2026-02-03_school,migrations,batch,INT,num
drawSQL-mysql-export-2026-02-03_school,notices,id,INT,num
drawSQL-mysql-export-2026-02-03_school,notices,file_path,VARCHAR(255),string
drawSQL-mysql-export-2026-02-03_school,notices,title,VARCHAR(255),string
drawSQL-mysql-export-2026-02-03_school,notices,description,TEXT,string
drawSQL-mysql-export-2026-02-03_school,notices,active,TINYINT,num
drawSQL-mysql-export-2026-02-03_school,notices,school_id,INT,num
drawSQL-mysql-export-2026-02-03_school,notices,user_id,INT,num
drawSQL-mysql-export-2026-02-03_school,notices,created_at,TIMESTAMP,date
drawSQL-mysql-export-2026-02-03_school,notices,updated_at,TIMESTAMP,date
drawSQL-mysql-export-2026-02-03_school,notifications,id,INT,num
drawSQL-mysql-export-2026-02-03_school,notifications,sent_status,TINYINT,num
drawSQL-mysql-export-2026-02-03_school,notifications,active,TINYINT,num
drawSQL-mysql-export-2026-02-03_school,notifications,message,TEXT,string
drawSQL-mysql-export-2026-02-03_school,notifications,student_id,INT,num
drawSQL-mysql-export-2026-02-03_school,notifications,user_id,INT,num
drawSQL-mysql-export-2026-02-03_school,notifications,created_at,TIMESTAMP,date
drawSQL-mysql-export-2026-02-03_school,notifications,updated_at,TIMESTAMP,date
drawSQL-mysql-export-2026-02-03_school,oauth_access_tokens,id,VARCHAR(255),string
drawSQL-mysql-export-2026-02-03_school,oauth_access_tokens,user_id,INT,num
drawSQL-mysql-export-2026-02-03_school,oauth_access_tokens,client_id,INT,num
drawSQL-mysql-export-2026-02-03_school,oauth_access_tokens,name,VARCHAR(255),string
drawSQL-mysql-export-2026-02-03_school,oauth_access_tokens,scopes,TEXT,string
drawSQL-mysql-export-2026-02-03_school,oauth_access_tokens,revoked,TINYINT,num
drawSQL-mysql-export-2026-02-03_school,oauth_access_tokens,created_at,TIMESTAMP,date
drawSQL-mysql-export-2026-02-03_school,oauth_access_tokens,updated_at,TIMESTAMP,date
drawSQL-mysql-export-2026-02-03_school,oauth_access_tokens,expires_at,DATETIME,date
drawSQL-mysql-export-2026-02-03_school,oauth_auth_codes,id,VARCHAR(255),string
drawSQL-mysql-export-2026-02-03_school,oauth_auth_codes,user_id,INT,num
drawSQL-mysql-export-2026-02-03_school,oauth_auth_codes,client_id,INT,num
drawSQL-mysql-export-2026-02-03_school,oauth_auth_codes,scopes,TEXT,string
drawSQL-mysql-export-2026-02-03_school,oauth_auth_codes,revoked,TINYINT,num
drawSQL-mysql-export-2026-02-03_school,oauth_auth_codes,expires_at,DATETIME,date
drawSQL-mysql-export-2026-02-03_school,oauth_clients,id,INT,num
drawSQL-mysql-export-2026-02-03_school,oauth_clients,user_id,INT,num
drawSQL-mysql-export-2026-02-03_school,oauth_clients,name,VARCHAR(255),string
drawSQL-mysql-export-2026-02-03_school,oauth_clients,secret,VARCHAR(255),string
drawSQL-mysql-export-2026-02-03_school,oauth_clients,redirect,TEXT,string
drawSQL-mysql-export-2026-02-03_school,oauth_clients,personal_access_client,TINYINT,num
drawSQL-mysql-export-2026-02-03_school,oauth_clients,password_client,TINYINT,num
drawSQL-mysql-export-2026-02-03_school,oauth_clients,revoked,TINYINT,num
drawSQL-mysql-export-2026-02-03_school,oauth_clients,created_at,TIMESTAMP,date
drawSQL-mysql-export-2026-02-03_school,oauth_clients,updated_at,TIMESTAMP,date
drawSQL-mysql-export-2026-02-03_school,oauth_personal_access_clients,id,INT,num
drawSQL-mysql-export-2026-02-03_school,oauth_personal_access_clients,client_id,INT,num
drawSQL-mysql-export-2026-02-03_school,oauth_personal_access_clients,created_at,TIMESTAMP,date
drawSQL-mysql-export-2026-02-03_school,oauth_personal_access_clients,updated_at,TIMESTAMP,date
drawSQL-mysql-export-2026-02-03_school,oauth_refresh_tokens,id,VARCHAR(255),string
drawSQL-mysql-export-2026-02-03_school,oauth_refresh_tokens,access_token_id,VARCHAR(255),string
drawSQL-mysql-export-2026-02-03_school,oauth_refresh_tokens,revoked,TINYINT,num
drawSQL-mysql-export-2026-02-03_school,oauth_refresh_tokens,expires_at,DATETIME,date
drawSQL-mysql-export-2026-02-03_school,password_resets,email,VARCHAR(255),string
drawSQL-mysql-export-2026-02-03_school,password_resets,token,VARCHAR(255),string
drawSQL-mysql-export-2026-02-03_school,password_resets,created_at,TIMESTAMP,date
drawSQL-mysql-export-2026-02-03_school,payments,id,INT,num
drawSQL-mysql-export-2026-02-03_school,payments,payment_id,VARCHAR(255),string
drawSQL-mysql-export-2026-02-03_school,payments,payment_status,TINYINT,num
drawSQL-mysql-export-2026-02-03_school,payments,amount,DOUBLE,num
drawSQL-mysql-export-2026-02-03_school,payments,custormer_id,INT,num
drawSQL-mysql-export-2026-02-03_school,payments,charge_for,VARCHAR(255),string
drawSQL-mysql-export-2026-02-03_school,payments,created_at,TIMESTAMP,date
drawSQL-mysql-export-2026-02-03_school,payments,updated_at,TIMESTAMP,date
drawSQL-mysql-export-2026-02-03_school,routines,id,INT,num
drawSQL-mysql-export-2026-02-03_school,routines,file_path,VARCHAR(255),string
drawSQL-mysql-export-2026-02-03_school,routines,title,VARCHAR(255),string
drawSQL-mysql-export-2026-02-03_school,routines,description,TEXT,string
drawSQL-mysql-export-2026-02-03_school,routines,active,TINYINT,num
drawSQL-mysql-export-2026-02-03_school,routines,school_id,INT,num
drawSQL-mysql-export-2026-02-03_school,routines,user_id,INT,num
drawSQL-mysql-export-2026-02-03_school,routines,created_at,TIMESTAMP,date
drawSQL-mysql-export-2026-02-03_school,routines,updated_at,TIMESTAMP,date
drawSQL-mysql-export-2026-02-03_school,routines,section_id,INT,num
drawSQL-mysql-export-2026-02-03_school,schools,id,INT,num
drawSQL-mysql-export-2026-02-03_school,schools,name,VARCHAR(255),string
drawSQL-mysql-export-2026-02-03_school,schools,established,VARCHAR(255),string
drawSQL-mysql-export-2026-02-03_school,schools,about,TEXT,string
drawSQL-mysql-export-2026-02-03_school,schools,medium,VARCHAR(255),string
drawSQL-mysql-export-2026-02-03_school,schools,code,INT,num
drawSQL-mysql-export-2026-02-03_school,schools,theme,VARCHAR(255),string
drawSQL-mysql-export-2026-02-03_school,schools,created_at,TIMESTAMP,date
drawSQL-mysql-export-2026-02-03_school,schools,updated_at,TIMESTAMP,date
drawSQL-mysql-export-2026-02-03_school,sections,id,INT,num
drawSQL-mysql-export-2026-02-03_school,sections,section_number,VARCHAR(255),string
drawSQL-mysql-export-2026-02-03_school,sections,room_number,INT,num
drawSQL-mysql-export-2026-02-03_school,sections,class_id,INT,num
drawSQL-mysql-export-2026-02-03_school,sections,user_id,INT,num
drawSQL-mysql-export-2026-02-03_school,sections,created_at,TIMESTAMP,date
drawSQL-mysql-export-2026-02-03_school,sections,updated_at,TIMESTAMP,date
drawSQL-mysql-export-2026-02-03_school,student_board_exams,id,INT,num
drawSQL-mysql-export-2026-02-03_school,student_board_exams,student_id,INT,num
drawSQL-mysql-export-2026-02-03_school,student_board_exams,exam_name,VARCHAR(255),string
drawSQL-mysql-export-2026-02-03_school,student_board_exams,group,VARCHAR(255),string
drawSQL-mysql-export-2026-02-03_school,student_board_exams,roll,INT,num
drawSQL-mysql-export-2026-02-03_school,student_board_exams,registration,INT,num
drawSQL-mysql-export-2026-02-03_school,student_board_exams,session,VARCHAR(255),string
drawSQL-mysql-export-2026-02-03_school,student_board_exams,board,VARCHAR(255),string
drawSQL-mysql-export-2026-02-03_school,student_board_exams,passing_year,INT,num
drawSQL-mysql-export-2026-02-03_school,student_board_exams,institution_name,VARCHAR(255),string
drawSQL-mysql-export-2026-02-03_school,student_board_exams,gpa,DOUBLE,num
drawSQL-mysql-export-2026-02-03_school,student_board_exams,user_id,INT,num
drawSQL-mysql-export-2026-02-03_school,student_board_exams,created_at,TIMESTAMP,date
drawSQL-mysql-export-2026-02-03_school,student_board_exams,updated_at,TIMESTAMP,date
drawSQL-mysql-export-2026-02-03_school,student_infos,id,INT,num
drawSQL-mysql-export-2026-02-03_school,student_infos,student_id,INT,num
drawSQL-mysql-export-2026-02-03_school,student_infos,session,VARCHAR(255),string
drawSQL-mysql-export-2026-02-03_school,student_infos,version,VARCHAR(255),string
drawSQL-mysql-export-2026-02-03_school,student_infos,group,VARCHAR(255),string
drawSQL-mysql-export-2026-02-03_school,student_infos,birthday,DATETIME,date
drawSQL-mysql-export-2026-02-03_school,student_infos,religion,VARCHAR(255),string
drawSQL-mysql-export-2026-02-03_school,student_infos,father_name,VARCHAR(255),string
drawSQL-mysql-export-2026-02-03_school,student_infos,father_phone_number,VARCHAR(255),string
drawSQL-mysql-export-2026-02-03_school,student_infos,father_national_id,VARCHAR(255),string
drawSQL-mysql-export-2026-02-03_school,student_infos,father_occupation,VARCHAR(255),string
drawSQL-mysql-export-2026-02-03_school,student_infos,father_designation,VARCHAR(255),string
drawSQL-mysql-export-2026-02-03_school,student_infos,father_annual_income,INT,num
drawSQL-mysql-export-2026-02-03_school,student_infos,mother_name,VARCHAR(255),string
drawSQL-mysql-export-2026-02-03_school,student_infos,mother_phone_number,VARCHAR(255),string
drawSQL-mysql-export-2026-02-03_school,student_infos,mother_national_id,VARCHAR(255),string
drawSQL-mysql-export-2026-02-03_school,student_infos,mother_occupation,VARCHAR(255),string
drawSQL-mysql-export-2026-02-03_school,student_infos,mother_designation,VARCHAR(255),string
drawSQL-mysql-export-2026-02-03_school,student_infos,mother_annual_income,INT,num
drawSQL-mysql-export-2026-02-03_school,student_infos,user_id,INT,num
drawSQL-mysql-export-2026-02-03_school,student_infos,created_at,TIMESTAMP,date
drawSQL-mysql-export-2026-02-03_school,student_infos,updated_at,TIMESTAMP,date
drawSQL-mysql-export-2026-02-03_school,subscriptions,id,INT,num
drawSQL-mysql-export-2026-02-03_school,subscriptions,user_id,INT,num
drawSQL-mysql-export-2026-02-03_school,subscriptions,name,VARCHAR(255),string
drawSQL-mysql-export-2026-02-03_school,subscriptions,stripe_id,VARCHAR(255),string
drawSQL-mysql-export-2026-02-03_school,subscriptions,stripe_plan,VARCHAR(255),string
drawSQL-mysql-export-2026-02-03_school,subscriptions,quantity,INT,num
drawSQL-mysql-export-2026-02-03_school,subscriptions,trial_ends_at,TIMESTAMP,date
drawSQL-mysql-export-2026-02-03_school,subscriptions,ends_at,TIMESTAMP,date
drawSQL-mysql-export-2026-02-03_school,subscriptions,created_at,TIMESTAMP,date
drawSQL-mysql-export-2026-02-03_school,subscriptions,updated_at,TIMESTAMP,date
drawSQL-mysql-export-2026-02-03_school,syllabuses,id,INT,num
drawSQL-mysql-export-2026-02-03_school,syllabuses,file_path,VARCHAR(255),string
drawSQL-mysql-export-2026-02-03_school,syllabuses,title,VARCHAR(255),string
drawSQL-mysql-export-2026-02-03_school,syllabuses,description,TEXT,string
drawSQL-mysql-export-2026-02-03_school,syllabuses,active,TINYINT,num
drawSQL-mysql-export-2026-02-03_school,syllabuses,school_id,INT,num
drawSQL-mysql-export-2026-02-03_school,syllabuses,user_id,INT,num
drawSQL-mysql-export-2026-02-03_school,syllabuses,created_at,TIMESTAMP,date
drawSQL-mysql-export-2026-02-03_school,syllabuses,updated_at,TIMESTAMP,date
drawSQL-mysql-export-2026-02-03_school,syllabuses,class_id,INT,num
drawSQL-mysql-export-2026-02-03_school,users,id,INT,num
drawSQL-mysql-export-2026-02-03_school,users,name,VARCHAR(255),string
drawSQL-mysql-export-2026-02-03_school,users,email,VARCHAR(255),string
drawSQL-mysql-export-2026-02-03_school,users,password,VARCHAR(255),string
drawSQL-mysql-export-2026-02-03_school,users,role,VARCHAR(255),string
drawSQL-mysql-export-2026-02-03_school,users,active,TINYINT,num
drawSQL-mysql-export-2026-02-03_school,users,school_id,INT,num
drawSQL-mysql-export-2026-02-03_school,users,code,INT,num
drawSQL-mysql-export-2026-02-03_school,users,student_code,INT,num
drawSQL-mysql-export-2026-02-03_school,users,gender,VARCHAR(255),string
drawSQL-mysql-export-2026-02-03_school,users,blood_group,VARCHAR(255),string
drawSQL-mysql-export-2026-02-03_school,users,nationality,VARCHAR(255),string
drawSQL-mysql-export-2026-02-03_school,users,phone_number,VARCHAR(255),string
drawSQL-mysql-export-2026-02-03_school,users,address,VARCHAR(255),string
drawSQL-mysql-export-2026-02-03_school,users,about,TEXT,string
drawSQL-mysql-export-2026-02-03_school,users,pic_path,VARCHAR(255),string
drawSQL-mysql-export-2026-02-03_school,users,verified,TINYINT,num
drawSQL-mysql-export-2026-02-03_school,users,section_id,INT,num
drawSQL-mysql-export-2026-02-03_school,users,remember_token,VARCHAR(255),string
drawSQL-mysql-export-2026-02-03_school,users,created_at,TIMESTAMP,date
drawSQL-mysql-export-2026-02-03_school,users,updated_at,TIMESTAMP,date
drawSQL-mysql-export-2026-02-03_school,users,department_id,INT,num
drawSQL-mysql-export-2026-02-03_school,users,stripe_id,VARCHAR(255),string
drawSQL-mysql-export-2026-02-03_school,users,card_brand,VARCHAR(255),string
drawSQL-mysql-export-2026-02-03_school,users,card_last_four,VARCHAR(255),string
drawSQL-mysql-export-2026-02-03_school,users,trial_ends_at,TIMESTAMP,date
drawSQL-mysql-export-2026-02-03_tags,tags,id,INT,num
drawSQL-mysql-export-2026-02-03_tags,tags,name,JSON,string
drawSQL-mysql-export-2026-02-03_tags,tags,slug,JSON,string
drawSQL-mysql-export-2026-02-03_tags,tags,type,VARCHAR(255),string
drawSQL-mysql-export-2026-02-03_tags,tags,order_column,INT,num
drawSQL-mysql-export-2026-02-03_tags,tags,created_at,DATETIME,date
drawSQL-mysql-export-2026-02-03_tags,tags,updated_at,DATETIME,date
drawSQL-mysql-export-2026-02-03_tags,taggables,tag_id,INT,num
drawSQL-mysql-export-2026-02-03_tags,taggables,taggable_id,INT,num
drawSQL-mysql-export-2026-02-03_tags,taggables,taggable_type,VARCHAR(255),string
drawSQL-mysql-export-2026-02-03_thumbnails,easy_thumbnails_source,id,INT,num
drawSQL-mysql-export-2026-02-03_thumbnails,easy_thumbnails_source,storage_hash,VARCHAR(255),string
drawSQL-mysql-export-2026-02-03_thumbnails,easy_thumbnails_source,name,VARCHAR(255),string
drawSQL-mysql-export-2026-02-03_thumbnails,easy_thumbnails_source,modified,DATETIME,date
drawSQL-mysql-export-2026-02-03_thumbnails,easy_thumbnails_thumbnail,id,INT,num
drawSQL-mysql-export-2026-02-03_thumbnails,easy_thumbnails_thumbnail,storage_hash,VARCHAR(255),string
drawSQL-mysql-export-2026-02-03_thumbnails,easy_thumbnails_thumbnail,name,VARCHAR(255),string
drawSQL-mysql-export-2026-02-03_thumbnails,easy_thumbnails_thumbnail,modified,DATETIME,date
drawSQL-mysql-export-2026-02-03_thumbnails,easy_thumbnails_thumbnail,source_id,INT,num
drawSQL-mysql-export-2026-02-03_thumbnails,easy_thumbnails_thumbnaildimensions,id,INT,num
drawSQL-mysql-export-2026-02-03_thumbnails,easy_thumbnails_thumbnaildimensions,thumbnail_id,INT,num
drawSQL-mysql-export-2026-02-03_thumbnails,easy_thumbnails_thumbnaildimensions,width,INT,num
drawSQL-mysql-export-2026-02-03_thumbnails,easy_thumbnails_thumbnaildimensions,height,INT,num
drawSQL-mysql-export-2026-02-03_twitter,relationships,id,BIGINT,num
drawSQL-mysql-export-2026-02-03_twitter,relationships,follower_id,INT,num
drawSQL-mysql-export-2026-02-03_twitter,relationships,followed_id,INT,num
drawSQL-mysql-export-2026-02-03_twitter,relationships,created_at,DATETIME,date
drawSQL-mysql-export-2026-02-03_twitter,relationships,updated_at,DATETIME,date
drawSQL-mysql-export-2026-02-03_twitter,tweets,id,BIGINT,num
drawSQL-mysql-export-2026-02-03_twitter,tweets,content,VARCHAR(255),string
drawSQL-mysql-export-2026-02-03_twitter,tweets,user_id,INT,num
drawSQL-mysql-export-2026-02-03_twitter,tweets,created_at,DATETIME,date
drawSQL-mysql-export-2026-02-03_twitter,tweets,updated_at,DATETIME,date
drawSQL-mysql-export-2026-02-03_twitter,users,id,BIGINT,num
drawSQL-mysql-export-2026-02-03_twitter,users,name,VARCHAR(255),string
drawSQL-mysql-export-2026-02-03_twitter,users,email,VARCHAR(255),string
drawSQL-mysql-export-2026-02-03_twitter,users,password_digest,VARCHAR(255),string
drawSQL-mysql-export-2026-02-03_twitter,users,created_at,DATETIME,date
drawSQL-mysql-export-2026-02-03_twitter,users,updated_at,DATETIME,date
drawSQL-mysql-export-2026-02-03_twitter,users,remember_token,VARCHAR(255),string
drawSQL-mysql-export-2026-02-03_twitter,users,slug,VARCHAR(255),string
drawSQL-mysql-export-2026-02-09 _deployer,cache,key,VARCHAR(255),string
drawSQL-mysql-export-2026-02-09 _deployer,cache,value,TEXT,string
drawSQL-mysql-export-2026-02-09 _deployer,cache,expiration,INT,num
drawSQL-mysql-export-2026-02-09 _deployer,channels,id,INT,num
drawSQL-mysql-export-2026-02-09 _deployer,channels,name,VARCHAR(255),string
drawSQL-mysql-export-2026-02-09 _deployer,channels,type,VARCHAR(255),string
drawSQL-mysql-export-2026-02-09 _deployer,channels,config,TEXT,string
drawSQL-mysql-export-2026-02-09 _deployer,channels,on_deployment_success,TINYINT,num
drawSQL-mysql-export-2026-02-09 _deployer,channels,on_deployment_failure,TINYINT,num
drawSQL-mysql-export-2026-02-09 _deployer,channels,on_link_down,TINYINT,num
drawSQL-mysql-export-2026-02-09 _deployer,channels,on_link_still_down,TINYINT,num
drawSQL-mysql-export-2026-02-09 _deployer,channels,on_link_recovered,TINYINT,num
drawSQL-mysql-export-2026-02-09 _deployer,channels,on_heartbeat_missing,TINYINT,num
drawSQL-mysql-export-2026-02-09 _deployer,channels,on_heartbeat_still_missing,TINYINT,num
drawSQL-mysql-export-2026-02-09 _deployer,channels,on_heartbeat_recovered,TINYINT,num
drawSQL-mysql-export-2026-02-09 _deployer,channels,project_id,INT,num
drawSQL-mysql-export-2026-02-09 _deployer,channels,created_at,TIMESTAMP,date
drawSQL-mysql-export-2026-02-09 _deployer,channels,updated_at,TIMESTAMP,date
drawSQL-mysql-export-2026-02-09 _deployer,channels,deleted_at,TIMESTAMP,date
drawSQL-mysql-export-2026-02-09 _deployer,check_urls,id,INT,num
drawSQL-mysql-export-2026-02-09 _deployer,check_urls,name,VARCHAR(255),string
drawSQL-mysql-export-2026-02-09 _deployer,check_urls,url,VARCHAR(255),string
drawSQL-mysql-export-2026-02-09 _deployer,check_urls,project_id,INT,num
drawSQL-mysql-export-2026-02-09 _deployer,check_urls,period,INT,num
drawSQL-mysql-export-2026-02-09 _deployer,check_urls,match,VARCHAR(255),string
drawSQL-mysql-export-2026-02-09 _deployer,check_urls,created_at,TIMESTAMP,date
drawSQL-mysql-export-2026-02-09 _deployer,check_urls,updated_at,TIMESTAMP,date
drawSQL-mysql-export-2026-02-09 _deployer,check_urls,deleted_at,TIMESTAMP,date
drawSQL-mysql-export-2026-02-09 _deployer,check_urls,missed,INT,num
drawSQL-mysql-export-2026-02-09 _deployer,check_urls,last_seen,DATETIME,date
drawSQL-mysql-export-2026-02-09 _deployer,check_urls,status,INT,num
drawSQL-mysql-export-2026-02-09 _deployer,check_urls,last_log,TEXT,string
drawSQL-mysql-export-2026-02-09 _deployer,command_server,id,INT,num
drawSQL-mysql-export-2026-02-09 _deployer,command_server,command_id,INT,num
drawSQL-mysql-export-2026-02-09 _deployer,command_server,server_id,INT,num
drawSQL-mysql-export-2026-02-09 _deployer,commands,id,INT,num
drawSQL-mysql-export-2026-02-09 _deployer,commands,name,VARCHAR(255),string
drawSQL-mysql-export-2026-02-09 _deployer,commands,user,TEXT,string
drawSQL-mysql-export-2026-02-09 _deployer,commands,script,TEXT,string
drawSQL-mysql-export-2026-02-09 _deployer,commands,order,INT,num
drawSQL-mysql-export-2026-02-09 _deployer,commands,created_at,TIMESTAMP,date
drawSQL-mysql-export-2026-02-09 _deployer,commands,updated_at,TIMESTAMP,date
drawSQL-mysql-export-2026-02-09 _deployer,commands,deleted_at,TIMESTAMP,date
drawSQL-mysql-export-2026-02-09 _deployer,commands,optional,TINYINT,num
drawSQL-mysql-export-2026-02-09 _deployer,commands,default_on,TINYINT,num
drawSQL-mysql-export-2026-02-09 _deployer,commands,target_id,INT,num
drawSQL-mysql-export-2026-02-09 _deployer,commands,target_type,VARCHAR(255),string
drawSQL-mysql-export-2026-02-09 _deployer,commands,step,INT,num
drawSQL-mysql-export-2026-02-09 _deployer,config_files,id,INT,num
drawSQL-mysql-export-2026-02-09 _deployer,config_files,name,VARCHAR(255),string
drawSQL-mysql-export-2026-02-09 _deployer,config_files,path,TEXT,string
drawSQL-mysql-export-2026-02-09 _deployer,config_files,content,TEXT,string
drawSQL-mysql-export-2026-02-09 _deployer,config_files,created_at,TIMESTAMP,date
drawSQL-mysql-export-2026-02-09 _deployer,config_files,updated_at,TIMESTAMP,date
drawSQL-mysql-export-2026-02-09 _deployer,config_files,deleted_at,TIMESTAMP,date
drawSQL-mysql-export-2026-02-09 _deployer,config_files,target_id,INT,num
drawSQL-mysql-export-2026-02-09 _deployer,config_files,target_type,VARCHAR(255),string
drawSQL-mysql-export-2026-02-09 _deployer,deploy_steps,id,INT,num
drawSQL-mysql-export-2026-02-09 _deployer,deploy_steps,deployment_id,INT,num
drawSQL-mysql-export-2026-02-09 _deployer,deploy_steps,stage,INT,num
drawSQL-mysql-export-2026-02-09 _deployer,deploy_steps,command_id,INT,num
drawSQL-mysql-export-2026-02-09 _deployer,deploy_steps,created_at,TIMESTAMP,date
drawSQL-mysql-export-2026-02-09 _deployer,deploy_steps,updated_at,TIMESTAMP,date
drawSQL-mysql-export-2026-02-09 _deployer,deployments,id,INT,num
drawSQL-mysql-export-2026-02-09 _deployer,deployments,committer,VARCHAR(255),string
drawSQL-mysql-export-2026-02-09 _deployer,deployments,committer_email,VARCHAR(255),string
drawSQL-mysql-export-2026-02-09 _deployer,deployments,commit,VARCHAR(255),string
drawSQL-mysql-export-2026-02-09 _deployer,deployments,project_id,INT,num
drawSQL-mysql-export-2026-02-09 _deployer,deployments,user_id,INT,num
drawSQL-mysql-export-2026-02-09 _deployer,deployments,created_at,TIMESTAMP,date
drawSQL-mysql-export-2026-02-09 _deployer,deployments,updated_at,TIMESTAMP,date
drawSQL-mysql-export-2026-02-09 _deployer,deployments,deleted_at,TIMESTAMP,date
drawSQL-mysql-export-2026-02-09 _deployer,deployments,started_at,DATETIME,date
drawSQL-mysql-export-2026-02-09 _deployer,deployments,finished_at,DATETIME,date
drawSQL-mysql-export-2026-02-09 _deployer,deployments,reason,TEXT,string
drawSQL-mysql-export-2026-02-09 _deployer,deployments,branch,VARCHAR(255),string
drawSQL-mysql-export-2026-02-09 _deployer,deployments,is_webhook,TINYINT,num
drawSQL-mysql-export-2026-02-09 _deployer,deployments,source,VARCHAR(255),string
drawSQL-mysql-export-2026-02-09 _deployer,deployments,build_url,VARCHAR(255),string
drawSQL-mysql-export-2026-02-09 _deployer,deployments,status,INT,num
drawSQL-mysql-export-2026-02-09 _deployer,failed_jobs,id,INT,num
drawSQL-mysql-export-2026-02-09 _deployer,failed_jobs,connection,TEXT,string
drawSQL-mysql-export-2026-02-09 _deployer,failed_jobs,queue,TEXT,string
drawSQL-mysql-export-2026-02-09 _deployer,failed_jobs,payload,LONGTEXT,string
drawSQL-mysql-export-2026-02-09 _deployer,failed_jobs,exception,LONGTEXT,string
drawSQL-mysql-export-2026-02-09 _deployer,failed_jobs,failed_at,TIMESTAMP,date
drawSQL-mysql-export-2026-02-09 _deployer,groups,id,INT,num
drawSQL-mysql-export-2026-02-09 _deployer,groups,name,VARCHAR(255),string
drawSQL-mysql-export-2026-02-09 _deployer,groups,created_at,TIMESTAMP,date
drawSQL-mysql-export-2026-02-09 _deployer,groups,updated_at,TIMESTAMP,date
drawSQL-mysql-export-2026-02-09 _deployer,groups,deleted_at,TIMESTAMP,date
drawSQL-mysql-export-2026-02-09 _deployer,groups,order,INT,num
drawSQL-mysql-export-2026-02-09 _deployer,heartbeats,id,INT,num
drawSQL-mysql-export-2026-02-09 _deployer,heartbeats,name,VARCHAR(255),string
drawSQL-mysql-export-2026-02-09 _deployer,heartbeats,hash,VARCHAR(255),string
drawSQL-mysql-export-2026-02-09 _deployer,heartbeats,interval,INT,num
drawSQL-mysql-export-2026-02-09 _deployer,heartbeats,project_id,INT,num
drawSQL-mysql-export-2026-02-09 _deployer,heartbeats,missed,INT,num
drawSQL-mysql-export-2026-02-09 _deployer,heartbeats,last_activity,DATETIME,date
drawSQL-mysql-export-2026-02-09 _deployer,heartbeats,created_at,TIMESTAMP,date
drawSQL-mysql-export-2026-02-09 _deployer,heartbeats,updated_at,TIMESTAMP,date
drawSQL-mysql-export-2026-02-09 _deployer,heartbeats,deleted_at,TIMESTAMP,date
drawSQL-mysql-export-2026-02-09 _deployer,heartbeats,status,INT,num
drawSQL-mysql-export-2026-02-09 _deployer,jobs,id,BIGINT,num
drawSQL-mysql-export-2026-02-09 _deployer,jobs,queue,VARCHAR(255),string
drawSQL-mysql-export-2026-02-09 _deployer,jobs,payload,LONGTEXT,string
drawSQL-mysql-export-2026-02-09 _deployer,jobs,attempts,TINYINT,num
drawSQL-mysql-export-2026-02-09 _deployer,jobs,reserved_at,INT,num
drawSQL-mysql-export-2026-02-09 _deployer,jobs,available_at,INT,num
drawSQL-mysql-export-2026-02-09 _deployer,jobs,created_at,INT,num
drawSQL-mysql-export-2026-02-09 _deployer,migrations,id,INT,num
drawSQL-mysql-export-2026-02-09 _deployer,migrations,migration,VARCHAR(255),string
drawSQL-mysql-export-2026-02-09 _deployer,migrations,batch,INT,num
drawSQL-mysql-export-2026-02-09 _deployer,notifications,id,CHAR(255),string
drawSQL-mysql-export-2026-02-09 _deployer,notifications,type,VARCHAR(255),string
drawSQL-mysql-export-2026-02-09 _deployer,notifications,notifiable_id,INT,num
drawSQL-mysql-export-2026-02-09 _deployer,notifications,notifiable_type,VARCHAR(255),string
drawSQL-mysql-export-2026-02-09 _deployer,notifications,data,TEXT,string
drawSQL-mysql-export-2026-02-09 _deployer,notifications,read_at,TIMESTAMP,date
drawSQL-mysql-export-2026-02-09 _deployer,notifications,created_at,TIMESTAMP,date
drawSQL-mysql-export-2026-02-09 _deployer,notifications,updated_at,TIMESTAMP,date
drawSQL-mysql-export-2026-02-09 _deployer,password_resets,email,VARCHAR(255),string
drawSQL-mysql-export-2026-02-09 _deployer,password_resets,token,VARCHAR(255),string
drawSQL-mysql-export-2026-02-09 _deployer,password_resets,created_at,TIMESTAMP,date
drawSQL-mysql-export-2026-02-09 _deployer,project_user,id,INT,num
drawSQL-mysql-export-2026-02-09 _deployer,project_user,project_id,INT,num
drawSQL-mysql-export-2026-02-09 _deployer,project_user,user_id,INT,num
drawSQL-mysql-export-2026-02-09 _deployer,projects,id,INT,num
drawSQL-mysql-export-2026-02-09 _deployer,projects,name,VARCHAR(255),string
drawSQL-mysql-export-2026-02-09 _deployer,projects,repository,VARCHAR(255),string
drawSQL-mysql-export-2026-02-09 _deployer,projects,hash,VARCHAR(255),string
drawSQL-mysql-export-2026-02-09 _deployer,projects,branch,VARCHAR(255),string
drawSQL-mysql-export-2026-02-09 _deployer,projects,private_key,TEXT,string
drawSQL-mysql-export-2026-02-09 _deployer,projects,public_key,TEXT,string
drawSQL-mysql-export-2026-02-09 _deployer,projects,group_id,INT,num
drawSQL-mysql-export-2026-02-09 _deployer,projects,builds_to_keep,INT,num
drawSQL-mysql-export-2026-02-09 _deployer,projects,url,VARCHAR(255),string
drawSQL-mysql-export-2026-02-09 _deployer,projects,build_url,VARCHAR(255),string
drawSQL-mysql-export-2026-02-09 _deployer,projects,last_run,DATETIME,date
drawSQL-mysql-export-2026-02-09 _deployer,projects,created_at,TIMESTAMP,date
drawSQL-mysql-export-2026-02-09 _deployer,projects,updated_at,TIMESTAMP,date
drawSQL-mysql-export-2026-02-09 _deployer,projects,deleted_at,TIMESTAMP,date
drawSQL-mysql-export-2026-02-09 _deployer,projects,last_mirrored,DATETIME,date
drawSQL-mysql-export-2026-02-09 _deployer,projects,allow_other_branch,TINYINT,num
drawSQL-mysql-export-2026-02-09 _deployer,projects,include_dev,TINYINT,num
drawSQL-mysql-export-2026-02-09 _deployer,projects,status,INT,num
drawSQL-mysql-export-2026-02-09 _deployer,projects,is_mirroring,TINYINT,num
drawSQL-mysql-export-2026-02-09 _deployer,refs,id,INT,num
drawSQL-mysql-export-2026-02-09 _deployer,refs,name,VARCHAR(255),string
drawSQL-mysql-export-2026-02-09 _deployer,refs,is_tag,TINYINT,num
drawSQL-mysql-export-2026-02-09 _deployer,refs,project_id,INT,num
drawSQL-mysql-export-2026-02-09 _deployer,refs,created_at,TIMESTAMP,date
drawSQL-mysql-export-2026-02-09 _deployer,refs,updated_at,TIMESTAMP,date
drawSQL-mysql-export-2026-02-09 _deployer,server_logs,id,INT,num
drawSQL-mysql-export-2026-02-09 _deployer,server_logs,server_id,INT,num
drawSQL-mysql-export-2026-02-09 _deployer,server_logs,deploy_step_id,INT,num
drawSQL-mysql-export-2026-02-09 _deployer,server_logs,output,LONGTEXT,string
drawSQL-mysql-export-2026-02-09 _deployer,server_logs,started_at,DATETIME,date
drawSQL-mysql-export-2026-02-09 _deployer,server_logs,finished_at,DATETIME,date
drawSQL-mysql-export-2026-02-09 _deployer,server_logs,created_at,TIMESTAMP,date
drawSQL-mysql-export-2026-02-09 _deployer,server_logs,updated_at,TIMESTAMP,date
drawSQL-mysql-export-2026-02-09 _deployer,server_logs,status,INT,num
drawSQL-mysql-export-2026-02-09 _deployer,servers,id,INT,num
drawSQL-mysql-export-2026-02-09 _deployer,servers,name,VARCHAR(255),string
drawSQL-mysql-export-2026-02-09 _deployer,servers,ip_address,VARCHAR(255),string
drawSQL-mysql-export-2026-02-09 _deployer,servers,user,VARCHAR(255),string
drawSQL-mysql-export-2026-02-09 _deployer,servers,path,VARCHAR(255),string
drawSQL-mysql-export-2026-02-09 _deployer,servers,project_id,INT,num
drawSQL-mysql-export-2026-02-09 _deployer,servers,created_at,TIMESTAMP,date
drawSQL-mysql-export-2026-02-09 _deployer,servers,updated_at,TIMESTAMP,date
drawSQL-mysql-export-2026-02-09 _deployer,servers,deleted_at,TIMESTAMP,date
drawSQL-mysql-export-2026-02-09 _deployer,servers,deploy_code,TINYINT,num
drawSQL-mysql-export-2026-02-09 _deployer,servers,port,INT,num
drawSQL-mysql-export-2026-02-09 _deployer,servers,order,INT,num
drawSQL-mysql-export-2026-02-09 _deployer,servers,status,INT,num
drawSQL-mysql-export-2026-02-09 _deployer,servers,connect_log,TEXT,string
drawSQL-mysql-export-2026-02-09 _deployer,shared_files,id,INT,num
drawSQL-mysql-export-2026-02-09 _deployer,shared_files,name,VARCHAR(255),string
drawSQL-mysql-export-2026-02-09 _deployer,shared_files,file,TEXT,string
drawSQL-mysql-export-2026-02-09 _deployer,shared_files,created_at,TIMESTAMP,date
drawSQL-mysql-export-2026-02-09 _deployer,shared_files,updated_at,TIMESTAMP,date
drawSQL-mysql-export-2026-02-09 _deployer,shared_files,deleted_at,TIMESTAMP,date
drawSQL-mysql-export-2026-02-09 _deployer,shared_files,target_id,INT,num
drawSQL-mysql-export-2026-02-09 _deployer,shared_files,target_type,VARCHAR(255),string
drawSQL-mysql-export-2026-02-09 _deployer,templates,id,INT,num
drawSQL-mysql-export-2026-02-09 _deployer,templates,name,VARCHAR(255),string
drawSQL-mysql-export-2026-02-09 _deployer,templates,created_at,TIMESTAMP,date
drawSQL-mysql-export-2026-02-09 _deployer,templates,updated_at,TIMESTAMP,date
drawSQL-mysql-export-2026-02-09 _deployer,users,id,INT,num
drawSQL-mysql-export-2026-02-09 _deployer,users,name,VARCHAR(255),string
drawSQL-mysql-export-2026-02-09 _deployer,users,email,VARCHAR(255),string
drawSQL-mysql-export-2026-02-09 _deployer,users,password,VARCHAR(255),string
drawSQL-mysql-export-2026-02-09 _deployer,users,is_admin,TINYINT,num
drawSQL-mysql-export-2026-02-09 _deployer,users,remember_token,VARCHAR(255),string
drawSQL-mysql-export-2026-02-09 _deployer,users,created_at,TIMESTAMP,date
drawSQL-mysql-export-2026-02-09 _deployer,users,updated_at,TIMESTAMP,date
drawSQL-mysql-export-2026-02-09 _deployer,users,deleted_at,TIMESTAMP,date
drawSQL-mysql-export-2026-02-09 _deployer,users,email_token,VARCHAR(255),string
drawSQL-mysql-export-2026-02-09 _deployer,users,avatar,VARCHAR(255),string
drawSQL-mysql-export-2026-02-09 _deployer,users,language,VARCHAR(255),string
drawSQL-mysql-export-2026-02-09 _deployer,users,skin,VARCHAR(255),string
drawSQL-mysql-export-2026-02-09 _deployer,users,google2fa_secret,VARCHAR(255),string
drawSQL-mysql-export-2026-02-09 _deployer,users,scheme,VARCHAR(255),string
drawSQL-mysql-export-2026-02-09 _deployer,variables,id,INT,num
drawSQL-mysql-export-2026-02-09 _deployer,variables,name,VARCHAR(255),string
drawSQL-mysql-export-2026-02-09 _deployer,variables,value,VARCHAR(255),string
drawSQL-mysql-export-2026-02-09 _deployer,variables,created_at,TIMESTAMP,date
drawSQL-mysql-export-2026-02-09 _deployer,variables,updated_at,TIMESTAMP,date
drawSQL-mysql-export-2026-02-09 _deployer,variables,deleted_at,TIMESTAMP,date
drawSQL-mysql-export-2026-02-09 _deployer,variables,target_id,INT,num
drawSQL-mysql-export-2026-02-09 _deployer,variables,target_type,VARCHAR(255),string
drawSQL-mysql-export-2026-02-09_adonis,role_user,id,INT,num
drawSQL-mysql-export-2026-02-09_adonis,role_user,UNSIGNED,NOT,string
drawSQL-mysql-export-2026-02-09_adonis,role_user,AUTO_INCREMENT,PRIMARY,string
drawSQL-mysql-export-2026-02-09_adonis,role_user,role_id,INT,num
drawSQL-mysql-export-2026-02-09_adonis,role_user,user_id,INT,num
drawSQL-mysql-export-2026-02-09_adonis,role_user,created_at,TIMESTAMP,date
drawSQL-mysql-export-2026-02-09_adonis,role_user,updated_at,TIMESTAMP,date
drawSQL-mysql-export-2026-02-09_adonis,roles,id,INT,num
drawSQL-mysql-export-2026-02-09_adonis,roles,UNSIGNED,NOT,string
drawSQL-mysql-export-2026-02-09_adonis,roles,AUTO_INCREMENT,PRIMARY,string
drawSQL-mysql-export-2026-02-09_adonis,roles,slug,VARCHAR(255),string
drawSQL-mysql-export-2026-02-09_adonis,roles,name,VARCHAR(255),string
drawSQL-mysql-export-2026-02-09_adonis,roles,description,TEXT,string
drawSQL-mysql-export-2026-02-09_adonis,roles,created_at,TIMESTAMP,date
drawSQL-mysql-export-2026-02-09_adonis,roles,updated_at,TIMESTAMP,date
drawSQL-mysql-export-2026-02-09_adonis,permissions,id,INT,num
drawSQL-mysql-export-2026-02-09_adonis,permissions,UNSIGNED,NOT,string
drawSQL-mysql-export-2026-02-09_adonis,permissions,AUTO_INCREMENT,PRIMARY,string
drawSQL-mysql-export-2026-02-09_adonis,permissions,slug,VARCHAR(255),string
drawSQL-mysql-export-2026-02-09_adonis,permissions,name,VARCHAR(255),string
drawSQL-mysql-export-2026-02-09_adonis,permissions,description,TEXT,string
drawSQL-mysql-export-2026-02-09_adonis,permissions,created_at,TIMESTAMP,date
drawSQL-mysql-export-2026-02-09_adonis,permissions,updated_at,TIMESTAMP,date
drawSQL-mysql-export-2026-02-09_adonis,permission_role,id,INT,num
drawSQL-mysql-export-2026-02-09_adonis,permission_role,UNSIGNED,NOT,string
drawSQL-mysql-export-2026-02-09_adonis,permission_role,AUTO_INCREMENT,PRIMARY,string
drawSQL-mysql-export-2026-02-09_adonis,permission_role,permission_id,INT,num
drawSQL-mysql-export-2026-02-09_adonis,permission_role,role_id,INT,num
drawSQL-mysql-export-2026-02-09_adonis,permission_role,created_at,TIMESTAMP,date
drawSQL-mysql-export-2026-02-09_adonis,permission_role,updated_at,TIMESTAMP,date
drawSQL-mysql-export-2026-02-09_adonis,permission_user,id,INT,num
drawSQL-mysql-export-2026-02-09_adonis,permission_user,UNSIGNED,NOT,string
drawSQL-mysql-export-2026-02-09_adonis,permission_user,AUTO_INCREMENT,PRIMARY,string
drawSQL-mysql-export-2026-02-09_adonis,permission_user,permission_id,INT,num
drawSQL-mysql-export-2026-02-09_adonis,permission_user,user_id,INT,num
drawSQL-mysql-export-2026-02-09_adonis,permission_user,created_at,TIMESTAMP,date
drawSQL-mysql-export-2026-02-09_adonis,permission_user,updated_at,TIMESTAMP,date
drawSQL-mysql-export-2026-02-09_adonis,users,id,INT,num
drawSQL-mysql-export-2026-02-09_adonis,users,UNSIGNED,NOT,string
drawSQL-mysql-export-2026-02-09_adonis,users,AUTO_INCREMENT,PRIMARY,string
drawSQL-mysql-export-2026-02-09_bouncer,abilities,id,BIGINT,num
drawSQL-mysql-export-2026-02-09_bouncer,abilities,name,VARCHAR(255),string
drawSQL-mysql-export-2026-02-09_bouncer,abilities,title,VARCHAR(255),string
drawSQL-mysql-export-2026-02-09_bouncer,abilities,entity_id,BIGINT,num
drawSQL-mysql-export-2026-02-09_bouncer,abilities,entity_type,VARCHAR(255),string
drawSQL-mysql-export-2026-02-09_bouncer,abilities,only_owned,TINYINT,num
drawSQL-mysql-export-2026-02-09_bouncer,abilities,options,JSON,string
drawSQL-mysql-export-2026-02-09_bouncer,abilities,scope,INT,num
drawSQL-mysql-export-2026-02-09_bouncer,abilities,created_at,TIMESTAMP,date
drawSQL-mysql-export-2026-02-09_bouncer,abilities,updated_at,TIMESTAMP,date
drawSQL-mysql-export-2026-02-09_bouncer,assigned_roles,id,BIGINT,num
drawSQL-mysql-export-2026-02-09_bouncer,assigned_roles,role_id,BIGINT,num
drawSQL-mysql-export-2026-02-09_bouncer,assigned_roles,entity_id,BIGINT,num
drawSQL-mysql-export-2026-02-09_bouncer,assigned_roles,entity_type,VARCHAR(255),string
drawSQL-mysql-export-2026-02-09_bouncer,assigned_roles,restricted_to_id,BIGINT,num
drawSQL-mysql-export-2026-02-09_bouncer,assigned_roles,restricted_to_type,VARCHAR(255),string
drawSQL-mysql-export-2026-02-09_bouncer,assigned_roles,scope,INT,num
drawSQL-mysql-export-2026-02-09_bouncer,permissions,id,BIGINT,num
drawSQL-mysql-export-2026-02-09_bouncer,permissions,ability_id,BIGINT,num
drawSQL-mysql-export-2026-02-09_bouncer,permissions,entity_id,BIGINT,num
drawSQL-mysql-export-2026-02-09_bouncer,permissions,entity_type,VARCHAR(255),string
drawSQL-mysql-export-2026-02-09_bouncer,permissions,forbidden,TINYINT,num
drawSQL-mysql-export-2026-02-09_bouncer,permissions,scope,INT,num
drawSQL-mysql-export-2026-02-09_bouncer,roles,id,BIGINT,num
drawSQL-mysql-export-2026-02-09_bouncer,roles,name,VARCHAR(255),string
drawSQL-mysql-export-2026-02-09_bouncer,roles,title,VARCHAR(255),string
drawSQL-mysql-export-2026-02-09_bouncer,roles,level,INT,num
drawSQL-mysql-export-2026-02-09_bouncer,roles,scope,INT,num
drawSQL-mysql-export-2026-02-09_bouncer,roles,created_at,TIMESTAMP,date
drawSQL-mysql-export-2026-02-09_bouncer,roles,updated_at,TIMESTAMP,date
drawSQL-mysql-export-2026-02-09_buddypress,bp_notifications,id,BIGINT,num
drawSQL-mysql-export-2026-02-09_buddypress,bp_notifications,user_id,BIGINT,num
drawSQL-mysql-export-2026-02-09_buddypress,bp_notifications,item_id,BIGINT,num
drawSQL-mysql-export-2026-02-09_buddypress,bp_notifications,secondary_item_id,BIGINT,num
drawSQL-mysql-export-2026-02-09_buddypress,bp_notifications,component_name,VARCHAR(255),string
drawSQL-mysql-export-2026-02-09_buddypress,bp_notifications,component_action,VARCHAR(255),string
drawSQL-mysql-export-2026-02-09_buddypress,bp_notifications,date_notified,DATETIME,date
drawSQL-mysql-export-2026-02-09_buddypress,bp_notifications,is_new,BOOLEAN,boolean
drawSQL-mysql-export-2026-02-09_buddypress,bp_notifications_meta,id,BIGINT,num
drawSQL-mysql-export-2026-02-09_buddypress,bp_notifications_meta,notification_id,BIGINT,num
drawSQL-mysql-export-2026-02-09_buddypress,bp_notifications_meta,meta_key,VARCHAR(255),string
drawSQL-mysql-export-2026-02-09_buddypress,bp_notifications_meta,meta_value,LONGTEXT,string
drawSQL-mysql-export-2026-02-09_buddypress,bp_activity,id,BIGINT,num
drawSQL-mysql-export-2026-02-09_buddypress,bp_activity,user_id,BIGINT,num
drawSQL-mysql-export-2026-02-09_buddypress,bp_activity,component,VARCHAR(255),string
drawSQL-mysql-export-2026-02-09_buddypress,bp_activity,type,VARCHAR(255),string
drawSQL-mysql-export-2026-02-09_buddypress,bp_activity,action,TEXT,string
drawSQL-mysql-export-2026-02-09_buddypress,bp_activity,content,LONGTEXT,string
drawSQL-mysql-export-2026-02-09_buddypress,bp_activity,primary_link,TEXT,string
drawSQL-mysql-export-2026-02-09_buddypress,bp_activity,item_id,BIGINT,num
drawSQL-mysql-export-2026-02-09_buddypress,bp_activity,secondary_item_id,BIGINT,num
drawSQL-mysql-export-2026-02-09_buddypress,bp_activity,date_recorded,DATETIME,date
drawSQL-mysql-export-2026-02-09_buddypress,bp_activity,hide_sitewide,BOOLEAN,boolean
drawSQL-mysql-export-2026-02-09_buddypress,bp_activity,mptt_left,INT,num
drawSQL-mysql-export-2026-02-09_buddypress,bp_activity,mptt_right,INT,num
drawSQL-mysql-export-2026-02-09_buddypress,bp_activity,is_spam,TINYINT,num
drawSQL-mysql-export-2026-02-09_buddypress,bp_activity_meta,id,BIGINT,num
drawSQL-mysql-export-2026-02-09_buddypress,bp_activity_meta,activity_id,BIGINT,num
drawSQL-mysql-export-2026-02-09_buddypress,bp_activity_meta,meta_key,VARCHAR(255),string
drawSQL-mysql-export-2026-02-09_buddypress,bp_activity_meta,meta_value,LONGTEXT,string
drawSQL-mysql-export-2026-02-09_buddypress,bp_friends,id,BIGINT,num
drawSQL-mysql-export-2026-02-09_buddypress,bp_friends,initiator_user_id,BIGINT,num
drawSQL-mysql-export-2026-02-09_buddypress,bp_friends,friend_user_id,BIGINT,num
drawSQL-mysql-export-2026-02-09_buddypress,bp_friends,is_confirmed,BOOLEAN,boolean
drawSQL-mysql-export-2026-02-09_buddypress,bp_friends,is_limited,BOOLEAN,boolean
drawSQL-mysql-export-2026-02-09_buddypress,bp_friends,date_created,DATETIME,date
drawSQL-mysql-export-2026-02-09_buddypress,bp_groups,id,BIGINT,num
drawSQL-mysql-export-2026-02-09_buddypress,bp_groups,creator_id,BIGINT,num
drawSQL-mysql-export-2026-02-09_buddypress,bp_groups,name,VARCHAR(255),string
drawSQL-mysql-export-2026-02-09_buddypress,bp_groups,slug,VARCHAR(255),string
drawSQL-mysql-export-2026-02-09_buddypress,bp_groups,description,LONGTEXT,string
drawSQL-mysql-export-2026-02-09_buddypress,bp_groups,status,VARCHAR(255),string
drawSQL-mysql-export-2026-02-09_buddypress,bp_groups,parent_id,BIGINT,num
drawSQL-mysql-export-2026-02-09_buddypress,bp_groups,enable_forum,TINYINT,num
drawSQL-mysql-export-2026-02-09_buddypress,bp_groups,date_created,DATETIME,date
drawSQL-mysql-export-2026-02-09_buddypress,bp_groups_members,id,BIGINT,num
drawSQL-mysql-export-2026-02-09_buddypress,bp_groups_members,group_id,BIGINT,num
drawSQL-mysql-export-2026-02-09_buddypress,bp_groups_members,user_id,BIGINT,num
drawSQL-mysql-export-2026-02-09_buddypress,bp_groups_members,inviter_id,BIGINT,num
drawSQL-mysql-export-2026-02-09_buddypress,bp_groups_members,is_admin,TINYINT,num
drawSQL-mysql-export-2026-02-09_buddypress,bp_groups_members,is_mod,TINYINT,num
drawSQL-mysql-export-2026-02-09_buddypress,bp_groups_members,user_title,VARCHAR(255),string
drawSQL-mysql-export-2026-02-09_buddypress,bp_groups_members,date_modified,DATETIME,date
drawSQL-mysql-export-2026-02-09_buddypress,bp_groups_members,comments,LONGTEXT,string
drawSQL-mysql-export-2026-02-09_buddypress,bp_groups_members,is_confirmed,TINYINT,num
drawSQL-mysql-export-2026-02-09_buddypress,bp_groups_members,is_banned,TINYINT,num
drawSQL-mysql-export-2026-02-09_buddypress,bp_groups_members,invite_sent,TINYINT,num
drawSQL-mysql-export-2026-02-09_buddypress,bp_groups_groupmeta,id,BIGINT,num
drawSQL-mysql-export-2026-02-09_buddypress,bp_groups_groupmeta,group_id,BIGINT,num
drawSQL-mysql-export-2026-02-09_buddypress,bp_groups_groupmeta,meta_key,VARCHAR(255),string
drawSQL-mysql-export-2026-02-09_buddypress,bp_groups_groupmeta,meta_value,LONGTEXT,string
drawSQL-mysql-export-2026-02-09_buddypress,bp_messages_messages,id,BIGINT,num
drawSQL-mysql-export-2026-02-09_buddypress,bp_messages_messages,thread_id,BIGINT,num
drawSQL-mysql-export-2026-02-09_buddypress,bp_messages_messages,sender_id,BIGINT,num
drawSQL-mysql-export-2026-02-09_buddypress,bp_messages_messages,subject,VARCHAR(255),string
drawSQL-mysql-export-2026-02-09_buddypress,bp_messages_messages,message,LONGTEXT,string
drawSQL-mysql-export-2026-02-09_buddypress,bp_messages_messages,date_sent,DATETIME,date
drawSQL-mysql-export-2026-02-09_buddypress,bp_messages_recipients,id,BIGINT,num
drawSQL-mysql-export-2026-02-09_buddypress,bp_messages_recipients,user_id,BIGINT,num
drawSQL-mysql-export-2026-02-09_buddypress,bp_messages_recipients,thread_id,BIGINT,num
drawSQL-mysql-export-2026-02-09_buddypress,bp_messages_recipients,unread_count,INT,num
drawSQL-mysql-export-2026-02-09_buddypress,bp_messages_recipients,sender_only,TINYINT,num
drawSQL-mysql-export-2026-02-09_buddypress,bp_messages_recipients,is_deleted,TINYINT,num
drawSQL-mysql-export-2026-02-09_buddypress,bp_messages_notices,id,BIGINT,num
drawSQL-mysql-export-2026-02-09_buddypress,bp_messages_notices,subject,VARCHAR(255),string
drawSQL-mysql-export-2026-02-09_buddypress,bp_messages_notices,message,LONGTEXT,string
drawSQL-mysql-export-2026-02-09_buddypress,bp_messages_notices,date_sent,DATETIME,date
drawSQL-mysql-export-2026-02-09_buddypress,bp_messages_notices,is_active,TINYINT,num
drawSQL-mysql-export-2026-02-09_buddypress,bp_messages_meta,id,BIGINT,num
drawSQL-mysql-export-2026-02-09_buddypress,bp_messages_meta,message_id,BIGINT,num
drawSQL-mysql-export-2026-02-09_buddypress,bp_messages_meta,meta_key,VARCHAR(255),string
drawSQL-mysql-export-2026-02-09_buddypress,bp_messages_meta,meta_value,LONGTEXT,string
drawSQL-mysql-export-2026-02-09_buddypress,bp_xprofile_groups,id,BIGINT,num
drawSQL-mysql-export-2026-02-09_buddypress,bp_xprofile_groups,name,VARCHAR(255),string
drawSQL-mysql-export-2026-02-09_buddypress,bp_xprofile_groups,description,MEDIUMTEXT,string
drawSQL-mysql-export-2026-02-09_buddypress,bp_xprofile_groups,group_order,BIGINT,num
drawSQL-mysql-export-2026-02-09_buddypress,bp_xprofile_groups,can_delete,TINYINT,num
drawSQL-mysql-export-2026-02-09_buddypress,bp_xprofile_fields,id,BIGINT,num
drawSQL-mysql-export-2026-02-09_buddypress,bp_xprofile_fields,group_id,BIGINT,num
drawSQL-mysql-export-2026-02-09_buddypress,bp_xprofile_fields,parent_id,BIGINT,num
drawSQL-mysql-export-2026-02-09_buddypress,bp_xprofile_fields,type,VARCHAR(255),string
drawSQL-mysql-export-2026-02-09_buddypress,bp_xprofile_fields,name,VARCHAR(255),string
drawSQL-mysql-export-2026-02-09_buddypress,bp_xprofile_fields,description,LONGTEXT,string
drawSQL-mysql-export-2026-02-09_buddypress,bp_xprofile_fields,is_required,TINYINT,num
drawSQL-mysql-export-2026-02-09_buddypress,bp_xprofile_fields,is_default_option,TINYINT,num
drawSQL-mysql-export-2026-02-09_buddypress,bp_xprofile_fields,field_order,BIGINT,num
drawSQL-mysql-export-2026-02-09_buddypress,bp_xprofile_fields,option_order,BIGINT,num
drawSQL-mysql-export-2026-02-09_buddypress,bp_xprofile_fields,order_by,VARCHAR(255),string
drawSQL-mysql-export-2026-02-09_buddypress,bp_xprofile_fields,can_delete,TINYINT,num
drawSQL-mysql-export-2026-02-09_buddypress,bp_xprofile_data,id,BIGINT,num
drawSQL-mysql-export-2026-02-09_buddypress,bp_xprofile_data,field_id,BIGINT,num
drawSQL-mysql-export-2026-02-09_buddypress,bp_xprofile_data,user_id,BIGINT,num
drawSQL-mysql-export-2026-02-09_buddypress,bp_xprofile_data,value,LONGTEXT,string
drawSQL-mysql-export-2026-02-09_buddypress,bp_xprofile_data,last_updated,DATETIME,date
drawSQL-mysql-export-2026-02-09_buddypress,bp_xprofile_meta,id,BIGINT,num
drawSQL-mysql-export-2026-02-09_buddypress,bp_xprofile_meta,object_id,BIGINT,num
drawSQL-mysql-export-2026-02-09_buddypress,bp_xprofile_meta,object_type,VARCHAR(255),string
drawSQL-mysql-export-2026-02-09_buddypress,bp_xprofile_meta,meta_key,VARCHAR(255),string
drawSQL-mysql-export-2026-02-09_buddypress,bp_xprofile_meta,meta_value,LONGTEXT,string
drawSQL-mysql-export-2026-02-09_buddypress,bp_user_blogs,id,BIGINT,num
drawSQL-mysql-export-2026-02-09_buddypress,bp_user_blogs,user_id,BIGINT,num
drawSQL-mysql-export-2026-02-09_buddypress,bp_user_blogs,blog_id,BIGINT,num
drawSQL-mysql-export-2026-02-09_buddypress,bp_user_blogs_blogmeta,id,BIGINT,num
drawSQL-mysql-export-2026-02-09_buddypress,bp_user_blogs_blogmeta,blog_id,BIGINT,num
drawSQL-mysql-export-2026-02-09_buddypress,bp_user_blogs_blogmeta,meta_key,VARCHAR(255),string
drawSQL-mysql-export-2026-02-09_buddypress,bp_user_blogs_blogmeta,meta_value,LONGTEXT,string
drawSQL-mysql-export-2026-02-09_buddypress,bp_invitations,id,BIGINT,num
drawSQL-mysql-export-2026-02-09_buddypress,bp_invitations,user_id,BIGINT,num
drawSQL-mysql-export-2026-02-09_buddypress,bp_invitations,inviter_id,BIGINT,num
drawSQL-mysql-export-2026-02-09_buddypress,bp_invitations,invitee_email,VARCHAR(255),string
drawSQL-mysql-export-2026-02-09_buddypress,bp_invitations,class,VARCHAR(255),string
drawSQL-mysql-export-2026-02-09_buddypress,bp_invitations,item_id,BIGINT,num
drawSQL-mysql-export-2026-02-09_buddypress,bp_invitations,secondary_item_id,BIGINT,num
drawSQL-mysql-export-2026-02-09_buddypress,bp_invitations,type,VARCHAR(255),string
drawSQL-mysql-export-2026-02-09_buddypress,bp_invitations,content,LONGTEXT,string
drawSQL-mysql-export-2026-02-09_buddypress,bp_invitations,date_modified,DATETIME,date
drawSQL-mysql-export-2026-02-09_buddypress,bp_invitations,invite_sent,TINYINT,num
drawSQL-mysql-export-2026-02-09_buddypress,bp_invitations,accepted,TINYINT,num
drawSQL-mysql-export-2026-02-09_buddypress,wp_users,id,INT,num
drawSQL-mysql-export-2026-02-09_canvas,canvas_posts,id,CHAR(255),string
drawSQL-mysql-export-2026-02-09_canvas,canvas_posts,slug,VARCHAR(255),string
drawSQL-mysql-export-2026-02-09_canvas,canvas_posts,title,VARCHAR(255),string
drawSQL-mysql-export-2026-02-09_canvas,canvas_posts,summary,TEXT,string
drawSQL-mysql-export-2026-02-09_canvas,canvas_posts,body,TEXT,string
drawSQL-mysql-export-2026-02-09_canvas,canvas_posts,published_at,DATETIME,date
drawSQL-mysql-export-2026-02-09_canvas,canvas_posts,featured_image,VARCHAR(255),string
drawSQL-mysql-export-2026-02-09_canvas,canvas_posts,featured_image_caption,VARCHAR(255),string
drawSQL-mysql-export-2026-02-09_canvas,canvas_posts,user_id,BIGINT,num
drawSQL-mysql-export-2026-02-09_canvas,canvas_posts,meta,JSON,string
drawSQL-mysql-export-2026-02-09_canvas,canvas_posts,created_at,TIMESTAMP,date
drawSQL-mysql-export-2026-02-09_canvas,canvas_posts,updated_at,TIMESTAMP,date
drawSQL-mysql-export-2026-02-09_canvas,canvas_posts,deleted_at,TIMESTAMP,date
drawSQL-mysql-export-2026-02-09_canvas,canvas_posts_tags,tag_id,CHAR(255),string
drawSQL-mysql-export-2026-02-09_canvas,canvas_posts_tags,post_id,CHAR(255),string
drawSQL-mysql-export-2026-02-09_canvas,canvas_posts_topics,post_id,CHAR(255),string
drawSQL-mysql-export-2026-02-09_canvas,canvas_posts_topics,topic_id,CHAR(255),string
drawSQL-mysql-export-2026-02-09_canvas,canvas_tags,id,CHAR(255),string
drawSQL-mysql-export-2026-02-09_canvas,canvas_tags,slug,VARCHAR(255),string
drawSQL-mysql-export-2026-02-09_canvas,canvas_tags,name,VARCHAR(255),string
drawSQL-mysql-export-2026-02-09_canvas,canvas_tags,user_id,BIGINT,num
drawSQL-mysql-export-2026-02-09_canvas,canvas_tags,created_at,TIMESTAMP,date
drawSQL-mysql-export-2026-02-09_canvas,canvas_tags,updated_at,TIMESTAMP,date
drawSQL-mysql-export-2026-02-09_canvas,canvas_tags,deleted_at,TIMESTAMP,date
drawSQL-mysql-export-2026-02-09_canvas,canvas_topics,id,CHAR(255),string
drawSQL-mysql-export-2026-02-09_canvas,canvas_topics,slug,VARCHAR(255),string
drawSQL-mysql-export-2026-02-09_canvas,canvas_topics,name,VARCHAR(255),string
drawSQL-mysql-export-2026-02-09_canvas,canvas_topics,user_id,BIGINT,num
drawSQL-mysql-export-2026-02-09_canvas,canvas_topics,created_at,TIMESTAMP,date
drawSQL-mysql-export-2026-02-09_canvas,canvas_topics,updated_at,TIMESTAMP,date
drawSQL-mysql-export-2026-02-09_canvas,canvas_topics,deleted_at,TIMESTAMP,date
drawSQL-mysql-export-2026-02-09_canvas,canvas_user_meta,id,INT,num
drawSQL-mysql-export-2026-02-09_canvas,canvas_user_meta,user_id,BIGINT,num
drawSQL-mysql-export-2026-02-09_canvas,canvas_user_meta,username,VARCHAR(255),string
drawSQL-mysql-export-2026-02-09_canvas,canvas_user_meta,summary,TEXT,string
drawSQL-mysql-export-2026-02-09_canvas,canvas_user_meta,avatar,VARCHAR(255),string
drawSQL-mysql-export-2026-02-09_canvas,canvas_user_meta,dark_mode,TINYINT,num
drawSQL-mysql-export-2026-02-09_canvas,canvas_user_meta,digest,TINYINT,num
drawSQL-mysql-export-2026-02-09_canvas,canvas_user_meta,locale,VARCHAR(255),string
drawSQL-mysql-export-2026-02-09_canvas,canvas_user_meta,created_at,TIMESTAMP,date
drawSQL-mysql-export-2026-02-09_canvas,canvas_user_meta,updated_at,TIMESTAMP,date
drawSQL-mysql-export-2026-02-09_canvas,canvas_views,id,INT,num
drawSQL-mysql-export-2026-02-09_canvas,canvas_views,post_id,CHAR(255),string
drawSQL-mysql-export-2026-02-09_canvas,canvas_views,ip,VARCHAR(255),string
drawSQL-mysql-export-2026-02-09_canvas,canvas_views,agent,VARCHAR(255),string
drawSQL-mysql-export-2026-02-09_canvas,canvas_views,referer,VARCHAR(255),string
drawSQL-mysql-export-2026-02-09_canvas,canvas_views,created_at,TIMESTAMP,date
drawSQL-mysql-export-2026-02-09_canvas,canvas_views,updated_at,TIMESTAMP,date
drawSQL-mysql-export-2026-02-09_canvas,canvas_visits,id,INT,num
drawSQL-mysql-export-2026-02-09_canvas,canvas_visits,post_id,CHAR(255),string
drawSQL-mysql-export-2026-02-09_canvas,canvas_visits,ip,VARCHAR(255),string
drawSQL-mysql-export-2026-02-09_canvas,canvas_visits,agent,VARCHAR(255),string
drawSQL-mysql-export-2026-02-09_canvas,canvas_visits,referer,VARCHAR(255),string
drawSQL-mysql-export-2026-02-09_canvas,canvas_visits,created_at,TIMESTAMP,date
drawSQL-mysql-export-2026-02-09_canvas,canvas_visits,updated_at,TIMESTAMP,date
drawSQL-mysql-export-2026-02-09_canvas,users,id,BIGINT,num
drawSQL-mysql-export-2026-02-09_canvas,users,name,VARCHAR(255),string
drawSQL-mysql-export-2026-02-09_canvas,users,email,VARCHAR(255),string
drawSQL-mysql-export-2026-02-09_canvas,users,email_verified_at,TIMESTAMP,date
drawSQL-mysql-export-2026-02-09_canvas,users,password,VARCHAR(255),string
drawSQL-mysql-export-2026-02-09_canvas,users,remember_token,VARCHAR(255),string
drawSQL-mysql-export-2026-02-09_canvas,users,created_at,TIMESTAMP,date
drawSQL-mysql-export-2026-02-09_canvas,users,updated_at,TIMESTAMP,date
drawSQL-mysql-export-2026-02-09_cashier,customers,id,BIGINT,num
drawSQL-mysql-export-2026-02-09_cashier,customers,UNSIGNED,NOT,string
drawSQL-mysql-export-2026-02-09_cashier,customers,AUTO_INCREMENT,PRIMARY,string
drawSQL-mysql-export-2026-02-09_cashier,customers,billable_id,BIGINT,num
drawSQL-mysql-export-2026-02-09_cashier,customers,UNSIGNED,NOT,string
drawSQL-mysql-export-2026-02-09_cashier,customers,billable_type,BIGINT,num
drawSQL-mysql-export-2026-02-09_cashier,customers,trial_ends_at,TIMESTAMP,date
drawSQL-mysql-export-2026-02-09_cashier,customers,updated_at,TIMESTAMP,date
drawSQL-mysql-export-2026-02-09_cashier,customers,created_at,TIMESTAMP,date
drawSQL-mysql-export-2026-02-09_cashier,subscriptions,id,BIGINT,num
drawSQL-mysql-export-2026-02-09_cashier,subscriptions,UNSIGNED,NOT,string
drawSQL-mysql-export-2026-02-09_cashier,subscriptions,AUTO_INCREMENT,PRIMARY,string
drawSQL-mysql-export-2026-02-09_cashier,subscriptions,billable_id,BIGINT,num
drawSQL-mysql-export-2026-02-09_cashier,subscriptions,UNSIGNED,NOT,string
drawSQL-mysql-export-2026-02-09_cashier,subscriptions,billable_type,VARCHAR(255),string
drawSQL-mysql-export-2026-02-09_cashier,subscriptions,name,VARCHAR(255),string
drawSQL-mysql-export-2026-02-09_cashier,subscriptions,paddle_id,INT,num
drawSQL-mysql-export-2026-02-09_cashier,subscriptions,paddle_status,VARCHAR(255),string
drawSQL-mysql-export-2026-02-09_cashier,subscriptions,paddle_plan,INT,num
drawSQL-mysql-export-2026-02-09_cashier,subscriptions,quantity,INT,num
drawSQL-mysql-export-2026-02-09_cashier,subscriptions,trial_ends_at,DATETIME,date
drawSQL-mysql-export-2026-02-09_cashier,subscriptions,paused_from,DATETIME,date
drawSQL-mysql-export-2026-02-09_cashier,subscriptions,ends_at,DATETIME,date
drawSQL-mysql-export-2026-02-09_cashier,subscriptions,updated_at,DATETIME,date
drawSQL-mysql-export-2026-02-09_cashier,subscriptions,created_at,DATETIME,date
drawSQL-mysql-export-2026-02-09_cashier,receipts,id,BIGINT,num
drawSQL-mysql-export-2026-02-09_cashier,receipts,UNSIGNED,NOT,string
drawSQL-mysql-export-2026-02-09_cashier,receipts,AUTO_INCREMENT,PRIMARY,string
drawSQL-mysql-export-2026-02-09_cashier,receipts,billable_id,BIGINT,num
drawSQL-mysql-export-2026-02-09_cashier,receipts,UNSIGNED,NOT,string
drawSQL-mysql-export-2026-02-09_cashier,receipts,billable_type,VARCHAR(255),string
drawSQL-mysql-export-2026-02-09_cashier,receipts,paddle_subscription_id,BIGINT,num
drawSQL-mysql-export-2026-02-09_cashier,receipts,checkout_id,VARCHAR(255),string
drawSQL-mysql-export-2026-02-09_cashier,receipts,order_id,VARCHAR(255),string
drawSQL-mysql-export-2026-02-09_cashier,receipts,amount,VARCHAR(255),string
drawSQL-mysql-export-2026-02-09_cashier,receipts,tax,VARCHAR(255),string
drawSQL-mysql-export-2026-02-09_cashier,receipts,currency,VARCHAR(3),string
drawSQL-mysql-export-2026-02-09_cashier,receipts,quantity,INT,num
drawSQL-mysql-export-2026-02-09_cashier,receipts,receipt_url,VARCHAR(255),string
drawSQL-mysql-export-2026-02-09_cashier,receipts,paid_at,TIMESTAMP,date
drawSQL-mysql-export-2026-02-09_cashier,receipts,updated_at,TIMESTAMP,date
drawSQL-mysql-export-2026-02-09_cashier,receipts,created_at,TIMESTAMP,date
drawSQL-mysql-export-2026-02-09_chatwood,access_tokens,id,BIGINT,num
drawSQL-mysql-export-2026-02-09_chatwood,access_tokens,owner_type,VARCHAR(255),string
drawSQL-mysql-export-2026-02-09_chatwood,access_tokens,owner_id,BIGINT,num
drawSQL-mysql-export-2026-02-09_chatwood,access_tokens,token,VARCHAR(255),string
drawSQL-mysql-export-2026-02-09_chatwood,access_tokens,created_at,DATETIME,date
drawSQL-mysql-export-2026-02-09_chatwood,access_tokens,updated_at,DATETIME,date
drawSQL-mysql-export-2026-02-09_chatwood,account_users,id,BIGINT,num
drawSQL-mysql-export-2026-02-09_chatwood,account_users,account_id,INT,num
drawSQL-mysql-export-2026-02-09_chatwood,account_users,user_id,INT,num
drawSQL-mysql-export-2026-02-09_chatwood,account_users,role,INT,num
drawSQL-mysql-export-2026-02-09_chatwood,account_users,inviter_id,BIGINT,num
drawSQL-mysql-export-2026-02-09_chatwood,account_users,created_at,DATETIME,date
drawSQL-mysql-export-2026-02-09_chatwood,account_users,updated_at,DATETIME,date
drawSQL-mysql-export-2026-02-09_chatwood,accounts,id,INT,num
drawSQL-mysql-export-2026-02-09_chatwood,accounts,name,VARCHAR(255),string
drawSQL-mysql-export-2026-02-09_chatwood,accounts,created_at,DATETIME,date
drawSQL-mysql-export-2026-02-09_chatwood,accounts,updated_at,DATETIME,date
drawSQL-mysql-export-2026-02-09_chatwood,accounts,locale,INT,num
drawSQL-mysql-export-2026-02-09_chatwood,active_storage_attachments,id,BIGINT,num
drawSQL-mysql-export-2026-02-09_chatwood,active_storage_attachments,name,VARCHAR(255),string
drawSQL-mysql-export-2026-02-09_chatwood,active_storage_attachments,record_type,VARCHAR(255),string
drawSQL-mysql-export-2026-02-09_chatwood,active_storage_attachments,record_id,BIGINT,num
drawSQL-mysql-export-2026-02-09_chatwood,active_storage_attachments,blob_id,BIGINT,num
drawSQL-mysql-export-2026-02-09_chatwood,active_storage_attachments,created_at,DATETIME,date
drawSQL-mysql-export-2026-02-09_chatwood,active_storage_blobs,id,BIGINT,num
drawSQL-mysql-export-2026-02-09_chatwood,active_storage_blobs,key,VARCHAR(255),string
drawSQL-mysql-export-2026-02-09_chatwood,active_storage_blobs,filename,VARCHAR(255),string
drawSQL-mysql-export-2026-02-09_chatwood,active_storage_blobs,content_type,VARCHAR(255),string
drawSQL-mysql-export-2026-02-09_chatwood,active_storage_blobs,metadata,TEXT,string
drawSQL-mysql-export-2026-02-09_chatwood,active_storage_blobs,byte_size,BIGINT,num
drawSQL-mysql-export-2026-02-09_chatwood,active_storage_blobs,checksum,VARCHAR(255),string
drawSQL-mysql-export-2026-02-09_chatwood,active_storage_blobs,created_at,DATETIME,date
drawSQL-mysql-export-2026-02-09_chatwood,agent_bot_inboxes,id,BIGINT,num
drawSQL-mysql-export-2026-02-09_chatwood,agent_bot_inboxes,inbox_id,INT,num
drawSQL-mysql-export-2026-02-09_chatwood,agent_bot_inboxes,agent_bot_id,INT,num
drawSQL-mysql-export-2026-02-09_chatwood,agent_bot_inboxes,status,INT,num
drawSQL-mysql-export-2026-02-09_chatwood,agent_bot_inboxes,created_at,DATETIME,date
drawSQL-mysql-export-2026-02-09_chatwood,agent_bot_inboxes,updated_at,DATETIME,date
drawSQL-mysql-export-2026-02-09_chatwood,agent_bot_inboxes,account_id,INT,num
drawSQL-mysql-export-2026-02-09_chatwood,agent_bots,id,BIGINT,num
drawSQL-mysql-export-2026-02-09_chatwood,agent_bots,name,VARCHAR(255),string
drawSQL-mysql-export-2026-02-09_chatwood,agent_bots,description,VARCHAR(255),string
drawSQL-mysql-export-2026-02-09_chatwood,agent_bots,outgoing_url,VARCHAR(255),string
drawSQL-mysql-export-2026-02-09_chatwood,agent_bots,created_at,DATETIME,date
drawSQL-mysql-export-2026-02-09_chatwood,agent_bots,updated_at,DATETIME,date
drawSQL-mysql-export-2026-02-09_chatwood,attachments,id,INT,num
drawSQL-mysql-export-2026-02-09_chatwood,attachments,file_type,INT,num
drawSQL-mysql-export-2026-02-09_chatwood,attachments,external_url,VARCHAR(255),string
drawSQL-mysql-export-2026-02-09_chatwood,attachments,coordinates_lat,FLOAT(53),num
drawSQL-mysql-export-2026-02-09_chatwood,attachments,coordinates_long,FLOAT(53),num
drawSQL-mysql-export-2026-02-09_chatwood,attachments,message_id,INT,num
drawSQL-mysql-export-2026-02-09_chatwood,attachments,account_id,INT,num
drawSQL-mysql-export-2026-02-09_chatwood,attachments,created_at,DATETIME,date
drawSQL-mysql-export-2026-02-09_chatwood,attachments,updated_at,DATETIME,date
drawSQL-mysql-export-2026-02-09_chatwood,attachments,fallback_title,VARCHAR(255),string
drawSQL-mysql-export-2026-02-09_chatwood,attachments,extension,VARCHAR(255),string
drawSQL-mysql-export-2026-02-09_chatwood,canned_responses,id,INT,num
drawSQL-mysql-export-2026-02-09_chatwood,canned_responses,account_id,INT,num
drawSQL-mysql-export-2026-02-09_chatwood,canned_responses,short_code,VARCHAR(255),string
drawSQL-mysql-export-2026-02-09_chatwood,canned_responses,content,TEXT,string
drawSQL-mysql-export-2026-02-09_chatwood,canned_responses,created_at,DATETIME,date
drawSQL-mysql-export-2026-02-09_chatwood,canned_responses,updated_at,DATETIME,date
drawSQL-mysql-export-2026-02-09_chatwood,channel_facebook_pages,id,INT,num
drawSQL-mysql-export-2026-02-09_chatwood,channel_facebook_pages,name,VARCHAR(255),string
drawSQL-mysql-export-2026-02-09_chatwood,channel_facebook_pages,page_id,VARCHAR(255),string
drawSQL-mysql-export-2026-02-09_chatwood,channel_facebook_pages,user_access_token,VARCHAR(255),string
drawSQL-mysql-export-2026-02-09_chatwood,channel_facebook_pages,page_access_token,VARCHAR(255),string
drawSQL-mysql-export-2026-02-09_chatwood,channel_facebook_pages,account_id,INT,num
drawSQL-mysql-export-2026-02-09_chatwood,channel_facebook_pages,created_at,DATETIME,date
drawSQL-mysql-export-2026-02-09_chatwood,channel_facebook_pages,updated_at,DATETIME,date
drawSQL-mysql-export-2026-02-09_chatwood,channel_twilio_sms,id,BIGINT,num
drawSQL-mysql-export-2026-02-09_chatwood,channel_twilio_sms,phone_number,VARCHAR(255),string
drawSQL-mysql-export-2026-02-09_chatwood,channel_twilio_sms,auth_token,VARCHAR(255),string
drawSQL-mysql-export-2026-02-09_chatwood,channel_twilio_sms,account_sid,VARCHAR(255),string
drawSQL-mysql-export-2026-02-09_chatwood,channel_twilio_sms,account_id,INT,num
drawSQL-mysql-export-2026-02-09_chatwood,channel_twilio_sms,created_at,DATETIME,date
drawSQL-mysql-export-2026-02-09_chatwood,channel_twilio_sms,updated_at,DATETIME,date
drawSQL-mysql-export-2026-02-09_chatwood,channel_twitter_profiles,id,BIGINT,num
drawSQL-mysql-export-2026-02-09_chatwood,channel_twitter_profiles,name,VARCHAR(255),string
drawSQL-mysql-export-2026-02-09_chatwood,channel_twitter_profiles,profile_id,VARCHAR(255),string
drawSQL-mysql-export-2026-02-09_chatwood,channel_twitter_profiles,twitter_access_token,VARCHAR(255),string
drawSQL-mysql-export-2026-02-09_chatwood,channel_twitter_profiles,twitter_access_token_secret,VARCHAR(255),string
drawSQL-mysql-export-2026-02-09_chatwood,channel_twitter_profiles,account_id,INT,num
drawSQL-mysql-export-2026-02-09_chatwood,channel_twitter_profiles,created_at,DATETIME,date
drawSQL-mysql-export-2026-02-09_chatwood,channel_twitter_profiles,updated_at,DATETIME,date
drawSQL-mysql-export-2026-02-09_chatwood,channel_web_widgets,id,INT,num
drawSQL-mysql-export-2026-02-09_chatwood,channel_web_widgets,website_name,VARCHAR(255),string
drawSQL-mysql-export-2026-02-09_chatwood,channel_web_widgets,website_url,VARCHAR(255),string
drawSQL-mysql-export-2026-02-09_chatwood,channel_web_widgets,account_id,INT,num
drawSQL-mysql-export-2026-02-09_chatwood,channel_web_widgets,created_at,DATETIME,date
drawSQL-mysql-export-2026-02-09_chatwood,channel_web_widgets,updated_at,DATETIME,date
drawSQL-mysql-export-2026-02-09_chatwood,channel_web_widgets,website_token,VARCHAR(255),string
drawSQL-mysql-export-2026-02-09_chatwood,channel_web_widgets,widget_color,VARCHAR(255),string
drawSQL-mysql-export-2026-02-09_chatwood,contact_inboxes,id,INT,num
drawSQL-mysql-export-2026-02-09_chatwood,contact_inboxes,contact_id,INT,num
drawSQL-mysql-export-2026-02-09_chatwood,contact_inboxes,inbox_id,INT,num
drawSQL-mysql-export-2026-02-09_chatwood,contact_inboxes,source_id,VARCHAR(255),string
drawSQL-mysql-export-2026-02-09_chatwood,contact_inboxes,created_at,DATETIME,date
drawSQL-mysql-export-2026-02-09_chatwood,contact_inboxes,updated_at,DATETIME,date
drawSQL-mysql-export-2026-02-09_chatwood,contacts,id,INT,num
drawSQL-mysql-export-2026-02-09_chatwood,contacts,name,VARCHAR(255),string
drawSQL-mysql-export-2026-02-09_chatwood,contacts,email,VARCHAR(255),string
drawSQL-mysql-export-2026-02-09_chatwood,contacts,phone_number,VARCHAR(255),string
drawSQL-mysql-export-2026-02-09_chatwood,contacts,account_id,INT,num
drawSQL-mysql-export-2026-02-09_chatwood,contacts,created_at,DATETIME,date
drawSQL-mysql-export-2026-02-09_chatwood,contacts,updated_at,DATETIME,date
drawSQL-mysql-export-2026-02-09_chatwood,contacts,pubsub_token,VARCHAR(255),string
drawSQL-mysql-export-2026-02-09_chatwood,contacts,additional_attributes,YEAR,date
drawSQL-mysql-export-2026-02-09_chatwood,contacts,source_id,BIGINT,num
drawSQL-mysql-export-2026-02-09_chatwood,contacts,identifier,VARCHAR(255),string
drawSQL-mysql-export-2026-02-09_chatwood,contacts,additional_attributes,JSON,string
drawSQL-mysql-export-2026-02-09_chatwood,conversations,id,INT,num
drawSQL-mysql-export-2026-02-09_chatwood,conversations,account_id,INT,num
drawSQL-mysql-export-2026-02-09_chatwood,conversations,inbox_id,INT,num
drawSQL-mysql-export-2026-02-09_chatwood,conversations,status,INT,num
drawSQL-mysql-export-2026-02-09_chatwood,conversations,assignee_id,INT,num
drawSQL-mysql-export-2026-02-09_chatwood,conversations,created_at,DATETIME,date
drawSQL-mysql-export-2026-02-09_chatwood,conversations,updated_at,DATETIME,date
drawSQL-mysql-export-2026-02-09_chatwood,conversations,contact_id,BIGINT,num
drawSQL-mysql-export-2026-02-09_chatwood,conversations,display_id,INT,num
drawSQL-mysql-export-2026-02-09_chatwood,conversations,user_last_seen_at,DATETIME,date
drawSQL-mysql-export-2026-02-09_chatwood,conversations,agent_last_seen_at,DATETIME,date
drawSQL-mysql-export-2026-02-09_chatwood,conversations,locked,TINYINT,num
drawSQL-mysql-export-2026-02-09_chatwood,conversations,contact_inbox_id,INT,num
drawSQL-mysql-export-2026-02-09_chatwood,conversations,additional_attributes,JSON,string
drawSQL-mysql-export-2026-02-09_chatwood,events,id,BIGINT,num
drawSQL-mysql-export-2026-02-09_chatwood,events,name,VARCHAR(255),string
drawSQL-mysql-export-2026-02-09_chatwood,events,value,FLOAT(53),num
drawSQL-mysql-export-2026-02-09_chatwood,events,account_id,INT,num
drawSQL-mysql-export-2026-02-09_chatwood,events,inbox_id,INT,num
drawSQL-mysql-export-2026-02-09_chatwood,events,user_id,INT,num
drawSQL-mysql-export-2026-02-09_chatwood,events,conversation_id,INT,num
drawSQL-mysql-export-2026-02-09_chatwood,events,created_at,DATETIME,date
drawSQL-mysql-export-2026-02-09_chatwood,events,updated_at,DATETIME,date
drawSQL-mysql-export-2026-02-09_chatwood,inbox_members,id,INT,num
drawSQL-mysql-export-2026-02-09_chatwood,inbox_members,user_id,INT,num
drawSQL-mysql-export-2026-02-09_chatwood,inbox_members,inbox_id,INT,num
drawSQL-mysql-export-2026-02-09_chatwood,inbox_members,created_at,DATETIME,date
drawSQL-mysql-export-2026-02-09_chatwood,inbox_members,updated_at,DATETIME,date
drawSQL-mysql-export-2026-02-09_chatwood,inboxes,id,INT,num
drawSQL-mysql-export-2026-02-09_chatwood,inboxes,channel_id,INT,num
drawSQL-mysql-export-2026-02-09_chatwood,inboxes,account_id,INT,num
drawSQL-mysql-export-2026-02-09_chatwood,inboxes,name,VARCHAR(255),string
drawSQL-mysql-export-2026-02-09_chatwood,inboxes,created_at,DATETIME,date
drawSQL-mysql-export-2026-02-09_chatwood,inboxes,updated_at,DATETIME,date
drawSQL-mysql-export-2026-02-09_chatwood,inboxes,channel_type,VARCHAR(255),string
drawSQL-mysql-export-2026-02-09_chatwood,inboxes,enable_auto_assignment,TINYINT,num
drawSQL-mysql-export-2026-02-09_chatwood,messages,id,INT,num
drawSQL-mysql-export-2026-02-09_chatwood,messages,content,TEXT,string
drawSQL-mysql-export-2026-02-09_chatwood,messages,account_id,INT,num
drawSQL-mysql-export-2026-02-09_chatwood,messages,inbox_id,INT,num
drawSQL-mysql-export-2026-02-09_chatwood,messages,conversation_id,INT,num
drawSQL-mysql-export-2026-02-09_chatwood,messages,message_type,INT,num
drawSQL-mysql-export-2026-02-09_chatwood,messages,created_at,DATETIME,date
drawSQL-mysql-export-2026-02-09_chatwood,messages,updated_at,DATETIME,date
drawSQL-mysql-export-2026-02-09_chatwood,messages,private,TINYINT,num
drawSQL-mysql-export-2026-02-09_chatwood,messages,user_id,INT,num
drawSQL-mysql-export-2026-02-09_chatwood,messages,status,INT,num
drawSQL-mysql-export-2026-02-09_chatwood,messages,source_id,VARCHAR(255),string
drawSQL-mysql-export-2026-02-09_chatwood,messages,content_type,INT,num
drawSQL-mysql-export-2026-02-09_chatwood,messages,content_attributes,JSON,string
drawSQL-mysql-export-2026-02-09_chatwood,messages,contact_id,INT,num
drawSQL-mysql-export-2026-02-09_chatwood,notification_settings,id,BIGINT,num
drawSQL-mysql-export-2026-02-09_chatwood,notification_settings,account_id,INT,num
drawSQL-mysql-export-2026-02-09_chatwood,notification_settings,user_id,INT,num
drawSQL-mysql-export-2026-02-09_chatwood,notification_settings,email_flags,INT,num
drawSQL-mysql-export-2026-02-09_chatwood,notification_settings,created_at,DATETIME,date
drawSQL-mysql-export-2026-02-09_chatwood,notification_settings,updated_at,DATETIME,date
drawSQL-mysql-export-2026-02-09_chatwood,subscriptions,id,INT,num
drawSQL-mysql-export-2026-02-09_chatwood,subscriptions,pricing_version,VARCHAR(255),string
drawSQL-mysql-export-2026-02-09_chatwood,subscriptions,account_id,INT,num
drawSQL-mysql-export-2026-02-09_chatwood,subscriptions,expiry,DATETIME,date
drawSQL-mysql-export-2026-02-09_chatwood,subscriptions,billing_plan,VARCHAR(255),string
drawSQL-mysql-export-2026-02-09_chatwood,subscriptions,stripe_customer_id,VARCHAR(255),string
drawSQL-mysql-export-2026-02-09_chatwood,subscriptions,created_at,DATETIME,date
drawSQL-mysql-export-2026-02-09_chatwood,subscriptions,updated_at,DATETIME,date
drawSQL-mysql-export-2026-02-09_chatwood,subscriptions,state,INT,num
drawSQL-mysql-export-2026-02-09_chatwood,subscriptions,payment_source_added,TINYINT,num
drawSQL-mysql-export-2026-02-09_chatwood,taggings,id,INT,num
drawSQL-mysql-export-2026-02-09_chatwood,taggings,tag_id,INT,num
drawSQL-mysql-export-2026-02-09_chatwood,taggings,taggable_type,VARCHAR(255),string
drawSQL-mysql-export-2026-02-09_chatwood,taggings,taggable_id,INT,num
drawSQL-mysql-export-2026-02-09_chatwood,taggings,tagger_type,VARCHAR(255),string
drawSQL-mysql-export-2026-02-09_chatwood,taggings,tagger_id,INT,num
drawSQL-mysql-export-2026-02-09_chatwood,taggings,context,VARCHAR(255),string
drawSQL-mysql-export-2026-02-09_chatwood,taggings,created_at,DATETIME,date
drawSQL-mysql-export-2026-02-09_chatwood,tags,id,INT,num
drawSQL-mysql-export-2026-02-09_chatwood,tags,name,VARCHAR(255),string
drawSQL-mysql-export-2026-02-09_chatwood,tags,taggings_count,INT,num
drawSQL-mysql-export-2026-02-09_chatwood,telegram_bots,id,INT,num
drawSQL-mysql-export-2026-02-09_chatwood,telegram_bots,name,VARCHAR(255),string
drawSQL-mysql-export-2026-02-09_chatwood,telegram_bots,auth_key,VARCHAR(255),string
drawSQL-mysql-export-2026-02-09_chatwood,telegram_bots,account_id,INT,num
drawSQL-mysql-export-2026-02-09_chatwood,telegram_bots,created_at,DATETIME,date
drawSQL-mysql-export-2026-02-09_chatwood,telegram_bots,updated_at,DATETIME,date
drawSQL-mysql-export-2026-02-09_chatwood,users,id,INT,num
drawSQL-mysql-export-2026-02-09_chatwood,users,provider,VARCHAR(255),string
drawSQL-mysql-export-2026-02-09_chatwood,users,uid,VARCHAR(255),string
drawSQL-mysql-export-2026-02-09_chatwood,users,inviter,INT,num
drawSQL-mysql-export-2026-02-09_chatwood,users,encrypted_password,VARCHAR(255),string
drawSQL-mysql-export-2026-02-09_chatwood,users,reset_password_token,VARCHAR(255),string
drawSQL-mysql-export-2026-02-09_chatwood,users,reset_password_sent_at,DATETIME,date
drawSQL-mysql-export-2026-02-09_chatwood,users,remember_created_at,DATETIME,date
drawSQL-mysql-export-2026-02-09_chatwood,users,sign_in_count,INT,num
drawSQL-mysql-export-2026-02-09_chatwood,users,current_sign_in_at,DATETIME,date
drawSQL-mysql-export-2026-02-09_chatwood,users,last_sign_in_at,DATETIME,date
drawSQL-mysql-export-2026-02-09_chatwood,users,current_sign_in_ip,VARCHAR(255),string
drawSQL-mysql-export-2026-02-09_chatwood,users,last_sign_in_ip,VARCHAR(255),string
drawSQL-mysql-export-2026-02-09_chatwood,users,confirmation_token,VARCHAR(255),string
drawSQL-mysql-export-2026-02-09_chatwood,users,confirmed_at,DATETIME,date
drawSQL-mysql-export-2026-02-09_chatwood,users,confirmation_sent_at,DATETIME,date
drawSQL-mysql-export-2026-02-09_chatwood,users,unconfirmed_email,VARCHAR(255),string
drawSQL-mysql-export-2026-02-09_chatwood,users,name,VARCHAR(255),string
drawSQL-mysql-export-2026-02-09_chatwood,users,nickname,VARCHAR(255),string
drawSQL-mysql-export-2026-02-09_chatwood,users,email,VARCHAR(255),string
drawSQL-mysql-export-2026-02-09_chatwood,users,tokens,JSON,string
drawSQL-mysql-export-2026-02-09_chatwood,users,created_at,DATETIME,date
drawSQL-mysql-export-2026-02-09_chatwood,users,updated_at,DATETIME,date
drawSQL-mysql-export-2026-02-09_chatwood,users,pubsub_token,VARCHAR(255),string
drawSQL-mysql-export-2026-02-09_chatwood,webhooks,id,BIGINT,num
drawSQL-mysql-export-2026-02-09_chatwood,webhooks,account_id,INT,num
drawSQL-mysql-export-2026-02-09_chatwood,webhooks,inbox_id,INT,num
drawSQL-mysql-export-2026-02-09_chatwood,webhooks,url,VARCHAR(255),string
drawSQL-mysql-export-2026-02-09_chatwood,webhooks,created_at,DATETIME,date
drawSQL-mysql-export-2026-02-09_chatwood,webhooks,updated_at,DATETIME,date
drawSQL-mysql-export-2026-02-09_chatwood,webhooks,webhook_type,INT,num
drawSQL-mysql-export-2026-02-09_defender,roles,id,INT,num
drawSQL-mysql-export-2026-02-09_defender,roles,name,VARCHAR(255),string
drawSQL-mysql-export-2026-02-09_defender,roles,created_at,DATETIME,date
drawSQL-mysql-export-2026-02-09_defender,roles,updated_at,DATETIME,date
drawSQL-mysql-export-2026-02-09_defender,permissions,id,INT,num
drawSQL-mysql-export-2026-02-09_defender,permissions,name,VARCHAR(255),string
drawSQL-mysql-export-2026-02-09_defender,permissions,readable_name,VARCHAR(255),string
drawSQL-mysql-export-2026-02-09_defender,permissions,created_at,DATETIME,date
drawSQL-mysql-export-2026-02-09_defender,permissions,updated_at,DATETIME,date
drawSQL-mysql-export-2026-02-09_defender,role_user,user_id,INT,num
drawSQL-mysql-export-2026-02-09_defender,role_user,role_id,INT,num
drawSQL-mysql-export-2026-02-09_defender,permission_role,permission_id,INT,num
drawSQL-mysql-export-2026-02-09_defender,permission_role,role_id,INT,num
drawSQL-mysql-export-2026-02-09_defender,permission_role,value,TINYINT,num
drawSQL-mysql-export-2026-02-09_defender,permission_role,expires,TIMESTAMP,date
drawSQL-mysql-export-2026-02-09_defender,permission_user,user_id,INT,num
drawSQL-mysql-export-2026-02-09_defender,permission_user,permission_id,INT,num
drawSQL-mysql-export-2026-02-09_defender,permission_user,value,TINYINT,num
drawSQL-mysql-export-2026-02-09_defender,permission_user,expires,TIMESTAMP,date
drawSQL-mysql-export-2026-02-09_defender,users,id,INT,num
drawSQL-mysql-export-2026-02-09_diaspora,account_deletions,id,INT,num
drawSQL-mysql-export-2026-02-09_diaspora,account_deletions,person_id,INT,num
drawSQL-mysql-export-2026-02-09_diaspora,account_deletions,completed_at,DATETIME,date
drawSQL-mysql-export-2026-02-09_diaspora,account_migrations,id,BIGINT,num
drawSQL-mysql-export-2026-02-09_diaspora,account_migrations,old_person_id,INT,num
drawSQL-mysql-export-2026-02-09_diaspora,account_migrations,new_person_id,INT,num
drawSQL-mysql-export-2026-02-09_diaspora,account_migrations,completed_at,DATETIME,date
drawSQL-mysql-export-2026-02-09_diaspora,aspect_memberships,id,INT,num
drawSQL-mysql-export-2026-02-09_diaspora,aspect_memberships,aspect_id,INT,num
drawSQL-mysql-export-2026-02-09_diaspora,aspect_memberships,contact_id,INT,num
drawSQL-mysql-export-2026-02-09_diaspora,aspect_memberships,created_at,DATETIME,date
drawSQL-mysql-export-2026-02-09_diaspora,aspect_memberships,updated_at,DATETIME,date
drawSQL-mysql-export-2026-02-09_diaspora,aspect_visibilities,id,INT,num
drawSQL-mysql-export-2026-02-09_diaspora,aspect_visibilities,shareable_id,INT,num
drawSQL-mysql-export-2026-02-09_diaspora,aspect_visibilities,aspect_id,INT,num
drawSQL-mysql-export-2026-02-09_diaspora,aspect_visibilities,shareable_type,VARCHAR(255),string
drawSQL-mysql-export-2026-02-09_diaspora,aspects,id,INT,num
drawSQL-mysql-export-2026-02-09_diaspora,aspects,name,VARCHAR(255),string
drawSQL-mysql-export-2026-02-09_diaspora,aspects,user_id,INT,num
drawSQL-mysql-export-2026-02-09_diaspora,aspects,created_at,DATETIME,date
drawSQL-mysql-export-2026-02-09_diaspora,aspects,updated_at,DATETIME,date
drawSQL-mysql-export-2026-02-09_diaspora,aspects,order_id,INT,num
drawSQL-mysql-export-2026-02-09_diaspora,aspects,post_default,TINYINT,num
drawSQL-mysql-export-2026-02-09_diaspora,authorizations,id,INT,num
drawSQL-mysql-export-2026-02-09_diaspora,authorizations,user_id,INT,num
drawSQL-mysql-export-2026-02-09_diaspora,authorizations,o_auth_application_id,INT,num
drawSQL-mysql-export-2026-02-09_diaspora,authorizations,refresh_token,VARCHAR(255),string
drawSQL-mysql-export-2026-02-09_diaspora,authorizations,code,VARCHAR(255),string
drawSQL-mysql-export-2026-02-09_diaspora,authorizations,redirect_uri,VARCHAR(255),string
drawSQL-mysql-export-2026-02-09_diaspora,authorizations,nonce,VARCHAR(255),string
drawSQL-mysql-export-2026-02-09_diaspora,authorizations,scopes,TEXT,string
drawSQL-mysql-export-2026-02-09_diaspora,authorizations,code_used,TINYINT,num
drawSQL-mysql-export-2026-02-09_diaspora,authorizations,created_at,DATETIME,date
drawSQL-mysql-export-2026-02-09_diaspora,authorizations,updated_at,DATETIME,date
drawSQL-mysql-export-2026-02-09_diaspora,blocks,id,INT,num
drawSQL-mysql-export-2026-02-09_diaspora,blocks,user_id,INT,num
drawSQL-mysql-export-2026-02-09_diaspora,blocks,person_id,INT,num
drawSQL-mysql-export-2026-02-09_diaspora,comment_signatures,comment_id,INT,num
drawSQL-mysql-export-2026-02-09_diaspora,comment_signatures,author_signature,TEXT,string
drawSQL-mysql-export-2026-02-09_diaspora,comment_signatures,signature_order_id,INT,num
drawSQL-mysql-export-2026-02-09_diaspora,comment_signatures,additional_data,TEXT,string
drawSQL-mysql-export-2026-02-09_diaspora,comments,id,INT,num
drawSQL-mysql-export-2026-02-09_diaspora,comments,text,TEXT,string
drawSQL-mysql-export-2026-02-09_diaspora,comments,commentable_id,INT,num
drawSQL-mysql-export-2026-02-09_diaspora,comments,author_id,INT,num
drawSQL-mysql-export-2026-02-09_diaspora,comments,guid,VARCHAR(255),string
drawSQL-mysql-export-2026-02-09_diaspora,comments,created_at,DATETIME,date
drawSQL-mysql-export-2026-02-09_diaspora,comments,updated_at,DATETIME,date
drawSQL-mysql-export-2026-02-09_diaspora,comments,likes_count,INT,num
drawSQL-mysql-export-2026-02-09_diaspora,comments,commentable_type,VARCHAR(255),string
drawSQL-mysql-export-2026-02-09_diaspora,contacts,id,INT,num
drawSQL-mysql-export-2026-02-09_diaspora,contacts,user_id,INT,num
drawSQL-mysql-export-2026-02-09_diaspora,contacts,person_id,INT,num
drawSQL-mysql-export-2026-02-09_diaspora,contacts,created_at,DATETIME,date
drawSQL-mysql-export-2026-02-09_diaspora,contacts,updated_at,DATETIME,date
drawSQL-mysql-export-2026-02-09_diaspora,contacts,sharing,TINYINT,num
drawSQL-mysql-export-2026-02-09_diaspora,contacts,receiving,TINYINT,num
drawSQL-mysql-export-2026-02-09_diaspora,conversation_visibilities,id,INT,num
drawSQL-mysql-export-2026-02-09_diaspora,conversation_visibilities,conversation_id,INT,num
drawSQL-mysql-export-2026-02-09_diaspora,conversation_visibilities,person_id,INT,num
drawSQL-mysql-export-2026-02-09_diaspora,conversation_visibilities,unread,INT,num
drawSQL-mysql-export-2026-02-09_diaspora,conversation_visibilities,created_at,DATETIME,date
drawSQL-mysql-export-2026-02-09_diaspora,conversation_visibilities,updated_at,DATETIME,date
drawSQL-mysql-export-2026-02-09_diaspora,conversations,id,INT,num
drawSQL-mysql-export-2026-02-09_diaspora,conversations,subject,VARCHAR(255),string
drawSQL-mysql-export-2026-02-09_diaspora,conversations,guid,VARCHAR(255),string
drawSQL-mysql-export-2026-02-09_diaspora,conversations,author_id,INT,num
drawSQL-mysql-export-2026-02-09_diaspora,conversations,created_at,DATETIME,date
drawSQL-mysql-export-2026-02-09_diaspora,conversations,updated_at,DATETIME,date
drawSQL-mysql-export-2026-02-09_diaspora,invitation_codes,id,INT,num
drawSQL-mysql-export-2026-02-09_diaspora,invitation_codes,token,VARCHAR(255),string
drawSQL-mysql-export-2026-02-09_diaspora,invitation_codes,user_id,INT,num
drawSQL-mysql-export-2026-02-09_diaspora,invitation_codes,count,INT,num
drawSQL-mysql-export-2026-02-09_diaspora,invitation_codes,created_at,DATETIME,date
drawSQL-mysql-export-2026-02-09_diaspora,invitation_codes,updated_at,DATETIME,date
drawSQL-mysql-export-2026-02-09_diaspora,like_signatures,like_id,INT,num
drawSQL-mysql-export-2026-02-09_diaspora,like_signatures,author_signature,TEXT,string
drawSQL-mysql-export-2026-02-09_diaspora,like_signatures,signature_order_id,INT,num
drawSQL-mysql-export-2026-02-09_diaspora,like_signatures,additional_data,TEXT,string
drawSQL-mysql-export-2026-02-09_diaspora,likes,id,INT,num
drawSQL-mysql-export-2026-02-09_diaspora,likes,positive,TINYINT,num
drawSQL-mysql-export-2026-02-09_diaspora,likes,target_id,INT,num
drawSQL-mysql-export-2026-02-09_diaspora,likes,author_id,INT,num
drawSQL-mysql-export-2026-02-09_diaspora,likes,guid,VARCHAR(255),string
drawSQL-mysql-export-2026-02-09_diaspora,likes,created_at,DATETIME,date
drawSQL-mysql-export-2026-02-09_diaspora,likes,updated_at,DATETIME,date
drawSQL-mysql-export-2026-02-09_diaspora,likes,target_type,VARCHAR(255),string
drawSQL-mysql-export-2026-02-09_diaspora,locations,id,INT,num
drawSQL-mysql-export-2026-02-09_diaspora,locations,address,VARCHAR(255),string
drawSQL-mysql-export-2026-02-09_diaspora,locations,lat,VARCHAR(255),string
drawSQL-mysql-export-2026-02-09_diaspora,locations,lng,VARCHAR(255),string
drawSQL-mysql-export-2026-02-09_diaspora,locations,status_message_id,INT,num
drawSQL-mysql-export-2026-02-09_diaspora,locations,created_at,DATETIME,date
drawSQL-mysql-export-2026-02-09_diaspora,locations,updated_at,DATETIME,date
drawSQL-mysql-export-2026-02-09_diaspora,mentions,id,INT,num
drawSQL-mysql-export-2026-02-09_diaspora,mentions,mentions_container_id,INT,num
drawSQL-mysql-export-2026-02-09_diaspora,mentions,person_id,INT,num
drawSQL-mysql-export-2026-02-09_diaspora,mentions,mentions_container_type,VARCHAR(255),string
drawSQL-mysql-export-2026-02-09_diaspora,messages,id,INT,num
drawSQL-mysql-export-2026-02-09_diaspora,messages,conversation_id,INT,num
drawSQL-mysql-export-2026-02-09_diaspora,messages,author_id,INT,num
drawSQL-mysql-export-2026-02-09_diaspora,messages,guid,VARCHAR(255),string
drawSQL-mysql-export-2026-02-09_diaspora,messages,text,TEXT,string
drawSQL-mysql-export-2026-02-09_diaspora,messages,created_at,DATETIME,date
drawSQL-mysql-export-2026-02-09_diaspora,messages,updated_at,DATETIME,date
drawSQL-mysql-export-2026-02-09_diaspora,notification_actors,id,INT,num
drawSQL-mysql-export-2026-02-09_diaspora,notification_actors,notification_id,INT,num
drawSQL-mysql-export-2026-02-09_diaspora,notification_actors,person_id,INT,num
drawSQL-mysql-export-2026-02-09_diaspora,notification_actors,created_at,DATETIME,date
drawSQL-mysql-export-2026-02-09_diaspora,notification_actors,updated_at,DATETIME,date
drawSQL-mysql-export-2026-02-09_diaspora,notifications,id,INT,num
drawSQL-mysql-export-2026-02-09_diaspora,notifications,target_type,VARCHAR(255),string
drawSQL-mysql-export-2026-02-09_diaspora,notifications,target_id,INT,num
drawSQL-mysql-export-2026-02-09_diaspora,notifications,recipient_id,INT,num
drawSQL-mysql-export-2026-02-09_diaspora,notifications,unread,TINYINT,num
drawSQL-mysql-export-2026-02-09_diaspora,notifications,created_at,DATETIME,date
drawSQL-mysql-export-2026-02-09_diaspora,notifications,updated_at,DATETIME,date
drawSQL-mysql-export-2026-02-09_diaspora,notifications,type,VARCHAR(255),string
drawSQL-mysql-export-2026-02-09_diaspora,notifications,guid,VARCHAR(255),string
drawSQL-mysql-export-2026-02-09_diaspora,o_auth_access_tokens,id,INT,num
drawSQL-mysql-export-2026-02-09_diaspora,o_auth_access_tokens,authorization_id,INT,num
drawSQL-mysql-export-2026-02-09_diaspora,o_auth_access_tokens,token,VARCHAR(255),string
drawSQL-mysql-export-2026-02-09_diaspora,o_auth_access_tokens,expires_at,DATETIME,date
drawSQL-mysql-export-2026-02-09_diaspora,o_auth_access_tokens,created_at,DATETIME,date
drawSQL-mysql-export-2026-02-09_diaspora,o_auth_access_tokens,updated_at,DATETIME,date
drawSQL-mysql-export-2026-02-09_diaspora,o_auth_applications,id,INT,num
drawSQL-mysql-export-2026-02-09_diaspora,o_auth_applications,user_id,INT,num
drawSQL-mysql-export-2026-02-09_diaspora,o_auth_applications,client_id,VARCHAR(255),string
drawSQL-mysql-export-2026-02-09_diaspora,o_auth_applications,client_secret,VARCHAR(255),string
drawSQL-mysql-export-2026-02-09_diaspora,o_auth_applications,client_name,VARCHAR(255),string
drawSQL-mysql-export-2026-02-09_diaspora,o_auth_applications,redirect_uris,TEXT,string
drawSQL-mysql-export-2026-02-09_diaspora,o_auth_applications,response_types,VARCHAR(255),string
drawSQL-mysql-export-2026-02-09_diaspora,o_auth_applications,grant_types,VARCHAR(255),string
drawSQL-mysql-export-2026-02-09_diaspora,o_auth_applications,application_type,VARCHAR(255),string
drawSQL-mysql-export-2026-02-09_diaspora,o_auth_applications,contacts,VARCHAR(255),string
drawSQL-mysql-export-2026-02-09_diaspora,o_auth_applications,logo_uri,VARCHAR(255),string
drawSQL-mysql-export-2026-02-09_diaspora,o_auth_applications,client_uri,VARCHAR(255),string
drawSQL-mysql-export-2026-02-09_diaspora,o_auth_applications,policy_uri,VARCHAR(255),string
drawSQL-mysql-export-2026-02-09_diaspora,o_auth_applications,tos_uri,VARCHAR(255),string
drawSQL-mysql-export-2026-02-09_diaspora,o_auth_applications,sector_identifier_uri,VARCHAR(255),string
drawSQL-mysql-export-2026-02-09_diaspora,o_auth_applications,token_endpoint_auth_method,VARCHAR(255),string
drawSQL-mysql-export-2026-02-09_diaspora,o_auth_applications,jwks,TEXT,string
drawSQL-mysql-export-2026-02-09_diaspora,o_auth_applications,jwks_uri,VARCHAR(255),string
drawSQL-mysql-export-2026-02-09_diaspora,o_auth_applications,ppid,TINYINT,num
drawSQL-mysql-export-2026-02-09_diaspora,o_auth_applications,created_at,DATETIME,date
drawSQL-mysql-export-2026-02-09_diaspora,o_auth_applications,updated_at,DATETIME,date
drawSQL-mysql-export-2026-02-09_diaspora,o_embed_caches,id,INT,num
drawSQL-mysql-export-2026-02-09_diaspora,o_embed_caches,url,VARCHAR(255),string
drawSQL-mysql-export-2026-02-09_diaspora,o_embed_caches,data,TEXT,string
drawSQL-mysql-export-2026-02-09_diaspora,open_graph_caches,id,INT,num
drawSQL-mysql-export-2026-02-09_diaspora,open_graph_caches,title,VARCHAR(255),string
drawSQL-mysql-export-2026-02-09_diaspora,open_graph_caches,ob_type,VARCHAR(255),string
drawSQL-mysql-export-2026-02-09_diaspora,open_graph_caches,image,TEXT,string
drawSQL-mysql-export-2026-02-09_diaspora,open_graph_caches,url,TEXT,string
drawSQL-mysql-export-2026-02-09_diaspora,open_graph_caches,description,TEXT,string
drawSQL-mysql-export-2026-02-09_diaspora,open_graph_caches,video_url,TEXT,string
drawSQL-mysql-export-2026-02-09_diaspora,participations,id,INT,num
drawSQL-mysql-export-2026-02-09_diaspora,participations,guid,VARCHAR(255),string
drawSQL-mysql-export-2026-02-09_diaspora,participations,target_id,INT,num
drawSQL-mysql-export-2026-02-09_diaspora,participations,target_type,VARCHAR(255),string
drawSQL-mysql-export-2026-02-09_diaspora,participations,author_id,INT,num
drawSQL-mysql-export-2026-02-09_diaspora,participations,created_at,DATETIME,date
drawSQL-mysql-export-2026-02-09_diaspora,participations,updated_at,DATETIME,date
drawSQL-mysql-export-2026-02-09_diaspora,participations,count,INT,num
drawSQL-mysql-export-2026-02-09_diaspora,people,id,INT,num
drawSQL-mysql-export-2026-02-09_diaspora,people,guid,VARCHAR(255),string
drawSQL-mysql-export-2026-02-09_diaspora,people,diaspora_handle,VARCHAR(255),string
drawSQL-mysql-export-2026-02-09_diaspora,people,serialized_public_key,TEXT,string
drawSQL-mysql-export-2026-02-09_diaspora,people,owner_id,INT,num
drawSQL-mysql-export-2026-02-09_diaspora,people,created_at,DATETIME,date
drawSQL-mysql-export-2026-02-09_diaspora,people,updated_at,DATETIME,date
drawSQL-mysql-export-2026-02-09_diaspora,people,closed_account,TINYINT,num
drawSQL-mysql-export-2026-02-09_diaspora,people,fetch_status,INT,num
drawSQL-mysql-export-2026-02-09_diaspora,people,pod_id,INT,num
drawSQL-mysql-export-2026-02-09_diaspora,photos,id,INT,num
drawSQL-mysql-export-2026-02-09_diaspora,photos,author_id,INT,num
drawSQL-mysql-export-2026-02-09_diaspora,photos,public,TINYINT,num
drawSQL-mysql-export-2026-02-09_diaspora,photos,guid,VARCHAR(255),string
drawSQL-mysql-export-2026-02-09_diaspora,photos,pending,TINYINT,num
drawSQL-mysql-export-2026-02-09_diaspora,photos,text,TEXT,string
drawSQL-mysql-export-2026-02-09_diaspora,photos,remote_photo_path,TEXT,string
drawSQL-mysql-export-2026-02-09_diaspora,photos,remote_photo_name,VARCHAR(255),string
drawSQL-mysql-export-2026-02-09_diaspora,photos,random_string,VARCHAR(255),string
drawSQL-mysql-export-2026-02-09_diaspora,photos,processed_image,VARCHAR(255),string
drawSQL-mysql-export-2026-02-09_diaspora,photos,created_at,DATETIME,date
drawSQL-mysql-export-2026-02-09_diaspora,photos,updated_at,DATETIME,date
drawSQL-mysql-export-2026-02-09_diaspora,photos,unprocessed_image,VARCHAR(255),string
drawSQL-mysql-export-2026-02-09_diaspora,photos,status_message_guid,VARCHAR(255),string
drawSQL-mysql-export-2026-02-09_diaspora,photos,height,INT,num
drawSQL-mysql-export-2026-02-09_diaspora,photos,width,INT,num
drawSQL-mysql-export-2026-02-09_diaspora,pods,id,INT,num
drawSQL-mysql-export-2026-02-09_diaspora,pods,host,VARCHAR(255),string
drawSQL-mysql-export-2026-02-09_diaspora,pods,ssl,TINYINT,num
drawSQL-mysql-export-2026-02-09_diaspora,pods,created_at,DATETIME,date
drawSQL-mysql-export-2026-02-09_diaspora,pods,updated_at,DATETIME,date
drawSQL-mysql-export-2026-02-09_diaspora,pods,status,INT,num
drawSQL-mysql-export-2026-02-09_diaspora,pods,checked_at,DATETIME,date
drawSQL-mysql-export-2026-02-09_diaspora,pods,offline_since,DATETIME,date
drawSQL-mysql-export-2026-02-09_diaspora,pods,response_time,INT,num
drawSQL-mysql-export-2026-02-09_diaspora,pods,software,VARCHAR(255),string
drawSQL-mysql-export-2026-02-09_diaspora,pods,error,VARCHAR(255),string
drawSQL-mysql-export-2026-02-09_diaspora,pods,port,INT,num
drawSQL-mysql-export-2026-02-09_diaspora,pods,blocked,TINYINT,num
drawSQL-mysql-export-2026-02-09_diaspora,pods,scheduled_check,TINYINT,num
drawSQL-mysql-export-2026-02-09_diaspora,poll_answers,id,INT,num
drawSQL-mysql-export-2026-02-09_diaspora,poll_answers,answer,VARCHAR(255),string
drawSQL-mysql-export-2026-02-09_diaspora,poll_answers,poll_id,INT,num
drawSQL-mysql-export-2026-02-09_diaspora,poll_answers,guid,VARCHAR(255),string
drawSQL-mysql-export-2026-02-09_diaspora,poll_answers,vote_count,INT,num
drawSQL-mysql-export-2026-02-09_diaspora,poll_participation_signatures,poll_participation_id,INT,num
drawSQL-mysql-export-2026-02-09_diaspora,poll_participation_signatures,author_signature,TEXT,string
drawSQL-mysql-export-2026-02-09_diaspora,poll_participation_signatures,signature_order_id,INT,num
drawSQL-mysql-export-2026-02-09_diaspora,poll_participation_signatures,additional_data,TEXT,string
drawSQL-mysql-export-2026-02-09_diaspora,poll_participations,id,INT,num
drawSQL-mysql-export-2026-02-09_diaspora,poll_participations,poll_answer_id,INT,num
drawSQL-mysql-export-2026-02-09_diaspora,poll_participations,author_id,INT,num
drawSQL-mysql-export-2026-02-09_diaspora,poll_participations,poll_id,INT,num
drawSQL-mysql-export-2026-02-09_diaspora,poll_participations,guid,VARCHAR(255),string
drawSQL-mysql-export-2026-02-09_diaspora,poll_participations,created_at,DATETIME,date
drawSQL-mysql-export-2026-02-09_diaspora,poll_participations,updated_at,DATETIME,date
drawSQL-mysql-export-2026-02-09_diaspora,polls,id,INT,num
drawSQL-mysql-export-2026-02-09_diaspora,polls,question,VARCHAR(255),string
drawSQL-mysql-export-2026-02-09_diaspora,polls,status_message_id,INT,num
drawSQL-mysql-export-2026-02-09_diaspora,polls,status,TINYINT,num
drawSQL-mysql-export-2026-02-09_diaspora,polls,guid,VARCHAR(255),string
drawSQL-mysql-export-2026-02-09_diaspora,polls,created_at,DATETIME,date
drawSQL-mysql-export-2026-02-09_diaspora,polls,updated_at,DATETIME,date
drawSQL-mysql-export-2026-02-09_diaspora,posts,id,INT,num
drawSQL-mysql-export-2026-02-09_diaspora,posts,author_id,INT,num
drawSQL-mysql-export-2026-02-09_diaspora,posts,public,TINYINT,num
drawSQL-mysql-export-2026-02-09_diaspora,posts,guid,VARCHAR(255),string
drawSQL-mysql-export-2026-02-09_diaspora,posts,type,VARCHAR(255),string
drawSQL-mysql-export-2026-02-09_diaspora,posts,text,TEXT,string
drawSQL-mysql-export-2026-02-09_diaspora,posts,created_at,DATETIME,date
drawSQL-mysql-export-2026-02-09_diaspora,posts,updated_at,DATETIME,date
drawSQL-mysql-export-2026-02-09_diaspora,posts,provider_display_name,VARCHAR(255),string
drawSQL-mysql-export-2026-02-09_diaspora,posts,root_guid,VARCHAR(255),string
drawSQL-mysql-export-2026-02-09_diaspora,posts,likes_count,INT,num
drawSQL-mysql-export-2026-02-09_diaspora,posts,comments_count,INT,num
drawSQL-mysql-export-2026-02-09_diaspora,posts,o_embed_cache_id,INT,num
drawSQL-mysql-export-2026-02-09_diaspora,posts,reshares_count,INT,num
drawSQL-mysql-export-2026-02-09_diaspora,posts,interacted_at,DATETIME,date
drawSQL-mysql-export-2026-02-09_diaspora,posts,tweet_id,VARCHAR(255),string
drawSQL-mysql-export-2026-02-09_diaspora,posts,open_graph_cache_id,INT,num
drawSQL-mysql-export-2026-02-09_diaspora,posts,tumblr_ids,TEXT,string
drawSQL-mysql-export-2026-02-09_diaspora,ppid,id,INT,num
drawSQL-mysql-export-2026-02-09_diaspora,ppid,o_auth_application_id,INT,num
drawSQL-mysql-export-2026-02-09_diaspora,ppid,user_id,INT,num
drawSQL-mysql-export-2026-02-09_diaspora,ppid,guid,VARCHAR(255),string
drawSQL-mysql-export-2026-02-09_diaspora,ppid,identifier,VARCHAR(255),string
drawSQL-mysql-export-2026-02-09_diaspora,profiles,id,INT,num
drawSQL-mysql-export-2026-02-09_diaspora,profiles,diaspora_handle,VARCHAR(255),string
drawSQL-mysql-export-2026-02-09_diaspora,profiles,first_name,VARCHAR(255),string
drawSQL-mysql-export-2026-02-09_diaspora,profiles,last_name,VARCHAR(255),string
drawSQL-mysql-export-2026-02-09_diaspora,profiles,image_url,VARCHAR(255),string
drawSQL-mysql-export-2026-02-09_diaspora,profiles,image_url_small,VARCHAR(255),string
drawSQL-mysql-export-2026-02-09_diaspora,profiles,image_url_medium,VARCHAR(255),string
drawSQL-mysql-export-2026-02-09_diaspora,profiles,birthday,DATE,date
drawSQL-mysql-export-2026-02-09_diaspora,profiles,gender,VARCHAR(255),string
drawSQL-mysql-export-2026-02-09_diaspora,profiles,bio,TEXT,string
drawSQL-mysql-export-2026-02-09_diaspora,profiles,searchable,TINYINT,num
drawSQL-mysql-export-2026-02-09_diaspora,profiles,person_id,INT,num
drawSQL-mysql-export-2026-02-09_diaspora,profiles,created_at,DATETIME,date
drawSQL-mysql-export-2026-02-09_diaspora,profiles,updated_at,DATETIME,date
drawSQL-mysql-export-2026-02-09_diaspora,profiles,location,VARCHAR(255),string
drawSQL-mysql-export-2026-02-09_diaspora,profiles,full_name,VARCHAR(255),string
drawSQL-mysql-export-2026-02-09_diaspora,profiles,nsfw,TINYINT,num
drawSQL-mysql-export-2026-02-09_diaspora,profiles,public_details,TINYINT,num
drawSQL-mysql-export-2026-02-09_diaspora,references,id,BIGINT,num
drawSQL-mysql-export-2026-02-09_diaspora,references,source_id,INT,num
drawSQL-mysql-export-2026-02-09_diaspora,references,source_type,VARCHAR(255),string
drawSQL-mysql-export-2026-02-09_diaspora,references,target_id,INT,num
drawSQL-mysql-export-2026-02-09_diaspora,references,target_type,VARCHAR(255),string
drawSQL-mysql-export-2026-02-09_diaspora,reports,id,INT,num
drawSQL-mysql-export-2026-02-09_diaspora,reports,item_id,INT,num
drawSQL-mysql-export-2026-02-09_diaspora,reports,item_type,VARCHAR(255),string
drawSQL-mysql-export-2026-02-09_diaspora,reports,reviewed,TINYINT,num
drawSQL-mysql-export-2026-02-09_diaspora,reports,text,TEXT,string
drawSQL-mysql-export-2026-02-09_diaspora,reports,created_at,DATETIME,date
drawSQL-mysql-export-2026-02-09_diaspora,reports,updated_at,DATETIME,date
drawSQL-mysql-export-2026-02-09_diaspora,reports,user_id,INT,num
drawSQL-mysql-export-2026-02-09_diaspora,roles,id,INT,num
drawSQL-mysql-export-2026-02-09_diaspora,roles,person_id,INT,num
drawSQL-mysql-export-2026-02-09_diaspora,roles,name,VARCHAR(255),string
drawSQL-mysql-export-2026-02-09_diaspora,roles,created_at,DATETIME,date
drawSQL-mysql-export-2026-02-09_diaspora,roles,updated_at,DATETIME,date
drawSQL-mysql-export-2026-02-09_diaspora,services,id,INT,num
drawSQL-mysql-export-2026-02-09_diaspora,services,type,VARCHAR(255),string
drawSQL-mysql-export-2026-02-09_diaspora,services,user_id,INT,num
drawSQL-mysql-export-2026-02-09_diaspora,services,uid,VARCHAR(255),string
drawSQL-mysql-export-2026-02-09_diaspora,services,access_token,VARCHAR(255),string
drawSQL-mysql-export-2026-02-09_diaspora,services,access_secret,VARCHAR(255),string
drawSQL-mysql-export-2026-02-09_diaspora,services,nickname,VARCHAR(255),string
drawSQL-mysql-export-2026-02-09_diaspora,services,created_at,DATETIME,date
drawSQL-mysql-export-2026-02-09_diaspora,services,updated_at,DATETIME,date
drawSQL-mysql-export-2026-02-09_diaspora,share_visibilities,id,INT,num
drawSQL-mysql-export-2026-02-09_diaspora,share_visibilities,shareable_id,INT,num
drawSQL-mysql-export-2026-02-09_diaspora,share_visibilities,hidden,TINYINT,num
drawSQL-mysql-export-2026-02-09_diaspora,share_visibilities,shareable_type,VARCHAR(255),string
drawSQL-mysql-export-2026-02-09_diaspora,share_visibilities,user_id,INT,num
drawSQL-mysql-export-2026-02-09_diaspora,signature_orders,id,INT,num
drawSQL-mysql-export-2026-02-09_diaspora,signature_orders,order,VARCHAR(255),string
drawSQL-mysql-export-2026-02-09_diaspora,simple_captcha_data,id,INT,num
drawSQL-mysql-export-2026-02-09_diaspora,simple_captcha_data,key,VARCHAR(255),string
drawSQL-mysql-export-2026-02-09_diaspora,simple_captcha_data,value,VARCHAR(255),string
drawSQL-mysql-export-2026-02-09_diaspora,simple_captcha_data,created_at,DATETIME,date
drawSQL-mysql-export-2026-02-09_diaspora,simple_captcha_data,updated_at,DATETIME,date
drawSQL-mysql-export-2026-02-09_diaspora,tag_followings,id,INT,num
drawSQL-mysql-export-2026-02-09_diaspora,tag_followings,tag_id,INT,num
drawSQL-mysql-export-2026-02-09_diaspora,tag_followings,user_id,INT,num
drawSQL-mysql-export-2026-02-09_diaspora,tag_followings,created_at,DATETIME,date
drawSQL-mysql-export-2026-02-09_diaspora,tag_followings,updated_at,DATETIME,date
drawSQL-mysql-export-2026-02-09_diaspora,taggings,id,INT,num
drawSQL-mysql-export-2026-02-09_diaspora,taggings,tag_id,INT,num
drawSQL-mysql-export-2026-02-09_diaspora,taggings,taggable_id,INT,num
drawSQL-mysql-export-2026-02-09_diaspora,taggings,taggable_type,VARCHAR(255),string
drawSQL-mysql-export-2026-02-09_diaspora,taggings,tagger_id,INT,num
drawSQL-mysql-export-2026-02-09_diaspora,taggings,tagger_type,VARCHAR(255),string
drawSQL-mysql-export-2026-02-09_diaspora,taggings,context,VARCHAR(255),string
drawSQL-mysql-export-2026-02-09_diaspora,taggings,created_at,DATETIME,date
drawSQL-mysql-export-2026-02-09_diaspora,tags,id,INT,num
drawSQL-mysql-export-2026-02-09_diaspora,tags,name,VARCHAR(255),string
drawSQL-mysql-export-2026-02-09_diaspora,tags,taggings_count,INT,num
drawSQL-mysql-export-2026-02-09_diaspora,user_preferences,id,INT,num
drawSQL-mysql-export-2026-02-09_diaspora,user_preferences,email_type,VARCHAR(255),string
drawSQL-mysql-export-2026-02-09_diaspora,user_preferences,user_id,INT,num
drawSQL-mysql-export-2026-02-09_diaspora,user_preferences,created_at,DATETIME,date
drawSQL-mysql-export-2026-02-09_diaspora,user_preferences,updated_at,DATETIME,date
drawSQL-mysql-export-2026-02-09_diaspora,users,id,INT,num
drawSQL-mysql-export-2026-02-09_diaspora,users,username,VARCHAR(255),string
drawSQL-mysql-export-2026-02-09_diaspora,users,serialized_private_key,TEXT,string
drawSQL-mysql-export-2026-02-09_diaspora,users,getting_started,TINYINT,num
drawSQL-mysql-export-2026-02-09_diaspora,users,disable_mail,TINYINT,num
drawSQL-mysql-export-2026-02-09_diaspora,users,language,VARCHAR(255),string
drawSQL-mysql-export-2026-02-09_diaspora,users,email,VARCHAR(255),string
drawSQL-mysql-export-2026-02-09_diaspora,users,encrypted_password,VARCHAR(255),string
drawSQL-mysql-export-2026-02-09_diaspora,users,reset_password_token,VARCHAR(255),string
drawSQL-mysql-export-2026-02-09_diaspora,users,remember_created_at,DATETIME,date
drawSQL-mysql-export-2026-02-09_diaspora,users,sign_in_count,INT,num
drawSQL-mysql-export-2026-02-09_diaspora,users,current_sign_in_at,DATETIME,date
drawSQL-mysql-export-2026-02-09_diaspora,users,last_sign_in_at,DATETIME,date
drawSQL-mysql-export-2026-02-09_diaspora,users,current_sign_in_ip,VARCHAR(255),string
drawSQL-mysql-export-2026-02-09_diaspora,users,last_sign_in_ip,VARCHAR(255),string
drawSQL-mysql-export-2026-02-09_diaspora,users,created_at,DATETIME,date
drawSQL-mysql-export-2026-02-09_diaspora,users,updated_at,DATETIME,date
drawSQL-mysql-export-2026-02-09_diaspora,users,invited_by_id,INT,num
drawSQL-mysql-export-2026-02-09_diaspora,users,authentication_token,VARCHAR(255),string
drawSQL-mysql-export-2026-02-09_diaspora,users,unconfirmed_email,VARCHAR(255),string
drawSQL-mysql-export-2026-02-09_diaspora,users,confirm_email_token,VARCHAR(255),string
drawSQL-mysql-export-2026-02-09_diaspora,users,locked_at,DATETIME,date
drawSQL-mysql-export-2026-02-09_diaspora,users,show_community_spotlight_in_stream,TINYINT,num
drawSQL-mysql-export-2026-02-09_diaspora,users,auto_follow_back,TINYINT,num
drawSQL-mysql-export-2026-02-09_diaspora,users,auto_follow_back_aspect_id,INT,num
drawSQL-mysql-export-2026-02-09_diaspora,users,hidden_shareables,TEXT,string
drawSQL-mysql-export-2026-02-09_diaspora,users,reset_password_sent_at,DATETIME,date
drawSQL-mysql-export-2026-02-09_diaspora,users,last_seen,DATETIME,date
drawSQL-mysql-export-2026-02-09_diaspora,users,remove_after,DATETIME,date
drawSQL-mysql-export-2026-02-09_diaspora,users,export,VARCHAR(255),string
drawSQL-mysql-export-2026-02-09_diaspora,users,exported_at,DATETIME,date
drawSQL-mysql-export-2026-02-09_diaspora,users,exporting,TINYINT,num
drawSQL-mysql-export-2026-02-09_diaspora,users,strip_exif,TINYINT,num
drawSQL-mysql-export-2026-02-09_diaspora,users,exported_photos_file,VARCHAR(255),string
drawSQL-mysql-export-2026-02-09_diaspora,users,exported_photos_at,DATETIME,date
drawSQL-mysql-export-2026-02-09_diaspora,users,exporting_photos,TINYINT,num
drawSQL-mysql-export-2026-02-09_diaspora,users,color_theme,VARCHAR(255),string
drawSQL-mysql-export-2026-02-09_diaspora,users,post_default_public,TINYINT,num
drawSQL-mysql-export-2026-02-09_diaspora,users,consumed_timestep,INT,num
drawSQL-mysql-export-2026-02-09_diaspora,users,otp_required_for_login,TINYINT,num
drawSQL-mysql-export-2026-02-09_diaspora,users,otp_backup_codes,TEXT,string
drawSQL-mysql-export-2026-02-09_diaspora,users,plain_otp_secret,VARCHAR(255),string
drawSQL-mysql-export-2026-02-09_djangoorg,auth_user,id,INT,num
drawSQL-mysql-export-2026-02-09_djangoorg,organizations_organization,id,INT,num
drawSQL-mysql-export-2026-02-09_djangoorg,organizations_organization,name,VARCHAR(255),string
drawSQL-mysql-export-2026-02-09_djangoorg,organizations_organization,is_active,TINYINT,num
drawSQL-mysql-export-2026-02-09_djangoorg,organizations_organization,created,DATETIME,date
drawSQL-mysql-export-2026-02-09_djangoorg,organizations_organization,modified,DATETIME,date
drawSQL-mysql-export-2026-02-09_djangoorg,organizations_organization,slug,VARCHAR(255),string
drawSQL-mysql-export-2026-02-09_djangoorg,organizations_organizationowner,id,INT,num
drawSQL-mysql-export-2026-02-09_djangoorg,organizations_organizationowner,created,DATETIME,date
drawSQL-mysql-export-2026-02-09_djangoorg,organizations_organizationowner,modified,DATETIME,date
drawSQL-mysql-export-2026-02-09_djangoorg,organizations_organizationowner,organization_id,INT,num
drawSQL-mysql-export-2026-02-09_djangoorg,organizations_organizationowner,organization_user_id,INT,num
drawSQL-mysql-export-2026-02-09_djangoorg,organizations_organizationuser,id,INT,num
drawSQL-mysql-export-2026-02-09_djangoorg,organizations_organizationuser,created,DATETIME,date
drawSQL-mysql-export-2026-02-09_djangoorg,organizations_organizationuser,modified,DATETIME,date
drawSQL-mysql-export-2026-02-09_djangoorg,organizations_organizationuser,is_admin,TINYINT,num
drawSQL-mysql-export-2026-02-09_djangoorg,organizations_organizationuser,organization_id,INT,num
drawSQL-mysql-export-2026-02-09_djangoorg,organizations_organizationuser,user_id,INT,num
drawSQL-mysql-export-2026-02-09_doorkeeper,oauth_access_grants,id,BIGINT,num
drawSQL-mysql-export-2026-02-09_doorkeeper,oauth_access_grants,resource_owner_id,BIGINT,num
drawSQL-mysql-export-2026-02-09_doorkeeper,oauth_access_grants,application_id,BIGINT,num
drawSQL-mysql-export-2026-02-09_doorkeeper,oauth_access_grants,token,VARCHAR(255),string
drawSQL-mysql-export-2026-02-09_doorkeeper,oauth_access_grants,expires_in,INT,num
drawSQL-mysql-export-2026-02-09_doorkeeper,oauth_access_grants,redirect_uri,TEXT,string
drawSQL-mysql-export-2026-02-09_doorkeeper,oauth_access_grants,created_at,DATETIME,date
drawSQL-mysql-export-2026-02-09_doorkeeper,oauth_access_grants,revoked_at,DATETIME,date
drawSQL-mysql-export-2026-02-09_doorkeeper,oauth_access_grants,scopes,VARCHAR(255),string
drawSQL-mysql-export-2026-02-09_doorkeeper,oauth_access_tokens,id,BIGINT,num
drawSQL-mysql-export-2026-02-09_doorkeeper,oauth_access_tokens,resource_owner_id,BIGINT,num
drawSQL-mysql-export-2026-02-09_doorkeeper,oauth_access_tokens,application_id,BIGINT,num
drawSQL-mysql-export-2026-02-09_doorkeeper,oauth_access_tokens,token,VARCHAR(255),string
drawSQL-mysql-export-2026-02-09_doorkeeper,oauth_access_tokens,refresh_token,VARCHAR(255),string
drawSQL-mysql-export-2026-02-09_doorkeeper,oauth_access_tokens,expires_in,INT,num
drawSQL-mysql-export-2026-02-09_doorkeeper,oauth_access_tokens,revoked_at,DATETIME,date
drawSQL-mysql-export-2026-02-09_doorkeeper,oauth_access_tokens,created_at,DATETIME,date
drawSQL-mysql-export-2026-02-09_doorkeeper,oauth_access_tokens,scopes,VARCHAR(255),string
drawSQL-mysql-export-2026-02-09_doorkeeper,oauth_access_tokens,previous_refresh_token,VARCHAR(255),string
drawSQL-mysql-export-2026-02-09_doorkeeper,oauth_applications,id,BIGINT,num
drawSQL-mysql-export-2026-02-09_doorkeeper,oauth_applications,name,VARCHAR(255),string
drawSQL-mysql-export-2026-02-09_doorkeeper,oauth_applications,uid,VARCHAR(255),string
drawSQL-mysql-export-2026-02-09_doorkeeper,oauth_applications,secret,VARCHAR(255),string
drawSQL-mysql-export-2026-02-09_doorkeeper,oauth_applications,redirect_uri,TEXT,string
drawSQL-mysql-export-2026-02-09_doorkeeper,oauth_applications,scopes,VARCHAR(255),string
drawSQL-mysql-export-2026-02-09_doorkeeper,oauth_applications,confidential,TINYINT,num
drawSQL-mysql-export-2026-02-09_doorkeeper,oauth_applications,created_at,DATETIME,date
drawSQL-mysql-export-2026-02-09_doorkeeper,oauth_applications,updated_at,DATETIME,date
drawSQL-mysql-export-2026-02-09_doorkeeper,users,id,BIGINT,num
drawSQL-mysql-export-2026-02-09_featureflags,features,id,BIGINT,num
drawSQL-mysql-export-2026-02-09_featureflags,features,UNSIGNED,NOT,string
drawSQL-mysql-export-2026-02-09_featureflags,features,AUTO_INCREMENT,PRIMARY,string
drawSQL-mysql-export-2026-02-09_featureflags,features,name,VARCHAR(255),string
drawSQL-mysql-export-2026-02-09_featureflags,features,description,TEXT,string
drawSQL-mysql-export-2026-02-09_featureflags,features,active,BOOLEAN,boolean
drawSQL-mysql-export-2026-02-09_featureflags,features,created_at,TIMESTAMP,date
drawSQL-mysql-export-2026-02-09_featureflags,features,updated_at,TIMESTAMP,date
drawSQL-mysql-export-2026-02-09_featureflags,features,expires_at,DATETIME,date
drawSQL-mysql-export-2026-02-09_featureflags,feature_groups,id,BIGINT,num
drawSQL-mysql-export-2026-02-09_featureflags,feature_groups,UNSIGNED,NOT,string
drawSQL-mysql-export-2026-02-09_featureflags,feature_groups,AUTO_INCREMENT,PRIMARY,string
drawSQL-mysql-export-2026-02-09_featureflags,feature_groups,name,VARCHAR(255),string
drawSQL-mysql-export-2026-02-09_featureflags,feature_groups,description,TEXT,string
drawSQL-mysql-export-2026-02-09_featureflags,feature_groups,active,BOOLEAN,boolean
drawSQL-mysql-export-2026-02-09_featureflags,feature_groups,created_at,TIMESTAMP,date
drawSQL-mysql-export-2026-02-09_featureflags,feature_groups,updated_at,TIMESTAMP,date
drawSQL-mysql-export-2026-02-09_featureflags,feature_feature_groups,feature_id,BIGINT,num
drawSQL-mysql-export-2026-02-09_featureflags,feature_feature_groups,UNSIGNED,NOT,string
drawSQL-mysql-export-2026-02-09_featureflags,feature_feature_groups,feature_group_id,BIGINT,num
drawSQL-mysql-export-2026-02-09_featureflags,feature_user,feature_id,BIGINT,num
drawSQL-mysql-export-2026-02-09_featureflags,feature_user,UNSIGNED,NOT,string
drawSQL-mysql-export-2026-02-09_featureflags,feature_user,user_id,BIGINT,num
drawSQL-mysql-export-2026-02-09_featureflags,users,id,INT,num
drawSQL-mysql-export-2026-02-09_featureflags,users,UNSIGNED,NOT,string
drawSQL-mysql-export-2026-02-09_featureflags,users,AUTO_INCREMENT,PRIMARY,string
drawSQL-mysql-export-2026-02-09_featureflags,users,INT,NOT,string
drawSQL-mysql-export-2026-02-09_featureflags,feature_group_user,feature_group_id,BIGINT,num
drawSQL-mysql-export-2026-02-09_featureflags,feature_group_user,UNSIGNED,NOT,string
drawSQL-mysql-export-2026-02-09_featureflags,feature_group_user,user_id,BIGINT,num
drawSQL-mysql-export-2026-02-09_flipper,flipper_features,id,BIGINT,num
drawSQL-mysql-export-2026-02-09_flipper,flipper_features,key,VARCHAR(255),string
drawSQL-mysql-export-2026-02-09_flipper,flipper_features,created_at,DATETIME,date
drawSQL-mysql-export-2026-02-09_flipper,flipper_features,updated_at,DATETIME,date
drawSQL-mysql-export-2026-02-09_flipper,flipper_gates,id,BIGINT,num
drawSQL-mysql-export-2026-02-09_flipper,flipper_gates,feature_key,VARCHAR(255),string
drawSQL-mysql-export-2026-02-09_flipper,flipper_gates,key,VARCHAR(255),string
drawSQL-mysql-export-2026-02-09_flipper,flipper_gates,value,VARCHAR(255),string
drawSQL-mysql-export-2026-02-09_flipper,flipper_gates,created_at,DATETIME,date
drawSQL-mysql-export-2026-02-09_flipper,flipper_gates,updated_at,DATETIME,date
drawSQL-mysql-export-2026-02-09_freescout,activity_logs,id,INT,num
drawSQL-mysql-export-2026-02-09_freescout,activity_logs,UNSIGNED,NOT,string
drawSQL-mysql-export-2026-02-09_freescout,activity_logs,AUTO_INCREMENT,PRIMARY,string
drawSQL-mysql-export-2026-02-09_freescout,activity_logs,log_name,VARCHAR(255),string
drawSQL-mysql-export-2026-02-09_freescout,activity_logs,description,TEXT,string
drawSQL-mysql-export-2026-02-09_freescout,activity_logs,subject_id,INT,num
drawSQL-mysql-export-2026-02-09_freescout,activity_logs,subject_type,VARCHAR(255),string
drawSQL-mysql-export-2026-02-09_freescout,activity_logs,causer_id,INT,num
drawSQL-mysql-export-2026-02-09_freescout,activity_logs,causer_type,VARCHAR(255),string
drawSQL-mysql-export-2026-02-09_freescout,activity_logs,properties,TEXT,string
drawSQL-mysql-export-2026-02-09_freescout,activity_logs,created_at,TIMESTAMP,date
drawSQL-mysql-export-2026-02-09_freescout,activity_logs,updated_at,TIMESTAMP,date
drawSQL-mysql-export-2026-02-09_freescout,attachments,id,INT,num
drawSQL-mysql-export-2026-02-09_freescout,attachments,UNSIGNED,NOT,string
drawSQL-mysql-export-2026-02-09_freescout,attachments,AUTO_INCREMENT,PRIMARY,string
drawSQL-mysql-export-2026-02-09_freescout,attachments,thread_id,INT,num
drawSQL-mysql-export-2026-02-09_freescout,attachments,user_id,INT,num
drawSQL-mysql-export-2026-02-09_freescout,attachments,file_dir,VARCHAR(255),string
drawSQL-mysql-export-2026-02-09_freescout,attachments,file_name,VARCHAR(255),string
drawSQL-mysql-export-2026-02-09_freescout,attachments,mime_type,VARCHAR(255),string
drawSQL-mysql-export-2026-02-09_freescout,attachments,type,INT,num
drawSQL-mysql-export-2026-02-09_freescout,attachments,UNSIGNED,NOT,string
drawSQL-mysql-export-2026-02-09_freescout,attachments,size,INT,num
drawSQL-mysql-export-2026-02-09_freescout,attachments,embedded,TINYINT,num
drawSQL-mysql-export-2026-02-09_freescout,attachments,public,TINYINT,num
drawSQL-mysql-export-2026-02-09_freescout,conversation_folder,id,INT,num
drawSQL-mysql-export-2026-02-09_freescout,conversation_folder,UNSIGNED,NOT,string
drawSQL-mysql-export-2026-02-09_freescout,conversation_folder,AUTO_INCREMENT,PRIMARY,string
drawSQL-mysql-export-2026-02-09_freescout,conversation_folder,folder_id,INT,num
drawSQL-mysql-export-2026-02-09_freescout,conversation_folder,UNSIGNED,NOT,string
drawSQL-mysql-export-2026-02-09_freescout,conversation_folder,conversation_id,INT,num
drawSQL-mysql-export-2026-02-09_freescout,conversation_folder,UNSIGNED,NOT,string
drawSQL-mysql-export-2026-02-09_freescout,conversations,id,INT,num
drawSQL-mysql-export-2026-02-09_freescout,conversations,UNSIGNED,NOT,string
drawSQL-mysql-export-2026-02-09_freescout,conversations,AUTO_INCREMENT,PRIMARY,string
drawSQL-mysql-export-2026-02-09_freescout,conversations,number,INT,num
drawSQL-mysql-export-2026-02-09_freescout,conversations,UNSIGNED,NOT,string
drawSQL-mysql-export-2026-02-09_freescout,conversations,threads_count,INT,num
drawSQL-mysql-export-2026-02-09_freescout,conversations,UNSIGNED,NOT,string
drawSQL-mysql-export-2026-02-09_freescout,conversations,type,TINYINT,num
drawSQL-mysql-export-2026-02-09_freescout,conversations,UNSIGNED,NOT,string
drawSQL-mysql-export-2026-02-09_freescout,conversations,folder_id,INT,num
drawSQL-mysql-export-2026-02-09_freescout,conversations,UNSIGNED,NOT,string
drawSQL-mysql-export-2026-02-09_freescout,conversations,status,TINYINT,num
drawSQL-mysql-export-2026-02-09_freescout,conversations,UNSIGNED,NOT,string
drawSQL-mysql-export-2026-02-09_freescout,conversations,state,TINYINT,num
drawSQL-mysql-export-2026-02-09_freescout,conversations,UNSIGNED,NOT,string
drawSQL-mysql-export-2026-02-09_freescout,conversations,subject,VARCHAR(255),string
drawSQL-mysql-export-2026-02-09_freescout,conversations,customer_email,VARCHAR(255),string
drawSQL-mysql-export-2026-02-09_freescout,conversations,cc,TEXT,string
drawSQL-mysql-export-2026-02-09_freescout,conversations,bcc,TEXT,string
drawSQL-mysql-export-2026-02-09_freescout,conversations,preview,VARCHAR(255),string
drawSQL-mysql-export-2026-02-09_freescout,conversations,imported,TINYINT,num
drawSQL-mysql-export-2026-02-09_freescout,conversations,has_attachments,TINYINT,num
drawSQL-mysql-export-2026-02-09_freescout,conversations,mailbox_id,INT,num
drawSQL-mysql-export-2026-02-09_freescout,conversations,UNSIGNED,NOT,string
drawSQL-mysql-export-2026-02-09_freescout,conversations,user_id,INT,num
drawSQL-mysql-export-2026-02-09_freescout,conversations,customer_id,INT,num
drawSQL-mysql-export-2026-02-09_freescout,conversations,created_by_user_id,INT,num
drawSQL-mysql-export-2026-02-09_freescout,conversations,created_by_customer_id,INT,num
drawSQL-mysql-export-2026-02-09_freescout,conversations,source_via,TINYINT,num
drawSQL-mysql-export-2026-02-09_freescout,conversations,UNSIGNED,NOT,string
drawSQL-mysql-export-2026-02-09_freescout,conversations,source_type,TINYINT,num
drawSQL-mysql-export-2026-02-09_freescout,conversations,UNSIGNED,NOT,string
drawSQL-mysql-export-2026-02-09_freescout,conversations,closed_by_user_id,INT,num
drawSQL-mysql-export-2026-02-09_freescout,conversations,closed_at,TIMESTAMP,date
drawSQL-mysql-export-2026-02-09_freescout,conversations,user_updated_at,TIMESTAMP,date
drawSQL-mysql-export-2026-02-09_freescout,conversations,last_reply_at,TIMESTAMP,date
drawSQL-mysql-export-2026-02-09_freescout,conversations,last_reply_from,TINYINT,num
drawSQL-mysql-export-2026-02-09_freescout,conversations,read_by_user,TINYINT,num
drawSQL-mysql-export-2026-02-09_freescout,conversations,created_at,TIMESTAMP,date
drawSQL-mysql-export-2026-02-09_freescout,conversations,updated_at,TIMESTAMP,date
drawSQL-mysql-export-2026-02-09_freescout,conversations,channel,TINYINT,num
drawSQL-mysql-export-2026-02-09_freescout,conversations,UNSIGNED,NULL,string
drawSQL-mysql-export-2026-02-09_freescout,customers,id,INT,num
drawSQL-mysql-export-2026-02-09_freescout,customers,UNSIGNED,NOT,string
drawSQL-mysql-export-2026-02-09_freescout,customers,AUTO_INCREMENT,PRIMARY,string
drawSQL-mysql-export-2026-02-09_freescout,customers,first_name,VARCHAR(255),string
drawSQL-mysql-export-2026-02-09_freescout,customers,last_name,VARCHAR(255),string
drawSQL-mysql-export-2026-02-09_freescout,customers,company,TEXT,string
drawSQL-mysql-export-2026-02-09_freescout,customers,job_title,TEXT,string
drawSQL-mysql-export-2026-02-09_freescout,customers,photo_type,TINYINT,num
drawSQL-mysql-export-2026-02-09_freescout,customers,photo_url,VARCHAR(255),string
drawSQL-mysql-export-2026-02-09_freescout,customers,phones,TEXT,string
drawSQL-mysql-export-2026-02-09_freescout,customers,websites,TEXT,string
drawSQL-mysql-export-2026-02-09_freescout,customers,social_profiles,TEXT,string
drawSQL-mysql-export-2026-02-09_freescout,customers,notes,TEXT,string
drawSQL-mysql-export-2026-02-09_freescout,customers,address,TEXT,string
drawSQL-mysql-export-2026-02-09_freescout,customers,city,VARCHAR(255),string
drawSQL-mysql-export-2026-02-09_freescout,customers,state,VARCHAR(255),string
drawSQL-mysql-export-2026-02-09_freescout,customers,zip,VARCHAR(255),string
drawSQL-mysql-export-2026-02-09_freescout,customers,country,VARCHAR(255),string
drawSQL-mysql-export-2026-02-09_freescout,customers,created_at,TIMESTAMP,date
drawSQL-mysql-export-2026-02-09_freescout,customers,updated_at,TIMESTAMP,date
drawSQL-mysql-export-2026-02-09_freescout,customers,channel,TINYINT,num
drawSQL-mysql-export-2026-02-09_freescout,customers,channel_id,TEXT,string
drawSQL-mysql-export-2026-02-09_freescout,customers,meta,TEXT,string
drawSQL-mysql-export-2026-02-09_freescout,emails,id,INT,num
drawSQL-mysql-export-2026-02-09_freescout,emails,UNSIGNED,NOT,string
drawSQL-mysql-export-2026-02-09_freescout,emails,AUTO_INCREMENT,PRIMARY,string
drawSQL-mysql-export-2026-02-09_freescout,emails,customer_id,INT,num
drawSQL-mysql-export-2026-02-09_freescout,emails,UNSIGNED,NOT,string
drawSQL-mysql-export-2026-02-09_freescout,emails,email,VARCHAR(255),string
drawSQL-mysql-export-2026-02-09_freescout,emails,type,TINYINT,num
drawSQL-mysql-export-2026-02-09_freescout,emails,UNSIGNED,NOT,string
drawSQL-mysql-export-2026-02-09_freescout,folders,id,INT,num
drawSQL-mysql-export-2026-02-09_freescout,folders,UNSIGNED,NOT,string
drawSQL-mysql-export-2026-02-09_freescout,folders,AUTO_INCREMENT,PRIMARY,string
drawSQL-mysql-export-2026-02-09_freescout,folders,mailbox_id,INT,num
drawSQL-mysql-export-2026-02-09_freescout,folders,UNSIGNED,NOT,string
drawSQL-mysql-export-2026-02-09_freescout,folders,user_id,INT,num
drawSQL-mysql-export-2026-02-09_freescout,folders,type,TINYINT,num
drawSQL-mysql-export-2026-02-09_freescout,folders,UNSIGNED,NOT,string
drawSQL-mysql-export-2026-02-09_freescout,folders,total_count,INT,num
drawSQL-mysql-export-2026-02-09_freescout,folders,active_count,INT,num
drawSQL-mysql-export-2026-02-09_freescout,folders,meta,TEXT,string
drawSQL-mysql-export-2026-02-09_freescout,followers,id,INT,num
drawSQL-mysql-export-2026-02-09_freescout,followers,UNSIGNED,NOT,string
drawSQL-mysql-export-2026-02-09_freescout,followers,AUTO_INCREMENT,PRIMARY,string
drawSQL-mysql-export-2026-02-09_freescout,followers,conversation_id,INT,num
drawSQL-mysql-export-2026-02-09_freescout,followers,user_id,INT,num
drawSQL-mysql-export-2026-02-09_freescout,followers,added_by_user_id,INT,num
drawSQL-mysql-export-2026-02-09_freescout,ltm_translations,id,INT,num
drawSQL-mysql-export-2026-02-09_freescout,ltm_translations,UNSIGNED,NOT,string
drawSQL-mysql-export-2026-02-09_freescout,ltm_translations,AUTO_INCREMENT,PRIMARY,string
drawSQL-mysql-export-2026-02-09_freescout,ltm_translations,status,INT,num
drawSQL-mysql-export-2026-02-09_freescout,ltm_translations,locale,VARCHAR(255),string
drawSQL-mysql-export-2026-02-09_freescout,ltm_translations,group,VARCHAR(255),string
drawSQL-mysql-export-2026-02-09_freescout,ltm_translations,key,TEXT,string
drawSQL-mysql-export-2026-02-09_freescout,ltm_translations,value,TEXT,string
drawSQL-mysql-export-2026-02-09_freescout,ltm_translations,created_at,TIMESTAMP,date
drawSQL-mysql-export-2026-02-09_freescout,ltm_translations,updated_at,TIMESTAMP,date
drawSQL-mysql-export-2026-02-09_freescout,ltm_translations,hash,VARCHAR(255),string
drawSQL-mysql-export-2026-02-09_freescout,mailbox_user,id,INT,num
drawSQL-mysql-export-2026-02-09_freescout,mailbox_user,UNSIGNED,NOT,string
drawSQL-mysql-export-2026-02-09_freescout,mailbox_user,AUTO_INCREMENT,PRIMARY,string
drawSQL-mysql-export-2026-02-09_freescout,mailbox_user,mailbox_id,INT,num
drawSQL-mysql-export-2026-02-09_freescout,mailbox_user,UNSIGNED,NOT,string
drawSQL-mysql-export-2026-02-09_freescout,mailbox_user,user_id,INT,num
drawSQL-mysql-export-2026-02-09_freescout,mailbox_user,UNSIGNED,NOT,string
drawSQL-mysql-export-2026-02-09_freescout,mailbox_user,after_send,TINYINT,num
drawSQL-mysql-export-2026-02-09_freescout,mailbox_user,UNSIGNED,NOT,string
drawSQL-mysql-export-2026-02-09_freescout,mailbox_user,hide,TINYINT,num
drawSQL-mysql-export-2026-02-09_freescout,mailbox_user,mute,TINYINT,num
drawSQL-mysql-export-2026-02-09_freescout,mailbox_user,access,TEXT,string
drawSQL-mysql-export-2026-02-09_freescout,mailboxes,id,INT,num
drawSQL-mysql-export-2026-02-09_freescout,mailboxes,UNSIGNED,NOT,string
drawSQL-mysql-export-2026-02-09_freescout,mailboxes,AUTO_INCREMENT,PRIMARY,string
drawSQL-mysql-export-2026-02-09_freescout,mailboxes,name,VARCHAR(255),string
drawSQL-mysql-export-2026-02-09_freescout,mailboxes,email,VARCHAR(255),string
drawSQL-mysql-export-2026-02-09_freescout,mailboxes,aliases,VARCHAR(255),string
drawSQL-mysql-export-2026-02-09_freescout,mailboxes,from_name,TINYINT,num
drawSQL-mysql-export-2026-02-09_freescout,mailboxes,UNSIGNED,NOT,string
drawSQL-mysql-export-2026-02-09_freescout,mailboxes,from_name_custom,VARCHAR(255),string
drawSQL-mysql-export-2026-02-09_freescout,mailboxes,ticket_status,TINYINT,num
drawSQL-mysql-export-2026-02-09_freescout,mailboxes,UNSIGNED,NOT,string
drawSQL-mysql-export-2026-02-09_freescout,mailboxes,ticket_assignee,TINYINT,num
drawSQL-mysql-export-2026-02-09_freescout,mailboxes,UNSIGNED,NOT,string
drawSQL-mysql-export-2026-02-09_freescout,mailboxes,template,TINYINT,num
drawSQL-mysql-export-2026-02-09_freescout,mailboxes,UNSIGNED,NOT,string
drawSQL-mysql-export-2026-02-09_freescout,mailboxes,signature,TEXT,string
drawSQL-mysql-export-2026-02-09_freescout,mailboxes,out_method,TINYINT,num
drawSQL-mysql-export-2026-02-09_freescout,mailboxes,UNSIGNED,NOT,string
drawSQL-mysql-export-2026-02-09_freescout,mailboxes,out_server,TEXT,string
drawSQL-mysql-export-2026-02-09_freescout,mailboxes,out_username,VARCHAR(255),string
drawSQL-mysql-export-2026-02-09_freescout,mailboxes,out_password,TEXT,string
drawSQL-mysql-export-2026-02-09_freescout,mailboxes,out_port,INT,num
drawSQL-mysql-export-2026-02-09_freescout,mailboxes,out_encryption,TINYINT,num
drawSQL-mysql-export-2026-02-09_freescout,mailboxes,UNSIGNED,NOT,string
drawSQL-mysql-export-2026-02-09_freescout,mailboxes,in_server,TEXT,string
drawSQL-mysql-export-2026-02-09_freescout,mailboxes,in_port,INT,num
drawSQL-mysql-export-2026-02-09_freescout,mailboxes,UNSIGNED,NOT,string
drawSQL-mysql-export-2026-02-09_freescout,mailboxes,in_username,VARCHAR(255),string
drawSQL-mysql-export-2026-02-09_freescout,mailboxes,in_password,TEXT,string
drawSQL-mysql-export-2026-02-09_freescout,mailboxes,in_protocol,TINYINT,num
drawSQL-mysql-export-2026-02-09_freescout,mailboxes,UNSIGNED,NOT,string
drawSQL-mysql-export-2026-02-09_freescout,mailboxes,in_encryption,TINYINT,num
drawSQL-mysql-export-2026-02-09_freescout,mailboxes,UNSIGNED,NOT,string
drawSQL-mysql-export-2026-02-09_freescout,mailboxes,auto_reply_enabled,TINYINT,num
drawSQL-mysql-export-2026-02-09_freescout,mailboxes,auto_reply_subject,VARCHAR(255),string
drawSQL-mysql-export-2026-02-09_freescout,mailboxes,auto_reply_message,TEXT,string
drawSQL-mysql-export-2026-02-09_freescout,mailboxes,office_hours_enabled,TINYINT,num
drawSQL-mysql-export-2026-02-09_freescout,mailboxes,ratings,TINYINT,num
drawSQL-mysql-export-2026-02-09_freescout,mailboxes,ratings_placement,TINYINT,num
drawSQL-mysql-export-2026-02-09_freescout,mailboxes,UNSIGNED,NOT,string
drawSQL-mysql-export-2026-02-09_freescout,mailboxes,ratings_text,TEXT,string
drawSQL-mysql-export-2026-02-09_freescout,mailboxes,created_at,TIMESTAMP,date
drawSQL-mysql-export-2026-02-09_freescout,mailboxes,updated_at,TIMESTAMP,date
drawSQL-mysql-export-2026-02-09_freescout,mailboxes,in_validate_cert,TINYINT,num
drawSQL-mysql-export-2026-02-09_freescout,mailboxes,in_imap_folders,TEXT,string
drawSQL-mysql-export-2026-02-09_freescout,mailboxes,auto_bcc,TEXT,string
drawSQL-mysql-export-2026-02-09_freescout,mailboxes,before_reply,TEXT,string
drawSQL-mysql-export-2026-02-09_freescout,mailboxes,imap_sent_folder,VARCHAR(255),string
drawSQL-mysql-export-2026-02-09_freescout,mailboxes,meta,TEXT,string
drawSQL-mysql-export-2026-02-09_freescout,modules,id,INT,num
drawSQL-mysql-export-2026-02-09_freescout,modules,UNSIGNED,NOT,string
drawSQL-mysql-export-2026-02-09_freescout,modules,AUTO_INCREMENT,PRIMARY,string
drawSQL-mysql-export-2026-02-09_freescout,modules,alias,VARCHAR(255),string
drawSQL-mysql-export-2026-02-09_freescout,modules,active,TINYINT,num
drawSQL-mysql-export-2026-02-09_freescout,modules,activated,TINYINT,num
drawSQL-mysql-export-2026-02-09_freescout,modules,license,VARCHAR(255),string
drawSQL-mysql-export-2026-02-09_freescout,notifications,id,CHAR(255),string
drawSQL-mysql-export-2026-02-09_freescout,notifications,type,VARCHAR(255),string
drawSQL-mysql-export-2026-02-09_freescout,notifications,notifiable_id,INT,num
drawSQL-mysql-export-2026-02-09_freescout,notifications,UNSIGNED,NOT,string
drawSQL-mysql-export-2026-02-09_freescout,notifications,notifiable_type,VARCHAR(255),string
drawSQL-mysql-export-2026-02-09_freescout,notifications,data,TEXT,string
drawSQL-mysql-export-2026-02-09_freescout,notifications,read_at,TIMESTAMP,date
drawSQL-mysql-export-2026-02-09_freescout,notifications,created_at,TIMESTAMP,date
drawSQL-mysql-export-2026-02-09_freescout,notifications,updated_at,TIMESTAMP,date
drawSQL-mysql-export-2026-02-09_freescout,options,id,INT,num
drawSQL-mysql-export-2026-02-09_freescout,options,UNSIGNED,NOT,string
drawSQL-mysql-export-2026-02-09_freescout,options,AUTO_INCREMENT,PRIMARY,string
drawSQL-mysql-export-2026-02-09_freescout,options,name,VARCHAR(255),string
drawSQL-mysql-export-2026-02-09_freescout,options,value,LONGTEXT,string
drawSQL-mysql-export-2026-02-09_freescout,polycast_events,id,INT,num
drawSQL-mysql-export-2026-02-09_freescout,polycast_events,UNSIGNED,NOT,string
drawSQL-mysql-export-2026-02-09_freescout,polycast_events,AUTO_INCREMENT,PRIMARY,string
drawSQL-mysql-export-2026-02-09_freescout,polycast_events,channels,TEXT,string
drawSQL-mysql-export-2026-02-09_freescout,polycast_events,event,TEXT,string
drawSQL-mysql-export-2026-02-09_freescout,polycast_events,payload,TEXT,string
drawSQL-mysql-export-2026-02-09_freescout,polycast_events,created_at,TIMESTAMP,date
drawSQL-mysql-export-2026-02-09_freescout,send_logs,id,INT,num
drawSQL-mysql-export-2026-02-09_freescout,send_logs,UNSIGNED,NOT,string
drawSQL-mysql-export-2026-02-09_freescout,send_logs,AUTO_INCREMENT,PRIMARY,string
drawSQL-mysql-export-2026-02-09_freescout,send_logs,thread_id,INT,num
drawSQL-mysql-export-2026-02-09_freescout,send_logs,customer_id,INT,num
drawSQL-mysql-export-2026-02-09_freescout,send_logs,user_id,INT,num
drawSQL-mysql-export-2026-02-09_freescout,send_logs,message_id,VARCHAR(255),string
drawSQL-mysql-export-2026-02-09_freescout,send_logs,email,VARCHAR(255),string
drawSQL-mysql-export-2026-02-09_freescout,send_logs,mail_type,TINYINT,num
drawSQL-mysql-export-2026-02-09_freescout,send_logs,UNSIGNED,NOT,string
drawSQL-mysql-export-2026-02-09_freescout,send_logs,status,TINYINT,num
drawSQL-mysql-export-2026-02-09_freescout,send_logs,UNSIGNED,NOT,string
drawSQL-mysql-export-2026-02-09_freescout,send_logs,status_message,TEXT,string
drawSQL-mysql-export-2026-02-09_freescout,send_logs,created_at,TIMESTAMP,date
drawSQL-mysql-export-2026-02-09_freescout,send_logs,updated_at,TIMESTAMP,date
drawSQL-mysql-export-2026-02-09_freescout,subscriptions,id,INT,num
drawSQL-mysql-export-2026-02-09_freescout,subscriptions,UNSIGNED,NOT,string
drawSQL-mysql-export-2026-02-09_freescout,subscriptions,AUTO_INCREMENT,PRIMARY,string
drawSQL-mysql-export-2026-02-09_freescout,subscriptions,user_id,INT,num
drawSQL-mysql-export-2026-02-09_freescout,subscriptions,UNSIGNED,NOT,string
drawSQL-mysql-export-2026-02-09_freescout,subscriptions,medium,TINYINT,num
drawSQL-mysql-export-2026-02-09_freescout,subscriptions,UNSIGNED,NOT,string
drawSQL-mysql-export-2026-02-09_freescout,subscriptions,event,TINYINT,num
drawSQL-mysql-export-2026-02-09_freescout,subscriptions,UNSIGNED,NOT,string
drawSQL-mysql-export-2026-02-09_freescout,threads,id,INT,num
drawSQL-mysql-export-2026-02-09_freescout,threads,UNSIGNED,NOT,string
drawSQL-mysql-export-2026-02-09_freescout,threads,AUTO_INCREMENT,PRIMARY,string
drawSQL-mysql-export-2026-02-09_freescout,threads,conversation_id,INT,num
drawSQL-mysql-export-2026-02-09_freescout,threads,UNSIGNED,NOT,string
drawSQL-mysql-export-2026-02-09_freescout,threads,user_id,INT,num
drawSQL-mysql-export-2026-02-09_freescout,threads,type,TINYINT,num
drawSQL-mysql-export-2026-02-09_freescout,threads,UNSIGNED,NOT,string
drawSQL-mysql-export-2026-02-09_freescout,threads,subtype,TINYINT,num
drawSQL-mysql-export-2026-02-09_freescout,threads,status,TINYINT,num
drawSQL-mysql-export-2026-02-09_freescout,threads,UNSIGNED,NOT,string
drawSQL-mysql-export-2026-02-09_freescout,threads,state,TINYINT,num
drawSQL-mysql-export-2026-02-09_freescout,threads,UNSIGNED,NOT,string
drawSQL-mysql-export-2026-02-09_freescout,threads,action_type,TINYINT,num
drawSQL-mysql-export-2026-02-09_freescout,threads,action_data,VARCHAR(255),string
drawSQL-mysql-export-2026-02-09_freescout,threads,body,LONGTEXT,string
drawSQL-mysql-export-2026-02-09_freescout,threads,headers,TEXT,string
drawSQL-mysql-export-2026-02-09_freescout,threads,from,VARCHAR(255),string
drawSQL-mysql-export-2026-02-09_freescout,threads,to,TEXT,string
drawSQL-mysql-export-2026-02-09_freescout,threads,cc,TEXT,string
drawSQL-mysql-export-2026-02-09_freescout,threads,bcc,TEXT,string
drawSQL-mysql-export-2026-02-09_freescout,threads,has_attachments,TINYINT,num
drawSQL-mysql-export-2026-02-09_freescout,threads,message_id,VARCHAR(255),string
drawSQL-mysql-export-2026-02-09_freescout,threads,source_via,TINYINT,num
drawSQL-mysql-export-2026-02-09_freescout,threads,UNSIGNED,NOT,string
drawSQL-mysql-export-2026-02-09_freescout,threads,source_type,TINYINT,num
drawSQL-mysql-export-2026-02-09_freescout,threads,UNSIGNED,NOT,string
drawSQL-mysql-export-2026-02-09_freescout,threads,customer_id,INT,num
drawSQL-mysql-export-2026-02-09_freescout,threads,created_by_user_id,INT,num
drawSQL-mysql-export-2026-02-09_freescout,threads,created_by_customer_id,INT,num
drawSQL-mysql-export-2026-02-09_freescout,threads,edited_by_user_id,INT,num
drawSQL-mysql-export-2026-02-09_freescout,threads,edited_at,TIMESTAMP,date
drawSQL-mysql-export-2026-02-09_freescout,threads,body_original,LONGTEXT,string
drawSQL-mysql-export-2026-02-09_freescout,threads,first,TINYINT,num
drawSQL-mysql-export-2026-02-09_freescout,threads,saved_reply_id,INT,num
drawSQL-mysql-export-2026-02-09_freescout,threads,send_status,TINYINT,num
drawSQL-mysql-export-2026-02-09_freescout,threads,send_status_data,TEXT,string
drawSQL-mysql-export-2026-02-09_freescout,threads,opened_at,TIMESTAMP,date
drawSQL-mysql-export-2026-02-09_freescout,threads,created_at,TIMESTAMP,date
drawSQL-mysql-export-2026-02-09_freescout,threads,updated_at,TIMESTAMP,date
drawSQL-mysql-export-2026-02-09_freescout,threads,meta,TEXT,string
drawSQL-mysql-export-2026-02-09_freescout,threads,imported,TINYINT,num
drawSQL-mysql-export-2026-02-09_freescout,users,id,INT,num
drawSQL-mysql-export-2026-02-09_freescout,users,UNSIGNED,NOT,string
drawSQL-mysql-export-2026-02-09_freescout,users,AUTO_INCREMENT,PRIMARY,string
drawSQL-mysql-export-2026-02-09_freescout,users,first_name,VARCHAR(255),string
drawSQL-mysql-export-2026-02-09_freescout,users,last_name,VARCHAR(255),string
drawSQL-mysql-export-2026-02-09_freescout,users,email,VARCHAR(255),string
drawSQL-mysql-export-2026-02-09_freescout,users,password,VARCHAR(255),string
drawSQL-mysql-export-2026-02-09_freescout,users,role,TINYINT,num
drawSQL-mysql-export-2026-02-09_freescout,users,UNSIGNED,NOT,string
drawSQL-mysql-export-2026-02-09_freescout,users,timezone,VARCHAR(255),string
drawSQL-mysql-export-2026-02-09_freescout,users,photo_url,VARCHAR(255),string
drawSQL-mysql-export-2026-02-09_freescout,users,type,TINYINT,num
drawSQL-mysql-export-2026-02-09_freescout,users,UNSIGNED,NOT,string
drawSQL-mysql-export-2026-02-09_freescout,users,status,TINYINT,num
drawSQL-mysql-export-2026-02-09_freescout,users,UNSIGNED,NOT,string
drawSQL-mysql-export-2026-02-09_freescout,users,invite_state,TINYINT,num
drawSQL-mysql-export-2026-02-09_freescout,users,UNSIGNED,NOT,string
drawSQL-mysql-export-2026-02-09_freescout,users,invite_hash,VARCHAR(255),string
drawSQL-mysql-export-2026-02-09_freescout,users,emails,TEXT,string
drawSQL-mysql-export-2026-02-09_freescout,users,job_title,VARCHAR(255),string
drawSQL-mysql-export-2026-02-09_freescout,users,phone,VARCHAR(255),string
drawSQL-mysql-export-2026-02-09_freescout,users,time_format,TINYINT,num
drawSQL-mysql-export-2026-02-09_freescout,users,UNSIGNED,NOT,string
drawSQL-mysql-export-2026-02-09_freescout,users,enable_kb_shortcuts,TINYINT,num
drawSQL-mysql-export-2026-02-09_freescout,users,locked,TINYINT,num
drawSQL-mysql-export-2026-02-09_freescout,users,remember_token,VARCHAR(255),string
drawSQL-mysql-export-2026-02-09_freescout,users,locale,VARCHAR(255),string
drawSQL-mysql-export-2026-02-09_freescout,users,created_at,TIMESTAMP,date
drawSQL-mysql-export-2026-02-09_freescout,users,updated_at,TIMESTAMP,date
drawSQL-mysql-export-2026-02-09_freescout,users,permissions,TEXT,string
drawSQL-mysql-export-2026-02-09_gravity,account,id,VARCHAR(255),string
drawSQL-mysql-export-2026-02-09_gravity,account,email,VARCHAR(255),string
drawSQL-mysql-export-2026-02-09_gravity,account,date_created,TIMESTAMP,date
drawSQL-mysql-export-2026-02-09_gravity,account,stripe_customer_id,VARCHAR(255),string
drawSQL-mysql-export-2026-02-09_gravity,account,stripe_subscription_id,VARCHAR(255),string
drawSQL-mysql-export-2026-02-09_gravity,account,plan,VARCHAR(255),string
drawSQL-mysql-export-2026-02-09_gravity,account,referrer,VARCHAR(255),string
drawSQL-mysql-export-2026-02-09_gravity,account,active,TINYINT,num
drawSQL-mysql-export-2026-02-09_gravity,invite,id,INT,num
drawSQL-mysql-export-2026-02-09_gravity,invite,invite_id,VARCHAR(255),string
drawSQL-mysql-export-2026-02-09_gravity,invite,email,VARCHAR(255),string
drawSQL-mysql-export-2026-02-09_gravity,invite,account_id,VARCHAR(255),string
drawSQL-mysql-export-2026-02-09_gravity,invite,date_sent,TIMESTAMP,date
drawSQL-mysql-export-2026-02-09_gravity,invite,used,TINYINT,num
drawSQL-mysql-export-2026-02-09_gravity,user,id,VARCHAR(255),string
drawSQL-mysql-export-2026-02-09_gravity,user,name,VARCHAR(255),string
drawSQL-mysql-export-2026-02-09_gravity,user,email,VARCHAR(255),string
drawSQL-mysql-export-2026-02-09_gravity,user,password,VARCHAR(255),string
drawSQL-mysql-export-2026-02-09_gravity,user,date_created,TIMESTAMP,date
drawSQL-mysql-export-2026-02-09_gravity,user,last_login,TIMESTAMP,date
drawSQL-mysql-export-2026-02-09_gravity,user,permission,VARCHAR(255),string
drawSQL-mysql-export-2026-02-09_gravity,user,push_token,VARCHAR(255),string
drawSQL-mysql-export-2026-02-09_gravity,user,account_id,VARCHAR(255),string
drawSQL-mysql-export-2026-02-09_handesk,attachments,id,INT,num
drawSQL-mysql-export-2026-02-09_handesk,attachments,path,VARCHAR(255),string
drawSQL-mysql-export-2026-02-09_handesk,attachments,attachable_id,INT,num
drawSQL-mysql-export-2026-02-09_handesk,attachments,attachable_type,VARCHAR(255),string
drawSQL-mysql-export-2026-02-09_handesk,attachments,created_at,TIMESTAMP,date
drawSQL-mysql-export-2026-02-09_handesk,attachments,updated_at,TIMESTAMP,date
drawSQL-mysql-export-2026-02-09_handesk,comments,id,INT,num
drawSQL-mysql-export-2026-02-09_handesk,comments,ticket_id,INT,num
drawSQL-mysql-export-2026-02-09_handesk,comments,user_id,INT,num
drawSQL-mysql-export-2026-02-09_handesk,comments,new_status,TINYINT,num
drawSQL-mysql-export-2026-02-09_handesk,comments,private,TINYINT,num
drawSQL-mysql-export-2026-02-09_handesk,comments,body,TEXT,string
drawSQL-mysql-export-2026-02-09_handesk,comments,created_at,TIMESTAMP,date
drawSQL-mysql-export-2026-02-09_handesk,comments,updated_at,TIMESTAMP,date
drawSQL-mysql-export-2026-02-09_handesk,failed_jobs,id,BIGINT,num
drawSQL-mysql-export-2026-02-09_handesk,failed_jobs,connection,TEXT,string
drawSQL-mysql-export-2026-02-09_handesk,failed_jobs,queue,TEXT,string
drawSQL-mysql-export-2026-02-09_handesk,failed_jobs,payload,LONGTEXT,string
drawSQL-mysql-export-2026-02-09_handesk,failed_jobs,exception,LONGTEXT,string
drawSQL-mysql-export-2026-02-09_handesk,failed_jobs,failed_at,TIMESTAMP,date
drawSQL-mysql-export-2026-02-09_handesk,ideas,id,INT,num
drawSQL-mysql-export-2026-02-09_handesk,ideas,requester_id,INT,num
drawSQL-mysql-export-2026-02-09_handesk,ideas,status,TINYINT,num
drawSQL-mysql-export-2026-02-09_handesk,ideas,title,VARCHAR(255),string
drawSQL-mysql-export-2026-02-09_handesk,ideas,repository,VARCHAR(255),string
drawSQL-mysql-export-2026-02-09_handesk,ideas,issue_id,INT,num
drawSQL-mysql-export-2026-02-09_handesk,ideas,due_date,DATE,date
drawSQL-mysql-export-2026-02-09_handesk,ideas,body,TEXT,string
drawSQL-mysql-export-2026-02-09_handesk,ideas,development_effort,TINYINT,num
drawSQL-mysql-export-2026-02-09_handesk,ideas,sales_impact,TINYINT,num
drawSQL-mysql-export-2026-02-09_handesk,ideas,current_impact,TINYINT,num
drawSQL-mysql-export-2026-02-09_handesk,ideas,created_at,TIMESTAMP,date
drawSQL-mysql-export-2026-02-09_handesk,ideas,updated_at,TIMESTAMP,date
drawSQL-mysql-export-2026-02-09_handesk,ideas,deleted_at,TIMESTAMP,date
drawSQL-mysql-export-2026-02-09_handesk,kpis,date,DATE,date
drawSQL-mysql-export-2026-02-09_handesk,kpis,type,TINYINT,num
drawSQL-mysql-export-2026-02-09_handesk,kpis,kpi,TINYINT,num
drawSQL-mysql-export-2026-02-09_handesk,kpis,relation_id,INT,num
drawSQL-mysql-export-2026-02-09_handesk,kpis,total,INT,num
drawSQL-mysql-export-2026-02-09_handesk,kpis,count,INT,num
drawSQL-mysql-export-2026-02-09_handesk,lead_status_updates,id,INT,num
drawSQL-mysql-export-2026-02-09_handesk,lead_status_updates,new_status,INT,num
drawSQL-mysql-export-2026-02-09_handesk,lead_status_updates,body,TEXT,string
drawSQL-mysql-export-2026-02-09_handesk,lead_status_updates,lead_id,INT,num
drawSQL-mysql-export-2026-02-09_handesk,lead_status_updates,user_id,INT,num
drawSQL-mysql-export-2026-02-09_handesk,lead_status_updates,created_at,TIMESTAMP,date
drawSQL-mysql-export-2026-02-09_handesk,lead_status_updates,updated_at,TIMESTAMP,date
drawSQL-mysql-export-2026-02-09_handesk,leads,id,INT,num
drawSQL-mysql-export-2026-02-09_handesk,leads,email,VARCHAR(255),string
drawSQL-mysql-export-2026-02-09_handesk,leads,status,INT,num
drawSQL-mysql-export-2026-02-09_handesk,leads,team_id,INT,num
drawSQL-mysql-export-2026-02-09_handesk,leads,user_id,INT,num
drawSQL-mysql-export-2026-02-09_handesk,leads,name,VARCHAR(255),string
drawSQL-mysql-export-2026-02-09_handesk,leads,body,TEXT,string
drawSQL-mysql-export-2026-02-09_handesk,leads,username,VARCHAR(255),string
drawSQL-mysql-export-2026-02-09_handesk,leads,address,VARCHAR(255),string
drawSQL-mysql-export-2026-02-09_handesk,leads,city,VARCHAR(255),string
drawSQL-mysql-export-2026-02-09_handesk,leads,country,VARCHAR(255),string
drawSQL-mysql-export-2026-02-09_handesk,leads,postal_code,VARCHAR(255),string
drawSQL-mysql-export-2026-02-09_handesk,leads,company,VARCHAR(255),string
drawSQL-mysql-export-2026-02-09_handesk,leads,phone,VARCHAR(255),string
drawSQL-mysql-export-2026-02-09_handesk,leads,created_at,TIMESTAMP,date
drawSQL-mysql-export-2026-02-09_handesk,leads,updated_at,TIMESTAMP,date
drawSQL-mysql-export-2026-02-09_handesk,leads,deleted_at,TIMESTAMP,date
drawSQL-mysql-export-2026-02-09_handesk,memberships,id,INT,num
drawSQL-mysql-export-2026-02-09_handesk,memberships,user_id,INT,num
drawSQL-mysql-export-2026-02-09_handesk,memberships,team_id,INT,num
drawSQL-mysql-export-2026-02-09_handesk,memberships,admin,TINYINT,num
drawSQL-mysql-export-2026-02-09_handesk,memberships,created_at,TIMESTAMP,date
drawSQL-mysql-export-2026-02-09_handesk,memberships,updated_at,TIMESTAMP,date
drawSQL-mysql-export-2026-02-09_handesk,merged_tickets,id,INT,num
drawSQL-mysql-export-2026-02-09_handesk,merged_tickets,ticket_id,INT,num
drawSQL-mysql-export-2026-02-09_handesk,merged_tickets,merged_ticket_id,INT,num
drawSQL-mysql-export-2026-02-09_handesk,merged_tickets,created_at,TIMESTAMP,date
drawSQL-mysql-export-2026-02-09_handesk,merged_tickets,updated_at,TIMESTAMP,date
drawSQL-mysql-export-2026-02-09_handesk,migrations,id,INT,num
drawSQL-mysql-export-2026-02-09_handesk,migrations,migration,VARCHAR(255),string
drawSQL-mysql-export-2026-02-09_handesk,migrations,batch,INT,num
drawSQL-mysql-export-2026-02-09_handesk,password_resets,email,VARCHAR(255),string
drawSQL-mysql-export-2026-02-09_handesk,password_resets,token,VARCHAR(255),string
drawSQL-mysql-export-2026-02-09_handesk,password_resets,created_at,TIMESTAMP,date
drawSQL-mysql-export-2026-02-09_handesk,requesters,id,INT,num
drawSQL-mysql-export-2026-02-09_handesk,requesters,name,VARCHAR(255),string
drawSQL-mysql-export-2026-02-09_handesk,requesters,email,VARCHAR(255),string
drawSQL-mysql-export-2026-02-09_handesk,requesters,created_at,TIMESTAMP,date
drawSQL-mysql-export-2026-02-09_handesk,requesters,updated_at,TIMESTAMP,date
drawSQL-mysql-export-2026-02-09_handesk,requesters,no_reply,TINYINT,num
drawSQL-mysql-export-2026-02-09_handesk,settings,id,INT,num
drawSQL-mysql-export-2026-02-09_handesk,settings,slack_webhook_url,VARCHAR(255),string
drawSQL-mysql-export-2026-02-09_handesk,settings,default_team_id,INT,num
drawSQL-mysql-export-2026-02-09_handesk,settings,created_at,TIMESTAMP,date
drawSQL-mysql-export-2026-02-09_handesk,settings,updated_at,TIMESTAMP,date
drawSQL-mysql-export-2026-02-09_handesk,taggables,tag_id,INT,num
drawSQL-mysql-export-2026-02-09_handesk,taggables,taggable_id,INT,num
drawSQL-mysql-export-2026-02-09_handesk,taggables,taggable_type,VARCHAR(255),string
drawSQL-mysql-export-2026-02-09_handesk,tags,id,INT,num
drawSQL-mysql-export-2026-02-09_handesk,tags,name,VARCHAR(255),string
drawSQL-mysql-export-2026-02-09_handesk,tags,created_at,TIMESTAMP,date
drawSQL-mysql-export-2026-02-09_handesk,tags,updated_at,TIMESTAMP,date
drawSQL-mysql-export-2026-02-09_handesk,tasks,id,INT,num
drawSQL-mysql-export-2026-02-09_handesk,tasks,lead_id,INT,num
drawSQL-mysql-export-2026-02-09_handesk,tasks,user_id,INT,num
drawSQL-mysql-export-2026-02-09_handesk,tasks,body,TEXT,string
drawSQL-mysql-export-2026-02-09_handesk,tasks,datetime,DATETIME,date
drawSQL-mysql-export-2026-02-09_handesk,tasks,completed,TINYINT,num
drawSQL-mysql-export-2026-02-09_handesk,tasks,created_at,TIMESTAMP,date
drawSQL-mysql-export-2026-02-09_handesk,tasks,updated_at,TIMESTAMP,date
drawSQL-mysql-export-2026-02-09_handesk,teams,id,INT,num
drawSQL-mysql-export-2026-02-09_handesk,teams,name,VARCHAR(255),string
drawSQL-mysql-export-2026-02-09_handesk,teams,email,VARCHAR(255),string
drawSQL-mysql-export-2026-02-09_handesk,teams,slack_webhook_url,VARCHAR(255),string
drawSQL-mysql-export-2026-02-09_handesk,teams,token,VARCHAR(255),string
drawSQL-mysql-export-2026-02-09_handesk,teams,created_at,TIMESTAMP,date
drawSQL-mysql-export-2026-02-09_handesk,teams,updated_at,TIMESTAMP,date
drawSQL-mysql-export-2026-02-09_handesk,ticket_events,id,INT,num
drawSQL-mysql-export-2026-02-09_handesk,ticket_events,ticket_id,INT,num
drawSQL-mysql-export-2026-02-09_handesk,ticket_events,user_id,INT,num
drawSQL-mysql-export-2026-02-09_handesk,ticket_events,body,VARCHAR(255),string
drawSQL-mysql-export-2026-02-09_handesk,ticket_events,created_at,TIMESTAMP,date
drawSQL-mysql-export-2026-02-09_handesk,ticket_events,updated_at,TIMESTAMP,date
drawSQL-mysql-export-2026-02-09_handesk,ticket_types,id,INT,num
drawSQL-mysql-export-2026-02-09_handesk,ticket_types,name,VARCHAR(255),string
drawSQL-mysql-export-2026-02-09_handesk,ticket_types,color,VARCHAR(255),string
drawSQL-mysql-export-2026-02-09_handesk,ticket_types,deleted_at,TIMESTAMP,date
drawSQL-mysql-export-2026-02-09_handesk,ticket_types,created_at,TIMESTAMP,date
drawSQL-mysql-export-2026-02-09_handesk,ticket_types,updated_at,TIMESTAMP,date
drawSQL-mysql-export-2026-02-09_handesk,tickets,id,INT,num
drawSQL-mysql-export-2026-02-09_handesk,tickets,title,VARCHAR(255),string
drawSQL-mysql-export-2026-02-09_handesk,tickets,body,TEXT,string
drawSQL-mysql-export-2026-02-09_handesk,tickets,public_token,VARCHAR(255),string
drawSQL-mysql-export-2026-02-09_handesk,tickets,requester_id,INT,num
drawSQL-mysql-export-2026-02-09_handesk,tickets,team_id,INT,num
drawSQL-mysql-export-2026-02-09_handesk,tickets,user_id,INT,num
drawSQL-mysql-export-2026-02-09_handesk,tickets,status,TINYINT,num
drawSQL-mysql-export-2026-02-09_handesk,tickets,priority,TINYINT,num
drawSQL-mysql-export-2026-02-09_handesk,tickets,level,TINYINT,num
drawSQL-mysql-export-2026-02-09_handesk,tickets,rating,TINYINT,num
drawSQL-mysql-export-2026-02-09_handesk,tickets,created_at,TIMESTAMP,date
drawSQL-mysql-export-2026-02-09_handesk,tickets,updated_at,TIMESTAMP,date
drawSQL-mysql-export-2026-02-09_handesk,tickets,deleted_at,TIMESTAMP,date
drawSQL-mysql-export-2026-02-09_handesk,tickets,ticket_type_id,INT,num
drawSQL-mysql-export-2026-02-09_handesk,tickets,subject,VARCHAR(255),string
drawSQL-mysql-export-2026-02-09_handesk,tickets,summary,TEXT,string
drawSQL-mysql-export-2026-02-09_handesk,user_settings,id,INT,num
drawSQL-mysql-export-2026-02-09_handesk,user_settings,user_id,INT,num
drawSQL-mysql-export-2026-02-09_handesk,user_settings,daily_tasks_notification,TINYINT,num
drawSQL-mysql-export-2026-02-09_handesk,user_settings,tickets_signature,VARCHAR(255),string
drawSQL-mysql-export-2026-02-09_handesk,user_settings,new_ticket_notification,TINYINT,num
drawSQL-mysql-export-2026-02-09_handesk,user_settings,ticket_assigned_notification,TINYINT,num
drawSQL-mysql-export-2026-02-09_handesk,user_settings,ticket_updated_notification,TINYINT,num
drawSQL-mysql-export-2026-02-09_handesk,user_settings,new_lead_notification,TINYINT,num
drawSQL-mysql-export-2026-02-09_handesk,user_settings,lead_assigned_notification,TINYINT,num
drawSQL-mysql-export-2026-02-09_handesk,user_settings,new_idea_notification,TINYINT,num
drawSQL-mysql-export-2026-02-09_handesk,user_settings,mention_notification,TINYINT,num
drawSQL-mysql-export-2026-02-09_handesk,user_settings,ticket_rated_notification,TINYINT,num
drawSQL-mysql-export-2026-02-09_handesk,user_settings,created_at,TIMESTAMP,date
drawSQL-mysql-export-2026-02-09_handesk,user_settings,updated_at,TIMESTAMP,date
drawSQL-mysql-export-2026-02-09_handesk,user_settings,escalated_ticket_notification,TINYINT,num
drawSQL-mysql-export-2026-02-09_handesk,users,id,INT,num
drawSQL-mysql-export-2026-02-09_handesk,users,name,VARCHAR(255),string
drawSQL-mysql-export-2026-02-09_handesk,users,email,VARCHAR(255),string
drawSQL-mysql-export-2026-02-09_handesk,users,locale,VARCHAR(255),string
drawSQL-mysql-export-2026-02-09_handesk,users,password,VARCHAR(255),string
drawSQL-mysql-export-2026-02-09_handesk,users,admin,TINYINT,num
drawSQL-mysql-export-2026-02-09_handesk,users,assistant,TINYINT,num
drawSQL-mysql-export-2026-02-09_handesk,users,remember_token,VARCHAR(255),string
drawSQL-mysql-export-2026-02-09_handesk,users,created_at,TIMESTAMP,date
drawSQL-mysql-export-2026-02-09_handesk,users,updated_at,TIMESTAMP,date
drawSQL-mysql-export-2026-02-09_handesk,users,can_see_reports,TINYINT,num
drawSQL-mysql-export-2026-02-09_handesk,users,token,VARCHAR(255),string
drawSQL-mysql-export-2026-02-09_homeland,users,id,INT,num
drawSQL-mysql-export-2026-02-09_homeland,users,login,VARCHAR(255),string
drawSQL-mysql-export-2026-02-09_homeland,users,name,VARCHAR(255),string
drawSQL-mysql-export-2026-02-09_homeland,users,email,VARCHAR(255),string
drawSQL-mysql-export-2026-02-09_homeland,users,email_md5,VARCHAR(255),string
drawSQL-mysql-export-2026-02-09_homeland,users,email_public,BOOLEAN,boolean
drawSQL-mysql-export-2026-02-09_homeland,users,location,VARCHAR(255),string
drawSQL-mysql-export-2026-02-09_homeland,users,location_id,INT,num
drawSQL-mysql-export-2026-02-09_homeland,users,bio,VARCHAR(255),string
drawSQL-mysql-export-2026-02-09_homeland,users,website,VARCHAR(255),string
drawSQL-mysql-export-2026-02-09_homeland,users,company,VARCHAR(255),string
drawSQL-mysql-export-2026-02-09_homeland,users,github,VARCHAR(255),string
drawSQL-mysql-export-2026-02-09_homeland,users,twitter,VARCHAR(255),string
drawSQL-mysql-export-2026-02-09_homeland,users,avatar,VARCHAR(255),string
drawSQL-mysql-export-2026-02-09_homeland,users,state,INT,num
drawSQL-mysql-export-2026-02-09_homeland,users,tagline,VARCHAR(255),string
drawSQL-mysql-export-2026-02-09_homeland,users,created_at,TIMESTAMP,date
drawSQL-mysql-export-2026-02-09_homeland,users,updated_at,TIMESTAMP,date
drawSQL-mysql-export-2026-02-09_homeland,users,encrypted_password,VARCHAR(255),string
drawSQL-mysql-export-2026-02-09_homeland,users,reset_password_token,VARCHAR(255),string
drawSQL-mysql-export-2026-02-09_homeland,users,reset_password_sent_at,TIMESTAMP,date
drawSQL-mysql-export-2026-02-09_homeland,users,remember_created_at,TIMESTAMP,date
drawSQL-mysql-export-2026-02-09_homeland,users,sign_in_count,INT,num
drawSQL-mysql-export-2026-02-09_homeland,users,current_sign_in_at,TIMESTAMP,date
drawSQL-mysql-export-2026-02-09_homeland,users,last_sign_in_at,TIMESTAMP,date
drawSQL-mysql-export-2026-02-09_homeland,users,current_sign_in_ip,VARCHAR(255),string
drawSQL-mysql-export-2026-02-09_homeland,users,last_sign_in_ip,VARCHAR(255),string
drawSQL-mysql-export-2026-02-09_homeland,users,password_salt,VARCHAR(255),string
drawSQL-mysql-export-2026-02-09_homeland,users,persistence_token,VARCHAR(255),string
drawSQL-mysql-export-2026-02-09_homeland,user_ssos,id,INT,num
drawSQL-mysql-export-2026-02-09_homeland,user_ssos,user_id,INT,num
drawSQL-mysql-export-2026-02-09_homeland,user_ssos,uid,VARCHAR(255),string
drawSQL-mysql-export-2026-02-09_homeland,user_ssos,username,VARCHAR(255),string
drawSQL-mysql-export-2026-02-09_homeland,user_ssos,email,VARCHAR(255),string
drawSQL-mysql-export-2026-02-09_homeland,user_ssos,name,VARCHAR(255),string
drawSQL-mysql-export-2026-02-09_homeland,user_ssos,avatar_url,VARCHAR(255),string
drawSQL-mysql-export-2026-02-09_homeland,user_ssos,last_payload,TEXT,string
drawSQL-mysql-export-2026-02-09_homeland,user_ssos,created_at,TIMESTAMP,date
drawSQL-mysql-export-2026-02-09_homeland,user_ssos,updated_at,TIMESTAMP,date
drawSQL-mysql-export-2026-02-09_homeland,topics,id,INT,num
drawSQL-mysql-export-2026-02-09_homeland,topics,user_id,INT,num
drawSQL-mysql-export-2026-02-09_homeland,topics,node_id,INT,num
drawSQL-mysql-export-2026-02-09_homeland,topics,title,VARCHAR(255),string
drawSQL-mysql-export-2026-02-09_homeland,topics,body,TEXT,string
drawSQL-mysql-export-2026-02-09_homeland,topics,last_reply_id,INT,num
drawSQL-mysql-export-2026-02-09_homeland,topics,last_reply_user_id,INT,num
drawSQL-mysql-export-2026-02-09_homeland,topics,last_reply_user_login,VARCHAR(255),string
drawSQL-mysql-export-2026-02-09_homeland,topics,node_name,VARCHAR(255),string
drawSQL-mysql-export-2026-02-09_homeland,topics,who_deleted,VARCHAR(255),string
drawSQL-mysql-export-2026-02-09_homeland,topics,last_active_mark,INT,num
drawSQL-mysql-export-2026-02-09_homeland,topics,lock_node,BOOLEAN,boolean
drawSQL-mysql-export-2026-02-09_homeland,topics,suggested_at,TIMESTAMP,date
drawSQL-mysql-export-2026-02-09_homeland,topics,grade,INT,num
drawSQL-mysql-export-2026-02-09_homeland,topics,replied_at,TIMESTAMP,date
drawSQL-mysql-export-2026-02-09_homeland,topics,replies_count,INT,num
drawSQL-mysql-export-2026-02-09_homeland,topics,likes_count,INT,num
drawSQL-mysql-export-2026-02-09_homeland,topics,mentioned_user_ids,INT,num
drawSQL-mysql-export-2026-02-09_homeland,topics,deleted_at,TIMESTAMP,date
drawSQL-mysql-export-2026-02-09_homeland,topics,created_at,TIMESTAMP,date
drawSQL-mysql-export-2026-02-09_homeland,topics,updated_at,TIMESTAMP,date
drawSQL-mysql-export-2026-02-09_homeland,topics,closed_at,TIMESTAMP,date
drawSQL-mysql-export-2026-02-09_homeland,topics,team_id,INT,num
drawSQL-mysql-export-2026-02-09_homeland,team_users,id,INT,num
drawSQL-mysql-export-2026-02-09_homeland,team_users,team_id,INT,num
drawSQL-mysql-export-2026-02-09_homeland,team_users,user_id,INT,num
drawSQL-mysql-export-2026-02-09_homeland,team_users,role,INT,num
drawSQL-mysql-export-2026-02-09_homeland,team_users,status,INT,num
drawSQL-mysql-export-2026-02-09_homeland,team_users,created_at,TIMESTAMP,date
drawSQL-mysql-export-2026-02-09_homeland,team_users,updated_at,TIMESTAMP,date
drawSQL-mysql-export-2026-02-09_homeland,settings,id,INT,num
drawSQL-mysql-export-2026-02-09_homeland,settings,var,VARCHAR(255),string
drawSQL-mysql-export-2026-02-09_homeland,settings,value,TEXT,string
drawSQL-mysql-export-2026-02-09_homeland,settings,thing_id,INT,num
drawSQL-mysql-export-2026-02-09_homeland,settings,thing_type,VARCHAR(255),string
drawSQL-mysql-export-2026-02-09_homeland,settings,created_at,TIMESTAMP,date
drawSQL-mysql-export-2026-02-09_homeland,settings,updated_at,TIMESTAMP,date
drawSQL-mysql-export-2026-02-09_homeland,sections,id,INT,num
drawSQL-mysql-export-2026-02-09_homeland,sections,name,VARCHAR(255),string
drawSQL-mysql-export-2026-02-09_homeland,sections,sort,INT,num
drawSQL-mysql-export-2026-02-09_homeland,sections,created_at,TIMESTAMP,date
drawSQL-mysql-export-2026-02-09_homeland,sections,updated_at,TIMESTAMP,date
drawSQL-mysql-export-2026-02-09_homeland,replies,id,INT,num
drawSQL-mysql-export-2026-02-09_homeland,replies,user_id,INT,num
drawSQL-mysql-export-2026-02-09_homeland,replies,topic_id,INT,num
drawSQL-mysql-export-2026-02-09_homeland,replies,body,TEXT,string
drawSQL-mysql-export-2026-02-09_homeland,replies,state,INT,num
drawSQL-mysql-export-2026-02-09_homeland,replies,likes_count,INT,num
drawSQL-mysql-export-2026-02-09_homeland,replies,mentioned_user_ids,INT,num
drawSQL-mysql-export-2026-02-09_homeland,replies,deleted_at,TIMESTAMP,date
drawSQL-mysql-export-2026-02-09_homeland,replies,created_at,TIMESTAMP,date
drawSQL-mysql-export-2026-02-09_homeland,replies,updated_at,TIMESTAMP,date
drawSQL-mysql-export-2026-02-09_homeland,replies,action,VARCHAR(255),string
drawSQL-mysql-export-2026-02-09_homeland,replies,target_type,VARCHAR(255),string
drawSQL-mysql-export-2026-02-09_homeland,replies,target_id,VARCHAR(255),string
drawSQL-mysql-export-2026-02-09_homeland,replies,reply_to_id,INT,num
drawSQL-mysql-export-2026-02-09_homeland,photos,id,INT,num
drawSQL-mysql-export-2026-02-09_homeland,photos,user_id,INT,num
drawSQL-mysql-export-2026-02-09_homeland,photos,image,VARCHAR(255),string
drawSQL-mysql-export-2026-02-09_homeland,photos,created_at,TIMESTAMP,date
drawSQL-mysql-export-2026-02-09_homeland,photos,updated_at,TIMESTAMP,date
drawSQL-mysql-export-2026-02-09_homeland,pages,id,INT,num
drawSQL-mysql-export-2026-02-09_homeland,pages,slug,VARCHAR(255),string
drawSQL-mysql-export-2026-02-09_homeland,pages,title,VARCHAR(255),string
drawSQL-mysql-export-2026-02-09_homeland,pages,body,TEXT,string
drawSQL-mysql-export-2026-02-09_homeland,pages,locked,BOOLEAN,boolean
drawSQL-mysql-export-2026-02-09_homeland,pages,version,INT,num
drawSQL-mysql-export-2026-02-09_homeland,pages,editor_ids,INT,num
drawSQL-mysql-export-2026-02-09_homeland,pages,word_count,INT,num
drawSQL-mysql-export-2026-02-09_homeland,pages,changes_count,INT,num
drawSQL-mysql-export-2026-02-09_homeland,pages,comments_count,INT,num
drawSQL-mysql-export-2026-02-09_homeland,pages,deleted_at,TIMESTAMP,date
drawSQL-mysql-export-2026-02-09_homeland,pages,created_at,TIMESTAMP,date
drawSQL-mysql-export-2026-02-09_homeland,pages,updated_at,TIMESTAMP,date
drawSQL-mysql-export-2026-02-09_homeland,page_versions,id,INT,num
drawSQL-mysql-export-2026-02-09_homeland,page_versions,user_id,INT,num
drawSQL-mysql-export-2026-02-09_homeland,page_versions,page_id,INT,num
drawSQL-mysql-export-2026-02-09_homeland,page_versions,version,INT,num
drawSQL-mysql-export-2026-02-09_homeland,page_versions,slug,VARCHAR(255),string
drawSQL-mysql-export-2026-02-09_homeland,page_versions,title,VARCHAR(255),string
drawSQL-mysql-export-2026-02-09_homeland,page_versions,desc,TEXT,string
drawSQL-mysql-export-2026-02-09_homeland,page_versions,body,TEXT,string
drawSQL-mysql-export-2026-02-09_homeland,page_versions,created_at,TIMESTAMP,date
drawSQL-mysql-export-2026-02-09_homeland,page_versions,updated_at,TIMESTAMP,date
drawSQL-mysql-export-2026-02-09_homeland,oauth_applications,id,INT,num
drawSQL-mysql-export-2026-02-09_homeland,oauth_applications,name,VARCHAR(255),string
drawSQL-mysql-export-2026-02-09_homeland,oauth_applications,uid,VARCHAR(255),string
drawSQL-mysql-export-2026-02-09_homeland,oauth_applications,secret,VARCHAR(255),string
drawSQL-mysql-export-2026-02-09_homeland,oauth_applications,redirect_uri,TEXT,string
drawSQL-mysql-export-2026-02-09_homeland,oauth_applications,scopes,VARCHAR(255),string
drawSQL-mysql-export-2026-02-09_homeland,oauth_applications,created_at,TIMESTAMP,date
drawSQL-mysql-export-2026-02-09_homeland,oauth_applications,updated_at,TIMESTAMP,date
drawSQL-mysql-export-2026-02-09_homeland,oauth_applications,owner_id,INT,num
drawSQL-mysql-export-2026-02-09_homeland,oauth_applications,owner_type,VARCHAR(255),string
drawSQL-mysql-export-2026-02-09_homeland,oauth_applications,level,INT,num
drawSQL-mysql-export-2026-02-09_homeland,oauth_applications,confidential,BOOLEAN,boolean
drawSQL-mysql-export-2026-02-09_homeland,oauth_access_tokens,id,INT,num
drawSQL-mysql-export-2026-02-09_homeland,oauth_access_tokens,resource_owner_id,INT,num
drawSQL-mysql-export-2026-02-09_homeland,oauth_access_tokens,application_id,INT,num
drawSQL-mysql-export-2026-02-09_homeland,oauth_access_tokens,token,VARCHAR(255),string
drawSQL-mysql-export-2026-02-09_homeland,oauth_access_tokens,refresh_token,VARCHAR(255),string
drawSQL-mysql-export-2026-02-09_homeland,oauth_access_tokens,expires_in,BIGINT,num
drawSQL-mysql-export-2026-02-09_homeland,oauth_access_tokens,revoked_at,TIMESTAMP,date
drawSQL-mysql-export-2026-02-09_homeland,oauth_access_tokens,created_at,TIMESTAMP,date
drawSQL-mysql-export-2026-02-09_homeland,oauth_access_tokens,scopes,VARCHAR(255),string
drawSQL-mysql-export-2026-02-09_homeland,oauth_access_grants,id,INT,num
drawSQL-mysql-export-2026-02-09_homeland,oauth_access_grants,resource_owner_id,INT,num
drawSQL-mysql-export-2026-02-09_homeland,oauth_access_grants,application_id,INT,num
drawSQL-mysql-export-2026-02-09_homeland,oauth_access_grants,token,VARCHAR(255),string
drawSQL-mysql-export-2026-02-09_homeland,oauth_access_grants,expires_in,BIGINT,num
drawSQL-mysql-export-2026-02-09_homeland,oauth_access_grants,redirect_uri,TEXT,string
drawSQL-mysql-export-2026-02-09_homeland,oauth_access_grants,created_at,TIMESTAMP,date
drawSQL-mysql-export-2026-02-09_homeland,oauth_access_grants,revoked_at,TIMESTAMP,date
drawSQL-mysql-export-2026-02-09_homeland,oauth_access_grants,scopes,VARCHAR(255),string
drawSQL-mysql-export-2026-02-09_homeland,notifications,id,INT,num
drawSQL-mysql-export-2026-02-09_homeland,notifications,user_id,INT,num
drawSQL-mysql-export-2026-02-09_homeland,notifications,actor_id,INT,num
drawSQL-mysql-export-2026-02-09_homeland,notifications,notify_type,VARCHAR(255),string
drawSQL-mysql-export-2026-02-09_homeland,notifications,target_type,VARCHAR(255),string
drawSQL-mysql-export-2026-02-09_homeland,notifications,target_id,INT,num
drawSQL-mysql-export-2026-02-09_homeland,notifications,second_target_type,VARCHAR(255),string
drawSQL-mysql-export-2026-02-09_homeland,notifications,second_target_id,INT,num
drawSQL-mysql-export-2026-02-09_homeland,notifications,third_target_type,VARCHAR(255),string
drawSQL-mysql-export-2026-02-09_homeland,notifications,third_target_id,INT,num
drawSQL-mysql-export-2026-02-09_homeland,notifications,read_at,TIMESTAMP,date
drawSQL-mysql-export-2026-02-09_homeland,notifications,created_at,TIMESTAMP,date
drawSQL-mysql-export-2026-02-09_homeland,notifications,updated_at,TIMESTAMP,date
drawSQL-mysql-export-2026-02-09_homeland,notes,id,INT,num
drawSQL-mysql-export-2026-02-09_homeland,notes,title,VARCHAR(255),string
drawSQL-mysql-export-2026-02-09_homeland,notes,body,TEXT,string
drawSQL-mysql-export-2026-02-09_homeland,notes,user_id,INT,num
drawSQL-mysql-export-2026-02-09_homeland,notes,word_count,INT,num
drawSQL-mysql-export-2026-02-09_homeland,notes,changes_count,INT,num
drawSQL-mysql-export-2026-02-09_homeland,notes,publish,BOOLEAN,boolean
drawSQL-mysql-export-2026-02-09_homeland,notes,created_at,TIMESTAMP,date
drawSQL-mysql-export-2026-02-09_homeland,notes,updated_at,TIMESTAMP,date
drawSQL-mysql-export-2026-02-09_homeland,nodes,id,INT,num
drawSQL-mysql-export-2026-02-09_homeland,nodes,name,VARCHAR(255),string
drawSQL-mysql-export-2026-02-09_homeland,nodes,summary,VARCHAR(255),string
drawSQL-mysql-export-2026-02-09_homeland,nodes,section_id,INT,num
drawSQL-mysql-export-2026-02-09_homeland,nodes,sort,INT,num
drawSQL-mysql-export-2026-02-09_homeland,nodes,topics_count,INT,num
drawSQL-mysql-export-2026-02-09_homeland,nodes,created_at,TIMESTAMP,date
drawSQL-mysql-export-2026-02-09_homeland,nodes,updated_at,TIMESTAMP,date
drawSQL-mysql-export-2026-02-09_homeland,locations,id,INT,num
drawSQL-mysql-export-2026-02-09_homeland,locations,name,VARCHAR(255),string
drawSQL-mysql-export-2026-02-09_homeland,locations,users_count,INT,num
drawSQL-mysql-export-2026-02-09_homeland,locations,created_at,TIMESTAMP,date
drawSQL-mysql-export-2026-02-09_homeland,locations,updated_at,TIMESTAMP,date
drawSQL-mysql-export-2026-02-09_homeland,exception_tracks,id,INT,num
drawSQL-mysql-export-2026-02-09_homeland,exception_tracks,title,VARCHAR(255),string
drawSQL-mysql-export-2026-02-09_homeland,exception_tracks,body,TEXT,string
drawSQL-mysql-export-2026-02-09_homeland,exception_tracks,created_at,TIMESTAMP,date
drawSQL-mysql-export-2026-02-09_homeland,exception_tracks,updated_at,TIMESTAMP,date
drawSQL-mysql-export-2026-02-09_homeland,devices,id,INT,num
drawSQL-mysql-export-2026-02-09_homeland,devices,platform,INT,num
drawSQL-mysql-export-2026-02-09_homeland,devices,user_id,INT,num
drawSQL-mysql-export-2026-02-09_homeland,devices,token,VARCHAR(255),string
drawSQL-mysql-export-2026-02-09_homeland,devices,last_actived_at,TIMESTAMP,date
drawSQL-mysql-export-2026-02-09_homeland,devices,created_at,TIMESTAMP,date
drawSQL-mysql-export-2026-02-09_homeland,devices,updated_at,TIMESTAMP,date
drawSQL-mysql-export-2026-02-09_homeland,comments,id,INT,num
drawSQL-mysql-export-2026-02-09_homeland,comments,body,TEXT,string
drawSQL-mysql-export-2026-02-09_homeland,comments,user_id,INT,num
drawSQL-mysql-export-2026-02-09_homeland,comments,commentable_type,VARCHAR(255),string
drawSQL-mysql-export-2026-02-09_homeland,comments,commentable_id,INT,num
drawSQL-mysql-export-2026-02-09_homeland,comments,deleted_at,TIMESTAMP,date
drawSQL-mysql-export-2026-02-09_homeland,comments,created_at,TIMESTAMP,date
drawSQL-mysql-export-2026-02-09_homeland,comments,updated_at,TIMESTAMP,date
drawSQL-mysql-export-2026-02-09_homeland,authorizations,id,INT,num
drawSQL-mysql-export-2026-02-09_homeland,authorizations,provider,VARCHAR(255),string
drawSQL-mysql-export-2026-02-09_homeland,authorizations,uid,VARCHAR(255),string
drawSQL-mysql-export-2026-02-09_homeland,authorizations,user_id,INT,num
drawSQL-mysql-export-2026-02-09_homeland,authorizations,created_at,TIMESTAMP,date
drawSQL-mysql-export-2026-02-09_homeland,authorizations,updated_at,TIMESTAMP,date
drawSQL-mysql-export-2026-02-09_homeland,actions,id,INT,num
drawSQL-mysql-export-2026-02-09_homeland,actions,action_type,VARCHAR(255),string
drawSQL-mysql-export-2026-02-09_homeland,actions,action_option,VARCHAR(255),string
drawSQL-mysql-export-2026-02-09_homeland,actions,target_type,VARCHAR(255),string
drawSQL-mysql-export-2026-02-09_homeland,actions,target_id,INT,num
drawSQL-mysql-export-2026-02-09_homeland,actions,user_type,VARCHAR(255),string
drawSQL-mysql-export-2026-02-09_homeland,actions,user_id,INT,num
drawSQL-mysql-export-2026-02-09_homeland,actions,created_at,TIMESTAMP,date
drawSQL-mysql-export-2026-02-09_homeland,actions,updated_at,TIMESTAMP,date
drawSQL-mysql-export-2026-02-09_jetstream,personal_access_tokens,id,BIGINT,num
drawSQL-mysql-export-2026-02-09_jetstream,personal_access_tokens,UNSIGNED,NOT,string
drawSQL-mysql-export-2026-02-09_jetstream,personal_access_tokens,AUTO_INCREMENT,PRIMARY,string
drawSQL-mysql-export-2026-02-09_jetstream,personal_access_tokens,tokenable_type,VARCHAR(255),string
drawSQL-mysql-export-2026-02-09_jetstream,personal_access_tokens,UNSIGNED,NOT,string
drawSQL-mysql-export-2026-02-09_jetstream,personal_access_tokens,tokenable_id,BIGINT,num
drawSQL-mysql-export-2026-02-09_jetstream,personal_access_tokens,UNSIGNED,NOT,string
drawSQL-mysql-export-2026-02-09_jetstream,personal_access_tokens,name,VARCHAR(255),string
drawSQL-mysql-export-2026-02-09_jetstream,personal_access_tokens,UNSIGNED,NOT,string
drawSQL-mysql-export-2026-02-09_jetstream,personal_access_tokens,token,VARCHAR(255),string
drawSQL-mysql-export-2026-02-09_jetstream,personal_access_tokens,UNSIGNED,NOT,string
drawSQL-mysql-export-2026-02-09_jetstream,personal_access_tokens,abilities,TEXT,string
drawSQL-mysql-export-2026-02-09_jetstream,personal_access_tokens,last_used_at,TIMESTAMP,date
drawSQL-mysql-export-2026-02-09_jetstream,personal_access_tokens,created_at,TIMESTAMP,date
drawSQL-mysql-export-2026-02-09_jetstream,personal_access_tokens,updated_at,TIMESTAMP,date
drawSQL-mysql-export-2026-02-09_jetstream,personal_access_tokens,UNSIGNED,NULL,string
drawSQL-mysql-export-2026-02-09_jetstream,team_user,id,BIGINT,num
drawSQL-mysql-export-2026-02-09_jetstream,team_user,UNSIGNED,NOT,string
drawSQL-mysql-export-2026-02-09_jetstream,team_user,AUTO_INCREMENT,PRIMARY,string
drawSQL-mysql-export-2026-02-09_jetstream,team_user,team_id,CHAR(255),string
drawSQL-mysql-export-2026-02-09_jetstream,team_user,UNSIGNED,NOT,string
drawSQL-mysql-export-2026-02-09_jetstream,team_user,user_id,BIGINT,num
drawSQL-mysql-export-2026-02-09_jetstream,team_user,UNSIGNED,NOT,string
drawSQL-mysql-export-2026-02-09_jetstream,team_user,role,VARCHAR(255),string
drawSQL-mysql-export-2026-02-09_jetstream,team_user,created_at,TIMESTAMP,date
drawSQL-mysql-export-2026-02-09_jetstream,team_user,updated_at,TIMESTAMP,date
drawSQL-mysql-export-2026-02-09_jetstream,team_user,UNSIGNED,NULL,string
drawSQL-mysql-export-2026-02-09_jetstream,teams,id,CHAR(255),string
drawSQL-mysql-export-2026-02-09_jetstream,teams,UNSIGNED,NOT,string
drawSQL-mysql-export-2026-02-09_jetstream,teams,user_id,BIGINT,num
drawSQL-mysql-export-2026-02-09_jetstream,teams,UNSIGNED,NOT,string
drawSQL-mysql-export-2026-02-09_jetstream,teams,Owner,of,string
drawSQL-mysql-export-2026-02-09_jetstream,teams,name,VARCHAR(255),string
drawSQL-mysql-export-2026-02-09_jetstream,teams,UNSIGNED,NOT,string
drawSQL-mysql-export-2026-02-09_jetstream,teams,personal_team,TINYINT,num
drawSQL-mysql-export-2026-02-09_jetstream,teams,UNSIGNED,NOT,string
drawSQL-mysql-export-2026-02-09_jetstream,teams,created_at,TIMESTAMP,date
drawSQL-mysql-export-2026-02-09_jetstream,teams,updated_at,TIMESTAMP,date
drawSQL-mysql-export-2026-02-09_jetstream,teams,UNSIGNED,NULL,string
drawSQL-mysql-export-2026-02-09_jetstream,users,id,BIGINT,num
drawSQL-mysql-export-2026-02-09_jetstream,users,UNSIGNED,NOT,string
drawSQL-mysql-export-2026-02-09_jetstream,users,AUTO_INCREMENT,PRIMARY,string
drawSQL-mysql-export-2026-02-09_jetstream,users,name,VARCHAR(255),string
drawSQL-mysql-export-2026-02-09_jetstream,users,UNSIGNED,NOT,string
drawSQL-mysql-export-2026-02-09_jetstream,users,email,VARCHAR(255),string
drawSQL-mysql-export-2026-02-09_jetstream,users,UNSIGNED,NOT,string
drawSQL-mysql-export-2026-02-09_jetstream,users,email_verified_at,TIMESTAMP,date
drawSQL-mysql-export-2026-02-09_jetstream,users,password,VARCHAR(255),string
drawSQL-mysql-export-2026-02-09_jetstream,users,UNSIGNED,NOT,string
drawSQL-mysql-export-2026-02-09_jetstream,users,two_factor_secret,TEXT,string
drawSQL-mysql-export-2026-02-09_jetstream,users,two_factor_recovery_codes,TEXT,string
drawSQL-mysql-export-2026-02-09_jetstream,users,remember_token,VARCHAR(255),string
drawSQL-mysql-export-2026-02-09_jetstream,users,current_team_id,VARCHAR(255),string
drawSQL-mysql-export-2026-02-09_jetstream,users,UNSIGNED,NULL,string
drawSQL-mysql-export-2026-02-09_jetstream,users,s,active,string
drawSQL-mysql-export-2026-02-09_jetstream,users,profile_photo_path,TEXT,string
drawSQL-mysql-export-2026-02-09_jetstream,users,created_at,TIMESTAMP,date
drawSQL-mysql-export-2026-02-09_jetstream,users,updated_at,TIMESTAMP,date
drawSQL-mysql-export-2026-02-09_jetstream,users,UNSIGNED,NULL,string
drawSQL-mysql-export-2026-02-09_larametrics,larametrics_logs,id,INT,num
drawSQL-mysql-export-2026-02-09_larametrics,larametrics_logs,level,VARCHAR(255),string
drawSQL-mysql-export-2026-02-09_larametrics,larametrics_logs,message,TEXT,string
drawSQL-mysql-export-2026-02-09_larametrics,larametrics_logs,user_id,INT,num
drawSQL-mysql-export-2026-02-09_larametrics,larametrics_logs,email,VARCHAR(255),string
drawSQL-mysql-export-2026-02-09_larametrics,larametrics_logs,trace,TEXT,string
drawSQL-mysql-export-2026-02-09_larametrics,larametrics_logs,created_at,TIMESTAMP,date
drawSQL-mysql-export-2026-02-09_larametrics,larametrics_logs,updated_at,TIMESTAMP,date
drawSQL-mysql-export-2026-02-09_larametrics,larametrics_models,id,INT,num
drawSQL-mysql-export-2026-02-09_larametrics,larametrics_models,model,VARCHAR(255),string
drawSQL-mysql-export-2026-02-09_larametrics,larametrics_models,model_id,INT,num
drawSQL-mysql-export-2026-02-09_larametrics,larametrics_models,user_id,INT,num
drawSQL-mysql-export-2026-02-09_larametrics,larametrics_models,method,VARCHAR(255),string
drawSQL-mysql-export-2026-02-09_larametrics,larametrics_models,original,TEXT,string
drawSQL-mysql-export-2026-02-09_larametrics,larametrics_models,changes,TEXT,string
drawSQL-mysql-export-2026-02-09_larametrics,larametrics_models,created_at,TIMESTAMP,date
drawSQL-mysql-export-2026-02-09_larametrics,larametrics_models,updated_at,TIMESTAMP,date
drawSQL-mysql-export-2026-02-09_larametrics,larametrics_notifications,id,INT,num
drawSQL-mysql-export-2026-02-09_larametrics,larametrics_notifications,action,VARCHAR(255),string
drawSQL-mysql-export-2026-02-09_larametrics,larametrics_notifications,filter,VARCHAR(255),string
drawSQL-mysql-export-2026-02-09_larametrics,larametrics_notifications,meta,TEXT,string
drawSQL-mysql-export-2026-02-09_larametrics,larametrics_notifications,notify_by,VARCHAR(255),string
drawSQL-mysql-export-2026-02-09_larametrics,larametrics_notifications,last_fired_at,TIMESTAMP,date
drawSQL-mysql-export-2026-02-09_larametrics,larametrics_notifications,created_at,TIMESTAMP,date
drawSQL-mysql-export-2026-02-09_larametrics,larametrics_notifications,updated_at,TIMESTAMP,date
drawSQL-mysql-export-2026-02-09_larametrics,larametrics_requests,id,INT,num
drawSQL-mysql-export-2026-02-09_larametrics,larametrics_requests,method,VARCHAR(255),string
drawSQL-mysql-export-2026-02-09_larametrics,larametrics_requests,uri,TEXT,string
drawSQL-mysql-export-2026-02-09_larametrics,larametrics_requests,ip,VARCHAR(255),string
drawSQL-mysql-export-2026-02-09_larametrics,larametrics_requests,headers,TEXT,string
drawSQL-mysql-export-2026-02-09_larametrics,larametrics_requests,start_time,DOUBLE,num
drawSQL-mysql-export-2026-02-09_larametrics,larametrics_requests,end_time,DOUBLE,num
drawSQL-mysql-export-2026-02-09_larametrics,larametrics_requests,created_at,TIMESTAMP,date
drawSQL-mysql-export-2026-02-09_larametrics,larametrics_requests,updated_at,TIMESTAMP,date
drawSQL-mysql-export-2026-02-09_larametrics,users,id,BIGINT,num
drawSQL-mysql-export-2026-02-09_laratrust,permission_role,permission_id,INT,num
drawSQL-mysql-export-2026-02-09_laratrust,permission_role,role_id,INT,num
drawSQL-mysql-export-2026-02-09_laratrust,permission_user,permission_id,INT,num
drawSQL-mysql-export-2026-02-09_laratrust,permission_user,user_id,INT,num
drawSQL-mysql-export-2026-02-09_laratrust,permission_user,user_type,VARCHAR(255),string
drawSQL-mysql-export-2026-02-09_laratrust,permissions,id,INT,num
drawSQL-mysql-export-2026-02-09_laratrust,permissions,name,VARCHAR(255),string
drawSQL-mysql-export-2026-02-09_laratrust,permissions,display_name,VARCHAR(255),string
drawSQL-mysql-export-2026-02-09_laratrust,permissions,description,VARCHAR(255),string
drawSQL-mysql-export-2026-02-09_laratrust,permissions,created_at,TIMESTAMP,date
drawSQL-mysql-export-2026-02-09_laratrust,permissions,updated_at,TIMESTAMP,date
drawSQL-mysql-export-2026-02-09_laratrust,role_user,role_id,INT,num
drawSQL-mysql-export-2026-02-09_laratrust,role_user,user_id,INT,num
drawSQL-mysql-export-2026-02-09_laratrust,role_user,user_type,VARCHAR(255),string
drawSQL-mysql-export-2026-02-09_laratrust,roles,id,INT,num
drawSQL-mysql-export-2026-02-09_laratrust,roles,name,VARCHAR(255),string
drawSQL-mysql-export-2026-02-09_laratrust,roles,display_name,VARCHAR(255),string
drawSQL-mysql-export-2026-02-09_laratrust,roles,description,VARCHAR(255),string
drawSQL-mysql-export-2026-02-09_laratrust,roles,created_at,TIMESTAMP,date
drawSQL-mysql-export-2026-02-09_laratrust,roles,updated_at,TIMESTAMP,date
drawSQL-mysql-export-2026-02-09_laratrust,users,id,BIGINT,num
drawSQL-mysql-export-2026-02-09_laravelio,failed_jobs,id,BIGINT,num
drawSQL-mysql-export-2026-02-09_laravelio,failed_jobs,connection,TEXT,string
drawSQL-mysql-export-2026-02-09_laravelio,failed_jobs,queue,TEXT,string
drawSQL-mysql-export-2026-02-09_laravelio,failed_jobs,payload,LONGTEXT,string
drawSQL-mysql-export-2026-02-09_laravelio,failed_jobs,exception,LONGTEXT,string
drawSQL-mysql-export-2026-02-09_laravelio,failed_jobs,failed_at,TIMESTAMP,date
drawSQL-mysql-export-2026-02-09_laravelio,likes,id,INT,num
drawSQL-mysql-export-2026-02-09_laravelio,likes,user_id,INT,num
drawSQL-mysql-export-2026-02-09_laravelio,likes,likeable_id,INT,num
drawSQL-mysql-export-2026-02-09_laravelio,likes,likeable_type,VARCHAR(255),string
drawSQL-mysql-export-2026-02-09_laravelio,likes,created_at,TIMESTAMP,date
drawSQL-mysql-export-2026-02-09_laravelio,likes,updated_at,TIMESTAMP,date
drawSQL-mysql-export-2026-02-09_laravelio,migrations,id,INT,num
drawSQL-mysql-export-2026-02-09_laravelio,migrations,migration,VARCHAR(255),string
drawSQL-mysql-export-2026-02-09_laravelio,migrations,batch,INT,num
drawSQL-mysql-export-2026-02-09_laravelio,notifications,id,CHAR(255),string
drawSQL-mysql-export-2026-02-09_laravelio,notifications,type,VARCHAR(255),string
drawSQL-mysql-export-2026-02-09_laravelio,notifications,notifiable_type,VARCHAR(255),string
drawSQL-mysql-export-2026-02-09_laravelio,notifications,notifiable_id,BIGINT,num
drawSQL-mysql-export-2026-02-09_laravelio,notifications,data,TEXT,string
drawSQL-mysql-export-2026-02-09_laravelio,notifications,read_at,TIMESTAMP,date
drawSQL-mysql-export-2026-02-09_laravelio,notifications,created_at,TIMESTAMP,date
drawSQL-mysql-export-2026-02-09_laravelio,notifications,updated_at,TIMESTAMP,date
drawSQL-mysql-export-2026-02-09_laravelio,password_resets,email,VARCHAR(255),string
drawSQL-mysql-export-2026-02-09_laravelio,password_resets,token,VARCHAR(255),string
drawSQL-mysql-export-2026-02-09_laravelio,password_resets,created_at,TIMESTAMP,date
drawSQL-mysql-export-2026-02-09_laravelio,replies,id,INT,num
drawSQL-mysql-export-2026-02-09_laravelio,replies,body,TEXT,string
drawSQL-mysql-export-2026-02-09_laravelio,replies,author_id,INT,num
drawSQL-mysql-export-2026-02-09_laravelio,replies,replyable_id,INT,num
drawSQL-mysql-export-2026-02-09_laravelio,replies,created_at,DATETIME,date
drawSQL-mysql-export-2026-02-09_laravelio,replies,updated_at,DATETIME,date
drawSQL-mysql-export-2026-02-09_laravelio,replies,replyable_type,VARCHAR(255),string
drawSQL-mysql-export-2026-02-09_laravelio,subscriptions,uuid,CHAR(255),string
drawSQL-mysql-export-2026-02-09_laravelio,subscriptions,user_id,INT,num
drawSQL-mysql-export-2026-02-09_laravelio,subscriptions,subscriptionable_id,INT,num
drawSQL-mysql-export-2026-02-09_laravelio,subscriptions,subscriptionable_type,VARCHAR(255),string
drawSQL-mysql-export-2026-02-09_laravelio,subscriptions,created_at,TIMESTAMP,date
drawSQL-mysql-export-2026-02-09_laravelio,subscriptions,updated_at,TIMESTAMP,date
drawSQL-mysql-export-2026-02-09_laravelio,taggables,id,INT,num
drawSQL-mysql-export-2026-02-09_laravelio,taggables,taggable_id,INT,num
drawSQL-mysql-export-2026-02-09_laravelio,taggables,tag_id,INT,num
drawSQL-mysql-export-2026-02-09_laravelio,taggables,created_at,DATETIME,date
drawSQL-mysql-export-2026-02-09_laravelio,taggables,updated_at,DATETIME,date
drawSQL-mysql-export-2026-02-09_laravelio,taggables,taggable_type,VARCHAR(255),string
drawSQL-mysql-export-2026-02-09_laravelio,tags,id,INT,num
drawSQL-mysql-export-2026-02-09_laravelio,tags,name,VARCHAR(255),string
drawSQL-mysql-export-2026-02-09_laravelio,tags,slug,VARCHAR(255),string
drawSQL-mysql-export-2026-02-09_laravelio,threads,id,INT,num
drawSQL-mysql-export-2026-02-09_laravelio,threads,author_id,INT,num
drawSQL-mysql-export-2026-02-09_laravelio,threads,subject,VARCHAR(255),string
drawSQL-mysql-export-2026-02-09_laravelio,threads,body,TEXT,string
drawSQL-mysql-export-2026-02-09_laravelio,threads,slug,VARCHAR(255),string
drawSQL-mysql-export-2026-02-09_laravelio,threads,created_at,DATETIME,date
drawSQL-mysql-export-2026-02-09_laravelio,threads,updated_at,DATETIME,date
drawSQL-mysql-export-2026-02-09_laravelio,threads,solution_reply_id,INT,num
drawSQL-mysql-export-2026-02-09_laravelio,users,id,INT,num
drawSQL-mysql-export-2026-02-09_laravelio,users,github_id,VARCHAR(255),string
drawSQL-mysql-export-2026-02-09_laravelio,users,github_username,VARCHAR(255),string
drawSQL-mysql-export-2026-02-09_laravelio,users,email,VARCHAR(255),string
drawSQL-mysql-export-2026-02-09_laravelio,users,name,VARCHAR(255),string
drawSQL-mysql-export-2026-02-09_laravelio,users,created_at,DATETIME,date
drawSQL-mysql-export-2026-02-09_laravelio,users,updated_at,DATETIME,date
drawSQL-mysql-export-2026-02-09_laravelio,users,remember_token,VARCHAR(255),string
drawSQL-mysql-export-2026-02-09_laravelio,users,confirmed,TINYINT,num
drawSQL-mysql-export-2026-02-09_laravelio,users,confirmation_code,VARCHAR(255),string
drawSQL-mysql-export-2026-02-09_laravelio,users,username,VARCHAR(255),string
drawSQL-mysql-export-2026-02-09_laravelio,users,password,VARCHAR(255),string
drawSQL-mysql-export-2026-02-09_laravelio,users,type,SMALLINT,num
drawSQL-mysql-export-2026-02-09_laravelio,users,bio,VARCHAR(255),string
drawSQL-mysql-export-2026-02-09_laravelio,users,banned_at,DATETIME,date
drawSQL-mysql-export-2026-02-09_laraveltalk,messages,id,INT,num
drawSQL-mysql-export-2026-02-09_laraveltalk,messages,message,TEXT,string
drawSQL-mysql-export-2026-02-09_laraveltalk,messages,is_seen,BOOLEAN,boolean
drawSQL-mysql-export-2026-02-09_laraveltalk,messages,deleted_from_sender,BOOLEAN,boolean
drawSQL-mysql-export-2026-02-09_laraveltalk,messages,deleted_from_receiver,BOOLEAN,boolean
drawSQL-mysql-export-2026-02-09_laraveltalk,messages,user_id,INT,num
drawSQL-mysql-export-2026-02-09_laraveltalk,messages,conversation_id,INT,num
drawSQL-mysql-export-2026-02-09_laraveltalk,messages,created_at,DATETIME,date
drawSQL-mysql-export-2026-02-09_laraveltalk,messages,updated_at,DATETIME,date
drawSQL-mysql-export-2026-02-09_laraveltalk,conversations,id,INT,num
drawSQL-mysql-export-2026-02-09_laraveltalk,conversations,user_one,INT,num
drawSQL-mysql-export-2026-02-09_laraveltalk,conversations,user_two,INT,num
drawSQL-mysql-export-2026-02-09_laraveltalk,conversations,status,BOOLEAN,boolean
drawSQL-mysql-export-2026-02-09_laraveltalk,conversations,created_at,DATETIME,date
drawSQL-mysql-export-2026-02-09_laraveltalk,conversations,updated_at,DATETIME,date
drawSQL-mysql-export-2026-02-09_laraveltalk,users,id,INT,num
drawSQL-mysql-export-2026-02-09_lobsters,ar_internal_metadata,key,VARCHAR(255),string
drawSQL-mysql-export-2026-02-09_lobsters,ar_internal_metadata,value,VARCHAR(255),string
drawSQL-mysql-export-2026-02-09_lobsters,ar_internal_metadata,created_at,DATETIME,date
drawSQL-mysql-export-2026-02-09_lobsters,ar_internal_metadata,updated_at,DATETIME,date
drawSQL-mysql-export-2026-02-09_lobsters,comments,id,BIGINT,num
drawSQL-mysql-export-2026-02-09_lobsters,comments,created_at,DATETIME,date
drawSQL-mysql-export-2026-02-09_lobsters,comments,updated_at,DATETIME,date
drawSQL-mysql-export-2026-02-09_lobsters,comments,short_id,VARCHAR(255),string
drawSQL-mysql-export-2026-02-09_lobsters,comments,story_id,BIGINT,num
drawSQL-mysql-export-2026-02-09_lobsters,comments,user_id,BIGINT,num
drawSQL-mysql-export-2026-02-09_lobsters,comments,parent_comment_id,BIGINT,num
drawSQL-mysql-export-2026-02-09_lobsters,comments,thread_id,BIGINT,num
drawSQL-mysql-export-2026-02-09_lobsters,comments,comment,MEDIUMTEXT,string
drawSQL-mysql-export-2026-02-09_lobsters,comments,upvotes,INT,num
drawSQL-mysql-export-2026-02-09_lobsters,comments,downvotes,INT,num
drawSQL-mysql-export-2026-02-09_lobsters,comments,confidence,"DECIMAL(8, 2)",num
drawSQL-mysql-export-2026-02-09_lobsters,comments,markeddown_comment,MEDIUMTEXT,string
drawSQL-mysql-export-2026-02-09_lobsters,comments,is_deleted,TINYINT,num
drawSQL-mysql-export-2026-02-09_lobsters,comments,is_moderated,TINYINT,num
drawSQL-mysql-export-2026-02-09_lobsters,comments,is_from_email,TINYINT,num
drawSQL-mysql-export-2026-02-09_lobsters,comments,hat_id,BIGINT,num
drawSQL-mysql-export-2026-02-09_lobsters,domains,id,BIGINT,num
drawSQL-mysql-export-2026-02-09_lobsters,domains,domain,VARCHAR(255),string
drawSQL-mysql-export-2026-02-09_lobsters,domains,is_tracker,TINYINT,num
drawSQL-mysql-export-2026-02-09_lobsters,domains,created_at,DATETIME,date
drawSQL-mysql-export-2026-02-09_lobsters,domains,updated_at,DATETIME,date
drawSQL-mysql-export-2026-02-09_lobsters,domains,banned_at,DATETIME,date
drawSQL-mysql-export-2026-02-09_lobsters,domains,banned_by_user_id,INT,num
drawSQL-mysql-export-2026-02-09_lobsters,domains,banned_reason,VARCHAR(255),string
drawSQL-mysql-export-2026-02-09_lobsters,hat_requests,id,BIGINT,num
drawSQL-mysql-export-2026-02-09_lobsters,hat_requests,created_at,DATETIME,date
drawSQL-mysql-export-2026-02-09_lobsters,hat_requests,updated_at,DATETIME,date
drawSQL-mysql-export-2026-02-09_lobsters,hat_requests,user_id,BIGINT,num
drawSQL-mysql-export-2026-02-09_lobsters,hat_requests,hat,VARCHAR(255),string
drawSQL-mysql-export-2026-02-09_lobsters,hat_requests,link,VARCHAR(255),string
drawSQL-mysql-export-2026-02-09_lobsters,hat_requests,comment,TEXT,string
drawSQL-mysql-export-2026-02-09_lobsters,hats,id,BIGINT,num
drawSQL-mysql-export-2026-02-09_lobsters,hats,created_at,DATETIME,date
drawSQL-mysql-export-2026-02-09_lobsters,hats,updated_at,DATETIME,date
drawSQL-mysql-export-2026-02-09_lobsters,hats,user_id,BIGINT,num
drawSQL-mysql-export-2026-02-09_lobsters,hats,granted_by_user_id,BIGINT,num
drawSQL-mysql-export-2026-02-09_lobsters,hats,hat,VARCHAR(255),string
drawSQL-mysql-export-2026-02-09_lobsters,hats,link,VARCHAR(255),string
drawSQL-mysql-export-2026-02-09_lobsters,hats,modlog_use,TINYINT,num
drawSQL-mysql-export-2026-02-09_lobsters,hats,doffed_at,DATETIME,date
drawSQL-mysql-export-2026-02-09_lobsters,hidden_stories,id,BIGINT,num
drawSQL-mysql-export-2026-02-09_lobsters,hidden_stories,user_id,BIGINT,num
drawSQL-mysql-export-2026-02-09_lobsters,hidden_stories,story_id,BIGINT,num
drawSQL-mysql-export-2026-02-09_lobsters,invitation_requests,id,BIGINT,num
drawSQL-mysql-export-2026-02-09_lobsters,invitation_requests,code,VARCHAR(255),string
drawSQL-mysql-export-2026-02-09_lobsters,invitation_requests,is_verified,TINYINT,num
drawSQL-mysql-export-2026-02-09_lobsters,invitation_requests,email,VARCHAR(255),string
drawSQL-mysql-export-2026-02-09_lobsters,invitation_requests,name,VARCHAR(255),string
drawSQL-mysql-export-2026-02-09_lobsters,invitation_requests,memo,TEXT,string
drawSQL-mysql-export-2026-02-09_lobsters,invitation_requests,ip_address,VARCHAR(255),string
drawSQL-mysql-export-2026-02-09_lobsters,invitation_requests,created_at,DATETIME,date
drawSQL-mysql-export-2026-02-09_lobsters,invitation_requests,updated_at,DATETIME,date
drawSQL-mysql-export-2026-02-09_lobsters,invitations,id,BIGINT,num
drawSQL-mysql-export-2026-02-09_lobsters,invitations,user_id,BIGINT,num
drawSQL-mysql-export-2026-02-09_lobsters,invitations,email,VARCHAR(255),string
drawSQL-mysql-export-2026-02-09_lobsters,invitations,code,VARCHAR(255),string
drawSQL-mysql-export-2026-02-09_lobsters,invitations,created_at,DATETIME,date
drawSQL-mysql-export-2026-02-09_lobsters,invitations,updated_at,DATETIME,date
drawSQL-mysql-export-2026-02-09_lobsters,invitations,memo,MEDIUMTEXT,string
drawSQL-mysql-export-2026-02-09_lobsters,invitations,used_at,DATETIME,date
drawSQL-mysql-export-2026-02-09_lobsters,invitations,new_user_id,BIGINT,num
drawSQL-mysql-export-2026-02-09_lobsters,keystores,key,VARCHAR(255),string
drawSQL-mysql-export-2026-02-09_lobsters,keystores,value,BIGINT,num
drawSQL-mysql-export-2026-02-09_lobsters,messages,id,BIGINT,num
drawSQL-mysql-export-2026-02-09_lobsters,messages,created_at,DATETIME,date
drawSQL-mysql-export-2026-02-09_lobsters,messages,author_user_id,BIGINT,num
drawSQL-mysql-export-2026-02-09_lobsters,messages,recipient_user_id,BIGINT,num
drawSQL-mysql-export-2026-02-09_lobsters,messages,has_been_read,TINYINT,num
drawSQL-mysql-export-2026-02-09_lobsters,messages,subject,VARCHAR(255),string
drawSQL-mysql-export-2026-02-09_lobsters,messages,body,MEDIUMTEXT,string
drawSQL-mysql-export-2026-02-09_lobsters,messages,short_id,VARCHAR(255),string
drawSQL-mysql-export-2026-02-09_lobsters,messages,deleted_by_author,TINYINT,num
drawSQL-mysql-export-2026-02-09_lobsters,messages,deleted_by_recipient,TINYINT,num
drawSQL-mysql-export-2026-02-09_lobsters,messages,hat_id,BIGINT,num
drawSQL-mysql-export-2026-02-09_lobsters,mod_notes,id,BIGINT,num
drawSQL-mysql-export-2026-02-09_lobsters,mod_notes,moderator_user_id,BIGINT,num
drawSQL-mysql-export-2026-02-09_lobsters,mod_notes,user_id,BIGINT,num
drawSQL-mysql-export-2026-02-09_lobsters,mod_notes,note,TEXT,string
drawSQL-mysql-export-2026-02-09_lobsters,mod_notes,markeddown_note,TEXT,string
drawSQL-mysql-export-2026-02-09_lobsters,mod_notes,created_at,DATETIME,date
drawSQL-mysql-export-2026-02-09_lobsters,moderations,id,BIGINT,num
drawSQL-mysql-export-2026-02-09_lobsters,moderations,created_at,DATETIME,date
drawSQL-mysql-export-2026-02-09_lobsters,moderations,updated_at,DATETIME,date
drawSQL-mysql-export-2026-02-09_lobsters,moderations,moderator_user_id,BIGINT,num
drawSQL-mysql-export-2026-02-09_lobsters,moderations,story_id,BIGINT,num
drawSQL-mysql-export-2026-02-09_lobsters,moderations,comment_id,BIGINT,num
drawSQL-mysql-export-2026-02-09_lobsters,moderations,user_id,BIGINT,num
drawSQL-mysql-export-2026-02-09_lobsters,moderations,action,MEDIUMTEXT,string
drawSQL-mysql-export-2026-02-09_lobsters,moderations,reason,MEDIUMTEXT,string
drawSQL-mysql-export-2026-02-09_lobsters,moderations,is_from_suggestions,TINYINT,num
drawSQL-mysql-export-2026-02-09_lobsters,moderations,tag_id,BIGINT,num
drawSQL-mysql-export-2026-02-09_lobsters,moderations,domain_id,INT,num
drawSQL-mysql-export-2026-02-09_lobsters,read_ribbons,id,BIGINT,num
drawSQL-mysql-export-2026-02-09_lobsters,read_ribbons,is_following,TINYINT,num
drawSQL-mysql-export-2026-02-09_lobsters,read_ribbons,created_at,DATETIME,date
drawSQL-mysql-export-2026-02-09_lobsters,read_ribbons,updated_at,DATETIME,date
drawSQL-mysql-export-2026-02-09_lobsters,read_ribbons,user_id,BIGINT,num
drawSQL-mysql-export-2026-02-09_lobsters,read_ribbons,story_id,BIGINT,num
drawSQL-mysql-export-2026-02-09_lobsters,saved_stories,id,BIGINT,num
drawSQL-mysql-export-2026-02-09_lobsters,saved_stories,created_at,DATETIME,date
drawSQL-mysql-export-2026-02-09_lobsters,saved_stories,updated_at,DATETIME,date
drawSQL-mysql-export-2026-02-09_lobsters,saved_stories,user_id,BIGINT,num
drawSQL-mysql-export-2026-02-09_lobsters,saved_stories,story_id,BIGINT,num
drawSQL-mysql-export-2026-02-09_lobsters,schema_migrations,version,VARCHAR(255),string
drawSQL-mysql-export-2026-02-09_lobsters,stories,id,BIGINT,num
drawSQL-mysql-export-2026-02-09_lobsters,stories,created_at,DATETIME,date
drawSQL-mysql-export-2026-02-09_lobsters,stories,user_id,BIGINT,num
drawSQL-mysql-export-2026-02-09_lobsters,stories,url,VARCHAR(255),string
drawSQL-mysql-export-2026-02-09_lobsters,stories,title,VARCHAR(255),string
drawSQL-mysql-export-2026-02-09_lobsters,stories,description,MEDIUMTEXT,string
drawSQL-mysql-export-2026-02-09_lobsters,stories,short_id,VARCHAR(255),string
drawSQL-mysql-export-2026-02-09_lobsters,stories,is_expired,TINYINT,num
drawSQL-mysql-export-2026-02-09_lobsters,stories,upvotes,INT,num
drawSQL-mysql-export-2026-02-09_lobsters,stories,downvotes,INT,num
drawSQL-mysql-export-2026-02-09_lobsters,stories,is_moderated,TINYINT,num
drawSQL-mysql-export-2026-02-09_lobsters,stories,hotness,"DECIMAL(8, 2)",num
drawSQL-mysql-export-2026-02-09_lobsters,stories,markeddown_description,MEDIUMTEXT,string
drawSQL-mysql-export-2026-02-09_lobsters,stories,story_cache,MEDIUMTEXT,string
drawSQL-mysql-export-2026-02-09_lobsters,stories,comments_count,INT,num
drawSQL-mysql-export-2026-02-09_lobsters,stories,merged_story_id,BIGINT,num
drawSQL-mysql-export-2026-02-09_lobsters,stories,unavailable_at,DATETIME,date
drawSQL-mysql-export-2026-02-09_lobsters,stories,twitter_id,VARCHAR(255),string
drawSQL-mysql-export-2026-02-09_lobsters,stories,user_is_author,TINYINT,num
drawSQL-mysql-export-2026-02-09_lobsters,stories,user_is_following,TINYINT,num
drawSQL-mysql-export-2026-02-09_lobsters,stories,domain_id,BIGINT,num
drawSQL-mysql-export-2026-02-09_lobsters,suggested_taggings,id,BIGINT,num
drawSQL-mysql-export-2026-02-09_lobsters,suggested_taggings,story_id,BIGINT,num
drawSQL-mysql-export-2026-02-09_lobsters,suggested_taggings,tag_id,BIGINT,num
drawSQL-mysql-export-2026-02-09_lobsters,suggested_taggings,user_id,BIGINT,num
drawSQL-mysql-export-2026-02-09_lobsters,suggested_titles,id,BIGINT,num
drawSQL-mysql-export-2026-02-09_lobsters,suggested_titles,story_id,BIGINT,num
drawSQL-mysql-export-2026-02-09_lobsters,suggested_titles,user_id,BIGINT,num
drawSQL-mysql-export-2026-02-09_lobsters,suggested_titles,title,VARCHAR(255),string
drawSQL-mysql-export-2026-02-09_lobsters,tag_filters,id,BIGINT,num
drawSQL-mysql-export-2026-02-09_lobsters,tag_filters,created_at,DATETIME,date
drawSQL-mysql-export-2026-02-09_lobsters,tag_filters,updated_at,DATETIME,date
drawSQL-mysql-export-2026-02-09_lobsters,tag_filters,user_id,BIGINT,num
drawSQL-mysql-export-2026-02-09_lobsters,tag_filters,tag_id,BIGINT,num
drawSQL-mysql-export-2026-02-09_lobsters,taggings,id,BIGINT,num
drawSQL-mysql-export-2026-02-09_lobsters,taggings,story_id,BIGINT,num
drawSQL-mysql-export-2026-02-09_lobsters,taggings,tag_id,BIGINT,num
drawSQL-mysql-export-2026-02-09_lobsters,tags,id,BIGINT,num
drawSQL-mysql-export-2026-02-09_lobsters,tags,tag,VARCHAR(255),string
drawSQL-mysql-export-2026-02-09_lobsters,tags,description,VARCHAR(255),string
drawSQL-mysql-export-2026-02-09_lobsters,tags,privileged,TINYINT,num
drawSQL-mysql-export-2026-02-09_lobsters,tags,is_media,TINYINT,num
drawSQL-mysql-export-2026-02-09_lobsters,tags,inactive,TINYINT,num
drawSQL-mysql-export-2026-02-09_lobsters,tags,hotness_mod,FLOAT(53),num
drawSQL-mysql-export-2026-02-09_lobsters,tags,permit_by_new_users,TINYINT,num
drawSQL-mysql-export-2026-02-09_lobsters,users,id,BIGINT,num
drawSQL-mysql-export-2026-02-09_lobsters,users,username,VARCHAR(255),string
drawSQL-mysql-export-2026-02-09_lobsters,users,email,VARCHAR(255),string
drawSQL-mysql-export-2026-02-09_lobsters,users,password_digest,VARCHAR(255),string
drawSQL-mysql-export-2026-02-09_lobsters,users,created_at,DATETIME,date
drawSQL-mysql-export-2026-02-09_lobsters,users,is_admin,TINYINT,num
drawSQL-mysql-export-2026-02-09_lobsters,users,password_reset_token,VARCHAR(255),string
drawSQL-mysql-export-2026-02-09_lobsters,users,session_token,VARCHAR(255),string
drawSQL-mysql-export-2026-02-09_lobsters,users,about,MEDIUMTEXT,string
drawSQL-mysql-export-2026-02-09_lobsters,users,invited_by_user_id,BIGINT,num
drawSQL-mysql-export-2026-02-09_lobsters,users,is_moderator,TINYINT,num
drawSQL-mysql-export-2026-02-09_lobsters,users,pushover_mentions,TINYINT,num
drawSQL-mysql-export-2026-02-09_lobsters,users,rss_token,VARCHAR(255),string
drawSQL-mysql-export-2026-02-09_lobsters,users,mailing_list_token,VARCHAR(255),string
drawSQL-mysql-export-2026-02-09_lobsters,users,mailing_list_mode,INT,num
drawSQL-mysql-export-2026-02-09_lobsters,users,karma,INT,num
drawSQL-mysql-export-2026-02-09_lobsters,users,banned_at,DATETIME,date
drawSQL-mysql-export-2026-02-09_lobsters,users,banned_by_user_id,BIGINT,num
drawSQL-mysql-export-2026-02-09_lobsters,users,banned_reason,VARCHAR(255),string
drawSQL-mysql-export-2026-02-09_lobsters,users,deleted_at,DATETIME,date
drawSQL-mysql-export-2026-02-09_lobsters,users,disabled_invite_at,DATETIME,date
drawSQL-mysql-export-2026-02-09_lobsters,users,disabled_invite_by_user_id,BIGINT,num
drawSQL-mysql-export-2026-02-09_lobsters,users,disabled_invite_reason,VARCHAR(255),string
drawSQL-mysql-export-2026-02-09_lobsters,users,settings,TEXT,string
drawSQL-mysql-export-2026-02-09_lobsters,votes,id,BIGINT,num
drawSQL-mysql-export-2026-02-09_lobsters,votes,user_id,BIGINT,num
drawSQL-mysql-export-2026-02-09_lobsters,votes,story_id,BIGINT,num
drawSQL-mysql-export-2026-02-09_lobsters,votes,comment_id,BIGINT,num
drawSQL-mysql-export-2026-02-09_lobsters,votes,vote,TINYINT,num
drawSQL-mysql-export-2026-02-09_lobsters,votes,reason,VARCHAR(255),string
drawSQL-mysql-export-2026-02-09_lobsters,votes,updated_at,DATETIME,date
drawSQL-mysql-export-2026-02-09_lobsters,replying_comments,user_id,BIGINT,num
drawSQL-mysql-export-2026-02-09_lobsters,replying_comments,comment_id,BIGINT,num
drawSQL-mysql-export-2026-02-09_lobsters,replying_comments,story_id,BIGINT,num
drawSQL-mysql-export-2026-02-09_lobsters,replying_comments,parent_comment_id,BIGINT,num
drawSQL-mysql-export-2026-02-09_lobsters,replying_comments,comment_created_at,DATETIME,date
drawSQL-mysql-export-2026-02-09_lobsters,replying_comments,parent_comment_author_id,BIGINT,num
drawSQL-mysql-export-2026-02-09_lobsters,replying_comments,comment_author_id,BIGINT,num
drawSQL-mysql-export-2026-02-09_lobsters,replying_comments,story_author_id,BIGINT,num
drawSQL-mysql-export-2026-02-09_lobsters,replying_comments,is_unread,INT,num
drawSQL-mysql-export-2026-02-09_lobsters,replying_comments,current_vote_vote,INT,num
drawSQL-mysql-export-2026-02-09_lobsters,replying_comments,current_vote_reason,VARCHAR(255),string
drawSQL-mysql-export-2026-02-09_love,love_reactant_reaction_counters,id,BIGINT,num
drawSQL-mysql-export-2026-02-09_love,love_reactant_reaction_counters,reactant_id,BIGINT,num
drawSQL-mysql-export-2026-02-09_love,love_reactant_reaction_counters,reaction_type_id,BIGINT,num
drawSQL-mysql-export-2026-02-09_love,love_reactant_reaction_counters,count,BIGINT,num
drawSQL-mysql-export-2026-02-09_love,love_reactant_reaction_counters,weight,"DECIMAL(8, 2)",num
drawSQL-mysql-export-2026-02-09_love,love_reactant_reaction_counters,created_at,TIMESTAMP,date
drawSQL-mysql-export-2026-02-09_love,love_reactant_reaction_counters,updated_at,TIMESTAMP,date
drawSQL-mysql-export-2026-02-09_love,love_reactant_reaction_totals,id,BIGINT,num
drawSQL-mysql-export-2026-02-09_love,love_reactant_reaction_totals,reactant_id,BIGINT,num
drawSQL-mysql-export-2026-02-09_love,love_reactant_reaction_totals,count,BIGINT,num
drawSQL-mysql-export-2026-02-09_love,love_reactant_reaction_totals,weight,"DECIMAL(8, 2)",num
drawSQL-mysql-export-2026-02-09_love,love_reactant_reaction_totals,created_at,TIMESTAMP,date
drawSQL-mysql-export-2026-02-09_love,love_reactant_reaction_totals,updated_at,TIMESTAMP,date
drawSQL-mysql-export-2026-02-09_love,love_reactants,id,BIGINT,num
drawSQL-mysql-export-2026-02-09_love,love_reactants,type,VARCHAR(255),string
drawSQL-mysql-export-2026-02-09_love,love_reactants,created_at,TIMESTAMP,date
drawSQL-mysql-export-2026-02-09_love,love_reactants,updated_at,TIMESTAMP,date
drawSQL-mysql-export-2026-02-09_love,love_reacters,id,BIGINT,num
drawSQL-mysql-export-2026-02-09_love,love_reacters,type,VARCHAR(255),string
drawSQL-mysql-export-2026-02-09_love,love_reacters,created_at,TIMESTAMP,date
drawSQL-mysql-export-2026-02-09_love,love_reacters,updated_at,TIMESTAMP,date
drawSQL-mysql-export-2026-02-09_love,love_reaction_types,id,BIGINT,num
drawSQL-mysql-export-2026-02-09_love,love_reaction_types,name,VARCHAR(255),string
drawSQL-mysql-export-2026-02-09_love,love_reaction_types,mass,TINYINT,num
drawSQL-mysql-export-2026-02-09_love,love_reaction_types,created_at,TIMESTAMP,date
drawSQL-mysql-export-2026-02-09_love,love_reaction_types,updated_at,TIMESTAMP,date
drawSQL-mysql-export-2026-02-09_love,love_reactions,id,BIGINT,num
drawSQL-mysql-export-2026-02-09_love,love_reactions,reactant_id,BIGINT,num
drawSQL-mysql-export-2026-02-09_love,love_reactions,reacter_id,BIGINT,num
drawSQL-mysql-export-2026-02-09_love,love_reactions,reaction_type_id,BIGINT,num
drawSQL-mysql-export-2026-02-09_love,love_reactions,rate,"DECIMAL(8, 2)",num
drawSQL-mysql-export-2026-02-09_love,love_reactions,created_at,TIMESTAMP,date
drawSQL-mysql-export-2026-02-09_love,love_reactions,updated_at,TIMESTAMP,date
drawSQL-mysql-export-2026-02-09_messenger,threads,id,INT,num
drawSQL-mysql-export-2026-02-09_messenger,threads,subject,VARCHAR(255),string
drawSQL-mysql-export-2026-02-09_messenger,threads,created_at,DATETIME,date
drawSQL-mysql-export-2026-02-09_messenger,threads,updated_at,DATETIME,date
drawSQL-mysql-export-2026-02-09_messenger,threads,deleted_at,DATETIME,date
drawSQL-mysql-export-2026-02-09_messenger,messages,id,INT,num
drawSQL-mysql-export-2026-02-09_messenger,messages,thread_id,INT,num
drawSQL-mysql-export-2026-02-09_messenger,messages,user_id,INT,num
drawSQL-mysql-export-2026-02-09_messenger,messages,body,TEXT,string
drawSQL-mysql-export-2026-02-09_messenger,messages,created_at,DATETIME,date
drawSQL-mysql-export-2026-02-09_messenger,messages,deleted_at,DATETIME,date
drawSQL-mysql-export-2026-02-09_messenger,messages,updated_at,DATETIME,date
drawSQL-mysql-export-2026-02-09_messenger,participants,id,INT,num
drawSQL-mysql-export-2026-02-09_messenger,participants,thread_id,INT,num
drawSQL-mysql-export-2026-02-09_messenger,participants,user_id,INT,num
drawSQL-mysql-export-2026-02-09_messenger,participants,last_read,TIMESTAMP,date
drawSQL-mysql-export-2026-02-09_messenger,participants,created_at,DATETIME,date
drawSQL-mysql-export-2026-02-09_messenger,participants,updated_at,DATETIME,date
drawSQL-mysql-export-2026-02-09_messenger,participants,deleted_at,DATETIME,date
drawSQL-mysql-export-2026-02-09_messenger,users,id,INT,num
drawSQL-mysql-export-2026-02-09_octobercms,backend_access_log,id,INT,num
drawSQL-mysql-export-2026-02-09_octobercms,backend_access_log,user_id,INT,num
drawSQL-mysql-export-2026-02-09_octobercms,backend_access_log,ip_address,VARCHAR(255),string
drawSQL-mysql-export-2026-02-09_octobercms,backend_access_log,created_at,TIMESTAMP,date
drawSQL-mysql-export-2026-02-09_octobercms,backend_access_log,updated_at,TIMESTAMP,date
drawSQL-mysql-export-2026-02-09_octobercms,backend_user_groups,id,INT,num
drawSQL-mysql-export-2026-02-09_octobercms,backend_user_groups,name,VARCHAR(255),string
drawSQL-mysql-export-2026-02-09_octobercms,backend_user_groups,created_at,TIMESTAMP,date
drawSQL-mysql-export-2026-02-09_octobercms,backend_user_groups,updated_at,TIMESTAMP,date
drawSQL-mysql-export-2026-02-09_octobercms,backend_user_groups,code,VARCHAR(255),string
drawSQL-mysql-export-2026-02-09_octobercms,backend_user_groups,description,TEXT,string
drawSQL-mysql-export-2026-02-09_octobercms,backend_user_groups,is_new_user_default,TINYINT,num
drawSQL-mysql-export-2026-02-09_octobercms,backend_user_preferences,id,INT,num
drawSQL-mysql-export-2026-02-09_octobercms,backend_user_preferences,user_id,INT,num
drawSQL-mysql-export-2026-02-09_octobercms,backend_user_preferences,namespace,VARCHAR(255),string
drawSQL-mysql-export-2026-02-09_octobercms,backend_user_preferences,group,VARCHAR(255),string
drawSQL-mysql-export-2026-02-09_octobercms,backend_user_preferences,item,VARCHAR(255),string
drawSQL-mysql-export-2026-02-09_octobercms,backend_user_preferences,value,TEXT,string
drawSQL-mysql-export-2026-02-09_octobercms,backend_user_roles,id,INT,num
drawSQL-mysql-export-2026-02-09_octobercms,backend_user_roles,name,VARCHAR(255),string
drawSQL-mysql-export-2026-02-09_octobercms,backend_user_roles,code,VARCHAR(255),string
drawSQL-mysql-export-2026-02-09_octobercms,backend_user_roles,description,TEXT,string
drawSQL-mysql-export-2026-02-09_octobercms,backend_user_roles,permissions,TEXT,string
drawSQL-mysql-export-2026-02-09_octobercms,backend_user_roles,is_system,TINYINT,num
drawSQL-mysql-export-2026-02-09_octobercms,backend_user_roles,created_at,TIMESTAMP,date
drawSQL-mysql-export-2026-02-09_octobercms,backend_user_roles,updated_at,TIMESTAMP,date
drawSQL-mysql-export-2026-02-09_octobercms,backend_user_throttle,id,INT,num
drawSQL-mysql-export-2026-02-09_octobercms,backend_user_throttle,user_id,INT,num
drawSQL-mysql-export-2026-02-09_octobercms,backend_user_throttle,ip_address,VARCHAR(255),string
drawSQL-mysql-export-2026-02-09_octobercms,backend_user_throttle,attempts,INT,num
drawSQL-mysql-export-2026-02-09_octobercms,backend_user_throttle,last_attempt_at,TIMESTAMP,date
drawSQL-mysql-export-2026-02-09_octobercms,backend_user_throttle,is_suspended,TINYINT,num
drawSQL-mysql-export-2026-02-09_octobercms,backend_user_throttle,suspended_at,TIMESTAMP,date
drawSQL-mysql-export-2026-02-09_octobercms,backend_user_throttle,is_banned,TINYINT,num
drawSQL-mysql-export-2026-02-09_octobercms,backend_user_throttle,banned_at,TIMESTAMP,date
drawSQL-mysql-export-2026-02-09_octobercms,backend_users,id,INT,num
drawSQL-mysql-export-2026-02-09_octobercms,backend_users,first_name,VARCHAR(255),string
drawSQL-mysql-export-2026-02-09_octobercms,backend_users,last_name,VARCHAR(255),string
drawSQL-mysql-export-2026-02-09_octobercms,backend_users,login,VARCHAR(255),string
drawSQL-mysql-export-2026-02-09_octobercms,backend_users,email,VARCHAR(255),string
drawSQL-mysql-export-2026-02-09_octobercms,backend_users,password,VARCHAR(255),string
drawSQL-mysql-export-2026-02-09_octobercms,backend_users,activation_code,VARCHAR(255),string
drawSQL-mysql-export-2026-02-09_octobercms,backend_users,persist_code,VARCHAR(255),string
drawSQL-mysql-export-2026-02-09_octobercms,backend_users,reset_password_code,VARCHAR(255),string
drawSQL-mysql-export-2026-02-09_octobercms,backend_users,permissions,TEXT,string
drawSQL-mysql-export-2026-02-09_octobercms,backend_users,is_activated,TINYINT,num
drawSQL-mysql-export-2026-02-09_octobercms,backend_users,role_id,INT,num
drawSQL-mysql-export-2026-02-09_octobercms,backend_users,activated_at,TIMESTAMP,date
drawSQL-mysql-export-2026-02-09_octobercms,backend_users,last_login,TIMESTAMP,date
drawSQL-mysql-export-2026-02-09_octobercms,backend_users,created_at,TIMESTAMP,date
drawSQL-mysql-export-2026-02-09_octobercms,backend_users,updated_at,TIMESTAMP,date
drawSQL-mysql-export-2026-02-09_octobercms,backend_users,deleted_at,TIMESTAMP,date
drawSQL-mysql-export-2026-02-09_octobercms,backend_users,is_superuser,TINYINT,num
drawSQL-mysql-export-2026-02-09_octobercms,backend_users_groups,user_id,INT,num
drawSQL-mysql-export-2026-02-09_octobercms,backend_users_groups,user_group_id,INT,num
drawSQL-mysql-export-2026-02-09_octobercms,cache,key,VARCHAR(255),string
drawSQL-mysql-export-2026-02-09_octobercms,cache,value,LONGTEXT,string
drawSQL-mysql-export-2026-02-09_octobercms,cache,expiration,INT,num
drawSQL-mysql-export-2026-02-09_octobercms,cms_theme_data,id,INT,num
drawSQL-mysql-export-2026-02-09_octobercms,cms_theme_data,theme,VARCHAR(255),string
drawSQL-mysql-export-2026-02-09_octobercms,cms_theme_data,data,MEDIUMTEXT,string
drawSQL-mysql-export-2026-02-09_octobercms,cms_theme_data,created_at,TIMESTAMP,date
drawSQL-mysql-export-2026-02-09_octobercms,cms_theme_data,updated_at,TIMESTAMP,date
drawSQL-mysql-export-2026-02-09_octobercms,cms_theme_logs,id,INT,num
drawSQL-mysql-export-2026-02-09_octobercms,cms_theme_logs,type,VARCHAR(255),string
drawSQL-mysql-export-2026-02-09_octobercms,cms_theme_logs,theme,VARCHAR(255),string
drawSQL-mysql-export-2026-02-09_octobercms,cms_theme_logs,template,VARCHAR(255),string
drawSQL-mysql-export-2026-02-09_octobercms,cms_theme_logs,old_template,VARCHAR(255),string
drawSQL-mysql-export-2026-02-09_octobercms,cms_theme_logs,content,LONGTEXT,string
drawSQL-mysql-export-2026-02-09_octobercms,cms_theme_logs,old_content,LONGTEXT,string
drawSQL-mysql-export-2026-02-09_octobercms,cms_theme_logs,user_id,INT,num
drawSQL-mysql-export-2026-02-09_octobercms,cms_theme_logs,created_at,TIMESTAMP,date
drawSQL-mysql-export-2026-02-09_octobercms,cms_theme_logs,updated_at,TIMESTAMP,date
drawSQL-mysql-export-2026-02-09_octobercms,cms_theme_templates,id,INT,num
drawSQL-mysql-export-2026-02-09_octobercms,cms_theme_templates,source,VARCHAR(255),string
drawSQL-mysql-export-2026-02-09_octobercms,cms_theme_templates,path,VARCHAR(255),string
drawSQL-mysql-export-2026-02-09_octobercms,cms_theme_templates,content,LONGTEXT,string
drawSQL-mysql-export-2026-02-09_octobercms,cms_theme_templates,file_size,INT,num
drawSQL-mysql-export-2026-02-09_octobercms,cms_theme_templates,updated_at,DATETIME,date
drawSQL-mysql-export-2026-02-09_octobercms,cms_theme_templates,deleted_at,DATETIME,date
drawSQL-mysql-export-2026-02-09_octobercms,deferred_bindings,id,INT,num
drawSQL-mysql-export-2026-02-09_octobercms,deferred_bindings,master_type,VARCHAR(255),string
drawSQL-mysql-export-2026-02-09_octobercms,deferred_bindings,master_field,VARCHAR(255),string
drawSQL-mysql-export-2026-02-09_octobercms,deferred_bindings,slave_type,VARCHAR(255),string
drawSQL-mysql-export-2026-02-09_octobercms,deferred_bindings,slave_id,VARCHAR(255),string
drawSQL-mysql-export-2026-02-09_octobercms,deferred_bindings,session_key,VARCHAR(255),string
drawSQL-mysql-export-2026-02-09_octobercms,deferred_bindings,is_bind,TINYINT,num
drawSQL-mysql-export-2026-02-09_octobercms,deferred_bindings,created_at,TIMESTAMP,date
drawSQL-mysql-export-2026-02-09_octobercms,deferred_bindings,updated_at,TIMESTAMP,date
drawSQL-mysql-export-2026-02-09_octobercms,failed_jobs,id,INT,num
drawSQL-mysql-export-2026-02-09_octobercms,failed_jobs,connection,TEXT,string
drawSQL-mysql-export-2026-02-09_octobercms,failed_jobs,queue,TEXT,string
drawSQL-mysql-export-2026-02-09_octobercms,failed_jobs,payload,TEXT,string
drawSQL-mysql-export-2026-02-09_octobercms,failed_jobs,exception,LONGTEXT,string
drawSQL-mysql-export-2026-02-09_octobercms,failed_jobs,failed_at,TIMESTAMP,date
drawSQL-mysql-export-2026-02-09_octobercms,jobs,id,BIGINT,num
drawSQL-mysql-export-2026-02-09_octobercms,jobs,queue,VARCHAR(255),string
drawSQL-mysql-export-2026-02-09_octobercms,jobs,payload,TEXT,string
drawSQL-mysql-export-2026-02-09_octobercms,jobs,attempts,TINYINT,num
drawSQL-mysql-export-2026-02-09_octobercms,jobs,reserved_at,INT,num
drawSQL-mysql-export-2026-02-09_octobercms,jobs,available_at,INT,num
drawSQL-mysql-export-2026-02-09_octobercms,jobs,created_at,INT,num
drawSQL-mysql-export-2026-02-09_octobercms,migrations,id,INT,num
drawSQL-mysql-export-2026-02-09_octobercms,migrations,migration,VARCHAR(255),string
drawSQL-mysql-export-2026-02-09_octobercms,migrations,batch,INT,num
drawSQL-mysql-export-2026-02-09_octobercms,sessions,id,VARCHAR(255),string
drawSQL-mysql-export-2026-02-09_octobercms,sessions,payload,TEXT,string
drawSQL-mysql-export-2026-02-09_octobercms,sessions,last_activity,INT,num
drawSQL-mysql-export-2026-02-09_octobercms,sessions,user_id,INT,num
drawSQL-mysql-export-2026-02-09_octobercms,sessions,ip_address,VARCHAR(255),string
drawSQL-mysql-export-2026-02-09_octobercms,sessions,user_agent,TEXT,string
drawSQL-mysql-export-2026-02-09_octobercms,system_event_logs,id,INT,num
drawSQL-mysql-export-2026-02-09_octobercms,system_event_logs,level,VARCHAR(255),string
drawSQL-mysql-export-2026-02-09_octobercms,system_event_logs,message,TEXT,string
drawSQL-mysql-export-2026-02-09_octobercms,system_event_logs,details,MEDIUMTEXT,string
drawSQL-mysql-export-2026-02-09_octobercms,system_event_logs,created_at,TIMESTAMP,date
drawSQL-mysql-export-2026-02-09_octobercms,system_event_logs,updated_at,TIMESTAMP,date
drawSQL-mysql-export-2026-02-09_octobercms,system_files,id,INT,num
drawSQL-mysql-export-2026-02-09_octobercms,system_files,disk_name,VARCHAR(255),string
drawSQL-mysql-export-2026-02-09_octobercms,system_files,file_name,VARCHAR(255),string
drawSQL-mysql-export-2026-02-09_octobercms,system_files,file_size,INT,num
drawSQL-mysql-export-2026-02-09_octobercms,system_files,content_type,VARCHAR(255),string
drawSQL-mysql-export-2026-02-09_octobercms,system_files,title,VARCHAR(255),string
drawSQL-mysql-export-2026-02-09_octobercms,system_files,description,TEXT,string
drawSQL-mysql-export-2026-02-09_octobercms,system_files,field,VARCHAR(255),string
drawSQL-mysql-export-2026-02-09_octobercms,system_files,attachment_id,VARCHAR(255),string
drawSQL-mysql-export-2026-02-09_octobercms,system_files,attachment_type,VARCHAR(255),string
drawSQL-mysql-export-2026-02-09_octobercms,system_files,is_public,TINYINT,num
drawSQL-mysql-export-2026-02-09_octobercms,system_files,sort_order,INT,num
drawSQL-mysql-export-2026-02-09_octobercms,system_files,created_at,TIMESTAMP,date
drawSQL-mysql-export-2026-02-09_octobercms,system_files,updated_at,TIMESTAMP,date
drawSQL-mysql-export-2026-02-09_octobercms,system_mail_layouts,id,INT,num
drawSQL-mysql-export-2026-02-09_octobercms,system_mail_layouts,name,VARCHAR(255),string
drawSQL-mysql-export-2026-02-09_octobercms,system_mail_layouts,code,VARCHAR(255),string
drawSQL-mysql-export-2026-02-09_octobercms,system_mail_layouts,content_html,TEXT,string
drawSQL-mysql-export-2026-02-09_octobercms,system_mail_layouts,content_text,TEXT,string
drawSQL-mysql-export-2026-02-09_octobercms,system_mail_layouts,content_css,TEXT,string
drawSQL-mysql-export-2026-02-09_octobercms,system_mail_layouts,is_locked,TINYINT,num
drawSQL-mysql-export-2026-02-09_octobercms,system_mail_layouts,options,TEXT,string
drawSQL-mysql-export-2026-02-09_octobercms,system_mail_layouts,created_at,TIMESTAMP,date
drawSQL-mysql-export-2026-02-09_octobercms,system_mail_layouts,updated_at,TIMESTAMP,date
drawSQL-mysql-export-2026-02-09_octobercms,system_mail_partials,id,INT,num
drawSQL-mysql-export-2026-02-09_octobercms,system_mail_partials,name,VARCHAR(255),string
drawSQL-mysql-export-2026-02-09_octobercms,system_mail_partials,code,VARCHAR(255),string
drawSQL-mysql-export-2026-02-09_octobercms,system_mail_partials,content_html,TEXT,string
drawSQL-mysql-export-2026-02-09_octobercms,system_mail_partials,content_text,TEXT,string
drawSQL-mysql-export-2026-02-09_octobercms,system_mail_partials,is_custom,TINYINT,num
drawSQL-mysql-export-2026-02-09_octobercms,system_mail_partials,created_at,TIMESTAMP,date
drawSQL-mysql-export-2026-02-09_octobercms,system_mail_partials,updated_at,TIMESTAMP,date
drawSQL-mysql-export-2026-02-09_octobercms,system_mail_templates,id,INT,num
drawSQL-mysql-export-2026-02-09_octobercms,system_mail_templates,code,VARCHAR(255),string
drawSQL-mysql-export-2026-02-09_octobercms,system_mail_templates,subject,VARCHAR(255),string
drawSQL-mysql-export-2026-02-09_octobercms,system_mail_templates,description,TEXT,string
drawSQL-mysql-export-2026-02-09_octobercms,system_mail_templates,content_html,TEXT,string
drawSQL-mysql-export-2026-02-09_octobercms,system_mail_templates,content_text,TEXT,string
drawSQL-mysql-export-2026-02-09_octobercms,system_mail_templates,layout_id,INT,num
drawSQL-mysql-export-2026-02-09_octobercms,system_mail_templates,is_custom,TINYINT,num
drawSQL-mysql-export-2026-02-09_octobercms,system_mail_templates,created_at,TIMESTAMP,date
drawSQL-mysql-export-2026-02-09_octobercms,system_mail_templates,updated_at,TIMESTAMP,date
drawSQL-mysql-export-2026-02-09_octobercms,system_parameters,id,INT,num
drawSQL-mysql-export-2026-02-09_octobercms,system_parameters,namespace,VARCHAR(255),string
drawSQL-mysql-export-2026-02-09_octobercms,system_parameters,group,VARCHAR(255),string
drawSQL-mysql-export-2026-02-09_octobercms,system_parameters,item,VARCHAR(255),string
drawSQL-mysql-export-2026-02-09_octobercms,system_parameters,value,TEXT,string
drawSQL-mysql-export-2026-02-09_octobercms,system_plugin_history,id,INT,num
drawSQL-mysql-export-2026-02-09_octobercms,system_plugin_history,code,VARCHAR(255),string
drawSQL-mysql-export-2026-02-09_octobercms,system_plugin_history,type,VARCHAR(255),string
drawSQL-mysql-export-2026-02-09_octobercms,system_plugin_history,version,VARCHAR(255),string
drawSQL-mysql-export-2026-02-09_octobercms,system_plugin_history,detail,TEXT,string
drawSQL-mysql-export-2026-02-09_octobercms,system_plugin_history,created_at,TIMESTAMP,date
drawSQL-mysql-export-2026-02-09_octobercms,system_plugin_versions,id,INT,num
drawSQL-mysql-export-2026-02-09_octobercms,system_plugin_versions,code,VARCHAR(255),string
drawSQL-mysql-export-2026-02-09_octobercms,system_plugin_versions,version,VARCHAR(255),string
drawSQL-mysql-export-2026-02-09_octobercms,system_plugin_versions,created_at,TIMESTAMP,date
drawSQL-mysql-export-2026-02-09_octobercms,system_plugin_versions,is_disabled,TINYINT,num
drawSQL-mysql-export-2026-02-09_octobercms,system_plugin_versions,is_frozen,TINYINT,num
drawSQL-mysql-export-2026-02-09_octobercms,system_request_logs,id,INT,num
drawSQL-mysql-export-2026-02-09_octobercms,system_request_logs,status_code,INT,num
drawSQL-mysql-export-2026-02-09_octobercms,system_request_logs,url,VARCHAR(255),string
drawSQL-mysql-export-2026-02-09_octobercms,system_request_logs,referer,TEXT,string
drawSQL-mysql-export-2026-02-09_octobercms,system_request_logs,count,INT,num
drawSQL-mysql-export-2026-02-09_octobercms,system_request_logs,created_at,TIMESTAMP,date
drawSQL-mysql-export-2026-02-09_octobercms,system_request_logs,updated_at,TIMESTAMP,date
drawSQL-mysql-export-2026-02-09_octobercms,system_revisions,id,INT,num
drawSQL-mysql-export-2026-02-09_octobercms,system_revisions,user_id,INT,num
drawSQL-mysql-export-2026-02-09_octobercms,system_revisions,field,VARCHAR(255),string
drawSQL-mysql-export-2026-02-09_octobercms,system_revisions,cast,VARCHAR(255),string
drawSQL-mysql-export-2026-02-09_octobercms,system_revisions,old_value,TEXT,string
drawSQL-mysql-export-2026-02-09_octobercms,system_revisions,new_value,TEXT,string
drawSQL-mysql-export-2026-02-09_octobercms,system_revisions,revisionable_type,VARCHAR(255),string
drawSQL-mysql-export-2026-02-09_octobercms,system_revisions,revisionable_id,INT,num
drawSQL-mysql-export-2026-02-09_octobercms,system_revisions,created_at,TIMESTAMP,date
drawSQL-mysql-export-2026-02-09_octobercms,system_revisions,updated_at,TIMESTAMP,date
drawSQL-mysql-export-2026-02-09_octobercms,system_settings,id,INT,num
drawSQL-mysql-export-2026-02-09_octobercms,system_settings,item,VARCHAR(255),string
drawSQL-mysql-export-2026-02-09_octobercms,system_settings,value,MEDIUMTEXT,string
drawSQL-mysql-export-2026-02-09_octobox,app_installation_permissions,id,BIGINT,num
drawSQL-mysql-export-2026-02-09_octobox,app_installation_permissions,app_installation_id,INT,num
drawSQL-mysql-export-2026-02-09_octobox,app_installation_permissions,user_id,INT,num
drawSQL-mysql-export-2026-02-09_octobox,app_installation_permissions,created_at,DATETIME,date
drawSQL-mysql-export-2026-02-09_octobox,app_installation_permissions,updated_at,DATETIME,date
drawSQL-mysql-export-2026-02-09_octobox,app_installations,id,BIGINT,num
drawSQL-mysql-export-2026-02-09_octobox,app_installations,github_id,INT,num
drawSQL-mysql-export-2026-02-09_octobox,app_installations,app_id,INT,num
drawSQL-mysql-export-2026-02-09_octobox,app_installations,account_login,VARCHAR(255),string
drawSQL-mysql-export-2026-02-09_octobox,app_installations,account_id,INT,num
drawSQL-mysql-export-2026-02-09_octobox,app_installations,account_type,VARCHAR(255),string
drawSQL-mysql-export-2026-02-09_octobox,app_installations,target_type,VARCHAR(255),string
drawSQL-mysql-export-2026-02-09_octobox,app_installations,target_id,INT,num
drawSQL-mysql-export-2026-02-09_octobox,app_installations,permission_pull_requests,VARCHAR(255),string
drawSQL-mysql-export-2026-02-09_octobox,app_installations,permission_issues,VARCHAR(255),string
drawSQL-mysql-export-2026-02-09_octobox,app_installations,created_at,DATETIME,date
drawSQL-mysql-export-2026-02-09_octobox,app_installations,updated_at,DATETIME,date
drawSQL-mysql-export-2026-02-09_octobox,app_installations,permission_statuses,VARCHAR(255),string
drawSQL-mysql-export-2026-02-09_octobox,comments,id,BIGINT,num
drawSQL-mysql-export-2026-02-09_octobox,comments,subject_id,INT,num
drawSQL-mysql-export-2026-02-09_octobox,comments,github_id,BIGINT,num
drawSQL-mysql-export-2026-02-09_octobox,comments,author,VARCHAR(255),string
drawSQL-mysql-export-2026-02-09_octobox,comments,author_association,VARCHAR(255),string
drawSQL-mysql-export-2026-02-09_octobox,comments,body,TEXT,string
drawSQL-mysql-export-2026-02-09_octobox,comments,created_at,DATETIME,date
drawSQL-mysql-export-2026-02-09_octobox,comments,updated_at,DATETIME,date
drawSQL-mysql-export-2026-02-09_octobox,comments,review_state,VARCHAR(255),string
drawSQL-mysql-export-2026-02-09_octobox,comments,url,VARCHAR(255),string
drawSQL-mysql-export-2026-02-09_octobox,labels,id,BIGINT,num
drawSQL-mysql-export-2026-02-09_octobox,labels,name,VARCHAR(255),string
drawSQL-mysql-export-2026-02-09_octobox,labels,color,VARCHAR(255),string
drawSQL-mysql-export-2026-02-09_octobox,labels,subject_id,BIGINT,num
drawSQL-mysql-export-2026-02-09_octobox,labels,created_at,DATETIME,date
drawSQL-mysql-export-2026-02-09_octobox,labels,updated_at,DATETIME,date
drawSQL-mysql-export-2026-02-09_octobox,labels,github_id,INT,num
drawSQL-mysql-export-2026-02-09_octobox,notifications,id,INT,num
drawSQL-mysql-export-2026-02-09_octobox,notifications,user_id,INT,num
drawSQL-mysql-export-2026-02-09_octobox,notifications,github_id,INT,num
drawSQL-mysql-export-2026-02-09_octobox,notifications,repository_id,INT,num
drawSQL-mysql-export-2026-02-09_octobox,notifications,repository_full_name,VARCHAR(255),string
drawSQL-mysql-export-2026-02-09_octobox,notifications,subject_title,TEXT,string
drawSQL-mysql-export-2026-02-09_octobox,notifications,subject_url,VARCHAR(255),string
drawSQL-mysql-export-2026-02-09_octobox,notifications,subject_type,VARCHAR(255),string
drawSQL-mysql-export-2026-02-09_octobox,notifications,reason,VARCHAR(255),string
drawSQL-mysql-export-2026-02-09_octobox,notifications,unread,TINYINT,num
drawSQL-mysql-export-2026-02-09_octobox,notifications,last_read_at,VARCHAR(255),string
drawSQL-mysql-export-2026-02-09_octobox,notifications,url,VARCHAR(255),string
drawSQL-mysql-export-2026-02-09_octobox,notifications,archived,TINYINT,num
drawSQL-mysql-export-2026-02-09_octobox,notifications,created_at,DATETIME,date
drawSQL-mysql-export-2026-02-09_octobox,notifications,updated_at,DATETIME,date
drawSQL-mysql-export-2026-02-09_octobox,notifications,starred,TINYINT,num
drawSQL-mysql-export-2026-02-09_octobox,notifications,repository_owner_name,VARCHAR(255),string
drawSQL-mysql-export-2026-02-09_octobox,notifications,latest_comment_url,VARCHAR(255),string
drawSQL-mysql-export-2026-02-09_octobox,notifications,muted_at,DATETIME,date
drawSQL-mysql-export-2026-02-09_octobox,pinned_searches,id,BIGINT,num
drawSQL-mysql-export-2026-02-09_octobox,pinned_searches,user_id,BIGINT,num
drawSQL-mysql-export-2026-02-09_octobox,pinned_searches,query,VARCHAR(255),string
drawSQL-mysql-export-2026-02-09_octobox,pinned_searches,name,VARCHAR(255),string
drawSQL-mysql-export-2026-02-09_octobox,pinned_searches,created_at,DATETIME,date
drawSQL-mysql-export-2026-02-09_octobox,pinned_searches,updated_at,DATETIME,date
drawSQL-mysql-export-2026-02-09_octobox,repositories,id,BIGINT,num
drawSQL-mysql-export-2026-02-09_octobox,repositories,full_name,VARCHAR(255),string
drawSQL-mysql-export-2026-02-09_octobox,repositories,github_id,INT,num
drawSQL-mysql-export-2026-02-09_octobox,repositories,private,TINYINT,num
drawSQL-mysql-export-2026-02-09_octobox,repositories,owner,VARCHAR(255),string
drawSQL-mysql-export-2026-02-09_octobox,repositories,last_synced_at,DATETIME,date
drawSQL-mysql-export-2026-02-09_octobox,repositories,created_at,DATETIME,date
drawSQL-mysql-export-2026-02-09_octobox,repositories,updated_at,DATETIME,date
drawSQL-mysql-export-2026-02-09_octobox,repositories,app_installation_id,INT,num
drawSQL-mysql-export-2026-02-09_octobox,subjects,id,BIGINT,num
drawSQL-mysql-export-2026-02-09_octobox,subjects,url,VARCHAR(255),string
drawSQL-mysql-export-2026-02-09_octobox,subjects,state,VARCHAR(255),string
drawSQL-mysql-export-2026-02-09_octobox,subjects,author,VARCHAR(255),string
drawSQL-mysql-export-2026-02-09_octobox,subjects,created_at,DATETIME,date
drawSQL-mysql-export-2026-02-09_octobox,subjects,updated_at,DATETIME,date
drawSQL-mysql-export-2026-02-09_octobox,subjects,html_url,VARCHAR(255),string
drawSQL-mysql-export-2026-02-09_octobox,subjects,assignees,VARCHAR(255),string
drawSQL-mysql-export-2026-02-09_octobox,subjects,github_id,INT,num
drawSQL-mysql-export-2026-02-09_octobox,subjects,repository_full_name,VARCHAR(255),string
drawSQL-mysql-export-2026-02-09_octobox,subjects,locked,TINYINT,num
drawSQL-mysql-export-2026-02-09_octobox,subjects,sha,VARCHAR(255),string
drawSQL-mysql-export-2026-02-09_octobox,subjects,status,VARCHAR(255),string
drawSQL-mysql-export-2026-02-09_octobox,subjects,body,TEXT,string
drawSQL-mysql-export-2026-02-09_octobox,subjects,comment_count,INT,num
drawSQL-mysql-export-2026-02-09_octobox,subjects,draft,TINYINT,num
drawSQL-mysql-export-2026-02-09_octobox,subscription_plans,id,BIGINT,num
drawSQL-mysql-export-2026-02-09_octobox,subscription_plans,github_id,INT,num
drawSQL-mysql-export-2026-02-09_octobox,subscription_plans,name,VARCHAR(255),string
drawSQL-mysql-export-2026-02-09_octobox,subscription_plans,description,VARCHAR(255),string
drawSQL-mysql-export-2026-02-09_octobox,subscription_plans,monthly_price_in_cents,INT,num
drawSQL-mysql-export-2026-02-09_octobox,subscription_plans,yearly_price_in_cents,INT,num
drawSQL-mysql-export-2026-02-09_octobox,subscription_plans,price_model,VARCHAR(255),string
drawSQL-mysql-export-2026-02-09_octobox,subscription_plans,has_free_trial,TINYINT,num
drawSQL-mysql-export-2026-02-09_octobox,subscription_plans,unit_name,VARCHAR(255),string
drawSQL-mysql-export-2026-02-09_octobox,subscription_plans,created_at,DATETIME,date
drawSQL-mysql-export-2026-02-09_octobox,subscription_plans,updated_at,DATETIME,date
drawSQL-mysql-export-2026-02-09_octobox,subscription_plans,number,INT,num
drawSQL-mysql-export-2026-02-09_octobox,subscription_purchases,id,BIGINT,num
drawSQL-mysql-export-2026-02-09_octobox,subscription_purchases,subscription_plan_id,INT,num
drawSQL-mysql-export-2026-02-09_octobox,subscription_purchases,account_id,INT,num
drawSQL-mysql-export-2026-02-09_octobox,subscription_purchases,billing_cycle,VARCHAR(255),string
drawSQL-mysql-export-2026-02-09_octobox,subscription_purchases,unit_count,INT,num
drawSQL-mysql-export-2026-02-09_octobox,subscription_purchases,on_free_trial,TINYINT,num
drawSQL-mysql-export-2026-02-09_octobox,subscription_purchases,free_trial_ends_on,DATETIME,date
drawSQL-mysql-export-2026-02-09_octobox,subscription_purchases,next_billing_date,DATETIME,date
drawSQL-mysql-export-2026-02-09_octobox,subscription_purchases,created_at,DATETIME,date
drawSQL-mysql-export-2026-02-09_octobox,subscription_purchases,updated_at,DATETIME,date
drawSQL-mysql-export-2026-02-09_octobox,subscription_purchases,oc_transactionid,INT,num
drawSQL-mysql-export-2026-02-09_octobox,users,id,INT,num
drawSQL-mysql-export-2026-02-09_octobox,users,github_id,INT,num
drawSQL-mysql-export-2026-02-09_octobox,users,github_login,VARCHAR(255),string
drawSQL-mysql-export-2026-02-09_octobox,users,created_at,DATETIME,date
drawSQL-mysql-export-2026-02-09_octobox,users,updated_at,DATETIME,date
drawSQL-mysql-export-2026-02-09_octobox,users,last_synced_at,DATETIME,date
drawSQL-mysql-export-2026-02-09_octobox,users,refresh_interval,INT,num
drawSQL-mysql-export-2026-02-09_octobox,users,api_token,VARCHAR(255),string
drawSQL-mysql-export-2026-02-09_octobox,users,sync_job_id,VARCHAR(255),string
drawSQL-mysql-export-2026-02-09_octobox,users,encrypted_access_token,VARCHAR(255),string
drawSQL-mysql-export-2026-02-09_octobox,users,encrypted_access_token_iv,VARCHAR(255),string
drawSQL-mysql-export-2026-02-09_octobox,users,encrypted_personal_access_token,VARCHAR(255),string
drawSQL-mysql-export-2026-02-09_octobox,users,encrypted_personal_access_token_iv,VARCHAR(255),string
drawSQL-mysql-export-2026-02-09_octobox,users,encrypted_app_token,VARCHAR(255),string
drawSQL-mysql-export-2026-02-09_octobox,users,encrypted_app_token_iv,VARCHAR(255),string
drawSQL-mysql-export-2026-02-09_octobox,users,theme,VARCHAR(255),string
drawSQL-mysql-export-2026-02-09_octobox,users,display_comments,TINYINT,num
drawSQL-mysql-export-2026-02-09_orchid,attachmentable,id,INT,num
drawSQL-mysql-export-2026-02-09_orchid,attachmentable,attachmentable_type,VARCHAR(255),string
drawSQL-mysql-export-2026-02-09_orchid,attachmentable,attachmentable_id,INT,num
drawSQL-mysql-export-2026-02-09_orchid,attachmentable,attachment_id,INT,num
drawSQL-mysql-export-2026-02-09_orchid,attachments,id,INT,num
drawSQL-mysql-export-2026-02-09_orchid,attachments,name,TEXT,string
drawSQL-mysql-export-2026-02-09_orchid,attachments,original_name,TEXT,string
drawSQL-mysql-export-2026-02-09_orchid,attachments,mime,VARCHAR(255),string
drawSQL-mysql-export-2026-02-09_orchid,attachments,extension,VARCHAR(255),string
drawSQL-mysql-export-2026-02-09_orchid,attachments,size,BIGINT,num
drawSQL-mysql-export-2026-02-09_orchid,attachments,sort,INT,num
drawSQL-mysql-export-2026-02-09_orchid,attachments,path,TEXT,string
drawSQL-mysql-export-2026-02-09_orchid,attachments,description,TEXT,string
drawSQL-mysql-export-2026-02-09_orchid,attachments,alt,TEXT,string
drawSQL-mysql-export-2026-02-09_orchid,attachments,hash,TEXT,string
drawSQL-mysql-export-2026-02-09_orchid,attachments,disk,VARCHAR(255),string
drawSQL-mysql-export-2026-02-09_orchid,attachments,user_id,BIGINT,num
drawSQL-mysql-export-2026-02-09_orchid,attachments,group,VARCHAR(255),string
drawSQL-mysql-export-2026-02-09_orchid,attachments,created_at,TIMESTAMP,date
drawSQL-mysql-export-2026-02-09_orchid,attachments,updated_at,TIMESTAMP,date
drawSQL-mysql-export-2026-02-09_orchid,notifications,id,CHAR(255),string
drawSQL-mysql-export-2026-02-09_orchid,notifications,type,VARCHAR(255),string
drawSQL-mysql-export-2026-02-09_orchid,notifications,notifiable_type,VARCHAR(255),string
drawSQL-mysql-export-2026-02-09_orchid,notifications,notifiable_id,BIGINT,num
drawSQL-mysql-export-2026-02-09_orchid,notifications,data,TEXT,string
drawSQL-mysql-export-2026-02-09_orchid,notifications,read_at,TIMESTAMP,date
drawSQL-mysql-export-2026-02-09_orchid,notifications,created_at,TIMESTAMP,date
drawSQL-mysql-export-2026-02-09_orchid,notifications,updated_at,TIMESTAMP,date
drawSQL-mysql-export-2026-02-09_orchid,role_users,user_id,BIGINT,num
drawSQL-mysql-export-2026-02-09_orchid,role_users,role_id,INT,num
drawSQL-mysql-export-2026-02-09_orchid,roles,id,INT,num
drawSQL-mysql-export-2026-02-09_orchid,roles,slug,VARCHAR(255),string
drawSQL-mysql-export-2026-02-09_orchid,roles,name,VARCHAR(255),string
drawSQL-mysql-export-2026-02-09_orchid,roles,permissions,JSON,string
drawSQL-mysql-export-2026-02-09_orchid,roles,created_at,TIMESTAMP,date
drawSQL-mysql-export-2026-02-09_orchid,roles,updated_at,TIMESTAMP,date
drawSQL-mysql-export-2026-02-09_orchid,settings,key,VARCHAR(255),string
drawSQL-mysql-export-2026-02-09_orchid,settings,value,JSON,string
drawSQL-mysql-export-2026-02-09_orchid,users,id,BIGINT,num
drawSQL-mysql-export-2026-02-09_orchid,users,name,VARCHAR(255),string
drawSQL-mysql-export-2026-02-09_orchid,users,email,VARCHAR(255),string
drawSQL-mysql-export-2026-02-09_orchid,users,email_verified_at,TIMESTAMP,date
drawSQL-mysql-export-2026-02-09_orchid,users,password,VARCHAR(255),string
drawSQL-mysql-export-2026-02-09_orchid,users,remember_token,VARCHAR(255),string
drawSQL-mysql-export-2026-02-09_orchid,users,created_at,TIMESTAMP,date
drawSQL-mysql-export-2026-02-09_orchid,users,updated_at,TIMESTAMP,date
drawSQL-mysql-export-2026-02-09_orchid,users,last_login,TIMESTAMP,date
drawSQL-mysql-export-2026-02-09_orchid,users,permissions,JSON,string
drawSQL-mysql-export-2026-02-09_paddle,customers,id,BIGINT,num
drawSQL-mysql-export-2026-02-09_paddle,customers,UNSIGNED,NOT,string
drawSQL-mysql-export-2026-02-09_paddle,customers,AUTO_INCREMENT,PRIMARY,string
drawSQL-mysql-export-2026-02-09_paddle,customers,billable_id,BIGINT,num
drawSQL-mysql-export-2026-02-09_paddle,customers,billable_type,VARCHAR(255),string
drawSQL-mysql-export-2026-02-09_paddle,customers,trial_ends_at,TIMESTAMP,date
drawSQL-mysql-export-2026-02-09_paddle,customers,pending_checkout_id,VARCHAR(255),string
drawSQL-mysql-export-2026-02-09_paddle,customers,has_high_risk_payment,BOOLEAN,boolean
drawSQL-mysql-export-2026-02-09_paddle,customers,updated_at,TIMESTAMP,date
drawSQL-mysql-export-2026-02-09_paddle,customers,created_at,TIMESTAMP,date
drawSQL-mysql-export-2026-02-09_paddle,subscriptions,id,BIGINT,num
drawSQL-mysql-export-2026-02-09_paddle,subscriptions,UNSIGNED,NOT,string
drawSQL-mysql-export-2026-02-09_paddle,subscriptions,AUTO_INCREMENT,PRIMARY,string
drawSQL-mysql-export-2026-02-09_paddle,subscriptions,billable_id,BIGINT,num
drawSQL-mysql-export-2026-02-09_paddle,subscriptions,billable_type,VARCHAR(255),string
drawSQL-mysql-export-2026-02-09_paddle,subscriptions,name,VARCHAR(255),string
drawSQL-mysql-export-2026-02-09_paddle,subscriptions,paddle_id,INT,num
drawSQL-mysql-export-2026-02-09_paddle,subscriptions,paddle_status,VARCHAR(255),string
drawSQL-mysql-export-2026-02-09_paddle,subscriptions,paddle_plan,INT,num
drawSQL-mysql-export-2026-02-09_paddle,subscriptions,quantity,INT,num
drawSQL-mysql-export-2026-02-09_paddle,subscriptions,trial_ends_at,DATETIME,date
drawSQL-mysql-export-2026-02-09_paddle,subscriptions,paused_from,DATETIME,date
drawSQL-mysql-export-2026-02-09_paddle,subscriptions,ends_at,DATETIME,date
drawSQL-mysql-export-2026-02-09_paddle,subscriptions,updated_at,DATETIME,date
drawSQL-mysql-export-2026-02-09_paddle,subscriptions,created_at,DATETIME,date
drawSQL-mysql-export-2026-02-09_paddle,receipts,id,BIGINT,num
drawSQL-mysql-export-2026-02-09_paddle,receipts,UNSIGNED,NOT,string
drawSQL-mysql-export-2026-02-09_paddle,receipts,AUTO_INCREMENT,PRIMARY,string
drawSQL-mysql-export-2026-02-09_paddle,receipts,billable_id,BIGINT,num
drawSQL-mysql-export-2026-02-09_paddle,receipts,billable_type,VARCHAR(255),string
drawSQL-mysql-export-2026-02-09_paddle,receipts,paddle_subscription_id,BIGINT,num
drawSQL-mysql-export-2026-02-09_paddle,receipts,checkout_id,VARCHAR(255),string
drawSQL-mysql-export-2026-02-09_paddle,receipts,order_id,VARCHAR(255),string
drawSQL-mysql-export-2026-02-09_paddle,receipts,amount,VARCHAR(255),string
drawSQL-mysql-export-2026-02-09_paddle,receipts,tax,VARCHAR(255),string
drawSQL-mysql-export-2026-02-09_paddle,receipts,currency,VARCHAR(3),string
drawSQL-mysql-export-2026-02-09_paddle,receipts,quantity,INT,num
drawSQL-mysql-export-2026-02-09_paddle,receipts,receipt_url,VARCHAR(255),string
drawSQL-mysql-export-2026-02-09_paddle,receipts,paid_at,TIMESTAMP,date
drawSQL-mysql-export-2026-02-09_paddle,receipts,updated_at,TIMESTAMP,date
drawSQL-mysql-export-2026-02-09_paddle,receipts,created_at,TIMESTAMP,date
drawSQL-mysql-export-2026-02-09_pay,pay_charges,id,INT,num
drawSQL-mysql-export-2026-02-09_pay,pay_charges,owner_type,VARCHAR(255),string
drawSQL-mysql-export-2026-02-09_pay,pay_charges,owner_id,INT,num
drawSQL-mysql-export-2026-02-09_pay,pay_charges,processor,VARCHAR(255),string
drawSQL-mysql-export-2026-02-09_pay,pay_charges,processor_id,VARCHAR(255),string
drawSQL-mysql-export-2026-02-09_pay,pay_charges,amount,INT,num
drawSQL-mysql-export-2026-02-09_pay,pay_charges,amount_refunded,INT,num
drawSQL-mysql-export-2026-02-09_pay,pay_charges,card_type,VARCHAR(255),string
drawSQL-mysql-export-2026-02-09_pay,pay_charges,card_last4,VARCHAR(255),string
drawSQL-mysql-export-2026-02-09_pay,pay_charges,card_exp_month,VARCHAR(255),string
drawSQL-mysql-export-2026-02-09_pay,pay_charges,card_exp_year,VARCHAR(255),string
drawSQL-mysql-export-2026-02-09_pay,pay_charges,created_at,DATETIME,date
drawSQL-mysql-export-2026-02-09_pay,pay_charges,updated_at,DATETIME,date
drawSQL-mysql-export-2026-02-09_pay,pay_subscriptions,id,INT,num
drawSQL-mysql-export-2026-02-09_pay,pay_subscriptions,owner_id,INT,num
drawSQL-mysql-export-2026-02-09_pay,pay_subscriptions,name,VARCHAR(255),string
drawSQL-mysql-export-2026-02-09_pay,pay_subscriptions,processor,VARCHAR(255),string
drawSQL-mysql-export-2026-02-09_pay,pay_subscriptions,processor_id,VARCHAR(255),string
drawSQL-mysql-export-2026-02-09_pay,pay_subscriptions,processor_plan,VARCHAR(255),string
drawSQL-mysql-export-2026-02-09_pay,pay_subscriptions,quantity,INT,num
drawSQL-mysql-export-2026-02-09_pay,pay_subscriptions,trial_ends_at,DATETIME,date
drawSQL-mysql-export-2026-02-09_pay,pay_subscriptions,ends_at,DATETIME,date
drawSQL-mysql-export-2026-02-09_pay,pay_subscriptions,created_at,DATETIME,date
drawSQL-mysql-export-2026-02-09_pay,pay_subscriptions,updated_at,DATETIME,date
drawSQL-mysql-export-2026-02-09_pay,pay_subscriptions,status,VARCHAR(255),string
drawSQL-mysql-export-2026-02-09_pixelfed,account_logs,id,BIGINT,num
drawSQL-mysql-export-2026-02-09_pixelfed,account_logs,user_id,BIGINT,num
drawSQL-mysql-export-2026-02-09_pixelfed,account_logs,item_id,BIGINT,num
drawSQL-mysql-export-2026-02-09_pixelfed,account_logs,item_type,VARCHAR(255),string
drawSQL-mysql-export-2026-02-09_pixelfed,account_logs,action,VARCHAR(255),string
drawSQL-mysql-export-2026-02-09_pixelfed,account_logs,message,VARCHAR(255),string
drawSQL-mysql-export-2026-02-09_pixelfed,account_logs,link,VARCHAR(255),string
drawSQL-mysql-export-2026-02-09_pixelfed,account_logs,ip_address,VARCHAR(255),string
drawSQL-mysql-export-2026-02-09_pixelfed,account_logs,user_agent,VARCHAR(255),string
drawSQL-mysql-export-2026-02-09_pixelfed,account_logs,metadata,JSON,string
drawSQL-mysql-export-2026-02-09_pixelfed,account_logs,created_at,TIMESTAMP,date
drawSQL-mysql-export-2026-02-09_pixelfed,account_logs,updated_at,TIMESTAMP,date
drawSQL-mysql-export-2026-02-09_pixelfed,activities,id,BIGINT,num
drawSQL-mysql-export-2026-02-09_pixelfed,activities,to_id,BIGINT,num
drawSQL-mysql-export-2026-02-09_pixelfed,activities,from_id,BIGINT,num
drawSQL-mysql-export-2026-02-09_pixelfed,activities,object_type,VARCHAR(255),string
drawSQL-mysql-export-2026-02-09_pixelfed,activities,data,JSON,string
drawSQL-mysql-export-2026-02-09_pixelfed,activities,processed_at,TIMESTAMP,date
drawSQL-mysql-export-2026-02-09_pixelfed,activities,created_at,TIMESTAMP,date
drawSQL-mysql-export-2026-02-09_pixelfed,activities,updated_at,TIMESTAMP,date
drawSQL-mysql-export-2026-02-09_pixelfed,avatars,id,BIGINT,num
drawSQL-mysql-export-2026-02-09_pixelfed,avatars,profile_id,BIGINT,num
drawSQL-mysql-export-2026-02-09_pixelfed,avatars,media_path,VARCHAR(255),string
drawSQL-mysql-export-2026-02-09_pixelfed,avatars,thumb_path,VARCHAR(255),string
drawSQL-mysql-export-2026-02-09_pixelfed,avatars,remote_url,VARCHAR(255),string
drawSQL-mysql-export-2026-02-09_pixelfed,avatars,change_count,INT,num
drawSQL-mysql-export-2026-02-09_pixelfed,avatars,last_fetched_at,TIMESTAMP,date
drawSQL-mysql-export-2026-02-09_pixelfed,avatars,last_processed_at,TIMESTAMP,date
drawSQL-mysql-export-2026-02-09_pixelfed,avatars,created_at,TIMESTAMP,date
drawSQL-mysql-export-2026-02-09_pixelfed,avatars,updated_at,TIMESTAMP,date
drawSQL-mysql-export-2026-02-09_pixelfed,avatars,deleted_at,TIMESTAMP,date
drawSQL-mysql-export-2026-02-09_pixelfed,bookmarks,id,INT,num
drawSQL-mysql-export-2026-02-09_pixelfed,bookmarks,status_id,BIGINT,num
drawSQL-mysql-export-2026-02-09_pixelfed,bookmarks,profile_id,BIGINT,num
drawSQL-mysql-export-2026-02-09_pixelfed,bookmarks,created_at,TIMESTAMP,date
drawSQL-mysql-export-2026-02-09_pixelfed,bookmarks,updated_at,TIMESTAMP,date
drawSQL-mysql-export-2026-02-09_pixelfed,circle_profiles,id,BIGINT,num
drawSQL-mysql-export-2026-02-09_pixelfed,circle_profiles,owner_id,BIGINT,num
drawSQL-mysql-export-2026-02-09_pixelfed,circle_profiles,circle_id,BIGINT,num
drawSQL-mysql-export-2026-02-09_pixelfed,circle_profiles,profile_id,BIGINT,num
drawSQL-mysql-export-2026-02-09_pixelfed,circle_profiles,created_at,TIMESTAMP,date
drawSQL-mysql-export-2026-02-09_pixelfed,circle_profiles,updated_at,TIMESTAMP,date
drawSQL-mysql-export-2026-02-09_pixelfed,circles,id,BIGINT,num
drawSQL-mysql-export-2026-02-09_pixelfed,circles,profile_id,BIGINT,num
drawSQL-mysql-export-2026-02-09_pixelfed,circles,name,VARCHAR(255),string
drawSQL-mysql-export-2026-02-09_pixelfed,circles,description,TEXT,string
drawSQL-mysql-export-2026-02-09_pixelfed,circles,scope,VARCHAR(255),string
drawSQL-mysql-export-2026-02-09_pixelfed,circles,bcc,TINYINT,num
drawSQL-mysql-export-2026-02-09_pixelfed,circles,active,TINYINT,num
drawSQL-mysql-export-2026-02-09_pixelfed,circles,created_at,TIMESTAMP,date
drawSQL-mysql-export-2026-02-09_pixelfed,circles,updated_at,TIMESTAMP,date
drawSQL-mysql-export-2026-02-09_pixelfed,collection_items,id,BIGINT,num
drawSQL-mysql-export-2026-02-09_pixelfed,collection_items,collection_id,BIGINT,num
drawSQL-mysql-export-2026-02-09_pixelfed,collection_items,order,INT,num
drawSQL-mysql-export-2026-02-09_pixelfed,collection_items,object_type,VARCHAR(255),string
drawSQL-mysql-export-2026-02-09_pixelfed,collection_items,object_id,BIGINT,num
drawSQL-mysql-export-2026-02-09_pixelfed,collection_items,created_at,TIMESTAMP,date
drawSQL-mysql-export-2026-02-09_pixelfed,collection_items,updated_at,TIMESTAMP,date
drawSQL-mysql-export-2026-02-09_pixelfed,collections,id,BIGINT,num
drawSQL-mysql-export-2026-02-09_pixelfed,collections,profile_id,BIGINT,num
drawSQL-mysql-export-2026-02-09_pixelfed,collections,title,VARCHAR(255),string
drawSQL-mysql-export-2026-02-09_pixelfed,collections,description,TEXT,string
drawSQL-mysql-export-2026-02-09_pixelfed,collections,is_nsfw,TINYINT,num
drawSQL-mysql-export-2026-02-09_pixelfed,collections,visibility,VARCHAR(255),string
drawSQL-mysql-export-2026-02-09_pixelfed,collections,published_at,TIMESTAMP,date
drawSQL-mysql-export-2026-02-09_pixelfed,collections,created_at,TIMESTAMP,date
drawSQL-mysql-export-2026-02-09_pixelfed,collections,updated_at,TIMESTAMP,date
drawSQL-mysql-export-2026-02-09_pixelfed,comments,id,BIGINT,num
drawSQL-mysql-export-2026-02-09_pixelfed,comments,profile_id,BIGINT,num
drawSQL-mysql-export-2026-02-09_pixelfed,comments,user_id,BIGINT,num
drawSQL-mysql-export-2026-02-09_pixelfed,comments,status_id,BIGINT,num
drawSQL-mysql-export-2026-02-09_pixelfed,comments,comment,TEXT,string
drawSQL-mysql-export-2026-02-09_pixelfed,comments,rendered,TEXT,string
drawSQL-mysql-export-2026-02-09_pixelfed,comments,entities,JSON,string
drawSQL-mysql-export-2026-02-09_pixelfed,comments,is_remote,TINYINT,num
drawSQL-mysql-export-2026-02-09_pixelfed,comments,rendered_at,TIMESTAMP,date
drawSQL-mysql-export-2026-02-09_pixelfed,comments,created_at,TIMESTAMP,date
drawSQL-mysql-export-2026-02-09_pixelfed,comments,updated_at,TIMESTAMP,date
drawSQL-mysql-export-2026-02-09_pixelfed,contacts,id,BIGINT,num
drawSQL-mysql-export-2026-02-09_pixelfed,contacts,user_id,BIGINT,num
drawSQL-mysql-export-2026-02-09_pixelfed,contacts,response_requested,TINYINT,num
drawSQL-mysql-export-2026-02-09_pixelfed,contacts,message,TEXT,string
drawSQL-mysql-export-2026-02-09_pixelfed,contacts,response,TEXT,string
drawSQL-mysql-export-2026-02-09_pixelfed,contacts,read_at,TIMESTAMP,date
drawSQL-mysql-export-2026-02-09_pixelfed,contacts,responded_at,TIMESTAMP,date
drawSQL-mysql-export-2026-02-09_pixelfed,contacts,created_at,TIMESTAMP,date
drawSQL-mysql-export-2026-02-09_pixelfed,contacts,updated_at,TIMESTAMP,date
drawSQL-mysql-export-2026-02-09_pixelfed,direct_messages,id,BIGINT,num
drawSQL-mysql-export-2026-02-09_pixelfed,direct_messages,to_id,BIGINT,num
drawSQL-mysql-export-2026-02-09_pixelfed,direct_messages,from_id,BIGINT,num
drawSQL-mysql-export-2026-02-09_pixelfed,direct_messages,from_profile_ids,VARCHAR(255),string
drawSQL-mysql-export-2026-02-09_pixelfed,direct_messages,group_message,TINYINT,num
drawSQL-mysql-export-2026-02-09_pixelfed,direct_messages,status_id,BIGINT,num
drawSQL-mysql-export-2026-02-09_pixelfed,direct_messages,read_at,TIMESTAMP,date
drawSQL-mysql-export-2026-02-09_pixelfed,direct_messages,created_at,TIMESTAMP,date
drawSQL-mysql-export-2026-02-09_pixelfed,direct_messages,updated_at,TIMESTAMP,date
drawSQL-mysql-export-2026-02-09_pixelfed,discover_categories,id,BIGINT,num
drawSQL-mysql-export-2026-02-09_pixelfed,discover_categories,name,VARCHAR(255),string
drawSQL-mysql-export-2026-02-09_pixelfed,discover_categories,slug,VARCHAR(255),string
drawSQL-mysql-export-2026-02-09_pixelfed,discover_categories,active,TINYINT,num
drawSQL-mysql-export-2026-02-09_pixelfed,discover_categories,order,TINYINT,num
drawSQL-mysql-export-2026-02-09_pixelfed,discover_categories,media_id,BIGINT,num
drawSQL-mysql-export-2026-02-09_pixelfed,discover_categories,no_nsfw,TINYINT,num
drawSQL-mysql-export-2026-02-09_pixelfed,discover_categories,local_only,TINYINT,num
drawSQL-mysql-export-2026-02-09_pixelfed,discover_categories,public_only,TINYINT,num
drawSQL-mysql-export-2026-02-09_pixelfed,discover_categories,photos_only,TINYINT,num
drawSQL-mysql-export-2026-02-09_pixelfed,discover_categories,active_until,TIMESTAMP,date
drawSQL-mysql-export-2026-02-09_pixelfed,discover_categories,created_at,TIMESTAMP,date
drawSQL-mysql-export-2026-02-09_pixelfed,discover_categories,updated_at,TIMESTAMP,date
drawSQL-mysql-export-2026-02-09_pixelfed,discover_category_hashtags,id,BIGINT,num
drawSQL-mysql-export-2026-02-09_pixelfed,discover_category_hashtags,discover_category_id,BIGINT,num
drawSQL-mysql-export-2026-02-09_pixelfed,discover_category_hashtags,hashtag_id,BIGINT,num
drawSQL-mysql-export-2026-02-09_pixelfed,discover_category_hashtags,created_at,TIMESTAMP,date
drawSQL-mysql-export-2026-02-09_pixelfed,discover_category_hashtags,updated_at,TIMESTAMP,date
drawSQL-mysql-export-2026-02-09_pixelfed,email_verifications,id,BIGINT,num
drawSQL-mysql-export-2026-02-09_pixelfed,email_verifications,user_id,BIGINT,num
drawSQL-mysql-export-2026-02-09_pixelfed,email_verifications,email,VARCHAR(255),string
drawSQL-mysql-export-2026-02-09_pixelfed,email_verifications,user_token,VARCHAR(255),string
drawSQL-mysql-export-2026-02-09_pixelfed,email_verifications,random_token,VARCHAR(255),string
drawSQL-mysql-export-2026-02-09_pixelfed,email_verifications,created_at,TIMESTAMP,date
drawSQL-mysql-export-2026-02-09_pixelfed,email_verifications,updated_at,TIMESTAMP,date
drawSQL-mysql-export-2026-02-09_pixelfed,failed_jobs,id,BIGINT,num
drawSQL-mysql-export-2026-02-09_pixelfed,failed_jobs,connection,TEXT,string
drawSQL-mysql-export-2026-02-09_pixelfed,failed_jobs,queue,TEXT,string
drawSQL-mysql-export-2026-02-09_pixelfed,failed_jobs,payload,LONGTEXT,string
drawSQL-mysql-export-2026-02-09_pixelfed,failed_jobs,exception,LONGTEXT,string
drawSQL-mysql-export-2026-02-09_pixelfed,failed_jobs,failed_at,TIMESTAMP,date
drawSQL-mysql-export-2026-02-09_pixelfed,follow_requests,id,BIGINT,num
drawSQL-mysql-export-2026-02-09_pixelfed,follow_requests,follower_id,BIGINT,num
drawSQL-mysql-export-2026-02-09_pixelfed,follow_requests,following_id,BIGINT,num
drawSQL-mysql-export-2026-02-09_pixelfed,follow_requests,is_rejected,TINYINT,num
drawSQL-mysql-export-2026-02-09_pixelfed,follow_requests,is_local,TINYINT,num
drawSQL-mysql-export-2026-02-09_pixelfed,follow_requests,created_at,TIMESTAMP,date
drawSQL-mysql-export-2026-02-09_pixelfed,follow_requests,updated_at,TIMESTAMP,date
drawSQL-mysql-export-2026-02-09_pixelfed,followers,id,INT,num
drawSQL-mysql-export-2026-02-09_pixelfed,followers,profile_id,BIGINT,num
drawSQL-mysql-export-2026-02-09_pixelfed,followers,following_id,BIGINT,num
drawSQL-mysql-export-2026-02-09_pixelfed,followers,local_profile,TINYINT,num
drawSQL-mysql-export-2026-02-09_pixelfed,followers,local_following,TINYINT,num
drawSQL-mysql-export-2026-02-09_pixelfed,followers,created_at,TIMESTAMP,date
drawSQL-mysql-export-2026-02-09_pixelfed,followers,updated_at,TIMESTAMP,date
drawSQL-mysql-export-2026-02-09_pixelfed,hashtag_follows,id,BIGINT,num
drawSQL-mysql-export-2026-02-09_pixelfed,hashtag_follows,user_id,BIGINT,num
drawSQL-mysql-export-2026-02-09_pixelfed,hashtag_follows,profile_id,BIGINT,num
drawSQL-mysql-export-2026-02-09_pixelfed,hashtag_follows,hashtag_id,BIGINT,num
drawSQL-mysql-export-2026-02-09_pixelfed,hashtag_follows,created_at,TIMESTAMP,date
drawSQL-mysql-export-2026-02-09_pixelfed,hashtag_follows,updated_at,TIMESTAMP,date
drawSQL-mysql-export-2026-02-09_pixelfed,hashtags,id,BIGINT,num
drawSQL-mysql-export-2026-02-09_pixelfed,hashtags,name,VARCHAR(255),string
drawSQL-mysql-export-2026-02-09_pixelfed,hashtags,slug,VARCHAR(255),string
drawSQL-mysql-export-2026-02-09_pixelfed,hashtags,is_nsfw,TINYINT,num
drawSQL-mysql-export-2026-02-09_pixelfed,hashtags,is_banned,TINYINT,num
drawSQL-mysql-export-2026-02-09_pixelfed,hashtags,created_at,TIMESTAMP,date
drawSQL-mysql-export-2026-02-09_pixelfed,hashtags,updated_at,TIMESTAMP,date
drawSQL-mysql-export-2026-02-09_pixelfed,import_datas,id,INT,num
drawSQL-mysql-export-2026-02-09_pixelfed,import_datas,profile_id,BIGINT,num
drawSQL-mysql-export-2026-02-09_pixelfed,import_datas,job_id,BIGINT,num
drawSQL-mysql-export-2026-02-09_pixelfed,import_datas,service,VARCHAR(255),string
drawSQL-mysql-export-2026-02-09_pixelfed,import_datas,path,VARCHAR(255),string
drawSQL-mysql-export-2026-02-09_pixelfed,import_datas,stage,TINYINT,num
drawSQL-mysql-export-2026-02-09_pixelfed,import_datas,original_name,VARCHAR(255),string
drawSQL-mysql-export-2026-02-09_pixelfed,import_datas,import_accepted,TINYINT,num
drawSQL-mysql-export-2026-02-09_pixelfed,import_datas,completed_at,TIMESTAMP,date
drawSQL-mysql-export-2026-02-09_pixelfed,import_datas,created_at,TIMESTAMP,date
drawSQL-mysql-export-2026-02-09_pixelfed,import_datas,updated_at,TIMESTAMP,date
drawSQL-mysql-export-2026-02-09_pixelfed,import_jobs,id,INT,num
drawSQL-mysql-export-2026-02-09_pixelfed,import_jobs,profile_id,BIGINT,num
drawSQL-mysql-export-2026-02-09_pixelfed,import_jobs,service,VARCHAR(255),string
drawSQL-mysql-export-2026-02-09_pixelfed,import_jobs,uuid,VARCHAR(255),string
drawSQL-mysql-export-2026-02-09_pixelfed,import_jobs,storage_path,VARCHAR(255),string
drawSQL-mysql-export-2026-02-09_pixelfed,import_jobs,stage,TINYINT,num
drawSQL-mysql-export-2026-02-09_pixelfed,import_jobs,media_json,TEXT,string
drawSQL-mysql-export-2026-02-09_pixelfed,import_jobs,completed_at,TIMESTAMP,date
drawSQL-mysql-export-2026-02-09_pixelfed,import_jobs,created_at,TIMESTAMP,date
drawSQL-mysql-export-2026-02-09_pixelfed,import_jobs,updated_at,TIMESTAMP,date
drawSQL-mysql-export-2026-02-09_pixelfed,instances,id,BIGINT,num
drawSQL-mysql-export-2026-02-09_pixelfed,instances,domain,VARCHAR(255),string
drawSQL-mysql-export-2026-02-09_pixelfed,instances,url,VARCHAR(255),string
drawSQL-mysql-export-2026-02-09_pixelfed,instances,name,VARCHAR(255),string
drawSQL-mysql-export-2026-02-09_pixelfed,instances,admin_url,VARCHAR(255),string
drawSQL-mysql-export-2026-02-09_pixelfed,instances,limit_reason,VARCHAR(255),string
drawSQL-mysql-export-2026-02-09_pixelfed,instances,unlisted,TINYINT,num
drawSQL-mysql-export-2026-02-09_pixelfed,instances,auto_cw,TINYINT,num
drawSQL-mysql-export-2026-02-09_pixelfed,instances,banned,TINYINT,num
drawSQL-mysql-export-2026-02-09_pixelfed,instances,created_at,TIMESTAMP,date
drawSQL-mysql-export-2026-02-09_pixelfed,instances,updated_at,TIMESTAMP,date
drawSQL-mysql-export-2026-02-09_pixelfed,jobs,id,BIGINT,num
drawSQL-mysql-export-2026-02-09_pixelfed,jobs,queue,VARCHAR(255),string
drawSQL-mysql-export-2026-02-09_pixelfed,jobs,payload,LONGTEXT,string
drawSQL-mysql-export-2026-02-09_pixelfed,jobs,attempts,TINYINT,num
drawSQL-mysql-export-2026-02-09_pixelfed,jobs,reserved_at,INT,num
drawSQL-mysql-export-2026-02-09_pixelfed,jobs,available_at,INT,num
drawSQL-mysql-export-2026-02-09_pixelfed,jobs,created_at,INT,num
drawSQL-mysql-export-2026-02-09_pixelfed,likes,id,BIGINT,num
drawSQL-mysql-export-2026-02-09_pixelfed,likes,profile_id,BIGINT,num
drawSQL-mysql-export-2026-02-09_pixelfed,likes,status_id,BIGINT,num
drawSQL-mysql-export-2026-02-09_pixelfed,likes,flagged,TINYINT,num
drawSQL-mysql-export-2026-02-09_pixelfed,likes,created_at,TIMESTAMP,date
drawSQL-mysql-export-2026-02-09_pixelfed,likes,updated_at,TIMESTAMP,date
drawSQL-mysql-export-2026-02-09_pixelfed,likes,deleted_at,TIMESTAMP,date
drawSQL-mysql-export-2026-02-09_pixelfed,media,id,INT,num
drawSQL-mysql-export-2026-02-09_pixelfed,media,status_id,BIGINT,num
drawSQL-mysql-export-2026-02-09_pixelfed,media,profile_id,BIGINT,num
drawSQL-mysql-export-2026-02-09_pixelfed,media,user_id,BIGINT,num
drawSQL-mysql-export-2026-02-09_pixelfed,media,is_nsfw,TINYINT,num
drawSQL-mysql-export-2026-02-09_pixelfed,media,remote_media,TINYINT,num
drawSQL-mysql-export-2026-02-09_pixelfed,media,original_sha256,VARCHAR(255),string
drawSQL-mysql-export-2026-02-09_pixelfed,media,optimized_sha256,VARCHAR(255),string
drawSQL-mysql-export-2026-02-09_pixelfed,media,media_path,VARCHAR(255),string
drawSQL-mysql-export-2026-02-09_pixelfed,media,thumbnail_path,VARCHAR(255),string
drawSQL-mysql-export-2026-02-09_pixelfed,media,cdn_url,VARCHAR(255),string
drawSQL-mysql-export-2026-02-09_pixelfed,media,optimized_url,VARCHAR(255),string
drawSQL-mysql-export-2026-02-09_pixelfed,media,thumbnail_url,VARCHAR(255),string
drawSQL-mysql-export-2026-02-09_pixelfed,media,remote_url,VARCHAR(255),string
drawSQL-mysql-export-2026-02-09_pixelfed,media,caption,VARCHAR(255),string
drawSQL-mysql-export-2026-02-09_pixelfed,media,hls_path,VARCHAR(255),string
drawSQL-mysql-export-2026-02-09_pixelfed,media,order,TINYINT,num
drawSQL-mysql-export-2026-02-09_pixelfed,media,mime,VARCHAR(255),string
drawSQL-mysql-export-2026-02-09_pixelfed,media,size,INT,num
drawSQL-mysql-export-2026-02-09_pixelfed,media,orientation,VARCHAR(255),string
drawSQL-mysql-export-2026-02-09_pixelfed,media,filter_name,VARCHAR(255),string
drawSQL-mysql-export-2026-02-09_pixelfed,media,filter_class,VARCHAR(255),string
drawSQL-mysql-export-2026-02-09_pixelfed,media,license,VARCHAR(255),string
drawSQL-mysql-export-2026-02-09_pixelfed,media,processed_at,TIMESTAMP,date
drawSQL-mysql-export-2026-02-09_pixelfed,media,hls_transcoded_at,TIMESTAMP,date
drawSQL-mysql-export-2026-02-09_pixelfed,media,created_at,TIMESTAMP,date
drawSQL-mysql-export-2026-02-09_pixelfed,media,updated_at,TIMESTAMP,date
drawSQL-mysql-export-2026-02-09_pixelfed,media,deleted_at,TIMESTAMP,date
drawSQL-mysql-export-2026-02-09_pixelfed,media,key,VARCHAR(255),string
drawSQL-mysql-export-2026-02-09_pixelfed,media,metadata,JSON,string
drawSQL-mysql-export-2026-02-09_pixelfed,media,version,TINYINT,num
drawSQL-mysql-export-2026-02-09_pixelfed,mentions,id,BIGINT,num
drawSQL-mysql-export-2026-02-09_pixelfed,mentions,status_id,BIGINT,num
drawSQL-mysql-export-2026-02-09_pixelfed,mentions,profile_id,BIGINT,num
drawSQL-mysql-export-2026-02-09_pixelfed,mentions,local,TINYINT,num
drawSQL-mysql-export-2026-02-09_pixelfed,mentions,created_at,TIMESTAMP,date
drawSQL-mysql-export-2026-02-09_pixelfed,mentions,updated_at,TIMESTAMP,date
drawSQL-mysql-export-2026-02-09_pixelfed,mentions,deleted_at,TIMESTAMP,date
drawSQL-mysql-export-2026-02-09_pixelfed,migrations,id,INT,num
drawSQL-mysql-export-2026-02-09_pixelfed,migrations,migration,VARCHAR(255),string
drawSQL-mysql-export-2026-02-09_pixelfed,migrations,batch,INT,num
drawSQL-mysql-export-2026-02-09_pixelfed,mod_logs,id,BIGINT,num
drawSQL-mysql-export-2026-02-09_pixelfed,mod_logs,user_id,BIGINT,num
drawSQL-mysql-export-2026-02-09_pixelfed,mod_logs,user_username,VARCHAR(255),string
drawSQL-mysql-export-2026-02-09_pixelfed,mod_logs,object_uid,BIGINT,num
drawSQL-mysql-export-2026-02-09_pixelfed,mod_logs,object_id,BIGINT,num
drawSQL-mysql-export-2026-02-09_pixelfed,mod_logs,object_type,VARCHAR(255),string
drawSQL-mysql-export-2026-02-09_pixelfed,mod_logs,action,VARCHAR(255),string
drawSQL-mysql-export-2026-02-09_pixelfed,mod_logs,message,TEXT,string
drawSQL-mysql-export-2026-02-09_pixelfed,mod_logs,metadata,JSON,string
drawSQL-mysql-export-2026-02-09_pixelfed,mod_logs,access_level,VARCHAR(255),string
drawSQL-mysql-export-2026-02-09_pixelfed,mod_logs,created_at,TIMESTAMP,date
drawSQL-mysql-export-2026-02-09_pixelfed,mod_logs,updated_at,TIMESTAMP,date
drawSQL-mysql-export-2026-02-09_pixelfed,newsroom,id,BIGINT,num
drawSQL-mysql-export-2026-02-09_pixelfed,newsroom,user_id,BIGINT,num
drawSQL-mysql-export-2026-02-09_pixelfed,newsroom,header_photo_url,VARCHAR(255),string
drawSQL-mysql-export-2026-02-09_pixelfed,newsroom,title,VARCHAR(255),string
drawSQL-mysql-export-2026-02-09_pixelfed,newsroom,slug,VARCHAR(255),string
drawSQL-mysql-export-2026-02-09_pixelfed,newsroom,category,VARCHAR(255),string
drawSQL-mysql-export-2026-02-09_pixelfed,newsroom,summary,TEXT,string
drawSQL-mysql-export-2026-02-09_pixelfed,newsroom,body,TEXT,string
drawSQL-mysql-export-2026-02-09_pixelfed,newsroom,body_rendered,TEXT,string
drawSQL-mysql-export-2026-02-09_pixelfed,newsroom,link,VARCHAR(255),string
drawSQL-mysql-export-2026-02-09_pixelfed,newsroom,force_modal,TINYINT,num
drawSQL-mysql-export-2026-02-09_pixelfed,newsroom,show_timeline,TINYINT,num
drawSQL-mysql-export-2026-02-09_pixelfed,newsroom,show_link,TINYINT,num
drawSQL-mysql-export-2026-02-09_pixelfed,newsroom,auth_only,TINYINT,num
drawSQL-mysql-export-2026-02-09_pixelfed,newsroom,published_at,TIMESTAMP,date
drawSQL-mysql-export-2026-02-09_pixelfed,newsroom,created_at,TIMESTAMP,date
drawSQL-mysql-export-2026-02-09_pixelfed,newsroom,updated_at,TIMESTAMP,date
drawSQL-mysql-export-2026-02-09_pixelfed,notifications,id,BIGINT,num
drawSQL-mysql-export-2026-02-09_pixelfed,notifications,profile_id,BIGINT,num
drawSQL-mysql-export-2026-02-09_pixelfed,notifications,actor_id,BIGINT,num
drawSQL-mysql-export-2026-02-09_pixelfed,notifications,item_id,BIGINT,num
drawSQL-mysql-export-2026-02-09_pixelfed,notifications,item_type,VARCHAR(255),string
drawSQL-mysql-export-2026-02-09_pixelfed,notifications,action,VARCHAR(255),string
drawSQL-mysql-export-2026-02-09_pixelfed,notifications,message,VARCHAR(255),string
drawSQL-mysql-export-2026-02-09_pixelfed,notifications,rendered,VARCHAR(255),string
drawSQL-mysql-export-2026-02-09_pixelfed,notifications,read_at,TIMESTAMP,date
drawSQL-mysql-export-2026-02-09_pixelfed,notifications,created_at,TIMESTAMP,date
drawSQL-mysql-export-2026-02-09_pixelfed,notifications,updated_at,TIMESTAMP,date
drawSQL-mysql-export-2026-02-09_pixelfed,notifications,deleted_at,TIMESTAMP,date
drawSQL-mysql-export-2026-02-09_pixelfed,oauth_access_tokens,id,VARCHAR(255),string
drawSQL-mysql-export-2026-02-09_pixelfed,oauth_access_tokens,user_id,BIGINT,num
drawSQL-mysql-export-2026-02-09_pixelfed,oauth_access_tokens,client_id,INT,num
drawSQL-mysql-export-2026-02-09_pixelfed,oauth_access_tokens,name,VARCHAR(255),string
drawSQL-mysql-export-2026-02-09_pixelfed,oauth_access_tokens,scopes,TEXT,string
drawSQL-mysql-export-2026-02-09_pixelfed,oauth_access_tokens,revoked,TINYINT,num
drawSQL-mysql-export-2026-02-09_pixelfed,oauth_access_tokens,created_at,TIMESTAMP,date
drawSQL-mysql-export-2026-02-09_pixelfed,oauth_access_tokens,updated_at,TIMESTAMP,date
drawSQL-mysql-export-2026-02-09_pixelfed,oauth_access_tokens,expires_at,DATETIME,date
drawSQL-mysql-export-2026-02-09_pixelfed,oauth_auth_codes,id,VARCHAR(255),string
drawSQL-mysql-export-2026-02-09_pixelfed,oauth_auth_codes,user_id,BIGINT,num
drawSQL-mysql-export-2026-02-09_pixelfed,oauth_auth_codes,client_id,INT,num
drawSQL-mysql-export-2026-02-09_pixelfed,oauth_auth_codes,scopes,TEXT,string
drawSQL-mysql-export-2026-02-09_pixelfed,oauth_auth_codes,revoked,TINYINT,num
drawSQL-mysql-export-2026-02-09_pixelfed,oauth_auth_codes,expires_at,DATETIME,date
drawSQL-mysql-export-2026-02-09_pixelfed,oauth_clients,id,INT,num
drawSQL-mysql-export-2026-02-09_pixelfed,oauth_clients,user_id,BIGINT,num
drawSQL-mysql-export-2026-02-09_pixelfed,oauth_clients,name,VARCHAR(255),string
drawSQL-mysql-export-2026-02-09_pixelfed,oauth_clients,secret,VARCHAR(255),string
drawSQL-mysql-export-2026-02-09_pixelfed,oauth_clients,redirect,TEXT,string
drawSQL-mysql-export-2026-02-09_pixelfed,oauth_clients,personal_access_client,TINYINT,num
drawSQL-mysql-export-2026-02-09_pixelfed,oauth_clients,password_client,TINYINT,num
drawSQL-mysql-export-2026-02-09_pixelfed,oauth_clients,revoked,TINYINT,num
drawSQL-mysql-export-2026-02-09_pixelfed,oauth_clients,created_at,TIMESTAMP,date
drawSQL-mysql-export-2026-02-09_pixelfed,oauth_clients,updated_at,TIMESTAMP,date
drawSQL-mysql-export-2026-02-09_pixelfed,oauth_personal_access_clients,id,INT,num
drawSQL-mysql-export-2026-02-09_pixelfed,oauth_personal_access_clients,client_id,INT,num
drawSQL-mysql-export-2026-02-09_pixelfed,oauth_personal_access_clients,created_at,TIMESTAMP,date
drawSQL-mysql-export-2026-02-09_pixelfed,oauth_personal_access_clients,updated_at,TIMESTAMP,date
drawSQL-mysql-export-2026-02-09_pixelfed,oauth_refresh_tokens,id,VARCHAR(255),string
drawSQL-mysql-export-2026-02-09_pixelfed,oauth_refresh_tokens,access_token_id,VARCHAR(255),string
drawSQL-mysql-export-2026-02-09_pixelfed,oauth_refresh_tokens,revoked,TINYINT,num
drawSQL-mysql-export-2026-02-09_pixelfed,oauth_refresh_tokens,expires_at,DATETIME,date
drawSQL-mysql-export-2026-02-09_pixelfed,pages,id,BIGINT,num
drawSQL-mysql-export-2026-02-09_pixelfed,pages,root,VARCHAR(255),string
drawSQL-mysql-export-2026-02-09_pixelfed,pages,slug,VARCHAR(255),string
drawSQL-mysql-export-2026-02-09_pixelfed,pages,title,VARCHAR(255),string
drawSQL-mysql-export-2026-02-09_pixelfed,pages,category_id,INT,num
drawSQL-mysql-export-2026-02-09_pixelfed,pages,content,LONGTEXT,string
drawSQL-mysql-export-2026-02-09_pixelfed,pages,template,VARCHAR(255),string
drawSQL-mysql-export-2026-02-09_pixelfed,pages,active,TINYINT,num
drawSQL-mysql-export-2026-02-09_pixelfed,pages,cached,TINYINT,num
drawSQL-mysql-export-2026-02-09_pixelfed,pages,active_until,TIMESTAMP,date
drawSQL-mysql-export-2026-02-09_pixelfed,pages,created_at,TIMESTAMP,date
drawSQL-mysql-export-2026-02-09_pixelfed,pages,updated_at,TIMESTAMP,date
drawSQL-mysql-export-2026-02-09_pixelfed,password_resets,email,VARCHAR(255),string
drawSQL-mysql-export-2026-02-09_pixelfed,password_resets,token,VARCHAR(255),string
drawSQL-mysql-export-2026-02-09_pixelfed,password_resets,created_at,TIMESTAMP,date
drawSQL-mysql-export-2026-02-09_pixelfed,places,id,BIGINT,num
drawSQL-mysql-export-2026-02-09_pixelfed,places,slug,VARCHAR(255),string
drawSQL-mysql-export-2026-02-09_pixelfed,places,name,VARCHAR(255),string
drawSQL-mysql-export-2026-02-09_pixelfed,places,country,VARCHAR(255),string
drawSQL-mysql-export-2026-02-09_pixelfed,places,aliases,JSON,string
drawSQL-mysql-export-2026-02-09_pixelfed,places,lat,"DECIMAL(8, 2)",num
drawSQL-mysql-export-2026-02-09_pixelfed,places,long,"DECIMAL(8, 2)",num
drawSQL-mysql-export-2026-02-09_pixelfed,places,created_at,TIMESTAMP,date
drawSQL-mysql-export-2026-02-09_pixelfed,places,updated_at,TIMESTAMP,date
drawSQL-mysql-export-2026-02-09_pixelfed,profile_sponsors,id,BIGINT,num
drawSQL-mysql-export-2026-02-09_pixelfed,profile_sponsors,profile_id,BIGINT,num
drawSQL-mysql-export-2026-02-09_pixelfed,profile_sponsors,sponsors,JSON,string
drawSQL-mysql-export-2026-02-09_pixelfed,profile_sponsors,created_at,TIMESTAMP,date
drawSQL-mysql-export-2026-02-09_pixelfed,profile_sponsors,updated_at,TIMESTAMP,date
drawSQL-mysql-export-2026-02-09_pixelfed,profiles,id,BIGINT,num
drawSQL-mysql-export-2026-02-09_pixelfed,profiles,user_id,INT,num
drawSQL-mysql-export-2026-02-09_pixelfed,profiles,domain,VARCHAR(255),string
drawSQL-mysql-export-2026-02-09_pixelfed,profiles,username,VARCHAR(255),string
drawSQL-mysql-export-2026-02-09_pixelfed,profiles,status,VARCHAR(255),string
drawSQL-mysql-export-2026-02-09_pixelfed,profiles,name,VARCHAR(255),string
drawSQL-mysql-export-2026-02-09_pixelfed,profiles,bio,TEXT,string
drawSQL-mysql-export-2026-02-09_pixelfed,profiles,unlisted,TINYINT,num
drawSQL-mysql-export-2026-02-09_pixelfed,profiles,cw,TINYINT,num
drawSQL-mysql-export-2026-02-09_pixelfed,profiles,no_autolink,TINYINT,num
drawSQL-mysql-export-2026-02-09_pixelfed,profiles,location,VARCHAR(255),string
drawSQL-mysql-export-2026-02-09_pixelfed,profiles,website,VARCHAR(255),string
drawSQL-mysql-export-2026-02-09_pixelfed,profiles,profile_layout,VARCHAR(255),string
drawSQL-mysql-export-2026-02-09_pixelfed,profiles,header_bg,VARCHAR(255),string
drawSQL-mysql-export-2026-02-09_pixelfed,profiles,post_layout,VARCHAR(255),string
drawSQL-mysql-export-2026-02-09_pixelfed,profiles,is_private,TINYINT,num
drawSQL-mysql-export-2026-02-09_pixelfed,profiles,sharedInbox,VARCHAR(255),string
drawSQL-mysql-export-2026-02-09_pixelfed,profiles,inbox_url,VARCHAR(255),string
drawSQL-mysql-export-2026-02-09_pixelfed,profiles,outbox_url,VARCHAR(255),string
drawSQL-mysql-export-2026-02-09_pixelfed,profiles,key_id,VARCHAR(255),string
drawSQL-mysql-export-2026-02-09_pixelfed,profiles,follower_url,VARCHAR(255),string
drawSQL-mysql-export-2026-02-09_pixelfed,profiles,following_url,VARCHAR(255),string
drawSQL-mysql-export-2026-02-09_pixelfed,profiles,private_key,TEXT,string
drawSQL-mysql-export-2026-02-09_pixelfed,profiles,public_key,TEXT,string
drawSQL-mysql-export-2026-02-09_pixelfed,profiles,remote_url,VARCHAR(255),string
drawSQL-mysql-export-2026-02-09_pixelfed,profiles,created_at,TIMESTAMP,date
drawSQL-mysql-export-2026-02-09_pixelfed,profiles,updated_at,TIMESTAMP,date
drawSQL-mysql-export-2026-02-09_pixelfed,profiles,deleted_at,TIMESTAMP,date
drawSQL-mysql-export-2026-02-09_pixelfed,profiles,delete_after,TIMESTAMP,date
drawSQL-mysql-export-2026-02-09_pixelfed,profiles,is_suggestable,TINYINT,num
drawSQL-mysql-export-2026-02-09_pixelfed,profiles,last_fetched_at,TIMESTAMP,date
drawSQL-mysql-export-2026-02-09_pixelfed,profiles,status_count,INT,num
drawSQL-mysql-export-2026-02-09_pixelfed,profiles,followers_count,INT,num
drawSQL-mysql-export-2026-02-09_pixelfed,profiles,following_count,INT,num
drawSQL-mysql-export-2026-02-09_pixelfed,profiles,webfinger,VARCHAR(255),string
drawSQL-mysql-export-2026-02-09_pixelfed,profiles,avatar_url,VARCHAR(255),string
drawSQL-mysql-export-2026-02-09_pixelfed,report_comments,id,INT,num
drawSQL-mysql-export-2026-02-09_pixelfed,report_comments,report_id,BIGINT,num
drawSQL-mysql-export-2026-02-09_pixelfed,report_comments,profile_id,BIGINT,num
drawSQL-mysql-export-2026-02-09_pixelfed,report_comments,user_id,BIGINT,num
drawSQL-mysql-export-2026-02-09_pixelfed,report_comments,comment,TEXT,string
drawSQL-mysql-export-2026-02-09_pixelfed,report_comments,created_at,TIMESTAMP,date
drawSQL-mysql-export-2026-02-09_pixelfed,report_comments,updated_at,TIMESTAMP,date
drawSQL-mysql-export-2026-02-09_pixelfed,report_logs,id,INT,num
drawSQL-mysql-export-2026-02-09_pixelfed,report_logs,profile_id,BIGINT,num
drawSQL-mysql-export-2026-02-09_pixelfed,report_logs,item_id,BIGINT,num
drawSQL-mysql-export-2026-02-09_pixelfed,report_logs,item_type,VARCHAR(255),string
drawSQL-mysql-export-2026-02-09_pixelfed,report_logs,action,VARCHAR(255),string
drawSQL-mysql-export-2026-02-09_pixelfed,report_logs,system_message,TINYINT,num
drawSQL-mysql-export-2026-02-09_pixelfed,report_logs,metadata,JSON,string
drawSQL-mysql-export-2026-02-09_pixelfed,report_logs,created_at,TIMESTAMP,date
drawSQL-mysql-export-2026-02-09_pixelfed,report_logs,updated_at,TIMESTAMP,date
drawSQL-mysql-export-2026-02-09_pixelfed,reports,id,BIGINT,num
drawSQL-mysql-export-2026-02-09_pixelfed,reports,profile_id,BIGINT,num
drawSQL-mysql-export-2026-02-09_pixelfed,reports,user_id,BIGINT,num
drawSQL-mysql-export-2026-02-09_pixelfed,reports,object_id,BIGINT,num
drawSQL-mysql-export-2026-02-09_pixelfed,reports,object_type,VARCHAR(255),string
drawSQL-mysql-export-2026-02-09_pixelfed,reports,reported_profile_id,BIGINT,num
drawSQL-mysql-export-2026-02-09_pixelfed,reports,type,VARCHAR(255),string
drawSQL-mysql-export-2026-02-09_pixelfed,reports,message,VARCHAR(255),string
drawSQL-mysql-export-2026-02-09_pixelfed,reports,admin_seen,TIMESTAMP,date
drawSQL-mysql-export-2026-02-09_pixelfed,reports,not_interested,TINYINT,num
drawSQL-mysql-export-2026-02-09_pixelfed,reports,spam,TINYINT,num
drawSQL-mysql-export-2026-02-09_pixelfed,reports,nsfw,TINYINT,num
drawSQL-mysql-export-2026-02-09_pixelfed,reports,abusive,TINYINT,num
drawSQL-mysql-export-2026-02-09_pixelfed,reports,meta,JSON,string
drawSQL-mysql-export-2026-02-09_pixelfed,reports,created_at,TIMESTAMP,date
drawSQL-mysql-export-2026-02-09_pixelfed,reports,updated_at,TIMESTAMP,date
drawSQL-mysql-export-2026-02-09_pixelfed,sessions,id,VARCHAR(255),string
drawSQL-mysql-export-2026-02-09_pixelfed,sessions,user_id,BIGINT,num
drawSQL-mysql-export-2026-02-09_pixelfed,sessions,ip_address,VARCHAR(255),string
drawSQL-mysql-export-2026-02-09_pixelfed,sessions,user_agent,TEXT,string
drawSQL-mysql-export-2026-02-09_pixelfed,sessions,payload,TEXT,string
drawSQL-mysql-export-2026-02-09_pixelfed,sessions,last_activity,INT,num
drawSQL-mysql-export-2026-02-09_pixelfed,status_hashtags,id,BIGINT,num
drawSQL-mysql-export-2026-02-09_pixelfed,status_hashtags,status_id,BIGINT,num
drawSQL-mysql-export-2026-02-09_pixelfed,status_hashtags,hashtag_id,BIGINT,num
drawSQL-mysql-export-2026-02-09_pixelfed,status_hashtags,profile_id,BIGINT,num
drawSQL-mysql-export-2026-02-09_pixelfed,status_hashtags,status_visibility,VARCHAR(255),string
drawSQL-mysql-export-2026-02-09_pixelfed,status_hashtags,created_at,TIMESTAMP,date
drawSQL-mysql-export-2026-02-09_pixelfed,status_hashtags,updated_at,TIMESTAMP,date
drawSQL-mysql-export-2026-02-09_pixelfed,statuses,id,BIGINT,num
drawSQL-mysql-export-2026-02-09_pixelfed,statuses,uri,VARCHAR(255),string
drawSQL-mysql-export-2026-02-09_pixelfed,statuses,caption,TEXT,string
drawSQL-mysql-export-2026-02-09_pixelfed,statuses,rendered,TEXT,string
drawSQL-mysql-export-2026-02-09_pixelfed,statuses,profile_id,BIGINT,num
drawSQL-mysql-export-2026-02-09_pixelfed,statuses,type,VARCHAR(255),string
drawSQL-mysql-export-2026-02-09_pixelfed,statuses,in_reply_to_id,BIGINT,num
drawSQL-mysql-export-2026-02-09_pixelfed,statuses,reblog_of_id,BIGINT,num
drawSQL-mysql-export-2026-02-09_pixelfed,statuses,url,VARCHAR(255),string
drawSQL-mysql-export-2026-02-09_pixelfed,statuses,is_nsfw,TINYINT,num
drawSQL-mysql-export-2026-02-09_pixelfed,statuses,scope,VARCHAR(255),string
drawSQL-mysql-export-2026-02-09_pixelfed,statuses,reply,TINYINT,num
drawSQL-mysql-export-2026-02-09_pixelfed,statuses,likes_count,BIGINT,num
drawSQL-mysql-export-2026-02-09_pixelfed,statuses,reblogs_count,BIGINT,num
drawSQL-mysql-export-2026-02-09_pixelfed,statuses,language,VARCHAR(255),string
drawSQL-mysql-export-2026-02-09_pixelfed,statuses,conversation_id,BIGINT,num
drawSQL-mysql-export-2026-02-09_pixelfed,statuses,local,TINYINT,num
drawSQL-mysql-export-2026-02-09_pixelfed,statuses,application_id,BIGINT,num
drawSQL-mysql-export-2026-02-09_pixelfed,statuses,in_reply_to_profile_id,BIGINT,num
drawSQL-mysql-export-2026-02-09_pixelfed,statuses,entities,JSON,string
drawSQL-mysql-export-2026-02-09_pixelfed,statuses,created_at,TIMESTAMP,date
drawSQL-mysql-export-2026-02-09_pixelfed,statuses,updated_at,TIMESTAMP,date
drawSQL-mysql-export-2026-02-09_pixelfed,statuses,deleted_at,TIMESTAMP,date
drawSQL-mysql-export-2026-02-09_pixelfed,statuses,cw_summary,VARCHAR(255),string
drawSQL-mysql-export-2026-02-09_pixelfed,statuses,reply_count,INT,num
drawSQL-mysql-export-2026-02-09_pixelfed,statuses,comments_disabled,TINYINT,num
drawSQL-mysql-export-2026-02-09_pixelfed,statuses,place_id,BIGINT,num
drawSQL-mysql-export-2026-02-09_pixelfed,statuses,object_url,VARCHAR(255),string
drawSQL-mysql-export-2026-02-09_pixelfed,stories,id,BIGINT,num
drawSQL-mysql-export-2026-02-09_pixelfed,stories,profile_id,BIGINT,num
drawSQL-mysql-export-2026-02-09_pixelfed,stories,type,VARCHAR(255),string
drawSQL-mysql-export-2026-02-09_pixelfed,stories,size,INT,num
drawSQL-mysql-export-2026-02-09_pixelfed,stories,mime,VARCHAR(255),string
drawSQL-mysql-export-2026-02-09_pixelfed,stories,duration,SMALLINT,num
drawSQL-mysql-export-2026-02-09_pixelfed,stories,path,VARCHAR(255),string
drawSQL-mysql-export-2026-02-09_pixelfed,stories,cdn_url,VARCHAR(255),string
drawSQL-mysql-export-2026-02-09_pixelfed,stories,public,TINYINT,num
drawSQL-mysql-export-2026-02-09_pixelfed,stories,local,TINYINT,num
drawSQL-mysql-export-2026-02-09_pixelfed,stories,view_count,INT,num
drawSQL-mysql-export-2026-02-09_pixelfed,stories,comment_count,INT,num
drawSQL-mysql-export-2026-02-09_pixelfed,stories,story,JSON,string
drawSQL-mysql-export-2026-02-09_pixelfed,stories,expires_at,TIMESTAMP,date
drawSQL-mysql-export-2026-02-09_pixelfed,stories,created_at,TIMESTAMP,date
drawSQL-mysql-export-2026-02-09_pixelfed,stories,updated_at,TIMESTAMP,date
drawSQL-mysql-export-2026-02-09_pixelfed,story_views,id,BIGINT,num
drawSQL-mysql-export-2026-02-09_pixelfed,story_views,story_id,BIGINT,num
drawSQL-mysql-export-2026-02-09_pixelfed,story_views,profile_id,BIGINT,num
drawSQL-mysql-export-2026-02-09_pixelfed,story_views,created_at,TIMESTAMP,date
drawSQL-mysql-export-2026-02-09_pixelfed,story_views,updated_at,TIMESTAMP,date
drawSQL-mysql-export-2026-02-09_pixelfed,user_devices,id,BIGINT,num
drawSQL-mysql-export-2026-02-09_pixelfed,user_devices,user_id,BIGINT,num
drawSQL-mysql-export-2026-02-09_pixelfed,user_devices,ip,VARCHAR(255),string
drawSQL-mysql-export-2026-02-09_pixelfed,user_devices,user_agent,VARCHAR(255),string
drawSQL-mysql-export-2026-02-09_pixelfed,user_devices,fingerprint,VARCHAR(255),string
drawSQL-mysql-export-2026-02-09_pixelfed,user_devices,name,VARCHAR(255),string
drawSQL-mysql-export-2026-02-09_pixelfed,user_devices,trusted,TINYINT,num
drawSQL-mysql-export-2026-02-09_pixelfed,user_devices,last_active_at,TIMESTAMP,date
drawSQL-mysql-export-2026-02-09_pixelfed,user_devices,created_at,TIMESTAMP,date
drawSQL-mysql-export-2026-02-09_pixelfed,user_devices,updated_at,TIMESTAMP,date
drawSQL-mysql-export-2026-02-09_pixelfed,user_filters,id,BIGINT,num
drawSQL-mysql-export-2026-02-09_pixelfed,user_filters,user_id,BIGINT,num
drawSQL-mysql-export-2026-02-09_pixelfed,user_filters,filterable_id,BIGINT,num
drawSQL-mysql-export-2026-02-09_pixelfed,user_filters,filterable_type,VARCHAR(255),string
drawSQL-mysql-export-2026-02-09_pixelfed,user_filters,filter_type,VARCHAR(255),string
drawSQL-mysql-export-2026-02-09_pixelfed,user_filters,created_at,TIMESTAMP,date
drawSQL-mysql-export-2026-02-09_pixelfed,user_filters,updated_at,TIMESTAMP,date
drawSQL-mysql-export-2026-02-09_pixelfed,user_invites,id,BIGINT,num
drawSQL-mysql-export-2026-02-09_pixelfed,user_invites,user_id,BIGINT,num
drawSQL-mysql-export-2026-02-09_pixelfed,user_invites,profile_id,BIGINT,num
drawSQL-mysql-export-2026-02-09_pixelfed,user_invites,email,VARCHAR(255),string
drawSQL-mysql-export-2026-02-09_pixelfed,user_invites,message,TEXT,string
drawSQL-mysql-export-2026-02-09_pixelfed,user_invites,key,VARCHAR(255),string
drawSQL-mysql-export-2026-02-09_pixelfed,user_invites,token,VARCHAR(255),string
drawSQL-mysql-export-2026-02-09_pixelfed,user_invites,valid_until,TIMESTAMP,date
drawSQL-mysql-export-2026-02-09_pixelfed,user_invites,used_at,TIMESTAMP,date
drawSQL-mysql-export-2026-02-09_pixelfed,user_invites,created_at,TIMESTAMP,date
drawSQL-mysql-export-2026-02-09_pixelfed,user_invites,updated_at,TIMESTAMP,date
drawSQL-mysql-export-2026-02-09_pixelfed,user_settings,id,BIGINT,num
drawSQL-mysql-export-2026-02-09_pixelfed,user_settings,user_id,BIGINT,num
drawSQL-mysql-export-2026-02-09_pixelfed,user_settings,role,VARCHAR(255),string
drawSQL-mysql-export-2026-02-09_pixelfed,user_settings,crawlable,TINYINT,num
drawSQL-mysql-export-2026-02-09_pixelfed,user_settings,show_guests,TINYINT,num
drawSQL-mysql-export-2026-02-09_pixelfed,user_settings,show_discover,TINYINT,num
drawSQL-mysql-export-2026-02-09_pixelfed,user_settings,public_dm,TINYINT,num
drawSQL-mysql-export-2026-02-09_pixelfed,user_settings,hide_cw_search,TINYINT,num
drawSQL-mysql-export-2026-02-09_pixelfed,user_settings,hide_blocked_search,TINYINT,num
drawSQL-mysql-export-2026-02-09_pixelfed,user_settings,always_show_cw,TINYINT,num
drawSQL-mysql-export-2026-02-09_pixelfed,user_settings,compose_media_descriptions,TINYINT,num
drawSQL-mysql-export-2026-02-09_pixelfed,user_settings,reduce_motion,TINYINT,num
drawSQL-mysql-export-2026-02-09_pixelfed,user_settings,optimize_screen_reader,TINYINT,num
drawSQL-mysql-export-2026-02-09_pixelfed,user_settings,high_contrast_mode,TINYINT,num
drawSQL-mysql-export-2026-02-09_pixelfed,user_settings,video_autoplay,TINYINT,num
drawSQL-mysql-export-2026-02-09_pixelfed,user_settings,send_email_new_follower,TINYINT,num
drawSQL-mysql-export-2026-02-09_pixelfed,user_settings,send_email_new_follower_request,TINYINT,num
drawSQL-mysql-export-2026-02-09_pixelfed,user_settings,send_email_on_share,TINYINT,num
drawSQL-mysql-export-2026-02-09_pixelfed,user_settings,send_email_on_like,TINYINT,num
drawSQL-mysql-export-2026-02-09_pixelfed,user_settings,send_email_on_mention,TINYINT,num
drawSQL-mysql-export-2026-02-09_pixelfed,user_settings,created_at,TIMESTAMP,date
drawSQL-mysql-export-2026-02-09_pixelfed,user_settings,updated_at,TIMESTAMP,date
drawSQL-mysql-export-2026-02-09_pixelfed,user_settings,show_profile_followers,TINYINT,num
drawSQL-mysql-export-2026-02-09_pixelfed,user_settings,show_profile_follower_count,TINYINT,num
drawSQL-mysql-export-2026-02-09_pixelfed,user_settings,show_profile_following,TINYINT,num
drawSQL-mysql-export-2026-02-09_pixelfed,user_settings,show_profile_following_count,TINYINT,num
drawSQL-mysql-export-2026-02-09_pixelfed,users,id,BIGINT,num
drawSQL-mysql-export-2026-02-09_pixelfed,users,profile_id,BIGINT,num
drawSQL-mysql-export-2026-02-09_pixelfed,users,name,VARCHAR(255),string
drawSQL-mysql-export-2026-02-09_pixelfed,users,username,VARCHAR(255),string
drawSQL-mysql-export-2026-02-09_pixelfed,users,email,VARCHAR(255),string
drawSQL-mysql-export-2026-02-09_pixelfed,users,status,VARCHAR(255),string
drawSQL-mysql-export-2026-02-09_pixelfed,users,language,VARCHAR(255),string
drawSQL-mysql-export-2026-02-09_pixelfed,users,password,VARCHAR(255),string
drawSQL-mysql-export-2026-02-09_pixelfed,users,remember_token,VARCHAR(255),string
drawSQL-mysql-export-2026-02-09_pixelfed,users,is_admin,TINYINT,num
drawSQL-mysql-export-2026-02-09_pixelfed,users,email_verified_at,TIMESTAMP,date
drawSQL-mysql-export-2026-02-09_pixelfed,users,created_at,TIMESTAMP,date
drawSQL-mysql-export-2026-02-09_pixelfed,users,updated_at,TIMESTAMP,date
drawSQL-mysql-export-2026-02-09_pixelfed,users,deleted_at,TIMESTAMP,date
drawSQL-mysql-export-2026-02-09_pixelfed,users,2fa_enabled,TINYINT,num
drawSQL-mysql-export-2026-02-09_pixelfed,users,2fa_secret,VARCHAR(255),string
drawSQL-mysql-export-2026-02-09_pixelfed,users,2fa_backup_codes,JSON,string
drawSQL-mysql-export-2026-02-09_pixelfed,users,2fa_setup_at,TIMESTAMP,date
drawSQL-mysql-export-2026-02-09_pixelfed,users,delete_after,TIMESTAMP,date
drawSQL-mysql-export-2026-02-09_pixelfed,websockets_statistics_entries,id,INT,num
drawSQL-mysql-export-2026-02-09_pixelfed,websockets_statistics_entries,app_id,VARCHAR(255),string
drawSQL-mysql-export-2026-02-09_pixelfed,websockets_statistics_entries,peak_connection_count,INT,num
drawSQL-mysql-export-2026-02-09_pixelfed,websockets_statistics_entries,websocket_message_count,INT,num
drawSQL-mysql-export-2026-02-09_pixelfed,websockets_statistics_entries,api_message_count,INT,num
drawSQL-mysql-export-2026-02-09_pixelfed,websockets_statistics_entries,created_at,TIMESTAMP,date
drawSQL-mysql-export-2026-02-09_pixelfed,websockets_statistics_entries,updated_at,TIMESTAMP,date
drawSQL-mysql-export-2026-02-09_polr,clicks,id,INT,num
drawSQL-mysql-export-2026-02-09_polr,clicks,ip,VARCHAR(255),string
drawSQL-mysql-export-2026-02-09_polr,clicks,country,VARCHAR(255),string
drawSQL-mysql-export-2026-02-09_polr,clicks,referer,VARCHAR(255),string
drawSQL-mysql-export-2026-02-09_polr,clicks,referer_host,VARCHAR(255),string
drawSQL-mysql-export-2026-02-09_polr,clicks,user_agent,TEXT,string
drawSQL-mysql-export-2026-02-09_polr,clicks,link_id,INT,num
drawSQL-mysql-export-2026-02-09_polr,clicks,created_at,TIMESTAMP,date
drawSQL-mysql-export-2026-02-09_polr,clicks,updated_at,TIMESTAMP,date
drawSQL-mysql-export-2026-02-09_polr,links,id,INT,num
drawSQL-mysql-export-2026-02-09_polr,links,short_url,VARCHAR(255),string
drawSQL-mysql-export-2026-02-09_polr,links,long_url,LONGTEXT,string
drawSQL-mysql-export-2026-02-09_polr,links,ip,VARCHAR(255),string
drawSQL-mysql-export-2026-02-09_polr,links,creator,VARCHAR(255),string
drawSQL-mysql-export-2026-02-09_polr,links,clicks,INT,num
drawSQL-mysql-export-2026-02-09_polr,links,secret_key,VARCHAR(255),string
drawSQL-mysql-export-2026-02-09_polr,links,is_disabled,TINYINT,num
drawSQL-mysql-export-2026-02-09_polr,links,is_custom,TINYINT,num
drawSQL-mysql-export-2026-02-09_polr,links,is_api,TINYINT,num
drawSQL-mysql-export-2026-02-09_polr,links,created_at,TIMESTAMP,date
drawSQL-mysql-export-2026-02-09_polr,links,updated_at,TIMESTAMP,date
drawSQL-mysql-export-2026-02-09_polr,links,long_url_hash,VARCHAR(255),string
drawSQL-mysql-export-2026-02-09_polr,migrations,migration,VARCHAR(255),string
drawSQL-mysql-export-2026-02-09_polr,migrations,batch,INT,num
drawSQL-mysql-export-2026-02-09_polr,users,id,INT,num
drawSQL-mysql-export-2026-02-09_polr,users,username,VARCHAR(255),string
drawSQL-mysql-export-2026-02-09_polr,users,password,VARCHAR(255),string
drawSQL-mysql-export-2026-02-09_polr,users,email,VARCHAR(255),string
drawSQL-mysql-export-2026-02-09_polr,users,ip,TEXT,string
drawSQL-mysql-export-2026-02-09_polr,users,recovery_key,VARCHAR(255),string
drawSQL-mysql-export-2026-02-09_polr,users,role,VARCHAR(255),string
drawSQL-mysql-export-2026-02-09_polr,users,active,VARCHAR(255),string
drawSQL-mysql-export-2026-02-09_polr,users,api_key,VARCHAR(255),string
drawSQL-mysql-export-2026-02-09_polr,users,api_active,TINYINT,num
drawSQL-mysql-export-2026-02-09_polr,users,api_quota,VARCHAR(255),string
drawSQL-mysql-export-2026-02-09_polr,users,created_at,TIMESTAMP,date
drawSQL-mysql-export-2026-02-09_polr,users,updated_at,TIMESTAMP,date
drawSQL-mysql-export-2026-02-09_polr,users,deleted_at,TIMESTAMP,date
drawSQL-mysql-export-2026-02-09_screenly,api_keys,id,INT,num
drawSQL-mysql-export-2026-02-09_screenly,api_keys,name,VARCHAR(255),string
drawSQL-mysql-export-2026-02-09_screenly,api_keys,key,VARCHAR(255),string
drawSQL-mysql-export-2026-02-09_screenly,api_keys,user_id,INT,num
drawSQL-mysql-export-2026-02-09_screenly,api_keys,created_at,TIMESTAMP,date
drawSQL-mysql-export-2026-02-09_screenly,api_keys,updated_at,TIMESTAMP,date
drawSQL-mysql-export-2026-02-09_screenly,api_log,id,INT,num
drawSQL-mysql-export-2026-02-09_screenly,api_log,user_id,INT,num
drawSQL-mysql-export-2026-02-09_screenly,api_log,api_key_id,INT,num
drawSQL-mysql-export-2026-02-09_screenly,api_log,images,TEXT,string
drawSQL-mysql-export-2026-02-09_screenly,api_log,created_at,TIMESTAMP,date
drawSQL-mysql-export-2026-02-09_screenly,api_log,updated_at,TIMESTAMP,date
drawSQL-mysql-export-2026-02-09_screenly,migrations,id,INT,num
drawSQL-mysql-export-2026-02-09_screenly,migrations,migration,VARCHAR(255),string
drawSQL-mysql-export-2026-02-09_screenly,migrations,batch,INT,num
drawSQL-mysql-export-2026-02-09_screenly,password_resets,email,VARCHAR(255),string
drawSQL-mysql-export-2026-02-09_screenly,password_resets,token,VARCHAR(255),string
drawSQL-mysql-export-2026-02-09_screenly,password_resets,created_at,TIMESTAMP,date
drawSQL-mysql-export-2026-02-09_screenly,users,id,INT,num
drawSQL-mysql-export-2026-02-09_screenly,users,email,VARCHAR(255),string
drawSQL-mysql-export-2026-02-09_screenly,users,token,VARCHAR(255),string
drawSQL-mysql-export-2026-02-09_screenly,users,provider,VARCHAR(255),string
drawSQL-mysql-export-2026-02-09_screenly,users,provider_id,VARCHAR(255),string
drawSQL-mysql-export-2026-02-09_screenly,users,created_at,DATETIME,date
drawSQL-mysql-export-2026-02-09_screenly,users,updated_at,DATETIME,date
drawSQL-mysql-export-2026-02-09_screenly,users,name,VARCHAR(255),string
drawSQL-mysql-export-2026-02-09_screenly,users,password,VARCHAR(255),string
drawSQL-mysql-export-2026-02-09_screenly,users,remember_token,VARCHAR(255),string
drawSQL-mysql-export-2026-02-09_servermonitor,checks,id,INT,num
drawSQL-mysql-export-2026-02-09_servermonitor,checks,host_id,INT,num
drawSQL-mysql-export-2026-02-09_servermonitor,checks,type,VARCHAR(255),string
drawSQL-mysql-export-2026-02-09_servermonitor,checks,status,VARCHAR(255),string
drawSQL-mysql-export-2026-02-09_servermonitor,checks,enabled,BOOLEAN,boolean
drawSQL-mysql-export-2026-02-09_servermonitor,checks,last_run_message,TEXT,string
drawSQL-mysql-export-2026-02-09_servermonitor,checks,last_run_output,JSON,string
drawSQL-mysql-export-2026-02-09_servermonitor,checks,last_ran_at,TIME,date
drawSQL-mysql-export-2026-02-09_servermonitor,checks,next_run_in_minutes,INT,num
drawSQL-mysql-export-2026-02-09_servermonitor,checks,started_throttling_failing_notifications_at,TIMESTAMP,date
drawSQL-mysql-export-2026-02-09_servermonitor,checks,custom_properties,JSON,string
drawSQL-mysql-export-2026-02-09_servermonitor,checks,created_at,TIMESTAMP,date
drawSQL-mysql-export-2026-02-09_servermonitor,checks,updated_at,TIMESTAMP,date
drawSQL-mysql-export-2026-02-09_servermonitor,hosts,id,INT,num
drawSQL-mysql-export-2026-02-09_servermonitor,hosts,name,VARCHAR(255),string
drawSQL-mysql-export-2026-02-09_servermonitor,hosts,ssh_user,VARCHAR(255),string
drawSQL-mysql-export-2026-02-09_servermonitor,hosts,port,INT,num
drawSQL-mysql-export-2026-02-09_servermonitor,hosts,ip,VARCHAR(255),string
drawSQL-mysql-export-2026-02-09_servermonitor,hosts,custom_properties,JSON,string
drawSQL-mysql-export-2026-02-09_servermonitor,hosts,created_at,TIMESTAMP,date
drawSQL-mysql-export-2026-02-09_servermonitor,hosts,updated_at,TIMESTAMP,date
drawSQL-mysql-export-2026-02-09_stats,tracker_agents,id,BIGINT,num
drawSQL-mysql-export-2026-02-09_stats,tracker_agents,name,MEDIUMTEXT,string
drawSQL-mysql-export-2026-02-09_stats,tracker_agents,browser,VARCHAR(255),string
drawSQL-mysql-export-2026-02-09_stats,tracker_agents,browser_version,VARCHAR(255),string
drawSQL-mysql-export-2026-02-09_stats,tracker_agents,created_at,TIMESTAMP,date
drawSQL-mysql-export-2026-02-09_stats,tracker_agents,updated_at,TIMESTAMP,date
drawSQL-mysql-export-2026-02-09_stats,tracker_agents,name_hash,VARCHAR(255),string
drawSQL-mysql-export-2026-02-09_stats,tracker_connections,id,BIGINT,num
drawSQL-mysql-export-2026-02-09_stats,tracker_connections,name,VARCHAR(255),string
drawSQL-mysql-export-2026-02-09_stats,tracker_connections,created_at,TIMESTAMP,date
drawSQL-mysql-export-2026-02-09_stats,tracker_connections,updated_at,TIMESTAMP,date
drawSQL-mysql-export-2026-02-09_stats,tracker_cookies,id,BIGINT,num
drawSQL-mysql-export-2026-02-09_stats,tracker_cookies,uuid,VARCHAR(255),string
drawSQL-mysql-export-2026-02-09_stats,tracker_cookies,created_at,TIMESTAMP,date
drawSQL-mysql-export-2026-02-09_stats,tracker_cookies,updated_at,TIMESTAMP,date
drawSQL-mysql-export-2026-02-09_stats,tracker_devices,id,BIGINT,num
drawSQL-mysql-export-2026-02-09_stats,tracker_devices,kind,VARCHAR(255),string
drawSQL-mysql-export-2026-02-09_stats,tracker_devices,model,VARCHAR(255),string
drawSQL-mysql-export-2026-02-09_stats,tracker_devices,platform,VARCHAR(255),string
drawSQL-mysql-export-2026-02-09_stats,tracker_devices,platform_version,VARCHAR(255),string
drawSQL-mysql-export-2026-02-09_stats,tracker_devices,is_mobile,TINYINT,num
drawSQL-mysql-export-2026-02-09_stats,tracker_devices,created_at,TIMESTAMP,date
drawSQL-mysql-export-2026-02-09_stats,tracker_devices,updated_at,TIMESTAMP,date
drawSQL-mysql-export-2026-02-09_stats,tracker_domains,id,BIGINT,num
drawSQL-mysql-export-2026-02-09_stats,tracker_domains,name,VARCHAR(255),string
drawSQL-mysql-export-2026-02-09_stats,tracker_domains,created_at,TIMESTAMP,date
drawSQL-mysql-export-2026-02-09_stats,tracker_domains,updated_at,TIMESTAMP,date
drawSQL-mysql-export-2026-02-09_stats,tracker_errors,id,BIGINT,num
drawSQL-mysql-export-2026-02-09_stats,tracker_errors,code,VARCHAR(255),string
drawSQL-mysql-export-2026-02-09_stats,tracker_errors,message,VARCHAR(255),string
drawSQL-mysql-export-2026-02-09_stats,tracker_errors,created_at,TIMESTAMP,date
drawSQL-mysql-export-2026-02-09_stats,tracker_errors,updated_at,TIMESTAMP,date
drawSQL-mysql-export-2026-02-09_stats,tracker_events,id,BIGINT,num
drawSQL-mysql-export-2026-02-09_stats,tracker_events,name,VARCHAR(255),string
drawSQL-mysql-export-2026-02-09_stats,tracker_events,created_at,TIMESTAMP,date
drawSQL-mysql-export-2026-02-09_stats,tracker_events,updated_at,TIMESTAMP,date
drawSQL-mysql-export-2026-02-09_stats,tracker_events_log,id,BIGINT,num
drawSQL-mysql-export-2026-02-09_stats,tracker_events_log,event_id,BIGINT,num
drawSQL-mysql-export-2026-02-09_stats,tracker_events_log,class_id,BIGINT,num
drawSQL-mysql-export-2026-02-09_stats,tracker_events_log,log_id,BIGINT,num
drawSQL-mysql-export-2026-02-09_stats,tracker_events_log,created_at,TIMESTAMP,date
drawSQL-mysql-export-2026-02-09_stats,tracker_events_log,updated_at,TIMESTAMP,date
drawSQL-mysql-export-2026-02-09_stats,tracker_geoip,id,BIGINT,num
drawSQL-mysql-export-2026-02-09_stats,tracker_geoip,latitude,DOUBLE,num
drawSQL-mysql-export-2026-02-09_stats,tracker_geoip,longitude,DOUBLE,num
drawSQL-mysql-export-2026-02-09_stats,tracker_geoip,country_code,VARCHAR(255),string
drawSQL-mysql-export-2026-02-09_stats,tracker_geoip,country_code3,VARCHAR(255),string
drawSQL-mysql-export-2026-02-09_stats,tracker_geoip,country_name,VARCHAR(255),string
drawSQL-mysql-export-2026-02-09_stats,tracker_geoip,region,VARCHAR(255),string
drawSQL-mysql-export-2026-02-09_stats,tracker_geoip,city,VARCHAR(255),string
drawSQL-mysql-export-2026-02-09_stats,tracker_geoip,postal_code,VARCHAR(255),string
drawSQL-mysql-export-2026-02-09_stats,tracker_geoip,area_code,BIGINT,num
drawSQL-mysql-export-2026-02-09_stats,tracker_geoip,dma_code,DOUBLE,num
drawSQL-mysql-export-2026-02-09_stats,tracker_geoip,metro_code,DOUBLE,num
drawSQL-mysql-export-2026-02-09_stats,tracker_geoip,continent_code,VARCHAR(255),string
drawSQL-mysql-export-2026-02-09_stats,tracker_geoip,created_at,TIMESTAMP,date
drawSQL-mysql-export-2026-02-09_stats,tracker_geoip,updated_at,TIMESTAMP,date
drawSQL-mysql-export-2026-02-09_stats,tracker_languages,id,BIGINT,num
drawSQL-mysql-export-2026-02-09_stats,tracker_languages,preference,VARCHAR(255),string
drawSQL-mysql-export-2026-02-09_stats,tracker_languages,range,VARCHAR(255),string
drawSQL-mysql-export-2026-02-09_stats,tracker_languages,created_at,TIMESTAMP,date
drawSQL-mysql-export-2026-02-09_stats,tracker_languages,updated_at,TIMESTAMP,date
drawSQL-mysql-export-2026-02-09_stats,tracker_log,id,BIGINT,num
drawSQL-mysql-export-2026-02-09_stats,tracker_log,session_id,BIGINT,num
drawSQL-mysql-export-2026-02-09_stats,tracker_log,path_id,BIGINT,num
drawSQL-mysql-export-2026-02-09_stats,tracker_log,query_id,BIGINT,num
drawSQL-mysql-export-2026-02-09_stats,tracker_log,method,VARCHAR(255),string
drawSQL-mysql-export-2026-02-09_stats,tracker_log,route_path_id,BIGINT,num
drawSQL-mysql-export-2026-02-09_stats,tracker_log,is_ajax,TINYINT,num
drawSQL-mysql-export-2026-02-09_stats,tracker_log,is_secure,TINYINT,num
drawSQL-mysql-export-2026-02-09_stats,tracker_log,is_json,TINYINT,num
drawSQL-mysql-export-2026-02-09_stats,tracker_log,wants_json,TINYINT,num
drawSQL-mysql-export-2026-02-09_stats,tracker_log,error_id,BIGINT,num
drawSQL-mysql-export-2026-02-09_stats,tracker_log,created_at,TIMESTAMP,date
drawSQL-mysql-export-2026-02-09_stats,tracker_log,updated_at,TIMESTAMP,date
drawSQL-mysql-export-2026-02-09_stats,tracker_log,referer_id,INT,num
drawSQL-mysql-export-2026-02-09_stats,tracker_paths,id,BIGINT,num
drawSQL-mysql-export-2026-02-09_stats,tracker_paths,path,VARCHAR(255),string
drawSQL-mysql-export-2026-02-09_stats,tracker_paths,created_at,TIMESTAMP,date
drawSQL-mysql-export-2026-02-09_stats,tracker_paths,updated_at,TIMESTAMP,date
drawSQL-mysql-export-2026-02-09_stats,tracker_queries,id,BIGINT,num
drawSQL-mysql-export-2026-02-09_stats,tracker_queries,query,VARCHAR(255),string
drawSQL-mysql-export-2026-02-09_stats,tracker_queries,created_at,TIMESTAMP,date
drawSQL-mysql-export-2026-02-09_stats,tracker_queries,updated_at,TIMESTAMP,date
drawSQL-mysql-export-2026-02-09_stats,tracker_query_arguments,id,BIGINT,num
drawSQL-mysql-export-2026-02-09_stats,tracker_query_arguments,query_id,BIGINT,num
drawSQL-mysql-export-2026-02-09_stats,tracker_query_arguments,argument,VARCHAR(255),string
drawSQL-mysql-export-2026-02-09_stats,tracker_query_arguments,value,VARCHAR(255),string
drawSQL-mysql-export-2026-02-09_stats,tracker_query_arguments,created_at,TIMESTAMP,date
drawSQL-mysql-export-2026-02-09_stats,tracker_query_arguments,updated_at,TIMESTAMP,date
drawSQL-mysql-export-2026-02-09_stats,tracker_referers,id,BIGINT,num
drawSQL-mysql-export-2026-02-09_stats,tracker_referers,domain_id,BIGINT,num
drawSQL-mysql-export-2026-02-09_stats,tracker_referers,url,VARCHAR(255),string
drawSQL-mysql-export-2026-02-09_stats,tracker_referers,host,VARCHAR(255),string
drawSQL-mysql-export-2026-02-09_stats,tracker_referers,created_at,TIMESTAMP,date
drawSQL-mysql-export-2026-02-09_stats,tracker_referers,updated_at,TIMESTAMP,date
drawSQL-mysql-export-2026-02-09_stats,tracker_referers,medium,VARCHAR(255),string
drawSQL-mysql-export-2026-02-09_stats,tracker_referers,source,VARCHAR(255),string
drawSQL-mysql-export-2026-02-09_stats,tracker_referers,search_terms_hash,VARCHAR(255),string
drawSQL-mysql-export-2026-02-09_stats,tracker_referers_search_terms,id,BIGINT,num
drawSQL-mysql-export-2026-02-09_stats,tracker_referers_search_terms,referer_id,BIGINT,num
drawSQL-mysql-export-2026-02-09_stats,tracker_referers_search_terms,search_term,VARCHAR(255),string
drawSQL-mysql-export-2026-02-09_stats,tracker_referers_search_terms,created_at,TIMESTAMP,date
drawSQL-mysql-export-2026-02-09_stats,tracker_referers_search_terms,updated_at,TIMESTAMP,date
drawSQL-mysql-export-2026-02-09_stats,tracker_route_path_parameters,id,BIGINT,num
drawSQL-mysql-export-2026-02-09_stats,tracker_route_path_parameters,route_path_id,BIGINT,num
drawSQL-mysql-export-2026-02-09_stats,tracker_route_path_parameters,parameter,VARCHAR(255),string
drawSQL-mysql-export-2026-02-09_stats,tracker_route_path_parameters,value,VARCHAR(255),string
drawSQL-mysql-export-2026-02-09_stats,tracker_route_path_parameters,created_at,TIMESTAMP,date
drawSQL-mysql-export-2026-02-09_stats,tracker_route_path_parameters,updated_at,TIMESTAMP,date
drawSQL-mysql-export-2026-02-09_stats,tracker_route_paths,id,BIGINT,num
drawSQL-mysql-export-2026-02-09_stats,tracker_route_paths,route_id,BIGINT,num
drawSQL-mysql-export-2026-02-09_stats,tracker_route_paths,path,VARCHAR(255),string
drawSQL-mysql-export-2026-02-09_stats,tracker_route_paths,created_at,TIMESTAMP,date
drawSQL-mysql-export-2026-02-09_stats,tracker_route_paths,updated_at,TIMESTAMP,date
drawSQL-mysql-export-2026-02-09_stats,tracker_routes,id,BIGINT,num
drawSQL-mysql-export-2026-02-09_stats,tracker_routes,name,VARCHAR(255),string
drawSQL-mysql-export-2026-02-09_stats,tracker_routes,action,VARCHAR(255),string
drawSQL-mysql-export-2026-02-09_stats,tracker_routes,created_at,TIMESTAMP,date
drawSQL-mysql-export-2026-02-09_stats,tracker_routes,updated_at,TIMESTAMP,date
drawSQL-mysql-export-2026-02-09_stats,tracker_sessions,id,BIGINT,num
drawSQL-mysql-export-2026-02-09_stats,tracker_sessions,uuid,VARCHAR(255),string
drawSQL-mysql-export-2026-02-09_stats,tracker_sessions,user_id,BIGINT,num
drawSQL-mysql-export-2026-02-09_stats,tracker_sessions,device_id,BIGINT,num
drawSQL-mysql-export-2026-02-09_stats,tracker_sessions,agent_id,BIGINT,num
drawSQL-mysql-export-2026-02-09_stats,tracker_sessions,client_ip,VARCHAR(255),string
drawSQL-mysql-export-2026-02-09_stats,tracker_sessions,referer_id,BIGINT,num
drawSQL-mysql-export-2026-02-09_stats,tracker_sessions,cookie_id,BIGINT,num
drawSQL-mysql-export-2026-02-09_stats,tracker_sessions,geoip_id,BIGINT,num
drawSQL-mysql-export-2026-02-09_stats,tracker_sessions,is_robot,TINYINT,num
drawSQL-mysql-export-2026-02-09_stats,tracker_sessions,created_at,TIMESTAMP,date
drawSQL-mysql-export-2026-02-09_stats,tracker_sessions,updated_at,TIMESTAMP,date
drawSQL-mysql-export-2026-02-09_stats,tracker_sessions,language_id,BIGINT,num
drawSQL-mysql-export-2026-02-09_stats,tracker_sql_queries,id,BIGINT,num
drawSQL-mysql-export-2026-02-09_stats,tracker_sql_queries,sha1,VARCHAR(255),string
drawSQL-mysql-export-2026-02-09_stats,tracker_sql_queries,statement,TEXT,string
drawSQL-mysql-export-2026-02-09_stats,tracker_sql_queries,time,DOUBLE,num
drawSQL-mysql-export-2026-02-09_stats,tracker_sql_queries,connection_id,INT,num
drawSQL-mysql-export-2026-02-09_stats,tracker_sql_queries,created_at,TIMESTAMP,date
drawSQL-mysql-export-2026-02-09_stats,tracker_sql_queries,updated_at,TIMESTAMP,date
drawSQL-mysql-export-2026-02-09_stats,tracker_sql_queries_log,id,BIGINT,num
drawSQL-mysql-export-2026-02-09_stats,tracker_sql_queries_log,log_id,BIGINT,num
drawSQL-mysql-export-2026-02-09_stats,tracker_sql_queries_log,sql_query_id,BIGINT,num
drawSQL-mysql-export-2026-02-09_stats,tracker_sql_queries_log,created_at,TIMESTAMP,date
drawSQL-mysql-export-2026-02-09_stats,tracker_sql_queries_log,updated_at,TIMESTAMP,date
drawSQL-mysql-export-2026-02-09_stats,tracker_sql_query_bindings,id,BIGINT,num
drawSQL-mysql-export-2026-02-09_stats,tracker_sql_query_bindings,sha1,VARCHAR(255),string
drawSQL-mysql-export-2026-02-09_stats,tracker_sql_query_bindings,serialized,TEXT,string
drawSQL-mysql-export-2026-02-09_stats,tracker_sql_query_bindings,created_at,TIMESTAMP,date
drawSQL-mysql-export-2026-02-09_stats,tracker_sql_query_bindings,updated_at,TIMESTAMP,date
drawSQL-mysql-export-2026-02-09_stats,tracker_sql_query_bindings_parameters,id,BIGINT,num
drawSQL-mysql-export-2026-02-09_stats,tracker_sql_query_bindings_parameters,sql_query_bindings_id,BIGINT,num
drawSQL-mysql-export-2026-02-09_stats,tracker_sql_query_bindings_parameters,name,VARCHAR(255),string
drawSQL-mysql-export-2026-02-09_stats,tracker_sql_query_bindings_parameters,value,TEXT,string
drawSQL-mysql-export-2026-02-09_stats,tracker_sql_query_bindings_parameters,created_at,TIMESTAMP,date
drawSQL-mysql-export-2026-02-09_stats,tracker_sql_query_bindings_parameters,updated_at,TIMESTAMP,date
drawSQL-mysql-export-2026-02-09_stats,tracker_system_classes,id,BIGINT,num
drawSQL-mysql-export-2026-02-09_stats,tracker_system_classes,name,VARCHAR(255),string
drawSQL-mysql-export-2026-02-09_stats,tracker_system_classes,created_at,TIMESTAMP,date
drawSQL-mysql-export-2026-02-09_stats,tracker_system_classes,updated_at,TIMESTAMP,date
drawSQL-mysql-export-2026-02-09_staytus,api_tokens,id,INT,num
drawSQL-mysql-export-2026-02-09_staytus,api_tokens,name,VARCHAR(255),string
drawSQL-mysql-export-2026-02-09_staytus,api_tokens,token,VARCHAR(255),string
drawSQL-mysql-export-2026-02-09_staytus,api_tokens,secret,VARCHAR(255),string
drawSQL-mysql-export-2026-02-09_staytus,api_tokens,created_at,DATETIME,date
drawSQL-mysql-export-2026-02-09_staytus,api_tokens,updated_at,DATETIME,date
drawSQL-mysql-export-2026-02-09_staytus,delayed_jobs,id,INT,num
drawSQL-mysql-export-2026-02-09_staytus,delayed_jobs,priority,INT,num
drawSQL-mysql-export-2026-02-09_staytus,delayed_jobs,attempts,INT,num
drawSQL-mysql-export-2026-02-09_staytus,delayed_jobs,handler,TEXT,string
drawSQL-mysql-export-2026-02-09_staytus,delayed_jobs,last_error,TEXT,string
drawSQL-mysql-export-2026-02-09_staytus,delayed_jobs,run_at,DATETIME,date
drawSQL-mysql-export-2026-02-09_staytus,delayed_jobs,locked_at,DATETIME,date
drawSQL-mysql-export-2026-02-09_staytus,delayed_jobs,failed_at,DATETIME,date
drawSQL-mysql-export-2026-02-09_staytus,delayed_jobs,locked_by,VARCHAR(255),string
drawSQL-mysql-export-2026-02-09_staytus,delayed_jobs,queue,VARCHAR(255),string
drawSQL-mysql-export-2026-02-09_staytus,delayed_jobs,created_at,DATETIME,date
drawSQL-mysql-export-2026-02-09_staytus,delayed_jobs,updated_at,DATETIME,date
drawSQL-mysql-export-2026-02-09_staytus,email_templates,id,INT,num
drawSQL-mysql-export-2026-02-09_staytus,email_templates,name,VARCHAR(255),string
drawSQL-mysql-export-2026-02-09_staytus,email_templates,subject,VARCHAR(255),string
drawSQL-mysql-export-2026-02-09_staytus,email_templates,content,TEXT,string
drawSQL-mysql-export-2026-02-09_staytus,email_templates,created_at,DATETIME,date
drawSQL-mysql-export-2026-02-09_staytus,email_templates,updated_at,DATETIME,date
drawSQL-mysql-export-2026-02-09_staytus,history_items,id,INT,num
drawSQL-mysql-export-2026-02-09_staytus,history_items,item_type,VARCHAR(255),string
drawSQL-mysql-export-2026-02-09_staytus,history_items,item_id,INT,num
drawSQL-mysql-export-2026-02-09_staytus,history_items,date,DATETIME,date
drawSQL-mysql-export-2026-02-09_staytus,issue_service_joins,id,INT,num
drawSQL-mysql-export-2026-02-09_staytus,issue_service_joins,issue_id,INT,num
drawSQL-mysql-export-2026-02-09_staytus,issue_service_joins,service_id,INT,num
drawSQL-mysql-export-2026-02-09_staytus,issue_service_joins,created_at,DATETIME,date
drawSQL-mysql-export-2026-02-09_staytus,issue_service_joins,updated_at,DATETIME,date
drawSQL-mysql-export-2026-02-09_staytus,issue_updates,id,INT,num
drawSQL-mysql-export-2026-02-09_staytus,issue_updates,issue_id,INT,num
drawSQL-mysql-export-2026-02-09_staytus,issue_updates,user_id,INT,num
drawSQL-mysql-export-2026-02-09_staytus,issue_updates,service_status_id,INT,num
drawSQL-mysql-export-2026-02-09_staytus,issue_updates,state,VARCHAR(255),string
drawSQL-mysql-export-2026-02-09_staytus,issue_updates,text,TEXT,string
drawSQL-mysql-export-2026-02-09_staytus,issue_updates,created_at,DATETIME,date
drawSQL-mysql-export-2026-02-09_staytus,issue_updates,updated_at,DATETIME,date
drawSQL-mysql-export-2026-02-09_staytus,issue_updates,identifier,VARCHAR(255),string
drawSQL-mysql-export-2026-02-09_staytus,issue_updates,notify,TINYINT,num
drawSQL-mysql-export-2026-02-09_staytus,issues,id,INT,num
drawSQL-mysql-export-2026-02-09_staytus,issues,title,VARCHAR(255),string
drawSQL-mysql-export-2026-02-09_staytus,issues,state,VARCHAR(255),string
drawSQL-mysql-export-2026-02-09_staytus,issues,service_status_id,INT,num
drawSQL-mysql-export-2026-02-09_staytus,issues,all_services,TINYINT,num
drawSQL-mysql-export-2026-02-09_staytus,issues,created_at,DATETIME,date
drawSQL-mysql-export-2026-02-09_staytus,issues,updated_at,DATETIME,date
drawSQL-mysql-export-2026-02-09_staytus,issues,user_id,INT,num
drawSQL-mysql-export-2026-02-09_staytus,issues,identifier,VARCHAR(255),string
drawSQL-mysql-export-2026-02-09_staytus,issues,notify,TINYINT,num
drawSQL-mysql-export-2026-02-09_staytus,maintenance_service_joins,id,INT,num
drawSQL-mysql-export-2026-02-09_staytus,maintenance_service_joins,maintenance_id,INT,num
drawSQL-mysql-export-2026-02-09_staytus,maintenance_service_joins,service_id,INT,num
drawSQL-mysql-export-2026-02-09_staytus,maintenance_service_joins,created_at,DATETIME,date
drawSQL-mysql-export-2026-02-09_staytus,maintenance_service_joins,updated_at,DATETIME,date
drawSQL-mysql-export-2026-02-09_staytus,maintenance_updates,id,INT,num
drawSQL-mysql-export-2026-02-09_staytus,maintenance_updates,maintenance_id,INT,num
drawSQL-mysql-export-2026-02-09_staytus,maintenance_updates,user_id,INT,num
drawSQL-mysql-export-2026-02-09_staytus,maintenance_updates,text,TEXT,string
drawSQL-mysql-export-2026-02-09_staytus,maintenance_updates,created_at,DATETIME,date
drawSQL-mysql-export-2026-02-09_staytus,maintenance_updates,updated_at,DATETIME,date
drawSQL-mysql-export-2026-02-09_staytus,maintenance_updates,identifier,VARCHAR(255),string
drawSQL-mysql-export-2026-02-09_staytus,maintenance_updates,notify,TINYINT,num
drawSQL-mysql-export-2026-02-09_staytus,maintenances,id,INT,num
drawSQL-mysql-export-2026-02-09_staytus,maintenances,title,VARCHAR(255),string
drawSQL-mysql-export-2026-02-09_staytus,maintenances,description,TEXT,string
drawSQL-mysql-export-2026-02-09_staytus,maintenances,start_at,DATETIME,date
drawSQL-mysql-export-2026-02-09_staytus,maintenances,finish_at,DATETIME,date
drawSQL-mysql-export-2026-02-09_staytus,maintenances,length_in_minutes,INT,num
drawSQL-mysql-export-2026-02-09_staytus,maintenances,user_id,INT,num
drawSQL-mysql-export-2026-02-09_staytus,maintenances,service_status_id,INT,num
drawSQL-mysql-export-2026-02-09_staytus,maintenances,created_at,DATETIME,date
drawSQL-mysql-export-2026-02-09_staytus,maintenances,updated_at,DATETIME,date
drawSQL-mysql-export-2026-02-09_staytus,maintenances,closed_at,DATETIME,date
drawSQL-mysql-export-2026-02-09_staytus,maintenances,identifier,VARCHAR(255),string
drawSQL-mysql-export-2026-02-09_staytus,maintenances,notify,TINYINT,num
drawSQL-mysql-export-2026-02-09_staytus,nifty_attachments,id,INT,num
drawSQL-mysql-export-2026-02-09_staytus,nifty_attachments,parent_id,INT,num
drawSQL-mysql-export-2026-02-09_staytus,nifty_attachments,parent_type,VARCHAR(255),string
drawSQL-mysql-export-2026-02-09_staytus,nifty_attachments,token,VARCHAR(255),string
drawSQL-mysql-export-2026-02-09_staytus,nifty_attachments,digest,VARCHAR(255),string
drawSQL-mysql-export-2026-02-09_staytus,nifty_attachments,role,VARCHAR(255),string
drawSQL-mysql-export-2026-02-09_staytus,nifty_attachments,file_name,VARCHAR(255),string
drawSQL-mysql-export-2026-02-09_staytus,nifty_attachments,file_type,VARCHAR(255),string
drawSQL-mysql-export-2026-02-09_staytus,nifty_attachments,created_at,DATETIME,date
drawSQL-mysql-export-2026-02-09_staytus,nifty_attachments,updated_at,DATETIME,date
drawSQL-mysql-export-2026-02-09_staytus,schema_migrations,version,VARCHAR(255),string
drawSQL-mysql-export-2026-02-09_staytus,service_groups,id,INT,num
drawSQL-mysql-export-2026-02-09_staytus,service_groups,name,VARCHAR(255),string
drawSQL-mysql-export-2026-02-09_staytus,service_groups,created_at,DATETIME,date
drawSQL-mysql-export-2026-02-09_staytus,service_groups,updated_at,DATETIME,date
drawSQL-mysql-export-2026-02-09_staytus,service_statuses,id,INT,num
drawSQL-mysql-export-2026-02-09_staytus,service_statuses,name,VARCHAR(255),string
drawSQL-mysql-export-2026-02-09_staytus,service_statuses,permalink,VARCHAR(255),string
drawSQL-mysql-export-2026-02-09_staytus,service_statuses,color,VARCHAR(255),string
drawSQL-mysql-export-2026-02-09_staytus,service_statuses,status_type,VARCHAR(255),string
drawSQL-mysql-export-2026-02-09_staytus,service_statuses,created_at,DATETIME,date
drawSQL-mysql-export-2026-02-09_staytus,service_statuses,updated_at,DATETIME,date
drawSQL-mysql-export-2026-02-09_staytus,services,id,INT,num
drawSQL-mysql-export-2026-02-09_staytus,services,name,VARCHAR(255),string
drawSQL-mysql-export-2026-02-09_staytus,services,permalink,VARCHAR(255),string
drawSQL-mysql-export-2026-02-09_staytus,services,position,INT,num
drawSQL-mysql-export-2026-02-09_staytus,services,created_at,DATETIME,date
drawSQL-mysql-export-2026-02-09_staytus,services,updated_at,DATETIME,date
drawSQL-mysql-export-2026-02-09_staytus,services,status_id,INT,num
drawSQL-mysql-export-2026-02-09_staytus,services,description,TEXT,string
drawSQL-mysql-export-2026-02-09_staytus,services,group_id,INT,num
drawSQL-mysql-export-2026-02-09_staytus,sites,id,INT,num
drawSQL-mysql-export-2026-02-09_staytus,sites,title,VARCHAR(255),string
drawSQL-mysql-export-2026-02-09_staytus,sites,description,VARCHAR(255),string
drawSQL-mysql-export-2026-02-09_staytus,sites,domain,VARCHAR(255),string
drawSQL-mysql-export-2026-02-09_staytus,sites,support_email,VARCHAR(255),string
drawSQL-mysql-export-2026-02-09_staytus,sites,website_url,VARCHAR(255),string
drawSQL-mysql-export-2026-02-09_staytus,sites,time_zone,VARCHAR(255),string
drawSQL-mysql-export-2026-02-09_staytus,sites,crawling_permitted,TINYINT,num
drawSQL-mysql-export-2026-02-09_staytus,sites,email_from_name,VARCHAR(255),string
drawSQL-mysql-export-2026-02-09_staytus,sites,email_from_address,VARCHAR(255),string
drawSQL-mysql-export-2026-02-09_staytus,sites,allow_subscriptions,TINYINT,num
drawSQL-mysql-export-2026-02-09_staytus,sites,http_protocol,VARCHAR(255),string
drawSQL-mysql-export-2026-02-09_staytus,subscribers,id,INT,num
drawSQL-mysql-export-2026-02-09_staytus,subscribers,email_address,VARCHAR(255),string
drawSQL-mysql-export-2026-02-09_staytus,subscribers,verification_token,VARCHAR(255),string
drawSQL-mysql-export-2026-02-09_staytus,subscribers,verified_at,DATETIME,date
drawSQL-mysql-export-2026-02-09_staytus,subscribers,created_at,DATETIME,date
drawSQL-mysql-export-2026-02-09_staytus,subscribers,updated_at,DATETIME,date
drawSQL-mysql-export-2026-02-09_staytus,users,id,INT,num
drawSQL-mysql-export-2026-02-09_staytus,users,email_address,VARCHAR(255),string
drawSQL-mysql-export-2026-02-09_staytus,users,name,VARCHAR(255),string
drawSQL-mysql-export-2026-02-09_staytus,users,password_digest,VARCHAR(255),string
drawSQL-mysql-export-2026-02-09_staytus,users,created_at,DATETIME,date
drawSQL-mysql-export-2026-02-09_staytus,users,updated_at,DATETIME,date
drawSQL-mysql-export-2026-02-09_streaks,users,id,BIGINT,num
drawSQL-mysql-export-2026-02-09_streaks,users,UNSIGNED,NOT,string
drawSQL-mysql-export-2026-02-09_streaks,users,AUTO_INCREMENT,PRIMARY,string
drawSQL-mysql-export-2026-02-09_streaks,users,level_id,BIGINT,num
drawSQL-mysql-export-2026-02-09_streaks,streaks,id,BIGINT,num
drawSQL-mysql-export-2026-02-09_streaks,streaks,UNSIGNED,NOT,string
drawSQL-mysql-export-2026-02-09_streaks,streaks,AUTO_INCREMENT,PRIMARY,string
drawSQL-mysql-export-2026-02-09_streaks,streaks,user_id,BIGINT,num
drawSQL-mysql-export-2026-02-09_streaks,streaks,activity_id,BIGINT,num
drawSQL-mysql-export-2026-02-09_streaks,streaks,count,INT,num
drawSQL-mysql-export-2026-02-09_streaks,streaks,activity_at,DATETIME,date
drawSQL-mysql-export-2026-02-09_streaks,streaks,frozen_until,DATETIME,date
drawSQL-mysql-export-2026-02-09_streaks,streaks,created_at,DATETIME,date
drawSQL-mysql-export-2026-02-09_streaks,streaks,updated_at,DATETIME,date
drawSQL-mysql-export-2026-02-09_streaks,streak_histories,id,BIGINT,num
drawSQL-mysql-export-2026-02-09_streaks,streak_histories,UNSIGNED,NOT,string
drawSQL-mysql-export-2026-02-09_streaks,streak_histories,AUTO_INCREMENT,PRIMARY,string
drawSQL-mysql-export-2026-02-09_streaks,streak_histories,user_id,BIGINT,num
drawSQL-mysql-export-2026-02-09_streaks,streak_histories,UNSIGNED,NOT,string
drawSQL-mysql-export-2026-02-09_streaks,streak_histories,streak_activity_id,BIGINT,num
drawSQL-mysql-export-2026-02-09_streaks,streak_histories,UNSIGNED,NOT,string
drawSQL-mysql-export-2026-02-09_streaks,streak_histories,count,INT,num
drawSQL-mysql-export-2026-02-09_streaks,streak_histories,started_at,DATETIME,date
drawSQL-mysql-export-2026-02-09_streaks,streak_histories,ended_at,DATETIME,date
drawSQL-mysql-export-2026-02-09_streaks,streak_histories,created_at,DATETIME,date
drawSQL-mysql-export-2026-02-09_streaks,streak_histories,updated_at,DATETIME,date
drawSQL-mysql-export-2026-02-09_streaks,streak_activities,id,BIGINT,num
drawSQL-mysql-export-2026-02-09_streaks,streak_activities,UNSIGNED,NOT,string
drawSQL-mysql-export-2026-02-09_streaks,streak_activities,AUTO_INCREMENT,PRIMARY,string
drawSQL-mysql-export-2026-02-09_streaks,streak_activities,name,VARCHAR(255),string
drawSQL-mysql-export-2026-02-09_streaks,streak_activities,description,TEXT,string
drawSQL-mysql-export-2026-02-09_streaks,streak_activities,created_at,DATETIME,date
drawSQL-mysql-export-2026-02-09_streaks,streak_activities,updated_at,DATETIME,date
drawSQL-mysql-export-2026-02-09_streaks,levels,id,BIGINT,num
drawSQL-mysql-export-2026-02-09_streaks,levels,UNSIGNED,NOT,string
drawSQL-mysql-export-2026-02-09_streaks,levels,AUTO_INCREMENT,PRIMARY,string
drawSQL-mysql-export-2026-02-09_streaks,levels,level,INT,num
drawSQL-mysql-export-2026-02-09_streaks,levels,next_level_experience,INT,num
drawSQL-mysql-export-2026-02-09_streaks,levels,created_at,BIGINT,num
drawSQL-mysql-export-2026-02-09_streaks,levels,updated_at,BIGINT,num
drawSQL-mysql-export-2026-02-09_streaks,experiences,id,BIGINT,num
drawSQL-mysql-export-2026-02-09_streaks,experiences,UNSIGNED,NOT,string
drawSQL-mysql-export-2026-02-09_streaks,experiences,AUTO_INCREMENT,PRIMARY,string
drawSQL-mysql-export-2026-02-09_streaks,experiences,user_id,BIGINT,num
drawSQL-mysql-export-2026-02-09_streaks,experiences,level_id,BIGINT,num
drawSQL-mysql-export-2026-02-09_streaks,experiences,experience_points,INT,num
drawSQL-mysql-export-2026-02-09_streaks,experiences,created_at,DATETIME,date
drawSQL-mysql-export-2026-02-09_streaks,experiences,updated_at,DATETIME,date
drawSQL-mysql-export-2026-02-09_streaks,experience_audits,id,BIGINT,num
drawSQL-mysql-export-2026-02-09_streaks,experience_audits,UNSIGNED,NOT,string
drawSQL-mysql-export-2026-02-09_streaks,experience_audits,AUTO_INCREMENT,PRIMARY,string
drawSQL-mysql-export-2026-02-09_streaks,experience_audits,user_id,BIGINT,num
drawSQL-mysql-export-2026-02-09_streaks,experience_audits,points,INT,num
drawSQL-mysql-export-2026-02-09_streaks,experience_audits,levelled_up,BOOLEAN,boolean
drawSQL-mysql-export-2026-02-09_streaks,experience_audits,level_to,INT,num
drawSQL-mysql-export-2026-02-09_streaks,experience_audits,reason,VARCHAR(255),string
drawSQL-mysql-export-2026-02-09_streaks,experience_audits,created_at,DATETIME,date
drawSQL-mysql-export-2026-02-09_streaks,experience_audits,updated_at,DATETIME,date
drawSQL-mysql-export-2026-02-09_streaks,achievements,id,BIGINT,num
drawSQL-mysql-export-2026-02-09_streaks,achievements,UNSIGNED,NOT,string
drawSQL-mysql-export-2026-02-09_streaks,achievements,AUTO_INCREMENT,PRIMARY,string
drawSQL-mysql-export-2026-02-09_streaks,achievements,name,VARCHAR(255),string
drawSQL-mysql-export-2026-02-09_streaks,achievements,is_secret,BOOLEAN,boolean
drawSQL-mysql-export-2026-02-09_streaks,achievements,description,TEXT,string
drawSQL-mysql-export-2026-02-09_streaks,achievements,image,VARCHAR(255),string
drawSQL-mysql-export-2026-02-09_streaks,achievements,created_at,DATETIME,date
drawSQL-mysql-export-2026-02-09_streaks,achievements,updated_at,DATETIME,date
drawSQL-mysql-export-2026-02-09_streaks,achievement_user,id,BIGINT,num
drawSQL-mysql-export-2026-02-09_streaks,achievement_user,UNSIGNED,NOT,string
drawSQL-mysql-export-2026-02-09_streaks,achievement_user,AUTO_INCREMENT,PRIMARY,string
drawSQL-mysql-export-2026-02-09_streaks,achievement_user,user_id,BIGINT,num
drawSQL-mysql-export-2026-02-09_streaks,achievement_user,achievement_id,BIGINT,num
drawSQL-mysql-export-2026-02-09_streaks,achievement_user,progress,INT,num
drawSQL-mysql-export-2026-02-09_streaks,achievement_user,created_at,DATETIME,date
drawSQL-mysql-export-2026-02-09_streaks,achievement_user,updated_at,DATETIME,date
drawSQL-mysql-export-2026-02-09_stripe,subscriptions,id,BIGINT,num
drawSQL-mysql-export-2026-02-09_stripe,subscriptions,UNSIGNED,NOT,string
drawSQL-mysql-export-2026-02-09_stripe,subscriptions,AUTO_INCREMENT,PRIMARY,string
drawSQL-mysql-export-2026-02-09_stripe,subscriptions,user_id,BIGINT,num
drawSQL-mysql-export-2026-02-09_stripe,subscriptions,name,VARCHAR(255),string
drawSQL-mysql-export-2026-02-09_stripe,subscriptions,stripe_id,VARCHAR(255),string
drawSQL-mysql-export-2026-02-09_stripe,subscriptions,stripe_status,VARCHAR(255),string
drawSQL-mysql-export-2026-02-09_stripe,subscriptions,stripe_price,BIGINT,num
drawSQL-mysql-export-2026-02-09_stripe,subscriptions,quantity,INT,num
drawSQL-mysql-export-2026-02-09_stripe,subscriptions,trial_ends_at,DATETIME,date
drawSQL-mysql-export-2026-02-09_stripe,subscriptions,ends_at,DATETIME,date
drawSQL-mysql-export-2026-02-09_stripe,subscriptions,updated_at,DATETIME,date
drawSQL-mysql-export-2026-02-09_stripe,subscriptions,created_at,DATETIME,date
drawSQL-mysql-export-2026-02-09_stripe,users,id,BIGINT,num
drawSQL-mysql-export-2026-02-09_stripe,users,UNSIGNED,NOT,string
drawSQL-mysql-export-2026-02-09_stripe,users,AUTO_INCREMENT,PRIMARY,string
drawSQL-mysql-export-2026-02-09_stripe,users,stripe_id,BIGINT,num
drawSQL-mysql-export-2026-02-09_stripe,users,pm_type,BIGINT,num
drawSQL-mysql-export-2026-02-09_stripe,users,pm_last_four,VARCHAR(4),string
drawSQL-mysql-export-2026-02-09_stripe,users,pm_expiration,VARCHAR(255),string
drawSQL-mysql-export-2026-02-09_stripe,users,extra_billing_information,TEXT,string
drawSQL-mysql-export-2026-02-09_stripe,users,trial_ends_at,DATETIME,date
drawSQL-mysql-export-2026-02-09_stripe,users,billing_address,VARCHAR(255),string
drawSQL-mysql-export-2026-02-09_stripe,users,billing_address_line_2,VARCHAR(255),string
drawSQL-mysql-export-2026-02-09_stripe,users,billing_city,VARCHAR(255),string
drawSQL-mysql-export-2026-02-09_stripe,users,billing_state,VARCHAR(255),string
drawSQL-mysql-export-2026-02-09_stripe,users,billing_postal_code,VARCHAR(25),string
drawSQL-mysql-export-2026-02-09_stripe,users,billing_country,VARCHAR(2),string
drawSQL-mysql-export-2026-02-09_stripe,users,vat_id,VARCHAR(50),string
drawSQL-mysql-export-2026-02-09_stripe,users,receipt_emails,TEXT,string
drawSQL-mysql-export-2026-02-09_stripe,subscription_items,id,BIGINT,num
drawSQL-mysql-export-2026-02-09_stripe,subscription_items,UNSIGNED,NOT,string
drawSQL-mysql-export-2026-02-09_stripe,subscription_items,AUTO_INCREMENT,PRIMARY,string
drawSQL-mysql-export-2026-02-09_stripe,subscription_items,subscription_id,BIGINT,num
drawSQL-mysql-export-2026-02-09_stripe,subscription_items,stripe_id,VARCHAR(255),string
drawSQL-mysql-export-2026-02-09_stripe,subscription_items,stripe_product,VARCHAR(255),string
drawSQL-mysql-export-2026-02-09_stripe,subscription_items,stripe_price,VARCHAR(255),string
drawSQL-mysql-export-2026-02-09_stripe,subscription_items,quantity,INT,num
drawSQL-mysql-export-2026-02-09_stripe,subscription_items,updated_at,DATETIME,date
drawSQL-mysql-export-2026-02-09_stripe,subscription_items,created_at,DATETIME,date
drawSQL-mysql-export-2026-02-09_stripe,receipts,id,BIGINT,num
drawSQL-mysql-export-2026-02-09_stripe,receipts,UNSIGNED,NOT,string
drawSQL-mysql-export-2026-02-09_stripe,receipts,AUTO_INCREMENT,PRIMARY,string
drawSQL-mysql-export-2026-02-09_stripe,receipts,user_id,BIGINT,num
drawSQL-mysql-export-2026-02-09_stripe,receipts,provider_id,BIGINT,num
drawSQL-mysql-export-2026-02-09_stripe,receipts,amount,VARCHAR(255),string
drawSQL-mysql-export-2026-02-09_stripe,receipts,tax,VARCHAR(255),string
drawSQL-mysql-export-2026-02-09_stripe,receipts,paid_at,TIMESTAMP,date
drawSQL-mysql-export-2026-02-09_stripe,receipts,updated_at,TIMESTAMP,date
drawSQL-mysql-export-2026-02-09_stripe,receipts,created_at,TIMESTAMP,date
drawSQL-mysql-export-2026-02-09_stripe,tax_rates,id,BIGINT,num
drawSQL-mysql-export-2026-02-09_stripe,tax_rates,UNSIGNED,NOT,string
drawSQL-mysql-export-2026-02-09_stripe,tax_rates,AUTO_INCREMENT,PRIMARY,string
drawSQL-mysql-export-2026-02-09_stripe,tax_rates,stripe_id,VARCHAR(255),string
drawSQL-mysql-export-2026-02-09_stripe,tax_rates,percentage,DOUBLE,num
drawSQL-mysql-export-2026-02-09_stripe,tax_rates,updated_at,DATETIME,date
drawSQL-mysql-export-2026-02-09_stripe,tax_rates,created_at,DATETIME,date
drawSQL-mysql-export-2026-02-09_sylius,messenger_messages,id,BIGINT,num
drawSQL-mysql-export-2026-02-09_sylius,messenger_messages,AUTO_INCREMENT,PRIMARY,string
drawSQL-mysql-export-2026-02-09_sylius,messenger_messages,body,LONGTEXT,string
drawSQL-mysql-export-2026-02-09_sylius,messenger_messages,headers,LONGTEXT,string
drawSQL-mysql-export-2026-02-09_sylius,messenger_messages,queue_name,VARCHAR(190),string
drawSQL-mysql-export-2026-02-09_sylius,messenger_messages,created_at,DATETIME,date
drawSQL-mysql-export-2026-02-09_sylius,messenger_messages,available_at,DATETIME,date
drawSQL-mysql-export-2026-02-09_sylius,messenger_messages,delivered_at,DATETIME,date
drawSQL-mysql-export-2026-02-09_sylius,sylius_address,id,INT,num
drawSQL-mysql-export-2026-02-09_sylius,sylius_address,AUTO_INCREMENT,PRIMARY,string
drawSQL-mysql-export-2026-02-09_sylius,sylius_address,customer_id,INT,num
drawSQL-mysql-export-2026-02-09_sylius,sylius_address,first_name,VARCHAR(255),string
drawSQL-mysql-export-2026-02-09_sylius,sylius_address,last_name,VARCHAR(255),string
drawSQL-mysql-export-2026-02-09_sylius,sylius_address,phone_number,VARCHAR(255),string
drawSQL-mysql-export-2026-02-09_sylius,sylius_address,street,VARCHAR(255),string
drawSQL-mysql-export-2026-02-09_sylius,sylius_address,company,VARCHAR(255),string
drawSQL-mysql-export-2026-02-09_sylius,sylius_address,city,VARCHAR(255),string
drawSQL-mysql-export-2026-02-09_sylius,sylius_address,postcode,VARCHAR(255),string
drawSQL-mysql-export-2026-02-09_sylius,sylius_address,created_at,DATETIME,date
drawSQL-mysql-export-2026-02-09_sylius,sylius_address,updated_at,DATETIME,date
drawSQL-mysql-export-2026-02-09_sylius,sylius_address,country_code,VARCHAR(255),string
drawSQL-mysql-export-2026-02-09_sylius,sylius_address,province_code,VARCHAR(255),string
drawSQL-mysql-export-2026-02-09_sylius,sylius_address,province_name,VARCHAR(255),string
drawSQL-mysql-export-2026-02-09_sylius,sylius_address_log_entries,id,INT,num
drawSQL-mysql-export-2026-02-09_sylius,sylius_address_log_entries,AUTO_INCREMENT,PRIMARY,string
drawSQL-mysql-export-2026-02-09_sylius,sylius_address_log_entries,action,VARCHAR(255),string
drawSQL-mysql-export-2026-02-09_sylius,sylius_address_log_entries,logged_at,DATETIME,date
drawSQL-mysql-export-2026-02-09_sylius,sylius_address_log_entries,object_id,VARCHAR(64),string
drawSQL-mysql-export-2026-02-09_sylius,sylius_address_log_entries,object_class,VARCHAR(255),string
drawSQL-mysql-export-2026-02-09_sylius,sylius_address_log_entries,version,INT,num
drawSQL-mysql-export-2026-02-09_sylius,sylius_address_log_entries,data,JSON,string
drawSQL-mysql-export-2026-02-09_sylius,sylius_address_log_entries,username,VARCHAR(255),string
drawSQL-mysql-export-2026-02-09_sylius,sylius_admin_user,id,INT,num
drawSQL-mysql-export-2026-02-09_sylius,sylius_admin_user,AUTO_INCREMENT,PRIMARY,string
drawSQL-mysql-export-2026-02-09_sylius,sylius_admin_user,username,VARCHAR(255),string
drawSQL-mysql-export-2026-02-09_sylius,sylius_admin_user,username_canonical,VARCHAR(255),string
drawSQL-mysql-export-2026-02-09_sylius,sylius_admin_user,enabled,TINYINT(1),boolean
drawSQL-mysql-export-2026-02-09_sylius,sylius_admin_user,salt,VARCHAR(255),string
drawSQL-mysql-export-2026-02-09_sylius,sylius_admin_user,password,VARCHAR(255),string
drawSQL-mysql-export-2026-02-09_sylius,sylius_admin_user,last_login,DATETIME,date
drawSQL-mysql-export-2026-02-09_sylius,sylius_admin_user,password_reset_token,VARCHAR(255),string
drawSQL-mysql-export-2026-02-09_sylius,sylius_admin_user,password_requested_at,DATETIME,date
drawSQL-mysql-export-2026-02-09_sylius,sylius_admin_user,email_verification_token,VARCHAR(255),string
drawSQL-mysql-export-2026-02-09_sylius,sylius_admin_user,verified_at,DATETIME,date
drawSQL-mysql-export-2026-02-09_sylius,sylius_admin_user,locked,TINYINT(1),boolean
drawSQL-mysql-export-2026-02-09_sylius,sylius_admin_user,expires_at,DATETIME,date
drawSQL-mysql-export-2026-02-09_sylius,sylius_admin_user,credentials_expire_at,DATETIME,date
drawSQL-mysql-export-2026-02-09_sylius,sylius_admin_user,roles,JSON,string
drawSQL-mysql-export-2026-02-09_sylius,sylius_admin_user,email,VARCHAR(255),string
drawSQL-mysql-export-2026-02-09_sylius,sylius_admin_user,email_canonical,VARCHAR(255),string
drawSQL-mysql-export-2026-02-09_sylius,sylius_admin_user,created_at,DATETIME,date
drawSQL-mysql-export-2026-02-09_sylius,sylius_admin_user,updated_at,DATETIME,date
drawSQL-mysql-export-2026-02-09_sylius,sylius_admin_user,first_name,VARCHAR(255),string
drawSQL-mysql-export-2026-02-09_sylius,sylius_admin_user,last_name,VARCHAR(255),string
drawSQL-mysql-export-2026-02-09_sylius,sylius_admin_user,locale_code,VARCHAR(12),string
drawSQL-mysql-export-2026-02-09_sylius,sylius_admin_user,encoder_name,VARCHAR(255),string
drawSQL-mysql-export-2026-02-09_sylius,sylius_avatar_image,id,INT,num
drawSQL-mysql-export-2026-02-09_sylius,sylius_avatar_image,AUTO_INCREMENT,PRIMARY,string
drawSQL-mysql-export-2026-02-09_sylius,sylius_avatar_image,owner_id,INT,num
drawSQL-mysql-export-2026-02-09_sylius,sylius_avatar_image,type,VARCHAR(255),string
drawSQL-mysql-export-2026-02-09_sylius,sylius_avatar_image,path,VARCHAR(255),string
drawSQL-mysql-export-2026-02-09_sylius,sylius_catalog_promotion,id,INT,num
drawSQL-mysql-export-2026-02-09_sylius,sylius_catalog_promotion,AUTO_INCREMENT,PRIMARY,string
drawSQL-mysql-export-2026-02-09_sylius,sylius_catalog_promotion,code,VARCHAR(255),string
drawSQL-mysql-export-2026-02-09_sylius,sylius_catalog_promotion,name,VARCHAR(255),string
drawSQL-mysql-export-2026-02-09_sylius,sylius_catalog_promotion,enabled,TINYINT(1),boolean
drawSQL-mysql-export-2026-02-09_sylius,sylius_catalog_promotion,start_date,DATETIME,date
drawSQL-mysql-export-2026-02-09_sylius,sylius_catalog_promotion,end_date,DATETIME,date
drawSQL-mysql-export-2026-02-09_sylius,sylius_catalog_promotion,state,VARCHAR(255),string
drawSQL-mysql-export-2026-02-09_sylius,sylius_catalog_promotion,priority,INT,num
drawSQL-mysql-export-2026-02-09_sylius,sylius_catalog_promotion,exclusive,TINYINT(1),boolean
drawSQL-mysql-export-2026-02-09_sylius,sylius_catalog_promotion_action,id,INT,num
drawSQL-mysql-export-2026-02-09_sylius,sylius_catalog_promotion_action,AUTO_INCREMENT,PRIMARY,string
drawSQL-mysql-export-2026-02-09_sylius,sylius_catalog_promotion_action,catalog_promotion_id,INT,num
drawSQL-mysql-export-2026-02-09_sylius,sylius_catalog_promotion_action,type,VARCHAR(255),string
drawSQL-mysql-export-2026-02-09_sylius,sylius_catalog_promotion_action,configuration,JSON,string
drawSQL-mysql-export-2026-02-09_sylius,sylius_catalog_promotion_scope,id,INT,num
drawSQL-mysql-export-2026-02-09_sylius,sylius_catalog_promotion_scope,AUTO_INCREMENT,PRIMARY,string
drawSQL-mysql-export-2026-02-09_sylius,sylius_catalog_promotion_scope,promotion_id,INT,num
drawSQL-mysql-export-2026-02-09_sylius,sylius_catalog_promotion_scope,type,VARCHAR(255),string
drawSQL-mysql-export-2026-02-09_sylius,sylius_catalog_promotion_scope,configuration,JSON,string
drawSQL-mysql-export-2026-02-09_sylius,sylius_catalog_promotion_translation,id,INT,num
drawSQL-mysql-export-2026-02-09_sylius,sylius_catalog_promotion_translation,AUTO_INCREMENT,PRIMARY,string
drawSQL-mysql-export-2026-02-09_sylius,sylius_catalog_promotion_translation,translatable_id,INT,num
drawSQL-mysql-export-2026-02-09_sylius,sylius_catalog_promotion_translation,label,VARCHAR(255),string
drawSQL-mysql-export-2026-02-09_sylius,sylius_catalog_promotion_translation,description,VARCHAR(255),string
drawSQL-mysql-export-2026-02-09_sylius,sylius_catalog_promotion_translation,locale,VARCHAR(255),string
drawSQL-mysql-export-2026-02-09_sylius,sylius_channel_price_history_config,id,INT,num
drawSQL-mysql-export-2026-02-09_sylius,sylius_channel_price_history_config,AUTO_INCREMENT,PRIMARY,string
drawSQL-mysql-export-2026-02-09_sylius,sylius_channel_price_history_config,lowest_price_for_discounted_products_checking_period,INT,num
drawSQL-mysql-export-2026-02-09_sylius,sylius_channel_price_history_config,lowest_price_for_discounted_products_visible,TINYINT(1),boolean
drawSQL-mysql-export-2026-02-09_sylius,sylius_country,id,INT,num
drawSQL-mysql-export-2026-02-09_sylius,sylius_country,AUTO_INCREMENT,PRIMARY,string
drawSQL-mysql-export-2026-02-09_sylius,sylius_country,code,VARCHAR(2),string
drawSQL-mysql-export-2026-02-09_sylius,sylius_country,enabled,TINYINT(1),boolean
drawSQL-mysql-export-2026-02-09_sylius,sylius_currency,id,INT,num
drawSQL-mysql-export-2026-02-09_sylius,sylius_currency,AUTO_INCREMENT,PRIMARY,string
drawSQL-mysql-export-2026-02-09_sylius,sylius_currency,code,VARCHAR(3),string
drawSQL-mysql-export-2026-02-09_sylius,sylius_currency,created_at,DATETIME,date
drawSQL-mysql-export-2026-02-09_sylius,sylius_currency,updated_at,DATETIME,date
drawSQL-mysql-export-2026-02-09_sylius,sylius_customer_group,id,INT,num
drawSQL-mysql-export-2026-02-09_sylius,sylius_customer_group,AUTO_INCREMENT,PRIMARY,string
drawSQL-mysql-export-2026-02-09_sylius,sylius_customer_group,code,VARCHAR(255),string
drawSQL-mysql-export-2026-02-09_sylius,sylius_customer_group,name,VARCHAR(255),string
drawSQL-mysql-export-2026-02-09_sylius,sylius_customer,id,INT,num
drawSQL-mysql-export-2026-02-09_sylius,sylius_customer,AUTO_INCREMENT,PRIMARY,string
drawSQL-mysql-export-2026-02-09_sylius,sylius_customer,customer_group_id,INT,num
drawSQL-mysql-export-2026-02-09_sylius,sylius_customer,default_address_id,INT,num
drawSQL-mysql-export-2026-02-09_sylius,sylius_customer,email,VARCHAR(255),string
drawSQL-mysql-export-2026-02-09_sylius,sylius_customer,email_canonical,VARCHAR(255),string
drawSQL-mysql-export-2026-02-09_sylius,sylius_customer,first_name,VARCHAR(255),string
drawSQL-mysql-export-2026-02-09_sylius,sylius_customer,last_name,VARCHAR(255),string
drawSQL-mysql-export-2026-02-09_sylius,sylius_customer,birthday,DATETIME,date
drawSQL-mysql-export-2026-02-09_sylius,sylius_customer,gender,VARCHAR(1),string
drawSQL-mysql-export-2026-02-09_sylius,sylius_customer,created_at,DATETIME,date
drawSQL-mysql-export-2026-02-09_sylius,sylius_customer,updated_at,DATETIME,date
drawSQL-mysql-export-2026-02-09_sylius,sylius_customer,phone_number,VARCHAR(255),string
drawSQL-mysql-export-2026-02-09_sylius,sylius_customer,subscribed_to_newsletter,TINYINT(1),boolean
drawSQL-mysql-export-2026-02-09_sylius,sylius_exchange_rate,id,INT,num
drawSQL-mysql-export-2026-02-09_sylius,sylius_exchange_rate,AUTO_INCREMENT,PRIMARY,string
drawSQL-mysql-export-2026-02-09_sylius,sylius_exchange_rate,source_currency,INT,num
drawSQL-mysql-export-2026-02-09_sylius,sylius_exchange_rate,target_currency,INT,num
drawSQL-mysql-export-2026-02-09_sylius,sylius_exchange_rate,ratio,"DECIMAL(10, 5)",num
drawSQL-mysql-export-2026-02-09_sylius,sylius_exchange_rate,created_at,DATETIME,date
drawSQL-mysql-export-2026-02-09_sylius,sylius_exchange_rate,updated_at,DATETIME,date
drawSQL-mysql-export-2026-02-09_sylius,sylius_gateway_config,id,INT,num
drawSQL-mysql-export-2026-02-09_sylius,sylius_gateway_config,AUTO_INCREMENT,PRIMARY,string
drawSQL-mysql-export-2026-02-09_sylius,sylius_gateway_config,config,JSON,string
drawSQL-mysql-export-2026-02-09_sylius,sylius_gateway_config,gateway_name,VARCHAR(255),string
drawSQL-mysql-export-2026-02-09_sylius,sylius_gateway_config,factory_name,VARCHAR(255),string
drawSQL-mysql-export-2026-02-09_sylius,sylius_locale,id,INT,num
drawSQL-mysql-export-2026-02-09_sylius,sylius_locale,AUTO_INCREMENT,PRIMARY,string
drawSQL-mysql-export-2026-02-09_sylius,sylius_locale,code,VARCHAR(12),string
drawSQL-mysql-export-2026-02-09_sylius,sylius_locale,created_at,DATETIME,date
drawSQL-mysql-export-2026-02-09_sylius,sylius_locale,updated_at,DATETIME,date
drawSQL-mysql-export-2026-02-09_sylius,sylius_migrations,version,VARCHAR(191),string
drawSQL-mysql-export-2026-02-09_sylius,sylius_migrations,executed_at,DATETIME,date
drawSQL-mysql-export-2026-02-09_sylius,sylius_migrations,execution_time,INT,num
drawSQL-mysql-export-2026-02-09_sylius,sylius_order_sequence,id,INT,num
drawSQL-mysql-export-2026-02-09_sylius,sylius_order_sequence,AUTO_INCREMENT,PRIMARY,string
drawSQL-mysql-export-2026-02-09_sylius,sylius_order_sequence,idx,INT,num
drawSQL-mysql-export-2026-02-09_sylius,sylius_order_sequence,version,INT,num
drawSQL-mysql-export-2026-02-09_sylius,sylius_payment_method,id,INT,num
drawSQL-mysql-export-2026-02-09_sylius,sylius_payment_method,AUTO_INCREMENT,PRIMARY,string
drawSQL-mysql-export-2026-02-09_sylius,sylius_payment_method,code,VARCHAR(255),string
drawSQL-mysql-export-2026-02-09_sylius,sylius_payment_method,environment,VARCHAR(255),string
drawSQL-mysql-export-2026-02-09_sylius,sylius_payment_method,is_enabled,TINYINT(1),boolean
drawSQL-mysql-export-2026-02-09_sylius,sylius_payment_method,position,INT,num
drawSQL-mysql-export-2026-02-09_sylius,sylius_payment_method,created_at,DATETIME,date
drawSQL-mysql-export-2026-02-09_sylius,sylius_payment_method,updated_at,DATETIME,date
drawSQL-mysql-export-2026-02-09_sylius,sylius_payment_method,gateway_config_id,INT,num
drawSQL-mysql-export-2026-02-09_sylius,sylius_payment_method_translation,id,INT,num
drawSQL-mysql-export-2026-02-09_sylius,sylius_payment_method_translation,AUTO_INCREMENT,PRIMARY,string
drawSQL-mysql-export-2026-02-09_sylius,sylius_payment_method_translation,translatable_id,INT,num
drawSQL-mysql-export-2026-02-09_sylius,sylius_payment_method_translation,name,VARCHAR(255),string
drawSQL-mysql-export-2026-02-09_sylius,sylius_payment_method_translation,description,LONGTEXT,string
drawSQL-mysql-export-2026-02-09_sylius,sylius_payment_method_translation,instructions,LONGTEXT,string
drawSQL-mysql-export-2026-02-09_sylius,sylius_payment_method_translation,locale,VARCHAR(255),string
drawSQL-mysql-export-2026-02-09_sylius,sylius_payment_security_token,hash,VARCHAR(255),string
drawSQL-mysql-export-2026-02-09_sylius,sylius_payment_security_token,details,LONGTEXT,string
drawSQL-mysql-export-2026-02-09_sylius,sylius_payment_security_token,after_url,LONGTEXT,string
drawSQL-mysql-export-2026-02-09_sylius,sylius_payment_security_token,target_url,LONGTEXT,string
drawSQL-mysql-export-2026-02-09_sylius,sylius_payment_security_token,gateway_name,VARCHAR(255),string
drawSQL-mysql-export-2026-02-09_sylius,sylius_paypal_plugin_pay_pal_credentials,id,VARCHAR(255),string
drawSQL-mysql-export-2026-02-09_sylius,sylius_paypal_plugin_pay_pal_credentials,payment_method_id,INT,num
drawSQL-mysql-export-2026-02-09_sylius,sylius_paypal_plugin_pay_pal_credentials,access_token,VARCHAR(255),string
drawSQL-mysql-export-2026-02-09_sylius,sylius_paypal_plugin_pay_pal_credentials,creation_time,DATETIME,date
drawSQL-mysql-export-2026-02-09_sylius,sylius_paypal_plugin_pay_pal_credentials,expiration_time,DATETIME,date
drawSQL-mysql-export-2026-02-09_sylius,sylius_product_association_type,id,INT,num
drawSQL-mysql-export-2026-02-09_sylius,sylius_product_association_type,AUTO_INCREMENT,PRIMARY,string
drawSQL-mysql-export-2026-02-09_sylius,sylius_product_association_type,code,VARCHAR(255),string
drawSQL-mysql-export-2026-02-09_sylius,sylius_product_association_type,created_at,DATETIME,date
drawSQL-mysql-export-2026-02-09_sylius,sylius_product_association_type,updated_at,DATETIME,date
drawSQL-mysql-export-2026-02-09_sylius,sylius_product_association_type_translation,id,INT,num
drawSQL-mysql-export-2026-02-09_sylius,sylius_product_association_type_translation,AUTO_INCREMENT,PRIMARY,string
drawSQL-mysql-export-2026-02-09_sylius,sylius_product_association_type_translation,translatable_id,INT,num
drawSQL-mysql-export-2026-02-09_sylius,sylius_product_association_type_translation,name,VARCHAR(255),string
drawSQL-mysql-export-2026-02-09_sylius,sylius_product_association_type_translation,locale,VARCHAR(255),string
drawSQL-mysql-export-2026-02-09_sylius,sylius_product_attribute,id,INT,num
drawSQL-mysql-export-2026-02-09_sylius,sylius_product_attribute,AUTO_INCREMENT,PRIMARY,string
drawSQL-mysql-export-2026-02-09_sylius,sylius_product_attribute,code,VARCHAR(255),string
drawSQL-mysql-export-2026-02-09_sylius,sylius_product_attribute,type,VARCHAR(255),string
drawSQL-mysql-export-2026-02-09_sylius,sylius_product_attribute,storage_type,VARCHAR(255),string
drawSQL-mysql-export-2026-02-09_sylius,sylius_product_attribute,configuration,JSON,string
drawSQL-mysql-export-2026-02-09_sylius,sylius_product_attribute,created_at,DATETIME,date
drawSQL-mysql-export-2026-02-09_sylius,sylius_product_attribute,updated_at,DATETIME,date
drawSQL-mysql-export-2026-02-09_sylius,sylius_product_attribute,position,INT,num
drawSQL-mysql-export-2026-02-09_sylius,sylius_product_attribute,translatable,TINYINT(1),boolean
drawSQL-mysql-export-2026-02-09_sylius,sylius_product_attribute_translation,id,INT,num
drawSQL-mysql-export-2026-02-09_sylius,sylius_product_attribute_translation,AUTO_INCREMENT,PRIMARY,string
drawSQL-mysql-export-2026-02-09_sylius,sylius_product_attribute_translation,translatable_id,INT,num
drawSQL-mysql-export-2026-02-09_sylius,sylius_product_attribute_translation,name,VARCHAR(255),string
drawSQL-mysql-export-2026-02-09_sylius,sylius_product_attribute_translation,locale,VARCHAR(255),string
drawSQL-mysql-export-2026-02-09_sylius,sylius_product_option,id,INT,num
drawSQL-mysql-export-2026-02-09_sylius,sylius_product_option,AUTO_INCREMENT,PRIMARY,string
drawSQL-mysql-export-2026-02-09_sylius,sylius_product_option,code,VARCHAR(255),string
drawSQL-mysql-export-2026-02-09_sylius,sylius_product_option,created_at,DATETIME,date
drawSQL-mysql-export-2026-02-09_sylius,sylius_product_option,updated_at,DATETIME,date
drawSQL-mysql-export-2026-02-09_sylius,sylius_product_option,position,INT,num
drawSQL-mysql-export-2026-02-09_sylius,sylius_product_option_translation,id,INT,num
drawSQL-mysql-export-2026-02-09_sylius,sylius_product_option_translation,AUTO_INCREMENT,PRIMARY,string
drawSQL-mysql-export-2026-02-09_sylius,sylius_product_option_translation,translatable_id,INT,num
drawSQL-mysql-export-2026-02-09_sylius,sylius_product_option_translation,name,VARCHAR(255),string
drawSQL-mysql-export-2026-02-09_sylius,sylius_product_option_translation,locale,VARCHAR(255),string
drawSQL-mysql-export-2026-02-09_sylius,sylius_product_option_value,id,INT,num
drawSQL-mysql-export-2026-02-09_sylius,sylius_product_option_value,AUTO_INCREMENT,PRIMARY,string
drawSQL-mysql-export-2026-02-09_sylius,sylius_product_option_value,option_id,INT,num
drawSQL-mysql-export-2026-02-09_sylius,sylius_product_option_value,code,VARCHAR(255),string
drawSQL-mysql-export-2026-02-09_sylius,sylius_product_option_value_translation,id,INT,num
drawSQL-mysql-export-2026-02-09_sylius,sylius_product_option_value_translation,AUTO_INCREMENT,PRIMARY,string
drawSQL-mysql-export-2026-02-09_sylius,sylius_product_option_value_translation,translatable_id,INT,num
drawSQL-mysql-export-2026-02-09_sylius,sylius_product_option_value_translation,value,VARCHAR(255),string
drawSQL-mysql-export-2026-02-09_sylius,sylius_product_option_value_translation,locale,VARCHAR(255),string
drawSQL-mysql-export-2026-02-09_sylius,sylius_promotion,id,INT,num
drawSQL-mysql-export-2026-02-09_sylius,sylius_promotion,AUTO_INCREMENT,PRIMARY,string
drawSQL-mysql-export-2026-02-09_sylius,sylius_promotion,code,VARCHAR(255),string
drawSQL-mysql-export-2026-02-09_sylius,sylius_promotion,name,VARCHAR(255),string
drawSQL-mysql-export-2026-02-09_sylius,sylius_promotion,description,VARCHAR(255),string
drawSQL-mysql-export-2026-02-09_sylius,sylius_promotion,priority,INT,num
drawSQL-mysql-export-2026-02-09_sylius,sylius_promotion,exclusive,TINYINT(1),boolean
drawSQL-mysql-export-2026-02-09_sylius,sylius_promotion,usage_limit,INT,num
drawSQL-mysql-export-2026-02-09_sylius,sylius_promotion,used,INT,num
drawSQL-mysql-export-2026-02-09_sylius,sylius_promotion,coupon_based,TINYINT(1),boolean
drawSQL-mysql-export-2026-02-09_sylius,sylius_promotion,starts_at,DATETIME,date
drawSQL-mysql-export-2026-02-09_sylius,sylius_promotion,ends_at,DATETIME,date
drawSQL-mysql-export-2026-02-09_sylius,sylius_promotion,created_at,DATETIME,date
drawSQL-mysql-export-2026-02-09_sylius,sylius_promotion,updated_at,DATETIME,date
drawSQL-mysql-export-2026-02-09_sylius,sylius_promotion,applies_to_discounted,TINYINT(1),boolean
drawSQL-mysql-export-2026-02-09_sylius,sylius_promotion,archived_at,DATETIME,date
drawSQL-mysql-export-2026-02-09_sylius,sylius_promotion_action,id,INT,num
drawSQL-mysql-export-2026-02-09_sylius,sylius_promotion_action,AUTO_INCREMENT,PRIMARY,string
drawSQL-mysql-export-2026-02-09_sylius,sylius_promotion_action,promotion_id,INT,num
drawSQL-mysql-export-2026-02-09_sylius,sylius_promotion_action,type,VARCHAR(255),string
drawSQL-mysql-export-2026-02-09_sylius,sylius_promotion_action,configuration,JSON,string
drawSQL-mysql-export-2026-02-09_sylius,sylius_promotion_coupon,id,INT,num
drawSQL-mysql-export-2026-02-09_sylius,sylius_promotion_coupon,AUTO_INCREMENT,PRIMARY,string
drawSQL-mysql-export-2026-02-09_sylius,sylius_promotion_coupon,promotion_id,INT,num
drawSQL-mysql-export-2026-02-09_sylius,sylius_promotion_coupon,code,VARCHAR(255),string
drawSQL-mysql-export-2026-02-09_sylius,sylius_promotion_coupon,usage_limit,INT,num
drawSQL-mysql-export-2026-02-09_sylius,sylius_promotion_coupon,used,INT,num
drawSQL-mysql-export-2026-02-09_sylius,sylius_promotion_coupon,expires_at,DATETIME,date
drawSQL-mysql-export-2026-02-09_sylius,sylius_promotion_coupon,created_at,DATETIME,date
drawSQL-mysql-export-2026-02-09_sylius,sylius_promotion_coupon,updated_at,DATETIME,date
drawSQL-mysql-export-2026-02-09_sylius,sylius_promotion_coupon,per_customer_usage_limit,INT,num
drawSQL-mysql-export-2026-02-09_sylius,sylius_promotion_coupon,reusable_from_cancelled_orders,TINYINT(1),boolean
drawSQL-mysql-export-2026-02-09_sylius,sylius_promotion_rule,id,INT,num
drawSQL-mysql-export-2026-02-09_sylius,sylius_promotion_rule,AUTO_INCREMENT,PRIMARY,string
drawSQL-mysql-export-2026-02-09_sylius,sylius_promotion_rule,promotion_id,INT,num
drawSQL-mysql-export-2026-02-09_sylius,sylius_promotion_rule,type,VARCHAR(255),string
drawSQL-mysql-export-2026-02-09_sylius,sylius_promotion_rule,configuration,JSON,string
drawSQL-mysql-export-2026-02-09_sylius,sylius_promotion_translation,id,INT,num
drawSQL-mysql-export-2026-02-09_sylius,sylius_promotion_translation,AUTO_INCREMENT,PRIMARY,string
drawSQL-mysql-export-2026-02-09_sylius,sylius_promotion_translation,translatable_id,INT,num
drawSQL-mysql-export-2026-02-09_sylius,sylius_promotion_translation,label,VARCHAR(255),string
drawSQL-mysql-export-2026-02-09_sylius,sylius_promotion_translation,locale,VARCHAR(255),string
drawSQL-mysql-export-2026-02-09_sylius,sylius_province,id,INT,num
drawSQL-mysql-export-2026-02-09_sylius,sylius_province,AUTO_INCREMENT,PRIMARY,string
drawSQL-mysql-export-2026-02-09_sylius,sylius_province,country_id,INT,num
drawSQL-mysql-export-2026-02-09_sylius,sylius_province,code,VARCHAR(255),string
drawSQL-mysql-export-2026-02-09_sylius,sylius_province,name,VARCHAR(255),string
drawSQL-mysql-export-2026-02-09_sylius,sylius_province,abbreviation,VARCHAR(255),string
drawSQL-mysql-export-2026-02-09_sylius,sylius_shipping_category,id,INT,num
drawSQL-mysql-export-2026-02-09_sylius,sylius_shipping_category,AUTO_INCREMENT,PRIMARY,string
drawSQL-mysql-export-2026-02-09_sylius,sylius_shipping_category,code,VARCHAR(255),string
drawSQL-mysql-export-2026-02-09_sylius,sylius_shipping_category,name,VARCHAR(255),string
drawSQL-mysql-export-2026-02-09_sylius,sylius_shipping_category,description,LONGTEXT,string
drawSQL-mysql-export-2026-02-09_sylius,sylius_shipping_category,created_at,DATETIME,date
drawSQL-mysql-export-2026-02-09_sylius,sylius_shipping_category,updated_at,DATETIME,date
drawSQL-mysql-export-2026-02-09_sylius,sylius_shop_billing_data,id,INT,num
drawSQL-mysql-export-2026-02-09_sylius,sylius_shop_billing_data,AUTO_INCREMENT,PRIMARY,string
drawSQL-mysql-export-2026-02-09_sylius,sylius_shop_billing_data,company,VARCHAR(255),string
drawSQL-mysql-export-2026-02-09_sylius,sylius_shop_billing_data,tax_id,VARCHAR(255),string
drawSQL-mysql-export-2026-02-09_sylius,sylius_shop_billing_data,country_code,VARCHAR(255),string
drawSQL-mysql-export-2026-02-09_sylius,sylius_shop_billing_data,street,VARCHAR(255),string
drawSQL-mysql-export-2026-02-09_sylius,sylius_shop_billing_data,city,VARCHAR(255),string
drawSQL-mysql-export-2026-02-09_sylius,sylius_shop_billing_data,postcode,VARCHAR(255),string
drawSQL-mysql-export-2026-02-09_sylius,sylius_shop_user,id,INT,num
drawSQL-mysql-export-2026-02-09_sylius,sylius_shop_user,AUTO_INCREMENT,PRIMARY,string
drawSQL-mysql-export-2026-02-09_sylius,sylius_shop_user,customer_id,INT,num
drawSQL-mysql-export-2026-02-09_sylius,sylius_shop_user,username,VARCHAR(255),string
drawSQL-mysql-export-2026-02-09_sylius,sylius_shop_user,username_canonical,VARCHAR(255),string
drawSQL-mysql-export-2026-02-09_sylius,sylius_shop_user,enabled,TINYINT(1),boolean
drawSQL-mysql-export-2026-02-09_sylius,sylius_shop_user,salt,VARCHAR(255),string
drawSQL-mysql-export-2026-02-09_sylius,sylius_shop_user,password,VARCHAR(255),string
drawSQL-mysql-export-2026-02-09_sylius,sylius_shop_user,last_login,DATETIME,date
drawSQL-mysql-export-2026-02-09_sylius,sylius_shop_user,password_reset_token,VARCHAR(255),string
drawSQL-mysql-export-2026-02-09_sylius,sylius_shop_user,password_requested_at,DATETIME,date
drawSQL-mysql-export-2026-02-09_sylius,sylius_shop_user,email_verification_token,VARCHAR(255),string
drawSQL-mysql-export-2026-02-09_sylius,sylius_shop_user,verified_at,DATETIME,date
drawSQL-mysql-export-2026-02-09_sylius,sylius_shop_user,locked,TINYINT(1),boolean
drawSQL-mysql-export-2026-02-09_sylius,sylius_shop_user,expires_at,DATETIME,date
drawSQL-mysql-export-2026-02-09_sylius,sylius_shop_user,credentials_expire_at,DATETIME,date
drawSQL-mysql-export-2026-02-09_sylius,sylius_shop_user,roles,JSON,string
drawSQL-mysql-export-2026-02-09_sylius,sylius_shop_user,email,VARCHAR(255),string
drawSQL-mysql-export-2026-02-09_sylius,sylius_shop_user,email_canonical,VARCHAR(255),string
drawSQL-mysql-export-2026-02-09_sylius,sylius_shop_user,created_at,DATETIME,date
drawSQL-mysql-export-2026-02-09_sylius,sylius_shop_user,updated_at,DATETIME,date
drawSQL-mysql-export-2026-02-09_sylius,sylius_shop_user,encoder_name,VARCHAR(255),string
drawSQL-mysql-export-2026-02-09_sylius,sylius_tax_category,id,INT,num
drawSQL-mysql-export-2026-02-09_sylius,sylius_tax_category,AUTO_INCREMENT,PRIMARY,string
drawSQL-mysql-export-2026-02-09_sylius,sylius_tax_category,code,VARCHAR(255),string
drawSQL-mysql-export-2026-02-09_sylius,sylius_tax_category,name,VARCHAR(255),string
drawSQL-mysql-export-2026-02-09_sylius,sylius_tax_category,description,LONGTEXT,string
drawSQL-mysql-export-2026-02-09_sylius,sylius_tax_category,created_at,DATETIME,date
drawSQL-mysql-export-2026-02-09_sylius,sylius_tax_category,updated_at,DATETIME,date
drawSQL-mysql-export-2026-02-09_sylius,sylius_taxon,id,INT,num
drawSQL-mysql-export-2026-02-09_sylius,sylius_taxon,AUTO_INCREMENT,PRIMARY,string
drawSQL-mysql-export-2026-02-09_sylius,sylius_taxon,tree_root,INT,num
drawSQL-mysql-export-2026-02-09_sylius,sylius_taxon,parent_id,INT,num
drawSQL-mysql-export-2026-02-09_sylius,sylius_taxon,code,VARCHAR(255),string
drawSQL-mysql-export-2026-02-09_sylius,sylius_taxon,tree_left,INT,num
drawSQL-mysql-export-2026-02-09_sylius,sylius_taxon,tree_right,INT,num
drawSQL-mysql-export-2026-02-09_sylius,sylius_taxon,tree_level,INT,num
drawSQL-mysql-export-2026-02-09_sylius,sylius_taxon,position,INT,num
drawSQL-mysql-export-2026-02-09_sylius,sylius_taxon,created_at,DATETIME,date
drawSQL-mysql-export-2026-02-09_sylius,sylius_taxon,updated_at,DATETIME,date
drawSQL-mysql-export-2026-02-09_sylius,sylius_taxon,enabled,TINYINT(1),boolean
drawSQL-mysql-export-2026-02-09_sylius,sylius_channel_price_history_config_excluded_taxons,channel_id,INT,num
drawSQL-mysql-export-2026-02-09_sylius,sylius_channel_price_history_config_excluded_taxons,taxon_id,INT,num
drawSQL-mysql-export-2026-02-09_sylius,sylius_product,id,INT,num
drawSQL-mysql-export-2026-02-09_sylius,sylius_product,AUTO_INCREMENT,PRIMARY,string
drawSQL-mysql-export-2026-02-09_sylius,sylius_product,main_taxon_id,INT,num
drawSQL-mysql-export-2026-02-09_sylius,sylius_product,code,VARCHAR(255),string
drawSQL-mysql-export-2026-02-09_sylius,sylius_product,created_at,DATETIME,date
drawSQL-mysql-export-2026-02-09_sylius,sylius_product,updated_at,DATETIME,date
drawSQL-mysql-export-2026-02-09_sylius,sylius_product,enabled,TINYINT(1),boolean
drawSQL-mysql-export-2026-02-09_sylius,sylius_product,variant_selection_method,VARCHAR(255),string
drawSQL-mysql-export-2026-02-09_sylius,sylius_product,average_rating,DOUBLE,num
drawSQL-mysql-export-2026-02-09_sylius,sylius_product_association,id,INT,num
drawSQL-mysql-export-2026-02-09_sylius,sylius_product_association,AUTO_INCREMENT,PRIMARY,string
drawSQL-mysql-export-2026-02-09_sylius,sylius_product_association,association_type_id,INT,num
drawSQL-mysql-export-2026-02-09_sylius,sylius_product_association,product_id,INT,num
drawSQL-mysql-export-2026-02-09_sylius,sylius_product_association,created_at,DATETIME,date
drawSQL-mysql-export-2026-02-09_sylius,sylius_product_association,updated_at,DATETIME,date
drawSQL-mysql-export-2026-02-09_sylius,sylius_product_association_product,association_id,INT,num
drawSQL-mysql-export-2026-02-09_sylius,sylius_product_association_product,product_id,INT,num
drawSQL-mysql-export-2026-02-09_sylius,sylius_product_attribute_value,id,INT,num
drawSQL-mysql-export-2026-02-09_sylius,sylius_product_attribute_value,AUTO_INCREMENT,PRIMARY,string
drawSQL-mysql-export-2026-02-09_sylius,sylius_product_attribute_value,product_id,INT,num
drawSQL-mysql-export-2026-02-09_sylius,sylius_product_attribute_value,attribute_id,INT,num
drawSQL-mysql-export-2026-02-09_sylius,sylius_product_attribute_value,text_value,LONGTEXT,string
drawSQL-mysql-export-2026-02-09_sylius,sylius_product_attribute_value,boolean_value,TINYINT(1),boolean
drawSQL-mysql-export-2026-02-09_sylius,sylius_product_attribute_value,integer_value,INT,num
drawSQL-mysql-export-2026-02-09_sylius,sylius_product_attribute_value,float_value,DOUBLE,num
drawSQL-mysql-export-2026-02-09_sylius,sylius_product_attribute_value,datetime_value,DATETIME,date
drawSQL-mysql-export-2026-02-09_sylius,sylius_product_attribute_value,date_value,DATE,date
drawSQL-mysql-export-2026-02-09_sylius,sylius_product_attribute_value,json_value,JSON,string
drawSQL-mysql-export-2026-02-09_sylius,sylius_product_attribute_value,locale_code,VARCHAR(255),string
drawSQL-mysql-export-2026-02-09_sylius,sylius_product_image,id,INT,num
drawSQL-mysql-export-2026-02-09_sylius,sylius_product_image,AUTO_INCREMENT,PRIMARY,string
drawSQL-mysql-export-2026-02-09_sylius,sylius_product_image,owner_id,INT,num
drawSQL-mysql-export-2026-02-09_sylius,sylius_product_image,type,VARCHAR(255),string
drawSQL-mysql-export-2026-02-09_sylius,sylius_product_image,path,VARCHAR(255),string
drawSQL-mysql-export-2026-02-09_sylius,sylius_product_options,product_id,INT,num
drawSQL-mysql-export-2026-02-09_sylius,sylius_product_options,option_id,INT,num
drawSQL-mysql-export-2026-02-09_sylius,sylius_product_review,id,INT,num
drawSQL-mysql-export-2026-02-09_sylius,sylius_product_review,AUTO_INCREMENT,PRIMARY,string
drawSQL-mysql-export-2026-02-09_sylius,sylius_product_review,product_id,INT,num
drawSQL-mysql-export-2026-02-09_sylius,sylius_product_review,author_id,INT,num
drawSQL-mysql-export-2026-02-09_sylius,sylius_product_review,title,VARCHAR(255),string
drawSQL-mysql-export-2026-02-09_sylius,sylius_product_review,rating,INT,num
drawSQL-mysql-export-2026-02-09_sylius,sylius_product_review,comment,LONGTEXT,string
drawSQL-mysql-export-2026-02-09_sylius,sylius_product_review,status,VARCHAR(255),string
drawSQL-mysql-export-2026-02-09_sylius,sylius_product_review,created_at,DATETIME,date
drawSQL-mysql-export-2026-02-09_sylius,sylius_product_review,updated_at,DATETIME,date
drawSQL-mysql-export-2026-02-09_sylius,sylius_product_taxon,id,INT,num
drawSQL-mysql-export-2026-02-09_sylius,sylius_product_taxon,AUTO_INCREMENT,PRIMARY,string
drawSQL-mysql-export-2026-02-09_sylius,sylius_product_taxon,product_id,INT,num
drawSQL-mysql-export-2026-02-09_sylius,sylius_product_taxon,taxon_id,INT,num
drawSQL-mysql-export-2026-02-09_sylius,sylius_product_taxon,position,INT,num
drawSQL-mysql-export-2026-02-09_sylius,sylius_product_translation,id,INT,num
drawSQL-mysql-export-2026-02-09_sylius,sylius_product_translation,AUTO_INCREMENT,PRIMARY,string
drawSQL-mysql-export-2026-02-09_sylius,sylius_product_translation,translatable_id,INT,num
drawSQL-mysql-export-2026-02-09_sylius,sylius_product_translation,name,VARCHAR(255),string
drawSQL-mysql-export-2026-02-09_sylius,sylius_product_translation,slug,VARCHAR(255),string
drawSQL-mysql-export-2026-02-09_sylius,sylius_product_translation,description,LONGTEXT,string
drawSQL-mysql-export-2026-02-09_sylius,sylius_product_translation,meta_keywords,VARCHAR(255),string
drawSQL-mysql-export-2026-02-09_sylius,sylius_product_translation,meta_description,VARCHAR(255),string
drawSQL-mysql-export-2026-02-09_sylius,sylius_product_translation,short_description,LONGTEXT,string
drawSQL-mysql-export-2026-02-09_sylius,sylius_product_translation,locale,VARCHAR(255),string
drawSQL-mysql-export-2026-02-09_sylius,sylius_product_variant,id,INT,num
drawSQL-mysql-export-2026-02-09_sylius,sylius_product_variant,AUTO_INCREMENT,PRIMARY,string
drawSQL-mysql-export-2026-02-09_sylius,sylius_product_variant,product_id,INT,num
drawSQL-mysql-export-2026-02-09_sylius,sylius_product_variant,tax_category_id,INT,num
drawSQL-mysql-export-2026-02-09_sylius,sylius_product_variant,shipping_category_id,INT,num
drawSQL-mysql-export-2026-02-09_sylius,sylius_product_variant,code,VARCHAR(255),string
drawSQL-mysql-export-2026-02-09_sylius,sylius_product_variant,created_at,DATETIME,date
drawSQL-mysql-export-2026-02-09_sylius,sylius_product_variant,updated_at,DATETIME,date
drawSQL-mysql-export-2026-02-09_sylius,sylius_product_variant,on_hold,INT,num
drawSQL-mysql-export-2026-02-09_sylius,sylius_product_variant,on_hand,INT,num
drawSQL-mysql-export-2026-02-09_sylius,sylius_product_variant,tracked,TINYINT(1),boolean
drawSQL-mysql-export-2026-02-09_sylius,sylius_product_variant,width,DOUBLE,num
drawSQL-mysql-export-2026-02-09_sylius,sylius_product_variant,height,DOUBLE,num
drawSQL-mysql-export-2026-02-09_sylius,sylius_product_variant,depth,DOUBLE,num
drawSQL-mysql-export-2026-02-09_sylius,sylius_product_variant,weight,DOUBLE,num
drawSQL-mysql-export-2026-02-09_sylius,sylius_product_variant,position,INT,num
drawSQL-mysql-export-2026-02-09_sylius,sylius_product_variant,shipping_required,TINYINT(1),boolean
drawSQL-mysql-export-2026-02-09_sylius,sylius_product_variant,version,INT,num
drawSQL-mysql-export-2026-02-09_sylius,sylius_product_variant,enabled,TINYINT(1),boolean
drawSQL-mysql-export-2026-02-09_sylius,sylius_channel_pricing,id,INT,num
drawSQL-mysql-export-2026-02-09_sylius,sylius_channel_pricing,AUTO_INCREMENT,PRIMARY,string
drawSQL-mysql-export-2026-02-09_sylius,sylius_channel_pricing,product_variant_id,INT,num
drawSQL-mysql-export-2026-02-09_sylius,sylius_channel_pricing,price,INT,num
drawSQL-mysql-export-2026-02-09_sylius,sylius_channel_pricing,channel_code,VARCHAR(255),string
drawSQL-mysql-export-2026-02-09_sylius,sylius_channel_pricing,original_price,INT,num
drawSQL-mysql-export-2026-02-09_sylius,sylius_channel_pricing,minimum_price,INT,num
drawSQL-mysql-export-2026-02-09_sylius,sylius_channel_pricing,lowest_price_before_discount,INT,num
drawSQL-mysql-export-2026-02-09_sylius,sylius_channel_pricing_catalog_promotions,channel_pricing_id,INT,num
drawSQL-mysql-export-2026-02-09_sylius,sylius_channel_pricing_catalog_promotions,catalog_promotion_id,INT,num
drawSQL-mysql-export-2026-02-09_sylius,sylius_channel_pricing_log_entry,id,INT,num
drawSQL-mysql-export-2026-02-09_sylius,sylius_channel_pricing_log_entry,AUTO_INCREMENT,PRIMARY,string
drawSQL-mysql-export-2026-02-09_sylius,sylius_channel_pricing_log_entry,channel_pricing_id,INT,num
drawSQL-mysql-export-2026-02-09_sylius,sylius_channel_pricing_log_entry,price,INT,num
drawSQL-mysql-export-2026-02-09_sylius,sylius_channel_pricing_log_entry,original_price,INT,num
drawSQL-mysql-export-2026-02-09_sylius,sylius_channel_pricing_log_entry,logged_at,DATETIME,date
drawSQL-mysql-export-2026-02-09_sylius,sylius_product_image_product_variants,image_id,INT,num
drawSQL-mysql-export-2026-02-09_sylius,sylius_product_image_product_variants,variant_id,INT,num
drawSQL-mysql-export-2026-02-09_sylius,sylius_product_variant_option_value,variant_id,INT,num
drawSQL-mysql-export-2026-02-09_sylius,sylius_product_variant_option_value,option_value_id,INT,num
drawSQL-mysql-export-2026-02-09_sylius,sylius_product_variant_translation,id,INT,num
drawSQL-mysql-export-2026-02-09_sylius,sylius_product_variant_translation,AUTO_INCREMENT,PRIMARY,string
drawSQL-mysql-export-2026-02-09_sylius,sylius_product_variant_translation,translatable_id,INT,num
drawSQL-mysql-export-2026-02-09_sylius,sylius_product_variant_translation,name,VARCHAR(255),string
drawSQL-mysql-export-2026-02-09_sylius,sylius_product_variant_translation,locale,VARCHAR(255),string
drawSQL-mysql-export-2026-02-09_sylius,sylius_taxon_image,id,INT,num
drawSQL-mysql-export-2026-02-09_sylius,sylius_taxon_image,AUTO_INCREMENT,PRIMARY,string
drawSQL-mysql-export-2026-02-09_sylius,sylius_taxon_image,owner_id,INT,num
drawSQL-mysql-export-2026-02-09_sylius,sylius_taxon_image,type,VARCHAR(255),string
drawSQL-mysql-export-2026-02-09_sylius,sylius_taxon_image,path,VARCHAR(255),string
drawSQL-mysql-export-2026-02-09_sylius,sylius_taxon_translation,id,INT,num
drawSQL-mysql-export-2026-02-09_sylius,sylius_taxon_translation,AUTO_INCREMENT,PRIMARY,string
drawSQL-mysql-export-2026-02-09_sylius,sylius_taxon_translation,translatable_id,INT,num
drawSQL-mysql-export-2026-02-09_sylius,sylius_taxon_translation,name,VARCHAR(255),string
drawSQL-mysql-export-2026-02-09_sylius,sylius_taxon_translation,slug,VARCHAR(255),string
drawSQL-mysql-export-2026-02-09_sylius,sylius_taxon_translation,description,LONGTEXT,string
drawSQL-mysql-export-2026-02-09_sylius,sylius_taxon_translation,locale,VARCHAR(255),string
drawSQL-mysql-export-2026-02-09_sylius,sylius_user_oauth,id,INT,num
drawSQL-mysql-export-2026-02-09_sylius,sylius_user_oauth,AUTO_INCREMENT,PRIMARY,string
drawSQL-mysql-export-2026-02-09_sylius,sylius_user_oauth,user_id,INT,num
drawSQL-mysql-export-2026-02-09_sylius,sylius_user_oauth,provider,VARCHAR(255),string
drawSQL-mysql-export-2026-02-09_sylius,sylius_user_oauth,identifier,VARCHAR(255),string
drawSQL-mysql-export-2026-02-09_sylius,sylius_user_oauth,access_token,TEXT,string
drawSQL-mysql-export-2026-02-09_sylius,sylius_user_oauth,refresh_token,TEXT,string
drawSQL-mysql-export-2026-02-09_sylius,sylius_zone,id,INT,num
drawSQL-mysql-export-2026-02-09_sylius,sylius_zone,AUTO_INCREMENT,PRIMARY,string
drawSQL-mysql-export-2026-02-09_sylius,sylius_zone,code,VARCHAR(255),string
drawSQL-mysql-export-2026-02-09_sylius,sylius_zone,name,VARCHAR(255),string
drawSQL-mysql-export-2026-02-09_sylius,sylius_zone,type,VARCHAR(8),string
drawSQL-mysql-export-2026-02-09_sylius,sylius_zone,scope,VARCHAR(255),string
drawSQL-mysql-export-2026-02-09_sylius,sylius_channel,id,INT,num
drawSQL-mysql-export-2026-02-09_sylius,sylius_channel,AUTO_INCREMENT,PRIMARY,string
drawSQL-mysql-export-2026-02-09_sylius,sylius_channel,default_locale_id,INT,num
drawSQL-mysql-export-2026-02-09_sylius,sylius_channel,base_currency_id,INT,num
drawSQL-mysql-export-2026-02-09_sylius,sylius_channel,default_tax_zone_id,INT,num
drawSQL-mysql-export-2026-02-09_sylius,sylius_channel,code,VARCHAR(255),string
drawSQL-mysql-export-2026-02-09_sylius,sylius_channel,name,VARCHAR(255),string
drawSQL-mysql-export-2026-02-09_sylius,sylius_channel,color,VARCHAR(255),string
drawSQL-mysql-export-2026-02-09_sylius,sylius_channel,description,LONGTEXT,string
drawSQL-mysql-export-2026-02-09_sylius,sylius_channel,enabled,TINYINT(1),boolean
drawSQL-mysql-export-2026-02-09_sylius,sylius_channel,hostname,VARCHAR(255),string
drawSQL-mysql-export-2026-02-09_sylius,sylius_channel,created_at,DATETIME,date
drawSQL-mysql-export-2026-02-09_sylius,sylius_channel,updated_at,DATETIME,date
drawSQL-mysql-export-2026-02-09_sylius,sylius_channel,theme_name,VARCHAR(255),string
drawSQL-mysql-export-2026-02-09_sylius,sylius_channel,tax_calculation_strategy,VARCHAR(255),string
drawSQL-mysql-export-2026-02-09_sylius,sylius_channel,contact_email,VARCHAR(255),string
drawSQL-mysql-export-2026-02-09_sylius,sylius_channel,skipping_shipping_step_allowed,TINYINT(1),boolean
drawSQL-mysql-export-2026-02-09_sylius,sylius_channel,account_verification_required,TINYINT(1),boolean
drawSQL-mysql-export-2026-02-09_sylius,sylius_channel,skipping_payment_step_allowed,TINYINT(1),boolean
drawSQL-mysql-export-2026-02-09_sylius,sylius_channel,shop_billing_data_id,INT,num
drawSQL-mysql-export-2026-02-09_sylius,sylius_channel,menu_taxon_id,INT,num
drawSQL-mysql-export-2026-02-09_sylius,sylius_channel,contact_phone_number,VARCHAR(255),string
drawSQL-mysql-export-2026-02-09_sylius,sylius_channel,shipping_address_in_checkout_required,TINYINT(1),boolean
drawSQL-mysql-export-2026-02-09_sylius,sylius_channel,channel_price_history_config_id,INT,num
drawSQL-mysql-export-2026-02-09_sylius,sylius_catalog_promotion_channels,catalog_promotion_id,INT,num
drawSQL-mysql-export-2026-02-09_sylius,sylius_catalog_promotion_channels,channel_id,INT,num
drawSQL-mysql-export-2026-02-09_sylius,sylius_channel_countries,channel_id,INT,num
drawSQL-mysql-export-2026-02-09_sylius,sylius_channel_countries,country_id,INT,num
drawSQL-mysql-export-2026-02-09_sylius,sylius_channel_currencies,channel_id,INT,num
drawSQL-mysql-export-2026-02-09_sylius,sylius_channel_currencies,currency_id,INT,num
drawSQL-mysql-export-2026-02-09_sylius,sylius_channel_locales,channel_id,INT,num
drawSQL-mysql-export-2026-02-09_sylius,sylius_channel_locales,locale_id,INT,num
drawSQL-mysql-export-2026-02-09_sylius,sylius_order,id,INT,num
drawSQL-mysql-export-2026-02-09_sylius,sylius_order,AUTO_INCREMENT,PRIMARY,string
drawSQL-mysql-export-2026-02-09_sylius,sylius_order,shipping_address_id,INT,num
drawSQL-mysql-export-2026-02-09_sylius,sylius_order,billing_address_id,INT,num
drawSQL-mysql-export-2026-02-09_sylius,sylius_order,channel_id,INT,num
drawSQL-mysql-export-2026-02-09_sylius,sylius_order,promotion_coupon_id,INT,num
drawSQL-mysql-export-2026-02-09_sylius,sylius_order,customer_id,INT,num
drawSQL-mysql-export-2026-02-09_sylius,sylius_order,number,VARCHAR(255),string
drawSQL-mysql-export-2026-02-09_sylius,sylius_order,notes,LONGTEXT,string
drawSQL-mysql-export-2026-02-09_sylius,sylius_order,state,VARCHAR(255),string
drawSQL-mysql-export-2026-02-09_sylius,sylius_order,checkout_completed_at,DATETIME,date
drawSQL-mysql-export-2026-02-09_sylius,sylius_order,items_total,INT,num
drawSQL-mysql-export-2026-02-09_sylius,sylius_order,adjustments_total,INT,num
drawSQL-mysql-export-2026-02-09_sylius,sylius_order,total,INT,num
drawSQL-mysql-export-2026-02-09_sylius,sylius_order,created_at,DATETIME,date
drawSQL-mysql-export-2026-02-09_sylius,sylius_order,updated_at,DATETIME,date
drawSQL-mysql-export-2026-02-09_sylius,sylius_order,currency_code,VARCHAR(3),string
drawSQL-mysql-export-2026-02-09_sylius,sylius_order,locale_code,VARCHAR(255),string
drawSQL-mysql-export-2026-02-09_sylius,sylius_order,checkout_state,VARCHAR(255),string
drawSQL-mysql-export-2026-02-09_sylius,sylius_order,payment_state,VARCHAR(255),string
drawSQL-mysql-export-2026-02-09_sylius,sylius_order,shipping_state,VARCHAR(255),string
drawSQL-mysql-export-2026-02-09_sylius,sylius_order,token_value,VARCHAR(255),string
drawSQL-mysql-export-2026-02-09_sylius,sylius_order,customer_ip,VARCHAR(255),string
drawSQL-mysql-export-2026-02-09_sylius,sylius_order,created_by_guest,TINYINT(1),boolean
drawSQL-mysql-export-2026-02-09_sylius,sylius_order_item,id,INT,num
drawSQL-mysql-export-2026-02-09_sylius,sylius_order_item,AUTO_INCREMENT,PRIMARY,string
drawSQL-mysql-export-2026-02-09_sylius,sylius_order_item,order_id,INT,num
drawSQL-mysql-export-2026-02-09_sylius,sylius_order_item,variant_id,INT,num
drawSQL-mysql-export-2026-02-09_sylius,sylius_order_item,quantity,INT,num
drawSQL-mysql-export-2026-02-09_sylius,sylius_order_item,unit_price,INT,num
drawSQL-mysql-export-2026-02-09_sylius,sylius_order_item,units_total,INT,num
drawSQL-mysql-export-2026-02-09_sylius,sylius_order_item,adjustments_total,INT,num
drawSQL-mysql-export-2026-02-09_sylius,sylius_order_item,total,INT,num
drawSQL-mysql-export-2026-02-09_sylius,sylius_order_item,is_immutable,TINYINT(1),boolean
drawSQL-mysql-export-2026-02-09_sylius,sylius_order_item,product_name,VARCHAR(255),string
drawSQL-mysql-export-2026-02-09_sylius,sylius_order_item,variant_name,VARCHAR(255),string
drawSQL-mysql-export-2026-02-09_sylius,sylius_order_item,version,INT,num
drawSQL-mysql-export-2026-02-09_sylius,sylius_order_item,original_unit_price,INT,num
drawSQL-mysql-export-2026-02-09_sylius,sylius_payment,id,INT,num
drawSQL-mysql-export-2026-02-09_sylius,sylius_payment,AUTO_INCREMENT,PRIMARY,string
drawSQL-mysql-export-2026-02-09_sylius,sylius_payment,method_id,INT,num
drawSQL-mysql-export-2026-02-09_sylius,sylius_payment,order_id,INT,num
drawSQL-mysql-export-2026-02-09_sylius,sylius_payment,currency_code,VARCHAR(3),string
drawSQL-mysql-export-2026-02-09_sylius,sylius_payment,amount,INT,num
drawSQL-mysql-export-2026-02-09_sylius,sylius_payment,state,VARCHAR(255),string
drawSQL-mysql-export-2026-02-09_sylius,sylius_payment,details,JSON,string
drawSQL-mysql-export-2026-02-09_sylius,sylius_payment,created_at,DATETIME,date
drawSQL-mysql-export-2026-02-09_sylius,sylius_payment,updated_at,DATETIME,date
drawSQL-mysql-export-2026-02-09_sylius,sylius_payment_method_channels,payment_method_id,INT,num
drawSQL-mysql-export-2026-02-09_sylius,sylius_payment_method_channels,channel_id,INT,num
drawSQL-mysql-export-2026-02-09_sylius,sylius_product_channels,product_id,INT,num
drawSQL-mysql-export-2026-02-09_sylius,sylius_product_channels,channel_id,INT,num
drawSQL-mysql-export-2026-02-09_sylius,sylius_promotion_channels,promotion_id,INT,num
drawSQL-mysql-export-2026-02-09_sylius,sylius_promotion_channels,channel_id,INT,num
drawSQL-mysql-export-2026-02-09_sylius,sylius_promotion_order,order_id,INT,num
drawSQL-mysql-export-2026-02-09_sylius,sylius_promotion_order,promotion_id,INT,num
drawSQL-mysql-export-2026-02-09_sylius,sylius_shipping_method,id,INT,num
drawSQL-mysql-export-2026-02-09_sylius,sylius_shipping_method,AUTO_INCREMENT,PRIMARY,string
drawSQL-mysql-export-2026-02-09_sylius,sylius_shipping_method,category_id,INT,num
drawSQL-mysql-export-2026-02-09_sylius,sylius_shipping_method,zone_id,INT,num
drawSQL-mysql-export-2026-02-09_sylius,sylius_shipping_method,tax_category_id,INT,num
drawSQL-mysql-export-2026-02-09_sylius,sylius_shipping_method,code,VARCHAR(255),string
drawSQL-mysql-export-2026-02-09_sylius,sylius_shipping_method,configuration,JSON,string
drawSQL-mysql-export-2026-02-09_sylius,sylius_shipping_method,category_requirement,INT,num
drawSQL-mysql-export-2026-02-09_sylius,sylius_shipping_method,calculator,VARCHAR(255),string
drawSQL-mysql-export-2026-02-09_sylius,sylius_shipping_method,is_enabled,TINYINT(1),boolean
drawSQL-mysql-export-2026-02-09_sylius,sylius_shipping_method,position,INT,num
drawSQL-mysql-export-2026-02-09_sylius,sylius_shipping_method,created_at,DATETIME,date
drawSQL-mysql-export-2026-02-09_sylius,sylius_shipping_method,updated_at,DATETIME,date
drawSQL-mysql-export-2026-02-09_sylius,sylius_shipping_method,archived_at,DATETIME,date
drawSQL-mysql-export-2026-02-09_sylius,sylius_shipment,id,INT,num
drawSQL-mysql-export-2026-02-09_sylius,sylius_shipment,AUTO_INCREMENT,PRIMARY,string
drawSQL-mysql-export-2026-02-09_sylius,sylius_shipment,method_id,INT,num
drawSQL-mysql-export-2026-02-09_sylius,sylius_shipment,order_id,INT,num
drawSQL-mysql-export-2026-02-09_sylius,sylius_shipment,state,VARCHAR(255),string
drawSQL-mysql-export-2026-02-09_sylius,sylius_shipment,tracking,VARCHAR(255),string
drawSQL-mysql-export-2026-02-09_sylius,sylius_shipment,created_at,DATETIME,date
drawSQL-mysql-export-2026-02-09_sylius,sylius_shipment,updated_at,DATETIME,date
drawSQL-mysql-export-2026-02-09_sylius,sylius_shipment,shipped_at,DATETIME,date
drawSQL-mysql-export-2026-02-09_sylius,sylius_shipment,adjustments_total,INT,num
drawSQL-mysql-export-2026-02-09_sylius,sylius_order_item_unit,id,INT,num
drawSQL-mysql-export-2026-02-09_sylius,sylius_order_item_unit,AUTO_INCREMENT,PRIMARY,string
drawSQL-mysql-export-2026-02-09_sylius,sylius_order_item_unit,order_item_id,INT,num
drawSQL-mysql-export-2026-02-09_sylius,sylius_order_item_unit,shipment_id,INT,num
drawSQL-mysql-export-2026-02-09_sylius,sylius_order_item_unit,adjustments_total,INT,num
drawSQL-mysql-export-2026-02-09_sylius,sylius_order_item_unit,created_at,DATETIME,date
drawSQL-mysql-export-2026-02-09_sylius,sylius_order_item_unit,updated_at,DATETIME,date
drawSQL-mysql-export-2026-02-09_sylius,sylius_adjustment,id,INT,num
drawSQL-mysql-export-2026-02-09_sylius,sylius_adjustment,AUTO_INCREMENT,PRIMARY,string
drawSQL-mysql-export-2026-02-09_sylius,sylius_adjustment,order_id,INT,num
drawSQL-mysql-export-2026-02-09_sylius,sylius_adjustment,order_item_id,INT,num
drawSQL-mysql-export-2026-02-09_sylius,sylius_adjustment,order_item_unit_id,INT,num
drawSQL-mysql-export-2026-02-09_sylius,sylius_adjustment,type,VARCHAR(255),string
drawSQL-mysql-export-2026-02-09_sylius,sylius_adjustment,label,VARCHAR(255),string
drawSQL-mysql-export-2026-02-09_sylius,sylius_adjustment,amount,INT,num
drawSQL-mysql-export-2026-02-09_sylius,sylius_adjustment,is_neutral,TINYINT(1),boolean
drawSQL-mysql-export-2026-02-09_sylius,sylius_adjustment,is_locked,TINYINT(1),boolean
drawSQL-mysql-export-2026-02-09_sylius,sylius_adjustment,origin_code,VARCHAR(255),string
drawSQL-mysql-export-2026-02-09_sylius,sylius_adjustment,created_at,DATETIME,date
drawSQL-mysql-export-2026-02-09_sylius,sylius_adjustment,updated_at,DATETIME,date
drawSQL-mysql-export-2026-02-09_sylius,sylius_adjustment,shipment_id,INT,num
drawSQL-mysql-export-2026-02-09_sylius,sylius_adjustment,details,JSON,string
drawSQL-mysql-export-2026-02-09_sylius,sylius_shipping_method_channels,shipping_method_id,INT,num
drawSQL-mysql-export-2026-02-09_sylius,sylius_shipping_method_channels,channel_id,INT,num
drawSQL-mysql-export-2026-02-09_sylius,sylius_shipping_method_rule,id,INT,num
drawSQL-mysql-export-2026-02-09_sylius,sylius_shipping_method_rule,AUTO_INCREMENT,PRIMARY,string
drawSQL-mysql-export-2026-02-09_sylius,sylius_shipping_method_rule,shipping_method_id,INT,num
drawSQL-mysql-export-2026-02-09_sylius,sylius_shipping_method_rule,type,VARCHAR(255),string
drawSQL-mysql-export-2026-02-09_sylius,sylius_shipping_method_rule,configuration,JSON,string
drawSQL-mysql-export-2026-02-09_sylius,sylius_shipping_method_translation,id,INT,num
drawSQL-mysql-export-2026-02-09_sylius,sylius_shipping_method_translation,AUTO_INCREMENT,PRIMARY,string
drawSQL-mysql-export-2026-02-09_sylius,sylius_shipping_method_translation,translatable_id,INT,num
drawSQL-mysql-export-2026-02-09_sylius,sylius_shipping_method_translation,name,VARCHAR(255),string
drawSQL-mysql-export-2026-02-09_sylius,sylius_shipping_method_translation,description,VARCHAR(255),string
drawSQL-mysql-export-2026-02-09_sylius,sylius_shipping_method_translation,locale,VARCHAR(255),string
drawSQL-mysql-export-2026-02-09_sylius,sylius_tax_rate,id,INT,num
drawSQL-mysql-export-2026-02-09_sylius,sylius_tax_rate,AUTO_INCREMENT,PRIMARY,string
drawSQL-mysql-export-2026-02-09_sylius,sylius_tax_rate,category_id,INT,num
drawSQL-mysql-export-2026-02-09_sylius,sylius_tax_rate,zone_id,INT,num
drawSQL-mysql-export-2026-02-09_sylius,sylius_tax_rate,code,VARCHAR(255),string
drawSQL-mysql-export-2026-02-09_sylius,sylius_tax_rate,name,VARCHAR(255),string
drawSQL-mysql-export-2026-02-09_sylius,sylius_tax_rate,amount,"DECIMAL(10, 5)",num
drawSQL-mysql-export-2026-02-09_sylius,sylius_tax_rate,included_in_price,TINYINT(1),boolean
drawSQL-mysql-export-2026-02-09_sylius,sylius_tax_rate,calculator,VARCHAR(255),string
drawSQL-mysql-export-2026-02-09_sylius,sylius_tax_rate,created_at,DATETIME,date
drawSQL-mysql-export-2026-02-09_sylius,sylius_tax_rate,updated_at,DATETIME,date
drawSQL-mysql-export-2026-02-09_sylius,sylius_tax_rate,start_date,DATETIME,date
drawSQL-mysql-export-2026-02-09_sylius,sylius_tax_rate,end_date,DATETIME,date
drawSQL-mysql-export-2026-02-09_sylius,sylius_zone_member,id,INT,num
drawSQL-mysql-export-2026-02-09_sylius,sylius_zone_member,AUTO_INCREMENT,PRIMARY,string
drawSQL-mysql-export-2026-02-09_sylius,sylius_zone_member,belongs_to,INT,num
drawSQL-mysql-export-2026-02-09_sylius,sylius_zone_member,code,VARCHAR(255),string
drawSQL-mysql-export-2026-02-09_tenancy,websites,id,BIGINT,num
drawSQL-mysql-export-2026-02-09_tenancy,websites,uuid,VARCHAR(255),string
drawSQL-mysql-export-2026-02-09_tenancy,websites,created_at,DATETIME,date
drawSQL-mysql-export-2026-02-09_tenancy,websites,updated_at,DATETIME,date
drawSQL-mysql-export-2026-02-09_tenancy,websites,deleted_at,DATETIME,date
drawSQL-mysql-export-2026-02-09_tenancy,websites,managed_by_database_connection,VARCHAR(255),string
drawSQL-mysql-export-2026-02-09_tenancy,hostnames,id,BIGINT,num
drawSQL-mysql-export-2026-02-09_tenancy,hostnames,fqdn,VARCHAR(255),string
drawSQL-mysql-export-2026-02-09_tenancy,hostnames,redirect_to,VARCHAR(255),string
drawSQL-mysql-export-2026-02-09_tenancy,hostnames,force_https,BOOLEAN,boolean
drawSQL-mysql-export-2026-02-09_tenancy,hostnames,under_maintenance_since,TIMESTAMP,date
drawSQL-mysql-export-2026-02-09_tenancy,hostnames,website_id,BIGINT,num
drawSQL-mysql-export-2026-02-09_tenancy,hostnames,created_at,DATETIME,date
drawSQL-mysql-export-2026-02-09_tenancy,hostnames,updated_at,DATETIME,date
drawSQL-mysql-export-2026-02-09_tenancy,hostnames,deleted_at,DATETIME,date
drawSQL-mysql-export-2026-02-09_timegrid,appointments,id,INT,num
drawSQL-mysql-export-2026-02-09_timegrid,appointments,issuer_id,INT,num
drawSQL-mysql-export-2026-02-09_timegrid,appointments,contact_id,INT,num
drawSQL-mysql-export-2026-02-09_timegrid,appointments,business_id,INT,num
drawSQL-mysql-export-2026-02-09_timegrid,appointments,hash,VARCHAR(255),string
drawSQL-mysql-export-2026-02-09_timegrid,appointments,start_at,TIMESTAMP,date
drawSQL-mysql-export-2026-02-09_timegrid,appointments,finish_at,TIMESTAMP,date
drawSQL-mysql-export-2026-02-09_timegrid,appointments,duration,INT,num
drawSQL-mysql-export-2026-02-09_timegrid,appointments,service_id,INT,num
drawSQL-mysql-export-2026-02-09_timegrid,appointments,comments,VARCHAR(255),string
drawSQL-mysql-export-2026-02-09_timegrid,appointments,created_at,TIMESTAMP,date
drawSQL-mysql-export-2026-02-09_timegrid,appointments,updated_at,TIMESTAMP,date
drawSQL-mysql-export-2026-02-09_timegrid,appointments,deleted_at,TIMESTAMP,date
drawSQL-mysql-export-2026-02-09_timegrid,appointments,vacancy_id,INT,num
drawSQL-mysql-export-2026-02-09_timegrid,appointments,humanresource_id,INT,num
drawSQL-mysql-export-2026-02-09_timegrid,business_contact,business_id,INT,num
drawSQL-mysql-export-2026-02-09_timegrid,business_contact,contact_id,INT,num
drawSQL-mysql-export-2026-02-09_timegrid,business_contact,notes,VARCHAR(255),string
drawSQL-mysql-export-2026-02-09_timegrid,business_contact,created_at,TIMESTAMP,date
drawSQL-mysql-export-2026-02-09_timegrid,business_contact,updated_at,TIMESTAMP,date
drawSQL-mysql-export-2026-02-09_timegrid,business_user,business_id,INT,num
drawSQL-mysql-export-2026-02-09_timegrid,business_user,user_id,INT,num
drawSQL-mysql-export-2026-02-09_timegrid,business_user,created_at,TIMESTAMP,date
drawSQL-mysql-export-2026-02-09_timegrid,business_user,updated_at,TIMESTAMP,date
drawSQL-mysql-export-2026-02-09_timegrid,businesses,id,INT,num
drawSQL-mysql-export-2026-02-09_timegrid,businesses,category_id,INT,num
drawSQL-mysql-export-2026-02-09_timegrid,businesses,domain_id,INT,num
drawSQL-mysql-export-2026-02-09_timegrid,businesses,slug,VARCHAR(255),string
drawSQL-mysql-export-2026-02-09_timegrid,businesses,name,VARCHAR(255),string
drawSQL-mysql-export-2026-02-09_timegrid,businesses,description,VARCHAR(255),string
drawSQL-mysql-export-2026-02-09_timegrid,businesses,postal_address,VARCHAR(255),string
drawSQL-mysql-export-2026-02-09_timegrid,businesses,phone,VARCHAR(255),string
drawSQL-mysql-export-2026-02-09_timegrid,businesses,social_facebook,VARCHAR(255),string
drawSQL-mysql-export-2026-02-09_timegrid,businesses,timezone,VARCHAR(255),string
drawSQL-mysql-export-2026-02-09_timegrid,businesses,strategy,VARCHAR(255),string
drawSQL-mysql-export-2026-02-09_timegrid,businesses,plan,VARCHAR(255),string
drawSQL-mysql-export-2026-02-09_timegrid,businesses,deleted_at,TIMESTAMP,date
drawSQL-mysql-export-2026-02-09_timegrid,businesses,created_at,TIMESTAMP,date
drawSQL-mysql-export-2026-02-09_timegrid,businesses,updated_at,TIMESTAMP,date
drawSQL-mysql-export-2026-02-09_timegrid,businesses,country_code,VARCHAR(255),string
drawSQL-mysql-export-2026-02-09_timegrid,businesses,locale,VARCHAR(255),string
drawSQL-mysql-export-2026-02-09_timegrid,businesses,listed,TINYINT,num
drawSQL-mysql-export-2026-02-09_timegrid,categories,id,INT,num
drawSQL-mysql-export-2026-02-09_timegrid,categories,slug,VARCHAR(255),string
drawSQL-mysql-export-2026-02-09_timegrid,categories,name,VARCHAR(255),string
drawSQL-mysql-export-2026-02-09_timegrid,categories,description,VARCHAR(255),string
drawSQL-mysql-export-2026-02-09_timegrid,categories,strategy,VARCHAR(255),string
drawSQL-mysql-export-2026-02-09_timegrid,categories,deleted_at,TIMESTAMP,date
drawSQL-mysql-export-2026-02-09_timegrid,categories,created_at,TIMESTAMP,date
drawSQL-mysql-export-2026-02-09_timegrid,categories,updated_at,TIMESTAMP,date
drawSQL-mysql-export-2026-02-09_timegrid,contacts,id,INT,num
drawSQL-mysql-export-2026-02-09_timegrid,contacts,user_id,INT,num
drawSQL-mysql-export-2026-02-09_timegrid,contacts,nin,VARCHAR(255),string
drawSQL-mysql-export-2026-02-09_timegrid,contacts,firstname,VARCHAR(255),string
drawSQL-mysql-export-2026-02-09_timegrid,contacts,lastname,VARCHAR(255),string
drawSQL-mysql-export-2026-02-09_timegrid,contacts,occupation,VARCHAR(255),string
drawSQL-mysql-export-2026-02-09_timegrid,contacts,martial_status,VARCHAR(255),string
drawSQL-mysql-export-2026-02-09_timegrid,contacts,postal_address,VARCHAR(255),string
drawSQL-mysql-export-2026-02-09_timegrid,contacts,birthdate,DATE,date
drawSQL-mysql-export-2026-02-09_timegrid,contacts,mobile,CHAR(255),string
drawSQL-mysql-export-2026-02-09_timegrid,contacts,mobile_country,CHAR(255),string
drawSQL-mysql-export-2026-02-09_timegrid,contacts,email,VARCHAR(255),string
drawSQL-mysql-export-2026-02-09_timegrid,contacts,created_at,TIMESTAMP,date
drawSQL-mysql-export-2026-02-09_timegrid,contacts,updated_at,TIMESTAMP,date
drawSQL-mysql-export-2026-02-09_timegrid,contacts,deleted_at,TIMESTAMP,date
drawSQL-mysql-export-2026-02-09_timegrid,countries,id,INT,num
drawSQL-mysql-export-2026-02-09_timegrid,countries,capital,VARCHAR(255),string
drawSQL-mysql-export-2026-02-09_timegrid,countries,citizenship,VARCHAR(255),string
drawSQL-mysql-export-2026-02-09_timegrid,countries,country_code,CHAR(255),string
drawSQL-mysql-export-2026-02-09_timegrid,countries,currency,VARCHAR(255),string
drawSQL-mysql-export-2026-02-09_timegrid,countries,currency_code,VARCHAR(255),string
drawSQL-mysql-export-2026-02-09_timegrid,countries,currency_sub_unit,VARCHAR(255),string
drawSQL-mysql-export-2026-02-09_timegrid,countries,currency_symbol,VARCHAR(255),string
drawSQL-mysql-export-2026-02-09_timegrid,countries,full_name,VARCHAR(255),string
drawSQL-mysql-export-2026-02-09_timegrid,countries,iso_3166_2,CHAR(255),string
drawSQL-mysql-export-2026-02-09_timegrid,countries,iso_3166_3,CHAR(255),string
drawSQL-mysql-export-2026-02-09_timegrid,countries,name,VARCHAR(255),string
drawSQL-mysql-export-2026-02-09_timegrid,countries,region_code,CHAR(255),string
drawSQL-mysql-export-2026-02-09_timegrid,countries,sub_region_code,CHAR(255),string
drawSQL-mysql-export-2026-02-09_timegrid,countries,eea,TINYINT,num
drawSQL-mysql-export-2026-02-09_timegrid,countries,calling_code,VARCHAR(255),string
drawSQL-mysql-export-2026-02-09_timegrid,countries,flag,VARCHAR(255),string
drawSQL-mysql-export-2026-02-09_timegrid,domains,id,INT,num
drawSQL-mysql-export-2026-02-09_timegrid,domains,slug,VARCHAR(255),string
drawSQL-mysql-export-2026-02-09_timegrid,domains,owner_id,INT,num
drawSQL-mysql-export-2026-02-09_timegrid,domains,created_at,TIMESTAMP,date
drawSQL-mysql-export-2026-02-09_timegrid,domains,updated_at,TIMESTAMP,date
drawSQL-mysql-export-2026-02-09_timegrid,domains,deleted_at,TIMESTAMP,date
drawSQL-mysql-export-2026-02-09_timegrid,humanresources,id,INT,num
drawSQL-mysql-export-2026-02-09_timegrid,humanresources,name,VARCHAR(255),string
drawSQL-mysql-export-2026-02-09_timegrid,humanresources,slug,VARCHAR(255),string
drawSQL-mysql-export-2026-02-09_timegrid,humanresources,capacity,INT,num
drawSQL-mysql-export-2026-02-09_timegrid,humanresources,business_id,INT,num
drawSQL-mysql-export-2026-02-09_timegrid,humanresources,contact_id,INT,num
drawSQL-mysql-export-2026-02-09_timegrid,humanresources,created_at,TIMESTAMP,date
drawSQL-mysql-export-2026-02-09_timegrid,humanresources,updated_at,TIMESTAMP,date
drawSQL-mysql-export-2026-02-09_timegrid,humanresources,deleted_at,TIMESTAMP,date
drawSQL-mysql-export-2026-02-09_timegrid,humanresources,calendar_link,VARCHAR(255),string
drawSQL-mysql-export-2026-02-09_timegrid,migrations,id,INT,num
drawSQL-mysql-export-2026-02-09_timegrid,migrations,migration,VARCHAR(255),string
drawSQL-mysql-export-2026-02-09_timegrid,migrations,batch,INT,num
drawSQL-mysql-export-2026-02-09_timegrid,notification_categories,id,INT,num
drawSQL-mysql-export-2026-02-09_timegrid,notification_categories,name,VARCHAR(255),string
drawSQL-mysql-export-2026-02-09_timegrid,notification_categories,text,VARCHAR(255),string
drawSQL-mysql-export-2026-02-09_timegrid,notification_groups,id,INT,num
drawSQL-mysql-export-2026-02-09_timegrid,notification_groups,name,VARCHAR(255),string
drawSQL-mysql-export-2026-02-09_timegrid,notifications,id,INT,num
drawSQL-mysql-export-2026-02-09_timegrid,notifications,from_id,BIGINT,num
drawSQL-mysql-export-2026-02-09_timegrid,notifications,from_type,VARCHAR(255),string
drawSQL-mysql-export-2026-02-09_timegrid,notifications,to_id,BIGINT,num
drawSQL-mysql-export-2026-02-09_timegrid,notifications,to_type,VARCHAR(255),string
drawSQL-mysql-export-2026-02-09_timegrid,notifications,category_id,INT,num
drawSQL-mysql-export-2026-02-09_timegrid,notifications,url,VARCHAR(255),string
drawSQL-mysql-export-2026-02-09_timegrid,notifications,extra,VARCHAR(255),string
drawSQL-mysql-export-2026-02-09_timegrid,notifications,read,TINYINT,num
drawSQL-mysql-export-2026-02-09_timegrid,notifications,created_at,TIMESTAMP,date
drawSQL-mysql-export-2026-02-09_timegrid,notifications,updated_at,TIMESTAMP,date
drawSQL-mysql-export-2026-02-09_timegrid,notifications,expire_time,TIMESTAMP,date
drawSQL-mysql-export-2026-02-09_timegrid,notifications_categories_in_groups,id,INT,num
drawSQL-mysql-export-2026-02-09_timegrid,notifications_categories_in_groups,category_id,INT,num
drawSQL-mysql-export-2026-02-09_timegrid,notifications_categories_in_groups,group_id,INT,num
drawSQL-mysql-export-2026-02-09_timegrid,password_resets,email,VARCHAR(255),string
drawSQL-mysql-export-2026-02-09_timegrid,password_resets,token,VARCHAR(255),string
drawSQL-mysql-export-2026-02-09_timegrid,password_resets,created_at,TIMESTAMP,date
drawSQL-mysql-export-2026-02-09_timegrid,permission_role,permission_id,INT,num
drawSQL-mysql-export-2026-02-09_timegrid,permission_role,role_id,INT,num
drawSQL-mysql-export-2026-02-09_timegrid,permission_role,created_at,TIMESTAMP,date
drawSQL-mysql-export-2026-02-09_timegrid,permission_role,updated_at,TIMESTAMP,date
drawSQL-mysql-export-2026-02-09_timegrid,permission_user,permission_id,INT,num
drawSQL-mysql-export-2026-02-09_timegrid,permission_user,user_id,INT,num
drawSQL-mysql-export-2026-02-09_timegrid,permission_user,created_at,TIMESTAMP,date
drawSQL-mysql-export-2026-02-09_timegrid,permission_user,updated_at,TIMESTAMP,date
drawSQL-mysql-export-2026-02-09_timegrid,permissions,id,INT,num
drawSQL-mysql-export-2026-02-09_timegrid,permissions,inherit_id,INT,num
drawSQL-mysql-export-2026-02-09_timegrid,permissions,name,VARCHAR(255),string
drawSQL-mysql-export-2026-02-09_timegrid,permissions,slug,VARCHAR(255),string
drawSQL-mysql-export-2026-02-09_timegrid,permissions,description,TEXT,string
drawSQL-mysql-export-2026-02-09_timegrid,permissions,created_at,TIMESTAMP,date
drawSQL-mysql-export-2026-02-09_timegrid,permissions,updated_at,TIMESTAMP,date
drawSQL-mysql-export-2026-02-09_timegrid,preferences,id,INT,num
drawSQL-mysql-export-2026-02-09_timegrid,preferences,key,VARCHAR(255),string
drawSQL-mysql-export-2026-02-09_timegrid,preferences,value,VARCHAR(255),string
drawSQL-mysql-export-2026-02-09_timegrid,preferences,preferenceable_type,VARCHAR(255),string
drawSQL-mysql-export-2026-02-09_timegrid,preferences,preferenceable_id,INT,num
drawSQL-mysql-export-2026-02-09_timegrid,preferences,created_at,TIMESTAMP,date
drawSQL-mysql-export-2026-02-09_timegrid,preferences,updated_at,TIMESTAMP,date
drawSQL-mysql-export-2026-02-09_timegrid,role_user,role_id,INT,num
drawSQL-mysql-export-2026-02-09_timegrid,role_user,user_id,INT,num
drawSQL-mysql-export-2026-02-09_timegrid,role_user,created_at,TIMESTAMP,date
drawSQL-mysql-export-2026-02-09_timegrid,role_user,updated_at,TIMESTAMP,date
drawSQL-mysql-export-2026-02-09_timegrid,roles,id,INT,num
drawSQL-mysql-export-2026-02-09_timegrid,roles,name,VARCHAR(255),string
drawSQL-mysql-export-2026-02-09_timegrid,roles,slug,VARCHAR(255),string
drawSQL-mysql-export-2026-02-09_timegrid,roles,description,TEXT,string
drawSQL-mysql-export-2026-02-09_timegrid,roles,created_at,TIMESTAMP,date
drawSQL-mysql-export-2026-02-09_timegrid,roles,updated_at,TIMESTAMP,date
drawSQL-mysql-export-2026-02-09_timegrid,service_types,id,INT,num
drawSQL-mysql-export-2026-02-09_timegrid,service_types,business_id,INT,num
drawSQL-mysql-export-2026-02-09_timegrid,service_types,slug,VARCHAR(255),string
drawSQL-mysql-export-2026-02-09_timegrid,service_types,name,VARCHAR(255),string
drawSQL-mysql-export-2026-02-09_timegrid,service_types,description,VARCHAR(255),string
drawSQL-mysql-export-2026-02-09_timegrid,service_types,created_at,TIMESTAMP,date
drawSQL-mysql-export-2026-02-09_timegrid,service_types,updated_at,TIMESTAMP,date
drawSQL-mysql-export-2026-02-09_timegrid,service_types,deleted_at,TIMESTAMP,date
drawSQL-mysql-export-2026-02-09_timegrid,services,id,INT,num
drawSQL-mysql-export-2026-02-09_timegrid,services,type_id,INT,num
drawSQL-mysql-export-2026-02-09_timegrid,services,business_id,INT,num
drawSQL-mysql-export-2026-02-09_timegrid,services,slug,VARCHAR(255),string
drawSQL-mysql-export-2026-02-09_timegrid,services,name,VARCHAR(255),string
drawSQL-mysql-export-2026-02-09_timegrid,services,duration,INT,num
drawSQL-mysql-export-2026-02-09_timegrid,services,description,VARCHAR(255),string
drawSQL-mysql-export-2026-02-09_timegrid,services,prerequisites,VARCHAR(255),string
drawSQL-mysql-export-2026-02-09_timegrid,services,color,VARCHAR(255),string
drawSQL-mysql-export-2026-02-09_timegrid,services,deleted_at,TIMESTAMP,date
drawSQL-mysql-export-2026-02-09_timegrid,services,created_at,TIMESTAMP,date
drawSQL-mysql-export-2026-02-09_timegrid,services,updated_at,TIMESTAMP,date
drawSQL-mysql-export-2026-02-09_timegrid,users,id,INT,num
drawSQL-mysql-export-2026-02-09_timegrid,users,username,VARCHAR(255),string
drawSQL-mysql-export-2026-02-09_timegrid,users,name,VARCHAR(255),string
drawSQL-mysql-export-2026-02-09_timegrid,users,email,VARCHAR(255),string
drawSQL-mysql-export-2026-02-09_timegrid,users,password,VARCHAR(255),string
drawSQL-mysql-export-2026-02-09_timegrid,users,remember_token,VARCHAR(255),string
drawSQL-mysql-export-2026-02-09_timegrid,users,created_at,TIMESTAMP,date
drawSQL-mysql-export-2026-02-09_timegrid,users,updated_at,TIMESTAMP,date
drawSQL-mysql-export-2026-02-09_timegrid,users,last_login_at,TIMESTAMP,date
drawSQL-mysql-export-2026-02-09_timegrid,users,last_ip,VARCHAR(255),string
drawSQL-mysql-export-2026-02-09_timegrid,vacancies,id,INT,num
drawSQL-mysql-export-2026-02-09_timegrid,vacancies,date,DATE,date
drawSQL-mysql-export-2026-02-09_timegrid,vacancies,start_at,TIMESTAMP,date
drawSQL-mysql-export-2026-02-09_timegrid,vacancies,finish_at,TIMESTAMP,date
drawSQL-mysql-export-2026-02-09_timegrid,vacancies,business_id,INT,num
drawSQL-mysql-export-2026-02-09_timegrid,vacancies,service_id,INT,num
drawSQL-mysql-export-2026-02-09_timegrid,vacancies,capacity,INT,num
drawSQL-mysql-export-2026-02-09_timegrid,vacancies,created_at,TIMESTAMP,date
drawSQL-mysql-export-2026-02-09_timegrid,vacancies,updated_at,TIMESTAMP,date
drawSQL-mysql-export-2026-02-09_timegrid,vacancies,humanresource_id,INT,num
drawSQL-mysql-export-2026-02-09_userfrostering,activities,id,INT,num
drawSQL-mysql-export-2026-02-09_userfrostering,activities,ip_address,VARCHAR(255),string
drawSQL-mysql-export-2026-02-09_userfrostering,activities,user_id,INT,num
drawSQL-mysql-export-2026-02-09_userfrostering,activities,type,VARCHAR(255),string
drawSQL-mysql-export-2026-02-09_userfrostering,activities,occurred_at,TIMESTAMP,date
drawSQL-mysql-export-2026-02-09_userfrostering,activities,description,TEXT,string
drawSQL-mysql-export-2026-02-09_userfrostering,groups,id,INT,num
drawSQL-mysql-export-2026-02-09_userfrostering,groups,slug,VARCHAR(255),string
drawSQL-mysql-export-2026-02-09_userfrostering,groups,name,VARCHAR(255),string
drawSQL-mysql-export-2026-02-09_userfrostering,groups,description,TEXT,string
drawSQL-mysql-export-2026-02-09_userfrostering,groups,icon,VARCHAR(255),string
drawSQL-mysql-export-2026-02-09_userfrostering,groups,created_at,TIMESTAMP,date
drawSQL-mysql-export-2026-02-09_userfrostering,groups,updated_at,TIMESTAMP,date
drawSQL-mysql-export-2026-02-09_userfrostering,password_resets,id,INT,num
drawSQL-mysql-export-2026-02-09_userfrostering,password_resets,user_id,INT,num
drawSQL-mysql-export-2026-02-09_userfrostering,password_resets,hash,VARCHAR(255),string
drawSQL-mysql-export-2026-02-09_userfrostering,password_resets,completed,TINYINT,num
drawSQL-mysql-export-2026-02-09_userfrostering,password_resets,expires_at,TIMESTAMP,date
drawSQL-mysql-export-2026-02-09_userfrostering,password_resets,completed_at,TIMESTAMP,date
drawSQL-mysql-export-2026-02-09_userfrostering,password_resets,created_at,TIMESTAMP,date
drawSQL-mysql-export-2026-02-09_userfrostering,password_resets,updated_at,TIMESTAMP,date
drawSQL-mysql-export-2026-02-09_userfrostering,permission_roles,permission_id,INT,num
drawSQL-mysql-export-2026-02-09_userfrostering,permission_roles,role_id,INT,num
drawSQL-mysql-export-2026-02-09_userfrostering,permission_roles,created_at,TIMESTAMP,date
drawSQL-mysql-export-2026-02-09_userfrostering,permission_roles,updated_at,TIMESTAMP,date
drawSQL-mysql-export-2026-02-09_userfrostering,roles,id,INT,num
drawSQL-mysql-export-2026-02-09_userfrostering,roles,slug,VARCHAR(255),string
drawSQL-mysql-export-2026-02-09_userfrostering,roles,name,VARCHAR(255),string
drawSQL-mysql-export-2026-02-09_userfrostering,roles,description,TEXT,string
drawSQL-mysql-export-2026-02-09_userfrostering,roles,created_at,TIMESTAMP,date
drawSQL-mysql-export-2026-02-09_userfrostering,roles,updated_at,TIMESTAMP,date
drawSQL-mysql-export-2026-02-09_userfrostering,permissions,id,INT,num
drawSQL-mysql-export-2026-02-09_userfrostering,permissions,slug,VARCHAR(255),string
drawSQL-mysql-export-2026-02-09_userfrostering,permissions,name,VARCHAR(255),string
drawSQL-mysql-export-2026-02-09_userfrostering,permissions,conditions,TEXT,string
drawSQL-mysql-export-2026-02-09_userfrostering,permissions,description,TEXT,string
drawSQL-mysql-export-2026-02-09_userfrostering,permissions,created_at,TIMESTAMP,date
drawSQL-mysql-export-2026-02-09_userfrostering,permissions,updated_at,TIMESTAMP,date
drawSQL-mysql-export-2026-02-09_userfrostering,persistences,id,INT,num
drawSQL-mysql-export-2026-02-09_userfrostering,persistences,user_id,INT,num
drawSQL-mysql-export-2026-02-09_userfrostering,persistences,token,VARCHAR(255),string
drawSQL-mysql-export-2026-02-09_userfrostering,persistences,persistent_token,VARCHAR(255),string
drawSQL-mysql-export-2026-02-09_userfrostering,persistences,expires_at,TIMESTAMP,date
drawSQL-mysql-export-2026-02-09_userfrostering,persistences,created_at,TIMESTAMP,date
drawSQL-mysql-export-2026-02-09_userfrostering,persistences,updated_at,TIMESTAMP,date
drawSQL-mysql-export-2026-02-09_userfrostering,role_users,user_id,INT,num
drawSQL-mysql-export-2026-02-09_userfrostering,role_users,role_id,INT,num
drawSQL-mysql-export-2026-02-09_userfrostering,role_users,created_at,TIMESTAMP,date
drawSQL-mysql-export-2026-02-09_userfrostering,role_users,updated_at,TIMESTAMP,date
drawSQL-mysql-export-2026-02-09_userfrostering,users,id,INT,num
drawSQL-mysql-export-2026-02-09_userfrostering,users,user_name,VARCHAR(255),string
drawSQL-mysql-export-2026-02-09_userfrostering,users,email,VARCHAR(255),string
drawSQL-mysql-export-2026-02-09_userfrostering,users,first_name,VARCHAR(255),string
drawSQL-mysql-export-2026-02-09_userfrostering,users,last_name,VARCHAR(255),string
drawSQL-mysql-export-2026-02-09_userfrostering,users,locale,VARCHAR(255),string
drawSQL-mysql-export-2026-02-09_userfrostering,users,theme,VARCHAR(255),string
drawSQL-mysql-export-2026-02-09_userfrostering,users,group_id,INT,num
drawSQL-mysql-export-2026-02-09_userfrostering,users,flag_verified,TINYINT,num
drawSQL-mysql-export-2026-02-09_userfrostering,users,flag_enabled,TINYINT,num
drawSQL-mysql-export-2026-02-09_userfrostering,users,last_activity_id,INT,num
drawSQL-mysql-export-2026-02-09_userfrostering,users,password,VARCHAR(255),string
drawSQL-mysql-export-2026-02-09_userfrostering,users,deleted_at,TIMESTAMP,date
drawSQL-mysql-export-2026-02-09_userfrostering,users,created_at,TIMESTAMP,date
drawSQL-mysql-export-2026-02-09_userfrostering,users,updated_at,TIMESTAMP,date
drawSQL-mysql-export-2026-02-09_userfrostering,verifications,id,INT,num
drawSQL-mysql-export-2026-02-09_userfrostering,verifications,user_id,INT,num
drawSQL-mysql-export-2026-02-09_userfrostering,verifications,hash,VARCHAR(255),string
drawSQL-mysql-export-2026-02-09_userfrostering,verifications,completed,TINYINT,num
drawSQL-mysql-export-2026-02-09_userfrostering,verifications,expires_at,TIMESTAMP,date
drawSQL-mysql-export-2026-02-09_userfrostering,verifications,completed_at,TIMESTAMP,date
drawSQL-mysql-export-2026-02-09_userfrostering,verifications,created_at,TIMESTAMP,date
drawSQL-mysql-export-2026-02-09_userfrostering,verifications,updated_at,TIMESTAMP,date
drawSQL-mysql-export-2026-02-09_userfrostering,sessions,id,VARCHAR(255),string
drawSQL-mysql-export-2026-02-09_userfrostering,sessions,user_id,INT,num
drawSQL-mysql-export-2026-02-09_userfrostering,sessions,ip_address,VARCHAR(255),string
drawSQL-mysql-export-2026-02-09_userfrostering,sessions,user_agent,TEXT,string
drawSQL-mysql-export-2026-02-09_userfrostering,sessions,payload,TEXT,string
drawSQL-mysql-export-2026-02-09_userfrostering,sessions,last_activity,INT,num
drawSQL-mysql-export-2026-02-09_userfrostering,throttles,id,INT,num
drawSQL-mysql-export-2026-02-09_userfrostering,throttles,type,VARCHAR(255),string
drawSQL-mysql-export-2026-02-09_userfrostering,throttles,ip,VARCHAR(255),string
drawSQL-mysql-export-2026-02-09_userfrostering,throttles,request_data,TEXT,string
drawSQL-mysql-export-2026-02-09_userfrostering,throttles,created_at,TIMESTAMP,date
drawSQL-mysql-export-2026-02-09_userfrostering,throttles,updated_at,TIMESTAMP,date
drawSQL-mysql-export-2026-02-17_taggable,tags,id,INT,num
drawSQL-mysql-export-2026-02-17_taggable,tags,name,VARCHAR(255),string
drawSQL-mysql-export-2026-02-17_taggable,tags,created_at,INT,num
drawSQL-mysql-export-2026-02-17_taggable,tags,updated_at,INT,num
drawSQL-mysql-export-2026-02-17_taggable,tags,taggings_count,INT,num
drawSQL-mysql-export-2026-02-17_taggable,taggings,id,INT,num
drawSQL-mysql-export-2026-02-17_taggable,taggings,taggable_id,INT,num
drawSQL-mysql-export-2026-02-17_taggable,taggings,taggable_type,INT,num
drawSQL-mysql-export-2026-02-17_taggable,taggings,tag_id,INT,num
drawSQL-mysql-export-2026-02-17_taggable,taggings,context,VARCHAR(255),string
drawSQL-mysql-export-2026-02-17_taggable,taggings,tagger_id,INT,num
drawSQL-mysql-export-2026-02-17_taggable,taggings,tagger_type,INT,num
drawSQL-mysql-export-2026-02-17_taggable,taggings,created_at,DATETIME,date
drawSQL-pgsql-export-2026-02-09_djpaypal,djpaypal_billingagreement,id,VARCHAR(255),string
drawSQL-pgsql-export-2026-02-09_djpaypal,djpaypal_billingagreement,name,VARCHAR(255),string
drawSQL-pgsql-export-2026-02-09_djpaypal,djpaypal_billingagreement,state,VARCHAR(255),string
drawSQL-pgsql-export-2026-02-09_djpaypal,djpaypal_billingagreement,description,VARCHAR(255),string
drawSQL-pgsql-export-2026-02-09_djpaypal,djpaypal_billingagreement,agreement_details,jsonb,string
drawSQL-pgsql-export-2026-02-09_djpaypal,djpaypal_billingagreement,payer,jsonb,string
drawSQL-pgsql-export-2026-02-09_djpaypal,djpaypal_billingagreement,shipping_address,jsonb,string
drawSQL-pgsql-export-2026-02-09_djpaypal,djpaypal_billingagreement,override_merchant_preferences,jsonb,string
drawSQL-pgsql-export-2026-02-09_djpaypal,djpaypal_billingagreement,override_charge_mode,jsonb,string
drawSQL-pgsql-export-2026-02-09_djpaypal,djpaypal_billingagreement,plan,jsonb,string
drawSQL-pgsql-export-2026-02-09_djpaypal,djpaypal_billingagreement,merchant,jsonb,string
drawSQL-pgsql-export-2026-02-09_djpaypal,djpaypal_billingagreement,payer_model_id,VARCHAR(255),string
drawSQL-pgsql-export-2026-02-09_djpaypal,djpaypal_billingagreement,user_id,INTEGER,num
drawSQL-pgsql-export-2026-02-09_djpaypal,djpaypal_billingagreement,plan_model_id,VARCHAR(255),string
drawSQL-pgsql-export-2026-02-09_djpaypal,djpaypal_billingagreement,livemode,BOOLEAN,boolean
drawSQL-pgsql-export-2026-02-09_djpaypal,djpaypal_billingagreement,djpaypal_created,TIMESTAMP(0),date
drawSQL-pgsql-export-2026-02-09_djpaypal,djpaypal_billingagreement,WITHOUT,TIME,date
drawSQL-pgsql-export-2026-02-09_djpaypal,djpaypal_billingagreement,ZONE,NOT,string
drawSQL-pgsql-export-2026-02-09_djpaypal,djpaypal_billingagreement,djpaypal_updated,TIMESTAMP(0),date
drawSQL-pgsql-export-2026-02-09_djpaypal,djpaypal_billingagreement,WITHOUT,TIME,date
drawSQL-pgsql-export-2026-02-09_djpaypal,djpaypal_billingagreement,ZONE,NOT,string
drawSQL-pgsql-export-2026-02-09_djpaypal,djpaypal_billingagreement,start_date,TIMESTAMP(0),date
drawSQL-pgsql-export-2026-02-09_djpaypal,djpaypal_billingagreement,WITHOUT,TIME,date
drawSQL-pgsql-export-2026-02-09_djpaypal,djpaypal_billingagreement,ZONE,NOT,string
drawSQL-pgsql-export-2026-02-09_djpaypal,djpaypal_billingagreement,end_of_period,TIMESTAMP(0),date
drawSQL-pgsql-export-2026-02-09_djpaypal,djpaypal_billingagreement,WITHOUT,TIME,date
drawSQL-pgsql-export-2026-02-09_djpaypal,djpaypal_billingagreement,ZONE,NOT,string
drawSQL-pgsql-export-2026-02-09_djpaypal,djpaypal_billingplan,id,VARCHAR(255),string
drawSQL-pgsql-export-2026-02-09_djpaypal,djpaypal_billingplan,livemode,BOOLEAN,boolean
drawSQL-pgsql-export-2026-02-09_djpaypal,djpaypal_billingplan,djpaypal_created,TIMESTAMP(0),date
drawSQL-pgsql-export-2026-02-09_djpaypal,djpaypal_billingplan,WITH,TIME,date
drawSQL-pgsql-export-2026-02-09_djpaypal,djpaypal_billingplan,zone,NOT,string
drawSQL-pgsql-export-2026-02-09_djpaypal,djpaypal_billingplan,djpaypal_updated,TIMESTAMP(0),date
drawSQL-pgsql-export-2026-02-09_djpaypal,djpaypal_billingplan,WITH,TIME,date
drawSQL-pgsql-export-2026-02-09_djpaypal,djpaypal_billingplan,zone,NOT,string
drawSQL-pgsql-export-2026-02-09_djpaypal,djpaypal_billingplan,name,VARCHAR(255),string
drawSQL-pgsql-export-2026-02-09_djpaypal,djpaypal_billingplan,description,VARCHAR(255),string
drawSQL-pgsql-export-2026-02-09_djpaypal,djpaypal_billingplan,type,VARCHAR(255),string
drawSQL-pgsql-export-2026-02-09_djpaypal,djpaypal_billingplan,state,VARCHAR(255),string
drawSQL-pgsql-export-2026-02-09_djpaypal,djpaypal_billingplan,create_time,TIMESTAMP(0),date
drawSQL-pgsql-export-2026-02-09_djpaypal,djpaypal_billingplan,WITH,TIME,date
drawSQL-pgsql-export-2026-02-09_djpaypal,djpaypal_billingplan,zone,NOT,string
drawSQL-pgsql-export-2026-02-09_djpaypal,djpaypal_billingplan,update_time,TIMESTAMP(0),date
drawSQL-pgsql-export-2026-02-09_djpaypal,djpaypal_billingplan,WITH,TIME,date
drawSQL-pgsql-export-2026-02-09_djpaypal,djpaypal_billingplan,zone,NOT,string
drawSQL-pgsql-export-2026-02-09_djpaypal,djpaypal_billingplan,merchant_preferences,jsonb,string
drawSQL-pgsql-export-2026-02-09_djpaypal,djpaypal_billingplan_payment_definitions,id,INTEGER,num
drawSQL-pgsql-export-2026-02-09_djpaypal,djpaypal_billingplan_payment_definitions,billingplan_id,VARCHAR(255),string
drawSQL-pgsql-export-2026-02-09_djpaypal,djpaypal_billingplan_payment_definitions,paymentdefinition_id,VARCHAR(255),string
drawSQL-pgsql-export-2026-02-09_djpaypal,djpaypal_chargemodel,id,VARCHAR(255),string
drawSQL-pgsql-export-2026-02-09_djpaypal,djpaypal_chargemodel,livemode,BOOLEAN,boolean
drawSQL-pgsql-export-2026-02-09_djpaypal,djpaypal_chargemodel,djpaypal_created,TIMESTAMP(0),date
drawSQL-pgsql-export-2026-02-09_djpaypal,djpaypal_chargemodel,WITH,TIME,date
drawSQL-pgsql-export-2026-02-09_djpaypal,djpaypal_chargemodel,zone,NOT,string
drawSQL-pgsql-export-2026-02-09_djpaypal,djpaypal_chargemodel,djpaypal_updated,TIMESTAMP(0),date
drawSQL-pgsql-export-2026-02-09_djpaypal,djpaypal_chargemodel,WITH,TIME,date
drawSQL-pgsql-export-2026-02-09_djpaypal,djpaypal_chargemodel,zone,NOT,string
drawSQL-pgsql-export-2026-02-09_djpaypal,djpaypal_chargemodel,type,VARCHAR(255),string
drawSQL-pgsql-export-2026-02-09_djpaypal,djpaypal_chargemodel,amount,jsonb,string
drawSQL-pgsql-export-2026-02-09_djpaypal,djpaypal_dispute,dispute_id,VARCHAR(255),string
drawSQL-pgsql-export-2026-02-09_djpaypal,djpaypal_dispute,livemode,BOOLEAN,boolean
drawSQL-pgsql-export-2026-02-09_djpaypal,djpaypal_dispute,djpaypal_created,TIMESTAMP(0),date
drawSQL-pgsql-export-2026-02-09_djpaypal,djpaypal_dispute,WITH,TIME,date
drawSQL-pgsql-export-2026-02-09_djpaypal,djpaypal_dispute,zone,NOT,string
drawSQL-pgsql-export-2026-02-09_djpaypal,djpaypal_dispute,djpaypal_updated,TIMESTAMP(0),date
drawSQL-pgsql-export-2026-02-09_djpaypal,djpaypal_dispute,WITH,TIME,date
drawSQL-pgsql-export-2026-02-09_djpaypal,djpaypal_dispute,zone,NOT,string
drawSQL-pgsql-export-2026-02-09_djpaypal,djpaypal_dispute,create_time,TIMESTAMP(0),date
drawSQL-pgsql-export-2026-02-09_djpaypal,djpaypal_dispute,WITH,TIME,date
drawSQL-pgsql-export-2026-02-09_djpaypal,djpaypal_dispute,zone,NOT,string
drawSQL-pgsql-export-2026-02-09_djpaypal,djpaypal_dispute,update_time,TIMESTAMP(0),date
drawSQL-pgsql-export-2026-02-09_djpaypal,djpaypal_dispute,WITH,TIME,date
drawSQL-pgsql-export-2026-02-09_djpaypal,djpaypal_dispute,zone,NOT,string
drawSQL-pgsql-export-2026-02-09_djpaypal,djpaypal_dispute,disputed_transactions,jsonb,string
drawSQL-pgsql-export-2026-02-09_djpaypal,djpaypal_dispute,reason,VARCHAR(255),string
drawSQL-pgsql-export-2026-02-09_djpaypal,djpaypal_dispute,status,VARCHAR(255),string
drawSQL-pgsql-export-2026-02-09_djpaypal,djpaypal_dispute,dispute_amount,jsonb,string
drawSQL-pgsql-export-2026-02-09_djpaypal,djpaypal_dispute,dispute_outcome,jsonb,string
drawSQL-pgsql-export-2026-02-09_djpaypal,djpaypal_dispute,messages,jsonb,string
drawSQL-pgsql-export-2026-02-09_djpaypal,djpaypal_dispute,seller_response_due_date,TIMESTAMP(0),date
drawSQL-pgsql-export-2026-02-09_djpaypal,djpaypal_dispute,WITH,TIME,date
drawSQL-pgsql-export-2026-02-09_djpaypal,djpaypal_dispute,zone,NOT,string
drawSQL-pgsql-export-2026-02-09_djpaypal,djpaypal_dispute,dispute_flow,VARCHAR(255),string
drawSQL-pgsql-export-2026-02-09_djpaypal,djpaypal_dispute,dispute_channel,VARCHAR(255),string
drawSQL-pgsql-export-2026-02-09_djpaypal,djpaypal_dispute,dispute_life_cycle_stage,VARCHAR(255),string
drawSQL-pgsql-export-2026-02-09_djpaypal,djpaypal_dispute,offer,jsonb,string
drawSQL-pgsql-export-2026-02-09_djpaypal,djpaypal_dispute,buyer_response_due_date,TIMESTAMP(0),date
drawSQL-pgsql-export-2026-02-09_djpaypal,djpaypal_dispute,WITH,TIME,date
drawSQL-pgsql-export-2026-02-09_djpaypal,djpaypal_dispute,zone,NOT,string
drawSQL-pgsql-export-2026-02-09_djpaypal,djpaypal_dispute,refund_details,jsonb,string
drawSQL-pgsql-export-2026-02-09_djpaypal,djpaypal_payer,id,VARCHAR(255),string
drawSQL-pgsql-export-2026-02-09_djpaypal,djpaypal_payer,first_name,VARCHAR(255),string
drawSQL-pgsql-export-2026-02-09_djpaypal,djpaypal_payer,last_name,VARCHAR(255),string
drawSQL-pgsql-export-2026-02-09_djpaypal,djpaypal_payer,email,VARCHAR(255),string
drawSQL-pgsql-export-2026-02-09_djpaypal,djpaypal_payer,shipping_address,jsonb,string
drawSQL-pgsql-export-2026-02-09_djpaypal,djpaypal_payer,livemode,BOOLEAN,boolean
drawSQL-pgsql-export-2026-02-09_djpaypal,djpaypal_payer,djpaypal_created,TIMESTAMP(0),date
drawSQL-pgsql-export-2026-02-09_djpaypal,djpaypal_payer,WITH,TIME,date
drawSQL-pgsql-export-2026-02-09_djpaypal,djpaypal_payer,zone,NOT,string
drawSQL-pgsql-export-2026-02-09_djpaypal,djpaypal_payer,djpaypal_updated,TIMESTAMP(0),date
drawSQL-pgsql-export-2026-02-09_djpaypal,djpaypal_payer,WITH,TIME,date
drawSQL-pgsql-export-2026-02-09_djpaypal,djpaypal_payer,zone,NOT,string
drawSQL-pgsql-export-2026-02-09_djpaypal,djpaypal_payer,user_id,INTEGER,num
drawSQL-pgsql-export-2026-02-09_djpaypal,djpaypal_payer,time_created,TIMESTAMP(0),date
drawSQL-pgsql-export-2026-02-09_djpaypal,djpaypal_payer,WITH,TIME,date
drawSQL-pgsql-export-2026-02-09_djpaypal,djpaypal_payer,zone,NOT,string
drawSQL-pgsql-export-2026-02-09_djpaypal,djpaypal_payment,id,VARCHAR(255),string
drawSQL-pgsql-export-2026-02-09_djpaypal,djpaypal_payment,livemode,BOOLEAN,boolean
drawSQL-pgsql-export-2026-02-09_djpaypal,djpaypal_payment,djpaypal_created,TIMESTAMP(0),date
drawSQL-pgsql-export-2026-02-09_djpaypal,djpaypal_payment,WITH,TIME,date
drawSQL-pgsql-export-2026-02-09_djpaypal,djpaypal_payment,zone,NOT,string
drawSQL-pgsql-export-2026-02-09_djpaypal,djpaypal_payment,djpaypal_updated,TIMESTAMP(0),date
drawSQL-pgsql-export-2026-02-09_djpaypal,djpaypal_payment,WITH,TIME,date
drawSQL-pgsql-export-2026-02-09_djpaypal,djpaypal_payment,zone,NOT,string
drawSQL-pgsql-export-2026-02-09_djpaypal,djpaypal_payment,intent,VARCHAR(255),string
drawSQL-pgsql-export-2026-02-09_djpaypal,djpaypal_payment,cart,VARCHAR(255),string
drawSQL-pgsql-export-2026-02-09_djpaypal,djpaypal_payment,payer,jsonb,string
drawSQL-pgsql-export-2026-02-09_djpaypal,djpaypal_payment,transactions,jsonb,string
drawSQL-pgsql-export-2026-02-09_djpaypal,djpaypal_payment,state,VARCHAR(255),string
drawSQL-pgsql-export-2026-02-09_djpaypal,djpaypal_payment,experience_profile_id,VARCHAR(255),string
drawSQL-pgsql-export-2026-02-09_djpaypal,djpaypal_payment,note_to_payer,VARCHAR(255),string
drawSQL-pgsql-export-2026-02-09_djpaypal,djpaypal_payment,create_time,TIMESTAMP(0),date
drawSQL-pgsql-export-2026-02-09_djpaypal,djpaypal_payment,WITH,TIME,date
drawSQL-pgsql-export-2026-02-09_djpaypal,djpaypal_payment,zone,NOT,string
drawSQL-pgsql-export-2026-02-09_djpaypal,djpaypal_payment,update_time,TIMESTAMP(0),date
drawSQL-pgsql-export-2026-02-09_djpaypal,djpaypal_payment,WITH,TIME,date
drawSQL-pgsql-export-2026-02-09_djpaypal,djpaypal_payment,zone,NOT,string
drawSQL-pgsql-export-2026-02-09_djpaypal,djpaypal_payment,redirect_urls,jsonb,string
drawSQL-pgsql-export-2026-02-09_djpaypal,djpaypal_payment,failure_reason,VARCHAR(255),string
drawSQL-pgsql-export-2026-02-09_djpaypal,djpaypal_paymentdefinition,id,VARCHAR(255),string
drawSQL-pgsql-export-2026-02-09_djpaypal,djpaypal_paymentdefinition,livemode,BOOLEAN,boolean
drawSQL-pgsql-export-2026-02-09_djpaypal,djpaypal_paymentdefinition,djpaypal_created,TIMESTAMP(0),date
drawSQL-pgsql-export-2026-02-09_djpaypal,djpaypal_paymentdefinition,WITH,TIME,date
drawSQL-pgsql-export-2026-02-09_djpaypal,djpaypal_paymentdefinition,zone,NOT,string
drawSQL-pgsql-export-2026-02-09_djpaypal,djpaypal_paymentdefinition,djpaypal_updated,TIMESTAMP(0),date
drawSQL-pgsql-export-2026-02-09_djpaypal,djpaypal_paymentdefinition,WITH,TIME,date
drawSQL-pgsql-export-2026-02-09_djpaypal,djpaypal_paymentdefinition,zone,NOT,string
drawSQL-pgsql-export-2026-02-09_djpaypal,djpaypal_paymentdefinition,name,VARCHAR(255),string
drawSQL-pgsql-export-2026-02-09_djpaypal,djpaypal_paymentdefinition,type,VARCHAR(255),string
drawSQL-pgsql-export-2026-02-09_djpaypal,djpaypal_paymentdefinition,frequency_interval,SMALLINT,num
drawSQL-pgsql-export-2026-02-09_djpaypal,djpaypal_paymentdefinition,frequency,VARCHAR(255),string
drawSQL-pgsql-export-2026-02-09_djpaypal,djpaypal_paymentdefinition,cycles,SMALLINT,num
drawSQL-pgsql-export-2026-02-09_djpaypal,djpaypal_paymentdefinition,amount,jsonb,string
drawSQL-pgsql-export-2026-02-09_djpaypal,djpaypal_paymentdefinition_charge_models,id,INTEGER,num
drawSQL-pgsql-export-2026-02-09_djpaypal,djpaypal_paymentdefinition_charge_models,paymentdefinition_id,VARCHAR(255),string
drawSQL-pgsql-export-2026-02-09_djpaypal,djpaypal_paymentdefinition_charge_models,chargemodel_id,VARCHAR(255),string
drawSQL-pgsql-export-2026-02-09_djpaypal,djpaypal_preparedbillingagreement,id,VARCHAR(255),string
drawSQL-pgsql-export-2026-02-09_djpaypal,djpaypal_preparedbillingagreement,livemode,BOOLEAN,boolean
drawSQL-pgsql-export-2026-02-09_djpaypal,djpaypal_preparedbillingagreement,data,jsonb,string
drawSQL-pgsql-export-2026-02-09_djpaypal,djpaypal_preparedbillingagreement,executed_at,TIMESTAMP(0),date
drawSQL-pgsql-export-2026-02-09_djpaypal,djpaypal_preparedbillingagreement,WITH,TIME,date
drawSQL-pgsql-export-2026-02-09_djpaypal,djpaypal_preparedbillingagreement,zone,NOT,string
drawSQL-pgsql-export-2026-02-09_djpaypal,djpaypal_preparedbillingagreement,canceled_at,TIMESTAMP(0),date
drawSQL-pgsql-export-2026-02-09_djpaypal,djpaypal_preparedbillingagreement,WITH,TIME,date
drawSQL-pgsql-export-2026-02-09_djpaypal,djpaypal_preparedbillingagreement,zone,NOT,string
drawSQL-pgsql-export-2026-02-09_djpaypal,djpaypal_preparedbillingagreement,created,TIMESTAMP(0),date
drawSQL-pgsql-export-2026-02-09_djpaypal,djpaypal_preparedbillingagreement,WITH,TIME,date
drawSQL-pgsql-export-2026-02-09_djpaypal,djpaypal_preparedbillingagreement,zone,NOT,string
drawSQL-pgsql-export-2026-02-09_djpaypal,djpaypal_preparedbillingagreement,updated,TIMESTAMP(0),date
drawSQL-pgsql-export-2026-02-09_djpaypal,djpaypal_preparedbillingagreement,WITH,TIME,date
drawSQL-pgsql-export-2026-02-09_djpaypal,djpaypal_preparedbillingagreement,zone,NOT,string
drawSQL-pgsql-export-2026-02-09_djpaypal,djpaypal_preparedbillingagreement,executed_agreement_id,VARCHAR(255),string
drawSQL-pgsql-export-2026-02-09_djpaypal,djpaypal_preparedbillingagreement,user_id,INTEGER,num
drawSQL-pgsql-export-2026-02-09_djpaypal,djpaypal_refund,id,VARCHAR(255),string
drawSQL-pgsql-export-2026-02-09_djpaypal,djpaypal_refund,livemode,BOOLEAN,boolean
drawSQL-pgsql-export-2026-02-09_djpaypal,djpaypal_refund,djpaypal_created,TIMESTAMP(0),date
drawSQL-pgsql-export-2026-02-09_djpaypal,djpaypal_refund,WITH,TIME,date
drawSQL-pgsql-export-2026-02-09_djpaypal,djpaypal_refund,zone,NOT,string
drawSQL-pgsql-export-2026-02-09_djpaypal,djpaypal_refund,djpaypal_updated,TIMESTAMP(0),date
drawSQL-pgsql-export-2026-02-09_djpaypal,djpaypal_refund,WITH,TIME,date
drawSQL-pgsql-export-2026-02-09_djpaypal,djpaypal_refund,zone,NOT,string
drawSQL-pgsql-export-2026-02-09_djpaypal,djpaypal_refund,amount,jsonb,string
drawSQL-pgsql-export-2026-02-09_djpaypal,djpaypal_refund,state,VARCHAR(255),string
drawSQL-pgsql-export-2026-02-09_djpaypal,djpaypal_refund,reason,TEXT,string
drawSQL-pgsql-export-2026-02-09_djpaypal,djpaypal_refund,invoice_number,VARCHAR(255),string
drawSQL-pgsql-export-2026-02-09_djpaypal,djpaypal_refund,description,TEXT,string
drawSQL-pgsql-export-2026-02-09_djpaypal,djpaypal_refund,create_time,TIMESTAMP(0),date
drawSQL-pgsql-export-2026-02-09_djpaypal,djpaypal_refund,WITH,TIME,date
drawSQL-pgsql-export-2026-02-09_djpaypal,djpaypal_refund,zone,NOT,string
drawSQL-pgsql-export-2026-02-09_djpaypal,djpaypal_refund,update_time,TIMESTAMP(0),date
drawSQL-pgsql-export-2026-02-09_djpaypal,djpaypal_refund,WITH,TIME,date
drawSQL-pgsql-export-2026-02-09_djpaypal,djpaypal_refund,zone,NOT,string
drawSQL-pgsql-export-2026-02-09_djpaypal,djpaypal_refund,reason_code,VARCHAR(255),string
drawSQL-pgsql-export-2026-02-09_djpaypal,djpaypal_refund,refund_reason_code,VARCHAR(255),string
drawSQL-pgsql-export-2026-02-09_djpaypal,djpaypal_refund,refund_funding_type,VARCHAR(255),string
drawSQL-pgsql-export-2026-02-09_djpaypal,djpaypal_refund,parent_payment_id,VARCHAR(255),string
drawSQL-pgsql-export-2026-02-09_djpaypal,djpaypal_refund,sale_id,VARCHAR(255),string
drawSQL-pgsql-export-2026-02-09_djpaypal,djpaypal_refund,refund_from_received_amount,jsonb,string
drawSQL-pgsql-export-2026-02-09_djpaypal,djpaypal_refund,refund_from_transaction_fee,jsonb,string
drawSQL-pgsql-export-2026-02-09_djpaypal,djpaypal_refund,total_refunded_amount,jsonb,string
drawSQL-pgsql-export-2026-02-09_djpaypal,djpaypal_refund,refund_to_payer,jsonb,string
drawSQL-pgsql-export-2026-02-09_djpaypal,djpaypal_sale,id,VARCHAR(255),string
drawSQL-pgsql-export-2026-02-09_djpaypal,djpaypal_sale,livemode,BOOLEAN,boolean
drawSQL-pgsql-export-2026-02-09_djpaypal,djpaypal_sale,djpaypal_created,TIMESTAMP(0),date
drawSQL-pgsql-export-2026-02-09_djpaypal,djpaypal_sale,WITH,TIME,date
drawSQL-pgsql-export-2026-02-09_djpaypal,djpaypal_sale,zone,NOT,string
drawSQL-pgsql-export-2026-02-09_djpaypal,djpaypal_sale,djpaypal_updated,TIMESTAMP(0),date
drawSQL-pgsql-export-2026-02-09_djpaypal,djpaypal_sale,WITH,TIME,date
drawSQL-pgsql-export-2026-02-09_djpaypal,djpaypal_sale,zone,NOT,string
drawSQL-pgsql-export-2026-02-09_djpaypal,djpaypal_sale,amount,jsonb,string
drawSQL-pgsql-export-2026-02-09_djpaypal,djpaypal_sale,payment_mode,VARCHAR(255),string
drawSQL-pgsql-export-2026-02-09_djpaypal,djpaypal_sale,state,VARCHAR(255),string
drawSQL-pgsql-export-2026-02-09_djpaypal,djpaypal_sale,reason_code,VARCHAR(255),string
drawSQL-pgsql-export-2026-02-09_djpaypal,djpaypal_sale,protection_eligibility,VARCHAR(255),string
drawSQL-pgsql-export-2026-02-09_djpaypal,djpaypal_sale,protection_eligibility_type,VARCHAR(255),string
drawSQL-pgsql-export-2026-02-09_djpaypal,djpaypal_sale,clearing_time,TIMESTAMP(0),date
drawSQL-pgsql-export-2026-02-09_djpaypal,djpaypal_sale,WITH,TIME,date
drawSQL-pgsql-export-2026-02-09_djpaypal,djpaypal_sale,zone,NOT,string
drawSQL-pgsql-export-2026-02-09_djpaypal,djpaypal_sale,transaction_fee,jsonb,string
drawSQL-pgsql-export-2026-02-09_djpaypal,djpaypal_sale,receivable_amount,jsonb,string
drawSQL-pgsql-export-2026-02-09_djpaypal,djpaypal_sale,exchange_rate,VARCHAR(255),string
drawSQL-pgsql-export-2026-02-09_djpaypal,djpaypal_sale,fmf_details,jsonb,string
drawSQL-pgsql-export-2026-02-09_djpaypal,djpaypal_sale,receipt_id,VARCHAR(255),string
drawSQL-pgsql-export-2026-02-09_djpaypal,djpaypal_sale,processor_response,jsonb,string
drawSQL-pgsql-export-2026-02-09_djpaypal,djpaypal_sale,create_time,TIMESTAMP(0),date
drawSQL-pgsql-export-2026-02-09_djpaypal,djpaypal_sale,WITH,TIME,date
drawSQL-pgsql-export-2026-02-09_djpaypal,djpaypal_sale,zone,NOT,string
drawSQL-pgsql-export-2026-02-09_djpaypal,djpaypal_sale,update_time,TIMESTAMP(0),date
drawSQL-pgsql-export-2026-02-09_djpaypal,djpaypal_sale,WITH,TIME,date
drawSQL-pgsql-export-2026-02-09_djpaypal,djpaypal_sale,zone,NOT,string
drawSQL-pgsql-export-2026-02-09_djpaypal,djpaypal_sale,soft_descriptor,VARCHAR(255),string
drawSQL-pgsql-export-2026-02-09_djpaypal,djpaypal_sale,billing_agreement_id,VARCHAR(255),string
drawSQL-pgsql-export-2026-02-09_djpaypal,djpaypal_sale,parent_payment_id,VARCHAR(255),string
drawSQL-pgsql-export-2026-02-09_djpaypal,djpaypal_sale,invoice_number,VARCHAR(255),string
drawSQL-pgsql-export-2026-02-09_djpaypal,djpaypal_sale,payment_hold_reasons,jsonb,string
drawSQL-pgsql-export-2026-02-09_djpaypal,djpaypal_sale,payment_hold_status,VARCHAR(255),string
drawSQL-pgsql-export-2026-02-09_djpaypal,djpaypal_webhookevent,id,VARCHAR(255),string
drawSQL-pgsql-export-2026-02-09_djpaypal,djpaypal_webhookevent,livemode,BOOLEAN,boolean
drawSQL-pgsql-export-2026-02-09_djpaypal,djpaypal_webhookevent,djpaypal_created,TIMESTAMP(0),date
drawSQL-pgsql-export-2026-02-09_djpaypal,djpaypal_webhookevent,WITH,TIME,date
drawSQL-pgsql-export-2026-02-09_djpaypal,djpaypal_webhookevent,zone,NOT,string
drawSQL-pgsql-export-2026-02-09_djpaypal,djpaypal_webhookevent,djpaypal_updated,TIMESTAMP(0),date
drawSQL-pgsql-export-2026-02-09_djpaypal,djpaypal_webhookevent,WITH,TIME,date
drawSQL-pgsql-export-2026-02-09_djpaypal,djpaypal_webhookevent,zone,NOT,string
drawSQL-pgsql-export-2026-02-09_djpaypal,djpaypal_webhookevent,event_version,VARCHAR(255),string
drawSQL-pgsql-export-2026-02-09_djpaypal,djpaypal_webhookevent,create_time,TIMESTAMP(0),date
drawSQL-pgsql-export-2026-02-09_djpaypal,djpaypal_webhookevent,WITH,TIME,date
drawSQL-pgsql-export-2026-02-09_djpaypal,djpaypal_webhookevent,zone,NOT,string
drawSQL-pgsql-export-2026-02-09_djpaypal,djpaypal_webhookevent,event_type,VARCHAR(255),string
drawSQL-pgsql-export-2026-02-09_djpaypal,djpaypal_webhookevent,resource_type,VARCHAR(255),string
drawSQL-pgsql-export-2026-02-09_djpaypal,djpaypal_webhookevent,resource,jsonb,string
drawSQL-pgsql-export-2026-02-09_djpaypal,djpaypal_webhookevent,status,VARCHAR(255),string
drawSQL-pgsql-export-2026-02-09_djpaypal,djpaypal_webhookevent,summary,VARCHAR(255),string
drawSQL-pgsql-export-2026-02-09_djpaypal,djpaypal_webhookevent,transmissions,jsonb,string
drawSQL-pgsql-export-2026-02-09_djpaypal,djpaypal_webhookeventtrigger,id,INTEGER,num
drawSQL-pgsql-export-2026-02-09_djpaypal,djpaypal_webhookeventtrigger,remote_ip,INTEGER,num
drawSQL-pgsql-export-2026-02-09_djpaypal,djpaypal_webhookeventtrigger,headers,jsonb,string
drawSQL-pgsql-export-2026-02-09_djpaypal,djpaypal_webhookeventtrigger,body,TEXT,string
drawSQL-pgsql-export-2026-02-09_djpaypal,djpaypal_webhookeventtrigger,valid,BOOLEAN,boolean
drawSQL-pgsql-export-2026-02-09_djpaypal,djpaypal_webhookeventtrigger,processed,BOOLEAN,boolean
drawSQL-pgsql-export-2026-02-09_djpaypal,djpaypal_webhookeventtrigger,exception,VARCHAR(255),string
drawSQL-pgsql-export-2026-02-09_djpaypal,djpaypal_webhookeventtrigger,traceback,TEXT,string
drawSQL-pgsql-export-2026-02-09_djpaypal,djpaypal_webhookeventtrigger,djpaypal_version,VARCHAR(255),string
drawSQL-pgsql-export-2026-02-09_djpaypal,djpaypal_webhookeventtrigger,created,TIMESTAMP(0),date
drawSQL-pgsql-export-2026-02-09_djpaypal,djpaypal_webhookeventtrigger,WITH,TIME,date
drawSQL-pgsql-export-2026-02-09_djpaypal,djpaypal_webhookeventtrigger,zone,NOT,string
drawSQL-pgsql-export-2026-02-09_djpaypal,djpaypal_webhookeventtrigger,updated,TIMESTAMP(0),date
drawSQL-pgsql-export-2026-02-09_djpaypal,djpaypal_webhookeventtrigger,WITH,TIME,date
drawSQL-pgsql-export-2026-02-09_djpaypal,djpaypal_webhookeventtrigger,zone,NOT,string
drawSQL-pgsql-export-2026-02-09_djpaypal,djpaypal_webhookeventtrigger,webhook_event_id,VARCHAR(255),string
drawSQL-pgsql-export-2026-02-09_feedbin,actions,id,BIGINT,num
drawSQL-pgsql-export-2026-02-09_feedbin,actions,user_id,BIGINT,num
drawSQL-pgsql-export-2026-02-09_feedbin,actions,query,TEXT,string
drawSQL-pgsql-export-2026-02-09_feedbin,actions,actions,TEXT,string
drawSQL-pgsql-export-2026-02-09_feedbin,actions,feed_ids,TEXT,string
drawSQL-pgsql-export-2026-02-09_feedbin,actions,all_feeds,BOOLEAN,boolean
drawSQL-pgsql-export-2026-02-09_feedbin,actions,created_at,TIMESTAMP(0),date
drawSQL-pgsql-export-2026-02-09_feedbin,actions,WITHOUT,TIME,date
drawSQL-pgsql-export-2026-02-09_feedbin,actions,updated_at,TIMESTAMP(0),date
drawSQL-pgsql-export-2026-02-09_feedbin,actions,WITHOUT,TIME,date
drawSQL-pgsql-export-2026-02-09_feedbin,actions,title,TEXT,string
drawSQL-pgsql-export-2026-02-09_feedbin,actions,tag_ids,BIGINT,num
drawSQL-pgsql-export-2026-02-09_feedbin,actions,action_type,BIGINT,num
drawSQL-pgsql-export-2026-02-09_feedbin,actions,computed_feed_ids,BIGINT,num
drawSQL-pgsql-export-2026-02-09_feedbin,actions,status,BIGINT,num
drawSQL-pgsql-export-2026-02-09_feedbin,authentication_tokens,id,BIGINT,num
drawSQL-pgsql-export-2026-02-09_feedbin,authentication_tokens,user_id,BIGINT,num
drawSQL-pgsql-export-2026-02-09_feedbin,authentication_tokens,token,TEXT,string
drawSQL-pgsql-export-2026-02-09_feedbin,authentication_tokens,purpose,INTEGER,num
drawSQL-pgsql-export-2026-02-09_feedbin,authentication_tokens,data,jsonb,string
drawSQL-pgsql-export-2026-02-09_feedbin,authentication_tokens,created_at,TIMESTAMP(0),date
drawSQL-pgsql-export-2026-02-09_feedbin,authentication_tokens,WITHOUT,TIME,date
drawSQL-pgsql-export-2026-02-09_feedbin,authentication_tokens,ZONE,NOT,string
drawSQL-pgsql-export-2026-02-09_feedbin,authentication_tokens,updated_at,TIMESTAMP(0),date
drawSQL-pgsql-export-2026-02-09_feedbin,authentication_tokens,WITHOUT,TIME,date
drawSQL-pgsql-export-2026-02-09_feedbin,authentication_tokens,ZONE,NOT,string
drawSQL-pgsql-export-2026-02-09_feedbin,authentication_tokens,active,BOOLEAN,boolean
drawSQL-pgsql-export-2026-02-09_feedbin,billing_events,id,BIGINT,num
drawSQL-pgsql-export-2026-02-09_feedbin,billing_events,details,TEXT,string
drawSQL-pgsql-export-2026-02-09_feedbin,billing_events,event_type,VARCHAR(255),string
drawSQL-pgsql-export-2026-02-09_feedbin,billing_events,billable_id,BIGINT,num
drawSQL-pgsql-export-2026-02-09_feedbin,billing_events,billable_type,VARCHAR(255),string
drawSQL-pgsql-export-2026-02-09_feedbin,billing_events,created_at,TIMESTAMP(0),date
drawSQL-pgsql-export-2026-02-09_feedbin,billing_events,WITHOUT,TIME,date
drawSQL-pgsql-export-2026-02-09_feedbin,billing_events,ZONE,NOT,string
drawSQL-pgsql-export-2026-02-09_feedbin,billing_events,updated_at,TIMESTAMP(0),date
drawSQL-pgsql-export-2026-02-09_feedbin,billing_events,WITHOUT,TIME,date
drawSQL-pgsql-export-2026-02-09_feedbin,billing_events,ZONE,NOT,string
drawSQL-pgsql-export-2026-02-09_feedbin,billing_events,event_id,VARCHAR(255),string
drawSQL-pgsql-export-2026-02-09_feedbin,billing_events,info,JSON,string
drawSQL-pgsql-export-2026-02-09_feedbin,coupons,id,BIGINT,num
drawSQL-pgsql-export-2026-02-09_feedbin,coupons,user_id,BIGINT,num
drawSQL-pgsql-export-2026-02-09_feedbin,coupons,coupon_code,VARCHAR(255),string
drawSQL-pgsql-export-2026-02-09_feedbin,coupons,sent_to,VARCHAR(255),string
drawSQL-pgsql-export-2026-02-09_feedbin,coupons,redeemed,BOOLEAN,boolean
drawSQL-pgsql-export-2026-02-09_feedbin,coupons,created_at,TIMESTAMP(0),date
drawSQL-pgsql-export-2026-02-09_feedbin,coupons,WITHOUT,TIME,date
drawSQL-pgsql-export-2026-02-09_feedbin,coupons,ZONE,NOT,string
drawSQL-pgsql-export-2026-02-09_feedbin,coupons,updated_at,TIMESTAMP(0),date
drawSQL-pgsql-export-2026-02-09_feedbin,coupons,WITHOUT,TIME,date
drawSQL-pgsql-export-2026-02-09_feedbin,coupons,ZONE,NOT,string
drawSQL-pgsql-export-2026-02-09_feedbin,deleted_users,id,BIGINT,num
drawSQL-pgsql-export-2026-02-09_feedbin,deleted_users,email,TEXT,string
drawSQL-pgsql-export-2026-02-09_feedbin,deleted_users,customer_id,TEXT,string
drawSQL-pgsql-export-2026-02-09_feedbin,deleted_users,created_at,TIMESTAMP(0),date
drawSQL-pgsql-export-2026-02-09_feedbin,deleted_users,WITHOUT,TIME,date
drawSQL-pgsql-export-2026-02-09_feedbin,deleted_users,ZONE,NOT,string
drawSQL-pgsql-export-2026-02-09_feedbin,deleted_users,updated_at,TIMESTAMP(0),date
drawSQL-pgsql-export-2026-02-09_feedbin,deleted_users,WITHOUT,TIME,date
drawSQL-pgsql-export-2026-02-09_feedbin,deleted_users,ZONE,NOT,string
drawSQL-pgsql-export-2026-02-09_feedbin,devices,id,BIGINT,num
drawSQL-pgsql-export-2026-02-09_feedbin,devices,user_id,BIGINT,num
drawSQL-pgsql-export-2026-02-09_feedbin,devices,token,TEXT,string
drawSQL-pgsql-export-2026-02-09_feedbin,devices,model,TEXT,string
drawSQL-pgsql-export-2026-02-09_feedbin,devices,device_type,BIGINT,num
drawSQL-pgsql-export-2026-02-09_feedbin,devices,created_at,TIMESTAMP(0),date
drawSQL-pgsql-export-2026-02-09_feedbin,devices,WITHOUT,TIME,date
drawSQL-pgsql-export-2026-02-09_feedbin,devices,ZONE,NOT,string
drawSQL-pgsql-export-2026-02-09_feedbin,devices,updated_at,TIMESTAMP(0),date
drawSQL-pgsql-export-2026-02-09_feedbin,devices,WITHOUT,TIME,date
drawSQL-pgsql-export-2026-02-09_feedbin,devices,ZONE,NOT,string
drawSQL-pgsql-export-2026-02-09_feedbin,devices,operating_system,TEXT,string
drawSQL-pgsql-export-2026-02-09_feedbin,entries,id,BIGINT,num
drawSQL-pgsql-export-2026-02-09_feedbin,entries,feed_id,BIGINT,num
drawSQL-pgsql-export-2026-02-09_feedbin,entries,title,TEXT,string
drawSQL-pgsql-export-2026-02-09_feedbin,entries,url,TEXT,string
drawSQL-pgsql-export-2026-02-09_feedbin,entries,author,TEXT,string
drawSQL-pgsql-export-2026-02-09_feedbin,entries,summary,TEXT,string
drawSQL-pgsql-export-2026-02-09_feedbin,entries,content,TEXT,string
drawSQL-pgsql-export-2026-02-09_feedbin,entries,published,TIMESTAMP(0),date
drawSQL-pgsql-export-2026-02-09_feedbin,entries,WITHOUT,TIME,date
drawSQL-pgsql-export-2026-02-09_feedbin,entries,ZONE,NOT,string
drawSQL-pgsql-export-2026-02-09_feedbin,entries,updated,TIMESTAMP(0),date
drawSQL-pgsql-export-2026-02-09_feedbin,entries,WITHOUT,TIME,date
drawSQL-pgsql-export-2026-02-09_feedbin,entries,ZONE,NOT,string
drawSQL-pgsql-export-2026-02-09_feedbin,entries,created_at,TIMESTAMP(0),date
drawSQL-pgsql-export-2026-02-09_feedbin,entries,WITHOUT,TIME,date
drawSQL-pgsql-export-2026-02-09_feedbin,entries,ZONE,NOT,string
drawSQL-pgsql-export-2026-02-09_feedbin,entries,updated_at,TIMESTAMP(0),date
drawSQL-pgsql-export-2026-02-09_feedbin,entries,WITHOUT,TIME,date
drawSQL-pgsql-export-2026-02-09_feedbin,entries,ZONE,NOT,string
drawSQL-pgsql-export-2026-02-09_feedbin,entries,entry_id,TEXT,string
drawSQL-pgsql-export-2026-02-09_feedbin,entries,public_id,VARCHAR(255),string
drawSQL-pgsql-export-2026-02-09_feedbin,entries,old_public_id,VARCHAR(255),string
drawSQL-pgsql-export-2026-02-09_feedbin,entries,starred_entreis_count,BIGINT,num
drawSQL-pgsql-export-2026-02-09_feedbin,entries,data,JSON,string
drawSQL-pgsql-export-2026-02-09_feedbin,entries,original,JSON,string
drawSQL-pgsql-export-2026-02-09_feedbin,entries,source,TEXT,string
drawSQL-pgsql-export-2026-02-09_feedbin,entries,image_url,TEXT,string
drawSQL-pgsql-export-2026-02-09_feedbin,entries,processed_image_url,TEXT,string
drawSQL-pgsql-export-2026-02-09_feedbin,entries,image,JSON,string
drawSQL-pgsql-export-2026-02-09_feedbin,entries,recently_played_entries_count,BIGINT,num
drawSQL-pgsql-export-2026-02-09_feedbin,entries,thread_id,BIGINT,num
drawSQL-pgsql-export-2026-02-09_feedbin,entries,settings,jsonb,string
drawSQL-pgsql-export-2026-02-09_feedbin,favicons,id,BIGINT,num
drawSQL-pgsql-export-2026-02-09_feedbin,favicons,host,TEXT,string
drawSQL-pgsql-export-2026-02-09_feedbin,favicons,favicon,TEXT,string
drawSQL-pgsql-export-2026-02-09_feedbin,favicons,created_at,TIMESTAMP(0),date
drawSQL-pgsql-export-2026-02-09_feedbin,favicons,WITHOUT,TIME,date
drawSQL-pgsql-export-2026-02-09_feedbin,favicons,ZONE,NOT,string
drawSQL-pgsql-export-2026-02-09_feedbin,favicons,updated_at,TIMESTAMP(0),date
drawSQL-pgsql-export-2026-02-09_feedbin,favicons,WITHOUT,TIME,date
drawSQL-pgsql-export-2026-02-09_feedbin,favicons,ZONE,NOT,string
drawSQL-pgsql-export-2026-02-09_feedbin,favicons,data,JSON,string
drawSQL-pgsql-export-2026-02-09_feedbin,favicons,url,VARCHAR(255),string
drawSQL-pgsql-export-2026-02-09_feedbin,feed_stats,id,BIGINT,num
drawSQL-pgsql-export-2026-02-09_feedbin,feed_stats,feed_id,BIGINT,num
drawSQL-pgsql-export-2026-02-09_feedbin,feed_stats,day,DATE,date
drawSQL-pgsql-export-2026-02-09_feedbin,feed_stats,entries_count,BIGINT,num
drawSQL-pgsql-export-2026-02-09_feedbin,feed_stats,created_at,TIMESTAMP(0),date
drawSQL-pgsql-export-2026-02-09_feedbin,feed_stats,WITHOUT,TIME,date
drawSQL-pgsql-export-2026-02-09_feedbin,feed_stats,ZONE,NOT,string
drawSQL-pgsql-export-2026-02-09_feedbin,feed_stats,updated_at,TIMESTAMP(0),date
drawSQL-pgsql-export-2026-02-09_feedbin,feed_stats,WITHOUT,TIME,date
drawSQL-pgsql-export-2026-02-09_feedbin,feed_stats,ZONE,NOT,string
drawSQL-pgsql-export-2026-02-09_feedbin,feeds,id,BIGINT,num
drawSQL-pgsql-export-2026-02-09_feedbin,feeds,title,TEXT,string
drawSQL-pgsql-export-2026-02-09_feedbin,feeds,feed_url,TEXT,string
drawSQL-pgsql-export-2026-02-09_feedbin,feeds,site_url,TEXT,string
drawSQL-pgsql-export-2026-02-09_feedbin,feeds,etag,TEXT,string
drawSQL-pgsql-export-2026-02-09_feedbin,feeds,created_at,TIMESTAMP(0),date
drawSQL-pgsql-export-2026-02-09_feedbin,feeds,WITHOUT,TIME,date
drawSQL-pgsql-export-2026-02-09_feedbin,feeds,ZONE,NOT,string
drawSQL-pgsql-export-2026-02-09_feedbin,feeds,updated_at,TIMESTAMP(0),date
drawSQL-pgsql-export-2026-02-09_feedbin,feeds,WITHOUT,TIME,date
drawSQL-pgsql-export-2026-02-09_feedbin,feeds,ZONE,NOT,string
drawSQL-pgsql-export-2026-02-09_feedbin,feeds,last_modified,TIMESTAMP(0),date
drawSQL-pgsql-export-2026-02-09_feedbin,feeds,WITHOUT,TIME,date
drawSQL-pgsql-export-2026-02-09_feedbin,feeds,subscriptions_count,BIGINT,num
drawSQL-pgsql-export-2026-02-09_feedbin,feeds,protected,BOOLEAN,boolean
drawSQL-pgsql-export-2026-02-09_feedbin,feeds,push_expiration,TIMESTAMP(0),date
drawSQL-pgsql-export-2026-02-09_feedbin,feeds,WITHOUT,TIME,date
drawSQL-pgsql-export-2026-02-09_feedbin,feeds,last_published_entry,TIMESTAMP(0),date
drawSQL-pgsql-export-2026-02-09_feedbin,feeds,WITHOUT,TIME,date
drawSQL-pgsql-export-2026-02-09_feedbin,feeds,host,TEXT,string
drawSQL-pgsql-export-2026-02-09_feedbin,feeds,self_url,TEXT,string
drawSQL-pgsql-export-2026-02-09_feedbin,feeds,feed_type,BIGINT,num
drawSQL-pgsql-export-2026-02-09_feedbin,feeds,active,BOOLEAN,boolean
drawSQL-pgsql-export-2026-02-09_feedbin,feeds,options,JSON,string
drawSQL-pgsql-export-2026-02-09_feedbin,import_items,id,BIGINT,num
drawSQL-pgsql-export-2026-02-09_feedbin,import_items,import_id,BIGINT,num
drawSQL-pgsql-export-2026-02-09_feedbin,import_items,details,TEXT,string
drawSQL-pgsql-export-2026-02-09_feedbin,import_items,created_at,TIMESTAMP(0),date
drawSQL-pgsql-export-2026-02-09_feedbin,import_items,WITHOUT,TIME,date
drawSQL-pgsql-export-2026-02-09_feedbin,import_items,ZONE,NOT,string
drawSQL-pgsql-export-2026-02-09_feedbin,import_items,updated_at,TIMESTAMP(0),date
drawSQL-pgsql-export-2026-02-09_feedbin,import_items,WITHOUT,TIME,date
drawSQL-pgsql-export-2026-02-09_feedbin,import_items,ZONE,NOT,string
drawSQL-pgsql-export-2026-02-09_feedbin,import_items,item_type,VARCHAR(255),string
drawSQL-pgsql-export-2026-02-09_feedbin,import_items,status,BIGINT,num
drawSQL-pgsql-export-2026-02-09_feedbin,imports,id,BIGINT,num
drawSQL-pgsql-export-2026-02-09_feedbin,imports,user_id,BIGINT,num
drawSQL-pgsql-export-2026-02-09_feedbin,imports,complete,BOOLEAN,boolean
drawSQL-pgsql-export-2026-02-09_feedbin,imports,created_at,TIMESTAMP(0),date
drawSQL-pgsql-export-2026-02-09_feedbin,imports,WITHOUT,TIME,date
drawSQL-pgsql-export-2026-02-09_feedbin,imports,ZONE,NOT,string
drawSQL-pgsql-export-2026-02-09_feedbin,imports,updated_at,TIMESTAMP(0),date
drawSQL-pgsql-export-2026-02-09_feedbin,imports,WITHOUT,TIME,date
drawSQL-pgsql-export-2026-02-09_feedbin,imports,ZONE,NOT,string
drawSQL-pgsql-export-2026-02-09_feedbin,imports,upload,VARCHAR(255),string
drawSQL-pgsql-export-2026-02-09_feedbin,in_app_purchases,id,BIGINT,num
drawSQL-pgsql-export-2026-02-09_feedbin,in_app_purchases,user_id,BIGINT,num
drawSQL-pgsql-export-2026-02-09_feedbin,in_app_purchases,transaction_id,TEXT,string
drawSQL-pgsql-export-2026-02-09_feedbin,in_app_purchases,purchase_date,TIMESTAMP(0),date
drawSQL-pgsql-export-2026-02-09_feedbin,in_app_purchases,WITHOUT,TIME,date
drawSQL-pgsql-export-2026-02-09_feedbin,in_app_purchases,receipt,JSON,string
drawSQL-pgsql-export-2026-02-09_feedbin,in_app_purchases,created_at,TIMESTAMP(0),date
drawSQL-pgsql-export-2026-02-09_feedbin,in_app_purchases,WITHOUT,TIME,date
drawSQL-pgsql-export-2026-02-09_feedbin,in_app_purchases,updated_at,TIMESTAMP(0),date
drawSQL-pgsql-export-2026-02-09_feedbin,in_app_purchases,WITHOUT,TIME,date
drawSQL-pgsql-export-2026-02-09_feedbin,in_app_purchases,response,JSON,string
drawSQL-pgsql-export-2026-02-09_feedbin,newsletter_senders,id,BIGINT,num
drawSQL-pgsql-export-2026-02-09_feedbin,newsletter_senders,feed_id,BIGINT,num
drawSQL-pgsql-export-2026-02-09_feedbin,newsletter_senders,active,BOOLEAN,boolean
drawSQL-pgsql-export-2026-02-09_feedbin,newsletter_senders,token,TEXT,string
drawSQL-pgsql-export-2026-02-09_feedbin,newsletter_senders,full_token,TEXT,string
drawSQL-pgsql-export-2026-02-09_feedbin,newsletter_senders,email,TEXT,string
drawSQL-pgsql-export-2026-02-09_feedbin,newsletter_senders,name,TEXT,string
drawSQL-pgsql-export-2026-02-09_feedbin,newsletter_senders,created_at,TIMESTAMP(0),date
drawSQL-pgsql-export-2026-02-09_feedbin,newsletter_senders,WITHOUT,TIME,date
drawSQL-pgsql-export-2026-02-09_feedbin,newsletter_senders,ZONE,NOT,string
drawSQL-pgsql-export-2026-02-09_feedbin,newsletter_senders,updated_at,TIMESTAMP(0),date
drawSQL-pgsql-export-2026-02-09_feedbin,newsletter_senders,WITHOUT,TIME,date
drawSQL-pgsql-export-2026-02-09_feedbin,newsletter_senders,ZONE,NOT,string
drawSQL-pgsql-export-2026-02-09_feedbin,plans,id,BIGINT,num
drawSQL-pgsql-export-2026-02-09_feedbin,plans,stripe_id,VARCHAR(255),string
drawSQL-pgsql-export-2026-02-09_feedbin,plans,name,VARCHAR(255),string
drawSQL-pgsql-export-2026-02-09_feedbin,plans,price,INTEGER,num
drawSQL-pgsql-export-2026-02-09_feedbin,plans,created_at,TIMESTAMP(0),date
drawSQL-pgsql-export-2026-02-09_feedbin,plans,WITHOUT,TIME,date
drawSQL-pgsql-export-2026-02-09_feedbin,plans,ZONE,NOT,string
drawSQL-pgsql-export-2026-02-09_feedbin,plans,updated_at,TIMESTAMP(0),date
drawSQL-pgsql-export-2026-02-09_feedbin,plans,WITHOUT,TIME,date
drawSQL-pgsql-export-2026-02-09_feedbin,plans,ZONE,NOT,string
drawSQL-pgsql-export-2026-02-09_feedbin,plans,price_tier,BIGINT,num
drawSQL-pgsql-export-2026-02-09_feedbin,recently_played_entries,id,BIGINT,num
drawSQL-pgsql-export-2026-02-09_feedbin,recently_played_entries,user_id,BIGINT,num
drawSQL-pgsql-export-2026-02-09_feedbin,recently_played_entries,entry_id,BIGINT,num
drawSQL-pgsql-export-2026-02-09_feedbin,recently_played_entries,progress,BIGINT,num
drawSQL-pgsql-export-2026-02-09_feedbin,recently_played_entries,duration,BIGINT,num
drawSQL-pgsql-export-2026-02-09_feedbin,recently_played_entries,created_at,TIMESTAMP(0),date
drawSQL-pgsql-export-2026-02-09_feedbin,recently_played_entries,WITHOUT,TIME,date
drawSQL-pgsql-export-2026-02-09_feedbin,recently_played_entries,ZONE,NOT,string
drawSQL-pgsql-export-2026-02-09_feedbin,recently_played_entries,updated_at,TIMESTAMP(0),date
drawSQL-pgsql-export-2026-02-09_feedbin,recently_played_entries,WITHOUT,TIME,date
drawSQL-pgsql-export-2026-02-09_feedbin,recently_played_entries,ZONE,NOT,string
drawSQL-pgsql-export-2026-02-09_feedbin,recently_read_entries,id,BIGINT,num
drawSQL-pgsql-export-2026-02-09_feedbin,recently_read_entries,user_id,BIGINT,num
drawSQL-pgsql-export-2026-02-09_feedbin,recently_read_entries,entry_id,BIGINT,num
drawSQL-pgsql-export-2026-02-09_feedbin,recently_read_entries,created_at,TIMESTAMP(0),date
drawSQL-pgsql-export-2026-02-09_feedbin,recently_read_entries,WITHOUT,TIME,date
drawSQL-pgsql-export-2026-02-09_feedbin,recently_read_entries,updated_at,TIMESTAMP(0),date
drawSQL-pgsql-export-2026-02-09_feedbin,recently_read_entries,WITHOUT,TIME,date
drawSQL-pgsql-export-2026-02-09_feedbin,recently_read_entries,ZONE,NULL,string
drawSQL-pgsql-export-2026-02-09_feedbin,saved_searches,id,BIGINT,num
drawSQL-pgsql-export-2026-02-09_feedbin,saved_searches,user_id,BIGINT,num
drawSQL-pgsql-export-2026-02-09_feedbin,saved_searches,name,TEXT,string
drawSQL-pgsql-export-2026-02-09_feedbin,saved_searches,query,TEXT,string
drawSQL-pgsql-export-2026-02-09_feedbin,saved_searches,created_at,TIMESTAMP(0),date
drawSQL-pgsql-export-2026-02-09_feedbin,saved_searches,WITHOUT,TIME,date
drawSQL-pgsql-export-2026-02-09_feedbin,saved_searches,updated_at,TIMESTAMP(0),date
drawSQL-pgsql-export-2026-02-09_feedbin,saved_searches,WITHOUT,TIME,date
drawSQL-pgsql-export-2026-02-09_feedbin,saved_searches,ZONE,NULL,string
drawSQL-pgsql-export-2026-02-09_feedbin,sharing_services,id,BIGINT,num
drawSQL-pgsql-export-2026-02-09_feedbin,sharing_services,user_id,BIGINT,num
drawSQL-pgsql-export-2026-02-09_feedbin,sharing_services,label,TEXT,string
drawSQL-pgsql-export-2026-02-09_feedbin,sharing_services,url,TEXT,string
drawSQL-pgsql-export-2026-02-09_feedbin,sharing_services,created_at,TIMESTAMP(0),date
drawSQL-pgsql-export-2026-02-09_feedbin,sharing_services,WITHOUT,TIME,date
drawSQL-pgsql-export-2026-02-09_feedbin,sharing_services,updated_at,TIMESTAMP(0),date
drawSQL-pgsql-export-2026-02-09_feedbin,sharing_services,WITHOUT,TIME,date
drawSQL-pgsql-export-2026-02-09_feedbin,sharing_services,ZONE,NULL,string
drawSQL-pgsql-export-2026-02-09_feedbin,starred_entries,id,BIGINT,num
drawSQL-pgsql-export-2026-02-09_feedbin,starred_entries,user_id,BIGINT,num
drawSQL-pgsql-export-2026-02-09_feedbin,starred_entries,feed_id,BIGINT,num
drawSQL-pgsql-export-2026-02-09_feedbin,starred_entries,entry_id,BIGINT,num
drawSQL-pgsql-export-2026-02-09_feedbin,starred_entries,published,TIMESTAMP(0),date
drawSQL-pgsql-export-2026-02-09_feedbin,starred_entries,WITHOUT,TIME,date
drawSQL-pgsql-export-2026-02-09_feedbin,starred_entries,created_at,TIMESTAMP(0),date
drawSQL-pgsql-export-2026-02-09_feedbin,starred_entries,WITHOUT,TIME,date
drawSQL-pgsql-export-2026-02-09_feedbin,starred_entries,updated_at,TIMESTAMP(0),date
drawSQL-pgsql-export-2026-02-09_feedbin,starred_entries,WITHOUT,TIME,date
drawSQL-pgsql-export-2026-02-09_feedbin,starred_entries,source,TEXT,string
drawSQL-pgsql-export-2026-02-09_feedbin,subscriptions,id,BIGINT,num
drawSQL-pgsql-export-2026-02-09_feedbin,subscriptions,user_id,BIGINT,num
drawSQL-pgsql-export-2026-02-09_feedbin,subscriptions,feed_id,BIGINT,num
drawSQL-pgsql-export-2026-02-09_feedbin,subscriptions,created_at,TIMESTAMP(0),date
drawSQL-pgsql-export-2026-02-09_feedbin,subscriptions,WITHOUT,TIME,date
drawSQL-pgsql-export-2026-02-09_feedbin,subscriptions,updated_at,TIMESTAMP(0),date
drawSQL-pgsql-export-2026-02-09_feedbin,subscriptions,WITHOUT,TIME,date
drawSQL-pgsql-export-2026-02-09_feedbin,subscriptions,title,TEXT,string
drawSQL-pgsql-export-2026-02-09_feedbin,subscriptions,view_inline,BOOLEAN,boolean
drawSQL-pgsql-export-2026-02-09_feedbin,subscriptions,active,BOOLEAN,boolean
drawSQL-pgsql-export-2026-02-09_feedbin,subscriptions,push,BOOLEAN,boolean
drawSQL-pgsql-export-2026-02-09_feedbin,subscriptions,show_updates,BOOLEAN,boolean
drawSQL-pgsql-export-2026-02-09_feedbin,subscriptions,muted,BOOLEAN,boolean
drawSQL-pgsql-export-2026-02-09_feedbin,subscriptions,show_retweets,BOOLEAN,boolean
drawSQL-pgsql-export-2026-02-09_feedbin,subscriptions,media_only,BOOLEAN,boolean
drawSQL-pgsql-export-2026-02-09_feedbin,subscriptions,kind,BIGINT,num
drawSQL-pgsql-export-2026-02-09_feedbin,subscriptions,view_mode,BIGINT,num
drawSQL-pgsql-export-2026-02-09_feedbin,suggested_categories,id,BIGINT,num
drawSQL-pgsql-export-2026-02-09_feedbin,suggested_categories,name,TEXT,string
drawSQL-pgsql-export-2026-02-09_feedbin,suggested_categories,created_at,TIMESTAMP(0),date
drawSQL-pgsql-export-2026-02-09_feedbin,suggested_categories,WITHOUT,TIME,date
drawSQL-pgsql-export-2026-02-09_feedbin,suggested_categories,updated_at,TIMESTAMP(0),date
drawSQL-pgsql-export-2026-02-09_feedbin,suggested_categories,WITHOUT,TIME,date
drawSQL-pgsql-export-2026-02-09_feedbin,suggested_categories,ZONE,NULL,string
drawSQL-pgsql-export-2026-02-09_feedbin,suggested_feeds,id,BIGINT,num
drawSQL-pgsql-export-2026-02-09_feedbin,suggested_feeds,suggested_category_id,BIGINT,num
drawSQL-pgsql-export-2026-02-09_feedbin,suggested_feeds,feed_id,BIGINT,num
drawSQL-pgsql-export-2026-02-09_feedbin,suggested_feeds,created_at,TIMESTAMP(0),date
drawSQL-pgsql-export-2026-02-09_feedbin,suggested_feeds,WITHOUT,TIME,date
drawSQL-pgsql-export-2026-02-09_feedbin,suggested_feeds,updated_at,TIMESTAMP(0),date
drawSQL-pgsql-export-2026-02-09_feedbin,suggested_feeds,WITHOUT,TIME,date
drawSQL-pgsql-export-2026-02-09_feedbin,suggested_feeds,ZONE,NOT,string
drawSQL-pgsql-export-2026-02-09_feedbin,supported_sharing_services,id,BIGINT,num
drawSQL-pgsql-export-2026-02-09_feedbin,supported_sharing_services,user_id,BIGINT,num
drawSQL-pgsql-export-2026-02-09_feedbin,supported_sharing_services,service_id,VARCHAR(255),string
drawSQL-pgsql-export-2026-02-09_feedbin,supported_sharing_services,settings,JSON,string
drawSQL-pgsql-export-2026-02-09_feedbin,supported_sharing_services,service_options,JSON,string
drawSQL-pgsql-export-2026-02-09_feedbin,supported_sharing_services,created_at,TIMESTAMP(0),date
drawSQL-pgsql-export-2026-02-09_feedbin,supported_sharing_services,WITHOUT,TIME,date
drawSQL-pgsql-export-2026-02-09_feedbin,supported_sharing_services,updated_at,TIMESTAMP(0),date
drawSQL-pgsql-export-2026-02-09_feedbin,supported_sharing_services,WITHOUT,TIME,date
drawSQL-pgsql-export-2026-02-09_feedbin,supported_sharing_services,ZONE,NULL,string
drawSQL-pgsql-export-2026-02-09_feedbin,taggings,id,BIGINT,num
drawSQL-pgsql-export-2026-02-09_feedbin,taggings,feed_id,BIGINT,num
drawSQL-pgsql-export-2026-02-09_feedbin,taggings,user_id,BIGINT,num
drawSQL-pgsql-export-2026-02-09_feedbin,taggings,created_at,TIMESTAMP(0),date
drawSQL-pgsql-export-2026-02-09_feedbin,taggings,WITHOUT,TIME,date
drawSQL-pgsql-export-2026-02-09_feedbin,taggings,ZONE,NOT,string
drawSQL-pgsql-export-2026-02-09_feedbin,taggings,updated_at,TIMESTAMP(0),date
drawSQL-pgsql-export-2026-02-09_feedbin,taggings,WITHOUT,TIME,date
drawSQL-pgsql-export-2026-02-09_feedbin,taggings,ZONE,NOT,string
drawSQL-pgsql-export-2026-02-09_feedbin,taggings,tag_id,BIGINT,num
drawSQL-pgsql-export-2026-02-09_feedbin,tags,id,BIGINT,num
drawSQL-pgsql-export-2026-02-09_feedbin,tags,name,VARCHAR(255),string
drawSQL-pgsql-export-2026-02-09_feedbin,tags,created_at,TIMESTAMP(0),date
drawSQL-pgsql-export-2026-02-09_feedbin,tags,WITHOUT,TIME,date
drawSQL-pgsql-export-2026-02-09_feedbin,tags,ZONE,NOT,string
drawSQL-pgsql-export-2026-02-09_feedbin,tags,updated_at,TIMESTAMP(0),date
drawSQL-pgsql-export-2026-02-09_feedbin,tags,WITHOUT,TIME,date
drawSQL-pgsql-export-2026-02-09_feedbin,tags,ZONE,NOT,string
drawSQL-pgsql-export-2026-02-09_feedbin,unreads,id,BIGINT,num
drawSQL-pgsql-export-2026-02-09_feedbin,unreads,user_id,BIGINT,num
drawSQL-pgsql-export-2026-02-09_feedbin,unreads,feed_id,BIGINT,num
drawSQL-pgsql-export-2026-02-09_feedbin,unreads,entry_id,BIGINT,num
drawSQL-pgsql-export-2026-02-09_feedbin,unreads,published,TIMESTAMP(0),date
drawSQL-pgsql-export-2026-02-09_feedbin,unreads,WITHOUT,TIME,date
drawSQL-pgsql-export-2026-02-09_feedbin,unreads,ZONE,NOT,string
drawSQL-pgsql-export-2026-02-09_feedbin,unreads,entry_created_at,TIMESTAMP(0),date
drawSQL-pgsql-export-2026-02-09_feedbin,unreads,WITHOUT,TIME,date
drawSQL-pgsql-export-2026-02-09_feedbin,unreads,ZONE,NOT,string
drawSQL-pgsql-export-2026-02-09_feedbin,unreads,created_at,TIMESTAMP(0),date
drawSQL-pgsql-export-2026-02-09_feedbin,unreads,WITHOUT,TIME,date
drawSQL-pgsql-export-2026-02-09_feedbin,unreads,ZONE,NOT,string
drawSQL-pgsql-export-2026-02-09_feedbin,unreads,updated_at,TIMESTAMP(0),date
drawSQL-pgsql-export-2026-02-09_feedbin,unreads,WITHOUT,TIME,date
drawSQL-pgsql-export-2026-02-09_feedbin,unreads,ZONE,NOT,string
drawSQL-pgsql-export-2026-02-09_feedbin,updated_entries,id,BIGINT,num
drawSQL-pgsql-export-2026-02-09_feedbin,updated_entries,user_id,BIGINT,num
drawSQL-pgsql-export-2026-02-09_feedbin,updated_entries,entry_id,BIGINT,num
drawSQL-pgsql-export-2026-02-09_feedbin,updated_entries,feed_id,BIGINT,num
drawSQL-pgsql-export-2026-02-09_feedbin,updated_entries,published,TIMESTAMP(0),date
drawSQL-pgsql-export-2026-02-09_feedbin,updated_entries,WITHOUT,TIME,date
drawSQL-pgsql-export-2026-02-09_feedbin,updated_entries,updated,TIMESTAMP(0),date
drawSQL-pgsql-export-2026-02-09_feedbin,updated_entries,WITHOUT,TIME,date
drawSQL-pgsql-export-2026-02-09_feedbin,updated_entries,created_at,TIMESTAMP(0),date
drawSQL-pgsql-export-2026-02-09_feedbin,updated_entries,WITHOUT,TIME,date
drawSQL-pgsql-export-2026-02-09_feedbin,updated_entries,updated_at,TIMESTAMP(0),date
drawSQL-pgsql-export-2026-02-09_feedbin,updated_entries,WITHOUT,TIME,date
drawSQL-pgsql-export-2026-02-09_feedbin,updated_entries,ZONE,NULL,string
drawSQL-pgsql-export-2026-02-09_feedbin,users,id,BIGINT,num
drawSQL-pgsql-export-2026-02-09_feedbin,users,email,VARCHAR(255),string
drawSQL-pgsql-export-2026-02-09_feedbin,users,password_digest,VARCHAR(255),string
drawSQL-pgsql-export-2026-02-09_feedbin,users,customer_id,VARCHAR(255),string
drawSQL-pgsql-export-2026-02-09_feedbin,users,last_4_digits,VARCHAR(255),string
drawSQL-pgsql-export-2026-02-09_feedbin,users,plan_id,BIGINT,num
drawSQL-pgsql-export-2026-02-09_feedbin,users,admin,BOOLEAN,boolean
drawSQL-pgsql-export-2026-02-09_feedbin,users,suspended,BOOLEAN,boolean
drawSQL-pgsql-export-2026-02-09_feedbin,users,created_at,TIMESTAMP(0),date
drawSQL-pgsql-export-2026-02-09_feedbin,users,WITHOUT,TIME,date
drawSQL-pgsql-export-2026-02-09_feedbin,users,ZONE,NOT,string
drawSQL-pgsql-export-2026-02-09_feedbin,users,updated_at,TIMESTAMP(0),date
drawSQL-pgsql-export-2026-02-09_feedbin,users,WITHOUT,TIME,date
drawSQL-pgsql-export-2026-02-09_feedbin,users,ZONE,NOT,string
drawSQL-pgsql-export-2026-02-09_feedbin,users,auth_token,VARCHAR(255),string
drawSQL-pgsql-export-2026-02-09_feedbin,users,password_reset_token,INTEGER,num
drawSQL-pgsql-export-2026-02-09_feedbin,users,password_reset_sent_at,TIMESTAMP(0),date
drawSQL-pgsql-export-2026-02-09_feedbin,users,WITHOUT,TIME,date
drawSQL-pgsql-export-2026-02-09_feedbin,users,settings,JSON,string
drawSQL-pgsql-export-2026-02-09_feedbin,users,starred_token,VARCHAR(255),string
drawSQL-pgsql-export-2026-02-09_feedbin,users,inbound_email_token,VARCHAR(255),string
drawSQL-pgsql-export-2026-02-09_feedbin,users,tag_visibility,JSON,string
drawSQL-pgsql-export-2026-02-09_feedbin,users,expires_at,TIMESTAMP(0),date
drawSQL-pgsql-export-2026-02-09_feedbin,users,WITHOUT,TIME,date
drawSQL-pgsql-export-2026-02-09_feedbin,users,newsletter_token,VARCHAR(255),string
drawSQL-pgsql-export-2026-02-09_feedbin,users,price_tier,BIGINT,num
drawSQL-pgsql-export-2026-02-09_feedbin,users,page_token,VARCHAR(255),string
drawSQL-pgsql-export-2026-02-09_pegasus,account_emailaddress,id,INTEGER,num
drawSQL-pgsql-export-2026-02-09_pegasus,account_emailaddress,email,VARCHAR(255),string
drawSQL-pgsql-export-2026-02-09_pegasus,account_emailaddress,verified,BOOLEAN,boolean
drawSQL-pgsql-export-2026-02-09_pegasus,account_emailaddress,user_id,INTEGER,num
drawSQL-pgsql-export-2026-02-09_pegasus,account_emailconfirmation,id,INTEGER,num
drawSQL-pgsql-export-2026-02-09_pegasus,account_emailconfirmation,created,TIMESTAMP(0),date
drawSQL-pgsql-export-2026-02-09_pegasus,account_emailconfirmation,WITHOUT,TIME,date
drawSQL-pgsql-export-2026-02-09_pegasus,account_emailconfirmation,ZONE,NOT,string
drawSQL-pgsql-export-2026-02-09_pegasus,account_emailconfirmation,sent,TIMESTAMP(0),date
drawSQL-pgsql-export-2026-02-09_pegasus,account_emailconfirmation,WITHOUT,TIME,date
drawSQL-pgsql-export-2026-02-09_pegasus,account_emailconfirmation,key,VARCHAR(255),string
drawSQL-pgsql-export-2026-02-09_pegasus,account_emailconfirmation,email_address_id,INTEGER,num
drawSQL-pgsql-export-2026-02-09_pegasus,auth_group,id,INTEGER,num
drawSQL-pgsql-export-2026-02-09_pegasus,auth_group,name,VARCHAR(255),string
drawSQL-pgsql-export-2026-02-09_pegasus,auth_group_permissions,id,INTEGER,num
drawSQL-pgsql-export-2026-02-09_pegasus,auth_group_permissions,group_id,INTEGER,num
drawSQL-pgsql-export-2026-02-09_pegasus,auth_group_permissions,permission_id,INTEGER,num
drawSQL-pgsql-export-2026-02-09_pegasus,auth_permission,id,INTEGER,num
drawSQL-pgsql-export-2026-02-09_pegasus,auth_permission,name,VARCHAR(255),string
drawSQL-pgsql-export-2026-02-09_pegasus,auth_permission,content_type_id,INTEGER,num
drawSQL-pgsql-export-2026-02-09_pegasus,auth_permission,codename,VARCHAR(255),string
drawSQL-pgsql-export-2026-02-09_pegasus,django_admin_log,id,INTEGER,num
drawSQL-pgsql-export-2026-02-09_pegasus,django_admin_log,action_time,TIMESTAMP(0),date
drawSQL-pgsql-export-2026-02-09_pegasus,django_admin_log,WITHOUT,TIME,date
drawSQL-pgsql-export-2026-02-09_pegasus,django_admin_log,ZONE,NOT,string
drawSQL-pgsql-export-2026-02-09_pegasus,django_admin_log,object_id,TEXT,string
drawSQL-pgsql-export-2026-02-09_pegasus,django_admin_log,object_repr,VARCHAR(255),string
drawSQL-pgsql-export-2026-02-09_pegasus,django_admin_log,action_flag,SMALLINT,num
drawSQL-pgsql-export-2026-02-09_pegasus,django_admin_log,change_message,TEXT,string
drawSQL-pgsql-export-2026-02-09_pegasus,django_admin_log,content_type_id,INTEGER,num
drawSQL-pgsql-export-2026-02-09_pegasus,django_admin_log,user_id,INTEGER,num
drawSQL-pgsql-export-2026-02-09_pegasus,django_content_type,id,INTEGER,num
drawSQL-pgsql-export-2026-02-09_pegasus,django_content_type,app_label,VARCHAR(255),string
drawSQL-pgsql-export-2026-02-09_pegasus,django_content_type,model,VARCHAR(255),string
drawSQL-pgsql-export-2026-02-09_pegasus,django_migrations,id,INTEGER,num
drawSQL-pgsql-export-2026-02-09_pegasus,django_migrations,app,VARCHAR(255),string
drawSQL-pgsql-export-2026-02-09_pegasus,django_migrations,name,VARCHAR(255),string
drawSQL-pgsql-export-2026-02-09_pegasus,django_migrations,applied,TIMESTAMP(0),date
drawSQL-pgsql-export-2026-02-09_pegasus,django_migrations,WITHOUT,TIME,date
drawSQL-pgsql-export-2026-02-09_pegasus,django_migrations,ZONE,NOT,string
drawSQL-pgsql-export-2026-02-09_pegasus,django_session,session_key,VARCHAR(255),string
drawSQL-pgsql-export-2026-02-09_pegasus,django_session,session_data,TEXT,string
drawSQL-pgsql-export-2026-02-09_pegasus,django_session,expire_date,TIMESTAMP(0),date
drawSQL-pgsql-export-2026-02-09_pegasus,django_session,WITHOUT,TIME,date
drawSQL-pgsql-export-2026-02-09_pegasus,django_session,ZONE,NOT,string
drawSQL-pgsql-export-2026-02-09_pegasus,django_site,id,INTEGER,num
drawSQL-pgsql-export-2026-02-09_pegasus,django_site,domain,VARCHAR(255),string
drawSQL-pgsql-export-2026-02-09_pegasus,django_site,name,VARCHAR(255),string
drawSQL-pgsql-export-2026-02-09_pegasus,djstripe_customer,djstripe_id,BIGINT,num
drawSQL-pgsql-export-2026-02-09_pegasus,djstripe_customer,id,VARCHAR(255),string
drawSQL-pgsql-export-2026-02-09_pegasus,djstripe_customer,livemode,BOOLEAN,boolean
drawSQL-pgsql-export-2026-02-09_pegasus,djstripe_customer,created,TIMESTAMP(0),date
drawSQL-pgsql-export-2026-02-09_pegasus,djstripe_customer,WITHOUT,TIME,date
drawSQL-pgsql-export-2026-02-09_pegasus,djstripe_customer,metadata,TEXT,string
drawSQL-pgsql-export-2026-02-09_pegasus,djstripe_customer,description,TEXT,string
drawSQL-pgsql-export-2026-02-09_pegasus,djstripe_customer,djstripe_created,TIMESTAMP(0),date
drawSQL-pgsql-export-2026-02-09_pegasus,djstripe_customer,WITHOUT,TIME,date
drawSQL-pgsql-export-2026-02-09_pegasus,djstripe_customer,ZONE,NOT,string
drawSQL-pgsql-export-2026-02-09_pegasus,djstripe_customer,djstripe_updated,TIMESTAMP(0),date
drawSQL-pgsql-export-2026-02-09_pegasus,djstripe_customer,WITHOUT,TIME,date
drawSQL-pgsql-export-2026-02-09_pegasus,djstripe_customer,ZONE,NOT,string
drawSQL-pgsql-export-2026-02-09_pegasus,djstripe_customer,balance,BIGINT,num
drawSQL-pgsql-export-2026-02-09_pegasus,djstripe_customer,business_vat_id,VARCHAR(255),string
drawSQL-pgsql-export-2026-02-09_pegasus,djstripe_customer,currency,VARCHAR(255),string
drawSQL-pgsql-export-2026-02-09_pegasus,djstripe_customer,delinquent,BOOLEAN,boolean
drawSQL-pgsql-export-2026-02-09_pegasus,djstripe_customer,coupon_start,TIMESTAMP(0),date
drawSQL-pgsql-export-2026-02-09_pegasus,djstripe_customer,WITHOUT,TIME,date
drawSQL-pgsql-export-2026-02-09_pegasus,djstripe_customer,coupon_end,TIMESTAMP(0),date
drawSQL-pgsql-export-2026-02-09_pegasus,djstripe_customer,WITHOUT,TIME,date
drawSQL-pgsql-export-2026-02-09_pegasus,djstripe_customer,email,TEXT,string
drawSQL-pgsql-export-2026-02-09_pegasus,djstripe_customer,shipping,TEXT,string
drawSQL-pgsql-export-2026-02-09_pegasus,djstripe_customer,date_purged,TIMESTAMP(0),date
drawSQL-pgsql-export-2026-02-09_pegasus,djstripe_customer,WITHOUT,TIME,date
drawSQL-pgsql-export-2026-02-09_pegasus,djstripe_customer,coupon_id,BIGINT,num
drawSQL-pgsql-export-2026-02-09_pegasus,djstripe_customer,default_source_id,VARCHAR(255),string
drawSQL-pgsql-export-2026-02-09_pegasus,djstripe_customer,subscriber_id,INTEGER,num
drawSQL-pgsql-export-2026-02-09_pegasus,djstripe_customer,address,TEXT,string
drawSQL-pgsql-export-2026-02-09_pegasus,djstripe_customer,invoice_prefix,VARCHAR(255),string
drawSQL-pgsql-export-2026-02-09_pegasus,djstripe_customer,invoice_settings,TEXT,string
drawSQL-pgsql-export-2026-02-09_pegasus,djstripe_customer,name,TEXT,string
drawSQL-pgsql-export-2026-02-09_pegasus,djstripe_customer,phone,TEXT,string
drawSQL-pgsql-export-2026-02-09_pegasus,djstripe_customer,preferred_locales,TEXT,string
drawSQL-pgsql-export-2026-02-09_pegasus,djstripe_customer,tax_exempt,VARCHAR(255),string
drawSQL-pgsql-export-2026-02-09_pegasus,djstripe_customer,default_payment_method_id,BIGINT,num
drawSQL-pgsql-export-2026-02-09_pegasus,djstripe_plan,djstripe_id,BIGINT,num
drawSQL-pgsql-export-2026-02-09_pegasus,djstripe_plan,id,VARCHAR(255),string
drawSQL-pgsql-export-2026-02-09_pegasus,djstripe_plan,livemode,BOOLEAN,boolean
drawSQL-pgsql-export-2026-02-09_pegasus,djstripe_plan,created,TIMESTAMP(0),date
drawSQL-pgsql-export-2026-02-09_pegasus,djstripe_plan,WITHOUT,TIME,date
drawSQL-pgsql-export-2026-02-09_pegasus,djstripe_plan,metadata,TEXT,string
drawSQL-pgsql-export-2026-02-09_pegasus,djstripe_plan,description,TEXT,string
drawSQL-pgsql-export-2026-02-09_pegasus,djstripe_plan,djstripe_created,TIMESTAMP(0),date
drawSQL-pgsql-export-2026-02-09_pegasus,djstripe_plan,WITHOUT,TIME,date
drawSQL-pgsql-export-2026-02-09_pegasus,djstripe_plan,ZONE,NOT,string
drawSQL-pgsql-export-2026-02-09_pegasus,djstripe_plan,djstripe_updated,TIMESTAMP(0),date
drawSQL-pgsql-export-2026-02-09_pegasus,djstripe_plan,WITHOUT,TIME,date
drawSQL-pgsql-export-2026-02-09_pegasus,djstripe_plan,ZONE,NOT,string
drawSQL-pgsql-export-2026-02-09_pegasus,djstripe_plan,aggregate_usage,VARCHAR(255),string
drawSQL-pgsql-export-2026-02-09_pegasus,djstripe_plan,amount,"DECIMAL(8, 2)",num
drawSQL-pgsql-export-2026-02-09_pegasus,djstripe_plan,billing_scheme,VARCHAR(255),string
drawSQL-pgsql-export-2026-02-09_pegasus,djstripe_plan,currency,VARCHAR(255),string
drawSQL-pgsql-export-2026-02-09_pegasus,djstripe_plan,interval,VARCHAR(255),string
drawSQL-pgsql-export-2026-02-09_pegasus,djstripe_plan,interval_count,INTEGER,num
drawSQL-pgsql-export-2026-02-09_pegasus,djstripe_plan,nickname,TEXT,string
drawSQL-pgsql-export-2026-02-09_pegasus,djstripe_plan,tiers,TEXT,string
drawSQL-pgsql-export-2026-02-09_pegasus,djstripe_plan,tiers_mode,VARCHAR(255),string
drawSQL-pgsql-export-2026-02-09_pegasus,djstripe_plan,transform_usage,TEXT,string
drawSQL-pgsql-export-2026-02-09_pegasus,djstripe_plan,trial_period_days,INTEGER,num
drawSQL-pgsql-export-2026-02-09_pegasus,djstripe_plan,usage_type,VARCHAR(255),string
drawSQL-pgsql-export-2026-02-09_pegasus,djstripe_plan,name,TEXT,string
drawSQL-pgsql-export-2026-02-09_pegasus,djstripe_plan,statement_descriptor,VARCHAR(255),string
drawSQL-pgsql-export-2026-02-09_pegasus,djstripe_plan,product_id,BIGINT,num
drawSQL-pgsql-export-2026-02-09_pegasus,djstripe_plan,active,BOOLEAN,boolean
drawSQL-pgsql-export-2026-02-09_pegasus,djstripe_product,djstripe_id,BIGINT,num
drawSQL-pgsql-export-2026-02-09_pegasus,djstripe_product,id,VARCHAR(255),string
drawSQL-pgsql-export-2026-02-09_pegasus,djstripe_product,livemode,BOOLEAN,boolean
drawSQL-pgsql-export-2026-02-09_pegasus,djstripe_product,created,TIMESTAMP(0),date
drawSQL-pgsql-export-2026-02-09_pegasus,djstripe_product,WITHOUT,TIME,date
drawSQL-pgsql-export-2026-02-09_pegasus,djstripe_product,metadata,TEXT,string
drawSQL-pgsql-export-2026-02-09_pegasus,djstripe_product,description,TEXT,string
drawSQL-pgsql-export-2026-02-09_pegasus,djstripe_product,djstripe_created,TIMESTAMP(0),date
drawSQL-pgsql-export-2026-02-09_pegasus,djstripe_product,WITHOUT,TIME,date
drawSQL-pgsql-export-2026-02-09_pegasus,djstripe_product,ZONE,NOT,string
drawSQL-pgsql-export-2026-02-09_pegasus,djstripe_product,djstripe_updated,TIMESTAMP(0),date
drawSQL-pgsql-export-2026-02-09_pegasus,djstripe_product,WITHOUT,TIME,date
drawSQL-pgsql-export-2026-02-09_pegasus,djstripe_product,ZONE,NOT,string
drawSQL-pgsql-export-2026-02-09_pegasus,djstripe_product,name,TEXT,string
drawSQL-pgsql-export-2026-02-09_pegasus,djstripe_product,type,VARCHAR(255),string
drawSQL-pgsql-export-2026-02-09_pegasus,djstripe_product,active,BOOLEAN,boolean
drawSQL-pgsql-export-2026-02-09_pegasus,djstripe_product,attributes,TEXT,string
drawSQL-pgsql-export-2026-02-09_pegasus,djstripe_product,caption,TEXT,string
drawSQL-pgsql-export-2026-02-09_pegasus,djstripe_product,deactivate_on,TEXT,string
drawSQL-pgsql-export-2026-02-09_pegasus,djstripe_product,images,TEXT,string
drawSQL-pgsql-export-2026-02-09_pegasus,djstripe_product,package_dimensions,TEXT,string
drawSQL-pgsql-export-2026-02-09_pegasus,djstripe_product,shippable,BOOLEAN,boolean
drawSQL-pgsql-export-2026-02-09_pegasus,djstripe_product,url,VARCHAR(255),string
drawSQL-pgsql-export-2026-02-09_pegasus,djstripe_product,statement_descriptor,VARCHAR(255),string
drawSQL-pgsql-export-2026-02-09_pegasus,djstripe_product,unit_label,VARCHAR(255),string
drawSQL-pgsql-export-2026-02-09_pegasus,djstripe_subscription,djstripe_id,BIGINT,num
drawSQL-pgsql-export-2026-02-09_pegasus,djstripe_subscription,id,VARCHAR(255),string
drawSQL-pgsql-export-2026-02-09_pegasus,djstripe_subscription,livemode,BOOLEAN,boolean
drawSQL-pgsql-export-2026-02-09_pegasus,djstripe_subscription,created,TIMESTAMP(0),date
drawSQL-pgsql-export-2026-02-09_pegasus,djstripe_subscription,WITHOUT,TIME,date
drawSQL-pgsql-export-2026-02-09_pegasus,djstripe_subscription,metadata,TEXT,string
drawSQL-pgsql-export-2026-02-09_pegasus,djstripe_subscription,description,TEXT,string
drawSQL-pgsql-export-2026-02-09_pegasus,djstripe_subscription,djstripe_created,TIMESTAMP(0),date
drawSQL-pgsql-export-2026-02-09_pegasus,djstripe_subscription,WITHOUT,TIME,date
drawSQL-pgsql-export-2026-02-09_pegasus,djstripe_subscription,ZONE,NOT,string
drawSQL-pgsql-export-2026-02-09_pegasus,djstripe_subscription,djstripe_updated,TIMESTAMP(0),date
drawSQL-pgsql-export-2026-02-09_pegasus,djstripe_subscription,WITHOUT,TIME,date
drawSQL-pgsql-export-2026-02-09_pegasus,djstripe_subscription,ZONE,NOT,string
drawSQL-pgsql-export-2026-02-09_pegasus,djstripe_subscription,application_fee_percent,"DECIMAL(8, 2)",num
drawSQL-pgsql-export-2026-02-09_pegasus,djstripe_subscription,billing,VARCHAR(255),string
drawSQL-pgsql-export-2026-02-09_pegasus,djstripe_subscription,billing_cycle_anchor,TIMESTAMP(0),date
drawSQL-pgsql-export-2026-02-09_pegasus,djstripe_subscription,WITHOUT,TIME,date
drawSQL-pgsql-export-2026-02-09_pegasus,djstripe_subscription,cancel_at_period_end,BOOLEAN,boolean
drawSQL-pgsql-export-2026-02-09_pegasus,djstripe_subscription,canceled_at,TIMESTAMP(0),date
drawSQL-pgsql-export-2026-02-09_pegasus,djstripe_subscription,WITHOUT,TIME,date
drawSQL-pgsql-export-2026-02-09_pegasus,djstripe_subscription,current_period_end,TIMESTAMP(0),date
drawSQL-pgsql-export-2026-02-09_pegasus,djstripe_subscription,WITHOUT,TIME,date
drawSQL-pgsql-export-2026-02-09_pegasus,djstripe_subscription,ZONE,NOT,string
drawSQL-pgsql-export-2026-02-09_pegasus,djstripe_subscription,current_period_start,TIMESTAMP(0),date
drawSQL-pgsql-export-2026-02-09_pegasus,djstripe_subscription,WITHOUT,TIME,date
drawSQL-pgsql-export-2026-02-09_pegasus,djstripe_subscription,ZONE,NOT,string
drawSQL-pgsql-export-2026-02-09_pegasus,djstripe_subscription,days_until_due,INTEGER,num
drawSQL-pgsql-export-2026-02-09_pegasus,djstripe_subscription,ended_at,TIMESTAMP(0),date
drawSQL-pgsql-export-2026-02-09_pegasus,djstripe_subscription,WITHOUT,TIME,date
drawSQL-pgsql-export-2026-02-09_pegasus,djstripe_subscription,quantity,INTEGER,num
drawSQL-pgsql-export-2026-02-09_pegasus,djstripe_subscription,start,TIMESTAMP(0),date
drawSQL-pgsql-export-2026-02-09_pegasus,djstripe_subscription,WITHOUT,TIME,date
drawSQL-pgsql-export-2026-02-09_pegasus,djstripe_subscription,ZONE,NOT,string
drawSQL-pgsql-export-2026-02-09_pegasus,djstripe_subscription,status,VARCHAR(255),string
drawSQL-pgsql-export-2026-02-09_pegasus,djstripe_subscription,tax_percent,"DECIMAL(8, 2)",num
drawSQL-pgsql-export-2026-02-09_pegasus,djstripe_subscription,trial_end,TIMESTAMP(0),date
drawSQL-pgsql-export-2026-02-09_pegasus,djstripe_subscription,WITHOUT,TIME,date
drawSQL-pgsql-export-2026-02-09_pegasus,djstripe_subscription,trial_start,TIMESTAMP(0),date
drawSQL-pgsql-export-2026-02-09_pegasus,djstripe_subscription,WITHOUT,TIME,date
drawSQL-pgsql-export-2026-02-09_pegasus,djstripe_subscription,customer_id,BIGINT,num
drawSQL-pgsql-export-2026-02-09_pegasus,djstripe_subscription,plan_id,BIGINT,num
drawSQL-pgsql-export-2026-02-09_pegasus,djstripe_subscription,pending_setup_intent_id,BIGINT,num
drawSQL-pgsql-export-2026-02-09_pegasus,pegasus_examples_employee,id,INTEGER,num
drawSQL-pgsql-export-2026-02-09_pegasus,pegasus_examples_employee,created_at,TIMESTAMP(0),date
drawSQL-pgsql-export-2026-02-09_pegasus,pegasus_examples_employee,WITHOUT,TIME,date
drawSQL-pgsql-export-2026-02-09_pegasus,pegasus_examples_employee,ZONE,NOT,string
drawSQL-pgsql-export-2026-02-09_pegasus,pegasus_examples_employee,updated_at,TIMESTAMP(0),date
drawSQL-pgsql-export-2026-02-09_pegasus,pegasus_examples_employee,WITHOUT,TIME,date
drawSQL-pgsql-export-2026-02-09_pegasus,pegasus_examples_employee,ZONE,NOT,string
drawSQL-pgsql-export-2026-02-09_pegasus,pegasus_examples_employee,name,VARCHAR(255),string
drawSQL-pgsql-export-2026-02-09_pegasus,pegasus_examples_employee,department,VARCHAR(255),string
drawSQL-pgsql-export-2026-02-09_pegasus,pegasus_examples_employee,salary,INTEGER,num
drawSQL-pgsql-export-2026-02-09_pegasus,pegasus_examples_employee,user_id,INTEGER,num
drawSQL-pgsql-export-2026-02-09_pegasus,pegasus_examples_payment,created_at,TIMESTAMP(0),date
drawSQL-pgsql-export-2026-02-09_pegasus,pegasus_examples_payment,WITHOUT,TIME,date
drawSQL-pgsql-export-2026-02-09_pegasus,pegasus_examples_payment,ZONE,NOT,string
drawSQL-pgsql-export-2026-02-09_pegasus,pegasus_examples_payment,updated_at,TIMESTAMP(0),date
drawSQL-pgsql-export-2026-02-09_pegasus,pegasus_examples_payment,WITHOUT,TIME,date
drawSQL-pgsql-export-2026-02-09_pegasus,pegasus_examples_payment,ZONE,NOT,string
drawSQL-pgsql-export-2026-02-09_pegasus,pegasus_examples_payment,id,UUID,string
drawSQL-pgsql-export-2026-02-09_pegasus,pegasus_examples_payment,charge_id,VARCHAR(255),string
drawSQL-pgsql-export-2026-02-09_pegasus,pegasus_examples_payment,name,VARCHAR(255),string
drawSQL-pgsql-export-2026-02-09_pegasus,pegasus_examples_payment,amount,INTEGER,num
drawSQL-pgsql-export-2026-02-09_pegasus,pegasus_examples_payment,user_id,INTEGER,num
drawSQL-pgsql-export-2026-02-09_pegasus,teams_invitation,id,UUID,string
drawSQL-pgsql-export-2026-02-09_pegasus,teams_invitation,email,VARCHAR(255),string
drawSQL-pgsql-export-2026-02-09_pegasus,teams_invitation,role,VARCHAR(255),string
drawSQL-pgsql-export-2026-02-09_pegasus,teams_invitation,is_accepted,BOOLEAN,boolean
drawSQL-pgsql-export-2026-02-09_pegasus,teams_invitation,invited_by_id,INTEGER,num
drawSQL-pgsql-export-2026-02-09_pegasus,teams_invitation,team_id,INTEGER,num
drawSQL-pgsql-export-2026-02-09_pegasus,teams_invitation,accepted_by_id,INTEGER,num
drawSQL-pgsql-export-2026-02-09_pegasus,teams_invitation,created_at,TIMESTAMP(0),date
drawSQL-pgsql-export-2026-02-09_pegasus,teams_invitation,WITHOUT,TIME,date
drawSQL-pgsql-export-2026-02-09_pegasus,teams_invitation,ZONE,NOT,string
drawSQL-pgsql-export-2026-02-09_pegasus,teams_invitation,updated_at,TIMESTAMP(0),date
drawSQL-pgsql-export-2026-02-09_pegasus,teams_invitation,WITHOUT,TIME,date
drawSQL-pgsql-export-2026-02-09_pegasus,teams_invitation,ZONE,NOT,string
drawSQL-pgsql-export-2026-02-09_pegasus,teams_membership,id,INTEGER,num
drawSQL-pgsql-export-2026-02-09_pegasus,teams_membership,role,VARCHAR(255),string
drawSQL-pgsql-export-2026-02-09_pegasus,teams_membership,team_id,INTEGER,num
drawSQL-pgsql-export-2026-02-09_pegasus,teams_membership,user_id,INTEGER,num
drawSQL-pgsql-export-2026-02-09_pegasus,teams_membership,created_at,TIMESTAMP(0),date
drawSQL-pgsql-export-2026-02-09_pegasus,teams_membership,WITHOUT,TIME,date
drawSQL-pgsql-export-2026-02-09_pegasus,teams_membership,ZONE,NOT,string
drawSQL-pgsql-export-2026-02-09_pegasus,teams_membership,updated_at,TIMESTAMP(0),date
drawSQL-pgsql-export-2026-02-09_pegasus,teams_membership,WITHOUT,TIME,date
drawSQL-pgsql-export-2026-02-09_pegasus,teams_membership,ZONE,NOT,string
drawSQL-pgsql-export-2026-02-09_pegasus,teams_team,id,INTEGER,num
drawSQL-pgsql-export-2026-02-09_pegasus,teams_team,name,VARCHAR(255),string
drawSQL-pgsql-export-2026-02-09_pegasus,teams_team,slug,VARCHAR(255),string
drawSQL-pgsql-export-2026-02-09_pegasus,teams_team,created_at,TIMESTAMP(0),date
drawSQL-pgsql-export-2026-02-09_pegasus,teams_team,WITHOUT,TIME,date
drawSQL-pgsql-export-2026-02-09_pegasus,teams_team,ZONE,NOT,string
drawSQL-pgsql-export-2026-02-09_pegasus,teams_team,updated_at,TIMESTAMP(0),date
drawSQL-pgsql-export-2026-02-09_pegasus,teams_team,WITHOUT,TIME,date
drawSQL-pgsql-export-2026-02-09_pegasus,teams_team,ZONE,NOT,string
drawSQL-pgsql-export-2026-02-09_pegasus,teams_team,subscription_id,BIGINT,num
drawSQL-pgsql-export-2026-02-09_pegasus,users_customuser,id,INTEGER,num
drawSQL-pgsql-export-2026-02-09_pegasus,users_customuser,password,VARCHAR(255),string
drawSQL-pgsql-export-2026-02-09_pegasus,users_customuser,last_login,TIMESTAMP(0),date
drawSQL-pgsql-export-2026-02-09_pegasus,users_customuser,WITHOUT,TIME,date
drawSQL-pgsql-export-2026-02-09_pegasus,users_customuser,is_superuser,BOOLEAN,boolean
drawSQL-pgsql-export-2026-02-09_pegasus,users_customuser,username,VARCHAR(255),string
drawSQL-pgsql-export-2026-02-09_pegasus,users_customuser,first_name,VARCHAR(255),string
drawSQL-pgsql-export-2026-02-09_pegasus,users_customuser,last_name,VARCHAR(255),string
drawSQL-pgsql-export-2026-02-09_pegasus,users_customuser,email,VARCHAR(255),string
drawSQL-pgsql-export-2026-02-09_pegasus,users_customuser,is_staff,BOOLEAN,boolean
drawSQL-pgsql-export-2026-02-09_pegasus,users_customuser,is_active,BOOLEAN,boolean
drawSQL-pgsql-export-2026-02-09_pegasus,users_customuser,date_joined,TIMESTAMP(0),date
drawSQL-pgsql-export-2026-02-09_pegasus,users_customuser,WITHOUT,TIME,date
drawSQL-pgsql-export-2026-02-09_pegasus,users_customuser,ZONE,NOT,string
drawSQL-pgsql-export-2026-02-09_pegasus,users_customuser,avatar,VARCHAR(255),string
drawSQL-pgsql-export-2026-02-09_pegasus,users_customuser,customer_id,BIGINT,num
drawSQL-pgsql-export-2026-02-09_pegasus,users_customuser,subscription_id,BIGINT,num
drawSQL-pgsql-export-2026-02-09_pegasus,users_customuser_groups,id,INTEGER,num
drawSQL-pgsql-export-2026-02-09_pegasus,users_customuser_groups,customuser_id,INTEGER,num
drawSQL-pgsql-export-2026-02-09_pegasus,users_customuser_groups,group_id,INTEGER,num
drawSQL-pgsql-export-2026-02-09_pegasus,users_customuser_user_permissions,id,INTEGER,num
drawSQL-pgsql-export-2026-02-09_pegasus,users_customuser_user_permissions,customuser_id,INTEGER,num
drawSQL-pgsql-export-2026-02-09_pegasus,users_customuser_user_permissions,permission_id,INTEGER,num
