database_name	id	difficulty_tier	Num_tables	Num_joins	Num_subqueries	Max_nesting_depth	Num_aggs_plus_group_by	Advanced_feature_count
drawSQL-mysql-export-2026-01-13_cachet	1	EASY	1	0	0	1	1	0
drawSQL-mysql-export-2026-01-13_cachet	2	EASY	1	0	0	0	0	0
drawSQL-mysql-export-2026-01-13_cachet	3	EASY	1	0	0	1	1	0
drawSQL-mysql-export-2026-01-13_cachet	4	EASY	1	0	0	2	0	0
drawSQL-mysql-export-2026-01-13_cachet	5	EASY	1	0	0	1	1	0
drawSQL-mysql-export-2026-01-13_cachet	6	EASY	1	0	0	1	1	0
drawSQL-mysql-export-2026-01-13_cachet	7	EASY	1	0	0	0	0	0
drawSQL-mysql-export-2026-01-13_cachet	8	EASY	1	0	0	0	0	0
drawSQL-mysql-export-2026-01-13_cachet	9	MEDIUM	3	2	2	3	2	0
drawSQL-mysql-export-2026-01-13_cachet	10	MEDIUM	2	1	0	1	2	0
drawSQL-mysql-export-2026-01-13_cachet	11	MEDIUM	1	0	0	0	0	0
drawSQL-mysql-export-2026-01-13_cachet	12	MEDIUM	1	0	0	1	1	0
drawSQL-mysql-export-2026-01-13_cachet	13	MEDIUM	1	0	0	1	2	0
drawSQL-mysql-export-2026-01-13_cachet	14	MEDIUM	1	0	0	0	0	0
drawSQL-mysql-export-2026-01-13_cachet	15	MEDIUM	1	0	0	0	0	0
drawSQL-mysql-export-2026-01-13_cachet	16	MEDIUM	1	0	0	1	1	0
drawSQL-mysql-export-2026-01-13_cachet	17	HARD	2	1	0	0	0	0
drawSQL-mysql-export-2026-01-13_cachet	18	HARD	1	0	1	2	0	2
drawSQL-mysql-export-2026-01-13_cachet	19	HARD	1	0	0	1	1	0
drawSQL-mysql-export-2026-01-13_cachet	20	HARD	2	0	1	2	2	1
drawSQL-mysql-export-2026-01-13_cachet	21	HARD	1	0	0	1	1	1
drawSQL-mysql-export-2026-01-13_cachet	22	HARD	1	0	0	0	0	0
drawSQL-mysql-export-2026-01-13_cachet	23	HARD	3	2	0	0	0	0
drawSQL-mysql-export-2026-01-13_cachet	24	HARD	1	0	0	1	0	2
drawSQL-mysql-export-2026-01-13_comfy	25	EASY	1	0	0	1	1	0
drawSQL-mysql-export-2026-01-13_comfy	26	EASY	1	0	0	1	1	0
drawSQL-mysql-export-2026-01-13_comfy	27	EASY	1	0	0	0	0	0
drawSQL-mysql-export-2026-01-13_comfy	28	EASY	1	0	0	0	0	0
drawSQL-mysql-export-2026-01-13_comfy	29	EASY	1	0	0	0	0	0
drawSQL-mysql-export-2026-01-13_comfy	30	EASY	1	0	0	1	1	0
drawSQL-mysql-export-2026-01-13_comfy	31	EASY	1	0	0	0	0	0
drawSQL-mysql-export-2026-01-13_comfy	32	EASY	1	0	0	1	1	0
drawSQL-mysql-export-2026-01-13_comfy	33	MEDIUM	1	0	0	0	0	0
drawSQL-mysql-export-2026-01-13_comfy	34	MEDIUM	1	0	0	1	1	0
drawSQL-mysql-export-2026-01-13_comfy	35	MEDIUM	1	0	0	1	2	0
drawSQL-mysql-export-2026-01-13_comfy	36	MEDIUM	1	0	0	0	0	0
drawSQL-mysql-export-2026-01-13_comfy	37	MEDIUM	1	0	0	0	0	0
drawSQL-mysql-export-2026-01-13_comfy	38	MEDIUM	1	0	0	1	1	0
drawSQL-mysql-export-2026-01-13_comfy	39	MEDIUM	2	0	1	2	2	1
drawSQL-mysql-export-2026-01-13_comfy	40	MEDIUM	2	1	0	0	0	0
drawSQL-mysql-export-2026-01-13_comfy	41	HARD	2	1	0	0	0	0
drawSQL-mysql-export-2026-01-13_comfy	42	HARD	1	0	1	2	0	2
drawSQL-mysql-export-2026-01-13_comfy	43	HARD	1	0	0	1	1	0
drawSQL-mysql-export-2026-01-13_comfy	44	HARD	2	0	1	2	2	1
drawSQL-mysql-export-2026-01-13_comfy	45	HARD	1	0	0	1	1	1
drawSQL-mysql-export-2026-01-13_comfy	46	HARD	1	0	0	0	0	0
drawSQL-mysql-export-2026-01-13_comfy	47	HARD	3	2	0	0	0	0
drawSQL-mysql-export-2026-01-13_comfy	48	HARD	1	0	0	1	0	2
drawSQL-mysql-export-2026-01-13_koel	49	EASY	1	0	0	1	1	0
drawSQL-mysql-export-2026-01-13_koel	50	EASY	1	0	0	1	1	0
drawSQL-mysql-export-2026-01-13_koel	51	EASY	1	0	0	0	0	0
drawSQL-mysql-export-2026-01-13_koel	52	EASY	1	0	0	0	0	0
drawSQL-mysql-export-2026-01-13_koel	53	EASY	1	0	0	0	0	0
drawSQL-mysql-export-2026-01-13_koel	54	EASY	1	0	0	1	1	0
drawSQL-mysql-export-2026-01-13_koel	55	EASY	1	0	0	0	0	0
drawSQL-mysql-export-2026-01-13_koel	56	EASY	1	0	0	1	1	0
drawSQL-mysql-export-2026-01-13_koel	57	MEDIUM	1	0	0	0	0	0
drawSQL-mysql-export-2026-01-13_koel	58	MEDIUM	2	1	0	0	0	0
drawSQL-mysql-export-2026-01-13_koel	59	MEDIUM	1	0	0	1	1	0
drawSQL-mysql-export-2026-01-13_koel	60	MEDIUM	1	0	0	1	1	0
drawSQL-mysql-export-2026-01-13_koel	61	MEDIUM	2	0	1	1	0	0
drawSQL-mysql-export-2026-01-13_koel	62	MEDIUM	1	0	0	0	0	0
drawSQL-mysql-export-2026-01-13_koel	63	MEDIUM	1	0	0	1	1	0
drawSQL-mysql-export-2026-01-13_koel	64	MEDIUM	2	0	1	2	2	1
drawSQL-mysql-export-2026-01-13_koel	65	HARD	2	1	0	0	0	0
drawSQL-mysql-export-2026-01-13_koel	66	HARD	1	0	1	2	0	2
drawSQL-mysql-export-2026-01-13_koel	67	HARD	1	0	0	1	1	0
drawSQL-mysql-export-2026-01-13_koel	68	HARD	2	0	1	2	2	1
drawSQL-mysql-export-2026-01-13_koel	69	HARD	1	0	0	1	1	1
drawSQL-mysql-export-2026-01-13_koel	70	HARD	2	0	1	1	0	0
drawSQL-mysql-export-2026-01-13_koel	71	HARD	3	2	0	0	0	0
drawSQL-mysql-export-2026-01-13_koel	72	HARD	1	0	0	1	0	2
drawSQL-mysql-export-2026-01-13_laravelspark	73	EASY	1	0	0	1	1	0
drawSQL-mysql-export-2026-01-13_laravelspark	74	EASY	1	0	0	1	2	0
drawSQL-mysql-export-2026-01-13_laravelspark	75	EASY	1	0	0	1	1	0
drawSQL-mysql-export-2026-01-13_laravelspark	76	EASY	1	0	0	0	0	0
drawSQL-mysql-export-2026-01-13_laravelspark	77	EASY	1	0	0	0	0	0
drawSQL-mysql-export-2026-01-13_laravelspark	78	EASY	1	0	0	1	1	0
drawSQL-mysql-export-2026-01-13_laravelspark	79	EASY	1	0	0	0	0	0
drawSQL-mysql-export-2026-01-13_laravelspark	80	EASY	1	0	0	1	1	0
drawSQL-mysql-export-2026-01-13_laravelspark	81	MEDIUM	1	0	0	0	0	0
drawSQL-mysql-export-2026-01-13_laravelspark	82	MEDIUM	1	0	0	1	1	0
drawSQL-mysql-export-2026-01-13_laravelspark	83	MEDIUM	1	0	0	1	2	0
drawSQL-mysql-export-2026-01-13_laravelspark	84	MEDIUM	1	0	0	0	0	0
drawSQL-mysql-export-2026-01-13_laravelspark	85	MEDIUM	1	0	0	0	0	0
drawSQL-mysql-export-2026-01-13_laravelspark	86	MEDIUM	1	0	0	1	1	0
drawSQL-mysql-export-2026-01-13_laravelspark	87	MEDIUM	2	0	1	2	2	1
drawSQL-mysql-export-2026-01-13_laravelspark	88	MEDIUM	1	0	0	1	1	0
drawSQL-mysql-export-2026-01-13_laravelspark	89	HARD	2	1	0	0	0	0
drawSQL-mysql-export-2026-01-13_laravelspark	90	HARD	1	0	1	2	0	2
drawSQL-mysql-export-2026-01-13_laravelspark	91	HARD	1	0	0	1	1	0
drawSQL-mysql-export-2026-01-13_laravelspark	92	HARD	2	0	1	2	2	1
drawSQL-mysql-export-2026-01-13_laravelspark	93	HARD	1	0	0	1	1	1
drawSQL-mysql-export-2026-01-13_laravelspark	94	HARD	1	0	0	0	0	0
drawSQL-mysql-export-2026-01-13_laravelspark	95	HARD	3	2	0	0	0	0
drawSQL-mysql-export-2026-01-13_laravelspark	96	HARD	1	0	0	1	0	2
drawSQL-mysql-export-2026-01-13_permissions	97	EASY	1	0	0	1	1	0
drawSQL-mysql-export-2026-01-13_permissions	98	EASY	1	0	0	0	0	0
drawSQL-mysql-export-2026-01-13_permissions	99	EASY	1	0	0	0	0	0
drawSQL-mysql-export-2026-01-13_permissions	100	EASY	1	0	0	0	0	0
drawSQL-mysql-export-2026-01-13_permissions	101	EASY	1	0	0	1	1	0
drawSQL-mysql-export-2026-01-13_permissions	102	EASY	1	0	0	0	0	0
drawSQL-mysql-export-2026-01-13_permissions	103	EASY	1	0	0	1	1	0
drawSQL-mysql-export-2026-01-13_permissions	104	EASY	1	0	0	0	0	0
drawSQL-mysql-export-2026-01-13_permissions	105	MEDIUM	2	1	0	0	0	0
drawSQL-mysql-export-2026-01-13_permissions	106	MEDIUM	1	0	0	1	1	0
drawSQL-mysql-export-2026-01-13_permissions	107	MEDIUM	1	0	0	1	2	0
drawSQL-mysql-export-2026-01-13_permissions	108	MEDIUM	2	0	1	1	0	0
drawSQL-mysql-export-2026-01-13_permissions	109	MEDIUM	1	0	0	0	0	0
drawSQL-mysql-export-2026-01-13_permissions	110	MEDIUM	1	0	0	1	1	0
drawSQL-mysql-export-2026-01-13_permissions	111	MEDIUM	2	0	1	2	2	1
drawSQL-mysql-export-2026-01-13_permissions	112	MEDIUM	2	1	0	0	0	0
drawSQL-mysql-export-2026-01-13_permissions	113	HARD	2	1	0	0	0	0
drawSQL-mysql-export-2026-01-13_permissions	114	HARD	1	0	1	2	0	2
drawSQL-mysql-export-2026-01-13_permissions	115	HARD	1	0	0	1	1	0
drawSQL-mysql-export-2026-01-13_permissions	116	HARD	2	0	1	2	2	1
drawSQL-mysql-export-2026-01-13_permissions	117	HARD	1	0	0	1	1	1
drawSQL-mysql-export-2026-01-13_permissions	118	HARD	2	0	1	1	0	0
drawSQL-mysql-export-2026-01-13_permissions	119	HARD	3	2	0	0	0	0
drawSQL-mysql-export-2026-01-13_permissions	120	HARD	1	0	0	1	0	2
drawSQL-mysql-export-2026-01-13_refinery	121	EASY	1	0	0	1	1	0
drawSQL-mysql-export-2026-01-13_refinery	122	EASY	1	0	0	1	1	0
drawSQL-mysql-export-2026-01-13_refinery	123	EASY	1	0	0	0	0	0
drawSQL-mysql-export-2026-01-13_refinery	124	EASY	1	0	0	0	0	0
drawSQL-mysql-export-2026-01-13_refinery	125	EASY	1	0	0	0	0	0
drawSQL-mysql-export-2026-01-13_refinery	126	EASY	1	0	0	0	0	0
drawSQL-mysql-export-2026-01-13_refinery	127	EASY	1	0	0	1	1	0
drawSQL-mysql-export-2026-01-13_refinery	128	EASY	1	0	0	0	0	0
drawSQL-mysql-export-2026-01-13_refinery	129	MEDIUM	1	0	0	0	0	0
drawSQL-mysql-export-2026-01-13_refinery	130	MEDIUM	2	1	0	0	0	0
drawSQL-mysql-export-2026-01-13_refinery	131	MEDIUM	1	0	0	1	2	0
drawSQL-mysql-export-2026-01-13_refinery	132	MEDIUM	2	0	1	1	0	0
drawSQL-mysql-export-2026-01-13_refinery	133	MEDIUM	1	0	0	0	0	0
drawSQL-mysql-export-2026-01-13_refinery	134	MEDIUM	2	0	1	2	2	1
drawSQL-mysql-export-2026-01-13_refinery	135	MEDIUM	2	1	0	0	0	0
drawSQL-mysql-export-2026-01-13_refinery	136	MEDIUM	1	0	0	1	2	0
drawSQL-mysql-export-2026-01-13_refinery	137	HARD	3	2	0	0	0	0
drawSQL-mysql-export-2026-01-13_refinery	138	HARD	1	0	1	2	0	2
drawSQL-mysql-export-2026-01-13_refinery	139	HARD	2	0	1	2	1	0
drawSQL-mysql-export-2026-01-13_refinery	140	HARD	2	0	1	2	2	1
drawSQL-mysql-export-2026-01-13_refinery	141	HARD	2	0	1	1	0	0
drawSQL-mysql-export-2026-01-13_refinery	142	HARD	4	3	0	0	0	0
drawSQL-mysql-export-2026-01-13_refinery	143	HARD	1	0	0	1	0	2
drawSQL-mysql-export-2026-01-13_refinery	144	HARD	3	2	0	0	0	0
drawSQL-mysql-export-2026-01-13_snipe	145	EASY	1	0	0	1	1	0
drawSQL-mysql-export-2026-01-13_snipe	146	EASY	1	0	0	1	1	0
drawSQL-mysql-export-2026-01-13_snipe	147	EASY	1	0	0	0	0	0
drawSQL-mysql-export-2026-01-13_snipe	148	EASY	1	0	0	0	0	0
drawSQL-mysql-export-2026-01-13_snipe	149	EASY	1	0	0	0	0	0
drawSQL-mysql-export-2026-01-13_snipe	150	EASY	1	0	0	1	1	0
drawSQL-mysql-export-2026-01-13_snipe	151	EASY	1	0	0	0	0	0
drawSQL-mysql-export-2026-01-13_snipe	152	EASY	1	0	0	1	1	0
drawSQL-mysql-export-2026-01-13_snipe	153	MEDIUM	1	0	0	0	0	0
drawSQL-mysql-export-2026-01-13_snipe	154	MEDIUM	2	1	0	0	0	0
drawSQL-mysql-export-2026-01-13_snipe	155	MEDIUM	1	0	0	1	1	0
drawSQL-mysql-export-2026-01-13_snipe	156	MEDIUM	1	0	0	1	2	0
drawSQL-mysql-export-2026-01-13_snipe	157	MEDIUM	2	0	1	1	0	0
drawSQL-mysql-export-2026-01-13_snipe	158	MEDIUM	1	0	1	2	0	2
drawSQL-mysql-export-2026-01-13_snipe	159	MEDIUM	1	0	0	1	1	0
drawSQL-mysql-export-2026-01-13_snipe	160	MEDIUM	2	0	1	2	2	1
drawSQL-mysql-export-2026-01-13_snipe	161	HARD	3	2	0	0	0	0
drawSQL-mysql-export-2026-01-13_snipe	162	HARD	1	0	1	2	0	2
drawSQL-mysql-export-2026-01-13_snipe	163	HARD	1	0	0	1	1	0
drawSQL-mysql-export-2026-01-13_snipe	164	HARD	2	0	1	2	2	1
drawSQL-mysql-export-2026-01-13_snipe	165	HARD	1	0	0	1	1	1
drawSQL-mysql-export-2026-01-13_snipe	166	HARD	2	0	1	1	0	0
drawSQL-mysql-export-2026-01-13_snipe	167	HARD	4	3	0	0	0	0
drawSQL-mysql-export-2026-01-13_snipe	168	HARD	1	0	1	2	0	2
drawSQL-mysql-export-2026-01-13_stripe	169	EASY	1	0	0	0	0	0
drawSQL-mysql-export-2026-01-13_stripe	170	EASY	1	0	0	1	1	0
drawSQL-mysql-export-2026-01-13_stripe	171	EASY	1	0	0	1	1	0
drawSQL-mysql-export-2026-01-13_stripe	172	EASY	1	0	0	0	0	0
drawSQL-mysql-export-2026-01-13_stripe	173	EASY	1	0	0	0	0	0
drawSQL-mysql-export-2026-01-13_stripe	174	EASY	1	0	0	1	1	0
drawSQL-mysql-export-2026-01-13_stripe	175	EASY	1	0	0	0	0	0
drawSQL-mysql-export-2026-01-13_stripe	176	EASY	1	0	0	1	1	0
drawSQL-mysql-export-2026-01-13_stripe	177	MEDIUM	1	0	0	0	0	0
drawSQL-mysql-export-2026-01-13_stripe	178	MEDIUM	1	0	0	0	0	0
drawSQL-mysql-export-2026-01-13_stripe	179	MEDIUM	1	0	0	1	1	0
drawSQL-mysql-export-2026-01-13_stripe	180	MEDIUM	1	0	0	1	1	0
drawSQL-mysql-export-2026-01-13_stripe	181	MEDIUM	1	0	0	0	0	0
drawSQL-mysql-export-2026-01-13_stripe	182	MEDIUM	1	0	1	2	0	2
drawSQL-mysql-export-2026-01-13_stripe	183	MEDIUM	1	0	0	1	1	0
drawSQL-mysql-export-2026-01-13_stripe	184	MEDIUM	2	0	1	2	2	1
drawSQL-mysql-export-2026-01-13_stripe	185	HARD	2	1	0	0	0	0
drawSQL-mysql-export-2026-01-13_stripe	186	HARD	1	0	1	2	0	2
drawSQL-mysql-export-2026-01-13_stripe	187	HARD	1	0	0	1	1	0
drawSQL-mysql-export-2026-01-13_stripe	188	HARD	2	0	1	2	2	1
drawSQL-mysql-export-2026-01-13_stripe	189	HARD	1	0	0	1	1	1
drawSQL-mysql-export-2026-01-13_stripe	190	HARD	1	0	0	0	0	0
drawSQL-mysql-export-2026-01-13_stripe	191	HARD	3	2	0	0	0	0
drawSQL-mysql-export-2026-01-13_stripe	192	HARD	1	0	1	2	0	2
drawSQL-mysql-export-2026-01-13_ticket	193	EASY	1	0	0	0	0	0
drawSQL-mysql-export-2026-01-13_ticket	194	EASY	1	0	0	0	0	0
drawSQL-mysql-export-2026-01-13_ticket	195	EASY	1	0	0	1	1	0
drawSQL-mysql-export-2026-01-13_ticket	196	EASY	1	0	0	0	0	0
drawSQL-mysql-export-2026-01-13_ticket	197	EASY	1	0	0	0	0	0
drawSQL-mysql-export-2026-01-13_ticket	198	EASY	1	0	0	0	0	0
drawSQL-mysql-export-2026-01-13_ticket	199	EASY	1	0	0	1	1	0
drawSQL-mysql-export-2026-01-13_ticket	200	EASY	1	0	0	0	0	0
drawSQL-mysql-export-2026-01-13_ticket	201	MEDIUM	1	0	0	0	0	0
drawSQL-mysql-export-2026-01-13_ticket	202	MEDIUM	2	1	0	0	0	0
drawSQL-mysql-export-2026-01-13_ticket	203	MEDIUM	1	0	0	1	1	0
drawSQL-mysql-export-2026-01-13_ticket	204	MEDIUM	1	0	0	1	2	0
drawSQL-mysql-export-2026-01-13_ticket	205	MEDIUM	2	0	1	1	0	0
drawSQL-mysql-export-2026-01-13_ticket	206	MEDIUM	1	0	0	0	0	0
drawSQL-mysql-export-2026-01-13_ticket	207	MEDIUM	1	0	0	1	1	0
drawSQL-mysql-export-2026-01-13_ticket	208	MEDIUM	2	0	1	2	2	1
drawSQL-mysql-export-2026-01-13_ticket	209	HARD	2	1	0	0	0	0
drawSQL-mysql-export-2026-01-13_ticket	210	HARD	1	0	1	2	0	2
drawSQL-mysql-export-2026-01-13_ticket	211	HARD	1	0	0	1	1	0
drawSQL-mysql-export-2026-01-13_ticket	212	HARD	2	0	1	2	2	1
drawSQL-mysql-export-2026-01-13_ticket	213	HARD	1	0	0	1	1	1
drawSQL-mysql-export-2026-01-13_ticket	214	HARD	2	0	1	1	0	0
drawSQL-mysql-export-2026-01-13_ticket	215	HARD	3	2	0	0	0	0
drawSQL-mysql-export-2026-01-13_ticket	216	HARD	1	0	0	1	0	2
drawSQL-mysql-export-2026-01-13_voyager	217	EASY	1	0	0	1	1	0
drawSQL-mysql-export-2026-01-13_voyager	218	EASY	1	0	0	1	1	0
drawSQL-mysql-export-2026-01-13_voyager	219	EASY	1	0	0	0	0	0
drawSQL-mysql-export-2026-01-13_voyager	220	EASY	1	0	0	0	0	0
drawSQL-mysql-export-2026-01-13_voyager	221	EASY	1	0	0	1	1	0
drawSQL-mysql-export-2026-01-13_voyager	222	EASY	1	0	0	0	0	0
drawSQL-mysql-export-2026-01-13_voyager	223	EASY	1	0	0	1	1	0
drawSQL-mysql-export-2026-01-13_voyager	224	EASY	1	0	0	0	0	0
drawSQL-mysql-export-2026-01-13_voyager	225	MEDIUM	1	0	0	0	0	0
drawSQL-mysql-export-2026-01-13_voyager	226	MEDIUM	2	1	0	0	0	0
drawSQL-mysql-export-2026-01-13_voyager	227	MEDIUM	1	0	0	1	1	0
drawSQL-mysql-export-2026-01-13_voyager	228	MEDIUM	1	0	0	1	1	0
drawSQL-mysql-export-2026-01-13_voyager	229	MEDIUM	2	0	1	1	0	0
drawSQL-mysql-export-2026-01-13_voyager	230	MEDIUM	1	0	0	0	0	0
drawSQL-mysql-export-2026-01-13_voyager	231	MEDIUM	1	0	0	1	1	0
drawSQL-mysql-export-2026-01-13_voyager	232	MEDIUM	2	0	1	2	2	1
drawSQL-mysql-export-2026-01-13_voyager	233	HARD	3	2	0	0	0	0
drawSQL-mysql-export-2026-01-13_voyager	234	HARD	1	0	1	2	0	2
drawSQL-mysql-export-2026-01-13_voyager	235	HARD	1	0	0	1	1	0
drawSQL-mysql-export-2026-01-13_voyager	236	HARD	2	0	1	2	2	1
drawSQL-mysql-export-2026-01-13_voyager	237	HARD	1	0	0	1	1	1
drawSQL-mysql-export-2026-01-13_voyager	238	HARD	2	0	1	1	0	0
drawSQL-mysql-export-2026-01-13_voyager	239	HARD	3	2	0	0	0	0
drawSQL-mysql-export-2026-01-13_voyager	240	HARD	1	0	0	1	0	2
drawSQL-mysql-export-2026-01-13_wordpress	241	EASY	1	0	0	1	1	0
drawSQL-mysql-export-2026-01-13_wordpress	242	EASY	1	0	0	1	1	0
drawSQL-mysql-export-2026-01-13_wordpress	243	EASY	1	0	0	0	0	0
drawSQL-mysql-export-2026-01-13_wordpress	244	EASY	1	0	0	0	0	0
drawSQL-mysql-export-2026-01-13_wordpress	245	EASY	1	0	0	0	0	0
drawSQL-mysql-export-2026-01-13_wordpress	246	EASY	1	0	0	1	1	0
drawSQL-mysql-export-2026-01-13_wordpress	247	EASY	1	0	0	0	0	0
drawSQL-mysql-export-2026-01-13_wordpress	248	EASY	1	0	0	0	0	0
drawSQL-mysql-export-2026-01-13_wordpress	249	MEDIUM	1	0	0	0	0	0
drawSQL-mysql-export-2026-01-13_wordpress	250	MEDIUM	1	0	0	1	2	0
drawSQL-mysql-export-2026-01-13_wordpress	251	MEDIUM	1	0	0	0	0	0
drawSQL-mysql-export-2026-01-13_wordpress	252	MEDIUM	1	0	0	0	0	0
drawSQL-mysql-export-2026-01-13_wordpress	253	MEDIUM	2	0	1	2	2	1
drawSQL-mysql-export-2026-01-13_wordpress	254	MEDIUM	1	0	0	0	0	0
drawSQL-mysql-export-2026-01-13_wordpress	255	MEDIUM	1	0	0	1	2	0
drawSQL-mysql-export-2026-01-13_wordpress	256	MEDIUM	2	0	1	1	0	0
drawSQL-mysql-export-2026-01-13_wordpress	257	HARD	2	1	0	0	0	0
drawSQL-mysql-export-2026-01-13_wordpress	258	HARD	1	0	1	2	0	2
drawSQL-mysql-export-2026-01-13_wordpress	259	HARD	1	0	0	0	0	0
drawSQL-mysql-export-2026-01-13_wordpress	260	HARD	2	0	1	2	2	1
drawSQL-mysql-export-2026-01-13_wordpress	261	HARD	1	0	0	0	0	0
drawSQL-mysql-export-2026-01-13_wordpress	262	HARD	3	2	0	0	0	0
drawSQL-mysql-export-2026-01-13_wordpress	263	HARD	1	0	0	1	0	2
drawSQL-mysql-export-2026-01-13_wordpress	264	HARD	2	1	0	0	0	0
drawSQL-mysql-export-2026-02-02 _attendize	265	EASY	1	0	0	1	1	0
drawSQL-mysql-export-2026-02-02 _attendize	266	EASY	1	0	0	1	1	0
drawSQL-mysql-export-2026-02-02 _attendize	267	EASY	1	0	0	0	0	0
drawSQL-mysql-export-2026-02-02 _attendize	268	EASY	1	0	0	0	0	0
drawSQL-mysql-export-2026-02-02 _attendize	269	EASY	1	0	0	1	1	0
drawSQL-mysql-export-2026-02-02 _attendize	270	EASY	1	0	0	0	0	0
drawSQL-mysql-export-2026-02-02 _attendize	271	EASY	1	0	0	1	1	0
drawSQL-mysql-export-2026-02-02 _attendize	272	EASY	1	0	0	0	0	0
drawSQL-mysql-export-2026-02-02 _attendize	273	MEDIUM	1	0	0	0	0	0
drawSQL-mysql-export-2026-02-02 _attendize	274	MEDIUM	1	0	0	1	1	0
drawSQL-mysql-export-2026-02-02 _attendize	275	MEDIUM	1	0	0	1	2	0
drawSQL-mysql-export-2026-02-02 _attendize	276	MEDIUM	1	0	0	0	0	0
drawSQL-mysql-export-2026-02-02 _attendize	277	MEDIUM	1	0	0	0	0	0
drawSQL-mysql-export-2026-02-02 _attendize	278	MEDIUM	1	0	0	1	1	0
drawSQL-mysql-export-2026-02-02 _attendize	279	MEDIUM	2	0	1	2	2	1
drawSQL-mysql-export-2026-02-02 _attendize	280	MEDIUM	1	0	0	0	0	0
drawSQL-mysql-export-2026-02-02 _attendize	281	HARD	2	1	0	0	0	0
drawSQL-mysql-export-2026-02-02 _attendize	282	HARD	1	0	1	2	0	2
drawSQL-mysql-export-2026-02-02 _attendize	283	HARD	1	0	0	1	1	0
drawSQL-mysql-export-2026-02-02 _attendize	284	HARD	2	0	1	2	2	1
drawSQL-mysql-export-2026-02-02 _attendize	285	HARD	1	0	0	1	1	1
drawSQL-mysql-export-2026-02-02 _attendize	286	HARD	1	0	0	0	0	0
drawSQL-mysql-export-2026-02-02 _attendize	287	HARD	4	3	0	0	0	0
drawSQL-mysql-export-2026-02-02 _attendize	288	HARD	1	0	0	1	0	2
drawSQL-mysql-export-2026-02-02_activity_log	289	EASY	1	0	0	1	1	0
drawSQL-mysql-export-2026-02-02_activity_log	290	EASY	1	0	0	1	1	0
drawSQL-mysql-export-2026-02-02_activity_log	291	EASY	1	0	0	0	0	0
drawSQL-mysql-export-2026-02-02_activity_log	292	EASY	1	0	0	0	0	0
drawSQL-mysql-export-2026-02-02_activity_log	293	EASY	1	0	0	0	0	0
drawSQL-mysql-export-2026-02-02_activity_log	294	EASY	1	0	0	1	1	0
drawSQL-mysql-export-2026-02-02_activity_log	295	EASY	1	0	0	0	0	0
drawSQL-mysql-export-2026-02-02_activity_log	296	EASY	1	0	0	0	0	0
drawSQL-mysql-export-2026-02-02_activity_log	297	MEDIUM	1	0	0	0	0	0
drawSQL-mysql-export-2026-02-02_activity_log	298	MEDIUM	1	0	0	1	1	0
drawSQL-mysql-export-2026-02-02_activity_log	299	MEDIUM	1	0	0	1	2	0
drawSQL-mysql-export-2026-02-02_activity_log	300	MEDIUM	1	0	0	0	0	0
drawSQL-mysql-export-2026-02-02_activity_log	301	MEDIUM	1	0	1	2	0	2
drawSQL-mysql-export-2026-02-02_activity_log	302	MEDIUM	1	0	0	1	1	0
drawSQL-mysql-export-2026-02-02_activity_log	303	MEDIUM	2	0	1	2	2	1
drawSQL-mysql-export-2026-02-02_activity_log	304	MEDIUM	1	0	0	0	0	0
drawSQL-mysql-export-2026-02-02_activity_log	305	HARD	1	0	0	0	0	0
drawSQL-mysql-export-2026-02-02_activity_log	306	HARD	1	0	1	2	0	2
drawSQL-mysql-export-2026-02-02_activity_log	307	HARD	1	0	0	1	1	0
drawSQL-mysql-export-2026-02-02_activity_log	308	HARD	2	0	1	2	2	1
drawSQL-mysql-export-2026-02-02_activity_log	309	HARD	1	0	0	1	1	1
drawSQL-mysql-export-2026-02-02_activity_log	310	HARD	1	0	0	0	0	0
drawSQL-mysql-export-2026-02-02_activity_log	311	HARD	1	0	1	2	0	2
drawSQL-mysql-export-2026-02-02_activity_log	312	HARD	1	0	0	0	0	0
drawSQL-mysql-export-2026-02-02_akaunting	313	EASY	1	0	0	1	1	0
drawSQL-mysql-export-2026-02-02_akaunting	314	EASY	1	0	0	1	1	0
drawSQL-mysql-export-2026-02-02_akaunting	315	EASY	1	0	0	0	0	0
drawSQL-mysql-export-2026-02-02_akaunting	316	EASY	1	0	0	0	0	0
drawSQL-mysql-export-2026-02-02_akaunting	317	EASY	1	0	0	0	0	0
drawSQL-mysql-export-2026-02-02_akaunting	318	EASY	1	0	0	0	0	0
drawSQL-mysql-export-2026-02-02_akaunting	319	EASY	1	0	0	1	1	0
drawSQL-mysql-export-2026-02-02_akaunting	320	EASY	1	0	0	0	0	0
drawSQL-mysql-export-2026-02-02_akaunting	321	MEDIUM	1	0	0	0	0	0
drawSQL-mysql-export-2026-02-02_akaunting	322	MEDIUM	2	1	0	0	0	0
drawSQL-mysql-export-2026-02-02_akaunting	323	MEDIUM	1	0	0	1	1	0
drawSQL-mysql-export-2026-02-02_akaunting	324	MEDIUM	1	0	0	1	2	0
drawSQL-mysql-export-2026-02-02_akaunting	325	MEDIUM	2	0	1	1	0	0
drawSQL-mysql-export-2026-02-02_akaunting	326	MEDIUM	1	0	1	2	0	2
drawSQL-mysql-export-2026-02-02_akaunting	327	MEDIUM	1	0	0	1	1	0
drawSQL-mysql-export-2026-02-02_akaunting	328	MEDIUM	1	0	0	0	0	0
drawSQL-mysql-export-2026-02-02_akaunting	329	HARD	2	1	0	0	0	0
drawSQL-mysql-export-2026-02-02_akaunting	330	HARD	1	0	1	2	0	2
drawSQL-mysql-export-2026-02-02_akaunting	331	HARD	1	0	0	1	1	0
drawSQL-mysql-export-2026-02-02_akaunting	332	HARD	2	0	1	2	2	1
drawSQL-mysql-export-2026-02-02_akaunting	333	HARD	1	0	0	1	1	1
drawSQL-mysql-export-2026-02-02_akaunting	334	HARD	2	0	1	1	0	0
drawSQL-mysql-export-2026-02-02_akaunting	335	HARD	4	3	0	0	0	0
drawSQL-mysql-export-2026-02-02_akaunting	336	HARD	1	0	0	1	0	2
drawSQL-mysql-export-2026-02-02_authority	337	EASY	1	0	0	1	1	0
drawSQL-mysql-export-2026-02-02_authority	338	EASY	1	0	0	1	1	0
drawSQL-mysql-export-2026-02-02_authority	339	EASY	1	0	0	0	0	0
drawSQL-mysql-export-2026-02-02_authority	340	EASY	1	0	0	0	0	0
drawSQL-mysql-export-2026-02-02_authority	341	EASY	1	0	0	0	0	0
drawSQL-mysql-export-2026-02-02_authority	342	EASY	1	0	0	1	1	0
drawSQL-mysql-export-2026-02-02_authority	343	EASY	1	0	0	0	0	0
drawSQL-mysql-export-2026-02-02_authority	344	EASY	1	0	0	1	1	0
drawSQL-mysql-export-2026-02-02_authority	345	MEDIUM	1	0	0	0	0	0
drawSQL-mysql-export-2026-02-02_authority	346	MEDIUM	1	0	0	1	1	0
drawSQL-mysql-export-2026-02-02_authority	347	MEDIUM	1	0	0	1	2	0
drawSQL-mysql-export-2026-02-02_authority	348	MEDIUM	1	0	0	0	0	0
drawSQL-mysql-export-2026-02-02_authority	349	MEDIUM	1	0	1	2	0	2
drawSQL-mysql-export-2026-02-02_authority	350	MEDIUM	1	0	0	1	1	0
drawSQL-mysql-export-2026-02-02_authority	351	MEDIUM	2	0	1	2	2	1
drawSQL-mysql-export-2026-02-02_authority	352	MEDIUM	1	0	0	0	0	0
drawSQL-mysql-export-2026-02-02_authority	353	HARD	4	3	0	0	0	0
drawSQL-mysql-export-2026-02-02_authority	354	HARD	1	0	1	2	0	2
drawSQL-mysql-export-2026-02-02_authority	355	HARD	1	0	0	1	1	0
drawSQL-mysql-export-2026-02-02_authority	356	HARD	2	0	1	2	2	1
drawSQL-mysql-export-2026-02-02_authority	357	HARD	1	0	0	1	1	1
drawSQL-mysql-export-2026-02-02_authority	358	HARD	1	0	0	0	0	0
drawSQL-mysql-export-2026-02-02_authority	359	HARD	3	2	0	0	0	0
drawSQL-mysql-export-2026-02-02_authority	360	HARD	1	0	1	2	0	2
drawSQL-mysql-export-2026-02-02_bookstack	361	EASY	1	0	0	1	1	0
drawSQL-mysql-export-2026-02-02_bookstack	362	EASY	1	0	0	1	1	0
drawSQL-mysql-export-2026-02-02_bookstack	363	EASY	1	0	0	0	0	0
drawSQL-mysql-export-2026-02-02_bookstack	364	EASY	1	0	0	0	0	0
drawSQL-mysql-export-2026-02-02_bookstack	365	EASY	1	0	0	1	1	0
drawSQL-mysql-export-2026-02-02_bookstack	366	EASY	1	0	0	0	0	0
drawSQL-mysql-export-2026-02-02_bookstack	367	EASY	1	0	0	1	1	0
drawSQL-mysql-export-2026-02-02_bookstack	368	EASY	1	0	0	0	0	0
drawSQL-mysql-export-2026-02-02_bookstack	369	MEDIUM	1	0	0	0	0	0
drawSQL-mysql-export-2026-02-02_bookstack	370	MEDIUM	1	0	0	1	1	0
drawSQL-mysql-export-2026-02-02_bookstack	371	MEDIUM	1	0	0	1	2	0
drawSQL-mysql-export-2026-02-02_bookstack	372	MEDIUM	1	0	0	0	0	0
drawSQL-mysql-export-2026-02-02_bookstack	373	MEDIUM	1	0	1	2	0	2
drawSQL-mysql-export-2026-02-02_bookstack	374	MEDIUM	1	0	0	1	1	0
drawSQL-mysql-export-2026-02-02_bookstack	375	MEDIUM	2	0	1	2	2	1
drawSQL-mysql-export-2026-02-02_bookstack	376	MEDIUM	1	0	0	1	1	0
drawSQL-mysql-export-2026-02-02_bookstack	377	HARD	3	2	0	0	0	0
drawSQL-mysql-export-2026-02-02_bookstack	378	HARD	1	0	1	2	0	2
drawSQL-mysql-export-2026-02-02_bookstack	379	HARD	1	0	0	1	1	0
drawSQL-mysql-export-2026-02-02_bookstack	380	HARD	2	0	1	2	2	1
drawSQL-mysql-export-2026-02-02_bookstack	381	HARD	1	0	0	1	1	1
drawSQL-mysql-export-2026-02-02_bookstack	382	HARD	1	0	0	0	0	0
drawSQL-mysql-export-2026-02-02_bookstack	383	HARD	3	2	0	0	0	0
drawSQL-mysql-export-2026-02-02_bookstack	384	HARD	1	0	1	2	0	2
drawSQL-mysql-export-2026-02-02_cabot	385	EASY	1	0	0	1	1	0
drawSQL-mysql-export-2026-02-02_cabot	386	EASY	1	0	0	1	1	0
drawSQL-mysql-export-2026-02-02_cabot	387	EASY	1	0	0	0	0	0
drawSQL-mysql-export-2026-02-02_cabot	388	EASY	1	0	0	0	0	0
drawSQL-mysql-export-2026-02-02_cabot	389	EASY	1	0	0	0	0	0
drawSQL-mysql-export-2026-02-02_cabot	390	EASY	1	0	0	1	1	0
drawSQL-mysql-export-2026-02-02_cabot	391	EASY	1	0	0	0	0	0
drawSQL-mysql-export-2026-02-02_cabot	392	EASY	1	0	0	0	0	0
drawSQL-mysql-export-2026-02-02_cabot	393	MEDIUM	1	0	0	0	0	0
drawSQL-mysql-export-2026-02-02_cabot	394	MEDIUM	1	0	0	1	2	0
drawSQL-mysql-export-2026-02-02_cabot	395	MEDIUM	1	0	0	0	0	0
drawSQL-mysql-export-2026-02-02_cabot	396	MEDIUM	1	0	0	0	0	0
drawSQL-mysql-export-2026-02-02_cabot	397	MEDIUM	2	0	1	2	2	1
drawSQL-mysql-export-2026-02-02_cabot	398	MEDIUM	2	1	0	0	0	0
drawSQL-mysql-export-2026-02-02_cabot	399	MEDIUM	1	0	0	1	2	0
drawSQL-mysql-export-2026-02-02_cabot	400	MEDIUM	2	0	1	1	0	0
drawSQL-mysql-export-2026-02-02_cabot	401	HARD	1	0	0	0	0	0
drawSQL-mysql-export-2026-02-02_cabot	402	HARD	1	0	1	2	0	2
drawSQL-mysql-export-2026-02-02_cabot	403	HARD	2	0	1	2	1	0
drawSQL-mysql-export-2026-02-02_cabot	404	HARD	2	0	1	2	2	1
drawSQL-mysql-export-2026-02-02_cabot	405	HARD	1	0	0	0	0	0
drawSQL-mysql-export-2026-02-02_cabot	406	HARD	4	3	0	0	0	0
drawSQL-mysql-export-2026-02-02_cabot	407	HARD	1	0	0	1	0	2
drawSQL-mysql-export-2026-02-02_cabot	408	HARD	1	0	0	0	0	0
drawSQL-mysql-export-2026-02-02_django	409	EASY	1	0	0	1	1	0
drawSQL-mysql-export-2026-02-02_django	410	EASY	1	0	0	1	1	0
drawSQL-mysql-export-2026-02-02_django	411	EASY	1	0	0	0	0	0
drawSQL-mysql-export-2026-02-02_django	412	EASY	1	0	0	0	0	0
drawSQL-mysql-export-2026-02-02_django	413	EASY	1	0	0	0	0	0
drawSQL-mysql-export-2026-02-02_django	414	EASY	1	0	0	0	0	0
drawSQL-mysql-export-2026-02-02_django	415	EASY	1	0	0	1	1	0
drawSQL-mysql-export-2026-02-02_django	416	EASY	1	0	0	0	0	0
drawSQL-mysql-export-2026-02-02_django	417	MEDIUM	1	0	0	0	0	0
drawSQL-mysql-export-2026-02-02_django	418	MEDIUM	2	1	0	0	0	0
drawSQL-mysql-export-2026-02-02_django	419	MEDIUM	1	0	0	1	2	0
drawSQL-mysql-export-2026-02-02_django	420	MEDIUM	2	0	1	1	0	0
drawSQL-mysql-export-2026-02-02_django	421	MEDIUM	1	0	0	0	0	0
drawSQL-mysql-export-2026-02-02_django	422	MEDIUM	2	0	1	2	2	1
drawSQL-mysql-export-2026-02-02_django	423	MEDIUM	1	0	0	1	2	0
drawSQL-mysql-export-2026-02-02_django	424	MEDIUM	2	0	1	1	0	0
drawSQL-mysql-export-2026-02-02_django	425	HARD	3	2	0	0	0	0
drawSQL-mysql-export-2026-02-02_django	426	HARD	1	0	1	2	0	2
drawSQL-mysql-export-2026-02-02_django	427	HARD	1	0	0	0	0	0
drawSQL-mysql-export-2026-02-02_django	428	HARD	2	0	1	2	2	1
drawSQL-mysql-export-2026-02-02_django	429	HARD	2	0	1	1	0	0
drawSQL-mysql-export-2026-02-02_django	430	HARD	3	2	0	0	0	0
drawSQL-mysql-export-2026-02-02_django	431	HARD	1	0	0	1	0	2
drawSQL-mysql-export-2026-02-02_django	432	HARD	3	2	0	0	0	0
drawSQL-mysql-export-2026-02-02_flarum	433	EASY	1	0	0	1	1	0
drawSQL-mysql-export-2026-02-02_flarum	434	EASY	1	0	0	1	1	0
drawSQL-mysql-export-2026-02-02_flarum	435	EASY	1	0	0	0	0	0
drawSQL-mysql-export-2026-02-02_flarum	436	EASY	1	0	0	0	0	0
drawSQL-mysql-export-2026-02-02_flarum	437	EASY	1	0	0	1	1	0
drawSQL-mysql-export-2026-02-02_flarum	438	EASY	1	0	0	0	0	0
drawSQL-mysql-export-2026-02-02_flarum	439	EASY	1	0	0	1	1	0
drawSQL-mysql-export-2026-02-02_flarum	440	EASY	1	0	0	0	0	0
drawSQL-mysql-export-2026-02-02_flarum	441	MEDIUM	1	0	0	0	0	0
drawSQL-mysql-export-2026-02-02_flarum	442	MEDIUM	1	0	0	1	1	0
drawSQL-mysql-export-2026-02-02_flarum	443	MEDIUM	1	0	0	1	2	0
drawSQL-mysql-export-2026-02-02_flarum	444	MEDIUM	1	0	0	0	0	0
drawSQL-mysql-export-2026-02-02_flarum	445	MEDIUM	1	0	0	0	0	0
drawSQL-mysql-export-2026-02-02_flarum	446	MEDIUM	1	0	0	1	1	0
drawSQL-mysql-export-2026-02-02_flarum	447	MEDIUM	2	0	1	2	2	1
drawSQL-mysql-export-2026-02-02_flarum	448	MEDIUM	1	0	0	1	1	0
drawSQL-mysql-export-2026-02-02_flarum	449	HARD	2	1	0	0	0	0
drawSQL-mysql-export-2026-02-02_flarum	450	HARD	1	0	1	2	0	2
drawSQL-mysql-export-2026-02-02_flarum	451	HARD	1	0	0	1	1	0
drawSQL-mysql-export-2026-02-02_flarum	452	HARD	2	0	1	2	2	1
drawSQL-mysql-export-2026-02-02_flarum	453	HARD	1	0	0	1	1	1
drawSQL-mysql-export-2026-02-02_flarum	454	HARD	1	0	0	0	0	0
drawSQL-mysql-export-2026-02-02_flarum	455	HARD	3	2	0	0	0	0
drawSQL-mysql-export-2026-02-02_flarum	456	HARD	1	0	0	1	0	2
drawSQL-mysql-export-2026-02-02_healthchecks	457	EASY	1	0	0	1	1	0
drawSQL-mysql-export-2026-02-02_healthchecks	458	EASY	1	0	0	1	2	0
drawSQL-mysql-export-2026-02-02_healthchecks	459	EASY	1	0	0	1	1	0
drawSQL-mysql-export-2026-02-02_healthchecks	460	EASY	1	0	0	0	0	0
drawSQL-mysql-export-2026-02-02_healthchecks	461	EASY	1	0	0	0	0	0
drawSQL-mysql-export-2026-02-02_healthchecks	462	EASY	1	0	0	1	1	0
drawSQL-mysql-export-2026-02-02_healthchecks	463	EASY	1	0	0	0	0	0
drawSQL-mysql-export-2026-02-02_healthchecks	464	EASY	1	0	0	1	1	0
drawSQL-mysql-export-2026-02-02_healthchecks	465	MEDIUM	1	0	0	0	0	0
drawSQL-mysql-export-2026-02-02_healthchecks	466	MEDIUM	1	0	0	1	1	0
drawSQL-mysql-export-2026-02-02_healthchecks	467	MEDIUM	1	0	0	1	2	0
drawSQL-mysql-export-2026-02-02_healthchecks	468	MEDIUM	1	0	0	0	0	0
drawSQL-mysql-export-2026-02-02_healthchecks	469	MEDIUM	1	0	0	0	0	0
drawSQL-mysql-export-2026-02-02_healthchecks	470	MEDIUM	1	0	0	1	1	0
drawSQL-mysql-export-2026-02-02_healthchecks	471	MEDIUM	2	0	1	2	2	1
drawSQL-mysql-export-2026-02-02_healthchecks	472	MEDIUM	2	1	0	0	0	0
drawSQL-mysql-export-2026-02-02_healthchecks	473	HARD	2	1	0	0	0	0
drawSQL-mysql-export-2026-02-02_healthchecks	474	HARD	1	0	1	2	0	2
drawSQL-mysql-export-2026-02-02_healthchecks	475	HARD	1	0	0	1	1	0
drawSQL-mysql-export-2026-02-02_healthchecks	476	HARD	2	0	1	2	2	1
drawSQL-mysql-export-2026-02-02_healthchecks	477	HARD	1	0	0	1	1	1
drawSQL-mysql-export-2026-02-02_healthchecks	478	HARD	1	0	0	0	0	0
drawSQL-mysql-export-2026-02-02_healthchecks	479	HARD	3	2	0	0	0	0
drawSQL-mysql-export-2026-02-02_healthchecks	480	HARD	1	0	0	1	0	2
drawSQL-mysql-export-2026-02-02_monica	481	EASY	1	0	0	1	1	0
drawSQL-mysql-export-2026-02-02_monica	482	EASY	1	0	0	0	0	0
drawSQL-mysql-export-2026-02-02_monica	483	EASY	1	0	0	1	1	0
drawSQL-mysql-export-2026-02-02_monica	484	EASY	1	0	0	0	0	0
drawSQL-mysql-export-2026-02-02_monica	485	EASY	1	0	0	0	0	0
drawSQL-mysql-export-2026-02-02_monica	486	EASY	1	0	0	1	1	0
drawSQL-mysql-export-2026-02-02_monica	487	EASY	1	0	0	0	0	0
drawSQL-mysql-export-2026-02-02_monica	488	EASY	1	0	0	1	1	0
drawSQL-mysql-export-2026-02-02_monica	489	MEDIUM	1	0	0	0	0	0
drawSQL-mysql-export-2026-02-02_monica	490	MEDIUM	2	1	0	0	0	0
drawSQL-mysql-export-2026-02-02_monica	491	MEDIUM	1	0	0	1	1	0
drawSQL-mysql-export-2026-02-02_monica	492	MEDIUM	1	0	0	1	2	0
drawSQL-mysql-export-2026-02-02_monica	493	MEDIUM	2	0	1	1	0	0
drawSQL-mysql-export-2026-02-02_monica	494	MEDIUM	1	0	0	0	0	0
drawSQL-mysql-export-2026-02-02_monica	495	MEDIUM	1	0	0	1	1	0
drawSQL-mysql-export-2026-02-02_monica	496	MEDIUM	2	0	1	2	2	1
drawSQL-mysql-export-2026-02-02_monica	497	HARD	2	1	0	0	0	0
drawSQL-mysql-export-2026-02-02_monica	498	HARD	1	0	1	2	0	2
drawSQL-mysql-export-2026-02-02_monica	499	HARD	1	0	0	1	1	0
drawSQL-mysql-export-2026-02-02_monica	500	HARD	2	0	1	2	2	1
drawSQL-mysql-export-2026-02-02_monica	501	HARD	1	0	0	1	1	1
drawSQL-mysql-export-2026-02-02_monica	502	HARD	2	0	1	1	0	0
drawSQL-mysql-export-2026-02-02_monica	503	HARD	3	2	0	0	0	0
drawSQL-mysql-export-2026-02-02_monica	504	HARD	1	0	0	1	0	2
drawSQL-mysql-export-2026-02-02_reversion	505	EASY	1	0	0	1	1	0
drawSQL-mysql-export-2026-02-02_reversion	506	EASY	1	0	0	1	1	0
drawSQL-mysql-export-2026-02-02_reversion	507	EASY	1	0	0	0	0	0
drawSQL-mysql-export-2026-02-02_reversion	508	EASY	1	0	0	0	0	0
drawSQL-mysql-export-2026-02-02_reversion	509	EASY	1	0	0	1	1	0
drawSQL-mysql-export-2026-02-02_reversion	510	EASY	1	0	0	0	0	0
drawSQL-mysql-export-2026-02-02_reversion	511	EASY	1	0	0	0	0	0
drawSQL-mysql-export-2026-02-02_reversion	512	EASY	1	0	0	1	1	0
drawSQL-mysql-export-2026-02-02_reversion	513	MEDIUM	1	0	0	0	0	0
drawSQL-mysql-export-2026-02-02_reversion	514	MEDIUM	2	1	0	0	0	0
drawSQL-mysql-export-2026-02-02_reversion	515	MEDIUM	2	0	1	1	0	0
drawSQL-mysql-export-2026-02-02_reversion	516	MEDIUM	1	0	0	0	0	0
drawSQL-mysql-export-2026-02-02_reversion	517	MEDIUM	1	0	0	0	0	0
drawSQL-mysql-export-2026-02-02_reversion	518	MEDIUM	2	1	0	0	0	0
drawSQL-mysql-export-2026-02-02_reversion	519	MEDIUM	1	0	0	1	1	0
drawSQL-mysql-export-2026-02-02_reversion	520	MEDIUM	1	0	0	1	2	0
drawSQL-mysql-export-2026-02-02_reversion	521	HARD	3	2	0	0	0	0
drawSQL-mysql-export-2026-02-02_reversion	522	HARD	1	0	1	2	0	2
drawSQL-mysql-export-2026-02-02_reversion	523	HARD	1	0	0	0	0	0
drawSQL-mysql-export-2026-02-02_reversion	524	HARD	2	0	1	2	2	1
drawSQL-mysql-export-2026-02-02_reversion	525	HARD	2	0	1	1	0	0
drawSQL-mysql-export-2026-02-02_reversion	526	HARD	3	2	0	0	0	0
drawSQL-mysql-export-2026-02-02_reversion	527	HARD	1	0	0	1	0	2
drawSQL-mysql-export-2026-02-02_reversion	528	HARD	3	2	0	0	0	0
drawSQL-mysql-export-2026-02-02_robots	529	EASY	1	0	0	1	1	0
drawSQL-mysql-export-2026-02-02_robots	530	EASY	1	0	0	0	0	0
drawSQL-mysql-export-2026-02-02_robots	531	EASY	1	0	0	0	0	0
drawSQL-mysql-export-2026-02-02_robots	532	EASY	1	0	0	0	0	0
drawSQL-mysql-export-2026-02-02_robots	533	EASY	1	0	0	1	1	0
drawSQL-mysql-export-2026-02-02_robots	534	EASY	1	0	0	0	0	0
drawSQL-mysql-export-2026-02-02_robots	535	EASY	1	0	0	0	0	0
drawSQL-mysql-export-2026-02-02_robots	536	EASY	1	0	0	0	0	0
drawSQL-mysql-export-2026-02-02_robots	537	MEDIUM	2	1	0	0	0	0
drawSQL-mysql-export-2026-02-02_robots	538	MEDIUM	1	0	0	1	2	0
drawSQL-mysql-export-2026-02-02_robots	539	MEDIUM	2	0	1	1	0	0
drawSQL-mysql-export-2026-02-02_robots	540	MEDIUM	1	0	0	0	0	0
drawSQL-mysql-export-2026-02-02_robots	541	MEDIUM	2	0	1	2	2	1
drawSQL-mysql-export-2026-02-02_robots	542	MEDIUM	1	0	0	1	2	0
drawSQL-mysql-export-2026-02-02_robots	543	MEDIUM	2	0	1	1	0	0
drawSQL-mysql-export-2026-02-02_robots	544	MEDIUM	1	0	0	0	0	0
drawSQL-mysql-export-2026-02-02_robots	545	HARD	3	2	0	0	0	0
drawSQL-mysql-export-2026-02-02_robots	546	HARD	1	0	1	2	0	2
drawSQL-mysql-export-2026-02-02_robots	547	HARD	1	0	0	0	0	0
drawSQL-mysql-export-2026-02-02_robots	548	HARD	2	0	1	2	2	1
drawSQL-mysql-export-2026-02-02_robots	549	HARD	2	0	1	1	0	0
drawSQL-mysql-export-2026-02-02_robots	550	HARD	3	2	0	0	0	0
drawSQL-mysql-export-2026-02-02_robots	551	HARD	1	0	0	1	0	2
drawSQL-mysql-export-2026-02-02_robots	552	HARD	3	2	0	0	0	0
drawSQL-mysql-export-2026-02-02_silk	553	EASY	1	0	0	1	1	0
drawSQL-mysql-export-2026-02-02_silk	554	EASY	1	0	0	0	0	0
drawSQL-mysql-export-2026-02-02_silk	555	EASY	1	0	0	0	0	0
drawSQL-mysql-export-2026-02-02_silk	556	EASY	1	0	0	0	0	0
drawSQL-mysql-export-2026-02-02_silk	557	EASY	1	0	0	1	1	0
drawSQL-mysql-export-2026-02-02_silk	558	EASY	1	0	0	0	0	0
drawSQL-mysql-export-2026-02-02_silk	559	EASY	1	0	0	1	1	0
drawSQL-mysql-export-2026-02-02_silk	560	EASY	1	0	0	0	0	0
drawSQL-mysql-export-2026-02-02_silk	561	MEDIUM	2	1	0	0	0	0
drawSQL-mysql-export-2026-02-02_silk	562	MEDIUM	1	0	0	1	1	0
drawSQL-mysql-export-2026-02-02_silk	563	MEDIUM	1	0	0	1	2	0
drawSQL-mysql-export-2026-02-02_silk	564	MEDIUM	2	0	1	1	0	0
drawSQL-mysql-export-2026-02-02_silk	565	MEDIUM	1	0	0	0	0	0
drawSQL-mysql-export-2026-02-02_silk	566	MEDIUM	1	0	0	1	1	0
drawSQL-mysql-export-2026-02-02_silk	567	MEDIUM	2	0	1	2	2	1
drawSQL-mysql-export-2026-02-02_silk	568	MEDIUM	1	0	0	1	2	0
drawSQL-mysql-export-2026-02-02_silk	569	HARD	2	1	0	0	0	0
drawSQL-mysql-export-2026-02-02_silk	570	HARD	1	0	1	2	0	2
drawSQL-mysql-export-2026-02-02_silk	571	HARD	1	0	0	1	1	0
drawSQL-mysql-export-2026-02-02_silk	572	HARD	2	0	1	2	2	1
drawSQL-mysql-export-2026-02-02_silk	573	HARD	1	0	0	1	1	1
drawSQL-mysql-export-2026-02-02_silk	574	HARD	2	0	1	1	0	0
drawSQL-mysql-export-2026-02-02_silk	575	HARD	3	2	0	0	0	0
drawSQL-mysql-export-2026-02-02_silk	576	HARD	1	0	0	1	0	2
drawSQL-mysql-export-2026-02-02_taggit	577	EASY	1	0	0	1	1	0
drawSQL-mysql-export-2026-02-02_taggit	578	EASY	1	0	0	0	0	0
drawSQL-mysql-export-2026-02-02_taggit	579	EASY	1	0	0	0	0	0
drawSQL-mysql-export-2026-02-02_taggit	580	EASY	1	0	0	0	0	0
drawSQL-mysql-export-2026-02-02_taggit	581	EASY	1	0	0	0	0	0
drawSQL-mysql-export-2026-02-02_taggit	582	EASY	1	0	0	1	1	0
drawSQL-mysql-export-2026-02-02_taggit	583	EASY	1	0	0	0	0	0
drawSQL-mysql-export-2026-02-02_taggit	584	EASY	1	0	0	0	0	0
drawSQL-mysql-export-2026-02-02_taggit	585	MEDIUM	2	1	0	0	0	0
drawSQL-mysql-export-2026-02-02_taggit	586	MEDIUM	1	0	0	1	2	0
drawSQL-mysql-export-2026-02-02_taggit	587	MEDIUM	2	0	1	1	0	0
drawSQL-mysql-export-2026-02-02_taggit	588	MEDIUM	1	0	0	0	0	0
drawSQL-mysql-export-2026-02-02_taggit	589	MEDIUM	2	0	1	2	2	1
drawSQL-mysql-export-2026-02-02_taggit	590	MEDIUM	1	0	0	1	2	0
drawSQL-mysql-export-2026-02-02_taggit	591	MEDIUM	2	0	1	1	0	0
drawSQL-mysql-export-2026-02-02_taggit	592	MEDIUM	1	0	0	0	0	0
drawSQL-mysql-export-2026-02-02_taggit	593	HARD	2	1	0	0	0	0
drawSQL-mysql-export-2026-02-02_taggit	594	HARD	1	0	1	2	0	2
drawSQL-mysql-export-2026-02-02_taggit	595	HARD	1	0	0	0	0	0
drawSQL-mysql-export-2026-02-02_taggit	596	HARD	2	0	1	2	2	1
drawSQL-mysql-export-2026-02-02_taggit	597	HARD	2	0	1	1	0	0
drawSQL-mysql-export-2026-02-02_taggit	598	HARD	1	0	0	1	0	2
drawSQL-mysql-export-2026-02-02_taggit	599	HARD	2	1	0	0	0	0
drawSQL-mysql-export-2026-02-02_taggit	600	HARD	1	0	1	2	0	2
drawSQL-mysql-export-2026-02-02_two_factor_auth	601	EASY	1	0	0	1	1	0
drawSQL-mysql-export-2026-02-02_two_factor_auth	602	EASY	1	0	0	1	1	0
drawSQL-mysql-export-2026-02-02_two_factor_auth	603	EASY	1	0	0	0	0	0
drawSQL-mysql-export-2026-02-02_two_factor_auth	604	EASY	1	0	0	0	0	0
drawSQL-mysql-export-2026-02-02_two_factor_auth	605	EASY	1	0	0	0	0	0
drawSQL-mysql-export-2026-02-02_two_factor_auth	606	EASY	1	0	0	1	1	0
drawSQL-mysql-export-2026-02-02_two_factor_auth	607	EASY	1	0	0	0	0	0
drawSQL-mysql-export-2026-02-02_two_factor_auth	608	EASY	1	0	0	1	1	0
drawSQL-mysql-export-2026-02-02_two_factor_auth	609	MEDIUM	1	0	0	0	0	0
drawSQL-mysql-export-2026-02-02_two_factor_auth	610	MEDIUM	2	1	0	0	0	0
drawSQL-mysql-export-2026-02-02_two_factor_auth	611	MEDIUM	1	0	0	1	1	0
drawSQL-mysql-export-2026-02-02_two_factor_auth	612	MEDIUM	1	0	0	1	1	0
drawSQL-mysql-export-2026-02-02_two_factor_auth	613	MEDIUM	2	0	1	1	0	0
drawSQL-mysql-export-2026-02-02_two_factor_auth	614	MEDIUM	1	0	0	0	0	0
drawSQL-mysql-export-2026-02-02_two_factor_auth	615	MEDIUM	1	0	0	1	1	0
drawSQL-mysql-export-2026-02-02_two_factor_auth	616	MEDIUM	2	0	1	2	2	1
drawSQL-mysql-export-2026-02-02_two_factor_auth	617	HARD	2	1	0	0	0	0
drawSQL-mysql-export-2026-02-02_two_factor_auth	618	HARD	1	0	1	2	0	2
drawSQL-mysql-export-2026-02-02_two_factor_auth	619	HARD	1	0	0	1	1	0
drawSQL-mysql-export-2026-02-02_two_factor_auth	620	HARD	2	0	1	2	2	1
drawSQL-mysql-export-2026-02-02_two_factor_auth	621	HARD	1	0	0	1	1	1
drawSQL-mysql-export-2026-02-02_two_factor_auth	622	HARD	2	0	1	1	0	0
drawSQL-mysql-export-2026-02-02_two_factor_auth	623	HARD	1	0	0	1	0	2
drawSQL-mysql-export-2026-02-02_two_factor_auth	624	HARD	2	1	0	0	0	0
drawSQL-mysql-export-2026-02-02_user_sessions	625	EASY	1	0	0	1	1	0
drawSQL-mysql-export-2026-02-02_user_sessions	626	EASY	1	0	0	1	1	0
drawSQL-mysql-export-2026-02-02_user_sessions	627	EASY	1	0	0	0	0	0
drawSQL-mysql-export-2026-02-02_user_sessions	628	EASY	1	0	0	0	0	0
drawSQL-mysql-export-2026-02-02_user_sessions	629	EASY	1	0	0	0	0	0
drawSQL-mysql-export-2026-02-02_user_sessions	630	EASY	1	0	0	1	1	0
drawSQL-mysql-export-2026-02-02_user_sessions	631	EASY	1	0	0	0	0	0
drawSQL-mysql-export-2026-02-02_user_sessions	632	EASY	1	0	0	0	0	0
drawSQL-mysql-export-2026-02-02_user_sessions	633	MEDIUM	1	0	0	0	0	0
drawSQL-mysql-export-2026-02-02_user_sessions	634	MEDIUM	2	1	0	0	0	0
drawSQL-mysql-export-2026-02-02_user_sessions	635	MEDIUM	1	0	0	1	1	0
drawSQL-mysql-export-2026-02-02_user_sessions	636	MEDIUM	1	0	0	1	1	0
drawSQL-mysql-export-2026-02-02_user_sessions	637	MEDIUM	2	0	1	1	0	0
drawSQL-mysql-export-2026-02-02_user_sessions	638	MEDIUM	1	0	0	0	0	0
drawSQL-mysql-export-2026-02-02_user_sessions	639	MEDIUM	1	0	0	1	1	0
drawSQL-mysql-export-2026-02-02_user_sessions	640	MEDIUM	2	0	1	2	2	1
drawSQL-mysql-export-2026-02-02_user_sessions	641	HARD	2	1	0	0	0	0
drawSQL-mysql-export-2026-02-02_user_sessions	642	HARD	1	0	1	2	0	2
drawSQL-mysql-export-2026-02-02_user_sessions	643	HARD	1	0	0	1	1	0
drawSQL-mysql-export-2026-02-02_user_sessions	644	HARD	2	0	1	2	2	1
drawSQL-mysql-export-2026-02-02_user_sessions	645	HARD	1	0	0	1	1	1
drawSQL-mysql-export-2026-02-02_user_sessions	646	HARD	2	0	1	1	0	0
drawSQL-mysql-export-2026-02-02_user_sessions	647	HARD	1	0	0	1	0	2
drawSQL-mysql-export-2026-02-02_user_sessions	648	HARD	2	1	0	0	0	0
drawSQL-mysql-export-2026-02-02_wagtail	649	EASY	1	0	0	1	1	0
drawSQL-mysql-export-2026-02-02_wagtail	650	EASY	1	0	0	1	1	0
drawSQL-mysql-export-2026-02-02_wagtail	651	EASY	1	0	0	0	0	0
drawSQL-mysql-export-2026-02-02_wagtail	652	EASY	1	0	0	0	0	0
drawSQL-mysql-export-2026-02-02_wagtail	653	EASY	1	0	0	0	0	0
drawSQL-mysql-export-2026-02-02_wagtail	654	EASY	1	0	0	0	0	0
drawSQL-mysql-export-2026-02-02_wagtail	655	EASY	1	0	0	1	1	0
drawSQL-mysql-export-2026-02-02_wagtail	656	EASY	1	0	0	0	0	0
drawSQL-mysql-export-2026-02-02_wagtail	657	MEDIUM	1	0	0	0	0	0
drawSQL-mysql-export-2026-02-02_wagtail	658	MEDIUM	2	1	0	0	0	0
drawSQL-mysql-export-2026-02-02_wagtail	659	MEDIUM	1	0	0	1	2	0
drawSQL-mysql-export-2026-02-02_wagtail	660	MEDIUM	2	0	1	1	0	0
drawSQL-mysql-export-2026-02-02_wagtail	661	MEDIUM	1	0	0	0	0	0
drawSQL-mysql-export-2026-02-02_wagtail	662	MEDIUM	2	0	1	2	2	1
drawSQL-mysql-export-2026-02-02_wagtail	663	MEDIUM	1	0	0	1	2	0
drawSQL-mysql-export-2026-02-02_wagtail	664	MEDIUM	2	0	1	1	0	0
drawSQL-mysql-export-2026-02-02_wagtail	665	HARD	2	1	0	0	0	0
drawSQL-mysql-export-2026-02-02_wagtail	666	HARD	1	0	1	2	0	2
drawSQL-mysql-export-2026-02-02_wagtail	667	HARD	1	0	0	0	0	0
drawSQL-mysql-export-2026-02-02_wagtail	668	HARD	2	0	1	2	2	1
drawSQL-mysql-export-2026-02-02_wagtail	669	HARD	2	0	1	1	0	0
drawSQL-mysql-export-2026-02-02_wagtail	670	HARD	3	2	0	0	0	0
drawSQL-mysql-export-2026-02-02_wagtail	671	HARD	1	0	0	1	0	2
drawSQL-mysql-export-2026-02-02_wagtail	672	HARD	2	1	0	0	0	0
drawSQL-mysql-export-2026-02-03 _cms	673	EASY	1	0	0	1	1	0
drawSQL-mysql-export-2026-02-03 _cms	674	EASY	1	0	0	0	0	0
drawSQL-mysql-export-2026-02-03 _cms	675	EASY	1	0	0	0	0	0
drawSQL-mysql-export-2026-02-03 _cms	676	EASY	1	0	0	1	1	0
drawSQL-mysql-export-2026-02-03 _cms	677	EASY	1	0	0	0	0	0
drawSQL-mysql-export-2026-02-03 _cms	678	EASY	1	0	0	1	1	0
drawSQL-mysql-export-2026-02-03 _cms	679	EASY	1	0	0	0	0	0
drawSQL-mysql-export-2026-02-03 _cms	680	EASY	1	0	0	0	0	0
drawSQL-mysql-export-2026-02-03 _cms	681	MEDIUM	2	1	0	0	0	0
drawSQL-mysql-export-2026-02-03 _cms	682	MEDIUM	1	0	0	1	1	0
drawSQL-mysql-export-2026-02-03 _cms	683	MEDIUM	1	0	0	1	2	0
drawSQL-mysql-export-2026-02-03 _cms	684	MEDIUM	2	0	1	1	0	0
drawSQL-mysql-export-2026-02-03 _cms	685	MEDIUM	1	0	1	2	0	2
drawSQL-mysql-export-2026-02-03 _cms	686	MEDIUM	1	0	0	1	1	0
drawSQL-mysql-export-2026-02-03 _cms	687	MEDIUM	2	0	1	2	2	1
drawSQL-mysql-export-2026-02-03 _cms	688	MEDIUM	2	1	0	0	0	0
drawSQL-mysql-export-2026-02-03 _cms	689	HARD	4	3	0	0	0	0
drawSQL-mysql-export-2026-02-03 _cms	690	HARD	1	0	1	2	0	2
drawSQL-mysql-export-2026-02-03 _cms	691	HARD	1	0	0	1	1	0
drawSQL-mysql-export-2026-02-03 _cms	692	HARD	2	0	1	2	2	1
drawSQL-mysql-export-2026-02-03 _cms	693	HARD	1	0	0	1	1	1
drawSQL-mysql-export-2026-02-03 _cms	694	HARD	2	0	1	1	0	0
drawSQL-mysql-export-2026-02-03 _cms	695	HARD	3	2	0	0	0	0
drawSQL-mysql-export-2026-02-03 _cms	696	HARD	1	0	1	2	0	2
drawSQL-mysql-export-2026-02-03_airbnb	697	EASY	1	0	0	0	0	0
drawSQL-mysql-export-2026-02-03_airbnb	698	EASY	1	0	0	1	1	0
drawSQL-mysql-export-2026-02-03_airbnb	699	EASY	1	0	0	1	1	0
drawSQL-mysql-export-2026-02-03_airbnb	700	EASY	1	0	0	0	0	0
drawSQL-mysql-export-2026-02-03_airbnb	701	EASY	1	0	0	0	0	0
drawSQL-mysql-export-2026-02-03_airbnb	702	EASY	1	0	0	0	0	0
drawSQL-mysql-export-2026-02-03_airbnb	703	EASY	1	0	0	1	1	0
drawSQL-mysql-export-2026-02-03_airbnb	704	EASY	1	0	0	0	0	0
drawSQL-mysql-export-2026-02-03_airbnb	705	MEDIUM	1	0	0	1	1	0
drawSQL-mysql-export-2026-02-03_airbnb	706	MEDIUM	3	2	0	1	2	0
drawSQL-mysql-export-2026-02-03_airbnb	707	MEDIUM	1	0	0	0	0	0
drawSQL-mysql-export-2026-02-03_airbnb	708	MEDIUM	2	1	0	0	0	0
drawSQL-mysql-export-2026-02-03_airbnb	709	MEDIUM	1	0	0	1	1	0
drawSQL-mysql-export-2026-02-03_airbnb	710	MEDIUM	1	0	0	1	1	0
drawSQL-mysql-export-2026-02-03_airbnb	711	MEDIUM	2	0	1	1	0	0
drawSQL-mysql-export-2026-02-03_airbnb	712	MEDIUM	1	0	0	0	0	0
drawSQL-mysql-export-2026-02-03_airbnb	713	HARD	2	1	0	0	0	0
drawSQL-mysql-export-2026-02-03_airbnb	714	HARD	1	0	1	2	0	2
drawSQL-mysql-export-2026-02-03_airbnb	715	HARD	1	0	0	1	1	0
drawSQL-mysql-export-2026-02-03_airbnb	716	HARD	2	0	1	2	2	1
drawSQL-mysql-export-2026-02-03_airbnb	717	HARD	1	0	0	1	1	1
drawSQL-mysql-export-2026-02-03_airbnb	718	HARD	2	0	1	1	0	0
drawSQL-mysql-export-2026-02-03_airbnb	719	HARD	3	2	0	0	0	0
drawSQL-mysql-export-2026-02-03_airbnb	720	HARD	1	0	0	1	0	2
drawSQL-mysql-export-2026-02-03_axes	721	EASY	1	0	0	1	1	0
drawSQL-mysql-export-2026-02-03_axes	722	EASY	1	0	0	1	1	0
drawSQL-mysql-export-2026-02-03_axes	723	EASY	1	0	0	0	0	0
drawSQL-mysql-export-2026-02-03_axes	724	EASY	1	0	0	0	0	0
drawSQL-mysql-export-2026-02-03_axes	725	EASY	1	0	0	0	0	0
drawSQL-mysql-export-2026-02-03_axes	726	EASY	1	0	0	1	1	0
drawSQL-mysql-export-2026-02-03_axes	727	EASY	1	0	0	0	0	0
drawSQL-mysql-export-2026-02-03_axes	728	EASY	1	0	0	1	1	0
drawSQL-mysql-export-2026-02-03_axes	729	MEDIUM	1	0	0	0	0	0
drawSQL-mysql-export-2026-02-03_axes	730	MEDIUM	1	0	0	1	1	0
drawSQL-mysql-export-2026-02-03_axes	731	MEDIUM	1	0	0	1	2	0
drawSQL-mysql-export-2026-02-03_axes	732	MEDIUM	1	0	0	0	0	0
drawSQL-mysql-export-2026-02-03_axes	733	MEDIUM	1	0	0	0	0	0
drawSQL-mysql-export-2026-02-03_axes	734	MEDIUM	1	0	0	1	1	0
drawSQL-mysql-export-2026-02-03_axes	735	MEDIUM	2	0	1	2	2	1
drawSQL-mysql-export-2026-02-03_axes	736	MEDIUM	1	0	0	1	1	0
drawSQL-mysql-export-2026-02-03_axes	737	HARD	1	0	0	0	0	0
drawSQL-mysql-export-2026-02-03_axes	738	HARD	1	0	1	2	0	2
drawSQL-mysql-export-2026-02-03_axes	739	HARD	1	0	0	1	1	0
drawSQL-mysql-export-2026-02-03_axes	740	HARD	2	0	1	2	2	1
drawSQL-mysql-export-2026-02-03_axes	741	HARD	1	0	0	1	1	1
drawSQL-mysql-export-2026-02-03_axes	742	HARD	1	0	0	0	0	0
drawSQL-mysql-export-2026-02-03_axes	743	HARD	1	0	0	1	0	2
drawSQL-mysql-export-2026-02-03_axes	744	HARD	1	0	0	0	0	0
drawSQL-mysql-export-2026-02-03_devise	745	EASY	1	0	0	1	1	0
drawSQL-mysql-export-2026-02-03_devise	746	EASY	1	0	0	1	1	0
drawSQL-mysql-export-2026-02-03_devise	747	EASY	1	0	0	0	0	0
drawSQL-mysql-export-2026-02-03_devise	748	EASY	1	0	0	0	0	0
drawSQL-mysql-export-2026-02-03_devise	749	EASY	1	0	0	0	0	0
drawSQL-mysql-export-2026-02-03_devise	750	EASY	1	0	0	1	1	0
drawSQL-mysql-export-2026-02-03_devise	751	EASY	1	0	0	0	0	0
drawSQL-mysql-export-2026-02-03_devise	752	EASY	1	0	0	0	0	0
drawSQL-mysql-export-2026-02-03_devise	753	MEDIUM	1	0	0	0	0	0
drawSQL-mysql-export-2026-02-03_devise	754	MEDIUM	1	0	0	1	1	0
drawSQL-mysql-export-2026-02-03_devise	755	MEDIUM	1	0	0	1	1	0
drawSQL-mysql-export-2026-02-03_devise	756	MEDIUM	1	0	0	0	0	0
drawSQL-mysql-export-2026-02-03_devise	757	MEDIUM	1	0	0	0	0	0
drawSQL-mysql-export-2026-02-03_devise	758	MEDIUM	1	0	0	1	1	0
drawSQL-mysql-export-2026-02-03_devise	759	MEDIUM	2	0	1	2	2	1
drawSQL-mysql-export-2026-02-03_devise	760	MEDIUM	1	0	0	0	0	0
drawSQL-mysql-export-2026-02-03_devise	761	HARD	1	0	0	0	0	0
drawSQL-mysql-export-2026-02-03_devise	762	HARD	1	0	1	2	0	2
drawSQL-mysql-export-2026-02-03_devise	763	HARD	1	0	0	1	1	0
drawSQL-mysql-export-2026-02-03_devise	764	HARD	2	0	1	2	2	1
drawSQL-mysql-export-2026-02-03_devise	765	HARD	1	0	0	1	1	1
drawSQL-mysql-export-2026-02-03_devise	766	HARD	1	0	0	0	0	0
drawSQL-mysql-export-2026-02-03_devise	767	HARD	1	0	0	1	0	2
drawSQL-mysql-export-2026-02-03_devise	768	HARD	1	0	0	0	0	0
drawSQL-mysql-export-2026-02-03_emails	769	EASY	1	0	0	1	1	0
drawSQL-mysql-export-2026-02-03_emails	770	EASY	1	0	0	1	1	0
drawSQL-mysql-export-2026-02-03_emails	771	EASY	1	0	0	0	0	0
drawSQL-mysql-export-2026-02-03_emails	772	EASY	1	0	0	0	0	0
drawSQL-mysql-export-2026-02-03_emails	773	EASY	1	0	0	1	1	0
drawSQL-mysql-export-2026-02-03_emails	774	EASY	1	0	0	0	0	0
drawSQL-mysql-export-2026-02-03_emails	775	EASY	1	0	0	1	1	0
drawSQL-mysql-export-2026-02-03_emails	776	EASY	1	0	0	0	0	0
drawSQL-mysql-export-2026-02-03_emails	777	MEDIUM	1	0	0	0	0	0
drawSQL-mysql-export-2026-02-03_emails	778	MEDIUM	1	0	0	1	1	0
drawSQL-mysql-export-2026-02-03_emails	779	MEDIUM	1	0	0	1	2	0
drawSQL-mysql-export-2026-02-03_emails	780	MEDIUM	1	0	0	0	0	0
drawSQL-mysql-export-2026-02-03_emails	781	MEDIUM	1	0	1	2	0	2
drawSQL-mysql-export-2026-02-03_emails	782	MEDIUM	1	0	0	1	1	0
drawSQL-mysql-export-2026-02-03_emails	783	MEDIUM	2	0	1	2	2	1
drawSQL-mysql-export-2026-02-03_emails	784	MEDIUM	1	0	0	1	1	0
drawSQL-mysql-export-2026-02-03_emails	785	HARD	2	1	0	0	0	0
drawSQL-mysql-export-2026-02-03_emails	786	HARD	1	0	1	2	0	2
drawSQL-mysql-export-2026-02-03_emails	787	HARD	1	0	0	1	1	0
drawSQL-mysql-export-2026-02-03_emails	788	HARD	2	0	1	2	2	1
drawSQL-mysql-export-2026-02-03_emails	789	HARD	1	0	0	1	1	1
drawSQL-mysql-export-2026-02-03_emails	790	HARD	1	0	0	0	0	0
drawSQL-mysql-export-2026-02-03_emails	791	HARD	3	2	0	0	0	0
drawSQL-mysql-export-2026-02-03_emails	792	HARD	1	0	1	2	0	2
drawSQL-mysql-export-2026-02-03_filer	793	EASY	1	0	0	1	1	0
drawSQL-mysql-export-2026-02-03_filer	794	EASY	1	0	0	1	1	0
drawSQL-mysql-export-2026-02-03_filer	795	EASY	1	0	0	0	0	0
drawSQL-mysql-export-2026-02-03_filer	796	EASY	1	0	0	0	0	0
drawSQL-mysql-export-2026-02-03_filer	797	EASY	1	0	0	0	0	0
drawSQL-mysql-export-2026-02-03_filer	798	EASY	1	0	0	0	0	0
drawSQL-mysql-export-2026-02-03_filer	799	EASY	1	0	0	1	1	0
drawSQL-mysql-export-2026-02-03_filer	800	EASY	1	0	0	0	0	0
drawSQL-mysql-export-2026-02-03_filer	801	MEDIUM	1	0	0	0	0	0
drawSQL-mysql-export-2026-02-03_filer	802	MEDIUM	2	1	0	0	0	0
drawSQL-mysql-export-2026-02-03_filer	803	MEDIUM	1	0	0	1	2	0
drawSQL-mysql-export-2026-02-03_filer	804	MEDIUM	2	0	1	1	0	0
drawSQL-mysql-export-2026-02-03_filer	805	MEDIUM	1	0	0	0	0	0
drawSQL-mysql-export-2026-02-03_filer	806	MEDIUM	2	0	1	2	2	1
drawSQL-mysql-export-2026-02-03_filer	807	MEDIUM	2	1	0	0	0	0
drawSQL-mysql-export-2026-02-03_filer	808	MEDIUM	1	0	0	1	1	0
drawSQL-mysql-export-2026-02-03_filer	809	HARD	3	2	0	0	0	0
drawSQL-mysql-export-2026-02-03_filer	810	HARD	1	0	1	2	0	2
drawSQL-mysql-export-2026-02-03_filer	811	HARD	1	0	0	0	0	0
drawSQL-mysql-export-2026-02-03_filer	812	HARD	2	0	1	2	2	1
drawSQL-mysql-export-2026-02-03_filer	813	HARD	2	0	1	1	0	0
drawSQL-mysql-export-2026-02-03_filer	814	HARD	3	2	0	0	0	0
drawSQL-mysql-export-2026-02-03_filer	815	HARD	1	0	0	1	0	2
drawSQL-mysql-export-2026-02-03_filer	816	HARD	3	2	0	0	0	0
drawSQL-mysql-export-2026-02-03_hackernews	817	EASY	1	0	0	1	1	0
drawSQL-mysql-export-2026-02-03_hackernews	818	EASY	1	0	0	0	0	0
drawSQL-mysql-export-2026-02-03_hackernews	819	EASY	1	0	0	1	1	0
drawSQL-mysql-export-2026-02-03_hackernews	820	EASY	1	0	0	0	0	0
drawSQL-mysql-export-2026-02-03_hackernews	821	EASY	1	0	0	0	0	0
drawSQL-mysql-export-2026-02-03_hackernews	822	EASY	1	0	0	0	0	0
drawSQL-mysql-export-2026-02-03_hackernews	823	EASY	1	0	0	1	1	0
drawSQL-mysql-export-2026-02-03_hackernews	824	EASY	1	0	0	0	0	0
drawSQL-mysql-export-2026-02-03_hackernews	825	MEDIUM	1	0	0	0	0	0
drawSQL-mysql-export-2026-02-03_hackernews	826	MEDIUM	2	1	0	0	0	0
drawSQL-mysql-export-2026-02-03_hackernews	827	MEDIUM	1	0	0	1	1	0
drawSQL-mysql-export-2026-02-03_hackernews	828	MEDIUM	1	0	0	1	2	0
drawSQL-mysql-export-2026-02-03_hackernews	829	MEDIUM	2	0	1	1	0	0
drawSQL-mysql-export-2026-02-03_hackernews	830	MEDIUM	1	0	0	0	0	0
drawSQL-mysql-export-2026-02-03_hackernews	831	MEDIUM	1	0	0	1	1	0
drawSQL-mysql-export-2026-02-03_hackernews	832	MEDIUM	2	0	1	2	2	1
drawSQL-mysql-export-2026-02-03_hackernews	833	HARD	3	2	0	0	0	0
drawSQL-mysql-export-2026-02-03_hackernews	834	HARD	1	0	1	2	0	2
drawSQL-mysql-export-2026-02-03_hackernews	835	HARD	1	0	0	1	1	0
drawSQL-mysql-export-2026-02-03_hackernews	836	HARD	2	0	1	2	2	1
drawSQL-mysql-export-2026-02-03_hackernews	837	HARD	1	0	0	1	1	1
drawSQL-mysql-export-2026-02-03_hackernews	838	HARD	2	0	1	1	0	0
drawSQL-mysql-export-2026-02-03_hackernews	839	HARD	3	2	0	0	0	0
drawSQL-mysql-export-2026-02-03_hackernews	840	HARD	1	0	0	1	0	2
drawSQL-mysql-export-2026-02-03_oauth	841	EASY	1	0	0	1	1	0
drawSQL-mysql-export-2026-02-03_oauth	842	EASY	1	0	0	1	1	0
drawSQL-mysql-export-2026-02-03_oauth	843	EASY	1	0	0	0	0	0
drawSQL-mysql-export-2026-02-03_oauth	844	EASY	1	0	0	0	0	0
drawSQL-mysql-export-2026-02-03_oauth	845	EASY	1	0	0	0	0	0
drawSQL-mysql-export-2026-02-03_oauth	846	EASY	1	0	0	1	1	0
drawSQL-mysql-export-2026-02-03_oauth	847	EASY	1	0	0	0	0	0
drawSQL-mysql-export-2026-02-03_oauth	848	EASY	1	0	0	1	1	0
drawSQL-mysql-export-2026-02-03_oauth	849	MEDIUM	1	0	0	0	0	0
drawSQL-mysql-export-2026-02-03_oauth	850	MEDIUM	2	1	0	0	0	0
drawSQL-mysql-export-2026-02-03_oauth	851	MEDIUM	1	0	0	1	1	0
drawSQL-mysql-export-2026-02-03_oauth	852	MEDIUM	1	0	0	1	1	0
drawSQL-mysql-export-2026-02-03_oauth	853	MEDIUM	2	0	1	1	0	0
drawSQL-mysql-export-2026-02-03_oauth	854	MEDIUM	1	0	0	0	0	0
drawSQL-mysql-export-2026-02-03_oauth	855	MEDIUM	1	0	0	1	1	0
drawSQL-mysql-export-2026-02-03_oauth	856	MEDIUM	2	0	1	2	2	1
drawSQL-mysql-export-2026-02-03_oauth	857	HARD	3	2	0	0	0	0
drawSQL-mysql-export-2026-02-03_oauth	858	HARD	1	0	1	2	0	2
drawSQL-mysql-export-2026-02-03_oauth	859	HARD	1	0	0	1	1	0
drawSQL-mysql-export-2026-02-03_oauth	860	HARD	2	0	1	2	2	1
drawSQL-mysql-export-2026-02-03_oauth	861	HARD	1	0	0	1	1	1
drawSQL-mysql-export-2026-02-03_oauth	862	HARD	2	0	1	1	0	0
drawSQL-mysql-export-2026-02-03_oauth	863	HARD	3	2	0	0	0	0
drawSQL-mysql-export-2026-02-03_oauth	864	HARD	1	0	0	1	0	2
drawSQL-mysql-export-2026-02-03_phpweb	865	EASY	1	0	0	1	1	0
drawSQL-mysql-export-2026-02-03_phpweb	866	EASY	1	0	0	1	1	0
drawSQL-mysql-export-2026-02-03_phpweb	867	EASY	1	0	0	0	0	0
drawSQL-mysql-export-2026-02-03_phpweb	868	EASY	1	0	0	0	0	0
drawSQL-mysql-export-2026-02-03_phpweb	869	EASY	1	0	0	0	0	0
drawSQL-mysql-export-2026-02-03_phpweb	870	EASY	1	0	0	1	1	0
drawSQL-mysql-export-2026-02-03_phpweb	871	EASY	1	0	0	0	0	0
drawSQL-mysql-export-2026-02-03_phpweb	872	EASY	1	0	0	0	0	0
drawSQL-mysql-export-2026-02-03_phpweb	873	MEDIUM	1	0	0	0	0	0
drawSQL-mysql-export-2026-02-03_phpweb	874	MEDIUM	1	0	0	1	1	0
drawSQL-mysql-export-2026-02-03_phpweb	875	MEDIUM	1	0	0	1	1	0
drawSQL-mysql-export-2026-02-03_phpweb	876	MEDIUM	1	0	0	0	0	0
drawSQL-mysql-export-2026-02-03_phpweb	877	MEDIUM	1	0	0	0	0	0
drawSQL-mysql-export-2026-02-03_phpweb	878	MEDIUM	1	0	0	1	1	0
drawSQL-mysql-export-2026-02-03_phpweb	879	MEDIUM	2	0	1	2	2	1
drawSQL-mysql-export-2026-02-03_phpweb	880	MEDIUM	1	0	0	0	0	0
drawSQL-mysql-export-2026-02-03_phpweb	881	HARD	1	0	0	0	0	0
drawSQL-mysql-export-2026-02-03_phpweb	882	HARD	1	0	1	2	0	2
drawSQL-mysql-export-2026-02-03_phpweb	883	HARD	1	0	0	1	1	0
drawSQL-mysql-export-2026-02-03_phpweb	884	HARD	2	0	1	2	2	1
drawSQL-mysql-export-2026-02-03_phpweb	885	HARD	1	0	0	1	1	1
drawSQL-mysql-export-2026-02-03_phpweb	886	HARD	1	0	0	0	0	0
drawSQL-mysql-export-2026-02-03_phpweb	887	HARD	1	0	0	1	0	2
drawSQL-mysql-export-2026-02-03_phpweb	888	HARD	1	0	0	0	0	0
drawSQL-mysql-export-2026-02-03_pushnotif	889	EASY	1	0	0	1	1	0
drawSQL-mysql-export-2026-02-03_pushnotif	890	EASY	1	0	0	1	1	0
drawSQL-mysql-export-2026-02-03_pushnotif	891	EASY	1	0	0	0	0	0
drawSQL-mysql-export-2026-02-03_pushnotif	892	EASY	1	0	0	0	0	0
drawSQL-mysql-export-2026-02-03_pushnotif	893	EASY	1	0	0	0	0	0
drawSQL-mysql-export-2026-02-03_pushnotif	894	EASY	1	0	0	1	1	0
drawSQL-mysql-export-2026-02-03_pushnotif	895	EASY	1	0	0	0	0	0
drawSQL-mysql-export-2026-02-03_pushnotif	896	EASY	1	0	0	1	1	0
drawSQL-mysql-export-2026-02-03_pushnotif	897	MEDIUM	1	0	0	0	0	0
drawSQL-mysql-export-2026-02-03_pushnotif	898	MEDIUM	2	1	0	0	0	0
drawSQL-mysql-export-2026-02-03_pushnotif	899	MEDIUM	1	0	0	1	1	0
drawSQL-mysql-export-2026-02-03_pushnotif	900	MEDIUM	1	0	0	1	1	0
drawSQL-mysql-export-2026-02-03_pushnotif	901	MEDIUM	2	0	1	1	0	0
drawSQL-mysql-export-2026-02-03_pushnotif	902	MEDIUM	1	0	0	0	0	0
drawSQL-mysql-export-2026-02-03_pushnotif	903	MEDIUM	1	0	0	1	1	0
drawSQL-mysql-export-2026-02-03_pushnotif	904	MEDIUM	2	0	1	2	2	1
drawSQL-mysql-export-2026-02-03_pushnotif	905	HARD	2	1	0	0	0	0
drawSQL-mysql-export-2026-02-03_pushnotif	906	HARD	1	0	1	2	0	2
drawSQL-mysql-export-2026-02-03_pushnotif	907	HARD	1	0	0	1	1	0
drawSQL-mysql-export-2026-02-03_pushnotif	908	HARD	2	0	1	2	2	1
drawSQL-mysql-export-2026-02-03_pushnotif	909	HARD	1	0	0	1	1	1
drawSQL-mysql-export-2026-02-03_pushnotif	910	HARD	2	0	1	1	0	0
drawSQL-mysql-export-2026-02-03_pushnotif	911	HARD	3	2	0	0	0	0
drawSQL-mysql-export-2026-02-03_pushnotif	912	HARD	1	0	0	1	0	2
drawSQL-mysql-export-2026-02-03_school	913	EASY	1	0	0	0	0	0
drawSQL-mysql-export-2026-02-03_school	914	EASY	1	0	0	1	1	0
drawSQL-mysql-export-2026-02-03_school	915	EASY	1	0	0	1	1	0
drawSQL-mysql-export-2026-02-03_school	916	EASY	1	0	0	0	0	0
drawSQL-mysql-export-2026-02-03_school	917	EASY	1	0	0	0	0	0
drawSQL-mysql-export-2026-02-03_school	918	EASY	1	0	0	0	0	0
drawSQL-mysql-export-2026-02-03_school	919	EASY	1	0	0	1	1	0
drawSQL-mysql-export-2026-02-03_school	920	EASY	1	0	0	0	0	0
drawSQL-mysql-export-2026-02-03_school	921	MEDIUM	1	0	0	0	0	0
drawSQL-mysql-export-2026-02-03_school	922	MEDIUM	1	0	0	1	1	0
drawSQL-mysql-export-2026-02-03_school	923	MEDIUM	1	0	0	1	2	0
drawSQL-mysql-export-2026-02-03_school	924	MEDIUM	1	0	0	0	0	0
drawSQL-mysql-export-2026-02-03_school	925	MEDIUM	1	0	1	2	0	2
drawSQL-mysql-export-2026-02-03_school	926	MEDIUM	1	0	0	1	1	0
drawSQL-mysql-export-2026-02-03_school	927	MEDIUM	2	0	1	2	2	1
drawSQL-mysql-export-2026-02-03_school	928	MEDIUM	1	0	0	1	2	0
drawSQL-mysql-export-2026-02-03_school	929	HARD	3	2	0	0	0	0
drawSQL-mysql-export-2026-02-03_school	930	HARD	1	0	1	2	0	2
drawSQL-mysql-export-2026-02-03_school	931	HARD	1	0	0	1	1	0
drawSQL-mysql-export-2026-02-03_school	932	HARD	2	0	1	2	2	1
drawSQL-mysql-export-2026-02-03_school	933	HARD	1	0	0	1	1	1
drawSQL-mysql-export-2026-02-03_school	934	HARD	1	0	0	0	0	0
drawSQL-mysql-export-2026-02-03_school	935	HARD	3	2	0	0	0	0
drawSQL-mysql-export-2026-02-03_school	936	HARD	1	0	1	2	0	2
drawSQL-mysql-export-2026-02-03_tags	937	EASY	1	0	0	1	1	0
drawSQL-mysql-export-2026-02-03_tags	938	EASY	1	0	0	0	0	0
drawSQL-mysql-export-2026-02-03_tags	939	EASY	1	0	0	0	0	0
drawSQL-mysql-export-2026-02-03_tags	940	EASY	1	0	0	0	0	0
drawSQL-mysql-export-2026-02-03_tags	941	EASY	1	0	0	1	1	0
drawSQL-mysql-export-2026-02-03_tags	942	EASY	1	0	0	0	0	0
drawSQL-mysql-export-2026-02-03_tags	943	EASY	1	0	0	1	1	0
drawSQL-mysql-export-2026-02-03_tags	944	EASY	1	0	0	0	0	0
drawSQL-mysql-export-2026-02-03_tags	945	MEDIUM	2	1	0	0	0	0
drawSQL-mysql-export-2026-02-03_tags	946	MEDIUM	1	0	0	1	1	0
drawSQL-mysql-export-2026-02-03_tags	947	MEDIUM	1	0	0	1	2	0
drawSQL-mysql-export-2026-02-03_tags	948	MEDIUM	2	0	1	1	0	0
drawSQL-mysql-export-2026-02-03_tags	949	MEDIUM	1	0	1	2	0	2
drawSQL-mysql-export-2026-02-03_tags	950	MEDIUM	1	0	0	1	1	0
drawSQL-mysql-export-2026-02-03_tags	951	MEDIUM	2	0	1	2	2	1
drawSQL-mysql-export-2026-02-03_tags	952	MEDIUM	1	0	0	1	2	0
drawSQL-mysql-export-2026-02-03_tags	953	HARD	2	1	0	0	0	0
drawSQL-mysql-export-2026-02-03_tags	954	HARD	1	0	1	2	0	2
drawSQL-mysql-export-2026-02-03_tags	955	HARD	1	0	0	1	1	0
drawSQL-mysql-export-2026-02-03_tags	956	HARD	2	0	1	2	2	1
drawSQL-mysql-export-2026-02-03_tags	957	HARD	1	0	0	1	1	1
drawSQL-mysql-export-2026-02-03_tags	958	HARD	2	0	1	1	0	0
drawSQL-mysql-export-2026-02-03_tags	959	HARD	1	0	1	2	0	2
drawSQL-mysql-export-2026-02-03_tags	960	HARD	2	1	0	0	0	0
drawSQL-mysql-export-2026-02-03_thumbnails	961	EASY	1	0	0	1	1	0
drawSQL-mysql-export-2026-02-03_thumbnails	962	EASY	1	0	0	0	0	0
drawSQL-mysql-export-2026-02-03_thumbnails	963	EASY	1	0	0	0	0	0
drawSQL-mysql-export-2026-02-03_thumbnails	964	EASY	1	0	0	0	0	0
drawSQL-mysql-export-2026-02-03_thumbnails	965	EASY	1	0	0	0	0	0
drawSQL-mysql-export-2026-02-03_thumbnails	966	EASY	1	0	0	1	1	0
drawSQL-mysql-export-2026-02-03_thumbnails	967	EASY	1	0	0	0	0	0
drawSQL-mysql-export-2026-02-03_thumbnails	968	EASY	1	0	0	0	0	0
drawSQL-mysql-export-2026-02-03_thumbnails	969	MEDIUM	2	1	0	0	0	0
drawSQL-mysql-export-2026-02-03_thumbnails	970	MEDIUM	1	0	0	1	2	0
drawSQL-mysql-export-2026-02-03_thumbnails	971	MEDIUM	2	0	1	1	0	0
drawSQL-mysql-export-2026-02-03_thumbnails	972	MEDIUM	1	0	0	0	0	0
drawSQL-mysql-export-2026-02-03_thumbnails	973	MEDIUM	2	0	1	2	2	1
drawSQL-mysql-export-2026-02-03_thumbnails	974	MEDIUM	2	1	0	0	0	0
drawSQL-mysql-export-2026-02-03_thumbnails	975	MEDIUM	1	0	0	1	2	0
drawSQL-mysql-export-2026-02-03_thumbnails	976	MEDIUM	2	0	1	1	0	0
drawSQL-mysql-export-2026-02-03_thumbnails	977	HARD	2	1	0	0	0	0
drawSQL-mysql-export-2026-02-03_thumbnails	978	HARD	1	0	1	2	0	2
drawSQL-mysql-export-2026-02-03_thumbnails	979	HARD	1	0	0	0	0	0
drawSQL-mysql-export-2026-02-03_thumbnails	980	HARD	2	0	1	2	2	1
drawSQL-mysql-export-2026-02-03_thumbnails	981	HARD	2	0	1	1	0	0
drawSQL-mysql-export-2026-02-03_thumbnails	982	HARD	3	2	0	0	0	0
drawSQL-mysql-export-2026-02-03_thumbnails	983	HARD	1	0	0	1	0	2
drawSQL-mysql-export-2026-02-03_thumbnails	984	HARD	2	1	0	0	0	0
drawSQL-mysql-export-2026-02-03_twitter	985	EASY	1	0	0	1	1	0
drawSQL-mysql-export-2026-02-03_twitter	986	EASY	1	0	0	1	1	0
drawSQL-mysql-export-2026-02-03_twitter	987	EASY	1	0	0	0	0	0
drawSQL-mysql-export-2026-02-03_twitter	988	EASY	1	0	0	0	0	0
drawSQL-mysql-export-2026-02-03_twitter	989	EASY	1	0	0	1	1	0
drawSQL-mysql-export-2026-02-03_twitter	990	EASY	1	0	0	0	0	0
drawSQL-mysql-export-2026-02-03_twitter	991	EASY	1	0	0	1	1	0
drawSQL-mysql-export-2026-02-03_twitter	992	EASY	1	0	0	0	0	0
drawSQL-mysql-export-2026-02-03_twitter	993	MEDIUM	1	0	0	0	0	0
drawSQL-mysql-export-2026-02-03_twitter	994	MEDIUM	1	0	0	1	1	0
drawSQL-mysql-export-2026-02-03_twitter	995	MEDIUM	1	0	0	1	2	0
drawSQL-mysql-export-2026-02-03_twitter	996	MEDIUM	1	0	0	0	0	0
drawSQL-mysql-export-2026-02-03_twitter	997	MEDIUM	1	0	0	0	0	0
drawSQL-mysql-export-2026-02-03_twitter	998	MEDIUM	1	0	0	1	1	0
drawSQL-mysql-export-2026-02-03_twitter	999	MEDIUM	2	0	1	2	2	1
drawSQL-mysql-export-2026-02-03_twitter	1000	MEDIUM	1	0	0	1	1	0
drawSQL-mysql-export-2026-02-03_twitter	1001	HARD	2	1	0	0	0	0
drawSQL-mysql-export-2026-02-03_twitter	1002	HARD	1	0	1	2	0	2
drawSQL-mysql-export-2026-02-03_twitter	1003	HARD	1	0	0	1	1	0
drawSQL-mysql-export-2026-02-03_twitter	1004	HARD	2	0	1	2	2	1
drawSQL-mysql-export-2026-02-03_twitter	1005	HARD	1	0	0	1	1	1
drawSQL-mysql-export-2026-02-03_twitter	1006	HARD	1	0	0	0	0	0
drawSQL-mysql-export-2026-02-03_twitter	1007	HARD	3	2	0	0	0	0
drawSQL-mysql-export-2026-02-03_twitter	1008	HARD	1	0	0	1	0	2
drawSQL-mysql-export-2026-02-09 _deployer	1009	EASY	1	0	0	1	1	0
drawSQL-mysql-export-2026-02-09 _deployer	1010	EASY	1	0	0	1	1	0
drawSQL-mysql-export-2026-02-09 _deployer	1011	EASY	1	0	0	0	0	0
drawSQL-mysql-export-2026-02-09 _deployer	1012	EASY	1	0	0	0	0	0
drawSQL-mysql-export-2026-02-09 _deployer	1013	EASY	1	0	0	0	0	0
drawSQL-mysql-export-2026-02-09 _deployer	1014	EASY	1	0	0	1	1	0
drawSQL-mysql-export-2026-02-09 _deployer	1015	EASY	1	0	0	0	0	0
drawSQL-mysql-export-2026-02-09 _deployer	1016	EASY	1	0	0	1	1	0
drawSQL-mysql-export-2026-02-09 _deployer	1017	MEDIUM	1	0	0	0	0	0
drawSQL-mysql-export-2026-02-09 _deployer	1018	MEDIUM	1	0	0	1	1	0
drawSQL-mysql-export-2026-02-09 _deployer	1019	MEDIUM	1	0	0	1	2	0
drawSQL-mysql-export-2026-02-09 _deployer	1020	MEDIUM	1	0	0	0	0	0
drawSQL-mysql-export-2026-02-09 _deployer	1021	MEDIUM	1	0	1	2	0	2
drawSQL-mysql-export-2026-02-09 _deployer	1022	MEDIUM	1	0	0	1	1	0
drawSQL-mysql-export-2026-02-09 _deployer	1023	MEDIUM	2	0	1	2	2	1
drawSQL-mysql-export-2026-02-09 _deployer	1024	MEDIUM	1	0	0	1	1	0
drawSQL-mysql-export-2026-02-09 _deployer	1025	HARD	2	1	0	0	0	0
drawSQL-mysql-export-2026-02-09 _deployer	1026	HARD	1	0	1	2	0	2
drawSQL-mysql-export-2026-02-09 _deployer	1027	HARD	1	0	0	1	1	0
drawSQL-mysql-export-2026-02-09 _deployer	1028	HARD	2	0	1	2	2	1
drawSQL-mysql-export-2026-02-09 _deployer	1029	HARD	1	0	0	1	1	1
drawSQL-mysql-export-2026-02-09 _deployer	1030	HARD	1	0	0	0	0	0
drawSQL-mysql-export-2026-02-09 _deployer	1031	HARD	3	2	0	0	0	0
drawSQL-mysql-export-2026-02-09 _deployer	1032	HARD	1	0	1	2	0	2
drawSQL-mysql-export-2026-02-09_adonis	1033	EASY	1	0	0	1	1	0
drawSQL-mysql-export-2026-02-09_adonis	1034	EASY	1	0	0	1	1	0
drawSQL-mysql-export-2026-02-09_adonis	1035	EASY	1	0	0	0	0	0
drawSQL-mysql-export-2026-02-09_adonis	1036	EASY	1	0	0	0	0	0
drawSQL-mysql-export-2026-02-09_adonis	1037	EASY	1	0	0	1	1	0
drawSQL-mysql-export-2026-02-09_adonis	1038	EASY	1	0	0	0	0	0
drawSQL-mysql-export-2026-02-09_adonis	1039	EASY	1	0	0	1	1	0
drawSQL-mysql-export-2026-02-09_adonis	1040	EASY	1	0	0	0	0	0
drawSQL-mysql-export-2026-02-09_adonis	1041	MEDIUM	1	0	0	0	0	0
drawSQL-mysql-export-2026-02-09_adonis	1042	MEDIUM	1	0	0	1	1	0
drawSQL-mysql-export-2026-02-09_adonis	1043	MEDIUM	1	0	0	1	1	0
drawSQL-mysql-export-2026-02-09_adonis	1044	MEDIUM	2	0	1	1	0	0
drawSQL-mysql-export-2026-02-09_adonis	1045	MEDIUM	1	0	0	0	0	0
drawSQL-mysql-export-2026-02-09_adonis	1046	MEDIUM	1	0	0	0	0	0
drawSQL-mysql-export-2026-02-09_adonis	1047	MEDIUM	1	0	0	0	0	0
drawSQL-mysql-export-2026-02-09_adonis	1048	MEDIUM	1	0	0	0	0	0
drawSQL-mysql-export-2026-02-09_adonis	1049	HARD	3	2	0	0	0	0
drawSQL-mysql-export-2026-02-09_adonis	1050	HARD	1	0	1	2	0	2
drawSQL-mysql-export-2026-02-09_adonis	1051	HARD	1	0	0	0	0	0
drawSQL-mysql-export-2026-02-09_adonis	1052	HARD	2	0	1	2	2	1
drawSQL-mysql-export-2026-02-09_adonis	1053	HARD	1	0	0	0	0	0
drawSQL-mysql-export-2026-02-09_adonis	1054	HARD	2	0	1	1	0	0
drawSQL-mysql-export-2026-02-09_adonis	1055	HARD	3	2	0	0	0	0
drawSQL-mysql-export-2026-02-09_adonis	1056	HARD	1	0	0	1	0	2
drawSQL-mysql-export-2026-02-09_bouncer	1057	EASY	1	0	0	1	1	0
drawSQL-mysql-export-2026-02-09_bouncer	1058	EASY	1	0	0	0	0	0
drawSQL-mysql-export-2026-02-09_bouncer	1059	EASY	1	0	0	0	0	0
drawSQL-mysql-export-2026-02-09_bouncer	1060	EASY	1	0	0	0	0	0
drawSQL-mysql-export-2026-02-09_bouncer	1061	EASY	1	0	0	1	1	0
drawSQL-mysql-export-2026-02-09_bouncer	1062	EASY	1	0	0	0	0	0
drawSQL-mysql-export-2026-02-09_bouncer	1063	EASY	1	0	0	1	1	0
drawSQL-mysql-export-2026-02-09_bouncer	1064	EASY	1	0	0	0	0	0
drawSQL-mysql-export-2026-02-09_bouncer	1065	MEDIUM	2	1	0	0	0	0
drawSQL-mysql-export-2026-02-09_bouncer	1066	MEDIUM	1	0	0	1	1	0
drawSQL-mysql-export-2026-02-09_bouncer	1067	MEDIUM	1	0	0	1	2	0
drawSQL-mysql-export-2026-02-09_bouncer	1068	MEDIUM	2	0	1	1	0	0
drawSQL-mysql-export-2026-02-09_bouncer	1069	MEDIUM	1	0	1	2	0	2
drawSQL-mysql-export-2026-02-09_bouncer	1070	MEDIUM	1	0	0	1	1	0
drawSQL-mysql-export-2026-02-09_bouncer	1071	MEDIUM	2	0	1	2	2	1
drawSQL-mysql-export-2026-02-09_bouncer	1072	MEDIUM	1	0	0	1	2	0
drawSQL-mysql-export-2026-02-09_bouncer	1073	HARD	2	1	0	0	0	0
drawSQL-mysql-export-2026-02-09_bouncer	1074	HARD	1	0	1	2	0	2
drawSQL-mysql-export-2026-02-09_bouncer	1075	HARD	1	0	0	1	1	0
drawSQL-mysql-export-2026-02-09_bouncer	1076	HARD	2	0	1	2	2	1
drawSQL-mysql-export-2026-02-09_bouncer	1077	HARD	1	0	0	1	1	1
drawSQL-mysql-export-2026-02-09_bouncer	1078	HARD	2	0	1	1	0	0
drawSQL-mysql-export-2026-02-09_bouncer	1079	HARD	4	3	0	0	0	0
drawSQL-mysql-export-2026-02-09_bouncer	1080	HARD	1	0	1	2	0	2
drawSQL-mysql-export-2026-02-09_buddypress	1081	EASY	1	0	0	1	1	0
drawSQL-mysql-export-2026-02-09_buddypress	1082	EASY	1	0	0	1	2	0
drawSQL-mysql-export-2026-02-09_buddypress	1083	EASY	1	0	0	1	1	0
drawSQL-mysql-export-2026-02-09_buddypress	1084	EASY	1	0	0	0	0	0
drawSQL-mysql-export-2026-02-09_buddypress	1085	EASY	1	0	0	0	0	0
drawSQL-mysql-export-2026-02-09_buddypress	1086	EASY	1	0	0	0	0	0
drawSQL-mysql-export-2026-02-09_buddypress	1087	EASY	1	0	0	1	1	0
drawSQL-mysql-export-2026-02-09_buddypress	1088	EASY	1	0	0	0	0	0
drawSQL-mysql-export-2026-02-09_buddypress	1089	MEDIUM	1	0	0	0	0	0
drawSQL-mysql-export-2026-02-09_buddypress	1090	MEDIUM	2	1	0	0	0	0
drawSQL-mysql-export-2026-02-09_buddypress	1091	MEDIUM	1	0	0	1	1	0
drawSQL-mysql-export-2026-02-09_buddypress	1092	MEDIUM	1	0	0	1	2	0
drawSQL-mysql-export-2026-02-09_buddypress	1093	MEDIUM	2	0	1	1	0	0
drawSQL-mysql-export-2026-02-09_buddypress	1094	MEDIUM	1	0	0	0	0	0
drawSQL-mysql-export-2026-02-09_buddypress	1095	MEDIUM	1	0	0	1	1	0
drawSQL-mysql-export-2026-02-09_buddypress	1096	MEDIUM	2	0	1	2	2	1
drawSQL-mysql-export-2026-02-09_buddypress	1097	HARD	1	0	0	0	0	0
drawSQL-mysql-export-2026-02-09_buddypress	1098	HARD	1	0	1	2	0	2
drawSQL-mysql-export-2026-02-09_buddypress	1099	HARD	1	0	0	1	1	0
drawSQL-mysql-export-2026-02-09_buddypress	1100	HARD	2	0	1	2	2	1
drawSQL-mysql-export-2026-02-09_buddypress	1101	HARD	1	0	0	1	1	1
drawSQL-mysql-export-2026-02-09_buddypress	1102	HARD	2	0	1	1	0	0
drawSQL-mysql-export-2026-02-09_buddypress	1103	HARD	3	2	0	0	0	0
drawSQL-mysql-export-2026-02-09_buddypress	1104	HARD	1	0	0	1	0	2
drawSQL-mysql-export-2026-02-09_canvas	1105	EASY	1	0	0	1	1	0
drawSQL-mysql-export-2026-02-09_canvas	1106	EASY	1	0	0	1	1	0
drawSQL-mysql-export-2026-02-09_canvas	1107	EASY	1	0	0	0	0	0
drawSQL-mysql-export-2026-02-09_canvas	1108	EASY	1	0	0	0	0	0
drawSQL-mysql-export-2026-02-09_canvas	1109	EASY	1	0	0	0	0	0
drawSQL-mysql-export-2026-02-09_canvas	1110	EASY	1	0	0	1	1	0
drawSQL-mysql-export-2026-02-09_canvas	1111	EASY	1	0	0	0	0	0
drawSQL-mysql-export-2026-02-09_canvas	1112	EASY	1	0	0	0	0	0
drawSQL-mysql-export-2026-02-09_canvas	1113	MEDIUM	1	0	0	0	0	0
drawSQL-mysql-export-2026-02-09_canvas	1114	MEDIUM	2	1	0	0	0	0
drawSQL-mysql-export-2026-02-09_canvas	1115	MEDIUM	1	0	0	1	1	0
drawSQL-mysql-export-2026-02-09_canvas	1116	MEDIUM	1	0	0	1	2	0
drawSQL-mysql-export-2026-02-09_canvas	1117	MEDIUM	2	0	1	1	0	0
drawSQL-mysql-export-2026-02-09_canvas	1118	MEDIUM	1	0	0	0	0	0
drawSQL-mysql-export-2026-02-09_canvas	1119	MEDIUM	1	0	0	1	1	0
drawSQL-mysql-export-2026-02-09_canvas	1120	MEDIUM	2	0	1	2	2	1
drawSQL-mysql-export-2026-02-09_canvas	1121	HARD	2	1	0	0	0	0
drawSQL-mysql-export-2026-02-09_canvas	1122	HARD	1	0	1	2	0	2
drawSQL-mysql-export-2026-02-09_canvas	1123	HARD	1	0	0	1	1	0
drawSQL-mysql-export-2026-02-09_canvas	1124	HARD	2	0	1	2	2	1
drawSQL-mysql-export-2026-02-09_canvas	1125	HARD	1	0	0	1	1	1
drawSQL-mysql-export-2026-02-09_canvas	1126	HARD	2	0	1	1	0	0
drawSQL-mysql-export-2026-02-09_canvas	1127	HARD	3	2	0	0	0	0
drawSQL-mysql-export-2026-02-09_canvas	1128	HARD	1	0	0	1	0	2
drawSQL-mysql-export-2026-02-09_cashier	1129	EASY	1	0	0	0	0	0
drawSQL-mysql-export-2026-02-09_cashier	1130	EASY	1	0	0	1	1	0
drawSQL-mysql-export-2026-02-09_cashier	1131	EASY	1	0	0	0	0	0
drawSQL-mysql-export-2026-02-09_cashier	1132	EASY	1	0	0	0	0	0
drawSQL-mysql-export-2026-02-09_cashier	1133	EASY	1	0	0	1	1	0
drawSQL-mysql-export-2026-02-09_cashier	1134	EASY	1	0	0	0	0	0
drawSQL-mysql-export-2026-02-09_cashier	1135	EASY	1	0	0	1	1	0
drawSQL-mysql-export-2026-02-09_cashier	1136	EASY	1	0	0	0	0	0
drawSQL-mysql-export-2026-02-09_cashier	1137	MEDIUM	1	0	0	0	0	0
drawSQL-mysql-export-2026-02-09_cashier	1138	MEDIUM	1	0	0	1	1	0
drawSQL-mysql-export-2026-02-09_cashier	1139	MEDIUM	1	0	0	1	2	0
drawSQL-mysql-export-2026-02-09_cashier	1140	MEDIUM	1	0	0	0	0	0
drawSQL-mysql-export-2026-02-09_cashier	1141	MEDIUM	1	0	1	2	0	2
drawSQL-mysql-export-2026-02-09_cashier	1142	MEDIUM	1	0	0	1	1	0
drawSQL-mysql-export-2026-02-09_cashier	1143	MEDIUM	2	0	1	2	2	1
drawSQL-mysql-export-2026-02-09_cashier	1144	MEDIUM	1	0	0	1	2	0
drawSQL-mysql-export-2026-02-09_cashier	1145	HARD	1	0	0	0	0	0
drawSQL-mysql-export-2026-02-09_cashier	1146	HARD	1	0	1	2	0	2
drawSQL-mysql-export-2026-02-09_cashier	1147	HARD	1	0	0	1	1	0
drawSQL-mysql-export-2026-02-09_cashier	1148	HARD	2	0	1	2	2	1
drawSQL-mysql-export-2026-02-09_cashier	1149	HARD	1	0	0	1	1	1
drawSQL-mysql-export-2026-02-09_cashier	1150	HARD	1	0	0	0	0	0
drawSQL-mysql-export-2026-02-09_cashier	1151	HARD	3	2	0	0	0	0
drawSQL-mysql-export-2026-02-09_cashier	1152	HARD	1	0	1	2	0	2
drawSQL-mysql-export-2026-02-09_chatwood	1153	EASY	1	0	0	1	1	0
drawSQL-mysql-export-2026-02-09_chatwood	1154	EASY	1	0	0	1	1	0
drawSQL-mysql-export-2026-02-09_chatwood	1155	EASY	1	0	0	0	0	0
drawSQL-mysql-export-2026-02-09_chatwood	1156	EASY	1	0	0	0	0	0
drawSQL-mysql-export-2026-02-09_chatwood	1157	EASY	1	0	0	1	1	0
drawSQL-mysql-export-2026-02-09_chatwood	1158	EASY	1	0	0	0	0	0
drawSQL-mysql-export-2026-02-09_chatwood	1159	EASY	1	0	0	1	1	0
drawSQL-mysql-export-2026-02-09_chatwood	1160	EASY	1	0	0	0	0	0
drawSQL-mysql-export-2026-02-09_chatwood	1161	MEDIUM	1	0	0	0	0	0
drawSQL-mysql-export-2026-02-09_chatwood	1162	MEDIUM	1	0	0	1	1	0
drawSQL-mysql-export-2026-02-09_chatwood	1163	MEDIUM	1	0	0	1	2	0
drawSQL-mysql-export-2026-02-09_chatwood	1164	MEDIUM	1	0	0	0	0	0
drawSQL-mysql-export-2026-02-09_chatwood	1165	MEDIUM	1	0	1	2	0	2
drawSQL-mysql-export-2026-02-09_chatwood	1166	MEDIUM	1	0	0	1	1	0
drawSQL-mysql-export-2026-02-09_chatwood	1167	MEDIUM	2	0	1	2	2	1
drawSQL-mysql-export-2026-02-09_chatwood	1168	MEDIUM	1	0	0	1	1	0
drawSQL-mysql-export-2026-02-09_chatwood	1169	HARD	2	1	0	0	0	0
drawSQL-mysql-export-2026-02-09_chatwood	1170	HARD	1	0	1	2	0	2
drawSQL-mysql-export-2026-02-09_chatwood	1171	HARD	1	0	0	1	1	0
drawSQL-mysql-export-2026-02-09_chatwood	1172	HARD	2	0	1	2	2	1
drawSQL-mysql-export-2026-02-09_chatwood	1173	HARD	1	0	0	1	1	1
drawSQL-mysql-export-2026-02-09_chatwood	1174	HARD	1	0	0	0	0	0
drawSQL-mysql-export-2026-02-09_chatwood	1175	HARD	4	3	0	0	0	0
drawSQL-mysql-export-2026-02-09_chatwood	1176	HARD	1	0	1	2	0	2
drawSQL-mysql-export-2026-02-09_defender	1177	EASY	1	0	0	1	1	0
drawSQL-mysql-export-2026-02-09_defender	1178	EASY	1	0	0	1	1	0
drawSQL-mysql-export-2026-02-09_defender	1179	EASY	1	0	0	0	0	0
drawSQL-mysql-export-2026-02-09_defender	1180	EASY	1	0	0	0	0	0
drawSQL-mysql-export-2026-02-09_defender	1181	EASY	1	0	0	0	0	0
drawSQL-mysql-export-2026-02-09_defender	1182	EASY	1	0	0	1	1	0
drawSQL-mysql-export-2026-02-09_defender	1183	EASY	1	0	0	0	0	0
drawSQL-mysql-export-2026-02-09_defender	1184	EASY	1	0	0	1	1	0
drawSQL-mysql-export-2026-02-09_defender	1185	MEDIUM	1	0	0	0	0	0
drawSQL-mysql-export-2026-02-09_defender	1186	MEDIUM	2	1	0	0	0	0
drawSQL-mysql-export-2026-02-09_defender	1187	MEDIUM	1	0	0	1	1	0
drawSQL-mysql-export-2026-02-09_defender	1188	MEDIUM	1	0	0	1	2	0
drawSQL-mysql-export-2026-02-09_defender	1189	MEDIUM	2	0	1	1	0	0
drawSQL-mysql-export-2026-02-09_defender	1190	MEDIUM	1	0	0	0	0	0
drawSQL-mysql-export-2026-02-09_defender	1191	MEDIUM	1	0	0	1	1	0
drawSQL-mysql-export-2026-02-09_defender	1192	MEDIUM	2	0	1	2	2	1
drawSQL-mysql-export-2026-02-09_defender	1193	HARD	3	2	0	0	0	0
drawSQL-mysql-export-2026-02-09_defender	1194	HARD	1	0	1	2	0	2
drawSQL-mysql-export-2026-02-09_defender	1195	HARD	1	0	0	1	1	0
drawSQL-mysql-export-2026-02-09_defender	1196	HARD	2	0	1	2	2	1
drawSQL-mysql-export-2026-02-09_defender	1197	HARD	1	0	0	1	1	1
drawSQL-mysql-export-2026-02-09_defender	1198	HARD	2	0	1	1	0	0
drawSQL-mysql-export-2026-02-09_defender	1199	HARD	3	2	0	0	0	0
drawSQL-mysql-export-2026-02-09_defender	1200	HARD	1	0	0	1	0	2
drawSQL-mysql-export-2026-02-09_diaspora	1201	EASY	1	0	0	1	1	0
drawSQL-mysql-export-2026-02-09_diaspora	1202	EASY	1	0	0	1	2	0
drawSQL-mysql-export-2026-02-09_diaspora	1203	EASY	1	0	0	1	1	0
drawSQL-mysql-export-2026-02-09_diaspora	1204	EASY	1	0	0	0	0	0
drawSQL-mysql-export-2026-02-09_diaspora	1205	EASY	1	0	0	0	0	0
drawSQL-mysql-export-2026-02-09_diaspora	1206	EASY	1	0	0	1	1	0
drawSQL-mysql-export-2026-02-09_diaspora	1207	EASY	1	0	0	0	0	0
drawSQL-mysql-export-2026-02-09_diaspora	1208	EASY	1	0	0	1	1	0
drawSQL-mysql-export-2026-02-09_diaspora	1209	MEDIUM	1	0	0	0	0	0
drawSQL-mysql-export-2026-02-09_diaspora	1210	MEDIUM	1	0	0	1	1	0
drawSQL-mysql-export-2026-02-09_diaspora	1211	MEDIUM	1	0	0	1	2	0
drawSQL-mysql-export-2026-02-09_diaspora	1212	MEDIUM	1	0	0	0	0	0
drawSQL-mysql-export-2026-02-09_diaspora	1213	MEDIUM	1	0	0	0	0	0
drawSQL-mysql-export-2026-02-09_diaspora	1214	MEDIUM	1	0	0	1	1	0
drawSQL-mysql-export-2026-02-09_diaspora	1215	MEDIUM	2	0	1	2	2	1
drawSQL-mysql-export-2026-02-09_diaspora	1216	MEDIUM	1	0	0	1	1	0
drawSQL-mysql-export-2026-02-09_diaspora	1217	HARD	1	0	0	0	0	0
drawSQL-mysql-export-2026-02-09_diaspora	1218	HARD	1	0	1	2	0	2
drawSQL-mysql-export-2026-02-09_diaspora	1219	HARD	1	0	0	1	1	0
drawSQL-mysql-export-2026-02-09_diaspora	1220	HARD	2	0	1	2	2	1
drawSQL-mysql-export-2026-02-09_diaspora	1221	HARD	1	0	0	1	1	1
drawSQL-mysql-export-2026-02-09_diaspora	1222	HARD	1	0	0	0	0	0
drawSQL-mysql-export-2026-02-09_diaspora	1223	HARD	3	2	0	0	0	0
drawSQL-mysql-export-2026-02-09_diaspora	1224	HARD	1	0	0	1	0	2
drawSQL-mysql-export-2026-02-09_djangoorg	1225	EASY	1	0	0	1	1	0
drawSQL-mysql-export-2026-02-09_djangoorg	1226	EASY	1	0	0	1	1	0
drawSQL-mysql-export-2026-02-09_djangoorg	1227	EASY	1	0	0	0	0	0
drawSQL-mysql-export-2026-02-09_djangoorg	1228	EASY	1	0	0	0	0	0
drawSQL-mysql-export-2026-02-09_djangoorg	1229	EASY	1	0	0	1	1	0
drawSQL-mysql-export-2026-02-09_djangoorg	1230	EASY	1	0	0	0	0	0
drawSQL-mysql-export-2026-02-09_djangoorg	1231	EASY	1	0	0	0	0	0
drawSQL-mysql-export-2026-02-09_djangoorg	1232	EASY	1	0	0	0	0	0
drawSQL-mysql-export-2026-02-09_djangoorg	1233	MEDIUM	1	0	0	0	0	0
drawSQL-mysql-export-2026-02-09_djangoorg	1234	MEDIUM	2	1	0	0	0	0
drawSQL-mysql-export-2026-02-09_djangoorg	1235	MEDIUM	2	0	1	1	0	0
drawSQL-mysql-export-2026-02-09_djangoorg	1236	MEDIUM	1	0	0	0	0	0
drawSQL-mysql-export-2026-02-09_djangoorg	1237	MEDIUM	1	0	0	0	0	0
drawSQL-mysql-export-2026-02-09_djangoorg	1238	MEDIUM	2	1	0	0	0	0
drawSQL-mysql-export-2026-02-09_djangoorg	1239	MEDIUM	1	0	0	1	1	0
drawSQL-mysql-export-2026-02-09_djangoorg	1240	MEDIUM	1	0	0	1	2	0
drawSQL-mysql-export-2026-02-09_djangoorg	1241	HARD	3	2	0	0	0	0
drawSQL-mysql-export-2026-02-09_djangoorg	1242	HARD	1	0	1	2	0	2
drawSQL-mysql-export-2026-02-09_djangoorg	1243	HARD	1	0	0	0	0	0
drawSQL-mysql-export-2026-02-09_djangoorg	1244	HARD	2	0	1	2	2	1
drawSQL-mysql-export-2026-02-09_djangoorg	1245	HARD	2	0	1	1	0	0
drawSQL-mysql-export-2026-02-09_djangoorg	1246	HARD	3	2	0	0	0	0
drawSQL-mysql-export-2026-02-09_djangoorg	1247	HARD	1	0	0	1	0	2
drawSQL-mysql-export-2026-02-09_djangoorg	1248	HARD	3	2	0	0	0	0
drawSQL-mysql-export-2026-02-09_doorkeeper	1249	EASY	1	0	0	1	1	0
drawSQL-mysql-export-2026-02-09_doorkeeper	1250	EASY	1	0	0	1	1	0
drawSQL-mysql-export-2026-02-09_doorkeeper	1251	EASY	1	0	0	0	0	0
drawSQL-mysql-export-2026-02-09_doorkeeper	1252	EASY	1	0	0	0	0	0
drawSQL-mysql-export-2026-02-09_doorkeeper	1253	EASY	1	0	0	1	1	0
drawSQL-mysql-export-2026-02-09_doorkeeper	1254	EASY	1	0	0	0	0	0
drawSQL-mysql-export-2026-02-09_doorkeeper	1255	EASY	1	0	0	1	1	0
drawSQL-mysql-export-2026-02-09_doorkeeper	1256	EASY	1	0	0	0	0	0
drawSQL-mysql-export-2026-02-09_doorkeeper	1257	MEDIUM	1	0	0	0	0	0
drawSQL-mysql-export-2026-02-09_doorkeeper	1258	MEDIUM	1	0	0	1	1	0
drawSQL-mysql-export-2026-02-09_doorkeeper	1259	MEDIUM	1	0	0	1	2	0
drawSQL-mysql-export-2026-02-09_doorkeeper	1260	MEDIUM	1	0	0	0	0	0
drawSQL-mysql-export-2026-02-09_doorkeeper	1261	MEDIUM	1	0	0	0	0	0
drawSQL-mysql-export-2026-02-09_doorkeeper	1262	MEDIUM	1	0	0	1	1	0
drawSQL-mysql-export-2026-02-09_doorkeeper	1263	MEDIUM	2	0	1	2	2	1
drawSQL-mysql-export-2026-02-09_doorkeeper	1264	MEDIUM	1	0	0	1	1	0
drawSQL-mysql-export-2026-02-09_doorkeeper	1265	HARD	3	2	0	0	0	0
drawSQL-mysql-export-2026-02-09_doorkeeper	1266	HARD	1	0	1	2	0	2
drawSQL-mysql-export-2026-02-09_doorkeeper	1267	HARD	1	0	0	1	1	0
drawSQL-mysql-export-2026-02-09_doorkeeper	1268	HARD	2	0	1	2	2	1
drawSQL-mysql-export-2026-02-09_doorkeeper	1269	HARD	1	0	0	1	1	1
drawSQL-mysql-export-2026-02-09_doorkeeper	1270	HARD	1	0	0	0	0	0
drawSQL-mysql-export-2026-02-09_doorkeeper	1271	HARD	3	2	0	0	0	0
drawSQL-mysql-export-2026-02-09_doorkeeper	1272	HARD	1	0	0	1	0	2
drawSQL-mysql-export-2026-02-09_featureflags	1273	EASY	1	0	0	1	1	0
drawSQL-mysql-export-2026-02-09_featureflags	1274	EASY	1	0	0	1	1	0
drawSQL-mysql-export-2026-02-09_featureflags	1275	EASY	1	0	0	0	0	0
drawSQL-mysql-export-2026-02-09_featureflags	1276	EASY	1	0	0	0	0	0
drawSQL-mysql-export-2026-02-09_featureflags	1277	EASY	1	0	0	0	0	0
drawSQL-mysql-export-2026-02-09_featureflags	1278	EASY	1	0	0	0	0	0
drawSQL-mysql-export-2026-02-09_featureflags	1279	EASY	1	0	0	1	1	0
drawSQL-mysql-export-2026-02-09_featureflags	1280	EASY	1	0	0	0	0	0
drawSQL-mysql-export-2026-02-09_featureflags	1281	MEDIUM	1	0	0	0	0	0
drawSQL-mysql-export-2026-02-09_featureflags	1282	MEDIUM	2	1	0	0	0	0
drawSQL-mysql-export-2026-02-09_featureflags	1283	MEDIUM	1	0	0	1	1	0
drawSQL-mysql-export-2026-02-09_featureflags	1284	MEDIUM	1	0	0	1	2	0
drawSQL-mysql-export-2026-02-09_featureflags	1285	MEDIUM	2	0	1	1	0	0
drawSQL-mysql-export-2026-02-09_featureflags	1286	MEDIUM	1	0	0	0	0	0
drawSQL-mysql-export-2026-02-09_featureflags	1287	MEDIUM	1	0	0	1	1	0
drawSQL-mysql-export-2026-02-09_featureflags	1288	MEDIUM	1	0	0	0	0	0
drawSQL-mysql-export-2026-02-09_featureflags	1289	HARD	3	2	0	0	0	0
drawSQL-mysql-export-2026-02-09_featureflags	1290	HARD	1	0	1	2	0	2
drawSQL-mysql-export-2026-02-09_featureflags	1291	HARD	1	0	0	1	1	0
drawSQL-mysql-export-2026-02-09_featureflags	1292	HARD	2	0	1	2	2	1
drawSQL-mysql-export-2026-02-09_featureflags	1293	HARD	1	0	0	1	1	1
drawSQL-mysql-export-2026-02-09_featureflags	1294	HARD	2	0	1	1	0	0
drawSQL-mysql-export-2026-02-09_featureflags	1295	HARD	3	2	0	0	0	0
drawSQL-mysql-export-2026-02-09_featureflags	1296	HARD	1	0	0	1	0	2
drawSQL-mysql-export-2026-02-09_flipper	1297	EASY	1	0	0	1	1	0
drawSQL-mysql-export-2026-02-09_flipper	1298	EASY	1	0	0	0	0	0
drawSQL-mysql-export-2026-02-09_flipper	1299	EASY	1	0	0	0	0	0
drawSQL-mysql-export-2026-02-09_flipper	1300	EASY	1	0	0	1	1	0
drawSQL-mysql-export-2026-02-09_flipper	1301	EASY	1	0	0	1	1	0
drawSQL-mysql-export-2026-02-09_flipper	1302	EASY	1	0	0	0	0	0
drawSQL-mysql-export-2026-02-09_flipper	1303	EASY	1	0	0	0	0	0
drawSQL-mysql-export-2026-02-09_flipper	1304	EASY	1	0	0	1	1	0
drawSQL-mysql-export-2026-02-09_flipper	1305	MEDIUM	1	0	0	1	1	0
drawSQL-mysql-export-2026-02-09_flipper	1306	MEDIUM	1	0	0	0	0	0
drawSQL-mysql-export-2026-02-09_flipper	1307	MEDIUM	1	0	0	0	0	0
drawSQL-mysql-export-2026-02-09_flipper	1308	MEDIUM	1	0	0	1	1	0
drawSQL-mysql-export-2026-02-09_flipper	1309	MEDIUM	1	0	0	0	0	0
drawSQL-mysql-export-2026-02-09_flipper	1310	MEDIUM	1	0	0	1	2	0
drawSQL-mysql-export-2026-02-09_flipper	1311	MEDIUM	1	0	0	0	0	0
drawSQL-mysql-export-2026-02-09_flipper	1312	MEDIUM	1	0	0	1	1	0
drawSQL-mysql-export-2026-02-09_flipper	1313	HARD	1	0	0	0	0	0
drawSQL-mysql-export-2026-02-09_flipper	1314	HARD	1	0	1	2	0	2
drawSQL-mysql-export-2026-02-09_flipper	1315	HARD	1	0	0	1	1	0
drawSQL-mysql-export-2026-02-09_flipper	1316	HARD	2	0	1	2	2	1
drawSQL-mysql-export-2026-02-09_flipper	1317	HARD	1	0	0	1	1	1
drawSQL-mysql-export-2026-02-09_flipper	1318	HARD	1	0	0	0	0	0
drawSQL-mysql-export-2026-02-09_flipper	1319	HARD	1	0	0	1	0	2
drawSQL-mysql-export-2026-02-09_flipper	1320	HARD	1	0	0	0	0	0
drawSQL-mysql-export-2026-02-09_freescout	1321	EASY	1	0	0	0	0	0
drawSQL-mysql-export-2026-02-09_freescout	1322	EASY	1	0	0	0	0	0
drawSQL-mysql-export-2026-02-09_freescout	1323	EASY	1	0	0	1	1	0
drawSQL-mysql-export-2026-02-09_freescout	1324	EASY	1	0	0	1	1	0
drawSQL-mysql-export-2026-02-09_freescout	1325	EASY	1	0	0	0	0	0
drawSQL-mysql-export-2026-02-09_freescout	1326	EASY	1	0	0	0	0	0
drawSQL-mysql-export-2026-02-09_freescout	1327	EASY	1	0	0	0	0	0
drawSQL-mysql-export-2026-02-09_freescout	1328	EASY	1	0	0	1	1	0
drawSQL-mysql-export-2026-02-09_freescout	1329	MEDIUM	1	0	0	0	0	0
drawSQL-mysql-export-2026-02-09_freescout	1330	MEDIUM	1	0	0	0	0	0
drawSQL-mysql-export-2026-02-09_freescout	1331	MEDIUM	1	0	0	1	1	0
drawSQL-mysql-export-2026-02-09_freescout	1332	MEDIUM	1	0	0	1	2	0
drawSQL-mysql-export-2026-02-09_freescout	1333	MEDIUM	1	0	0	0	0	0
drawSQL-mysql-export-2026-02-09_freescout	1334	MEDIUM	1	0	1	2	0	2
drawSQL-mysql-export-2026-02-09_freescout	1335	MEDIUM	1	0	0	1	1	0
drawSQL-mysql-export-2026-02-09_freescout	1336	MEDIUM	2	0	1	2	2	1
drawSQL-mysql-export-2026-02-09_freescout	1337	HARD	3	2	0	0	0	0
drawSQL-mysql-export-2026-02-09_freescout	1338	HARD	1	0	1	2	0	2
drawSQL-mysql-export-2026-02-09_freescout	1339	HARD	1	0	0	1	1	0
drawSQL-mysql-export-2026-02-09_freescout	1340	HARD	2	0	1	2	2	1
drawSQL-mysql-export-2026-02-09_freescout	1341	HARD	1	0	0	1	1	1
drawSQL-mysql-export-2026-02-09_freescout	1342	HARD	1	0	0	0	0	0
drawSQL-mysql-export-2026-02-09_freescout	1343	HARD	3	2	0	0	0	0
drawSQL-mysql-export-2026-02-09_freescout	1344	HARD	1	0	1	2	0	2
drawSQL-mysql-export-2026-02-09_gravity	1345	EASY	1	0	0	1	1	0
drawSQL-mysql-export-2026-02-09_gravity	1346	EASY	1	0	0	1	1	0
drawSQL-mysql-export-2026-02-09_gravity	1347	EASY	1	0	0	0	0	0
drawSQL-mysql-export-2026-02-09_gravity	1348	EASY	1	0	0	0	0	0
drawSQL-mysql-export-2026-02-09_gravity	1349	EASY	1	0	0	0	0	0
drawSQL-mysql-export-2026-02-09_gravity	1350	EASY	1	0	0	0	0	0
drawSQL-mysql-export-2026-02-09_gravity	1351	EASY	1	0	0	1	1	0
drawSQL-mysql-export-2026-02-09_gravity	1352	EASY	1	0	0	0	0	0
drawSQL-mysql-export-2026-02-09_gravity	1353	MEDIUM	1	0	0	0	0	0
drawSQL-mysql-export-2026-02-09_gravity	1354	MEDIUM	2	1	0	0	0	0
drawSQL-mysql-export-2026-02-09_gravity	1355	MEDIUM	1	0	0	1	1	0
drawSQL-mysql-export-2026-02-09_gravity	1356	MEDIUM	1	0	0	1	2	0
drawSQL-mysql-export-2026-02-09_gravity	1357	MEDIUM	2	0	1	1	0	0
drawSQL-mysql-export-2026-02-09_gravity	1358	MEDIUM	1	0	0	0	0	0
drawSQL-mysql-export-2026-02-09_gravity	1359	MEDIUM	1	0	0	1	1	0
drawSQL-mysql-export-2026-02-09_gravity	1360	MEDIUM	1	0	0	0	0	0
drawSQL-mysql-export-2026-02-09_gravity	1361	HARD	2	1	0	0	0	0
drawSQL-mysql-export-2026-02-09_gravity	1362	HARD	1	0	1	2	0	2
drawSQL-mysql-export-2026-02-09_gravity	1363	HARD	1	0	0	1	1	0
drawSQL-mysql-export-2026-02-09_gravity	1364	HARD	2	0	1	2	2	1
drawSQL-mysql-export-2026-02-09_gravity	1365	HARD	1	0	0	1	1	1
drawSQL-mysql-export-2026-02-09_gravity	1366	HARD	2	0	1	1	0	0
drawSQL-mysql-export-2026-02-09_gravity	1367	HARD	3	2	0	0	0	0
drawSQL-mysql-export-2026-02-09_gravity	1368	HARD	1	0	0	1	0	2
drawSQL-mysql-export-2026-02-09_handesk	1369	EASY	1	0	0	1	1	0
drawSQL-mysql-export-2026-02-09_handesk	1370	EASY	1	0	0	1	0	0
drawSQL-mysql-export-2026-02-09_handesk	1371	EASY	1	0	0	1	1	0
drawSQL-mysql-export-2026-02-09_handesk	1372	EASY	1	0	0	1	2	0
drawSQL-mysql-export-2026-02-09_handesk	1373	EASY	1	0	0	1	1	0
drawSQL-mysql-export-2026-02-09_handesk	1374	EASY	1	0	0	0	0	0
drawSQL-mysql-export-2026-02-09_handesk	1375	EASY	1	0	0	0	0	0
drawSQL-mysql-export-2026-02-09_handesk	1376	EASY	1	0	0	1	1	0
drawSQL-mysql-export-2026-02-09_handesk	1377	MEDIUM	1	0	0	2	1	0
drawSQL-mysql-export-2026-02-09_handesk	1378	MEDIUM	1	0	0	0	0	0
drawSQL-mysql-export-2026-02-09_handesk	1379	MEDIUM	1	0	0	1	1	0
drawSQL-mysql-export-2026-02-09_handesk	1380	MEDIUM	1	0	0	1	2	0
drawSQL-mysql-export-2026-02-09_handesk	1381	MEDIUM	1	0	0	0	0	0
drawSQL-mysql-export-2026-02-09_handesk	1382	MEDIUM	1	0	1	2	0	2
drawSQL-mysql-export-2026-02-09_handesk	1383	MEDIUM	1	0	0	1	1	0
drawSQL-mysql-export-2026-02-09_handesk	1384	MEDIUM	2	0	1	2	2	1
drawSQL-mysql-export-2026-02-09_handesk	1385	HARD	2	1	0	0	0	0
drawSQL-mysql-export-2026-02-09_handesk	1386	HARD	1	0	1	2	0	2
drawSQL-mysql-export-2026-02-09_handesk	1387	HARD	1	0	0	1	1	0
drawSQL-mysql-export-2026-02-09_handesk	1388	HARD	2	0	1	2	2	1
drawSQL-mysql-export-2026-02-09_handesk	1389	HARD	1	0	0	1	1	1
drawSQL-mysql-export-2026-02-09_handesk	1390	HARD	1	0	0	0	0	0
drawSQL-mysql-export-2026-02-09_handesk	1391	HARD	3	2	0	0	0	0
drawSQL-mysql-export-2026-02-09_handesk	1392	HARD	1	0	1	2	0	2
drawSQL-mysql-export-2026-02-09_homeland	1393	EASY	1	0	0	1	1	0
drawSQL-mysql-export-2026-02-09_homeland	1394	EASY	1	0	0	1	2	0
drawSQL-mysql-export-2026-02-09_homeland	1395	EASY	1	0	0	1	1	0
drawSQL-mysql-export-2026-02-09_homeland	1396	EASY	1	0	0	0	0	0
drawSQL-mysql-export-2026-02-09_homeland	1397	EASY	1	0	0	0	0	0
drawSQL-mysql-export-2026-02-09_homeland	1398	EASY	1	0	0	0	0	0
drawSQL-mysql-export-2026-02-09_homeland	1399	EASY	1	0	0	1	1	0
drawSQL-mysql-export-2026-02-09_homeland	1400	EASY	1	0	0	0	0	0
drawSQL-mysql-export-2026-02-09_homeland	1401	MEDIUM	1	0	0	0	0	0
drawSQL-mysql-export-2026-02-09_homeland	1402	MEDIUM	2	1	0	0	0	0
drawSQL-mysql-export-2026-02-09_homeland	1403	MEDIUM	1	0	0	1	1	0
drawSQL-mysql-export-2026-02-09_homeland	1404	MEDIUM	1	0	0	1	1	0
drawSQL-mysql-export-2026-02-09_homeland	1405	MEDIUM	1	0	0	0	0	0
drawSQL-mysql-export-2026-02-09_homeland	1406	MEDIUM	1	0	0	0	0	0
drawSQL-mysql-export-2026-02-09_homeland	1407	MEDIUM	1	0	0	1	1	0
drawSQL-mysql-export-2026-02-09_homeland	1408	MEDIUM	2	0	1	2	2	1
drawSQL-mysql-export-2026-02-09_homeland	1409	HARD	4	3	0	0	0	0
drawSQL-mysql-export-2026-02-09_homeland	1410	HARD	1	0	1	2	0	2
drawSQL-mysql-export-2026-02-09_homeland	1411	HARD	1	0	0	1	1	0
drawSQL-mysql-export-2026-02-09_homeland	1412	HARD	2	0	1	2	2	1
drawSQL-mysql-export-2026-02-09_homeland	1413	HARD	1	0	0	1	1	1
drawSQL-mysql-export-2026-02-09_homeland	1414	HARD	1	0	0	0	0	0
drawSQL-mysql-export-2026-02-09_homeland	1415	HARD	3	2	0	0	0	0
drawSQL-mysql-export-2026-02-09_homeland	1416	HARD	1	0	0	1	0	2
drawSQL-mysql-export-2026-02-09_jetstream	1417	EASY	1	0	0	1	1	0
drawSQL-mysql-export-2026-02-09_jetstream	1418	EASY	1	0	0	1	2	0
drawSQL-mysql-export-2026-02-09_jetstream	1419	EASY	1	0	0	1	1	0
drawSQL-mysql-export-2026-02-09_jetstream	1420	EASY	1	0	0	0	0	0
drawSQL-mysql-export-2026-02-09_jetstream	1421	EASY	1	0	0	0	0	0
drawSQL-mysql-export-2026-02-09_jetstream	1422	EASY	1	0	0	0	0	0
drawSQL-mysql-export-2026-02-09_jetstream	1423	EASY	1	0	0	1	1	0
drawSQL-mysql-export-2026-02-09_jetstream	1424	EASY	1	0	0	0	0	0
drawSQL-mysql-export-2026-02-09_jetstream	1425	MEDIUM	1	0	0	0	0	0
drawSQL-mysql-export-2026-02-09_jetstream	1426	MEDIUM	1	0	0	1	1	0
drawSQL-mysql-export-2026-02-09_jetstream	1427	MEDIUM	1	0	0	1	2	0
drawSQL-mysql-export-2026-02-09_jetstream	1428	MEDIUM	1	0	0	0	0	0
drawSQL-mysql-export-2026-02-09_jetstream	1429	MEDIUM	1	0	1	2	0	2
drawSQL-mysql-export-2026-02-09_jetstream	1430	MEDIUM	1	0	0	1	1	0
drawSQL-mysql-export-2026-02-09_jetstream	1431	MEDIUM	2	0	1	2	2	1
drawSQL-mysql-export-2026-02-09_jetstream	1432	MEDIUM	1	0	0	1	1	0
drawSQL-mysql-export-2026-02-09_jetstream	1433	HARD	3	2	0	0	0	0
drawSQL-mysql-export-2026-02-09_jetstream	1434	HARD	1	0	1	2	0	2
drawSQL-mysql-export-2026-02-09_jetstream	1435	HARD	1	0	0	1	1	0
drawSQL-mysql-export-2026-02-09_jetstream	1436	HARD	2	0	1	2	2	1
drawSQL-mysql-export-2026-02-09_jetstream	1437	HARD	1	0	0	1	1	1
drawSQL-mysql-export-2026-02-09_jetstream	1438	HARD	1	0	0	0	0	0
drawSQL-mysql-export-2026-02-09_jetstream	1439	HARD	3	2	0	0	0	0
drawSQL-mysql-export-2026-02-09_jetstream	1440	HARD	1	0	1	2	0	2
drawSQL-mysql-export-2026-02-09_larametrics	1441	EASY	1	0	0	1	1	0
drawSQL-mysql-export-2026-02-09_larametrics	1442	EASY	1	0	0	1	1	0
drawSQL-mysql-export-2026-02-09_larametrics	1443	EASY	1	0	0	0	0	0
drawSQL-mysql-export-2026-02-09_larametrics	1444	EASY	1	0	0	0	0	0
drawSQL-mysql-export-2026-02-09_larametrics	1445	EASY	1	0	0	0	0	0
drawSQL-mysql-export-2026-02-09_larametrics	1446	EASY	1	0	0	1	1	0
drawSQL-mysql-export-2026-02-09_larametrics	1447	EASY	1	0	0	0	0	0
drawSQL-mysql-export-2026-02-09_larametrics	1448	EASY	1	0	0	0	0	0
drawSQL-mysql-export-2026-02-09_larametrics	1449	MEDIUM	1	0	0	0	0	0
drawSQL-mysql-export-2026-02-09_larametrics	1450	MEDIUM	1	0	0	1	1	0
drawSQL-mysql-export-2026-02-09_larametrics	1451	MEDIUM	1	0	0	1	2	0
drawSQL-mysql-export-2026-02-09_larametrics	1452	MEDIUM	1	0	0	0	0	0
drawSQL-mysql-export-2026-02-09_larametrics	1453	MEDIUM	1	0	0	0	0	0
drawSQL-mysql-export-2026-02-09_larametrics	1454	MEDIUM	1	0	0	1	1	0
drawSQL-mysql-export-2026-02-09_larametrics	1455	MEDIUM	2	0	1	2	2	1
drawSQL-mysql-export-2026-02-09_larametrics	1456	MEDIUM	1	0	0	1	2	0
drawSQL-mysql-export-2026-02-09_larametrics	1457	HARD	2	1	0	0	0	0
drawSQL-mysql-export-2026-02-09_larametrics	1458	HARD	1	0	1	2	0	2
drawSQL-mysql-export-2026-02-09_larametrics	1459	HARD	1	0	0	1	1	0
drawSQL-mysql-export-2026-02-09_larametrics	1460	HARD	2	0	1	2	2	1
drawSQL-mysql-export-2026-02-09_larametrics	1461	HARD	1	0	0	1	1	1
drawSQL-mysql-export-2026-02-09_larametrics	1462	HARD	1	0	0	0	0	0
drawSQL-mysql-export-2026-02-09_larametrics	1463	HARD	3	2	0	0	0	0
drawSQL-mysql-export-2026-02-09_larametrics	1464	HARD	1	0	0	1	0	2
drawSQL-mysql-export-2026-02-09_laratrust	1465	EASY	1	0	0	1	1	0
drawSQL-mysql-export-2026-02-09_laratrust	1466	EASY	1	0	0	1	1	0
drawSQL-mysql-export-2026-02-09_laratrust	1467	EASY	1	0	0	0	0	0
drawSQL-mysql-export-2026-02-09_laratrust	1468	EASY	1	0	0	0	0	0
drawSQL-mysql-export-2026-02-09_laratrust	1469	EASY	1	0	0	0	0	0
drawSQL-mysql-export-2026-02-09_laratrust	1470	EASY	1	0	0	1	1	0
drawSQL-mysql-export-2026-02-09_laratrust	1471	EASY	1	0	0	0	0	0
drawSQL-mysql-export-2026-02-09_laratrust	1472	EASY	1	0	0	0	0	0
drawSQL-mysql-export-2026-02-09_laratrust	1473	MEDIUM	1	0	0	0	0	0
drawSQL-mysql-export-2026-02-09_laratrust	1474	MEDIUM	1	0	0	1	2	0
drawSQL-mysql-export-2026-02-09_laratrust	1475	MEDIUM	1	0	0	0	0	0
drawSQL-mysql-export-2026-02-09_laratrust	1476	MEDIUM	1	0	0	0	0	0
drawSQL-mysql-export-2026-02-09_laratrust	1477	MEDIUM	2	0	1	2	2	1
drawSQL-mysql-export-2026-02-09_laratrust	1478	MEDIUM	1	0	0	1	1	0
drawSQL-mysql-export-2026-02-09_laratrust	1479	MEDIUM	2	0	1	1	0	0
drawSQL-mysql-export-2026-02-09_laratrust	1480	MEDIUM	1	0	0	0	0	0
drawSQL-mysql-export-2026-02-09_laratrust	1481	HARD	2	1	0	0	0	0
drawSQL-mysql-export-2026-02-09_laratrust	1482	HARD	1	0	1	2	0	2
drawSQL-mysql-export-2026-02-09_laratrust	1483	HARD	1	0	0	0	0	0
drawSQL-mysql-export-2026-02-09_laratrust	1484	HARD	2	0	1	2	2	1
drawSQL-mysql-export-2026-02-09_laratrust	1485	HARD	1	0	0	0	0	0
drawSQL-mysql-export-2026-02-09_laratrust	1486	HARD	3	2	0	0	0	0
drawSQL-mysql-export-2026-02-09_laratrust	1487	HARD	1	0	0	1	0	2
drawSQL-mysql-export-2026-02-09_laratrust	1488	HARD	2	1	0	0	0	0
drawSQL-mysql-export-2026-02-09_laravelio	1489	EASY	1	0	0	1	1	0
drawSQL-mysql-export-2026-02-09_laravelio	1490	EASY	1	0	0	1	1	0
drawSQL-mysql-export-2026-02-09_laravelio	1491	EASY	1	0	0	0	0	0
drawSQL-mysql-export-2026-02-09_laravelio	1492	EASY	1	0	0	0	0	0
drawSQL-mysql-export-2026-02-09_laravelio	1493	EASY	1	0	0	1	1	0
drawSQL-mysql-export-2026-02-09_laravelio	1494	EASY	1	0	0	0	0	0
drawSQL-mysql-export-2026-02-09_laravelio	1495	EASY	1	0	0	1	1	0
drawSQL-mysql-export-2026-02-09_laravelio	1496	EASY	1	0	0	0	0	0
drawSQL-mysql-export-2026-02-09_laravelio	1497	MEDIUM	1	0	0	0	0	0
drawSQL-mysql-export-2026-02-09_laravelio	1498	MEDIUM	1	0	0	1	1	0
drawSQL-mysql-export-2026-02-09_laravelio	1499	MEDIUM	1	0	0	1	2	0
drawSQL-mysql-export-2026-02-09_laravelio	1500	MEDIUM	1	0	0	0	0	0
drawSQL-mysql-export-2026-02-09_laravelio	1501	MEDIUM	1	0	1	2	0	2
drawSQL-mysql-export-2026-02-09_laravelio	1502	MEDIUM	1	0	0	1	1	0
drawSQL-mysql-export-2026-02-09_laravelio	1503	MEDIUM	2	0	1	2	2	1
drawSQL-mysql-export-2026-02-09_laravelio	1504	MEDIUM	1	0	0	1	1	0
drawSQL-mysql-export-2026-02-09_laravelio	1505	HARD	4	3	0	0	0	0
drawSQL-mysql-export-2026-02-09_laravelio	1506	HARD	1	0	1	2	0	2
drawSQL-mysql-export-2026-02-09_laravelio	1507	HARD	1	0	0	1	1	0
drawSQL-mysql-export-2026-02-09_laravelio	1508	HARD	2	0	1	2	2	1
drawSQL-mysql-export-2026-02-09_laravelio	1509	HARD	1	0	0	1	1	1
drawSQL-mysql-export-2026-02-09_laravelio	1510	HARD	1	0	0	0	0	0
drawSQL-mysql-export-2026-02-09_laravelio	1511	HARD	3	2	0	0	0	0
drawSQL-mysql-export-2026-02-09_laravelio	1512	HARD	1	0	1	2	0	2
drawSQL-mysql-export-2026-02-09_laraveltalk	1513	EASY	1	0	0	1	1	0
drawSQL-mysql-export-2026-02-09_laraveltalk	1514	EASY	1	0	0	1	1	0
drawSQL-mysql-export-2026-02-09_laraveltalk	1515	EASY	1	0	0	0	0	0
drawSQL-mysql-export-2026-02-09_laraveltalk	1516	EASY	1	0	0	0	0	0
drawSQL-mysql-export-2026-02-09_laraveltalk	1517	EASY	1	0	0	1	1	0
drawSQL-mysql-export-2026-02-09_laraveltalk	1518	EASY	1	0	0	0	0	0
drawSQL-mysql-export-2026-02-09_laraveltalk	1519	EASY	1	0	0	1	1	0
drawSQL-mysql-export-2026-02-09_laraveltalk	1520	EASY	1	0	0	0	0	0
drawSQL-mysql-export-2026-02-09_laraveltalk	1521	MEDIUM	1	0	0	0	0	0
drawSQL-mysql-export-2026-02-09_laraveltalk	1522	MEDIUM	1	0	0	1	1	0
drawSQL-mysql-export-2026-02-09_laraveltalk	1523	MEDIUM	1	0	0	1	2	0
drawSQL-mysql-export-2026-02-09_laraveltalk	1524	MEDIUM	1	0	0	0	0	0
drawSQL-mysql-export-2026-02-09_laraveltalk	1525	MEDIUM	1	0	0	0	0	0
drawSQL-mysql-export-2026-02-09_laraveltalk	1526	MEDIUM	1	0	0	1	1	0
drawSQL-mysql-export-2026-02-09_laraveltalk	1527	MEDIUM	2	0	1	2	2	1
drawSQL-mysql-export-2026-02-09_laraveltalk	1528	MEDIUM	1	0	0	0	0	0
drawSQL-mysql-export-2026-02-09_laraveltalk	1529	HARD	2	1	0	0	0	0
drawSQL-mysql-export-2026-02-09_laraveltalk	1530	HARD	1	0	1	2	0	2
drawSQL-mysql-export-2026-02-09_laraveltalk	1531	HARD	1	0	0	1	1	0
drawSQL-mysql-export-2026-02-09_laraveltalk	1532	HARD	2	0	1	2	2	1
drawSQL-mysql-export-2026-02-09_laraveltalk	1533	HARD	1	0	0	1	1	1
drawSQL-mysql-export-2026-02-09_laraveltalk	1534	HARD	1	0	0	0	0	0
drawSQL-mysql-export-2026-02-09_laraveltalk	1535	HARD	3	2	0	0	0	0
drawSQL-mysql-export-2026-02-09_laraveltalk	1536	HARD	1	0	0	1	0	2
drawSQL-mysql-export-2026-02-09_lobsters	1537	EASY	1	0	0	1	1	0
drawSQL-mysql-export-2026-02-09_lobsters	1538	EASY	1	0	0	0	0	0
drawSQL-mysql-export-2026-02-09_lobsters	1539	EASY	1	0	0	1	1	0
drawSQL-mysql-export-2026-02-09_lobsters	1540	EASY	1	0	0	0	0	0
drawSQL-mysql-export-2026-02-09_lobsters	1541	EASY	1	0	0	0	0	0
drawSQL-mysql-export-2026-02-09_lobsters	1542	EASY	1	0	0	1	1	0
drawSQL-mysql-export-2026-02-09_lobsters	1543	EASY	1	0	0	0	0	0
drawSQL-mysql-export-2026-02-09_lobsters	1544	EASY	1	0	0	0	0	0
drawSQL-mysql-export-2026-02-09_lobsters	1545	MEDIUM	2	1	0	1	2	0
drawSQL-mysql-export-2026-02-09_lobsters	1546	MEDIUM	1	0	0	1	2	0
drawSQL-mysql-export-2026-02-09_lobsters	1547	MEDIUM	1	0	0	0	0	0
drawSQL-mysql-export-2026-02-09_lobsters	1548	MEDIUM	1	0	0	1	1	0
drawSQL-mysql-export-2026-02-09_lobsters	1549	MEDIUM	1	0	0	1	2	0
drawSQL-mysql-export-2026-02-09_lobsters	1550	MEDIUM	1	0	0	0	0	0
drawSQL-mysql-export-2026-02-09_lobsters	1551	MEDIUM	1	0	0	0	0	0
drawSQL-mysql-export-2026-02-09_lobsters	1552	MEDIUM	1	0	0	1	1	0
drawSQL-mysql-export-2026-02-09_lobsters	1553	HARD	3	2	0	0	0	0
drawSQL-mysql-export-2026-02-09_lobsters	1554	HARD	1	0	1	2	0	2
drawSQL-mysql-export-2026-02-09_lobsters	1555	HARD	1	0	0	1	1	0
drawSQL-mysql-export-2026-02-09_lobsters	1556	HARD	2	0	1	2	2	1
drawSQL-mysql-export-2026-02-09_lobsters	1557	HARD	1	0	0	1	1	1
drawSQL-mysql-export-2026-02-09_lobsters	1558	HARD	1	0	0	0	0	0
drawSQL-mysql-export-2026-02-09_lobsters	1559	HARD	3	2	0	0	0	0
drawSQL-mysql-export-2026-02-09_lobsters	1560	HARD	1	0	0	1	0	2
drawSQL-mysql-export-2026-02-09_love	1561	EASY	1	0	0	1	1	0
drawSQL-mysql-export-2026-02-09_love	1562	EASY	1	0	0	0	0	0
drawSQL-mysql-export-2026-02-09_love	1563	EASY	1	0	0	0	0	0
drawSQL-mysql-export-2026-02-09_love	1564	EASY	1	0	0	1	1	0
drawSQL-mysql-export-2026-02-09_love	1565	EASY	1	0	0	0	0	0
drawSQL-mysql-export-2026-02-09_love	1566	EASY	1	0	0	1	1	0
drawSQL-mysql-export-2026-02-09_love	1567	EASY	1	0	0	0	0	0
drawSQL-mysql-export-2026-02-09_love	1568	EASY	1	0	0	0	0	0
drawSQL-mysql-export-2026-02-09_love	1569	MEDIUM	1	0	0	1	1	0
drawSQL-mysql-export-2026-02-09_love	1570	MEDIUM	1	0	0	1	2	0
drawSQL-mysql-export-2026-02-09_love	1571	MEDIUM	1	0	0	0	0	0
drawSQL-mysql-export-2026-02-09_love	1572	MEDIUM	1	0	1	2	0	2
drawSQL-mysql-export-2026-02-09_love	1573	MEDIUM	1	0	0	1	1	0
drawSQL-mysql-export-2026-02-09_love	1574	MEDIUM	2	0	1	2	2	1
drawSQL-mysql-export-2026-02-09_love	1575	MEDIUM	1	0	0	1	1	0
drawSQL-mysql-export-2026-02-09_love	1576	MEDIUM	1	0	0	1	2	0
drawSQL-mysql-export-2026-02-09_love	1577	HARD	3	2	0	0	0	0
drawSQL-mysql-export-2026-02-09_love	1578	HARD	1	0	1	2	0	2
drawSQL-mysql-export-2026-02-09_love	1579	HARD	1	0	0	1	1	0
drawSQL-mysql-export-2026-02-09_love	1580	HARD	2	0	1	2	2	1
drawSQL-mysql-export-2026-02-09_love	1581	HARD	1	0	0	1	1	1
drawSQL-mysql-export-2026-02-09_love	1582	HARD	1	0	0	0	0	0
drawSQL-mysql-export-2026-02-09_love	1583	HARD	3	2	0	0	0	0
drawSQL-mysql-export-2026-02-09_love	1584	HARD	1	0	1	2	0	2
drawSQL-mysql-export-2026-02-09_messenger	1585	EASY	1	0	0	1	1	0
drawSQL-mysql-export-2026-02-09_messenger	1586	EASY	1	0	0	1	1	0
drawSQL-mysql-export-2026-02-09_messenger	1587	EASY	1	0	0	0	0	0
drawSQL-mysql-export-2026-02-09_messenger	1588	EASY	1	0	0	0	0	0
drawSQL-mysql-export-2026-02-09_messenger	1589	EASY	1	0	0	1	1	0
drawSQL-mysql-export-2026-02-09_messenger	1590	EASY	1	0	0	0	0	0
drawSQL-mysql-export-2026-02-09_messenger	1591	EASY	1	0	0	1	1	0
drawSQL-mysql-export-2026-02-09_messenger	1592	EASY	1	0	0	0	0	0
drawSQL-mysql-export-2026-02-09_messenger	1593	MEDIUM	1	0	0	0	0	0
drawSQL-mysql-export-2026-02-09_messenger	1594	MEDIUM	2	1	0	0	0	0
drawSQL-mysql-export-2026-02-09_messenger	1595	MEDIUM	1	0	0	1	1	0
drawSQL-mysql-export-2026-02-09_messenger	1596	MEDIUM	1	0	0	1	2	0
drawSQL-mysql-export-2026-02-09_messenger	1597	MEDIUM	2	0	1	1	0	0
drawSQL-mysql-export-2026-02-09_messenger	1598	MEDIUM	1	0	0	0	0	0
drawSQL-mysql-export-2026-02-09_messenger	1599	MEDIUM	1	0	0	1	1	0
drawSQL-mysql-export-2026-02-09_messenger	1600	MEDIUM	2	0	1	2	2	1
drawSQL-mysql-export-2026-02-09_messenger	1601	HARD	3	2	0	0	0	0
drawSQL-mysql-export-2026-02-09_messenger	1602	HARD	1	0	1	2	0	2
drawSQL-mysql-export-2026-02-09_messenger	1603	HARD	1	0	0	1	1	0
drawSQL-mysql-export-2026-02-09_messenger	1604	HARD	2	0	1	2	2	1
drawSQL-mysql-export-2026-02-09_messenger	1605	HARD	1	0	0	1	1	1
drawSQL-mysql-export-2026-02-09_messenger	1606	HARD	2	0	1	1	0	0
drawSQL-mysql-export-2026-02-09_messenger	1607	HARD	3	2	0	0	0	0
drawSQL-mysql-export-2026-02-09_messenger	1608	HARD	1	0	0	1	0	2
drawSQL-mysql-export-2026-02-09_octobercms	1609	EASY	1	0	0	1	1	0
drawSQL-mysql-export-2026-02-09_octobercms	1610	EASY	1	0	0	1	1	0
drawSQL-mysql-export-2026-02-09_octobercms	1611	EASY	1	0	0	0	0	0
drawSQL-mysql-export-2026-02-09_octobercms	1612	EASY	1	0	0	0	0	0
drawSQL-mysql-export-2026-02-09_octobercms	1613	EASY	1	0	0	1	1	0
drawSQL-mysql-export-2026-02-09_octobercms	1614	EASY	1	0	0	0	0	0
drawSQL-mysql-export-2026-02-09_octobercms	1615	EASY	1	0	0	1	1	0
drawSQL-mysql-export-2026-02-09_octobercms	1616	EASY	1	0	0	0	0	0
drawSQL-mysql-export-2026-02-09_octobercms	1617	MEDIUM	1	0	0	0	0	0
drawSQL-mysql-export-2026-02-09_octobercms	1618	MEDIUM	1	0	0	1	1	0
drawSQL-mysql-export-2026-02-09_octobercms	1619	MEDIUM	1	0	0	1	2	0
drawSQL-mysql-export-2026-02-09_octobercms	1620	MEDIUM	1	0	0	0	0	0
drawSQL-mysql-export-2026-02-09_octobercms	1621	MEDIUM	1	0	0	0	0	0
drawSQL-mysql-export-2026-02-09_octobercms	1622	MEDIUM	1	0	0	1	1	0
drawSQL-mysql-export-2026-02-09_octobercms	1623	MEDIUM	2	0	1	2	2	1
drawSQL-mysql-export-2026-02-09_octobercms	1624	MEDIUM	1	0	0	0	0	0
drawSQL-mysql-export-2026-02-09_octobercms	1625	HARD	2	1	0	0	0	0
drawSQL-mysql-export-2026-02-09_octobercms	1626	HARD	1	0	1	2	0	2
drawSQL-mysql-export-2026-02-09_octobercms	1627	HARD	1	0	0	1	1	0
drawSQL-mysql-export-2026-02-09_octobercms	1628	HARD	2	0	1	2	2	1
drawSQL-mysql-export-2026-02-09_octobercms	1629	HARD	1	0	0	1	1	1
drawSQL-mysql-export-2026-02-09_octobercms	1630	HARD	1	0	0	0	0	0
drawSQL-mysql-export-2026-02-09_octobercms	1631	HARD	3	2	0	0	0	0
drawSQL-mysql-export-2026-02-09_octobercms	1632	HARD	1	0	0	1	0	2
drawSQL-mysql-export-2026-02-09_octobox	1633	EASY	1	0	0	1	1	0
drawSQL-mysql-export-2026-02-09_octobox	1634	EASY	1	0	0	1	1	0
drawSQL-mysql-export-2026-02-09_octobox	1635	EASY	1	0	0	0	0	0
drawSQL-mysql-export-2026-02-09_octobox	1636	EASY	1	0	0	0	0	0
drawSQL-mysql-export-2026-02-09_octobox	1637	EASY	1	0	0	1	1	0
drawSQL-mysql-export-2026-02-09_octobox	1638	EASY	1	0	0	0	0	0
drawSQL-mysql-export-2026-02-09_octobox	1639	EASY	1	0	0	1	1	0
drawSQL-mysql-export-2026-02-09_octobox	1640	EASY	1	0	0	0	0	0
drawSQL-mysql-export-2026-02-09_octobox	1641	MEDIUM	1	0	0	0	0	0
drawSQL-mysql-export-2026-02-09_octobox	1642	MEDIUM	1	0	0	1	1	0
drawSQL-mysql-export-2026-02-09_octobox	1643	MEDIUM	1	0	0	1	2	0
drawSQL-mysql-export-2026-02-09_octobox	1644	MEDIUM	1	0	0	0	0	0
drawSQL-mysql-export-2026-02-09_octobox	1645	MEDIUM	1	0	0	0	0	0
drawSQL-mysql-export-2026-02-09_octobox	1646	MEDIUM	1	0	0	1	1	0
drawSQL-mysql-export-2026-02-09_octobox	1647	MEDIUM	2	0	1	2	2	1
drawSQL-mysql-export-2026-02-09_octobox	1648	MEDIUM	1	0	0	0	0	0
drawSQL-mysql-export-2026-02-09_octobox	1649	HARD	3	2	0	0	0	0
drawSQL-mysql-export-2026-02-09_octobox	1650	HARD	1	0	1	2	0	2
drawSQL-mysql-export-2026-02-09_octobox	1651	HARD	1	0	0	1	1	0
drawSQL-mysql-export-2026-02-09_octobox	1652	HARD	2	0	1	2	2	1
drawSQL-mysql-export-2026-02-09_octobox	1653	HARD	1	0	0	1	1	1
drawSQL-mysql-export-2026-02-09_octobox	1654	HARD	1	0	0	0	0	0
drawSQL-mysql-export-2026-02-09_octobox	1655	HARD	3	2	0	0	0	0
drawSQL-mysql-export-2026-02-09_octobox	1656	HARD	1	0	0	1	0	2
drawSQL-mysql-export-2026-02-09_orchid	1657	EASY	1	0	0	1	1	0
drawSQL-mysql-export-2026-02-09_orchid	1658	EASY	1	0	0	1	1	0
drawSQL-mysql-export-2026-02-09_orchid	1659	EASY	1	0	0	0	0	0
drawSQL-mysql-export-2026-02-09_orchid	1660	EASY	1	0	0	0	0	0
drawSQL-mysql-export-2026-02-09_orchid	1661	EASY	1	0	0	1	1	0
drawSQL-mysql-export-2026-02-09_orchid	1662	EASY	1	0	0	0	0	0
drawSQL-mysql-export-2026-02-09_orchid	1663	EASY	1	0	0	1	1	0
drawSQL-mysql-export-2026-02-09_orchid	1664	EASY	1	0	0	0	0	0
drawSQL-mysql-export-2026-02-09_orchid	1665	MEDIUM	1	0	0	0	0	0
drawSQL-mysql-export-2026-02-09_orchid	1666	MEDIUM	1	0	0	1	1	0
drawSQL-mysql-export-2026-02-09_orchid	1667	MEDIUM	1	0	0	1	2	0
drawSQL-mysql-export-2026-02-09_orchid	1668	MEDIUM	1	0	0	0	0	0
drawSQL-mysql-export-2026-02-09_orchid	1669	MEDIUM	1	0	1	2	0	2
drawSQL-mysql-export-2026-02-09_orchid	1670	MEDIUM	1	0	0	1	1	0
drawSQL-mysql-export-2026-02-09_orchid	1671	MEDIUM	2	0	1	2	2	1
drawSQL-mysql-export-2026-02-09_orchid	1672	MEDIUM	1	0	0	0	0	0
drawSQL-mysql-export-2026-02-09_orchid	1673	HARD	2	1	0	0	0	0
drawSQL-mysql-export-2026-02-09_orchid	1674	HARD	1	0	1	2	0	2
drawSQL-mysql-export-2026-02-09_orchid	1675	HARD	1	0	0	1	1	0
drawSQL-mysql-export-2026-02-09_orchid	1676	HARD	2	0	1	2	2	1
drawSQL-mysql-export-2026-02-09_orchid	1677	HARD	1	0	0	1	1	1
drawSQL-mysql-export-2026-02-09_orchid	1678	HARD	1	0	0	0	0	0
drawSQL-mysql-export-2026-02-09_orchid	1679	HARD	3	2	0	0	0	0
drawSQL-mysql-export-2026-02-09_orchid	1680	HARD	1	0	1	2	0	2
drawSQL-mysql-export-2026-02-09_paddle	1681	EASY	1	0	0	0	0	0
drawSQL-mysql-export-2026-02-09_paddle	1682	EASY	1	0	0	1	1	0
drawSQL-mysql-export-2026-02-09_paddle	1683	EASY	1	0	0	0	0	0
drawSQL-mysql-export-2026-02-09_paddle	1684	EASY	1	0	0	0	0	0
drawSQL-mysql-export-2026-02-09_paddle	1685	EASY	1	0	0	1	1	0
drawSQL-mysql-export-2026-02-09_paddle	1686	EASY	1	0	0	0	0	0
drawSQL-mysql-export-2026-02-09_paddle	1687	EASY	1	0	0	1	1	0
drawSQL-mysql-export-2026-02-09_paddle	1688	EASY	1	0	0	0	0	0
drawSQL-mysql-export-2026-02-09_paddle	1689	MEDIUM	1	0	0	0	0	0
drawSQL-mysql-export-2026-02-09_paddle	1690	MEDIUM	1	0	0	1	1	0
drawSQL-mysql-export-2026-02-09_paddle	1691	MEDIUM	1	0	0	1	2	0
drawSQL-mysql-export-2026-02-09_paddle	1692	MEDIUM	1	0	0	0	0	0
drawSQL-mysql-export-2026-02-09_paddle	1693	MEDIUM	1	0	1	2	0	2
drawSQL-mysql-export-2026-02-09_paddle	1694	MEDIUM	1	0	0	1	1	0
drawSQL-mysql-export-2026-02-09_paddle	1695	MEDIUM	2	0	1	2	2	1
drawSQL-mysql-export-2026-02-09_paddle	1696	MEDIUM	1	0	0	1	2	0
drawSQL-mysql-export-2026-02-09_paddle	1697	HARD	1	0	0	0	0	0
drawSQL-mysql-export-2026-02-09_paddle	1698	HARD	1	0	1	2	0	2
drawSQL-mysql-export-2026-02-09_paddle	1699	HARD	1	0	0	1	1	0
drawSQL-mysql-export-2026-02-09_paddle	1700	HARD	2	0	1	2	2	1
drawSQL-mysql-export-2026-02-09_paddle	1701	HARD	1	0	0	1	1	1
drawSQL-mysql-export-2026-02-09_paddle	1702	HARD	1	0	0	0	0	0
drawSQL-mysql-export-2026-02-09_paddle	1703	HARD	3	2	0	0	0	0
drawSQL-mysql-export-2026-02-09_paddle	1704	HARD	1	0	1	2	0	2
drawSQL-mysql-export-2026-02-09_pay	1705	EASY	1	0	0	0	0	0
drawSQL-mysql-export-2026-02-09_pay	1706	EASY	1	0	0	1	1	0
drawSQL-mysql-export-2026-02-09_pay	1707	EASY	1	0	0	0	0	0
drawSQL-mysql-export-2026-02-09_pay	1708	EASY	1	0	0	0	0	0
drawSQL-mysql-export-2026-02-09_pay	1709	EASY	1	0	0	1	1	0
drawSQL-mysql-export-2026-02-09_pay	1710	EASY	1	0	0	0	0	0
drawSQL-mysql-export-2026-02-09_pay	1711	EASY	1	0	0	0	0	0
drawSQL-mysql-export-2026-02-09_pay	1712	EASY	1	0	0	1	1	0
drawSQL-mysql-export-2026-02-09_pay	1713	MEDIUM	1	0	0	0	0	0
drawSQL-mysql-export-2026-02-09_pay	1714	MEDIUM	1	0	0	1	2	0
drawSQL-mysql-export-2026-02-09_pay	1715	MEDIUM	1	0	0	0	0	0
drawSQL-mysql-export-2026-02-09_pay	1716	MEDIUM	1	0	0	1	1	0
drawSQL-mysql-export-2026-02-09_pay	1717	MEDIUM	1	0	0	1	2	0
drawSQL-mysql-export-2026-02-09_pay	1718	MEDIUM	1	0	0	0	0	0
drawSQL-mysql-export-2026-02-09_pay	1719	MEDIUM	1	0	1	2	0	2
drawSQL-mysql-export-2026-02-09_pay	1720	MEDIUM	1	0	0	1	1	0
drawSQL-mysql-export-2026-02-09_pay	1721	HARD	1	0	0	0	0	0
drawSQL-mysql-export-2026-02-09_pay	1722	HARD	1	0	1	2	0	2
drawSQL-mysql-export-2026-02-09_pay	1723	HARD	1	0	0	1	1	0
drawSQL-mysql-export-2026-02-09_pay	1724	HARD	2	0	1	2	2	1
drawSQL-mysql-export-2026-02-09_pay	1725	HARD	1	0	0	1	1	1
drawSQL-mysql-export-2026-02-09_pay	1726	HARD	1	0	0	0	0	0
drawSQL-mysql-export-2026-02-09_pay	1727	HARD	1	0	1	2	0	2
drawSQL-mysql-export-2026-02-09_pay	1728	HARD	1	0	0	0	0	0
drawSQL-mysql-export-2026-02-09_pixelfed	1729	EASY	1	0	0	0	0	0
drawSQL-mysql-export-2026-02-09_pixelfed	1730	EASY	1	0	0	1	1	0
drawSQL-mysql-export-2026-02-09_pixelfed	1731	EASY	1	0	0	1	1	0
drawSQL-mysql-export-2026-02-09_pixelfed	1732	EASY	1	0	0	0	0	0
drawSQL-mysql-export-2026-02-09_pixelfed	1733	EASY	1	0	0	0	0	0
drawSQL-mysql-export-2026-02-09_pixelfed	1734	EASY	1	0	0	1	1	0
drawSQL-mysql-export-2026-02-09_pixelfed	1735	EASY	1	0	0	0	0	0
drawSQL-mysql-export-2026-02-09_pixelfed	1736	EASY	1	0	0	1	1	0
drawSQL-mysql-export-2026-02-09_pixelfed	1737	MEDIUM	1	0	0	0	0	0
drawSQL-mysql-export-2026-02-09_pixelfed	1738	MEDIUM	1	0	0	1	1	0
drawSQL-mysql-export-2026-02-09_pixelfed	1739	MEDIUM	1	0	0	1	2	0
drawSQL-mysql-export-2026-02-09_pixelfed	1740	MEDIUM	1	0	0	0	0	0
drawSQL-mysql-export-2026-02-09_pixelfed	1741	MEDIUM	1	0	1	2	0	2
drawSQL-mysql-export-2026-02-09_pixelfed	1742	MEDIUM	1	0	0	1	1	0
drawSQL-mysql-export-2026-02-09_pixelfed	1743	MEDIUM	2	0	1	2	2	1
drawSQL-mysql-export-2026-02-09_pixelfed	1744	MEDIUM	1	0	0	1	1	0
drawSQL-mysql-export-2026-02-09_pixelfed	1745	HARD	2	1	0	0	0	0
drawSQL-mysql-export-2026-02-09_pixelfed	1746	HARD	1	0	1	2	0	2
drawSQL-mysql-export-2026-02-09_pixelfed	1747	HARD	1	0	0	1	1	0
drawSQL-mysql-export-2026-02-09_pixelfed	1748	HARD	2	0	1	2	2	1
drawSQL-mysql-export-2026-02-09_pixelfed	1749	HARD	1	0	0	1	1	1
drawSQL-mysql-export-2026-02-09_pixelfed	1750	HARD	1	0	0	0	0	0
drawSQL-mysql-export-2026-02-09_pixelfed	1751	HARD	3	2	0	0	0	0
drawSQL-mysql-export-2026-02-09_pixelfed	1752	HARD	1	0	1	2	0	2
drawSQL-mysql-export-2026-02-09_polr	1753	EASY	1	0	0	1	1	0
drawSQL-mysql-export-2026-02-09_polr	1754	EASY	1	0	0	1	1	0
drawSQL-mysql-export-2026-02-09_polr	1755	EASY	1	0	0	0	0	0
drawSQL-mysql-export-2026-02-09_polr	1756	EASY	1	0	0	0	0	0
drawSQL-mysql-export-2026-02-09_polr	1757	EASY	1	0	0	1	1	0
drawSQL-mysql-export-2026-02-09_polr	1758	EASY	1	0	0	0	0	0
drawSQL-mysql-export-2026-02-09_polr	1759	EASY	1	0	0	1	1	0
drawSQL-mysql-export-2026-02-09_polr	1760	EASY	1	0	0	0	0	0
drawSQL-mysql-export-2026-02-09_polr	1761	MEDIUM	1	0	0	0	0	0
drawSQL-mysql-export-2026-02-09_polr	1762	MEDIUM	1	0	0	1	1	0
drawSQL-mysql-export-2026-02-09_polr	1763	MEDIUM	1	0	0	1	2	0
drawSQL-mysql-export-2026-02-09_polr	1764	MEDIUM	1	0	0	0	0	0
drawSQL-mysql-export-2026-02-09_polr	1765	MEDIUM	1	0	0	0	0	0
drawSQL-mysql-export-2026-02-09_polr	1766	MEDIUM	1	0	0	1	1	0
drawSQL-mysql-export-2026-02-09_polr	1767	MEDIUM	2	0	1	2	2	1
drawSQL-mysql-export-2026-02-09_polr	1768	MEDIUM	1	0	0	0	0	0
drawSQL-mysql-export-2026-02-09_polr	1769	HARD	2	1	0	0	0	0
drawSQL-mysql-export-2026-02-09_polr	1770	HARD	1	0	1	2	0	2
drawSQL-mysql-export-2026-02-09_polr	1771	HARD	1	0	0	1	1	0
drawSQL-mysql-export-2026-02-09_polr	1772	HARD	2	0	1	2	2	1
drawSQL-mysql-export-2026-02-09_polr	1773	HARD	1	0	0	1	1	1
drawSQL-mysql-export-2026-02-09_polr	1774	HARD	1	0	0	0	0	0
drawSQL-mysql-export-2026-02-09_polr	1775	HARD	3	2	0	0	0	0
drawSQL-mysql-export-2026-02-09_polr	1776	HARD	1	0	0	1	0	2
drawSQL-mysql-export-2026-02-09_screenly	1777	EASY	1	0	0	1	1	0
drawSQL-mysql-export-2026-02-09_screenly	1778	EASY	1	0	0	1	1	0
drawSQL-mysql-export-2026-02-09_screenly	1779	EASY	1	0	0	0	0	0
drawSQL-mysql-export-2026-02-09_screenly	1780	EASY	1	0	0	0	0	0
drawSQL-mysql-export-2026-02-09_screenly	1781	EASY	1	0	0	0	0	0
drawSQL-mysql-export-2026-02-09_screenly	1782	EASY	1	0	0	1	1	0
drawSQL-mysql-export-2026-02-09_screenly	1783	EASY	1	0	0	0	0	0
drawSQL-mysql-export-2026-02-09_screenly	1784	EASY	1	0	0	1	1	0
drawSQL-mysql-export-2026-02-09_screenly	1785	MEDIUM	1	0	0	0	0	0
drawSQL-mysql-export-2026-02-09_screenly	1786	MEDIUM	1	0	0	1	1	0
drawSQL-mysql-export-2026-02-09_screenly	1787	MEDIUM	1	0	0	1	2	0
drawSQL-mysql-export-2026-02-09_screenly	1788	MEDIUM	1	0	0	0	0	0
drawSQL-mysql-export-2026-02-09_screenly	1789	MEDIUM	1	0	0	0	0	0
drawSQL-mysql-export-2026-02-09_screenly	1790	MEDIUM	1	0	0	1	1	0
drawSQL-mysql-export-2026-02-09_screenly	1791	MEDIUM	2	0	1	2	2	1
drawSQL-mysql-export-2026-02-09_screenly	1792	MEDIUM	1	0	0	1	1	0
drawSQL-mysql-export-2026-02-09_screenly	1793	HARD	2	1	0	0	0	0
drawSQL-mysql-export-2026-02-09_screenly	1794	HARD	1	0	1	2	0	2
drawSQL-mysql-export-2026-02-09_screenly	1795	HARD	1	0	0	1	1	0
drawSQL-mysql-export-2026-02-09_screenly	1796	HARD	2	0	1	2	2	1
drawSQL-mysql-export-2026-02-09_screenly	1797	HARD	1	0	0	1	1	1
drawSQL-mysql-export-2026-02-09_screenly	1798	HARD	1	0	0	0	0	0
drawSQL-mysql-export-2026-02-09_screenly	1799	HARD	3	2	0	0	0	0
drawSQL-mysql-export-2026-02-09_screenly	1800	HARD	1	0	0	1	0	2
drawSQL-mysql-export-2026-02-09_servermonitor	1801	EASY	1	0	0	1	1	0
drawSQL-mysql-export-2026-02-09_servermonitor	1802	EASY	1	0	0	1	1	0
drawSQL-mysql-export-2026-02-09_servermonitor	1803	EASY	1	0	0	0	0	0
drawSQL-mysql-export-2026-02-09_servermonitor	1804	EASY	1	0	0	0	0	0
drawSQL-mysql-export-2026-02-09_servermonitor	1805	EASY	1	0	0	0	0	0
drawSQL-mysql-export-2026-02-09_servermonitor	1806	EASY	1	0	0	1	1	0
drawSQL-mysql-export-2026-02-09_servermonitor	1807	EASY	1	0	0	0	0	0
drawSQL-mysql-export-2026-02-09_servermonitor	1808	EASY	1	0	0	1	1	0
drawSQL-mysql-export-2026-02-09_servermonitor	1809	MEDIUM	1	0	0	0	0	0
drawSQL-mysql-export-2026-02-09_servermonitor	1810	MEDIUM	1	0	0	1	1	0
drawSQL-mysql-export-2026-02-09_servermonitor	1811	MEDIUM	1	0	0	1	2	0
drawSQL-mysql-export-2026-02-09_servermonitor	1812	MEDIUM	1	0	0	0	0	0
drawSQL-mysql-export-2026-02-09_servermonitor	1813	MEDIUM	1	0	1	2	0	2
drawSQL-mysql-export-2026-02-09_servermonitor	1814	MEDIUM	1	0	0	1	1	0
drawSQL-mysql-export-2026-02-09_servermonitor	1815	MEDIUM	1	0	0	0	0	0
drawSQL-mysql-export-2026-02-09_servermonitor	1816	MEDIUM	1	0	0	0	0	0
drawSQL-mysql-export-2026-02-09_servermonitor	1817	HARD	2	1	0	0	0	0
drawSQL-mysql-export-2026-02-09_servermonitor	1818	HARD	1	0	1	2	0	2
drawSQL-mysql-export-2026-02-09_servermonitor	1819	HARD	1	0	0	1	1	0
drawSQL-mysql-export-2026-02-09_servermonitor	1820	HARD	2	0	1	2	2	1
drawSQL-mysql-export-2026-02-09_servermonitor	1821	HARD	1	0	0	1	1	1
drawSQL-mysql-export-2026-02-09_servermonitor	1822	HARD	1	0	0	0	0	0
drawSQL-mysql-export-2026-02-09_servermonitor	1823	HARD	1	0	1	2	0	2
drawSQL-mysql-export-2026-02-09_servermonitor	1824	HARD	2	1	0	0	0	0
drawSQL-mysql-export-2026-02-09_stats	1825	EASY	1	0	0	1	1	0
drawSQL-mysql-export-2026-02-09_stats	1826	EASY	1	0	0	1	1	0
drawSQL-mysql-export-2026-02-09_stats	1827	EASY	1	0	0	0	0	0
drawSQL-mysql-export-2026-02-09_stats	1828	EASY	1	0	0	0	0	0
drawSQL-mysql-export-2026-02-09_stats	1829	EASY	1	0	0	0	0	0
drawSQL-mysql-export-2026-02-09_stats	1830	EASY	1	0	0	1	1	0
drawSQL-mysql-export-2026-02-09_stats	1831	EASY	1	0	0	0	0	0
drawSQL-mysql-export-2026-02-09_stats	1832	EASY	1	0	0	1	1	0
drawSQL-mysql-export-2026-02-09_stats	1833	MEDIUM	1	0	0	0	0	0
drawSQL-mysql-export-2026-02-09_stats	1834	MEDIUM	2	1	0	0	0	0
drawSQL-mysql-export-2026-02-09_stats	1835	MEDIUM	1	0	0	1	1	0
drawSQL-mysql-export-2026-02-09_stats	1836	MEDIUM	1	0	0	1	2	0
drawSQL-mysql-export-2026-02-09_stats	1837	MEDIUM	2	0	1	1	0	0
drawSQL-mysql-export-2026-02-09_stats	1838	MEDIUM	1	0	0	0	0	0
drawSQL-mysql-export-2026-02-09_stats	1839	MEDIUM	1	0	0	1	1	0
drawSQL-mysql-export-2026-02-09_stats	1840	MEDIUM	2	0	1	2	2	1
drawSQL-mysql-export-2026-02-09_stats	1841	HARD	3	2	0	0	0	0
drawSQL-mysql-export-2026-02-09_stats	1842	HARD	1	0	1	2	0	2
drawSQL-mysql-export-2026-02-09_stats	1843	HARD	1	0	0	1	1	0
drawSQL-mysql-export-2026-02-09_stats	1844	HARD	2	0	1	2	2	1
drawSQL-mysql-export-2026-02-09_stats	1845	HARD	1	0	0	1	1	1
drawSQL-mysql-export-2026-02-09_stats	1846	HARD	2	0	1	1	0	0
drawSQL-mysql-export-2026-02-09_stats	1847	HARD	3	2	0	0	0	0
drawSQL-mysql-export-2026-02-09_stats	1848	HARD	1	0	0	1	0	2
drawSQL-mysql-export-2026-02-09_staytus	1849	EASY	1	0	0	1	1	0
drawSQL-mysql-export-2026-02-09_staytus	1850	EASY	1	0	0	1	1	0
drawSQL-mysql-export-2026-02-09_staytus	1851	EASY	1	0	0	1	1	0
drawSQL-mysql-export-2026-02-09_staytus	1852	EASY	1	0	0	0	0	0
drawSQL-mysql-export-2026-02-09_staytus	1853	EASY	1	0	0	0	0	0
drawSQL-mysql-export-2026-02-09_staytus	1854	EASY	1	0	0	0	0	0
drawSQL-mysql-export-2026-02-09_staytus	1855	EASY	1	0	0	1	1	0
drawSQL-mysql-export-2026-02-09_staytus	1856	EASY	1	0	0	0	0	0
drawSQL-mysql-export-2026-02-09_staytus	1857	MEDIUM	1	0	0	0	0	0
drawSQL-mysql-export-2026-02-09_staytus	1858	MEDIUM	1	0	0	1	1	0
drawSQL-mysql-export-2026-02-09_staytus	1859	MEDIUM	1	0	0	1	2	0
drawSQL-mysql-export-2026-02-09_staytus	1860	MEDIUM	1	0	0	0	0	0
drawSQL-mysql-export-2026-02-09_staytus	1861	MEDIUM	1	0	0	0	0	0
drawSQL-mysql-export-2026-02-09_staytus	1862	MEDIUM	1	0	0	1	1	0
drawSQL-mysql-export-2026-02-09_staytus	1863	MEDIUM	2	0	1	2	2	1
drawSQL-mysql-export-2026-02-09_staytus	1864	MEDIUM	1	0	0	1	1	0
drawSQL-mysql-export-2026-02-09_staytus	1865	HARD	3	2	0	0	0	0
drawSQL-mysql-export-2026-02-09_staytus	1866	HARD	1	0	1	2	0	2
drawSQL-mysql-export-2026-02-09_staytus	1867	HARD	1	0	0	1	1	0
drawSQL-mysql-export-2026-02-09_staytus	1868	HARD	2	0	1	2	2	1
drawSQL-mysql-export-2026-02-09_staytus	1869	HARD	1	0	0	1	1	1
drawSQL-mysql-export-2026-02-09_staytus	1870	HARD	1	0	0	0	0	0
drawSQL-mysql-export-2026-02-09_staytus	1871	HARD	3	2	0	0	0	0
drawSQL-mysql-export-2026-02-09_staytus	1872	HARD	1	0	0	1	0	2
drawSQL-mysql-export-2026-02-09_streaks	1873	EASY	1	0	0	1	1	0
drawSQL-mysql-export-2026-02-09_streaks	1874	EASY	1	0	0	1	1	0
drawSQL-mysql-export-2026-02-09_streaks	1875	EASY	1	0	0	0	0	0
drawSQL-mysql-export-2026-02-09_streaks	1876	EASY	1	0	0	0	0	0
drawSQL-mysql-export-2026-02-09_streaks	1877	EASY	1	0	0	0	0	0
drawSQL-mysql-export-2026-02-09_streaks	1878	EASY	1	0	0	1	1	0
drawSQL-mysql-export-2026-02-09_streaks	1879	EASY	1	0	0	0	0	0
drawSQL-mysql-export-2026-02-09_streaks	1880	EASY	1	0	0	0	0	0
drawSQL-mysql-export-2026-02-09_streaks	1881	MEDIUM	1	0	0	0	0	0
drawSQL-mysql-export-2026-02-09_streaks	1882	MEDIUM	2	1	0	0	0	0
drawSQL-mysql-export-2026-02-09_streaks	1883	MEDIUM	1	0	0	1	1	0
drawSQL-mysql-export-2026-02-09_streaks	1884	MEDIUM	2	0	1	1	0	0
drawSQL-mysql-export-2026-02-09_streaks	1885	MEDIUM	1	0	0	0	0	0
drawSQL-mysql-export-2026-02-09_streaks	1886	MEDIUM	2	0	1	2	2	1
drawSQL-mysql-export-2026-02-09_streaks	1887	MEDIUM	1	0	0	1	1	0
drawSQL-mysql-export-2026-02-09_streaks	1888	MEDIUM	1	0	0	1	2	0
drawSQL-mysql-export-2026-02-09_streaks	1889	HARD	2	1	0	0	0	0
drawSQL-mysql-export-2026-02-09_streaks	1890	HARD	1	0	1	2	0	2
drawSQL-mysql-export-2026-02-09_streaks	1891	HARD	1	0	0	0	0	0
drawSQL-mysql-export-2026-02-09_streaks	1892	HARD	2	0	1	2	2	1
drawSQL-mysql-export-2026-02-09_streaks	1893	HARD	2	0	1	1	0	0
drawSQL-mysql-export-2026-02-09_streaks	1894	HARD	3	2	0	0	0	0
drawSQL-mysql-export-2026-02-09_streaks	1895	HARD	1	0	0	1	0	2
drawSQL-mysql-export-2026-02-09_streaks	1896	HARD	2	1	0	0	0	0
drawSQL-mysql-export-2026-02-09_stripe	1897	EASY	1	0	0	0	0	0
drawSQL-mysql-export-2026-02-09_stripe	1898	EASY	1	0	0	1	1	0
drawSQL-mysql-export-2026-02-09_stripe	1899	EASY	1	0	0	1	1	0
drawSQL-mysql-export-2026-02-09_stripe	1900	EASY	1	0	0	0	0	0
drawSQL-mysql-export-2026-02-09_stripe	1901	EASY	1	0	0	0	0	0
drawSQL-mysql-export-2026-02-09_stripe	1902	EASY	1	0	0	0	0	0
drawSQL-mysql-export-2026-02-09_stripe	1903	EASY	1	0	0	1	1	0
drawSQL-mysql-export-2026-02-09_stripe	1904	EASY	1	0	0	0	0	0
drawSQL-mysql-export-2026-02-09_stripe	1905	MEDIUM	1	0	0	0	0	0
drawSQL-mysql-export-2026-02-09_stripe	1906	MEDIUM	1	0	0	0	0	0
drawSQL-mysql-export-2026-02-09_stripe	1907	MEDIUM	2	1	0	0	0	0
drawSQL-mysql-export-2026-02-09_stripe	1908	MEDIUM	1	0	0	1	2	0
drawSQL-mysql-export-2026-02-09_stripe	1909	MEDIUM	1	0	0	0	0	0
drawSQL-mysql-export-2026-02-09_stripe	1910	MEDIUM	1	0	0	1	1	0
drawSQL-mysql-export-2026-02-09_stripe	1911	MEDIUM	1	0	0	1	2	0
drawSQL-mysql-export-2026-02-09_stripe	1912	MEDIUM	2	0	1	1	0	0
drawSQL-mysql-export-2026-02-09_stripe	1913	HARD	2	1	0	0	0	0
drawSQL-mysql-export-2026-02-09_stripe	1914	HARD	1	0	1	2	0	2
drawSQL-mysql-export-2026-02-09_stripe	1915	HARD	1	0	0	1	1	0
drawSQL-mysql-export-2026-02-09_stripe	1916	HARD	2	0	1	2	2	1
drawSQL-mysql-export-2026-02-09_stripe	1917	HARD	1	0	0	1	1	1
drawSQL-mysql-export-2026-02-09_stripe	1918	HARD	2	0	1	1	0	0
drawSQL-mysql-export-2026-02-09_stripe	1919	HARD	3	2	0	0	0	0
drawSQL-mysql-export-2026-02-09_stripe	1920	HARD	1	0	0	1	0	2
drawSQL-mysql-export-2026-02-09_sylius	1921	EASY	1	0	0	1	1	0
drawSQL-mysql-export-2026-02-09_sylius	1922	EASY	1	0	0	1	1	0
drawSQL-mysql-export-2026-02-09_sylius	1923	EASY	1	0	0	0	0	0
drawSQL-mysql-export-2026-02-09_sylius	1924	EASY	1	0	0	0	0	0
drawSQL-mysql-export-2026-02-09_sylius	1925	EASY	1	0	0	0	0	0
drawSQL-mysql-export-2026-02-09_sylius	1926	EASY	1	0	0	1	1	0
drawSQL-mysql-export-2026-02-09_sylius	1927	EASY	1	0	0	0	0	0
drawSQL-mysql-export-2026-02-09_sylius	1928	EASY	1	0	0	1	1	0
drawSQL-mysql-export-2026-02-09_sylius	1929	MEDIUM	1	0	0	0	0	0
drawSQL-mysql-export-2026-02-09_sylius	1930	MEDIUM	1	0	0	1	1	0
drawSQL-mysql-export-2026-02-09_sylius	1931	MEDIUM	1	0	0	1	2	0
drawSQL-mysql-export-2026-02-09_sylius	1932	MEDIUM	1	0	0	0	0	0
drawSQL-mysql-export-2026-02-09_sylius	1933	MEDIUM	1	0	0	0	0	0
drawSQL-mysql-export-2026-02-09_sylius	1934	MEDIUM	1	0	0	1	1	0
drawSQL-mysql-export-2026-02-09_sylius	1935	MEDIUM	2	0	1	2	2	1
drawSQL-mysql-export-2026-02-09_sylius	1936	MEDIUM	1	0	0	0	0	0
drawSQL-mysql-export-2026-02-09_sylius	1937	HARD	3	2	0	0	0	0
drawSQL-mysql-export-2026-02-09_sylius	1938	HARD	1	0	1	2	0	2
drawSQL-mysql-export-2026-02-09_sylius	1939	HARD	1	0	0	1	1	0
drawSQL-mysql-export-2026-02-09_sylius	1940	HARD	2	0	1	2	2	1
drawSQL-mysql-export-2026-02-09_sylius	1941	HARD	1	0	0	1	1	1
drawSQL-mysql-export-2026-02-09_sylius	1942	HARD	1	0	0	0	0	0
drawSQL-mysql-export-2026-02-09_sylius	1943	HARD	3	2	0	0	0	0
drawSQL-mysql-export-2026-02-09_sylius	1944	HARD	1	0	0	1	0	2
drawSQL-mysql-export-2026-02-09_tenancy	1945	EASY	1	0	0	1	1	0
drawSQL-mysql-export-2026-02-09_tenancy	1946	EASY	1	0	0	0	0	0
drawSQL-mysql-export-2026-02-09_tenancy	1947	EASY	1	0	0	0	0	0
drawSQL-mysql-export-2026-02-09_tenancy	1948	EASY	1	0	0	1	1	0
drawSQL-mysql-export-2026-02-09_tenancy	1949	EASY	1	0	0	0	0	0
drawSQL-mysql-export-2026-02-09_tenancy	1950	EASY	1	0	0	1	1	0
drawSQL-mysql-export-2026-02-09_tenancy	1951	EASY	1	0	0	0	0	0
drawSQL-mysql-export-2026-02-09_tenancy	1952	EASY	1	0	0	0	0	0
drawSQL-mysql-export-2026-02-09_tenancy	1953	MEDIUM	2	1	0	0	0	0
drawSQL-mysql-export-2026-02-09_tenancy	1954	MEDIUM	1	0	0	1	1	0
drawSQL-mysql-export-2026-02-09_tenancy	1955	MEDIUM	1	0	0	1	2	0
drawSQL-mysql-export-2026-02-09_tenancy	1956	MEDIUM	2	0	1	1	0	0
drawSQL-mysql-export-2026-02-09_tenancy	1957	MEDIUM	1	0	0	0	0	0
drawSQL-mysql-export-2026-02-09_tenancy	1958	MEDIUM	1	0	0	1	1	0
drawSQL-mysql-export-2026-02-09_tenancy	1959	MEDIUM	2	0	1	2	2	1
drawSQL-mysql-export-2026-02-09_tenancy	1960	MEDIUM	1	0	0	1	1	0
drawSQL-mysql-export-2026-02-09_tenancy	1961	HARD	2	1	0	0	0	0
drawSQL-mysql-export-2026-02-09_tenancy	1962	HARD	1	0	1	2	0	2
drawSQL-mysql-export-2026-02-09_tenancy	1963	HARD	1	0	0	1	1	0
drawSQL-mysql-export-2026-02-09_tenancy	1964	HARD	2	0	1	2	2	1
drawSQL-mysql-export-2026-02-09_tenancy	1965	HARD	1	0	0	1	1	1
drawSQL-mysql-export-2026-02-09_tenancy	1966	HARD	2	0	1	1	0	0
drawSQL-mysql-export-2026-02-09_tenancy	1967	HARD	1	0	0	1	0	2
drawSQL-mysql-export-2026-02-09_tenancy	1968	HARD	2	1	0	0	0	0
drawSQL-mysql-export-2026-02-09_timegrid	1969	EASY	1	0	0	1	1	0
drawSQL-mysql-export-2026-02-09_timegrid	1970	EASY	1	0	0	1	1	0
drawSQL-mysql-export-2026-02-09_timegrid	1971	EASY	1	0	0	0	0	0
drawSQL-mysql-export-2026-02-09_timegrid	1972	EASY	1	0	0	0	0	0
drawSQL-mysql-export-2026-02-09_timegrid	1973	EASY	1	0	0	1	1	0
drawSQL-mysql-export-2026-02-09_timegrid	1974	EASY	1	0	0	0	0	0
drawSQL-mysql-export-2026-02-09_timegrid	1975	EASY	1	0	0	1	1	0
drawSQL-mysql-export-2026-02-09_timegrid	1976	EASY	1	0	0	0	0	0
drawSQL-mysql-export-2026-02-09_timegrid	1977	MEDIUM	1	0	0	0	0	0
drawSQL-mysql-export-2026-02-09_timegrid	1978	MEDIUM	1	0	0	1	1	0
drawSQL-mysql-export-2026-02-09_timegrid	1979	MEDIUM	1	0	0	1	2	0
drawSQL-mysql-export-2026-02-09_timegrid	1980	MEDIUM	1	0	0	0	0	0
drawSQL-mysql-export-2026-02-09_timegrid	1981	MEDIUM	1	0	0	0	0	0
drawSQL-mysql-export-2026-02-09_timegrid	1982	MEDIUM	1	0	0	1	1	0
drawSQL-mysql-export-2026-02-09_timegrid	1983	MEDIUM	2	0	1	2	2	1
drawSQL-mysql-export-2026-02-09_timegrid	1984	MEDIUM	1	0	0	1	1	0
drawSQL-mysql-export-2026-02-09_timegrid	1985	HARD	4	3	0	0	0	0
drawSQL-mysql-export-2026-02-09_timegrid	1986	HARD	1	0	1	2	0	2
drawSQL-mysql-export-2026-02-09_timegrid	1987	HARD	1	0	0	1	1	0
drawSQL-mysql-export-2026-02-09_timegrid	1988	HARD	2	0	1	2	2	1
drawSQL-mysql-export-2026-02-09_timegrid	1989	HARD	1	0	0	1	1	1
drawSQL-mysql-export-2026-02-09_timegrid	1990	HARD	1	0	0	0	0	0
drawSQL-mysql-export-2026-02-09_timegrid	1991	HARD	3	2	0	0	0	0
drawSQL-mysql-export-2026-02-09_timegrid	1992	HARD	1	0	0	1	0	2
drawSQL-mysql-export-2026-02-09_userfrostering	1993	EASY	1	0	0	1	1	0
drawSQL-mysql-export-2026-02-09_userfrostering	1994	EASY	1	0	0	1	1	0
drawSQL-mysql-export-2026-02-09_userfrostering	1995	EASY	1	0	0	0	0	0
drawSQL-mysql-export-2026-02-09_userfrostering	1996	EASY	1	0	0	0	0	0
drawSQL-mysql-export-2026-02-09_userfrostering	1997	EASY	1	0	0	1	1	0
drawSQL-mysql-export-2026-02-09_userfrostering	1998	EASY	1	0	0	0	0	0
drawSQL-mysql-export-2026-02-09_userfrostering	1999	EASY	1	0	0	1	1	0
drawSQL-mysql-export-2026-02-09_userfrostering	2000	EASY	1	0	0	0	0	0
drawSQL-mysql-export-2026-02-09_userfrostering	2001	MEDIUM	1	0	0	0	0	0
drawSQL-mysql-export-2026-02-09_userfrostering	2002	MEDIUM	1	0	0	1	1	0
drawSQL-mysql-export-2026-02-09_userfrostering	2003	MEDIUM	1	0	0	1	2	0
drawSQL-mysql-export-2026-02-09_userfrostering	2004	MEDIUM	1	0	0	0	0	0
drawSQL-mysql-export-2026-02-09_userfrostering	2005	MEDIUM	1	0	1	2	0	2
drawSQL-mysql-export-2026-02-09_userfrostering	2006	MEDIUM	1	0	0	1	1	0
drawSQL-mysql-export-2026-02-09_userfrostering	2007	MEDIUM	2	0	1	2	2	1
drawSQL-mysql-export-2026-02-09_userfrostering	2008	MEDIUM	1	0	0	0	0	0
drawSQL-mysql-export-2026-02-09_userfrostering	2009	HARD	2	1	0	0	0	0
drawSQL-mysql-export-2026-02-09_userfrostering	2010	HARD	1	0	1	2	0	2
drawSQL-mysql-export-2026-02-09_userfrostering	2011	HARD	1	0	0	1	1	0
drawSQL-mysql-export-2026-02-09_userfrostering	2012	HARD	2	0	1	2	2	1
drawSQL-mysql-export-2026-02-09_userfrostering	2013	HARD	1	0	0	1	1	1
drawSQL-mysql-export-2026-02-09_userfrostering	2014	HARD	1	0	0	0	0	0
drawSQL-mysql-export-2026-02-09_userfrostering	2015	HARD	3	2	0	0	0	0
drawSQL-mysql-export-2026-02-09_userfrostering	2016	HARD	1	0	1	2	0	2
drawSQL-mysql-export-2026-02-17_taggable	2017	EASY	1	0	0	1	1	0
drawSQL-mysql-export-2026-02-17_taggable	2018	EASY	1	0	0	0	0	0
drawSQL-mysql-export-2026-02-17_taggable	2019	EASY	1	0	0	0	0	0
drawSQL-mysql-export-2026-02-17_taggable	2020	EASY	1	0	0	0	0	0
drawSQL-mysql-export-2026-02-17_taggable	2021	EASY	1	0	0	1	1	0
drawSQL-mysql-export-2026-02-17_taggable	2022	EASY	1	0	0	0	0	0
drawSQL-mysql-export-2026-02-17_taggable	2023	EASY	1	0	0	1	1	0
drawSQL-mysql-export-2026-02-17_taggable	2024	EASY	1	0	0	0	0	0
drawSQL-mysql-export-2026-02-17_taggable	2025	MEDIUM	2	1	0	0	0	0
drawSQL-mysql-export-2026-02-17_taggable	2026	MEDIUM	1	0	0	1	1	0
drawSQL-mysql-export-2026-02-17_taggable	2027	MEDIUM	1	0	0	1	2	0
drawSQL-mysql-export-2026-02-17_taggable	2028	MEDIUM	2	0	1	1	0	0
drawSQL-mysql-export-2026-02-17_taggable	2029	MEDIUM	1	0	0	0	0	0
drawSQL-mysql-export-2026-02-17_taggable	2030	MEDIUM	1	0	0	1	1	0
drawSQL-mysql-export-2026-02-17_taggable	2031	MEDIUM	2	0	1	2	2	1
drawSQL-mysql-export-2026-02-17_taggable	2032	MEDIUM	1	0	0	1	1	0
drawSQL-mysql-export-2026-02-17_taggable	2033	HARD	2	1	0	0	0	0
drawSQL-mysql-export-2026-02-17_taggable	2034	HARD	1	0	1	2	0	2
drawSQL-mysql-export-2026-02-17_taggable	2035	HARD	1	0	0	1	1	0
drawSQL-mysql-export-2026-02-17_taggable	2036	HARD	2	0	1	2	2	1
drawSQL-mysql-export-2026-02-17_taggable	2037	HARD	1	0	0	1	1	1
drawSQL-mysql-export-2026-02-17_taggable	2038	HARD	2	0	1	1	0	0
drawSQL-mysql-export-2026-02-17_taggable	2039	HARD	1	0	0	1	0	2
drawSQL-mysql-export-2026-02-17_taggable	2040	HARD	2	1	0	0	0	0
drawSQL-pgsql-export-2026-02-09_djpaypal	2041	EASY	1	0	0	0	0	0
drawSQL-pgsql-export-2026-02-09_djpaypal	2042	EASY	1	0	0	1	1	0
drawSQL-pgsql-export-2026-02-09_djpaypal	2043	EASY	1	0	0	1	1	0
drawSQL-pgsql-export-2026-02-09_djpaypal	2044	EASY	1	0	0	0	0	0
drawSQL-pgsql-export-2026-02-09_djpaypal	2045	EASY	1	0	0	0	0	0
drawSQL-pgsql-export-2026-02-09_djpaypal	2046	EASY	1	0	0	0	0	0
drawSQL-pgsql-export-2026-02-09_djpaypal	2047	EASY	1	0	0	1	1	0
drawSQL-pgsql-export-2026-02-09_djpaypal	2048	EASY	1	0	0	0	0	0
drawSQL-pgsql-export-2026-02-09_djpaypal	2049	MEDIUM	1	0	0	0	0	0
drawSQL-pgsql-export-2026-02-09_djpaypal	2050	MEDIUM	1	0	0	0	0	0
drawSQL-pgsql-export-2026-02-09_djpaypal	2051	MEDIUM	2	1	0	0	0	0
drawSQL-pgsql-export-2026-02-09_djpaypal	2052	MEDIUM	1	0	0	1	1	0
drawSQL-pgsql-export-2026-02-09_djpaypal	2053	MEDIUM	1	0	0	1	2	0
drawSQL-pgsql-export-2026-02-09_djpaypal	2054	MEDIUM	2	0	1	1	0	0
drawSQL-pgsql-export-2026-02-09_djpaypal	2055	MEDIUM	1	0	0	0	0	0
drawSQL-pgsql-export-2026-02-09_djpaypal	2056	MEDIUM	1	0	0	1	1	0
drawSQL-pgsql-export-2026-02-09_djpaypal	2057	HARD	2	1	0	0	0	0
drawSQL-pgsql-export-2026-02-09_djpaypal	2058	HARD	1	0	1	2	0	2
drawSQL-pgsql-export-2026-02-09_djpaypal	2059	HARD	1	0	0	1	1	0
drawSQL-pgsql-export-2026-02-09_djpaypal	2060	HARD	2	0	1	2	2	1
drawSQL-pgsql-export-2026-02-09_djpaypal	2061	HARD	1	0	0	1	1	1
drawSQL-pgsql-export-2026-02-09_djpaypal	2062	HARD	2	0	1	1	0	0
drawSQL-pgsql-export-2026-02-09_djpaypal	2063	HARD	3	2	0	0	0	0
drawSQL-pgsql-export-2026-02-09_djpaypal	2064	HARD	1	0	0	1	0	2
drawSQL-pgsql-export-2026-02-09_feedbin	2065	EASY	1	0	0	1	1	0
drawSQL-pgsql-export-2026-02-09_feedbin	2066	EASY	1	0	0	1	1	0
drawSQL-pgsql-export-2026-02-09_feedbin	2067	EASY	1	0	0	0	0	0
drawSQL-pgsql-export-2026-02-09_feedbin	2068	EASY	1	0	0	0	0	0
drawSQL-pgsql-export-2026-02-09_feedbin	2069	EASY	1	0	0	0	0	0
drawSQL-pgsql-export-2026-02-09_feedbin	2070	EASY	1	0	0	0	0	0
drawSQL-pgsql-export-2026-02-09_feedbin	2071	EASY	1	0	0	1	1	0
drawSQL-pgsql-export-2026-02-09_feedbin	2072	EASY	1	0	0	0	0	0
drawSQL-pgsql-export-2026-02-09_feedbin	2073	MEDIUM	1	0	0	0	0	0
drawSQL-pgsql-export-2026-02-09_feedbin	2074	MEDIUM	2	1	0	0	0	0
drawSQL-pgsql-export-2026-02-09_feedbin	2075	MEDIUM	1	0	0	1	1	0
drawSQL-pgsql-export-2026-02-09_feedbin	2076	MEDIUM	1	0	0	1	2	0
drawSQL-pgsql-export-2026-02-09_feedbin	2077	MEDIUM	1	0	0	0	0	0
drawSQL-pgsql-export-2026-02-09_feedbin	2078	MEDIUM	1	0	1	2	0	2
drawSQL-pgsql-export-2026-02-09_feedbin	2079	MEDIUM	1	0	0	1	1	0
drawSQL-pgsql-export-2026-02-09_feedbin	2080	MEDIUM	1	0	0	0	0	0
drawSQL-pgsql-export-2026-02-09_feedbin	2081	HARD	5	4	0	0	0	0
drawSQL-pgsql-export-2026-02-09_feedbin	2082	HARD	1	0	1	2	0	2
drawSQL-pgsql-export-2026-02-09_feedbin	2083	HARD	1	0	0	1	1	0
drawSQL-pgsql-export-2026-02-09_feedbin	2084	HARD	2	0	1	2	2	1
drawSQL-pgsql-export-2026-02-09_feedbin	2085	HARD	1	0	0	1	1	1
drawSQL-pgsql-export-2026-02-09_feedbin	2086	HARD	1	0	0	0	0	0
drawSQL-pgsql-export-2026-02-09_feedbin	2087	HARD	3	2	0	0	0	0
drawSQL-pgsql-export-2026-02-09_feedbin	2088	HARD	1	0	1	2	0	2
drawSQL-pgsql-export-2026-02-09_pegasus	2089	EASY	1	0	0	1	1	0
drawSQL-pgsql-export-2026-02-09_pegasus	2090	EASY	1	0	0	1	2	0
drawSQL-pgsql-export-2026-02-09_pegasus	2091	EASY	1	0	0	1	1	0
drawSQL-pgsql-export-2026-02-09_pegasus	2092	EASY	1	0	0	0	0	0
drawSQL-pgsql-export-2026-02-09_pegasus	2093	EASY	1	0	0	0	0	0
drawSQL-pgsql-export-2026-02-09_pegasus	2094	EASY	1	0	0	0	0	0
drawSQL-pgsql-export-2026-02-09_pegasus	2095	EASY	1	0	0	0	0	0
drawSQL-pgsql-export-2026-02-09_pegasus	2096	EASY	1	0	0	1	1	0
drawSQL-pgsql-export-2026-02-09_pegasus	2097	MEDIUM	1	0	0	0	0	0
drawSQL-pgsql-export-2026-02-09_pegasus	2098	MEDIUM	2	1	0	0	0	0
drawSQL-pgsql-export-2026-02-09_pegasus	2099	MEDIUM	1	0	0	1	2	0
drawSQL-pgsql-export-2026-02-09_pegasus	2100	MEDIUM	2	0	1	1	0	0
drawSQL-pgsql-export-2026-02-09_pegasus	2101	MEDIUM	1	0	0	0	0	0
drawSQL-pgsql-export-2026-02-09_pegasus	2102	MEDIUM	2	0	1	2	2	1
drawSQL-pgsql-export-2026-02-09_pegasus	2103	MEDIUM	1	0	0	1	1	0
drawSQL-pgsql-export-2026-02-09_pegasus	2104	MEDIUM	1	0	0	1	2	0
drawSQL-pgsql-export-2026-02-09_pegasus	2105	HARD	2	1	0	0	0	0
drawSQL-pgsql-export-2026-02-09_pegasus	2106	HARD	1	0	1	2	0	2
drawSQL-pgsql-export-2026-02-09_pegasus	2107	HARD	2	0	1	2	1	0
drawSQL-pgsql-export-2026-02-09_pegasus	2108	HARD	2	0	1	2	2	1
drawSQL-pgsql-export-2026-02-09_pegasus	2109	HARD	1	0	0	0	0	0
drawSQL-pgsql-export-2026-02-09_pegasus	2110	HARD	3	2	0	0	0	0
drawSQL-pgsql-export-2026-02-09_pegasus	2111	HARD	1	0	0	1	0	2
drawSQL-pgsql-export-2026-02-09_pegasus	2112	HARD	2	1	0	0	0	0
