database_name,question_id,question,difficulty,sql_query,template
drawSQL-mysql-export-2026-01-13_cachet,1,How many incidents did we have this month?,EASY,"SELECT COUNT(*) FROM incidents
WHERE strftime('%Y-%m', occurred_at) = strftime('%Y-%m', 'now');","SELECT COUNT(*) FROM table_name WHERE strftime(string, col_name) = strftime(string, string);"
drawSQL-mysql-export-2026-01-13_cachet,2,Which components are currently down or having issues?,EASY,SELECT * FROM components WHERE status != 1 AND enabled = 1;,SELECT * FROM table_name WHERE col_name != num AND col_name = num;
drawSQL-mysql-export-2026-01-13_cachet,3,How many people are subscribed to get status updates?,EASY,SELECT COUNT(*) FROM subscribers;,SELECT COUNT(*) FROM table_name;
drawSQL-mysql-export-2026-01-13_cachet,4,What maintenance is scheduled for the next week?,EASY,"SELECT * FROM schedules
WHERE scheduled_at BETWEEN date('now') AND date('now', '+7 days')
AND (completed_at IS NULL OR completed_at > datetime('now'));","SELECT * FROM table_name WHERE col_name BETWEEN date(string) AND date(string, string) AND (col_name IS NULL OR col_name > datetime(string));"
drawSQL-mysql-export-2026-01-13_cachet,5,How many people signed up last month?,EASY,"SELECT COUNT(*) FROM users
WHERE created_at >= date('now', '-1 month');","SELECT COUNT(*) FROM table_name WHERE col_name >= date(string, string);"
drawSQL-mysql-export-2026-01-13_cachet,6,How many activity log entries do we have?,EASY,SELECT COUNT(*) FROM actions;,SELECT COUNT(*) FROM table_name;
drawSQL-mysql-export-2026-01-13_cachet,7,Show me all of our activity log entries.,EASY,SELECT * FROM actions;,SELECT * FROM table_name;
drawSQL-mysql-export-2026-01-13_cachet,8,Can you look up a specific activity log entry?,EASY,SELECT * FROM actions WHERE id = ?;,SELECT * FROM table_name WHERE id = num;
drawSQL-mysql-export-2026-01-13_cachet,9,What's the latest update on each incident?,MEDIUM,"SELECT i.*, iu.message, iu.status, iu.created_at as update_at
FROM incidents i
LEFT JOIN (
  SELECT iu1.* FROM incident_updates iu1
  INNER JOIN (
    SELECT incident_id, MAX(created_at) as max_at
    FROM incident_updates GROUP BY incident_id
  ) iu2 ON iu1.incident_id = iu2.incident_id AND iu1.created_at = iu2.max_at
) iu ON iu.incident_id = i.id;","SELECT table_alias0.*, iu.col_name, iu.col_name, iu.col_name as column_alias0 FROM table_name table_alias0 LEFT JOIN ( SELECT table_alias1.* FROM table_name table_alias1 INNER JOIN ( SELECT col_name, MAX(col_name) as column_alias1 FROM table_name GROUP BY col_name ) iu2 ON table_alias1.col_name = iu2.col_name AND table_alias1.col_name = iu2.column_alias1 ) iu ON iu.col_name = table_alias0.id;"
drawSQL-mysql-export-2026-01-13_cachet,10,How many components do we have in each group?,MEDIUM,"SELECT cg.name as group_name, COUNT(c.id) as component_count
FROM component_groups cg
LEFT JOIN components c ON c.group_id = cg.id
GROUP BY cg.id, cg.name;","SELECT table_alias0.col_name as column_alias0, COUNT(table_alias1.id) as column_alias1 FROM table_name table_alias0 LEFT JOIN table_name table_alias1 ON table_alias1.col_name = table_alias0.id GROUP BY table_alias0.id, table_alias0.col_name;"
drawSQL-mysql-export-2026-01-13_cachet,11,Who are our most active users?,MEDIUM,SELECT * FROM users ORDER BY created_at DESC LIMIT 10;,SELECT * FROM table_name ORDER BY col_name DESC LIMIT num;
drawSQL-mysql-export-2026-01-13_cachet,12,How many activity log entries did we have last month?,MEDIUM,"SELECT COUNT(*) FROM actions
WHERE created_at >= date('now', '-1 month');","SELECT COUNT(*) FROM table_name WHERE col_name >= date(string, string);"
drawSQL-mysql-export-2026-01-13_cachet,13,Break it down by type or category—how many activity log entries in each?,MEDIUM,"SELECT class_name, COUNT(*) as count FROM actions GROUP BY class_name;","SELECT col_name, COUNT(*) as count FROM table_name GROUP BY col_name;"
drawSQL-mysql-export-2026-01-13_cachet,14,Are there any activity log entries that don't have a match somewhere else?,MEDIUM,SELECT * FROM actions LIMIT 10;,SELECT * FROM table_name LIMIT num;
drawSQL-mysql-export-2026-01-13_cachet,15,"For each group, what's in the top 3?",MEDIUM,"SELECT * FROM (
  SELECT *, ROW_NUMBER() OVER (PARTITION BY group_id ORDER BY id DESC) as rn
  FROM components
) WHERE rn <= 3;","SELECT * FROM ( SELECT *, ROW_NUMBER() OVER (PARTITION BY col_name ORDER BY id DESC) as column_alias0 FROM table_name ) WHERE column_alias0 <= num;"
drawSQL-mysql-export-2026-01-13_cachet,16,Show me each component group along with its related details.,MEDIUM,"SELECT t.*, c.*
FROM component_groups t
LEFT JOIN components c ON c.group_id = t.id;","SELECT table_alias0.*, table_alias1.* FROM table_name table_alias0 LEFT JOIN table_name table_alias1 ON table_alias1.col_name = table_alias0.id;"
drawSQL-mysql-export-2026-01-13_cachet,17,I need a report that pulls together info from several different places.,HARD,"SELECT * FROM incident_components
LEFT JOIN incidents ON incident_components.incident_id = incidents.id;",SELECT * FROM table_name LEFT JOIN table_name ON table_name.col_name = table_name.id;
drawSQL-mysql-export-2026-01-13_cachet,18,"Can you do a multi-step analysis: group things, filter, then rank the results?",HARD,"WITH grouped AS (
  SELECT class_name, COUNT(*) as cnt FROM actions GROUP BY class_name
)
SELECT * FROM grouped WHERE cnt > 1 ORDER BY cnt DESC;","WITH grouped AS ( SELECT col_name, COUNT(*) as cnt FROM table_name GROUP BY col_name ) SELECT * FROM grouped WHERE cnt > num ORDER BY cnt DESC;"
drawSQL-mysql-export-2026-01-13_cachet,19,Who or what is the best in each group?,HARD,"SELECT * FROM (
  SELECT *, ROW_NUMBER() OVER (PARTITION BY class_name ORDER BY id DESC) as rn
  FROM actions
) WHERE rn = 1;","SELECT * FROM ( SELECT *, ROW_NUMBER() OVER (PARTITION BY col_name ORDER BY id DESC) as column_alias0 FROM table_name ) WHERE column_alias0 = num;"
drawSQL-mysql-export-2026-01-13_cachet,20,Which ones are above average compared to others in their group?,HARD,"SELECT * FROM meta t1
WHERE value > (
  SELECT AVG(value) FROM meta t2 WHERE t2.meta_type = t1.meta_type
);",SELECT * FROM table_name table_alias0 WHERE value > ( SELECT AVG(value) FROM table_name table_alias1 WHERE table_alias1.col_name = table_alias0.col_name );
drawSQL-mysql-export-2026-01-13_comfy,1,How many people signed up last month?,EASY,"SELECT COUNT(*) FROM users
WHERE created_at >= date('now', '-1 month');","SELECT COUNT(*) FROM table_name WHERE col_name >= date(string, string);"
drawSQL-mysql-export-2026-01-13_comfy,2,How many activity log entries do we have?,EASY,SELECT COUNT(*) FROM actions;,SELECT COUNT(*) FROM table_name;
drawSQL-mysql-export-2026-01-13_comfy,3,Show me all of our activity log entries.,EASY,SELECT * FROM actions;,SELECT * FROM table_name;
drawSQL-mysql-export-2026-01-13_comfy,4,Can you look up a specific activity log entry?,EASY,SELECT * FROM actions WHERE id = ?;,SELECT * FROM table_name WHERE id = num;
drawSQL-mysql-export-2026-01-13_comfy,5,Find the activity log entry with a certain name or email.,EASY,SELECT * FROM actions WHERE class_name = ?;,SELECT * FROM table_name WHERE col_name = num;
drawSQL-mysql-export-2026-01-13_comfy,6,What activity log entries were added or changed recently?,EASY,SELECT * FROM actions ORDER BY created_at DESC LIMIT 50;,SELECT * FROM table_name ORDER BY col_name DESC LIMIT num;
drawSQL-mysql-export-2026-01-13_comfy,7,What are the different class name values we have?,EASY,SELECT * FROM actions LIMIT 10;,SELECT * FROM table_name LIMIT num;
drawSQL-mysql-export-2026-01-13_comfy,8,How many component groups do we have?,EASY,SELECT COUNT(*) FROM component_groups;,SELECT COUNT(*) FROM table_name;
drawSQL-mysql-export-2026-01-13_comfy,9,Who are our most active users?,MEDIUM,SELECT * FROM users ORDER BY created_at DESC LIMIT 10;,SELECT * FROM table_name ORDER BY col_name DESC LIMIT num;
drawSQL-mysql-export-2026-01-13_comfy,10,How many activity log entries did we have last month?,MEDIUM,"SELECT COUNT(*) FROM actions
WHERE created_at >= date('now', '-1 month');","SELECT COUNT(*) FROM table_name WHERE col_name >= date(string, string);"
drawSQL-mysql-export-2026-01-13_comfy,11,Break it down by type or category—how many activity log entries in each?,MEDIUM,"SELECT class_name, COUNT(*) as count FROM actions GROUP BY class_name;","SELECT col_name, COUNT(*) as count FROM table_name GROUP BY col_name;"
drawSQL-mysql-export-2026-01-13_comfy,12,Are there any activity log entries that don't have a match somewhere else?,MEDIUM,SELECT * FROM actions LIMIT 10;,SELECT * FROM table_name LIMIT num;
drawSQL-mysql-export-2026-01-13_comfy,13,"For each group, what's in the top 3?",MEDIUM,"SELECT * FROM (
  SELECT *, ROW_NUMBER() OVER (PARTITION BY group_id ORDER BY id DESC) as rn
  FROM components
) WHERE rn <= 3;","SELECT * FROM ( SELECT *, ROW_NUMBER() OVER (PARTITION BY col_name ORDER BY id DESC) as column_alias0 FROM table_name ) WHERE column_alias0 <= num;"
drawSQL-mysql-export-2026-01-13_comfy,14,Show me each component group along with its related details.,MEDIUM,"SELECT t.*, c.*
FROM component_groups t
LEFT JOIN components c ON c.group_id = t.id;","SELECT table_alias0.*, table_alias1.* FROM table_name table_alias0 LEFT JOIN table_name table_alias1 ON table_alias1.col_name = table_alias0.id;"
drawSQL-mysql-export-2026-01-13_comfy,15,How many component groups did we have last month?,MEDIUM,"SELECT COUNT(*) FROM component_groups
WHERE created_at >= date('now', '-1 month');","SELECT COUNT(*) FROM table_name WHERE col_name >= date(string, string);"
drawSQL-mysql-export-2026-01-13_comfy,16,Break it down by type or category—how many component groups in each?,MEDIUM,"SELECT name, COUNT(*) as count FROM component_groups GROUP BY name;","SELECT col_name, COUNT(*) as count FROM table_name GROUP BY col_name;"
drawSQL-mysql-export-2026-01-13_comfy,17,I need a report that pulls together info from several different places.,HARD,"SELECT * FROM incident_components
LEFT JOIN incidents ON incident_components.incident_id = incidents.id;",SELECT * FROM table_name LEFT JOIN table_name ON table_name.col_name = table_name.id;
drawSQL-mysql-export-2026-01-13_comfy,18,"Can you do a multi-step analysis: group things, filter, then rank the results?",HARD,"WITH grouped AS (
  SELECT class_name, COUNT(*) as cnt FROM actions GROUP BY class_name
)
SELECT * FROM grouped WHERE cnt > 1 ORDER BY cnt DESC;","WITH grouped AS ( SELECT col_name, COUNT(*) as cnt FROM table_name GROUP BY col_name ) SELECT * FROM grouped WHERE cnt > num ORDER BY cnt DESC;"
drawSQL-mysql-export-2026-01-13_comfy,19,Who or what is the best in each group?,HARD,"SELECT * FROM (
  SELECT *, ROW_NUMBER() OVER (PARTITION BY class_name ORDER BY id DESC) as rn
  FROM actions
) WHERE rn = 1;","SELECT * FROM ( SELECT *, ROW_NUMBER() OVER (PARTITION BY col_name ORDER BY id DESC) as column_alias0 FROM table_name ) WHERE column_alias0 = num;"
drawSQL-mysql-export-2026-01-13_comfy,20,Which ones are above average compared to others in their group?,HARD,"SELECT * FROM meta t1
WHERE value > (
  SELECT AVG(value) FROM meta t2 WHERE t2.meta_type = t1.meta_type
);",SELECT * FROM table_name table_alias0 WHERE value > ( SELECT AVG(value) FROM table_name table_alias1 WHERE table_alias1.col_name = table_alias0.col_name );
drawSQL-mysql-export-2026-01-13_koel,1,How many people signed up last month?,EASY,"SELECT COUNT(*) FROM users
WHERE created_at >= date('now', '-1 month');","SELECT COUNT(*) FROM table_name WHERE col_name >= date(string, string);"
drawSQL-mysql-export-2026-01-13_koel,2,How many users do we have?,EASY,SELECT COUNT(*) FROM users;,SELECT COUNT(*) FROM table_name;
drawSQL-mysql-export-2026-01-13_koel,3,Show me all of our users.,EASY,SELECT * FROM users;,SELECT * FROM table_name;
drawSQL-mysql-export-2026-01-13_koel,4,Can you look up a specific user?,EASY,SELECT * FROM users WHERE id = ?;,SELECT * FROM table_name WHERE id = num;
drawSQL-mysql-export-2026-01-13_koel,5,Find the user with a certain name or email.,EASY,SELECT * FROM users WHERE name = ?;,SELECT * FROM table_name WHERE col_name = num;
drawSQL-mysql-export-2026-01-13_koel,6,What users were added or changed recently?,EASY,SELECT * FROM users ORDER BY created_at DESC LIMIT 50;,SELECT * FROM table_name ORDER BY col_name DESC LIMIT num;
drawSQL-mysql-export-2026-01-13_koel,7,What are the different name values we have?,EASY,SELECT * FROM users LIMIT 10;,SELECT * FROM table_name LIMIT num;
drawSQL-mysql-export-2026-01-13_koel,8,How many password resets do we have?,EASY,SELECT COUNT(*) FROM users;,SELECT COUNT(*) FROM table_name;
drawSQL-mysql-export-2026-01-13_koel,9,Who are our most active users?,MEDIUM,SELECT * FROM users ORDER BY created_at DESC LIMIT 10;,SELECT * FROM table_name ORDER BY col_name DESC LIMIT num;
drawSQL-mysql-export-2026-01-13_koel,10,Show me each user along with its related details.,MEDIUM,"SELECT t.*, c.*
FROM users t
LEFT JOIN playlists c ON c.user_id = t.id;","SELECT table_alias0.*, table_alias1.* FROM table_name table_alias0 LEFT JOIN table_name table_alias1 ON table_alias1.col_name = table_alias0.id;"
drawSQL-mysql-export-2026-01-13_koel,11,How many users did we have last month?,MEDIUM,"SELECT COUNT(*) FROM users
WHERE created_at >= date('now', '-1 month');","SELECT COUNT(*) FROM table_name WHERE col_name >= date(string, string);"
drawSQL-mysql-export-2026-01-13_koel,12,Break it down by type or category—how many users in each?,MEDIUM,"SELECT name, COUNT(*) as count FROM users GROUP BY name;","SELECT col_name, COUNT(*) as count FROM table_name GROUP BY col_name;"
drawSQL-mysql-export-2026-01-13_koel,13,Are there any users that don't have a match somewhere else?,MEDIUM,"SELECT * FROM users
WHERE id NOT IN (SELECT DISTINCT user_id FROM playlists WHERE user_id IS NOT NULL);",SELECT * FROM table_name WHERE id NOT IN (SELECT DISTINCT col_name FROM table_name WHERE col_name IS NOT NULL);
drawSQL-mysql-export-2026-01-13_koel,14,"For each group, what's in the top 3?",MEDIUM,SELECT * FROM users LIMIT 10;,SELECT * FROM table_name LIMIT num;
drawSQL-mysql-export-2026-01-13_koel,15,How many password resets did we have last month?,MEDIUM,"SELECT COUNT(*) FROM users
WHERE created_at >= date('now', '-1 month');","SELECT COUNT(*) FROM table_name WHERE col_name >= date(string, string);"
drawSQL-mysql-export-2026-01-13_koel,16,Break it down by type or category—how many password resets in each?,MEDIUM,"SELECT name, COUNT(*) as count FROM users GROUP BY name;","SELECT col_name, COUNT(*) as count FROM table_name GROUP BY col_name;"
drawSQL-mysql-export-2026-01-13_koel,17,I need a report that pulls together info from several different places.,HARD,"SELECT * FROM playlists
LEFT JOIN playlist_folders ON playlists.folder_id = playlist_folders.id;",SELECT * FROM table_name LEFT JOIN table_name ON table_name.col_name = table_name.id;
drawSQL-mysql-export-2026-01-13_koel,18,"Can you do a multi-step analysis: group things, filter, then rank the results?",HARD,"WITH grouped AS (
  SELECT name, COUNT(*) as cnt FROM users GROUP BY name
)
SELECT * FROM grouped WHERE cnt > 1 ORDER BY cnt DESC;","WITH grouped AS ( SELECT col_name, COUNT(*) as cnt FROM table_name GROUP BY col_name ) SELECT * FROM grouped WHERE cnt > num ORDER BY cnt DESC;"
drawSQL-mysql-export-2026-01-13_koel,19,Who or what is the best in each group?,HARD,"SELECT * FROM (
  SELECT *, ROW_NUMBER() OVER (PARTITION BY name ORDER BY id DESC) as rn
  FROM users
) WHERE rn = 1;","SELECT * FROM ( SELECT *, ROW_NUMBER() OVER (PARTITION BY col_name ORDER BY id DESC) as column_alias0 FROM table_name ) WHERE column_alias0 = num;"
drawSQL-mysql-export-2026-01-13_koel,20,Which ones are above average compared to others in their group?,HARD,"SELECT * FROM settings
WHERE value > (SELECT AVG(value) FROM settings);",SELECT * FROM table_name WHERE value > (SELECT AVG(value) FROM table_name);
drawSQL-mysql-export-2026-01-13_laravelspark,1,How many people signed up last month?,EASY,"SELECT COUNT(*) FROM users
WHERE created_at >= date('now', '-1 month');","SELECT COUNT(*) FROM table_name WHERE col_name >= date(string, string);"
drawSQL-mysql-export-2026-01-13_laravelspark,2,How many people are on each team?,EASY,SELECT * FROM announcements LIMIT 10;,SELECT * FROM table_name LIMIT num;
drawSQL-mysql-export-2026-01-13_laravelspark,3,Which invitations haven't been accepted yet?,EASY,SELECT * FROM announcements LIMIT 10;,SELECT * FROM table_name LIMIT num;
drawSQL-mysql-export-2026-01-13_laravelspark,4,How many announcements do we have?,EASY,SELECT COUNT(*) FROM announcements;,SELECT COUNT(*) FROM table_name;
drawSQL-mysql-export-2026-01-13_laravelspark,5,Show me all of our announcements.,EASY,SELECT * FROM announcements;,SELECT * FROM table_name;
drawSQL-mysql-export-2026-01-13_laravelspark,6,Can you look up a specific announcement?,EASY,SELECT * FROM announcements WHERE id = ?;,SELECT * FROM table_name WHERE id = num;
drawSQL-mysql-export-2026-01-13_laravelspark,7,What announcements were added or changed recently?,EASY,SELECT * FROM announcements ORDER BY created_at DESC LIMIT 50;,SELECT * FROM table_name ORDER BY col_name DESC LIMIT num;
drawSQL-mysql-export-2026-01-13_laravelspark,8,What are the different user id values we have?,EASY,SELECT * FROM announcements LIMIT 10;,SELECT * FROM table_name LIMIT num;
drawSQL-mysql-export-2026-01-13_laravelspark,9,Who are our most active users?,MEDIUM,SELECT * FROM users ORDER BY created_at DESC LIMIT 10;,SELECT * FROM table_name ORDER BY col_name DESC LIMIT num;
drawSQL-mysql-export-2026-01-13_laravelspark,10,How many announcements did we have last month?,MEDIUM,"SELECT COUNT(*) FROM announcements
WHERE created_at >= date('now', '-1 month');","SELECT COUNT(*) FROM table_name WHERE col_name >= date(string, string);"
drawSQL-mysql-export-2026-01-13_laravelspark,11,Break it down by type or category—how many announcements in each?,MEDIUM,"SELECT user_id, COUNT(*) as count FROM announcements GROUP BY user_id;","SELECT col_name, COUNT(*) as count FROM table_name GROUP BY col_name;"
drawSQL-mysql-export-2026-01-13_laravelspark,12,Are there any announcements that don't have a match somewhere else?,MEDIUM,SELECT * FROM announcements LIMIT 10;,SELECT * FROM table_name LIMIT num;
drawSQL-mysql-export-2026-01-13_laravelspark,13,"For each group, what's in the top 3?",MEDIUM,SELECT * FROM announcements LIMIT 10;,SELECT * FROM table_name LIMIT num;
drawSQL-mysql-export-2026-01-13_laravelspark,14,How many api tokens did we have last month?,MEDIUM,"SELECT COUNT(*) FROM announcements
WHERE created_at >= date('now', '-1 month');","SELECT COUNT(*) FROM table_name WHERE col_name >= date(string, string);"
drawSQL-mysql-export-2026-01-13_laravelspark,15,Break it down by type or category—how many api tokens in each?,MEDIUM,"SELECT user_id, COUNT(*) as count FROM announcements GROUP BY user_id;","SELECT col_name, COUNT(*) as count FROM table_name GROUP BY col_name;"
drawSQL-mysql-export-2026-01-13_laravelspark,16,Are there any api tokens that don't have a match somewhere else?,MEDIUM,SELECT * FROM announcements LIMIT 10;,SELECT * FROM table_name LIMIT num;
drawSQL-mysql-export-2026-01-13_laravelspark,17,I need a report that pulls together info from several different places.,HARD,"SELECT * FROM announcements
LEFT JOIN users ON announcements.user_id = users.id;",SELECT * FROM table_name LEFT JOIN table_name ON table_name.col_name = table_name.id;
drawSQL-mysql-export-2026-01-13_laravelspark,18,"Can you do a multi-step analysis: group things, filter, then rank the results?",HARD,"WITH grouped AS (
  SELECT user_id, COUNT(*) as cnt FROM announcements GROUP BY user_id
)
SELECT * FROM grouped WHERE cnt > 1 ORDER BY cnt DESC;","WITH grouped AS ( SELECT col_name, COUNT(*) as cnt FROM table_name GROUP BY col_name ) SELECT * FROM grouped WHERE cnt > num ORDER BY cnt DESC;"
drawSQL-mysql-export-2026-01-13_laravelspark,19,Who or what is the best in each group?,HARD,"SELECT * FROM (
  SELECT *, ROW_NUMBER() OVER (PARTITION BY user_id ORDER BY id DESC) as rn
  FROM announcements
) WHERE rn = 1;","SELECT * FROM ( SELECT *, ROW_NUMBER() OVER (PARTITION BY col_name ORDER BY id DESC) as column_alias0 FROM table_name ) WHERE column_alias0 = num;"
drawSQL-mysql-export-2026-01-13_laravelspark,20,Which ones are above average compared to others in their group?,HARD,"SELECT * FROM invoices
WHERE total > (SELECT AVG(total) FROM invoices);",SELECT * FROM table_name WHERE col_name > (SELECT AVG(col_name) FROM table_name);
drawSQL-mysql-export-2026-01-13_permissions,1,How many permissions do we have?,EASY,SELECT COUNT(*) FROM permissions;,SELECT COUNT(*) FROM table_name;
drawSQL-mysql-export-2026-01-13_permissions,2,Show me all of our permissions.,EASY,SELECT * FROM permissions;,SELECT * FROM table_name;
drawSQL-mysql-export-2026-01-13_permissions,3,Can you look up a specific permission?,EASY,SELECT * FROM permissions WHERE id = ?;,SELECT * FROM table_name WHERE id = num;
drawSQL-mysql-export-2026-01-13_permissions,4,Find the permission with a certain name or email.,EASY,SELECT * FROM permissions WHERE name = ?;,SELECT * FROM table_name WHERE col_name = num;
drawSQL-mysql-export-2026-01-13_permissions,5,What permissions were added or changed recently?,EASY,SELECT * FROM permissions ORDER BY created_at DESC LIMIT 50;,SELECT * FROM table_name ORDER BY col_name DESC LIMIT num;
drawSQL-mysql-export-2026-01-13_permissions,6,What are the different name values we have?,EASY,SELECT * FROM permissions LIMIT 10;,SELECT * FROM table_name LIMIT num;
drawSQL-mysql-export-2026-01-13_permissions,7,How many roles do we have?,EASY,SELECT COUNT(*) FROM permissions;,SELECT COUNT(*) FROM table_name;
drawSQL-mysql-export-2026-01-13_permissions,8,Show me all of our roles.,EASY,SELECT * FROM permissions;,SELECT * FROM table_name;
drawSQL-mysql-export-2026-01-13_permissions,9,Show me each permission along with its related details.,MEDIUM,"SELECT t.*, c.*
FROM permissions t
LEFT JOIN model_has_permissions c ON c.permission_id = t.id;","SELECT table_alias0.*, table_alias1.* FROM table_name table_alias0 LEFT JOIN table_name table_alias1 ON table_alias1.col_name = table_alias0.id;"
drawSQL-mysql-export-2026-01-13_permissions,10,How many permissions did we have last month?,MEDIUM,"SELECT COUNT(*) FROM permissions
WHERE created_at >= date('now', '-1 month');","SELECT COUNT(*) FROM table_name WHERE col_name >= date(string, string);"
drawSQL-mysql-export-2026-01-13_permissions,11,Break it down by type or category—how many permissions in each?,MEDIUM,"SELECT name, COUNT(*) as count FROM permissions GROUP BY name;","SELECT col_name, COUNT(*) as count FROM table_name GROUP BY col_name;"
drawSQL-mysql-export-2026-01-13_permissions,12,Are there any permissions that don't have a match somewhere else?,MEDIUM,"SELECT * FROM permissions
WHERE id NOT IN (SELECT DISTINCT permission_id FROM model_has_permissions WHERE permission_id IS NOT NULL);",SELECT * FROM table_name WHERE id NOT IN (SELECT DISTINCT col_name FROM table_name WHERE col_name IS NOT NULL);
drawSQL-mysql-export-2026-01-13_permissions,13,"For each group, what's in the top 3?",MEDIUM,"SELECT * FROM (
  SELECT *, ROW_NUMBER() OVER (PARTITION BY model_type ORDER BY id DESC) as rn
  FROM model_has_permissions
) WHERE rn <= 3;","SELECT * FROM ( SELECT *, ROW_NUMBER() OVER (PARTITION BY col_name ORDER BY id DESC) as column_alias0 FROM table_name ) WHERE column_alias0 <= num;"
drawSQL-mysql-export-2026-01-13_permissions,14,Show me each role along with its related details.,MEDIUM,"SELECT t.*, c.*
FROM permissions t
LEFT JOIN model_has_permissions c ON c.permission_id = t.id;","SELECT table_alias0.*, table_alias1.* FROM table_name table_alias0 LEFT JOIN table_name table_alias1 ON table_alias1.col_name = table_alias0.id;"
drawSQL-mysql-export-2026-01-13_permissions,15,How many roles did we have last month?,MEDIUM,"SELECT COUNT(*) FROM permissions
WHERE created_at >= date('now', '-1 month');","SELECT COUNT(*) FROM table_name WHERE col_name >= date(string, string);"
drawSQL-mysql-export-2026-01-13_permissions,16,Break it down by type or category—how many roles in each?,MEDIUM,"SELECT name, COUNT(*) as count FROM permissions GROUP BY name;","SELECT col_name, COUNT(*) as count FROM table_name GROUP BY col_name;"
drawSQL-mysql-export-2026-01-13_permissions,17,I need a report that pulls together info from several different places.,HARD,"SELECT * FROM model_has_roles
LEFT JOIN roles ON model_has_roles.role_id = roles.id;",SELECT * FROM table_name LEFT JOIN table_name ON table_name.col_name = table_name.id;
drawSQL-mysql-export-2026-01-13_permissions,18,"Can you do a multi-step analysis: group things, filter, then rank the results?",HARD,"WITH grouped AS (
  SELECT name, COUNT(*) as cnt FROM permissions GROUP BY name
)
SELECT * FROM grouped WHERE cnt > 1 ORDER BY cnt DESC;","WITH grouped AS ( SELECT col_name, COUNT(*) as cnt FROM table_name GROUP BY col_name ) SELECT * FROM grouped WHERE cnt > num ORDER BY cnt DESC;"
drawSQL-mysql-export-2026-01-13_permissions,19,Who or what is the best in each group?,HARD,"SELECT * FROM (
  SELECT *, ROW_NUMBER() OVER (PARTITION BY name ORDER BY id DESC) as rn
  FROM permissions
) WHERE rn = 1;","SELECT * FROM ( SELECT *, ROW_NUMBER() OVER (PARTITION BY col_name ORDER BY id DESC) as column_alias0 FROM table_name ) WHERE column_alias0 = num;"
drawSQL-mysql-export-2026-01-13_permissions,20,Which ones are above average compared to others in their group?,HARD,SELECT * FROM permissions LIMIT 10;,SELECT * FROM table_name LIMIT num;
drawSQL-mysql-export-2026-01-13_refinery,1,How many people signed up last month?,EASY,SELECT COUNT(*) FROM users;,SELECT COUNT(*) FROM table_name;
drawSQL-mysql-export-2026-01-13_refinery,2,How many ticketit statuses do we have?,EASY,SELECT COUNT(*) FROM ticketit_statuses;,SELECT COUNT(*) FROM table_name;
drawSQL-mysql-export-2026-01-13_refinery,3,Show me all of our ticketit statuses.,EASY,SELECT * FROM ticketit_statuses;,SELECT * FROM table_name;
drawSQL-mysql-export-2026-01-13_refinery,4,Can you look up a specific ticketit status?,EASY,SELECT * FROM ticketit_statuses WHERE id = ?;,SELECT * FROM table_name WHERE id = num;
drawSQL-mysql-export-2026-01-13_refinery,5,Find the ticketit status with a certain name or email.,EASY,SELECT * FROM ticketit_statuses WHERE name = ?;,SELECT * FROM table_name WHERE col_name = num;
drawSQL-mysql-export-2026-01-13_refinery,6,What are the different name values we have?,EASY,SELECT * FROM ticketit_statuses LIMIT 10;,SELECT * FROM table_name LIMIT num;
drawSQL-mysql-export-2026-01-13_refinery,7,How many ticketit priorities do we have?,EASY,SELECT COUNT(*) FROM ticketit_statuses;,SELECT COUNT(*) FROM table_name;
drawSQL-mysql-export-2026-01-13_refinery,8,Show me all of our ticketit priorities.,EASY,SELECT * FROM ticketit_statuses;,SELECT * FROM table_name;
drawSQL-mysql-export-2026-01-13_refinery,9,Who are our most active users?,MEDIUM,SELECT * FROM users ORDER BY created_at DESC LIMIT 10;,SELECT * FROM table_name ORDER BY col_name DESC LIMIT num;
drawSQL-mysql-export-2026-01-13_refinery,10,Show me each ticketit status along with its related details.,MEDIUM,"SELECT t.*, c.*
FROM ticketit_statuses t
LEFT JOIN ticketit c ON c.status_id = t.id;","SELECT table_alias0.*, table_alias1.* FROM table_name table_alias0 LEFT JOIN table_name table_alias1 ON table_alias1.col_name = table_alias0.id;"
drawSQL-mysql-export-2026-01-13_refinery,11,Break it down by type or category—how many ticketit statuses in each?,MEDIUM,"SELECT name, COUNT(*) as count FROM ticketit_statuses GROUP BY name;","SELECT col_name, COUNT(*) as count FROM table_name GROUP BY col_name;"
drawSQL-mysql-export-2026-01-13_refinery,12,Are there any ticketit statuses that don't have a match somewhere else?,MEDIUM,"SELECT * FROM ticketit_statuses
WHERE id NOT IN (SELECT DISTINCT status_id FROM ticketit WHERE status_id IS NOT NULL);",SELECT * FROM table_name WHERE id NOT IN (SELECT DISTINCT col_name FROM table_name WHERE col_name IS NOT NULL);
drawSQL-mysql-export-2026-01-13_refinery,13,"For each group, what's in the top 3?",MEDIUM,SELECT * FROM ticketit_statuses LIMIT 10;,SELECT * FROM table_name LIMIT num;
drawSQL-mysql-export-2026-01-13_refinery,14,Show me each ticketit priority along with its related details.,MEDIUM,"SELECT t.*, c.*
FROM ticketit_statuses t
LEFT JOIN ticketit c ON c.status_id = t.id;","SELECT table_alias0.*, table_alias1.* FROM table_name table_alias0 LEFT JOIN table_name table_alias1 ON table_alias1.col_name = table_alias0.id;"
drawSQL-mysql-export-2026-01-13_refinery,15,Break it down by type or category—how many ticketit priorities in each?,MEDIUM,"SELECT name, COUNT(*) as count FROM ticketit_statuses GROUP BY name;","SELECT col_name, COUNT(*) as count FROM table_name GROUP BY col_name;"
drawSQL-mysql-export-2026-01-13_refinery,16,Are there any ticketit priorities that don't have a match somewhere else?,MEDIUM,"SELECT * FROM ticketit_statuses
WHERE id NOT IN (SELECT DISTINCT status_id FROM ticketit WHERE status_id IS NOT NULL);",SELECT * FROM table_name WHERE id NOT IN (SELECT DISTINCT col_name FROM table_name WHERE col_name IS NOT NULL);
drawSQL-mysql-export-2026-01-13_refinery,17,I need a report that pulls together info from several different places.,HARD,"SELECT * FROM ticketit_categories_users
LEFT JOIN users ON ticketit_categories_users.user_id = users.id
LEFT JOIN ticketit_categories ON ticketit_categories_users.category_id = ticketit_categories.id;",SELECT * FROM table_name LEFT JOIN table_name ON table_name.col_name = table_name.id LEFT JOIN table_name ON table_name.col_name = table_name.id;
drawSQL-mysql-export-2026-01-13_refinery,18,"Can you do a multi-step analysis: group things, filter, then rank the results?",HARD,"WITH grouped AS (
  SELECT name, COUNT(*) as cnt FROM ticketit_statuses GROUP BY name
)
SELECT * FROM grouped WHERE cnt > 1 ORDER BY cnt DESC;","WITH grouped AS ( SELECT col_name, COUNT(*) as cnt FROM table_name GROUP BY col_name ) SELECT * FROM grouped WHERE cnt > num ORDER BY cnt DESC;"
drawSQL-mysql-export-2026-01-13_refinery,19,Who or what is the best in each group?,HARD,"SELECT * FROM (
  SELECT *, ROW_NUMBER() OVER (PARTITION BY name ORDER BY id DESC) as rn
  FROM ticketit_statuses
) WHERE rn = 1;","SELECT * FROM ( SELECT *, ROW_NUMBER() OVER (PARTITION BY col_name ORDER BY id DESC) as column_alias0 FROM table_name ) WHERE column_alias0 = num;"
drawSQL-mysql-export-2026-01-13_refinery,20,Which ones are above average compared to others in their group?,HARD,"SELECT * FROM ticketit_settings
WHERE value > (SELECT AVG(value) FROM ticketit_settings);",SELECT * FROM table_name WHERE value > (SELECT AVG(value) FROM table_name);
drawSQL-mysql-export-2026-01-13_snipe,1,How many people signed up last month?,EASY,"SELECT COUNT(*) FROM users
WHERE created_at >= date('now', '-1 month');","SELECT COUNT(*) FROM table_name WHERE col_name >= date(string, string);"
drawSQL-mysql-export-2026-01-13_snipe,2,How many accessories do we have?,EASY,SELECT COUNT(*) FROM accessories;,SELECT COUNT(*) FROM table_name;
drawSQL-mysql-export-2026-01-13_snipe,3,Show me all of our accessories.,EASY,SELECT * FROM accessories;,SELECT * FROM table_name;
drawSQL-mysql-export-2026-01-13_snipe,4,Can you look up a specific accessory?,EASY,SELECT * FROM accessories WHERE id = ?;,SELECT * FROM table_name WHERE id = num;
drawSQL-mysql-export-2026-01-13_snipe,5,Find the accessory with a certain name or email.,EASY,SELECT * FROM accessories WHERE name = ?;,SELECT * FROM table_name WHERE col_name = num;
drawSQL-mysql-export-2026-01-13_snipe,6,What accessories were added or changed recently?,EASY,SELECT * FROM accessories ORDER BY created_at DESC LIMIT 50;,SELECT * FROM table_name ORDER BY col_name DESC LIMIT num;
drawSQL-mysql-export-2026-01-13_snipe,7,What are the different name values we have?,EASY,SELECT * FROM accessories LIMIT 10;,SELECT * FROM table_name LIMIT num;
drawSQL-mysql-export-2026-01-13_snipe,8,How many users do we have?,EASY,SELECT COUNT(*) FROM users;,SELECT COUNT(*) FROM table_name;
drawSQL-mysql-export-2026-01-13_snipe,9,Who are our most active users?,MEDIUM,SELECT * FROM users ORDER BY created_at DESC LIMIT 10;,SELECT * FROM table_name ORDER BY col_name DESC LIMIT num;
drawSQL-mysql-export-2026-01-13_snipe,10,Show me each accessory along with its related details.,MEDIUM,"SELECT t.*, c.*
FROM accessories t
LEFT JOIN accessories_users c ON c.accessory_id = t.id;","SELECT table_alias0.*, table_alias1.* FROM table_name table_alias0 LEFT JOIN table_name table_alias1 ON table_alias1.col_name = table_alias0.id;"
drawSQL-mysql-export-2026-01-13_snipe,11,How many accessories did we have last month?,MEDIUM,"SELECT COUNT(*) FROM accessories
WHERE created_at >= date('now', '-1 month');","SELECT COUNT(*) FROM table_name WHERE col_name >= date(string, string);"
drawSQL-mysql-export-2026-01-13_snipe,12,Break it down by type or category—how many accessories in each?,MEDIUM,"SELECT category_id, COUNT(*) as count FROM accessories GROUP BY category_id;","SELECT col_name, COUNT(*) as count FROM table_name GROUP BY col_name;"
drawSQL-mysql-export-2026-01-13_snipe,13,Are there any accessories that don't have a match somewhere else?,MEDIUM,"SELECT * FROM accessories
WHERE id NOT IN (SELECT DISTINCT accessory_id FROM accessories_users WHERE accessory_id IS NOT NULL);",SELECT * FROM table_name WHERE id NOT IN (SELECT DISTINCT col_name FROM table_name WHERE col_name IS NOT NULL);
drawSQL-mysql-export-2026-01-13_snipe,14,"For each group, what's in the top 3?",MEDIUM,"SELECT * FROM (
  SELECT *, ROW_NUMBER() OVER (PARTITION BY category_id ORDER BY id DESC) as rn
  FROM components
) WHERE rn <= 3;","SELECT * FROM ( SELECT *, ROW_NUMBER() OVER (PARTITION BY col_name ORDER BY id DESC) as column_alias0 FROM table_name ) WHERE column_alias0 <= num;"
drawSQL-mysql-export-2026-01-13_snipe,15,How many users did we have last month?,MEDIUM,"SELECT COUNT(*) FROM users
WHERE created_at >= date('now', '-1 month');","SELECT COUNT(*) FROM table_name WHERE col_name >= date(string, string);"
drawSQL-mysql-export-2026-01-13_snipe,16,Break it down by type or category—how many users in each?,MEDIUM,"SELECT email, COUNT(*) as count FROM users GROUP BY email;","SELECT col_name, COUNT(*) as count FROM table_name GROUP BY col_name;"
drawSQL-mysql-export-2026-01-13_snipe,17,I need a report that pulls together info from several different places.,HARD,"SELECT * FROM accessories
LEFT JOIN users ON accessories.user_id = users.id
LEFT JOIN categories ON accessories.category_id = categories.id;",SELECT * FROM table_name LEFT JOIN table_name ON table_name.col_name = table_name.id LEFT JOIN table_name ON table_name.col_name = table_name.id;
drawSQL-mysql-export-2026-01-13_snipe,18,"Can you do a multi-step analysis: group things, filter, then rank the results?",HARD,"WITH grouped AS (
  SELECT category_id, COUNT(*) as cnt FROM accessories GROUP BY category_id
)
SELECT * FROM grouped WHERE cnt > 1 ORDER BY cnt DESC;","WITH grouped AS ( SELECT col_name, COUNT(*) as cnt FROM table_name GROUP BY col_name ) SELECT * FROM grouped WHERE cnt > num ORDER BY cnt DESC;"
drawSQL-mysql-export-2026-01-13_snipe,19,Who or what is the best in each group?,HARD,"SELECT * FROM (
  SELECT *, ROW_NUMBER() OVER (PARTITION BY category_id ORDER BY id DESC) as rn
  FROM accessories
) WHERE rn = 1;","SELECT * FROM ( SELECT *, ROW_NUMBER() OVER (PARTITION BY col_name ORDER BY id DESC) as column_alias0 FROM table_name ) WHERE column_alias0 = num;"
drawSQL-mysql-export-2026-01-13_snipe,20,Which ones are above average compared to others in their group?,HARD,"SELECT * FROM checkout_requests t1
WHERE quantity > (
  SELECT AVG(quantity) FROM checkout_requests t2 WHERE t2.requestable_type = t1.requestable_type
);",SELECT * FROM table_name table_alias0 WHERE col_name > ( SELECT AVG(col_name) FROM table_name table_alias1 WHERE table_alias1.col_name = table_alias0.col_name );
drawSQL-mysql-export-2026-01-13_stripe,1,Which customers have an active subscription?,EASY,SELECT * FROM users LIMIT 10;,SELECT * FROM table_name LIMIT num;
drawSQL-mysql-export-2026-01-13_stripe,2,How many people signed up last month?,EASY,"SELECT COUNT(*) FROM users
WHERE created_at >= date('now', '-1 month');","SELECT COUNT(*) FROM table_name WHERE col_name >= date(string, string);"
drawSQL-mysql-export-2026-01-13_stripe,3,How many users do we have?,EASY,SELECT COUNT(*) FROM users;,SELECT COUNT(*) FROM table_name;
drawSQL-mysql-export-2026-01-13_stripe,4,Show me all of our users.,EASY,SELECT * FROM users;,SELECT * FROM table_name;
drawSQL-mysql-export-2026-01-13_stripe,5,Can you look up a specific user?,EASY,SELECT * FROM subscriptions WHERE id = ?;,SELECT * FROM table_name WHERE id = num;
drawSQL-mysql-export-2026-01-13_stripe,6,What users were added or changed recently?,EASY,SELECT * FROM users ORDER BY created_at DESC LIMIT 50;,SELECT * FROM table_name ORDER BY col_name DESC LIMIT num;
drawSQL-mysql-export-2026-01-13_stripe,7,What are the different stripe id values we have?,EASY,SELECT * FROM users LIMIT 10;,SELECT * FROM table_name LIMIT num;
drawSQL-mysql-export-2026-01-13_stripe,8,How many subscriptions do we have?,EASY,SELECT COUNT(*) FROM subscriptions;,SELECT COUNT(*) FROM table_name;
drawSQL-mysql-export-2026-01-13_stripe,9,How much money did we make this month?,MEDIUM,SELECT * FROM users LIMIT 10;,SELECT * FROM table_name LIMIT num;
drawSQL-mysql-export-2026-01-13_stripe,10,Who are our most active users?,MEDIUM,SELECT * FROM users ORDER BY created_at DESC LIMIT 10;,SELECT * FROM table_name ORDER BY col_name DESC LIMIT num;
drawSQL-mysql-export-2026-01-13_stripe,11,How many users did we have last month?,MEDIUM,"SELECT COUNT(*) FROM users
WHERE created_at >= date('now', '-1 month');","SELECT COUNT(*) FROM table_name WHERE col_name >= date(string, string);"
drawSQL-mysql-export-2026-01-13_stripe,12,Break it down by type or category—how many users in each?,MEDIUM,"SELECT pm_type, COUNT(*) as count FROM users GROUP BY pm_type;","SELECT col_name, COUNT(*) as count FROM table_name GROUP BY col_name;"
drawSQL-mysql-export-2026-01-13_stripe,13,Are there any users that don't have a match somewhere else?,MEDIUM,SELECT * FROM users LIMIT 10;,SELECT * FROM table_name LIMIT num;
drawSQL-mysql-export-2026-01-13_stripe,14,"For each group, what's in the top 3?",MEDIUM,"SELECT * FROM (
  SELECT *, ROW_NUMBER() OVER (PARTITION BY pm_type ORDER BY id DESC) as rn
  FROM users
) WHERE rn <= 3;","SELECT * FROM ( SELECT *, ROW_NUMBER() OVER (PARTITION BY col_name ORDER BY id DESC) as column_alias0 FROM table_name ) WHERE column_alias0 <= num;"
drawSQL-mysql-export-2026-01-13_stripe,15,Show me each subscription along with its related details.,MEDIUM,SELECT * FROM users;,SELECT * FROM table_name;
drawSQL-mysql-export-2026-01-13_stripe,16,What's our total or average quantity across all subscriptions?,MEDIUM,"SELECT SUM(quantity) as total, AVG(quantity) as average FROM subscriptions;","SELECT SUM(col_name) as column_alias0, AVG(col_name) as average FROM table_name;"
drawSQL-mysql-export-2026-01-13_stripe,17,I need a report that pulls together info from several different places.,HARD,"SELECT * FROM subscription_items
LEFT JOIN subscriptions ON subscription_items.subscription_id = subscriptions.id;",SELECT * FROM table_name LEFT JOIN table_name ON table_name.col_name = table_name.id;
drawSQL-mysql-export-2026-01-13_stripe,18,"Can you do a multi-step analysis: group things, filter, then rank the results?",HARD,"WITH grouped AS (
  SELECT pm_type, COUNT(*) as cnt FROM users GROUP BY pm_type
)
SELECT * FROM grouped WHERE cnt > 1 ORDER BY cnt DESC;","WITH grouped AS ( SELECT col_name, COUNT(*) as cnt FROM table_name GROUP BY col_name ) SELECT * FROM grouped WHERE cnt > num ORDER BY cnt DESC;"
drawSQL-mysql-export-2026-01-13_stripe,19,Who or what is the best in each group?,HARD,"SELECT * FROM (
  SELECT *, ROW_NUMBER() OVER (PARTITION BY pm_type ORDER BY id DESC) as rn
  FROM users
) WHERE rn = 1;","SELECT * FROM ( SELECT *, ROW_NUMBER() OVER (PARTITION BY col_name ORDER BY id DESC) as column_alias0 FROM table_name ) WHERE column_alias0 = num;"
drawSQL-mysql-export-2026-01-13_stripe,20,Which ones are above average compared to others in their group?,HARD,"SELECT * FROM subscriptions
WHERE quantity > (SELECT AVG(quantity) FROM subscriptions);",SELECT * FROM table_name WHERE col_name > (SELECT AVG(col_name) FROM table_name);
drawSQL-mysql-export-2026-01-13_ticket,1,How many tickets are still open?,EASY,SELECT * FROM permissions LIMIT 10;,SELECT * FROM table_name LIMIT num;
drawSQL-mysql-export-2026-01-13_ticket,2,Which tickets were created this week?,EASY,SELECT * FROM permissions LIMIT 10;,SELECT * FROM table_name LIMIT num;
drawSQL-mysql-export-2026-01-13_ticket,3,How many permissions do we have?,EASY,SELECT COUNT(*) FROM permissions;,SELECT COUNT(*) FROM table_name;
drawSQL-mysql-export-2026-01-13_ticket,4,Show me all of our permissions.,EASY,SELECT * FROM permissions;,SELECT * FROM table_name;
drawSQL-mysql-export-2026-01-13_ticket,5,Can you look up a specific permission?,EASY,SELECT * FROM permissions WHERE id = ?;,SELECT * FROM table_name WHERE id = num;
drawSQL-mysql-export-2026-01-13_ticket,6,Find the permission with a certain name or email.,EASY,SELECT * FROM permissions WHERE name = ?;,SELECT * FROM table_name WHERE col_name = num;
drawSQL-mysql-export-2026-01-13_ticket,7,What permissions were added or changed recently?,EASY,SELECT * FROM permissions ORDER BY created_at DESC LIMIT 50;,SELECT * FROM table_name ORDER BY col_name DESC LIMIT num;
drawSQL-mysql-export-2026-01-13_ticket,8,What are the different name values we have?,EASY,SELECT * FROM permissions LIMIT 10;,SELECT * FROM table_name LIMIT num;
drawSQL-mysql-export-2026-01-13_ticket,9,How long does it take us to resolve tickets on average?,MEDIUM,SELECT * FROM permissions LIMIT 10;,SELECT * FROM table_name LIMIT num;
drawSQL-mysql-export-2026-01-13_ticket,10,Show me each permission along with its related details.,MEDIUM,"SELECT t.*, c.*
FROM permissions t
LEFT JOIN model_has_permissions c ON c.permission_id = t.id;","SELECT table_alias0.*, table_alias1.* FROM table_name table_alias0 LEFT JOIN table_name table_alias1 ON table_alias1.col_name = table_alias0.id;"
drawSQL-mysql-export-2026-01-13_ticket,11,How many permissions did we have last month?,MEDIUM,"SELECT COUNT(*) FROM permissions
WHERE created_at >= date('now', '-1 month');","SELECT COUNT(*) FROM table_name WHERE col_name >= date(string, string);"
drawSQL-mysql-export-2026-01-13_ticket,12,Break it down by type or category—how many permissions in each?,MEDIUM,"SELECT name, COUNT(*) as count FROM permissions GROUP BY name;","SELECT col_name, COUNT(*) as count FROM table_name GROUP BY col_name;"
drawSQL-mysql-export-2026-01-13_ticket,13,Are there any permissions that don't have a match somewhere else?,MEDIUM,"SELECT * FROM permissions
WHERE id NOT IN (SELECT DISTINCT permission_id FROM model_has_permissions WHERE permission_id IS NOT NULL);",SELECT * FROM table_name WHERE id NOT IN (SELECT DISTINCT col_name FROM table_name WHERE col_name IS NOT NULL);
drawSQL-mysql-export-2026-01-13_ticket,14,"For each group, what's in the top 3?",MEDIUM,"SELECT * FROM (
  SELECT *, ROW_NUMBER() OVER (PARTITION BY model_type ORDER BY id DESC) as rn
  FROM model_has_permissions
) WHERE rn <= 3;","SELECT * FROM ( SELECT *, ROW_NUMBER() OVER (PARTITION BY col_name ORDER BY id DESC) as column_alias0 FROM table_name ) WHERE column_alias0 <= num;"
drawSQL-mysql-export-2026-01-13_ticket,15,Show me each role along with its related details.,MEDIUM,"SELECT t.*, c.*
FROM permissions t
LEFT JOIN model_has_permissions c ON c.permission_id = t.id;","SELECT table_alias0.*, table_alias1.* FROM table_name table_alias0 LEFT JOIN table_name table_alias1 ON table_alias1.col_name = table_alias0.id;"
drawSQL-mysql-export-2026-01-13_ticket,16,How many roles did we have last month?,MEDIUM,"SELECT COUNT(*) FROM permissions
WHERE created_at >= date('now', '-1 month');","SELECT COUNT(*) FROM table_name WHERE col_name >= date(string, string);"
drawSQL-mysql-export-2026-01-13_ticket,17,I need a report that pulls together info from several different places.,HARD,"SELECT * FROM model_has_roles
LEFT JOIN roles ON model_has_roles.role_id = roles.id;",SELECT * FROM table_name LEFT JOIN table_name ON table_name.col_name = table_name.id;
drawSQL-mysql-export-2026-01-13_ticket,18,"Can you do a multi-step analysis: group things, filter, then rank the results?",HARD,"WITH grouped AS (
  SELECT name, COUNT(*) as cnt FROM permissions GROUP BY name
)
SELECT * FROM grouped WHERE cnt > 1 ORDER BY cnt DESC;","WITH grouped AS ( SELECT col_name, COUNT(*) as cnt FROM table_name GROUP BY col_name ) SELECT * FROM grouped WHERE cnt > num ORDER BY cnt DESC;"
drawSQL-mysql-export-2026-01-13_ticket,19,Who or what is the best in each group?,HARD,"SELECT * FROM (
  SELECT *, ROW_NUMBER() OVER (PARTITION BY name ORDER BY id DESC) as rn
  FROM permissions
) WHERE rn = 1;","SELECT * FROM ( SELECT *, ROW_NUMBER() OVER (PARTITION BY col_name ORDER BY id DESC) as column_alias0 FROM table_name ) WHERE column_alias0 = num;"
drawSQL-mysql-export-2026-01-13_ticket,20,Which ones are above average compared to others in their group?,HARD,SELECT * FROM permissions LIMIT 10;,SELECT * FROM table_name LIMIT num;
drawSQL-mysql-export-2026-01-13_voyager,1,How many people signed up last month?,EASY,"SELECT COUNT(*) FROM users
WHERE avatar >= date('now', '-1 month');","SELECT COUNT(*) FROM col_name WHERE col_name >= date(string, string);"
drawSQL-mysql-export-2026-01-13_voyager,2,How many users do we have?,EASY,SELECT COUNT(*) FROM users;,SELECT COUNT(*) FROM col_name;
drawSQL-mysql-export-2026-01-13_voyager,3,Show me all of our users.,EASY,SELECT * FROM users;,SELECT * FROM col_name;
drawSQL-mysql-export-2026-01-13_voyager,4,Can you look up a specific user?,EASY,SELECT * FROM users WHERE id = ?;,SELECT * FROM col_name WHERE id = num;
drawSQL-mysql-export-2026-01-13_voyager,5,What are the different avatar values we have?,EASY,SELECT * FROM users LIMIT 10;,SELECT * FROM col_name LIMIT num;
drawSQL-mysql-export-2026-01-13_voyager,6,How many data types do we have?,EASY,SELECT COUNT(*) FROM users;,SELECT COUNT(*) FROM col_name;
drawSQL-mysql-export-2026-01-13_voyager,7,Show me all of our data types.,EASY,SELECT * FROM users;,SELECT * FROM col_name;
drawSQL-mysql-export-2026-01-13_voyager,8,Can you look up a specific data type?,EASY,SELECT * FROM users WHERE id = ?;,SELECT * FROM col_name WHERE id = num;
drawSQL-mysql-export-2026-01-13_voyager,9,Who are our most active users?,MEDIUM,SELECT * FROM users ORDER BY created_at DESC LIMIT 10;,SELECT * FROM col_name ORDER BY col_name DESC LIMIT num;
drawSQL-mysql-export-2026-01-13_voyager,10,Show me each user along with its related details.,MEDIUM,"SELECT t.*, c.*
FROM users t
LEFT JOIN user_roles c ON c.user_id = t.id;","SELECT table_alias0.*, table_alias1.* FROM col_name table_alias0 LEFT JOIN col_name table_alias1 ON table_alias1.col_name = table_alias0.id;"
drawSQL-mysql-export-2026-01-13_voyager,11,Break it down by type or category—how many users in each?,MEDIUM,"SELECT avatar, COUNT(*) as count FROM users GROUP BY avatar;","SELECT col_name, COUNT(*) as count FROM col_name GROUP BY col_name;"
drawSQL-mysql-export-2026-01-13_voyager,12,Are there any users that don't have a match somewhere else?,MEDIUM,"SELECT * FROM users
WHERE id NOT IN (SELECT DISTINCT user_id FROM user_roles WHERE user_id IS NOT NULL);",SELECT * FROM col_name WHERE id NOT IN (SELECT DISTINCT col_name FROM col_name WHERE col_name IS NOT NULL);
drawSQL-mysql-export-2026-01-13_voyager,13,"For each group, what's in the top 3?",MEDIUM,SELECT * FROM users LIMIT 10;,SELECT * FROM col_name LIMIT num;
drawSQL-mysql-export-2026-01-13_voyager,14,Show me each data type along with its related details.,MEDIUM,"SELECT t.*, c.*
FROM users t
LEFT JOIN user_roles c ON c.user_id = t.id;","SELECT table_alias0.*, table_alias1.* FROM col_name table_alias0 LEFT JOIN col_name table_alias1 ON table_alias1.col_name = table_alias0.id;"
drawSQL-mysql-export-2026-01-13_voyager,15,How many data types did we have last month?,MEDIUM,"SELECT COUNT(*) FROM users
WHERE avatar >= date('now', '-1 month');","SELECT COUNT(*) FROM col_name WHERE col_name >= date(string, string);"
drawSQL-mysql-export-2026-01-13_voyager,16,Break it down by type or category—how many data types in each?,MEDIUM,"SELECT avatar, COUNT(*) as count FROM users GROUP BY avatar;","SELECT col_name, COUNT(*) as count FROM col_name GROUP BY col_name;"
drawSQL-mysql-export-2026-01-13_voyager,17,I need a report that pulls together info from several different places.,HARD,"SELECT * FROM menu_items
LEFT JOIN menu_items ON menu_items.parent_id = menu_items.id
LEFT JOIN menus ON menu_items.menu_id = menus.id;",SELECT * FROM col_name LEFT JOIN col_name ON col_name.col_name = col_name.id LEFT JOIN col_name ON col_name.col_name = col_name.id;
drawSQL-mysql-export-2026-01-13_voyager,18,"Can you do a multi-step analysis: group things, filter, then rank the results?",HARD,"WITH grouped AS (
  SELECT avatar, COUNT(*) as cnt FROM users GROUP BY avatar
)
SELECT * FROM grouped WHERE cnt > 1 ORDER BY cnt DESC;","WITH grouped AS ( SELECT col_name, COUNT(*) as cnt FROM col_name GROUP BY col_name ) SELECT * FROM grouped WHERE cnt > num ORDER BY cnt DESC;"
drawSQL-mysql-export-2026-01-13_voyager,19,Who or what is the best in each group?,HARD,"SELECT * FROM (
  SELECT *, ROW_NUMBER() OVER (PARTITION BY avatar ORDER BY id DESC) as rn
  FROM users
) WHERE rn = 1;","SELECT * FROM ( SELECT *, ROW_NUMBER() OVER (PARTITION BY col_name ORDER BY id DESC) as column_alias0 FROM col_name ) WHERE column_alias0 = num;"
drawSQL-mysql-export-2026-01-13_voyager,20,Which ones are above average compared to others in their group?,HARD,"SELECT * FROM settings t1
WHERE value > (
  SELECT AVG(value) FROM settings t2 WHERE t2.type = t1.type
);",SELECT * FROM col_name table_alias0 WHERE value > ( SELECT AVG(value) FROM col_name table_alias1 WHERE table_alias1.col_name = table_alias0.col_name );
drawSQL-mysql-export-2026-01-13_wordpress,1,How many people signed up last month?,EASY,SELECT COUNT(*) FROM wp_termmeta;,SELECT COUNT(*) FROM table_name;
drawSQL-mysql-export-2026-01-13_wordpress,2,How many metadata do we have?,EASY,SELECT COUNT(*) FROM wp_termmeta;,SELECT COUNT(*) FROM table_name;
drawSQL-mysql-export-2026-01-13_wordpress,3,Show me all of our metadata.,EASY,SELECT * FROM wp_termmeta;,SELECT * FROM table_name;
drawSQL-mysql-export-2026-01-13_wordpress,4,Can you look up a specific metadata?,EASY,SELECT * FROM wp_termmeta LIMIT 10;,SELECT * FROM table_name LIMIT num;
drawSQL-mysql-export-2026-01-13_wordpress,5,What are the different meta id values we have?,EASY,SELECT * FROM wp_termmeta LIMIT 10;,SELECT * FROM table_name LIMIT num;
drawSQL-mysql-export-2026-01-13_wordpress,6,How many wp terms do we have?,EASY,SELECT COUNT(*) FROM wp_termmeta;,SELECT COUNT(*) FROM table_name;
drawSQL-mysql-export-2026-01-13_wordpress,7,Show me all of our wp terms.,EASY,SELECT * FROM wp_termmeta;,SELECT * FROM table_name;
drawSQL-mysql-export-2026-01-13_wordpress,8,Can you look up a specific wp term?,EASY,SELECT * FROM wp_termmeta LIMIT 10;,SELECT * FROM table_name LIMIT num;
drawSQL-mysql-export-2026-01-13_wordpress,9,Who are our most active users?,MEDIUM,SELECT * FROM wp_termmeta LIMIT 10;,SELECT * FROM table_name LIMIT num;
drawSQL-mysql-export-2026-01-13_wordpress,10,Break it down by type or category—how many metadata in each?,MEDIUM,"SELECT meta_id, COUNT(*) as count FROM wp_termmeta GROUP BY meta_id;","SELECT col_name, COUNT(*) as count FROM table_name GROUP BY col_name;"
drawSQL-mysql-export-2026-01-13_wordpress,11,Are there any metadata that don't have a match somewhere else?,MEDIUM,SELECT * FROM wp_termmeta LIMIT 10;,SELECT * FROM table_name LIMIT num;
drawSQL-mysql-export-2026-01-13_wordpress,12,"For each group, what's in the top 3?",MEDIUM,"SELECT * FROM (
  SELECT *, ROW_NUMBER() OVER (PARTITION BY term_group ORDER BY id DESC) as rn
  FROM wp_terms
) WHERE rn <= 3;","SELECT * FROM ( SELECT *, ROW_NUMBER() OVER (PARTITION BY col_name ORDER BY id DESC) as column_alias0 FROM table_name ) WHERE column_alias0 <= num;"
drawSQL-mysql-export-2026-01-13_wordpress,13,Show me each wp term along with its related details.,MEDIUM,SELECT * FROM wp_termmeta;,SELECT * FROM table_name;
drawSQL-mysql-export-2026-01-13_wordpress,14,Break it down by type or category—how many wp terms in each?,MEDIUM,"SELECT meta_id, COUNT(*) as count FROM wp_termmeta GROUP BY meta_id;","SELECT col_name, COUNT(*) as count FROM table_name GROUP BY col_name;"
drawSQL-mysql-export-2026-01-13_wordpress,15,Are there any wp terms that don't have a match somewhere else?,MEDIUM,SELECT * FROM wp_termmeta LIMIT 10;,SELECT * FROM table_name LIMIT num;
drawSQL-mysql-export-2026-01-13_wordpress,16,Show me each wp term taxonomy along with its related details.,MEDIUM,SELECT * FROM wp_termmeta;,SELECT * FROM table_name;
drawSQL-mysql-export-2026-01-13_wordpress,17,I need a report that pulls together info from several different places.,HARD,"SELECT * FROM wp_comments
LEFT JOIN wp_users ON wp_comments.user_id = wp_users.ID;",SELECT * FROM table_name LEFT JOIN table_name ON table_name.col_name = table_name.ID;
drawSQL-mysql-export-2026-01-13_wordpress,18,"Can you do a multi-step analysis: group things, filter, then rank the results?",HARD,"WITH grouped AS (
  SELECT term_id, COUNT(*) as cnt FROM wp_termmeta GROUP BY term_id
)
SELECT * FROM grouped WHERE cnt > 1 ORDER BY cnt DESC;","WITH grouped AS ( SELECT col_name, COUNT(*) as cnt FROM table_name GROUP BY col_name ) SELECT * FROM grouped WHERE cnt > num ORDER BY cnt DESC;"
drawSQL-mysql-export-2026-01-13_wordpress,19,Who or what is the best in each group?,HARD,"SELECT * FROM (
  SELECT *, ROW_NUMBER() OVER (PARTITION BY term_id ORDER BY id DESC) as rn
  FROM wp_termmeta
) WHERE rn = 1;","SELECT * FROM ( SELECT *, ROW_NUMBER() OVER (PARTITION BY col_name ORDER BY id DESC) as column_alias0 FROM table_name ) WHERE column_alias0 = num;"
drawSQL-mysql-export-2026-01-13_wordpress,20,Which ones are above average compared to others in their group?,HARD,SELECT * FROM wp_termmeta LIMIT 10;,SELECT * FROM table_name LIMIT num;
drawSQL-mysql-export-2026-02-02 _attendize,1,How many people signed up last month?,EASY,"SELECT COUNT(*) FROM users
WHERE created_at >= date('now', '-1 month');","SELECT COUNT(*) FROM table_name WHERE col_name >= date(string, string);"
drawSQL-mysql-export-2026-02-02 _attendize,2,How many account payment gateways do we have?,EASY,SELECT COUNT(*) FROM account_payment_gateways;,SELECT COUNT(*) FROM table_name;
drawSQL-mysql-export-2026-02-02 _attendize,3,Show me all of our account payment gateways.,EASY,SELECT * FROM account_payment_gateways;,SELECT * FROM table_name;
drawSQL-mysql-export-2026-02-02 _attendize,4,Can you look up a specific account payment gateway?,EASY,SELECT * FROM account_payment_gateways WHERE id = ?;,SELECT * FROM table_name WHERE id = num;
drawSQL-mysql-export-2026-02-02 _attendize,5,What account payment gateways were added or changed recently?,EASY,SELECT * FROM account_payment_gateways ORDER BY created_at DESC LIMIT 50;,SELECT * FROM table_name ORDER BY col_name DESC LIMIT num;
drawSQL-mysql-export-2026-02-02 _attendize,6,What are the different account id values we have?,EASY,SELECT * FROM account_payment_gateways LIMIT 10;,SELECT * FROM table_name LIMIT num;
drawSQL-mysql-export-2026-02-02 _attendize,7,How many accounts do we have?,EASY,SELECT COUNT(*) FROM account_payment_gateways;,SELECT COUNT(*) FROM table_name;
drawSQL-mysql-export-2026-02-02 _attendize,8,Show me all of our accounts.,EASY,SELECT * FROM account_payment_gateways;,SELECT * FROM table_name;
drawSQL-mysql-export-2026-02-02 _attendize,9,Who are our most active users?,MEDIUM,SELECT * FROM users ORDER BY created_at DESC LIMIT 10;,SELECT * FROM table_name ORDER BY col_name DESC LIMIT num;
drawSQL-mysql-export-2026-02-02 _attendize,10,How many account payment gateways did we have last month?,MEDIUM,"SELECT COUNT(*) FROM account_payment_gateways
WHERE created_at >= date('now', '-1 month');","SELECT COUNT(*) FROM table_name WHERE col_name >= date(string, string);"
drawSQL-mysql-export-2026-02-02 _attendize,11,Break it down by type or category—how many account payment gateways in each?,MEDIUM,"SELECT account_id, COUNT(*) as count FROM account_payment_gateways GROUP BY account_id;","SELECT col_name, COUNT(*) as count FROM table_name GROUP BY col_name;"
drawSQL-mysql-export-2026-02-02 _attendize,12,Are there any account payment gateways that don't have a match somewhere else?,MEDIUM,SELECT * FROM account_payment_gateways LIMIT 10;,SELECT * FROM table_name LIMIT num;
drawSQL-mysql-export-2026-02-02 _attendize,13,"For each group, what's in the top 3?",MEDIUM,SELECT * FROM account_payment_gateways LIMIT 10;,SELECT * FROM table_name LIMIT num;
drawSQL-mysql-export-2026-02-02 _attendize,14,Show me each account along with its related details.,MEDIUM,SELECT * FROM account_payment_gateways;,SELECT * FROM table_name;
drawSQL-mysql-export-2026-02-02 _attendize,15,How many accounts did we have last month?,MEDIUM,"SELECT COUNT(*) FROM account_payment_gateways
WHERE created_at >= date('now', '-1 month');","SELECT COUNT(*) FROM table_name WHERE col_name >= date(string, string);"
drawSQL-mysql-export-2026-02-02 _attendize,16,Break it down by type or category—how many accounts in each?,MEDIUM,"SELECT account_id, COUNT(*) as count FROM account_payment_gateways GROUP BY account_id;","SELECT col_name, COUNT(*) as count FROM table_name GROUP BY col_name;"
drawSQL-mysql-export-2026-02-02 _attendize,17,I need a report that pulls together info from several different places.,HARD,"SELECT * FROM account_payment_gateways
LEFT JOIN accounts ON account_payment_gateways.account_id = accounts.id;",SELECT * FROM table_name LEFT JOIN table_name ON table_name.col_name = table_name.id;
drawSQL-mysql-export-2026-02-02 _attendize,18,"Can you do a multi-step analysis: group things, filter, then rank the results?",HARD,"WITH grouped AS (
  SELECT account_id, COUNT(*) as cnt FROM account_payment_gateways GROUP BY account_id
)
SELECT * FROM grouped WHERE cnt > 1 ORDER BY cnt DESC;","WITH grouped AS ( SELECT col_name, COUNT(*) as cnt FROM table_name GROUP BY col_name ) SELECT * FROM grouped WHERE cnt > num ORDER BY cnt DESC;"
drawSQL-mysql-export-2026-02-02 _attendize,19,Who or what is the best in each group?,HARD,"SELECT * FROM (
  SELECT *, ROW_NUMBER() OVER (PARTITION BY account_id ORDER BY id DESC) as rn
  FROM account_payment_gateways
) WHERE rn = 1;","SELECT * FROM ( SELECT *, ROW_NUMBER() OVER (PARTITION BY col_name ORDER BY id DESC) as column_alias0 FROM table_name ) WHERE column_alias0 = num;"
drawSQL-mysql-export-2026-02-02 _attendize,20,Which ones are above average compared to others in their group?,HARD,"SELECT * FROM order_items
WHERE quantity > (SELECT AVG(quantity) FROM order_items);",SELECT * FROM table_name WHERE col_name > (SELECT AVG(col_name) FROM table_name);
drawSQL-mysql-export-2026-02-02_activity_log,1,How many people signed up last month?,EASY,"SELECT COUNT(*) FROM activity_log
WHERE created_at >= date('now', '-1 month');","SELECT COUNT(*) FROM table_name WHERE col_name >= date(string, string);"
drawSQL-mysql-export-2026-02-02_activity_log,2,How many activity log do we have?,EASY,SELECT COUNT(*) FROM activity_log;,SELECT COUNT(*) FROM table_name;
drawSQL-mysql-export-2026-02-02_activity_log,3,Show me all of our activity log.,EASY,SELECT * FROM activity_log;,SELECT * FROM table_name;
drawSQL-mysql-export-2026-02-02_activity_log,4,Can you look up a specific activity log?,EASY,SELECT * FROM activity_log WHERE id = ?;,SELECT * FROM table_name WHERE id = num;
drawSQL-mysql-export-2026-02-02_activity_log,5,Find the activity log with a certain name or email.,EASY,SELECT * FROM activity_log WHERE log_name = ?;,SELECT * FROM table_name WHERE col_name = num;
drawSQL-mysql-export-2026-02-02_activity_log,6,What activity log were added or changed recently?,EASY,SELECT * FROM activity_log ORDER BY created_at DESC LIMIT 50;,SELECT * FROM table_name ORDER BY col_name DESC LIMIT num;
drawSQL-mysql-export-2026-02-02_activity_log,7,What are the different log name values we have?,EASY,SELECT * FROM activity_log LIMIT 10;,SELECT * FROM table_name LIMIT num;
drawSQL-mysql-export-2026-02-02_activity_log,8,Give me a list of all activity log.,EASY,SELECT * FROM activity_log;,SELECT * FROM table_name;
drawSQL-mysql-export-2026-02-02_activity_log,9,Who are our most active users?,MEDIUM,SELECT * FROM activity_log LIMIT 10;,SELECT * FROM table_name LIMIT num;
drawSQL-mysql-export-2026-02-02_activity_log,10,How many activity log did we have last month?,MEDIUM,"SELECT COUNT(*) FROM activity_log
WHERE created_at >= date('now', '-1 month');","SELECT COUNT(*) FROM table_name WHERE col_name >= date(string, string);"
drawSQL-mysql-export-2026-02-02_activity_log,11,Break it down by type or category—how many activity log in each?,MEDIUM,"SELECT subject_type, COUNT(*) as count FROM activity_log GROUP BY subject_type;","SELECT col_name, COUNT(*) as count FROM table_name GROUP BY col_name;"
drawSQL-mysql-export-2026-02-02_activity_log,12,Are there any activity log that don't have a match somewhere else?,MEDIUM,SELECT * FROM activity_log LIMIT 10;,SELECT * FROM table_name LIMIT num;
drawSQL-mysql-export-2026-02-02_activity_log,13,"For each group, what's in the top 3?",MEDIUM,"SELECT * FROM (
  SELECT *, ROW_NUMBER() OVER (PARTITION BY subject_type ORDER BY id DESC) as rn
  FROM activity_log
) WHERE rn <= 3;","SELECT * FROM ( SELECT *, ROW_NUMBER() OVER (PARTITION BY col_name ORDER BY id DESC) as column_alias0 FROM table_name ) WHERE column_alias0 <= num;"
drawSQL-mysql-export-2026-02-02_activity_log,14,Are there any that exist in one list but not the other?,MEDIUM,SELECT * FROM activity_log LIMIT 10;,SELECT * FROM table_name LIMIT num;
drawSQL-mysql-export-2026-02-02_activity_log,15,How did the numbers change compared to last month?,MEDIUM,"SELECT
  strftime('%Y-%m', created_at) as period,
  COUNT(*) as count
FROM activity_log
WHERE created_at >= date('now', '-2 months')
GROUP BY period
ORDER BY period;","SELECT strftime(string, col_name) as column_alias0, column_alias1(*) as column_alias1 FROM table_name WHERE col_name >= date(string, string) GROUP BY column_alias0 ORDER BY column_alias0;"
drawSQL-mysql-export-2026-02-02_activity_log,16,What are the top few in each category?,MEDIUM,"SELECT * FROM (
  SELECT *, ROW_NUMBER() OVER (PARTITION BY subject_type ORDER BY id DESC) as rn
  FROM activity_log
) WHERE rn <= 3;","SELECT * FROM ( SELECT *, ROW_NUMBER() OVER (PARTITION BY col_name ORDER BY id DESC) as column_alias0 FROM table_name ) WHERE column_alias0 <= num;"
drawSQL-mysql-export-2026-02-02_activity_log,17,I need a report that pulls together info from several different places.,HARD,SELECT * FROM activity_log;,SELECT * FROM table_name;
drawSQL-mysql-export-2026-02-02_activity_log,18,"Can you do a multi-step analysis: group things, filter, then rank the results?",HARD,"WITH grouped AS (
  SELECT subject_type, COUNT(*) as cnt FROM activity_log GROUP BY subject_type
)
SELECT * FROM grouped WHERE cnt > 1 ORDER BY cnt DESC;","WITH grouped AS ( SELECT col_name, COUNT(*) as cnt FROM table_name GROUP BY col_name ) SELECT * FROM grouped WHERE cnt > num ORDER BY cnt DESC;"
drawSQL-mysql-export-2026-02-02_activity_log,19,Who or what is the best in each group?,HARD,"SELECT * FROM (
  SELECT *, ROW_NUMBER() OVER (PARTITION BY subject_type ORDER BY id DESC) as rn
  FROM activity_log
) WHERE rn = 1;","SELECT * FROM ( SELECT *, ROW_NUMBER() OVER (PARTITION BY col_name ORDER BY id DESC) as column_alias0 FROM table_name ) WHERE column_alias0 = num;"
drawSQL-mysql-export-2026-02-02_activity_log,20,Which ones are above average compared to others in their group?,HARD,SELECT * FROM activity_log LIMIT 10;,SELECT * FROM table_name LIMIT num;
drawSQL-mysql-export-2026-02-02_akaunting,1,How many people signed up last month?,EASY,"SELECT COUNT(*) FROM users
WHERE created_at >= date('now', '-1 month');","SELECT COUNT(*) FROM table_name WHERE col_name >= date(string, string);"
drawSQL-mysql-export-2026-02-02_akaunting,2,How many accounts do we have?,EASY,SELECT COUNT(*) FROM accounts;,SELECT COUNT(*) FROM table_name;
drawSQL-mysql-export-2026-02-02_akaunting,3,Show me all of our accounts.,EASY,SELECT * FROM accounts;,SELECT * FROM table_name;
drawSQL-mysql-export-2026-02-02_akaunting,4,Can you look up a specific account?,EASY,SELECT * FROM accounts WHERE id = ?;,SELECT * FROM table_name WHERE id = num;
drawSQL-mysql-export-2026-02-02_akaunting,5,Find the account with a certain name or email.,EASY,SELECT * FROM accounts WHERE name = ?;,SELECT * FROM table_name WHERE col_name = num;
drawSQL-mysql-export-2026-02-02_akaunting,6,Which accounts are currently active or turned on?,EASY,SELECT * FROM accounts WHERE enabled = 1;,SELECT * FROM table_name WHERE col_name = num;
drawSQL-mysql-export-2026-02-02_akaunting,7,What accounts were added or changed recently?,EASY,SELECT * FROM accounts ORDER BY created_at DESC LIMIT 50;,SELECT * FROM table_name ORDER BY col_name DESC LIMIT num;
drawSQL-mysql-export-2026-02-02_akaunting,8,What are the different company id values we have?,EASY,SELECT * FROM accounts LIMIT 10;,SELECT * FROM table_name LIMIT num;
drawSQL-mysql-export-2026-02-02_akaunting,9,Who are our most active users?,MEDIUM,SELECT * FROM users ORDER BY created_at DESC LIMIT 10;,SELECT * FROM table_name ORDER BY col_name DESC LIMIT num;
drawSQL-mysql-export-2026-02-02_akaunting,10,Show me each account along with its related details.,MEDIUM,"SELECT t.*, c.*
FROM accounts t
LEFT JOIN reconciliations c ON c.account_id = t.id;","SELECT table_alias0.*, table_alias1.* FROM table_name table_alias0 LEFT JOIN table_name table_alias1 ON table_alias1.col_name = table_alias0.id;"
drawSQL-mysql-export-2026-02-02_akaunting,11,How many accounts did we have last month?,MEDIUM,"SELECT COUNT(*) FROM accounts
WHERE created_at >= date('now', '-1 month');","SELECT COUNT(*) FROM table_name WHERE col_name >= date(string, string);"
drawSQL-mysql-export-2026-02-02_akaunting,12,Break it down by type or category—how many accounts in each?,MEDIUM,"SELECT company_id, COUNT(*) as count FROM accounts GROUP BY company_id;","SELECT col_name, COUNT(*) as count FROM table_name GROUP BY col_name;"
drawSQL-mysql-export-2026-02-02_akaunting,13,Are there any accounts that don't have a match somewhere else?,MEDIUM,"SELECT * FROM accounts
WHERE id NOT IN (SELECT DISTINCT account_id FROM reconciliations WHERE account_id IS NOT NULL);",SELECT * FROM table_name WHERE id NOT IN (SELECT DISTINCT col_name FROM table_name WHERE col_name IS NOT NULL);
drawSQL-mysql-export-2026-02-02_akaunting,14,"For each group, what's in the top 3?",MEDIUM,"SELECT * FROM (
  SELECT *, ROW_NUMBER() OVER (PARTITION BY type ORDER BY id DESC) as rn
  FROM categories
) WHERE rn <= 3;","SELECT * FROM ( SELECT *, ROW_NUMBER() OVER (PARTITION BY col_name ORDER BY id DESC) as column_alias0 FROM table_name ) WHERE column_alias0 <= num;"
drawSQL-mysql-export-2026-02-02_akaunting,15,How many bill histories did we have last month?,MEDIUM,"SELECT COUNT(*) FROM accounts
WHERE created_at >= date('now', '-1 month');","SELECT COUNT(*) FROM table_name WHERE col_name >= date(string, string);"
drawSQL-mysql-export-2026-02-02_akaunting,16,Break it down by type or category—how many bill histories in each?,MEDIUM,"SELECT company_id, COUNT(*) as count FROM accounts GROUP BY company_id;","SELECT col_name, COUNT(*) as count FROM table_name GROUP BY col_name;"
drawSQL-mysql-export-2026-02-02_akaunting,17,I need a report that pulls together info from several different places.,HARD,"SELECT * FROM accounts
LEFT JOIN companies ON accounts.company_id = companies.id;",SELECT * FROM table_name LEFT JOIN table_name ON table_name.col_name = table_name.id;
drawSQL-mysql-export-2026-02-02_akaunting,18,"Can you do a multi-step analysis: group things, filter, then rank the results?",HARD,"WITH grouped AS (
  SELECT company_id, COUNT(*) as cnt FROM accounts GROUP BY company_id
)
SELECT * FROM grouped WHERE cnt > 1 ORDER BY cnt DESC;","WITH grouped AS ( SELECT col_name, COUNT(*) as cnt FROM table_name GROUP BY col_name ) SELECT * FROM grouped WHERE cnt > num ORDER BY cnt DESC;"
drawSQL-mysql-export-2026-02-02_akaunting,19,Who or what is the best in each group?,HARD,"SELECT * FROM (
  SELECT *, ROW_NUMBER() OVER (PARTITION BY company_id ORDER BY id DESC) as rn
  FROM accounts
) WHERE rn = 1;","SELECT * FROM ( SELECT *, ROW_NUMBER() OVER (PARTITION BY col_name ORDER BY id DESC) as column_alias0 FROM table_name ) WHERE column_alias0 = num;"
drawSQL-mysql-export-2026-02-02_akaunting,20,Which ones are above average compared to others in their group?,HARD,"SELECT * FROM items t1
WHERE quantity > (
  SELECT AVG(quantity) FROM items t2 WHERE t2.category_id = t1.category_id
);",SELECT * FROM table_name table_alias0 WHERE col_name > ( SELECT AVG(col_name) FROM table_name table_alias1 WHERE table_alias1.col_name = table_alias0.col_name );
drawSQL-mysql-export-2026-02-02_authority,1,How many people signed up last month?,EASY,"SELECT COUNT(*) FROM authority_permission
WHERE date_requested >= date('now', '-1 month');","SELECT COUNT(*) FROM table_name WHERE col_name >= date(string, string);"
drawSQL-mysql-export-2026-02-02_authority,2,How many authority permission do we have?,EASY,SELECT COUNT(*) FROM authority_permission;,SELECT COUNT(*) FROM table_name;
drawSQL-mysql-export-2026-02-02_authority,3,Show me all of our authority permission.,EASY,SELECT * FROM authority_permission;,SELECT * FROM table_name;
drawSQL-mysql-export-2026-02-02_authority,4,Can you look up a specific authority permission?,EASY,SELECT * FROM authority_permission WHERE id = ?;,SELECT * FROM table_name WHERE id = num;
drawSQL-mysql-export-2026-02-02_authority,5,Find the authority permission with a certain name or email.,EASY,SELECT * FROM authority_permission WHERE codename = ?;,SELECT * FROM table_name WHERE col_name = num;
drawSQL-mysql-export-2026-02-02_authority,6,What authority permission were added or changed recently?,EASY,SELECT * FROM authority_permission ORDER BY date_requested DESC LIMIT 50;,SELECT * FROM table_name ORDER BY col_name DESC LIMIT num;
drawSQL-mysql-export-2026-02-02_authority,7,What are the different codename values we have?,EASY,SELECT * FROM authority_permission LIMIT 10;,SELECT * FROM table_name LIMIT num;
drawSQL-mysql-export-2026-02-02_authority,8,How many users do we have?,EASY,SELECT COUNT(*) FROM authority_permission;,SELECT COUNT(*) FROM table_name;
drawSQL-mysql-export-2026-02-02_authority,9,Who are our most active users?,MEDIUM,SELECT * FROM authority_permission LIMIT 10;,SELECT * FROM table_name LIMIT num;
drawSQL-mysql-export-2026-02-02_authority,10,How many authority permission did we have last month?,MEDIUM,"SELECT COUNT(*) FROM authority_permission
WHERE date_requested >= date('now', '-1 month');","SELECT COUNT(*) FROM table_name WHERE col_name >= date(string, string);"
drawSQL-mysql-export-2026-02-02_authority,11,Break it down by type or category—how many authority permission in each?,MEDIUM,"SELECT content_type_id, COUNT(*) as count FROM authority_permission GROUP BY content_type_id;","SELECT col_name, COUNT(*) as count FROM table_name GROUP BY col_name;"
drawSQL-mysql-export-2026-02-02_authority,12,Are there any authority permission that don't have a match somewhere else?,MEDIUM,SELECT * FROM authority_permission LIMIT 10;,SELECT * FROM table_name LIMIT num;
drawSQL-mysql-export-2026-02-02_authority,13,"For each group, what's in the top 3?",MEDIUM,"SELECT * FROM (
  SELECT *, ROW_NUMBER() OVER (PARTITION BY content_type_id ORDER BY id DESC) as rn
  FROM authority_permission
) WHERE rn <= 3;","SELECT * FROM ( SELECT *, ROW_NUMBER() OVER (PARTITION BY col_name ORDER BY id DESC) as column_alias0 FROM table_name ) WHERE column_alias0 <= num;"
drawSQL-mysql-export-2026-02-02_authority,14,Show me each user along with its related details.,MEDIUM,SELECT * FROM authority_permission;,SELECT * FROM table_name;
drawSQL-mysql-export-2026-02-02_authority,15,How many users did we have last month?,MEDIUM,"SELECT COUNT(*) FROM authority_permission
WHERE date_requested >= date('now', '-1 month');","SELECT COUNT(*) FROM table_name WHERE col_name >= date(string, string);"
drawSQL-mysql-export-2026-02-02_authority,16,Break it down by type or category—how many users in each?,MEDIUM,"SELECT content_type_id, COUNT(*) as count FROM authority_permission GROUP BY content_type_id;","SELECT col_name, COUNT(*) as count FROM table_name GROUP BY col_name;"
drawSQL-mysql-export-2026-02-02_authority,17,I need a report that pulls together info from several different places.,HARD,"SELECT * FROM authority_permission
LEFT JOIN django_content_type ON authority_permission.content_type_id = django_content_type.id
LEFT JOIN auth_group ON authority_permission.group_id = auth_group.id
LEFT JOIN auth_user ON authority_permission.user_id = auth_user.id;",SELECT * FROM table_name LEFT JOIN table_name ON table_name.col_name = table_name.id LEFT JOIN table_name ON table_name.col_name = table_name.id LEFT JOIN table_name ON table_name.col_name = table_name.id;
drawSQL-mysql-export-2026-02-02_authority,18,"Can you do a multi-step analysis: group things, filter, then rank the results?",HARD,"WITH grouped AS (
  SELECT content_type_id, COUNT(*) as cnt FROM authority_permission GROUP BY content_type_id
)
SELECT * FROM grouped WHERE cnt > 1 ORDER BY cnt DESC;","WITH grouped AS ( SELECT col_name, COUNT(*) as cnt FROM table_name GROUP BY col_name ) SELECT * FROM grouped WHERE cnt > num ORDER BY cnt DESC;"
drawSQL-mysql-export-2026-02-02_authority,19,Who or what is the best in each group?,HARD,"SELECT * FROM (
  SELECT *, ROW_NUMBER() OVER (PARTITION BY content_type_id ORDER BY id DESC) as rn
  FROM authority_permission
) WHERE rn = 1;","SELECT * FROM ( SELECT *, ROW_NUMBER() OVER (PARTITION BY col_name ORDER BY id DESC) as column_alias0 FROM table_name ) WHERE column_alias0 = num;"
drawSQL-mysql-export-2026-02-02_authority,20,Which ones are above average compared to others in their group?,HARD,SELECT * FROM authority_permission LIMIT 10;,SELECT * FROM table_name LIMIT num;
drawSQL-mysql-export-2026-02-02_bookstack,1,How many people signed up last month?,EASY,"SELECT COUNT(*) FROM users
WHERE created_at >= date('now', '-1 month');","SELECT COUNT(*) FROM table_name WHERE col_name >= date(string, string);"
drawSQL-mysql-export-2026-02-02_bookstack,2,How many activities do we have?,EASY,SELECT COUNT(*) FROM activities;,SELECT COUNT(*) FROM table_name;
drawSQL-mysql-export-2026-02-02_bookstack,3,Show me all of our activities.,EASY,SELECT * FROM activities;,SELECT * FROM table_name;
drawSQL-mysql-export-2026-02-02_bookstack,4,Can you look up a specific activity?,EASY,SELECT * FROM activities WHERE id = ?;,SELECT * FROM table_name WHERE id = num;
drawSQL-mysql-export-2026-02-02_bookstack,5,What activities were added or changed recently?,EASY,SELECT * FROM activities ORDER BY created_at DESC LIMIT 50;,SELECT * FROM table_name ORDER BY col_name DESC LIMIT num;
drawSQL-mysql-export-2026-02-02_bookstack,6,What are the different extra values we have?,EASY,SELECT * FROM activities LIMIT 10;,SELECT * FROM table_name LIMIT num;
drawSQL-mysql-export-2026-02-02_bookstack,7,How many api tokens do we have?,EASY,SELECT COUNT(*) FROM activities;,SELECT COUNT(*) FROM table_name;
drawSQL-mysql-export-2026-02-02_bookstack,8,Show me all of our api tokens.,EASY,SELECT * FROM activities;,SELECT * FROM table_name;
drawSQL-mysql-export-2026-02-02_bookstack,9,Who are our most active users?,MEDIUM,SELECT * FROM users ORDER BY created_at DESC LIMIT 10;,SELECT * FROM table_name ORDER BY col_name DESC LIMIT num;
drawSQL-mysql-export-2026-02-02_bookstack,10,How many activities did we have last month?,MEDIUM,"SELECT COUNT(*) FROM activities
WHERE created_at >= date('now', '-1 month');","SELECT COUNT(*) FROM table_name WHERE col_name >= date(string, string);"
drawSQL-mysql-export-2026-02-02_bookstack,11,Break it down by type or category—how many activities in each?,MEDIUM,"SELECT entity_type, COUNT(*) as count FROM activities GROUP BY entity_type;","SELECT col_name, COUNT(*) as count FROM table_name GROUP BY col_name;"
drawSQL-mysql-export-2026-02-02_bookstack,12,Are there any activities that don't have a match somewhere else?,MEDIUM,SELECT * FROM activities LIMIT 10;,SELECT * FROM table_name LIMIT num;
drawSQL-mysql-export-2026-02-02_bookstack,13,"For each group, what's in the top 3?",MEDIUM,"SELECT * FROM (
  SELECT *, ROW_NUMBER() OVER (PARTITION BY entity_type ORDER BY id DESC) as rn
  FROM activities
) WHERE rn <= 3;","SELECT * FROM ( SELECT *, ROW_NUMBER() OVER (PARTITION BY col_name ORDER BY id DESC) as column_alias0 FROM table_name ) WHERE column_alias0 <= num;"
drawSQL-mysql-export-2026-02-02_bookstack,14,How many api tokens did we have last month?,MEDIUM,"SELECT COUNT(*) FROM activities
WHERE created_at >= date('now', '-1 month');","SELECT COUNT(*) FROM table_name WHERE col_name >= date(string, string);"
drawSQL-mysql-export-2026-02-02_bookstack,15,Break it down by type or category—how many api tokens in each?,MEDIUM,"SELECT entity_type, COUNT(*) as count FROM activities GROUP BY entity_type;","SELECT col_name, COUNT(*) as count FROM table_name GROUP BY col_name;"
drawSQL-mysql-export-2026-02-02_bookstack,16,Are there any api tokens that don't have a match somewhere else?,MEDIUM,SELECT * FROM activities LIMIT 10;,SELECT * FROM table_name LIMIT num;
drawSQL-mysql-export-2026-02-02_bookstack,17,I need a report that pulls together info from several different places.,HARD,"SELECT * FROM activities
LEFT JOIN books ON activities.book_id = books.id
LEFT JOIN users ON activities.user_id = users.id;",SELECT * FROM table_name LEFT JOIN table_name ON table_name.col_name = table_name.id LEFT JOIN table_name ON table_name.col_name = table_name.id;
drawSQL-mysql-export-2026-02-02_bookstack,18,"Can you do a multi-step analysis: group things, filter, then rank the results?",HARD,"WITH grouped AS (
  SELECT entity_type, COUNT(*) as cnt FROM activities GROUP BY entity_type
)
SELECT * FROM grouped WHERE cnt > 1 ORDER BY cnt DESC;","WITH grouped AS ( SELECT col_name, COUNT(*) as cnt FROM table_name GROUP BY col_name ) SELECT * FROM grouped WHERE cnt > num ORDER BY cnt DESC;"
drawSQL-mysql-export-2026-02-02_bookstack,19,Who or what is the best in each group?,HARD,"SELECT * FROM (
  SELECT *, ROW_NUMBER() OVER (PARTITION BY entity_type ORDER BY id DESC) as rn
  FROM activities
) WHERE rn = 1;","SELECT * FROM ( SELECT *, ROW_NUMBER() OVER (PARTITION BY col_name ORDER BY id DESC) as column_alias0 FROM table_name ) WHERE column_alias0 = num;"
drawSQL-mysql-export-2026-02-02_bookstack,20,Which ones are above average compared to others in their group?,HARD,"SELECT * FROM settings
WHERE value > (SELECT AVG(value) FROM settings);",SELECT * FROM table_name WHERE value > (SELECT AVG(value) FROM table_name);
drawSQL-mysql-export-2026-02-02_cabot,1,How many people signed up last month?,EASY,SELECT COUNT(*) FROM alert_acknowledgement;,SELECT COUNT(*) FROM table_name;
drawSQL-mysql-export-2026-02-02_cabot,2,How many alert acknowledgement do we have?,EASY,SELECT COUNT(*) FROM alert_acknowledgement;,SELECT COUNT(*) FROM table_name;
drawSQL-mysql-export-2026-02-02_cabot,3,Show me all of our alert acknowledgement.,EASY,SELECT * FROM alert_acknowledgement;,SELECT * FROM table_name;
drawSQL-mysql-export-2026-02-02_cabot,4,Can you look up a specific alert acknowledgement?,EASY,SELECT * FROM alert_acknowledgement WHERE id = ?;,SELECT * FROM table_name WHERE id = num;
drawSQL-mysql-export-2026-02-02_cabot,5,What are the different time values we have?,EASY,SELECT * FROM alert_acknowledgement LIMIT 10;,SELECT * FROM table_name LIMIT num;
drawSQL-mysql-export-2026-02-02_cabot,6,How many alert plugin do we have?,EASY,SELECT COUNT(*) FROM alert_acknowledgement;,SELECT COUNT(*) FROM table_name;
drawSQL-mysql-export-2026-02-02_cabot,7,Show me all of our alert plugin.,EASY,SELECT * FROM alert_acknowledgement;,SELECT * FROM table_name;
drawSQL-mysql-export-2026-02-02_cabot,8,Can you look up a specific alert plugin?,EASY,SELECT * FROM alert_acknowledgement WHERE id = ?;,SELECT * FROM table_name WHERE id = num;
drawSQL-mysql-export-2026-02-02_cabot,9,Who are our most active users?,MEDIUM,SELECT * FROM alert_acknowledgement LIMIT 10;,SELECT * FROM table_name LIMIT num;
drawSQL-mysql-export-2026-02-02_cabot,10,Break it down by type or category—how many alert acknowledgement in each?,MEDIUM,"SELECT time, COUNT(*) as count FROM alert_acknowledgement GROUP BY time;","SELECT col_name, COUNT(*) as count FROM table_name GROUP BY col_name;"
drawSQL-mysql-export-2026-02-02_cabot,11,Are there any alert acknowledgement that don't have a match somewhere else?,MEDIUM,SELECT * FROM alert_acknowledgement LIMIT 10;,SELECT * FROM table_name LIMIT num;
drawSQL-mysql-export-2026-02-02_cabot,12,"For each group, what's in the top 3?",MEDIUM,"SELECT * FROM (
  SELECT *, ROW_NUMBER() OVER (PARTITION BY polumorphic_ctype ORDER BY id DESC) as rn
  FROM alert_plugin
) WHERE rn <= 3;","SELECT * FROM ( SELECT *, ROW_NUMBER() OVER (PARTITION BY col_name ORDER BY id DESC) as column_alias0 FROM table_name ) WHERE column_alias0 <= num;"
drawSQL-mysql-export-2026-02-02_cabot,13,Show me each alert plugin along with its related details.,MEDIUM,SELECT * FROM alert_acknowledgement;,SELECT * FROM table_name;
drawSQL-mysql-export-2026-02-02_cabot,14,Break it down by type or category—how many alert plugin in each?,MEDIUM,"SELECT time, COUNT(*) as count FROM alert_acknowledgement GROUP BY time;","SELECT col_name, COUNT(*) as count FROM table_name GROUP BY col_name;"
drawSQL-mysql-export-2026-02-02_cabot,15,Are there any alert plugin that don't have a match somewhere else?,MEDIUM,SELECT * FROM alert_acknowledgement LIMIT 10;,SELECT * FROM table_name LIMIT num;
drawSQL-mysql-export-2026-02-02_cabot,16,Break it down by type or category—how many users in each?,MEDIUM,"SELECT time, COUNT(*) as count FROM alert_acknowledgement GROUP BY time;","SELECT col_name, COUNT(*) as count FROM table_name GROUP BY col_name;"
drawSQL-mysql-export-2026-02-02_cabot,17,I need a report that pulls together info from several different places.,HARD,SELECT * FROM alert_acknowledgement;,SELECT * FROM table_name;
drawSQL-mysql-export-2026-02-02_cabot,18,"Can you do a multi-step analysis: group things, filter, then rank the results?",HARD,"WITH grouped AS (
  SELECT time, COUNT(*) as cnt FROM alert_acknowledgement GROUP BY time
)
SELECT * FROM grouped WHERE cnt > 1 ORDER BY cnt DESC;","WITH grouped AS ( SELECT col_name, COUNT(*) as cnt FROM table_name GROUP BY col_name ) SELECT * FROM grouped WHERE cnt > num ORDER BY cnt DESC;"
drawSQL-mysql-export-2026-02-02_cabot,19,Who or what is the best in each group?,HARD,"SELECT * FROM (
  SELECT *, ROW_NUMBER() OVER (PARTITION BY time ORDER BY id DESC) as rn
  FROM alert_acknowledgement
) WHERE rn = 1;","SELECT * FROM ( SELECT *, ROW_NUMBER() OVER (PARTITION BY col_name ORDER BY id DESC) as column_alias0 FROM table_name ) WHERE column_alias0 = num;"
drawSQL-mysql-export-2026-02-02_cabot,20,Which ones are above average compared to others in their group?,HARD,"SELECT * FROM status_check t1
WHERE value > (
  SELECT AVG(value) FROM status_check t2 WHERE t2.check_type = t1.check_type
);",SELECT * FROM table_name table_alias0 WHERE value > ( SELECT AVG(value) FROM table_name table_alias1 WHERE table_alias1.col_name = table_alias0.col_name );
drawSQL-mysql-export-2026-02-02_django,1,How many people signed up last month?,EASY,SELECT COUNT(*) FROM auth_group;,SELECT COUNT(*) FROM table_name;
drawSQL-mysql-export-2026-02-02_django,2,How many auth group do we have?,EASY,SELECT COUNT(*) FROM auth_group;,SELECT COUNT(*) FROM table_name;
drawSQL-mysql-export-2026-02-02_django,3,Show me all of our auth group.,EASY,SELECT * FROM auth_group;,SELECT * FROM table_name;
drawSQL-mysql-export-2026-02-02_django,4,Can you look up a specific auth group?,EASY,SELECT * FROM auth_group WHERE id = ?;,SELECT * FROM table_name WHERE id = num;
drawSQL-mysql-export-2026-02-02_django,5,Find the auth group with a certain name or email.,EASY,SELECT * FROM auth_group WHERE name = ?;,SELECT * FROM table_name WHERE col_name = num;
drawSQL-mysql-export-2026-02-02_django,6,What are the different name values we have?,EASY,SELECT * FROM auth_group LIMIT 10;,SELECT * FROM table_name LIMIT num;
drawSQL-mysql-export-2026-02-02_django,7,How many auth group permissions do we have?,EASY,SELECT COUNT(*) FROM auth_group;,SELECT COUNT(*) FROM table_name;
drawSQL-mysql-export-2026-02-02_django,8,Show me all of our auth group permissions.,EASY,SELECT * FROM auth_group;,SELECT * FROM table_name;
drawSQL-mysql-export-2026-02-02_django,9,Who are our most active users?,MEDIUM,SELECT * FROM auth_group LIMIT 10;,SELECT * FROM table_name LIMIT num;
drawSQL-mysql-export-2026-02-02_django,10,Show me each auth group along with its related details.,MEDIUM,"SELECT t.*, c.*
FROM auth_group t
LEFT JOIN auth_group_permissions c ON c.group_id = t.id;","SELECT table_alias0.*, table_alias1.* FROM table_name table_alias0 LEFT JOIN table_name table_alias1 ON table_alias1.col_name = table_alias0.id;"
drawSQL-mysql-export-2026-02-02_django,11,Break it down by type or category—how many auth group in each?,MEDIUM,"SELECT name, COUNT(*) as count FROM auth_group GROUP BY name;","SELECT col_name, COUNT(*) as count FROM table_name GROUP BY col_name;"
drawSQL-mysql-export-2026-02-02_django,12,Are there any auth group that don't have a match somewhere else?,MEDIUM,"SELECT * FROM auth_group
WHERE id NOT IN (SELECT DISTINCT group_id FROM auth_group_permissions WHERE group_id IS NOT NULL);",SELECT * FROM table_name WHERE id NOT IN (SELECT DISTINCT col_name FROM table_name WHERE col_name IS NOT NULL);
drawSQL-mysql-export-2026-02-02_django,13,"For each group, what's in the top 3?",MEDIUM,"SELECT * FROM (
  SELECT *, ROW_NUMBER() OVER (PARTITION BY group_id ORDER BY id DESC) as rn
  FROM auth_group_permissions
) WHERE rn <= 3;","SELECT * FROM ( SELECT *, ROW_NUMBER() OVER (PARTITION BY col_name ORDER BY id DESC) as column_alias0 FROM table_name ) WHERE column_alias0 <= num;"
drawSQL-mysql-export-2026-02-02_django,14,Break it down by type or category—how many auth group permissions in each?,MEDIUM,"SELECT name, COUNT(*) as count FROM auth_group GROUP BY name;","SELECT col_name, COUNT(*) as count FROM table_name GROUP BY col_name;"
drawSQL-mysql-export-2026-02-02_django,15,Are there any auth group permissions that don't have a match somewhere else?,MEDIUM,"SELECT * FROM auth_group
WHERE id NOT IN (SELECT DISTINCT group_id FROM auth_group_permissions WHERE group_id IS NOT NULL);",SELECT * FROM table_name WHERE id NOT IN (SELECT DISTINCT col_name FROM table_name WHERE col_name IS NOT NULL);
drawSQL-mysql-export-2026-02-02_django,16,Show me each auth permission along with its related details.,MEDIUM,"SELECT t.*, c.*
FROM auth_group t
LEFT JOIN auth_group_permissions c ON c.group_id = t.id;","SELECT table_alias0.*, table_alias1.* FROM table_name table_alias0 LEFT JOIN table_name table_alias1 ON table_alias1.col_name = table_alias0.id;"
drawSQL-mysql-export-2026-02-02_django,17,I need a report that pulls together info from several different places.,HARD,"SELECT * FROM auth_group_permissions
LEFT JOIN auth_group ON auth_group_permissions.group_id = auth_group.id
LEFT JOIN auth_permission ON auth_group_permissions.permission_id = auth_permission.id;",SELECT * FROM table_name LEFT JOIN table_name ON table_name.col_name = table_name.id LEFT JOIN table_name ON table_name.col_name = table_name.id;
drawSQL-mysql-export-2026-02-02_django,18,"Can you do a multi-step analysis: group things, filter, then rank the results?",HARD,"WITH grouped AS (
  SELECT name, COUNT(*) as cnt FROM auth_group GROUP BY name
)
SELECT * FROM grouped WHERE cnt > 1 ORDER BY cnt DESC;","WITH grouped AS ( SELECT col_name, COUNT(*) as cnt FROM table_name GROUP BY col_name ) SELECT * FROM grouped WHERE cnt > num ORDER BY cnt DESC;"
drawSQL-mysql-export-2026-02-02_django,19,Who or what is the best in each group?,HARD,"SELECT * FROM (
  SELECT *, ROW_NUMBER() OVER (PARTITION BY name ORDER BY id DESC) as rn
  FROM auth_group
) WHERE rn = 1;","SELECT * FROM ( SELECT *, ROW_NUMBER() OVER (PARTITION BY col_name ORDER BY id DESC) as column_alias0 FROM table_name ) WHERE column_alias0 = num;"
drawSQL-mysql-export-2026-02-02_django,20,Which ones are above average compared to others in their group?,HARD,SELECT * FROM auth_group LIMIT 10;,SELECT * FROM table_name LIMIT num;
drawSQL-mysql-export-2026-02-02_flarum,1,How many people signed up last month?,EASY,"SELECT COUNT(*) FROM users
WHERE avatar_url >= date('now', '-1 month');","SELECT COUNT(*) FROM table_name WHERE col_name >= date(string, string);"
drawSQL-mysql-export-2026-02-02_flarum,2,How many access tokens do we have?,EASY,SELECT COUNT(*) FROM access_tokens;,SELECT COUNT(*) FROM table_name;
drawSQL-mysql-export-2026-02-02_flarum,3,Show me all of our access tokens.,EASY,SELECT * FROM access_tokens;,SELECT * FROM table_name;
drawSQL-mysql-export-2026-02-02_flarum,4,Can you look up a specific access token?,EASY,SELECT * FROM api_keys WHERE id = ?;,SELECT * FROM table_name WHERE id = num;
drawSQL-mysql-export-2026-02-02_flarum,5,What access tokens were added or changed recently?,EASY,SELECT * FROM access_tokens ORDER BY created_at DESC LIMIT 50;,SELECT * FROM table_name ORDER BY col_name DESC LIMIT num;
drawSQL-mysql-export-2026-02-02_flarum,6,What are the different token values we have?,EASY,SELECT * FROM access_tokens LIMIT 10;,SELECT * FROM table_name LIMIT num;
drawSQL-mysql-export-2026-02-02_flarum,7,How many api keys do we have?,EASY,SELECT COUNT(*) FROM access_tokens;,SELECT COUNT(*) FROM table_name;
drawSQL-mysql-export-2026-02-02_flarum,8,Show me all of our api keys.,EASY,SELECT * FROM access_tokens;,SELECT * FROM table_name;
drawSQL-mysql-export-2026-02-02_flarum,9,Who are our most active users?,MEDIUM,SELECT * FROM users ORDER BY created_at DESC LIMIT 10;,SELECT * FROM table_name ORDER BY col_name DESC LIMIT num;
drawSQL-mysql-export-2026-02-02_flarum,10,How many access tokens did we have last month?,MEDIUM,"SELECT COUNT(*) FROM access_tokens
WHERE created_at >= date('now', '-1 month');","SELECT COUNT(*) FROM table_name WHERE col_name >= date(string, string);"
drawSQL-mysql-export-2026-02-02_flarum,11,Break it down by type or category—how many access tokens in each?,MEDIUM,"SELECT token, COUNT(*) as count FROM access_tokens GROUP BY token;","SELECT col_name, COUNT(*) as count FROM table_name GROUP BY col_name;"
drawSQL-mysql-export-2026-02-02_flarum,12,Are there any access tokens that don't have a match somewhere else?,MEDIUM,SELECT * FROM access_tokens LIMIT 10;,SELECT * FROM table_name LIMIT num;
drawSQL-mysql-export-2026-02-02_flarum,13,"For each group, what's in the top 3?",MEDIUM,SELECT * FROM access_tokens LIMIT 10;,SELECT * FROM table_name LIMIT num;
drawSQL-mysql-export-2026-02-02_flarum,14,How many api keys did we have last month?,MEDIUM,"SELECT COUNT(*) FROM access_tokens
WHERE created_at >= date('now', '-1 month');","SELECT COUNT(*) FROM table_name WHERE col_name >= date(string, string);"
drawSQL-mysql-export-2026-02-02_flarum,15,Break it down by type or category—how many api keys in each?,MEDIUM,"SELECT token, COUNT(*) as count FROM access_tokens GROUP BY token;","SELECT col_name, COUNT(*) as count FROM table_name GROUP BY col_name;"
drawSQL-mysql-export-2026-02-02_flarum,16,Are there any api keys that don't have a match somewhere else?,MEDIUM,SELECT * FROM access_tokens LIMIT 10;,SELECT * FROM table_name LIMIT num;
drawSQL-mysql-export-2026-02-02_flarum,17,I need a report that pulls together info from several different places.,HARD,"SELECT * FROM access_tokens
LEFT JOIN users ON access_tokens.user_id = users.id;",SELECT * FROM table_name LEFT JOIN table_name ON table_name.col_name = table_name.id;
drawSQL-mysql-export-2026-02-02_flarum,18,"Can you do a multi-step analysis: group things, filter, then rank the results?",HARD,"WITH grouped AS (
  SELECT user_id, COUNT(*) as cnt FROM access_tokens GROUP BY user_id
)
SELECT * FROM grouped WHERE cnt > 1 ORDER BY cnt DESC;","WITH grouped AS ( SELECT col_name, COUNT(*) as cnt FROM table_name GROUP BY col_name ) SELECT * FROM grouped WHERE cnt > num ORDER BY cnt DESC;"
drawSQL-mysql-export-2026-02-02_flarum,19,Who or what is the best in each group?,HARD,"SELECT * FROM (
  SELECT *, ROW_NUMBER() OVER (PARTITION BY user_id ORDER BY id DESC) as rn
  FROM access_tokens
) WHERE rn = 1;","SELECT * FROM ( SELECT *, ROW_NUMBER() OVER (PARTITION BY col_name ORDER BY id DESC) as column_alias0 FROM table_name ) WHERE column_alias0 = num;"
drawSQL-mysql-export-2026-02-02_flarum,20,Which ones are above average compared to others in their group?,HARD,"SELECT * FROM settings
WHERE value > (SELECT AVG(value) FROM settings);",SELECT * FROM table_name WHERE value > (SELECT AVG(value) FROM table_name);
drawSQL-mysql-export-2026-02-02_healthchecks,1,How many people signed up last month?,EASY,"SELECT COUNT(*) FROM accounts_profile
WHERE next_report_date >= date('now', '-1 month');","SELECT COUNT(*) FROM table_name WHERE col_name >= date(string, string);"
drawSQL-mysql-export-2026-02-02_healthchecks,2,How many people are on each team?,EASY,SELECT * FROM accounts_profile LIMIT 10;,SELECT * FROM table_name LIMIT num;
drawSQL-mysql-export-2026-02-02_healthchecks,3,Which invitations haven't been accepted yet?,EASY,SELECT * FROM accounts_profile LIMIT 10;,SELECT * FROM table_name LIMIT num;
drawSQL-mysql-export-2026-02-02_healthchecks,4,How many accounts profile do we have?,EASY,SELECT COUNT(*) FROM accounts_profile;,SELECT COUNT(*) FROM table_name;
drawSQL-mysql-export-2026-02-02_healthchecks,5,Show me all of our accounts profile.,EASY,SELECT * FROM accounts_profile;,SELECT * FROM table_name;
drawSQL-mysql-export-2026-02-02_healthchecks,6,Can you look up a specific accounts profile?,EASY,SELECT * FROM accounts_profile WHERE id = ?;,SELECT * FROM table_name WHERE id = num;
drawSQL-mysql-export-2026-02-02_healthchecks,7,Which accounts profile are currently active or turned on?,EASY,SELECT * FROM accounts_profile LIMIT 10;,SELECT * FROM table_name LIMIT num;
drawSQL-mysql-export-2026-02-02_healthchecks,8,What accounts profile were added or changed recently?,EASY,SELECT * FROM accounts_profile ORDER BY next_report_date DESC LIMIT 50;,SELECT * FROM table_name ORDER BY col_name DESC LIMIT num;
drawSQL-mysql-export-2026-02-02_healthchecks,9,Who are our most active users?,MEDIUM,SELECT * FROM accounts_profile LIMIT 10;,SELECT * FROM table_name LIMIT num;
drawSQL-mysql-export-2026-02-02_healthchecks,10,How many accounts profile did we have last month?,MEDIUM,"SELECT COUNT(*) FROM accounts_profile
WHERE next_report_date >= date('now', '-1 month');","SELECT COUNT(*) FROM table_name WHERE col_name >= date(string, string);"
drawSQL-mysql-export-2026-02-02_healthchecks,11,Break it down by type or category—how many accounts profile in each?,MEDIUM,"SELECT next_report_date, COUNT(*) as count FROM accounts_profile GROUP BY next_report_date;","SELECT col_name, COUNT(*) as count FROM table_name GROUP BY col_name;"
drawSQL-mysql-export-2026-02-02_healthchecks,12,Are there any accounts profile that don't have a match somewhere else?,MEDIUM,SELECT * FROM accounts_profile LIMIT 10;,SELECT * FROM table_name LIMIT num;
drawSQL-mysql-export-2026-02-02_healthchecks,13,"For each group, what's in the top 3?",MEDIUM,SELECT * FROM accounts_profile LIMIT 10;,SELECT * FROM table_name LIMIT num;
drawSQL-mysql-export-2026-02-02_healthchecks,14,Show me each accounts project along with its related details.,MEDIUM,SELECT * FROM accounts_profile;,SELECT * FROM table_name;
drawSQL-mysql-export-2026-02-02_healthchecks,15,Break it down by type or category—how many accounts project in each?,MEDIUM,"SELECT next_report_date, COUNT(*) as count FROM accounts_profile GROUP BY next_report_date;","SELECT col_name, COUNT(*) as count FROM table_name GROUP BY col_name;"
drawSQL-mysql-export-2026-02-02_healthchecks,16,Are there any accounts project that don't have a match somewhere else?,MEDIUM,SELECT * FROM accounts_profile LIMIT 10;,SELECT * FROM table_name LIMIT num;
drawSQL-mysql-export-2026-02-02_healthchecks,17,I need a report that pulls together info from several different places.,HARD,"SELECT * FROM accounts_project
LEFT JOIN api_check ON accounts_project.owner_id = api_check.id;",SELECT * FROM table_name LEFT JOIN table_name ON table_name.col_name = table_name.id;
drawSQL-mysql-export-2026-02-02_healthchecks,18,"Can you do a multi-step analysis: group things, filter, then rank the results?",HARD,"WITH grouped AS (
  SELECT next_report_date, COUNT(*) as cnt FROM accounts_profile GROUP BY next_report_date
)
SELECT * FROM grouped WHERE cnt > 1 ORDER BY cnt DESC;","WITH grouped AS ( SELECT col_name, COUNT(*) as cnt FROM table_name GROUP BY col_name ) SELECT * FROM grouped WHERE cnt > num ORDER BY cnt DESC;"
drawSQL-mysql-export-2026-02-02_healthchecks,19,Who or what is the best in each group?,HARD,"SELECT * FROM (
  SELECT *, ROW_NUMBER() OVER (PARTITION BY next_report_date ORDER BY id DESC) as rn
  FROM accounts_profile
) WHERE rn = 1;","SELECT * FROM ( SELECT *, ROW_NUMBER() OVER (PARTITION BY col_name ORDER BY id DESC) as column_alias0 FROM table_name ) WHERE column_alias0 = num;"
drawSQL-mysql-export-2026-02-02_healthchecks,20,Which ones are above average compared to others in their group?,HARD,"SELECT * FROM api_channel
WHERE value > (SELECT AVG(value) FROM api_channel);",SELECT * FROM table_name WHERE value > (SELECT AVG(value) FROM table_name);
drawSQL-mysql-export-2026-02-02_monica,1,How many people signed up last month?,EASY,"SELECT COUNT(*) FROM users
WHERE created_at >= date('now', '-1 month');","SELECT COUNT(*) FROM table_name WHERE col_name >= date(string, string);"
drawSQL-mysql-export-2026-02-02_monica,2,How many people are on each team?,EASY,SELECT * FROM accounts LIMIT 10;,SELECT * FROM table_name LIMIT num;
drawSQL-mysql-export-2026-02-02_monica,3,Which invitations haven't been accepted yet?,EASY,SELECT * FROM accounts LIMIT 10;,SELECT * FROM table_name LIMIT num;
drawSQL-mysql-export-2026-02-02_monica,4,How many accounts do we have?,EASY,SELECT COUNT(*) FROM accounts;,SELECT COUNT(*) FROM table_name;
drawSQL-mysql-export-2026-02-02_monica,5,Show me all of our accounts.,EASY,SELECT * FROM accounts;,SELECT * FROM table_name;
drawSQL-mysql-export-2026-02-02_monica,6,Can you look up a specific account?,EASY,SELECT * FROM accounts WHERE id = ?;,SELECT * FROM table_name WHERE id = num;
drawSQL-mysql-export-2026-02-02_monica,7,What accounts were added or changed recently?,EASY,SELECT * FROM accounts ORDER BY created_at DESC LIMIT 50;,SELECT * FROM table_name ORDER BY col_name DESC LIMIT num;
drawSQL-mysql-export-2026-02-02_monica,8,What are the different has access to paid version for free values we have?,EASY,SELECT * FROM accounts LIMIT 10;,SELECT * FROM table_name LIMIT num;
drawSQL-mysql-export-2026-02-02_monica,9,Who are our most active users?,MEDIUM,SELECT * FROM users ORDER BY created_at DESC LIMIT 10;,SELECT * FROM table_name ORDER BY col_name DESC LIMIT num;
drawSQL-mysql-export-2026-02-02_monica,10,Show me each account along with its related details.,MEDIUM,"SELECT t.*, c.*
FROM accounts t
LEFT JOIN activities c ON c.account_id = t.id;","SELECT table_alias0.*, table_alias1.* FROM table_name table_alias0 LEFT JOIN table_name table_alias1 ON table_alias1.col_name = table_alias0.id;"
drawSQL-mysql-export-2026-02-02_monica,11,How many accounts did we have last month?,MEDIUM,"SELECT COUNT(*) FROM accounts
WHERE created_at >= date('now', '-1 month');","SELECT COUNT(*) FROM table_name WHERE col_name >= date(string, string);"
drawSQL-mysql-export-2026-02-02_monica,12,Break it down by type or category—how many accounts in each?,MEDIUM,"SELECT has_access_to_paid_version_for_free, COUNT(*) as count FROM accounts GROUP BY has_access_to_paid_version_for_free;","SELECT col_name, COUNT(*) as count FROM table_name GROUP BY col_name;"
drawSQL-mysql-export-2026-02-02_monica,13,Are there any accounts that don't have a match somewhere else?,MEDIUM,"SELECT * FROM accounts
WHERE id NOT IN (SELECT DISTINCT account_id FROM activities WHERE account_id IS NOT NULL);",SELECT * FROM table_name WHERE id NOT IN (SELECT DISTINCT col_name FROM table_name WHERE col_name IS NOT NULL);
drawSQL-mysql-export-2026-02-02_monica,14,"For each group, what's in the top 3?",MEDIUM,"SELECT * FROM (
  SELECT *, ROW_NUMBER() OVER (PARTITION BY activity_type_id ORDER BY id DESC) as rn
  FROM activities
) WHERE rn <= 3;","SELECT * FROM ( SELECT *, ROW_NUMBER() OVER (PARTITION BY col_name ORDER BY id DESC) as column_alias0 FROM table_name ) WHERE column_alias0 <= num;"
drawSQL-mysql-export-2026-02-02_monica,15,Show me each activity along with its related details.,MEDIUM,"SELECT t.*, c.*
FROM accounts t
LEFT JOIN activities c ON c.account_id = t.id;","SELECT table_alias0.*, table_alias1.* FROM table_name table_alias0 LEFT JOIN table_name table_alias1 ON table_alias1.col_name = table_alias0.id;"
drawSQL-mysql-export-2026-02-02_monica,16,How many activities did we have last month?,MEDIUM,"SELECT COUNT(*) FROM accounts
WHERE created_at >= date('now', '-1 month');","SELECT COUNT(*) FROM table_name WHERE col_name >= date(string, string);"
drawSQL-mysql-export-2026-02-02_monica,17,I need a report that pulls together info from several different places.,HARD,"SELECT * FROM activities
LEFT JOIN accounts ON activities.account_id = accounts.id;",SELECT * FROM table_name LEFT JOIN table_name ON table_name.col_name = table_name.id;
drawSQL-mysql-export-2026-02-02_monica,18,"Can you do a multi-step analysis: group things, filter, then rank the results?",HARD,"WITH grouped AS (
  SELECT has_access_to_paid_version_for_free, COUNT(*) as cnt FROM accounts GROUP BY has_access_to_paid_version_for_free
)
SELECT * FROM grouped WHERE cnt > 1 ORDER BY cnt DESC;","WITH grouped AS ( SELECT col_name, COUNT(*) as cnt FROM table_name GROUP BY col_name ) SELECT * FROM grouped WHERE cnt > num ORDER BY cnt DESC;"
drawSQL-mysql-export-2026-02-02_monica,19,Who or what is the best in each group?,HARD,"SELECT * FROM (
  SELECT *, ROW_NUMBER() OVER (PARTITION BY has_access_to_paid_version_for_free ORDER BY id DESC) as rn
  FROM accounts
) WHERE rn = 1;","SELECT * FROM ( SELECT *, ROW_NUMBER() OVER (PARTITION BY col_name ORDER BY id DESC) as column_alias0 FROM table_name ) WHERE column_alias0 = num;"
drawSQL-mysql-export-2026-02-02_monica,20,Which ones are above average compared to others in their group?,HARD,"SELECT * FROM debts
WHERE amount > (SELECT AVG(amount) FROM debts);",SELECT * FROM table_name WHERE col_name > (SELECT AVG(col_name) FROM table_name);
drawSQL-mysql-export-2026-02-02_reversion,1,How many people signed up last month?,EASY,"SELECT COUNT(*) FROM reversion_revision
WHERE date_created >= date('now', '-1 month');","SELECT COUNT(*) FROM table_name WHERE col_name >= date(string, string);"
drawSQL-mysql-export-2026-02-02_reversion,2,How many users do we have?,EASY,SELECT COUNT(*) FROM auth_user;,SELECT COUNT(*) FROM table_name;
drawSQL-mysql-export-2026-02-02_reversion,3,Show me all of our users.,EASY,SELECT * FROM auth_user;,SELECT * FROM table_name;
drawSQL-mysql-export-2026-02-02_reversion,4,Can you look up a specific user?,EASY,SELECT * FROM auth_user WHERE id = ?;,SELECT * FROM table_name WHERE id = num;
drawSQL-mysql-export-2026-02-02_reversion,5,How many reversion revision do we have?,EASY,SELECT COUNT(*) FROM auth_user;,SELECT COUNT(*) FROM table_name;
drawSQL-mysql-export-2026-02-02_reversion,6,Show me all of our reversion revision.,EASY,SELECT * FROM auth_user;,SELECT * FROM table_name;
drawSQL-mysql-export-2026-02-02_reversion,7,Can you look up a specific reversion revision?,EASY,SELECT * FROM auth_user WHERE id = ?;,SELECT * FROM table_name WHERE id = num;
drawSQL-mysql-export-2026-02-02_reversion,8,What reversion revision were added or changed recently?,EASY,SELECT * FROM reversion_revision ORDER BY date_created DESC LIMIT 50;,SELECT * FROM table_name ORDER BY col_name DESC LIMIT num;
drawSQL-mysql-export-2026-02-02_reversion,9,Who are our most active users?,MEDIUM,SELECT * FROM auth_user LIMIT 10;,SELECT * FROM table_name LIMIT num;
drawSQL-mysql-export-2026-02-02_reversion,10,Show me each user along with its related details.,MEDIUM,"SELECT t.*, c.*
FROM auth_user t
LEFT JOIN reversion_revision c ON c.user_id = t.id;","SELECT table_alias0.*, table_alias1.* FROM table_name table_alias0 LEFT JOIN table_name table_alias1 ON table_alias1.col_name = table_alias0.id;"
drawSQL-mysql-export-2026-02-02_reversion,11,Break it down by type or category—how many users in each?,MEDIUM,"SELECT date_created, COUNT(*) as count FROM reversion_revision GROUP BY date_created;","SELECT col_name, COUNT(*) as count FROM table_name GROUP BY col_name;"
drawSQL-mysql-export-2026-02-02_reversion,12,Are there any users that don't have a match somewhere else?,MEDIUM,"SELECT * FROM auth_user
WHERE id NOT IN (SELECT DISTINCT user_id FROM reversion_revision WHERE user_id IS NOT NULL);",SELECT * FROM table_name WHERE id NOT IN (SELECT DISTINCT col_name FROM table_name WHERE col_name IS NOT NULL);
drawSQL-mysql-export-2026-02-02_reversion,13,"For each group, what's in the top 3?",MEDIUM,SELECT * FROM auth_user LIMIT 10;,SELECT * FROM table_name LIMIT num;
drawSQL-mysql-export-2026-02-02_reversion,14,Show me each reversion revision along with its related details.,MEDIUM,"SELECT t.*, c.*
FROM auth_user t
LEFT JOIN reversion_revision c ON c.user_id = t.id;","SELECT table_alias0.*, table_alias1.* FROM table_name table_alias0 LEFT JOIN table_name table_alias1 ON table_alias1.col_name = table_alias0.id;"
drawSQL-mysql-export-2026-02-02_reversion,15,How many reversion revision did we have last month?,MEDIUM,"SELECT COUNT(*) FROM reversion_revision
WHERE date_created >= date('now', '-1 month');","SELECT COUNT(*) FROM table_name WHERE col_name >= date(string, string);"
drawSQL-mysql-export-2026-02-02_reversion,16,Break it down by type or category—how many reversion revision in each?,MEDIUM,"SELECT date_created, COUNT(*) as count FROM reversion_revision GROUP BY date_created;","SELECT col_name, COUNT(*) as count FROM table_name GROUP BY col_name;"
drawSQL-mysql-export-2026-02-02_reversion,17,I need a report that pulls together info from several different places.,HARD,"SELECT * FROM reversion_version
LEFT JOIN reversion_revision ON reversion_version.revision_id = reversion_revision.id
LEFT JOIN django_content_type ON reversion_version.content_type_id = django_content_type.id;",SELECT * FROM table_name LEFT JOIN table_name ON table_name.col_name = table_name.id LEFT JOIN table_name ON table_name.col_name = table_name.id;
drawSQL-mysql-export-2026-02-02_reversion,18,"Can you do a multi-step analysis: group things, filter, then rank the results?",HARD,"WITH grouped AS (
  SELECT id, COUNT(*) as cnt FROM auth_user GROUP BY id
)
SELECT * FROM grouped WHERE cnt > 1 ORDER BY cnt DESC;","WITH grouped AS ( SELECT id, COUNT(*) as cnt FROM table_name GROUP BY id ) SELECT * FROM grouped WHERE cnt > num ORDER BY cnt DESC;"
drawSQL-mysql-export-2026-02-02_reversion,19,Who or what is the best in each group?,HARD,"SELECT * FROM (
  SELECT *, ROW_NUMBER() OVER (PARTITION BY id ORDER BY id DESC) as rn
  FROM auth_user
) WHERE rn = 1;","SELECT * FROM ( SELECT *, ROW_NUMBER() OVER (PARTITION BY id ORDER BY id DESC) as column_alias0 FROM table_name ) WHERE column_alias0 = num;"
drawSQL-mysql-export-2026-02-02_reversion,20,Which ones are above average compared to others in their group?,HARD,SELECT * FROM auth_user LIMIT 10;,SELECT * FROM table_name LIMIT num;
drawSQL-mysql-export-2026-02-02_robots,1,How many robots rule do we have?,EASY,SELECT COUNT(*) FROM robots_rule;,SELECT COUNT(*) FROM table_name;
drawSQL-mysql-export-2026-02-02_robots,2,Show me all of our robots rule.,EASY,SELECT * FROM robots_rule;,SELECT * FROM table_name;
drawSQL-mysql-export-2026-02-02_robots,3,Can you look up a specific robots rule?,EASY,SELECT * FROM robots_rule WHERE id = ?;,SELECT * FROM table_name WHERE id = num;
drawSQL-mysql-export-2026-02-02_robots,4,What are the different robot values we have?,EASY,SELECT * FROM robots_rule LIMIT 10;,SELECT * FROM table_name LIMIT num;
drawSQL-mysql-export-2026-02-02_robots,5,How many robots rule allowed do we have?,EASY,SELECT COUNT(*) FROM robots_rule;,SELECT COUNT(*) FROM table_name;
drawSQL-mysql-export-2026-02-02_robots,6,Show me all of our robots rule allowed.,EASY,SELECT * FROM robots_rule;,SELECT * FROM table_name;
drawSQL-mysql-export-2026-02-02_robots,7,Can you look up a specific robots rule allowed?,EASY,SELECT * FROM robots_rule WHERE id = ?;,SELECT * FROM table_name WHERE id = num;
drawSQL-mysql-export-2026-02-02_robots,8,What are the different rule id values we have?,EASY,SELECT * FROM robots_rule LIMIT 10;,SELECT * FROM table_name LIMIT num;
drawSQL-mysql-export-2026-02-02_robots,9,Show me each robots rule along with its related details.,MEDIUM,"SELECT t.*, c.*
FROM robots_rule t
LEFT JOIN robots_rule_allowed c ON c.rule_id = t.id;","SELECT table_alias0.*, table_alias1.* FROM table_name table_alias0 LEFT JOIN table_name table_alias1 ON table_alias1.col_name = table_alias0.id;"
drawSQL-mysql-export-2026-02-02_robots,10,Break it down by type or category—how many robots rule in each?,MEDIUM,"SELECT robot, COUNT(*) as count FROM robots_rule GROUP BY robot;","SELECT col_name, COUNT(*) as count FROM table_name GROUP BY col_name;"
drawSQL-mysql-export-2026-02-02_robots,11,Are there any robots rule that don't have a match somewhere else?,MEDIUM,"SELECT * FROM robots_rule
WHERE id NOT IN (SELECT DISTINCT rule_id FROM robots_rule_allowed WHERE rule_id IS NOT NULL);",SELECT * FROM table_name WHERE id NOT IN (SELECT DISTINCT col_name FROM table_name WHERE col_name IS NOT NULL);
drawSQL-mysql-export-2026-02-02_robots,12,"For each group, what's in the top 3?",MEDIUM,SELECT * FROM robots_rule LIMIT 10;,SELECT * FROM table_name LIMIT num;
drawSQL-mysql-export-2026-02-02_robots,13,Break it down by type or category—how many robots rule allowed in each?,MEDIUM,"SELECT robot, COUNT(*) as count FROM robots_rule GROUP BY robot;","SELECT col_name, COUNT(*) as count FROM table_name GROUP BY col_name;"
drawSQL-mysql-export-2026-02-02_robots,14,Are there any robots rule allowed that don't have a match somewhere else?,MEDIUM,"SELECT * FROM robots_rule
WHERE id NOT IN (SELECT DISTINCT rule_id FROM robots_rule_allowed WHERE rule_id IS NOT NULL);",SELECT * FROM table_name WHERE id NOT IN (SELECT DISTINCT col_name FROM table_name WHERE col_name IS NOT NULL);
drawSQL-mysql-export-2026-02-02_robots,15,Break it down by type or category—how many robots rule disallowed in each?,MEDIUM,"SELECT robot, COUNT(*) as count FROM robots_rule GROUP BY robot;","SELECT col_name, COUNT(*) as count FROM table_name GROUP BY col_name;"
drawSQL-mysql-export-2026-02-02_robots,16,Are there any robots rule disallowed that don't have a match somewhere else?,MEDIUM,"SELECT * FROM robots_rule
WHERE id NOT IN (SELECT DISTINCT rule_id FROM robots_rule_allowed WHERE rule_id IS NOT NULL);",SELECT * FROM table_name WHERE id NOT IN (SELECT DISTINCT col_name FROM table_name WHERE col_name IS NOT NULL);
drawSQL-mysql-export-2026-02-02_robots,17,I need a report that pulls together info from several different places.,HARD,"SELECT * FROM robots_rule_allowed
LEFT JOIN robots_url ON robots_rule_allowed.url_id = robots_url.id
LEFT JOIN robots_rule ON robots_rule_allowed.rule_id = robots_rule.id;",SELECT * FROM table_name LEFT JOIN table_name ON table_name.col_name = table_name.id LEFT JOIN table_name ON table_name.col_name = table_name.id;
drawSQL-mysql-export-2026-02-02_robots,18,"Can you do a multi-step analysis: group things, filter, then rank the results?",HARD,"WITH grouped AS (
  SELECT robot, COUNT(*) as cnt FROM robots_rule GROUP BY robot
)
SELECT * FROM grouped WHERE cnt > 1 ORDER BY cnt DESC;","WITH grouped AS ( SELECT col_name, COUNT(*) as cnt FROM table_name GROUP BY col_name ) SELECT * FROM grouped WHERE cnt > num ORDER BY cnt DESC;"
drawSQL-mysql-export-2026-02-02_robots,19,Who or what is the best in each group?,HARD,"SELECT * FROM (
  SELECT *, ROW_NUMBER() OVER (PARTITION BY robot ORDER BY id DESC) as rn
  FROM robots_rule
) WHERE rn = 1;","SELECT * FROM ( SELECT *, ROW_NUMBER() OVER (PARTITION BY col_name ORDER BY id DESC) as column_alias0 FROM table_name ) WHERE column_alias0 = num;"
drawSQL-mysql-export-2026-02-02_robots,20,Which ones are above average compared to others in their group?,HARD,SELECT * FROM robots_rule LIMIT 10;,SELECT * FROM table_name LIMIT num;
drawSQL-mysql-export-2026-02-02_silk,1,How many silk profile do we have?,EASY,SELECT COUNT(*) FROM silk_profile;,SELECT COUNT(*) FROM table_name;
drawSQL-mysql-export-2026-02-02_silk,2,Show me all of our silk profile.,EASY,SELECT * FROM silk_profile;,SELECT * FROM table_name;
drawSQL-mysql-export-2026-02-02_silk,3,Can you look up a specific silk profile?,EASY,SELECT * FROM silk_profile WHERE id = ?;,SELECT * FROM table_name WHERE id = num;
drawSQL-mysql-export-2026-02-02_silk,4,Find the silk profile with a certain name or email.,EASY,SELECT * FROM silk_profile WHERE name = ?;,SELECT * FROM table_name WHERE col_name = num;
drawSQL-mysql-export-2026-02-02_silk,5,What are the different name values we have?,EASY,SELECT * FROM silk_profile LIMIT 10;,SELECT * FROM table_name LIMIT num;
drawSQL-mysql-export-2026-02-02_silk,6,How many silk profile queries do we have?,EASY,SELECT COUNT(*) FROM silk_profile;,SELECT COUNT(*) FROM table_name;
drawSQL-mysql-export-2026-02-02_silk,7,Show me all of our silk profile queries.,EASY,SELECT * FROM silk_profile;,SELECT * FROM table_name;
drawSQL-mysql-export-2026-02-02_silk,8,Can you look up a specific silk profile query?,EASY,SELECT * FROM silk_profile WHERE id = ?;,SELECT * FROM table_name WHERE id = num;
drawSQL-mysql-export-2026-02-02_silk,9,Show me each silk profile along with its related details.,MEDIUM,"SELECT t.*, c.*
FROM silk_profile t
LEFT JOIN silk_profile_queries c ON c.profile_id = t.id;","SELECT table_alias0.*, table_alias1.* FROM table_name table_alias0 LEFT JOIN table_name table_alias1 ON table_alias1.col_name = table_alias0.id;"
drawSQL-mysql-export-2026-02-02_silk,10,Break it down by type or category—how many silk profile in each?,MEDIUM,"SELECT name, COUNT(*) as count FROM silk_profile GROUP BY name;","SELECT col_name, COUNT(*) as count FROM table_name GROUP BY col_name;"
drawSQL-mysql-export-2026-02-02_silk,11,Are there any silk profile that don't have a match somewhere else?,MEDIUM,"SELECT * FROM silk_profile
WHERE id NOT IN (SELECT DISTINCT profile_id FROM silk_profile_queries WHERE profile_id IS NOT NULL);",SELECT * FROM table_name WHERE id NOT IN (SELECT DISTINCT col_name FROM table_name WHERE col_name IS NOT NULL);
drawSQL-mysql-export-2026-02-02_silk,12,"For each group, what's in the top 3?",MEDIUM,SELECT * FROM silk_profile LIMIT 10;,SELECT * FROM table_name LIMIT num;
drawSQL-mysql-export-2026-02-02_silk,13,Break it down by type or category—how many silk profile queries in each?,MEDIUM,"SELECT name, COUNT(*) as count FROM silk_profile GROUP BY name;","SELECT col_name, COUNT(*) as count FROM table_name GROUP BY col_name;"
drawSQL-mysql-export-2026-02-02_silk,14,Are there any silk profile queries that don't have a match somewhere else?,MEDIUM,"SELECT * FROM silk_profile
WHERE id NOT IN (SELECT DISTINCT profile_id FROM silk_profile_queries WHERE profile_id IS NOT NULL);",SELECT * FROM table_name WHERE id NOT IN (SELECT DISTINCT col_name FROM table_name WHERE col_name IS NOT NULL);
drawSQL-mysql-export-2026-02-02_silk,15,Show me each silk request along with its related details.,MEDIUM,"SELECT t.*, c.*
FROM silk_profile t
LEFT JOIN silk_profile_queries c ON c.profile_id = t.id;","SELECT table_alias0.*, table_alias1.* FROM table_name table_alias0 LEFT JOIN table_name table_alias1 ON table_alias1.col_name = table_alias0.id;"
drawSQL-mysql-export-2026-02-02_silk,16,Break it down by type or category—how many silk request in each?,MEDIUM,"SELECT name, COUNT(*) as count FROM silk_profile GROUP BY name;","SELECT col_name, COUNT(*) as count FROM table_name GROUP BY col_name;"
drawSQL-mysql-export-2026-02-02_silk,17,I need a report that pulls together info from several different places.,HARD,"SELECT * FROM silk_profile
LEFT JOIN silk_request ON silk_profile.request_id = silk_request.id;",SELECT * FROM table_name LEFT JOIN table_name ON table_name.col_name = table_name.id;
drawSQL-mysql-export-2026-02-02_silk,18,"Can you do a multi-step analysis: group things, filter, then rank the results?",HARD,"WITH grouped AS (
  SELECT name, COUNT(*) as cnt FROM silk_profile GROUP BY name
)
SELECT * FROM grouped WHERE cnt > 1 ORDER BY cnt DESC;","WITH grouped AS ( SELECT col_name, COUNT(*) as cnt FROM table_name GROUP BY col_name ) SELECT * FROM grouped WHERE cnt > num ORDER BY cnt DESC;"
drawSQL-mysql-export-2026-02-02_silk,19,Who or what is the best in each group?,HARD,"SELECT * FROM (
  SELECT *, ROW_NUMBER() OVER (PARTITION BY name ORDER BY id DESC) as rn
  FROM silk_profile
) WHERE rn = 1;","SELECT * FROM ( SELECT *, ROW_NUMBER() OVER (PARTITION BY col_name ORDER BY id DESC) as column_alias0 FROM table_name ) WHERE column_alias0 = num;"
drawSQL-mysql-export-2026-02-02_silk,20,Which ones are above average compared to others in their group?,HARD,SELECT * FROM silk_profile LIMIT 10;,SELECT * FROM table_name LIMIT num;
drawSQL-mysql-export-2026-02-02_taggit,1,How many taggit tag do we have?,EASY,SELECT COUNT(*) FROM taggit_tag;,SELECT COUNT(*) FROM table_name;
drawSQL-mysql-export-2026-02-02_taggit,2,Show me all of our taggit tag.,EASY,SELECT * FROM taggit_tag;,SELECT * FROM table_name;
drawSQL-mysql-export-2026-02-02_taggit,3,Can you look up a specific taggit tag?,EASY,SELECT * FROM taggit_tag WHERE id = ?;,SELECT * FROM table_name WHERE id = num;
drawSQL-mysql-export-2026-02-02_taggit,4,Find the taggit tag with a certain name or email.,EASY,SELECT * FROM taggit_tag WHERE name = ?;,SELECT * FROM table_name WHERE col_name = num;
drawSQL-mysql-export-2026-02-02_taggit,5,What are the different name values we have?,EASY,SELECT * FROM taggit_tag LIMIT 10;,SELECT * FROM table_name LIMIT num;
drawSQL-mysql-export-2026-02-02_taggit,6,How many taggit taggeditem do we have?,EASY,SELECT COUNT(*) FROM taggit_tag;,SELECT COUNT(*) FROM table_name;
drawSQL-mysql-export-2026-02-02_taggit,7,Show me all of our taggit taggeditem.,EASY,SELECT * FROM taggit_tag;,SELECT * FROM table_name;
drawSQL-mysql-export-2026-02-02_taggit,8,Can you look up a specific taggit taggeditem?,EASY,SELECT * FROM taggit_tag WHERE id = ?;,SELECT * FROM table_name WHERE id = num;
drawSQL-mysql-export-2026-02-02_taggit,9,Show me each taggit tag along with its related details.,MEDIUM,"SELECT t.*, c.*
FROM taggit_tag t
LEFT JOIN taggit_taggeditem c ON c.tag_id = t.id;","SELECT table_alias0.*, table_alias1.* FROM table_name table_alias0 LEFT JOIN table_name table_alias1 ON table_alias1.col_name = table_alias0.id;"
drawSQL-mysql-export-2026-02-02_taggit,10,Break it down by type or category—how many taggit tag in each?,MEDIUM,"SELECT name, COUNT(*) as count FROM taggit_tag GROUP BY name;","SELECT col_name, COUNT(*) as count FROM table_name GROUP BY col_name;"
drawSQL-mysql-export-2026-02-02_taggit,11,Are there any taggit tag that don't have a match somewhere else?,MEDIUM,"SELECT * FROM taggit_tag
WHERE id NOT IN (SELECT DISTINCT tag_id FROM taggit_taggeditem WHERE tag_id IS NOT NULL);",SELECT * FROM table_name WHERE id NOT IN (SELECT DISTINCT col_name FROM table_name WHERE col_name IS NOT NULL);
drawSQL-mysql-export-2026-02-02_taggit,12,"For each group, what's in the top 3?",MEDIUM,"SELECT * FROM (
  SELECT *, ROW_NUMBER() OVER (PARTITION BY content_type_id ORDER BY id DESC) as rn
  FROM taggit_taggeditem
) WHERE rn <= 3;","SELECT * FROM ( SELECT *, ROW_NUMBER() OVER (PARTITION BY col_name ORDER BY id DESC) as column_alias0 FROM table_name ) WHERE column_alias0 <= num;"
drawSQL-mysql-export-2026-02-02_taggit,13,Break it down by type or category—how many taggit taggeditem in each?,MEDIUM,"SELECT name, COUNT(*) as count FROM taggit_tag GROUP BY name;","SELECT col_name, COUNT(*) as count FROM table_name GROUP BY col_name;"
drawSQL-mysql-export-2026-02-02_taggit,14,Are there any taggit taggeditem that don't have a match somewhere else?,MEDIUM,"SELECT * FROM taggit_tag
WHERE id NOT IN (SELECT DISTINCT tag_id FROM taggit_taggeditem WHERE tag_id IS NOT NULL);",SELECT * FROM table_name WHERE id NOT IN (SELECT DISTINCT col_name FROM table_name WHERE col_name IS NOT NULL);
drawSQL-mysql-export-2026-02-02_taggit,15,Are there any that exist in one list but not the other?,MEDIUM,SELECT * FROM taggit_tag LIMIT 10;,SELECT * FROM table_name LIMIT num;
drawSQL-mysql-export-2026-02-02_taggit,16,How did the numbers change compared to last month?,MEDIUM,SELECT * FROM taggit_tag LIMIT 10;,SELECT * FROM table_name LIMIT num;
drawSQL-mysql-export-2026-02-02_taggit,17,I need a report that pulls together info from several different places.,HARD,"SELECT * FROM taggit_taggeditem
LEFT JOIN taggit_tag ON taggit_taggeditem.tag_id = taggit_tag.id;",SELECT * FROM table_name LEFT JOIN table_name ON table_name.col_name = table_name.id;
drawSQL-mysql-export-2026-02-02_taggit,18,"Can you do a multi-step analysis: group things, filter, then rank the results?",HARD,"WITH grouped AS (
  SELECT name, COUNT(*) as cnt FROM taggit_tag GROUP BY name
)
SELECT * FROM grouped WHERE cnt > 1 ORDER BY cnt DESC;","WITH grouped AS ( SELECT col_name, COUNT(*) as cnt FROM table_name GROUP BY col_name ) SELECT * FROM grouped WHERE cnt > num ORDER BY cnt DESC;"
drawSQL-mysql-export-2026-02-02_taggit,19,Who or what is the best in each group?,HARD,"SELECT * FROM (
  SELECT *, ROW_NUMBER() OVER (PARTITION BY name ORDER BY id DESC) as rn
  FROM taggit_tag
) WHERE rn = 1;","SELECT * FROM ( SELECT *, ROW_NUMBER() OVER (PARTITION BY col_name ORDER BY id DESC) as column_alias0 FROM table_name ) WHERE column_alias0 = num;"
drawSQL-mysql-export-2026-02-02_taggit,20,Which ones are above average compared to others in their group?,HARD,SELECT * FROM taggit_tag LIMIT 10;,SELECT * FROM table_name LIMIT num;
drawSQL-mysql-export-2026-02-02_two_factor_auth,1,How many people signed up last month?,EASY,"SELECT COUNT(*) FROM auth_user
WHERE date_joined >= date('now', '-1 month');","SELECT COUNT(*) FROM table_name WHERE col_name >= date(string, string);"
drawSQL-mysql-export-2026-02-02_two_factor_auth,2,How many users do we have?,EASY,SELECT COUNT(*) FROM auth_user;,SELECT COUNT(*) FROM table_name;
drawSQL-mysql-export-2026-02-02_two_factor_auth,3,Show me all of our users.,EASY,SELECT * FROM auth_user;,SELECT * FROM table_name;
drawSQL-mysql-export-2026-02-02_two_factor_auth,4,Can you look up a specific user?,EASY,SELECT * FROM auth_user WHERE id = ?;,SELECT * FROM table_name WHERE id = num;
drawSQL-mysql-export-2026-02-02_two_factor_auth,5,Find the user with a certain name or email.,EASY,SELECT * FROM auth_user WHERE username = ?;,SELECT * FROM table_name WHERE col_name = num;
drawSQL-mysql-export-2026-02-02_two_factor_auth,6,Which users are currently active or turned on?,EASY,SELECT * FROM auth_user LIMIT 10;,SELECT * FROM table_name LIMIT num;
drawSQL-mysql-export-2026-02-02_two_factor_auth,7,What users were added or changed recently?,EASY,SELECT * FROM auth_user ORDER BY date_joined DESC LIMIT 50;,SELECT * FROM table_name ORDER BY col_name DESC LIMIT num;
drawSQL-mysql-export-2026-02-02_two_factor_auth,8,What are the different password values we have?,EASY,SELECT * FROM auth_user LIMIT 10;,SELECT * FROM table_name LIMIT num;
drawSQL-mysql-export-2026-02-02_two_factor_auth,9,Who are our most active users?,MEDIUM,SELECT * FROM auth_user LIMIT 10;,SELECT * FROM table_name LIMIT num;
drawSQL-mysql-export-2026-02-02_two_factor_auth,10,Show me each user along with its related details.,MEDIUM,"SELECT t.*, c.*
FROM auth_user t
LEFT JOIN two_factor_phonedevice c ON c.user_id = t.id;","SELECT table_alias0.*, table_alias1.* FROM table_name table_alias0 LEFT JOIN table_name table_alias1 ON table_alias1.col_name = table_alias0.id;"
drawSQL-mysql-export-2026-02-02_two_factor_auth,11,How many users did we have last month?,MEDIUM,"SELECT COUNT(*) FROM auth_user
WHERE date_joined >= date('now', '-1 month');","SELECT COUNT(*) FROM table_name WHERE col_name >= date(string, string);"
drawSQL-mysql-export-2026-02-02_two_factor_auth,12,Break it down by type or category—how many users in each?,MEDIUM,"SELECT password, COUNT(*) as count FROM auth_user GROUP BY password;","SELECT col_name, COUNT(*) as count FROM table_name GROUP BY col_name;"
drawSQL-mysql-export-2026-02-02_two_factor_auth,13,Are there any users that don't have a match somewhere else?,MEDIUM,"SELECT * FROM auth_user
WHERE id NOT IN (SELECT DISTINCT user_id FROM two_factor_phonedevice WHERE user_id IS NOT NULL);",SELECT * FROM table_name WHERE id NOT IN (SELECT DISTINCT col_name FROM table_name WHERE col_name IS NOT NULL);
drawSQL-mysql-export-2026-02-02_two_factor_auth,14,"For each group, what's in the top 3?",MEDIUM,SELECT * FROM auth_user LIMIT 10;,SELECT * FROM table_name LIMIT num;
drawSQL-mysql-export-2026-02-02_two_factor_auth,15,Break it down by type or category—how many two factor phonedevice in each?,MEDIUM,"SELECT password, COUNT(*) as count FROM auth_user GROUP BY password;","SELECT col_name, COUNT(*) as count FROM table_name GROUP BY col_name;"
drawSQL-mysql-export-2026-02-02_two_factor_auth,16,Are there any two factor phonedevice that don't have a match somewhere else?,MEDIUM,"SELECT * FROM auth_user
WHERE id NOT IN (SELECT DISTINCT user_id FROM two_factor_phonedevice WHERE user_id IS NOT NULL);",SELECT * FROM table_name WHERE id NOT IN (SELECT DISTINCT col_name FROM table_name WHERE col_name IS NOT NULL);
drawSQL-mysql-export-2026-02-02_two_factor_auth,17,I need a report that pulls together info from several different places.,HARD,"SELECT * FROM two_factor_phonedevice
LEFT JOIN auth_user ON two_factor_phonedevice.user_id = auth_user.id;",SELECT * FROM table_name LEFT JOIN table_name ON table_name.col_name = table_name.id;
drawSQL-mysql-export-2026-02-02_two_factor_auth,18,"Can you do a multi-step analysis: group things, filter, then rank the results?",HARD,"WITH grouped AS (
  SELECT password, COUNT(*) as cnt FROM auth_user GROUP BY password
)
SELECT * FROM grouped WHERE cnt > 1 ORDER BY cnt DESC;","WITH grouped AS ( SELECT col_name, COUNT(*) as cnt FROM table_name GROUP BY col_name ) SELECT * FROM grouped WHERE cnt > num ORDER BY cnt DESC;"
drawSQL-mysql-export-2026-02-02_two_factor_auth,19,Who or what is the best in each group?,HARD,"SELECT * FROM (
  SELECT *, ROW_NUMBER() OVER (PARTITION BY password ORDER BY id DESC) as rn
  FROM auth_user
) WHERE rn = 1;","SELECT * FROM ( SELECT *, ROW_NUMBER() OVER (PARTITION BY col_name ORDER BY id DESC) as column_alias0 FROM table_name ) WHERE column_alias0 = num;"
drawSQL-mysql-export-2026-02-02_two_factor_auth,20,Which ones are above average compared to others in their group?,HARD,SELECT * FROM auth_user LIMIT 10;,SELECT * FROM table_name LIMIT num;
drawSQL-mysql-export-2026-02-02_user_sessions,1,How many people signed up last month?,EASY,"SELECT COUNT(*) FROM auth_user
WHERE date_joined >= date('now', '-1 month');","SELECT COUNT(*) FROM table_name WHERE col_name >= date(string, string);"
drawSQL-mysql-export-2026-02-02_user_sessions,2,How many users do we have?,EASY,SELECT COUNT(*) FROM auth_user;,SELECT COUNT(*) FROM table_name;
drawSQL-mysql-export-2026-02-02_user_sessions,3,Show me all of our users.,EASY,SELECT * FROM auth_user;,SELECT * FROM table_name;
drawSQL-mysql-export-2026-02-02_user_sessions,4,Can you look up a specific user?,EASY,SELECT * FROM auth_user WHERE id = ?;,SELECT * FROM table_name WHERE id = num;
drawSQL-mysql-export-2026-02-02_user_sessions,5,Find the user with a certain name or email.,EASY,SELECT * FROM auth_user WHERE username = ?;,SELECT * FROM table_name WHERE col_name = num;
drawSQL-mysql-export-2026-02-02_user_sessions,6,Which users are currently active or turned on?,EASY,SELECT * FROM auth_user LIMIT 10;,SELECT * FROM table_name LIMIT num;
drawSQL-mysql-export-2026-02-02_user_sessions,7,What users were added or changed recently?,EASY,SELECT * FROM auth_user ORDER BY date_joined DESC LIMIT 50;,SELECT * FROM table_name ORDER BY col_name DESC LIMIT num;
drawSQL-mysql-export-2026-02-02_user_sessions,8,What are the different password values we have?,EASY,SELECT * FROM auth_user LIMIT 10;,SELECT * FROM table_name LIMIT num;
drawSQL-mysql-export-2026-02-02_user_sessions,9,Who are our most active users?,MEDIUM,SELECT * FROM auth_user LIMIT 10;,SELECT * FROM table_name LIMIT num;
drawSQL-mysql-export-2026-02-02_user_sessions,10,Show me each user along with its related details.,MEDIUM,"SELECT t.*, c.*
FROM auth_user t
LEFT JOIN user_sessions_session c ON c.user_id = t.id;","SELECT table_alias0.*, table_alias1.* FROM table_name table_alias0 LEFT JOIN table_name table_alias1 ON table_alias1.col_name = table_alias0.id;"
drawSQL-mysql-export-2026-02-02_user_sessions,11,How many users did we have last month?,MEDIUM,"SELECT COUNT(*) FROM auth_user
WHERE date_joined >= date('now', '-1 month');","SELECT COUNT(*) FROM table_name WHERE col_name >= date(string, string);"
drawSQL-mysql-export-2026-02-02_user_sessions,12,Break it down by type or category—how many users in each?,MEDIUM,"SELECT password, COUNT(*) as count FROM auth_user GROUP BY password;","SELECT col_name, COUNT(*) as count FROM table_name GROUP BY col_name;"
drawSQL-mysql-export-2026-02-02_user_sessions,13,Are there any users that don't have a match somewhere else?,MEDIUM,"SELECT * FROM auth_user
WHERE id NOT IN (SELECT DISTINCT user_id FROM user_sessions_session WHERE user_id IS NOT NULL);",SELECT * FROM table_name WHERE id NOT IN (SELECT DISTINCT col_name FROM table_name WHERE col_name IS NOT NULL);
drawSQL-mysql-export-2026-02-02_user_sessions,14,"For each group, what's in the top 3?",MEDIUM,SELECT * FROM auth_user LIMIT 10;,SELECT * FROM table_name LIMIT num;
drawSQL-mysql-export-2026-02-02_user_sessions,15,Are there any that exist in one list but not the other?,MEDIUM,SELECT * FROM auth_user LIMIT 10;,SELECT * FROM table_name LIMIT num;
drawSQL-mysql-export-2026-02-02_user_sessions,16,How did the numbers change compared to last month?,MEDIUM,"SELECT
  strftime('%Y-%m', date_joined) as period,
  COUNT(*) as count
FROM auth_user
WHERE date_joined >= date('now', '-2 months')
GROUP BY period
ORDER BY period;","SELECT strftime(string, col_name) as column_alias0, column_alias1(*) as column_alias1 FROM table_name WHERE col_name >= date(string, string) GROUP BY column_alias0 ORDER BY column_alias0;"
drawSQL-mysql-export-2026-02-02_user_sessions,17,I need a report that pulls together info from several different places.,HARD,"SELECT * FROM user_sessions_session
LEFT JOIN auth_user ON user_sessions_session.user_id = auth_user.id;",SELECT * FROM table_name LEFT JOIN table_name ON table_name.col_name = table_name.id;
drawSQL-mysql-export-2026-02-02_user_sessions,18,"Can you do a multi-step analysis: group things, filter, then rank the results?",HARD,"WITH grouped AS (
  SELECT password, COUNT(*) as cnt FROM auth_user GROUP BY password
)
SELECT * FROM grouped WHERE cnt > 1 ORDER BY cnt DESC;","WITH grouped AS ( SELECT col_name, COUNT(*) as cnt FROM table_name GROUP BY col_name ) SELECT * FROM grouped WHERE cnt > num ORDER BY cnt DESC;"
drawSQL-mysql-export-2026-02-02_user_sessions,19,Who or what is the best in each group?,HARD,"SELECT * FROM (
  SELECT *, ROW_NUMBER() OVER (PARTITION BY password ORDER BY id DESC) as rn
  FROM auth_user
) WHERE rn = 1;","SELECT * FROM ( SELECT *, ROW_NUMBER() OVER (PARTITION BY col_name ORDER BY id DESC) as column_alias0 FROM table_name ) WHERE column_alias0 = num;"
drawSQL-mysql-export-2026-02-02_user_sessions,20,Which ones are above average compared to others in their group?,HARD,SELECT * FROM auth_user LIMIT 10;,SELECT * FROM table_name LIMIT num;
drawSQL-mysql-export-2026-02-02_wagtail,1,How many people signed up last month?,EASY,SELECT COUNT(*) FROM auth_group;,SELECT COUNT(*) FROM table_name;
drawSQL-mysql-export-2026-02-02_wagtail,2,How many auth group do we have?,EASY,SELECT COUNT(*) FROM auth_group;,SELECT COUNT(*) FROM table_name;
drawSQL-mysql-export-2026-02-02_wagtail,3,Show me all of our auth group.,EASY,SELECT * FROM auth_group;,SELECT * FROM table_name;
drawSQL-mysql-export-2026-02-02_wagtail,4,Can you look up a specific auth group?,EASY,SELECT * FROM auth_group WHERE id = ?;,SELECT * FROM table_name WHERE id = num;
drawSQL-mysql-export-2026-02-02_wagtail,5,Find the auth group with a certain name or email.,EASY,SELECT * FROM auth_group WHERE name = ?;,SELECT * FROM table_name WHERE col_name = num;
drawSQL-mysql-export-2026-02-02_wagtail,6,What are the different name values we have?,EASY,SELECT * FROM auth_group LIMIT 10;,SELECT * FROM table_name LIMIT num;
drawSQL-mysql-export-2026-02-02_wagtail,7,How many auth group permissions do we have?,EASY,SELECT COUNT(*) FROM auth_group;,SELECT COUNT(*) FROM table_name;
drawSQL-mysql-export-2026-02-02_wagtail,8,Show me all of our auth group permissions.,EASY,SELECT * FROM auth_group;,SELECT * FROM table_name;
drawSQL-mysql-export-2026-02-02_wagtail,9,Who are our most active users?,MEDIUM,SELECT * FROM auth_group LIMIT 10;,SELECT * FROM table_name LIMIT num;
drawSQL-mysql-export-2026-02-02_wagtail,10,Show me each auth group along with its related details.,MEDIUM,"SELECT t.*, c.*
FROM auth_group t
LEFT JOIN auth_group_permissions c ON c.group_id = t.id;","SELECT table_alias0.*, table_alias1.* FROM table_name table_alias0 LEFT JOIN table_name table_alias1 ON table_alias1.col_name = table_alias0.id;"
drawSQL-mysql-export-2026-02-02_wagtail,11,Break it down by type or category—how many auth group in each?,MEDIUM,"SELECT name, COUNT(*) as count FROM auth_group GROUP BY name;","SELECT col_name, COUNT(*) as count FROM table_name GROUP BY col_name;"
drawSQL-mysql-export-2026-02-02_wagtail,12,Are there any auth group that don't have a match somewhere else?,MEDIUM,"SELECT * FROM auth_group
WHERE id NOT IN (SELECT DISTINCT group_id FROM auth_group_permissions WHERE group_id IS NOT NULL);",SELECT * FROM table_name WHERE id NOT IN (SELECT DISTINCT col_name FROM table_name WHERE col_name IS NOT NULL);
drawSQL-mysql-export-2026-02-02_wagtail,13,"For each group, what's in the top 3?",MEDIUM,"SELECT * FROM (
  SELECT *, ROW_NUMBER() OVER (PARTITION BY group_id ORDER BY id DESC) as rn
  FROM auth_group_permissions
) WHERE rn <= 3;","SELECT * FROM ( SELECT *, ROW_NUMBER() OVER (PARTITION BY col_name ORDER BY id DESC) as column_alias0 FROM table_name ) WHERE column_alias0 <= num;"
drawSQL-mysql-export-2026-02-02_wagtail,14,Break it down by type or category—how many auth group permissions in each?,MEDIUM,"SELECT name, COUNT(*) as count FROM auth_group GROUP BY name;","SELECT col_name, COUNT(*) as count FROM table_name GROUP BY col_name;"
drawSQL-mysql-export-2026-02-02_wagtail,15,Are there any auth group permissions that don't have a match somewhere else?,MEDIUM,"SELECT * FROM auth_group
WHERE id NOT IN (SELECT DISTINCT group_id FROM auth_group_permissions WHERE group_id IS NOT NULL);",SELECT * FROM table_name WHERE id NOT IN (SELECT DISTINCT col_name FROM table_name WHERE col_name IS NOT NULL);
drawSQL-mysql-export-2026-02-02_wagtail,16,Show me each auth permission along with its related details.,MEDIUM,"SELECT t.*, c.*
FROM auth_group t
LEFT JOIN auth_group_permissions c ON c.group_id = t.id;","SELECT table_alias0.*, table_alias1.* FROM table_name table_alias0 LEFT JOIN table_name table_alias1 ON table_alias1.col_name = table_alias0.id;"
drawSQL-mysql-export-2026-02-02_wagtail,17,I need a report that pulls together info from several different places.,HARD,"SELECT * FROM auth_group_permissions
LEFT JOIN auth_group ON auth_group_permissions.group_id = auth_group.id;",SELECT * FROM table_name LEFT JOIN table_name ON table_name.col_name = table_name.id;
drawSQL-mysql-export-2026-02-02_wagtail,18,"Can you do a multi-step analysis: group things, filter, then rank the results?",HARD,"WITH grouped AS (
  SELECT name, COUNT(*) as cnt FROM auth_group GROUP BY name
)
SELECT * FROM grouped WHERE cnt > 1 ORDER BY cnt DESC;","WITH grouped AS ( SELECT col_name, COUNT(*) as cnt FROM table_name GROUP BY col_name ) SELECT * FROM grouped WHERE cnt > num ORDER BY cnt DESC;"
drawSQL-mysql-export-2026-02-02_wagtail,19,Who or what is the best in each group?,HARD,"SELECT * FROM (
  SELECT *, ROW_NUMBER() OVER (PARTITION BY name ORDER BY id DESC) as rn
  FROM auth_group
) WHERE rn = 1;","SELECT * FROM ( SELECT *, ROW_NUMBER() OVER (PARTITION BY col_name ORDER BY id DESC) as column_alias0 FROM table_name ) WHERE column_alias0 = num;"
drawSQL-mysql-export-2026-02-02_wagtail,20,Which ones are above average compared to others in their group?,HARD,SELECT * FROM auth_group LIMIT 10;,SELECT * FROM table_name LIMIT num;
drawSQL-mysql-export-2026-02-03 _cms,1,How many bootstrap4 alerts bootstrap4alerts do we have?,EASY,SELECT COUNT(*) FROM bootstrap4_alerts_bootstrap4alerts;,SELECT COUNT(*) FROM table_name;
drawSQL-mysql-export-2026-02-03 _cms,2,Show me all of our bootstrap4 alerts bootstrap4alerts.,EASY,SELECT * FROM bootstrap4_alerts_bootstrap4alerts;,SELECT * FROM table_name;
drawSQL-mysql-export-2026-02-03 _cms,3,Can you look up a specific bootstrap4 alerts bootstrap4alert?,EASY,SELECT * FROM bootstrap4_alerts_bootstrap4alerts LIMIT 10;,SELECT * FROM table_name LIMIT num;
drawSQL-mysql-export-2026-02-03 _cms,4,What are the different cmsplugin ptr id values we have?,EASY,SELECT * FROM bootstrap4_alerts_bootstrap4alerts LIMIT 10;,SELECT * FROM table_name LIMIT num;
drawSQL-mysql-export-2026-02-03 _cms,5,How many bootstrap4 badge bootstrap4badge do we have?,EASY,SELECT COUNT(*) FROM bootstrap4_alerts_bootstrap4alerts;,SELECT COUNT(*) FROM table_name;
drawSQL-mysql-export-2026-02-03 _cms,6,Show me all of our bootstrap4 badge bootstrap4badge.,EASY,SELECT * FROM bootstrap4_alerts_bootstrap4alerts;,SELECT * FROM table_name;
drawSQL-mysql-export-2026-02-03 _cms,7,Can you look up a specific bootstrap4 badge bootstrap4badge?,EASY,SELECT * FROM bootstrap4_alerts_bootstrap4alerts LIMIT 10;,SELECT * FROM table_name LIMIT num;
drawSQL-mysql-export-2026-02-03 _cms,8,How many bootstrap4 card bootstrap4card do we have?,EASY,SELECT COUNT(*) FROM bootstrap4_alerts_bootstrap4alerts;,SELECT COUNT(*) FROM table_name;
drawSQL-mysql-export-2026-02-03 _cms,9,Show me each bootstrap4 alerts bootstrap4alert along with its related details.,MEDIUM,"SELECT t.*, c.*
FROM bootstrap4_alerts_bootstrap4alerts t
LEFT JOIN cms_cmsplugin c ON c.id = t.cmsplugin_ptr_id;","SELECT table_alias0.*, table_alias1.* FROM table_name table_alias0 LEFT JOIN table_name table_alias1 ON table_alias1.id = table_alias0.col_name;"
drawSQL-mysql-export-2026-02-03 _cms,10,Break it down by type or category—how many bootstrap4 alerts bootstrap4alerts in each?,MEDIUM,"SELECT tag_type, COUNT(*) as count FROM bootstrap4_alerts_bootstrap4alerts GROUP BY tag_type;","SELECT col_name, COUNT(*) as count FROM table_name GROUP BY col_name;"
drawSQL-mysql-export-2026-02-03 _cms,11,Are there any bootstrap4 alerts bootstrap4alerts that don't have a match somewhere else?,MEDIUM,"SELECT * FROM bootstrap4_alerts_bootstrap4alerts
WHERE id NOT IN (SELECT DISTINCT id FROM cms_cmsplugin WHERE id IS NOT NULL);",SELECT * FROM table_name WHERE id NOT IN (SELECT DISTINCT id FROM table_name WHERE id IS NOT NULL);
drawSQL-mysql-export-2026-02-03 _cms,12,"For each group, what's in the top 3?",MEDIUM,"SELECT * FROM (
  SELECT *, ROW_NUMBER() OVER (PARTITION BY tag_type ORDER BY id DESC) as rn
  FROM bootstrap4_alerts_bootstrap4alerts
) WHERE rn <= 3;","SELECT * FROM ( SELECT *, ROW_NUMBER() OVER (PARTITION BY col_name ORDER BY id DESC) as column_alias0 FROM table_name ) WHERE column_alias0 <= num;"
drawSQL-mysql-export-2026-02-03 _cms,13,Show me each bootstrap4 badge bootstrap4badge along with its related details.,MEDIUM,"SELECT t.*, c.*
FROM bootstrap4_alerts_bootstrap4alerts t
LEFT JOIN cms_cmsplugin c ON c.id = t.cmsplugin_ptr_id;","SELECT table_alias0.*, table_alias1.* FROM table_name table_alias0 LEFT JOIN table_name table_alias1 ON table_alias1.id = table_alias0.col_name;"
drawSQL-mysql-export-2026-02-03 _cms,14,Break it down by type or category—how many bootstrap4 badge bootstrap4badge in each?,MEDIUM,"SELECT tag_type, COUNT(*) as count FROM bootstrap4_alerts_bootstrap4alerts GROUP BY tag_type;","SELECT col_name, COUNT(*) as count FROM table_name GROUP BY col_name;"
drawSQL-mysql-export-2026-02-03 _cms,15,Are there any bootstrap4 badge bootstrap4badge that don't have a match somewhere else?,MEDIUM,"SELECT * FROM bootstrap4_alerts_bootstrap4alerts
WHERE id NOT IN (SELECT DISTINCT id FROM cms_cmsplugin WHERE id IS NOT NULL);",SELECT * FROM table_name WHERE id NOT IN (SELECT DISTINCT id FROM table_name WHERE id IS NOT NULL);
drawSQL-mysql-export-2026-02-03 _cms,16,Show me each bootstrap4 card bootstrap4card along with its related details.,MEDIUM,"SELECT t.*, c.*
FROM bootstrap4_alerts_bootstrap4alerts t
LEFT JOIN cms_cmsplugin c ON c.id = t.cmsplugin_ptr_id;","SELECT table_alias0.*, table_alias1.* FROM table_name table_alias0 LEFT JOIN table_name table_alias1 ON table_alias1.id = table_alias0.col_name;"
drawSQL-mysql-export-2026-02-03 _cms,17,I need a report that pulls together info from several different places.,HARD,"SELECT * FROM cms_cmsplugin
LEFT JOIN bootstrap4_link_bootstrap4link ON cms_cmsplugin.id = bootstrap4_link_bootstrap4link.cmsplugin_ptr_id
LEFT JOIN bootstrap4_tabs_bootstrap4tab ON cms_cmsplugin.id = bootstrap4_tabs_bootstrap4tab.cmsplugin_ptr_id
LEFT JOIN bootstrap4_content_bootstrap4code ON cms_cmsplugin.id = bootstrap4_content_bootstrap4code.cmsplugin_ptr_id;",SELECT * FROM table_name LEFT JOIN table_name ON table_name.id = table_name.col_name LEFT JOIN table_name ON table_name.id = table_name.col_name LEFT JOIN table_name ON table_name.id = table_name.col_name;
drawSQL-mysql-export-2026-02-03 _cms,18,"Can you do a multi-step analysis: group things, filter, then rank the results?",HARD,"WITH grouped AS (
  SELECT tag_type, COUNT(*) as cnt FROM bootstrap4_alerts_bootstrap4alerts GROUP BY tag_type
)
SELECT * FROM grouped WHERE cnt > 1 ORDER BY cnt DESC;","WITH grouped AS ( SELECT col_name, COUNT(*) as cnt FROM table_name GROUP BY col_name ) SELECT * FROM grouped WHERE cnt > num ORDER BY cnt DESC;"
drawSQL-mysql-export-2026-02-03 _cms,19,Who or what is the best in each group?,HARD,"SELECT * FROM (
  SELECT *, ROW_NUMBER() OVER (PARTITION BY tag_type ORDER BY id DESC) as rn
  FROM bootstrap4_alerts_bootstrap4alerts
) WHERE rn = 1;","SELECT * FROM ( SELECT *, ROW_NUMBER() OVER (PARTITION BY col_name ORDER BY id DESC) as column_alias0 FROM table_name ) WHERE column_alias0 = num;"
drawSQL-mysql-export-2026-02-03 _cms,20,Which ones are above average compared to others in their group?,HARD,SELECT * FROM bootstrap4_alerts_bootstrap4alerts LIMIT 10;,SELECT * FROM table_name LIMIT num;
drawSQL-mysql-export-2026-02-03_airbnb,1,What rooms are available in a certain price range?,EASY,SELECT * FROM rooms WHERE price BETWEEN ? AND ? ORDER BY price;,SELECT * FROM table_name WHERE col_name BETWEEN num AND num ORDER BY col_name;
drawSQL-mysql-export-2026-02-03_airbnb,2,Which rooms have the most bedrooms or bathrooms?,EASY,"SELECT * FROM rooms ORDER BY total_bedrooms DESC, total_bathrooms DESC LIMIT 10;","SELECT * FROM table_name ORDER BY col_name DESC, col_name DESC LIMIT num;"
drawSQL-mysql-export-2026-02-03_airbnb,3,What reservations do we have coming up?,EASY,"SELECT * FROM reservations
WHERE start_date >= date('now')
ORDER BY start_date ASC;",SELECT * FROM table_name WHERE col_name >= date(string) ORDER BY col_name ASC;
drawSQL-mysql-export-2026-02-03_airbnb,4,What do guests think of our rooms? What are the ratings?,EASY,"SELECT r.*, AVG(r.rating) as avg_rating FROM reviews r GROUP BY r.reservation_id;","SELECT table_alias0.*, AVG(table_alias0.col_name) as avg_rating FROM table_name table_alias0 GROUP BY table_alias0.col_name;"
drawSQL-mysql-export-2026-02-03_airbnb,5,How many people signed up last month?,EASY,"SELECT COUNT(*) FROM users
WHERE created_at >= date('now', '-1 month');","SELECT COUNT(*) FROM table_name WHERE col_name >= date(string, string);"
drawSQL-mysql-export-2026-02-03_airbnb,6,How many users do we have?,EASY,SELECT COUNT(*) FROM users;,SELECT COUNT(*) FROM table_name;
drawSQL-mysql-export-2026-02-03_airbnb,7,Show me all of our users.,EASY,SELECT * FROM users;,SELECT * FROM table_name;
drawSQL-mysql-export-2026-02-03_airbnb,8,Can you look up a specific user?,EASY,SELECT * FROM users WHERE id = ?;,SELECT * FROM table_name WHERE id = num;
drawSQL-mysql-export-2026-02-03_airbnb,9,How much revenue did we make from reservations last month?,MEDIUM,"SELECT SUM(total) as total_revenue FROM reservations
WHERE created_at >= date('now', '-1 month');","SELECT SUM(col_name) as total_revenue FROM table_name WHERE col_name >= date(string, string);"
drawSQL-mysql-export-2026-02-03_airbnb,10,Which rooms have the best reviews?,MEDIUM,"SELECT r.*, AVG(rev.rating) as avg_rating
FROM rooms r
JOIN reservations res ON res.room_id = r.id
JOIN reviews rev ON rev.reservation_id = res.id
GROUP BY r.id
ORDER BY avg_rating DESC;","SELECT table_alias0.*, AVG(table_alias2.col_name) as column_alias0 FROM table_name table_alias0 JOIN table_name table_alias1 ON table_alias1.col_name = table_alias0.id JOIN table_name table_alias2 ON table_alias2.col_name = table_alias1.id GROUP BY table_alias0.id ORDER BY column_alias0 DESC;"
drawSQL-mysql-export-2026-02-03_airbnb,11,Who are our most active users?,MEDIUM,SELECT * FROM users ORDER BY created_at DESC LIMIT 10;,SELECT * FROM table_name ORDER BY col_name DESC LIMIT num;
drawSQL-mysql-export-2026-02-03_airbnb,12,Show me each user along with its related details.,MEDIUM,"SELECT t.*, c.*
FROM users t
LEFT JOIN reservations c ON c.user_id = t.id;","SELECT table_alias0.*, table_alias1.* FROM table_name table_alias0 LEFT JOIN table_name table_alias1 ON table_alias1.col_name = table_alias0.id;"
drawSQL-mysql-export-2026-02-03_airbnb,13,How many users did we have last month?,MEDIUM,"SELECT COUNT(*) FROM users
WHERE created_at >= date('now', '-1 month');","SELECT COUNT(*) FROM table_name WHERE col_name >= date(string, string);"
drawSQL-mysql-export-2026-02-03_airbnb,14,Break it down by type or category—how many users in each?,MEDIUM,"SELECT name, COUNT(*) as count FROM users GROUP BY name;","SELECT col_name, COUNT(*) as count FROM table_name GROUP BY col_name;"
drawSQL-mysql-export-2026-02-03_airbnb,15,Are there any users that don't have a match somewhere else?,MEDIUM,"SELECT * FROM users
WHERE id NOT IN (SELECT DISTINCT user_id FROM reservations WHERE user_id IS NOT NULL);",SELECT * FROM table_name WHERE id NOT IN (SELECT DISTINCT col_name FROM table_name WHERE col_name IS NOT NULL);
drawSQL-mysql-export-2026-02-03_airbnb,16,"For each group, what's in the top 3?",MEDIUM,"SELECT * FROM (
  SELECT *, ROW_NUMBER() OVER (PARTITION BY home_type ORDER BY price DESC) as rn
  FROM rooms
) WHERE rn <= 3;","SELECT * FROM ( SELECT *, ROW_NUMBER() OVER (PARTITION BY col_name ORDER BY col_name DESC) as column_alias0 FROM table_name ) WHERE column_alias0 <= num;"
drawSQL-mysql-export-2026-02-03_airbnb,17,I need a report that pulls together info from several different places.,HARD,"SELECT * FROM media
LEFT JOIN reviews ON media.model_id = reviews.id;",SELECT * FROM table_name LEFT JOIN table_name ON table_name.col_name = table_name.id;
drawSQL-mysql-export-2026-02-03_airbnb,18,"Can you do a multi-step analysis: group things, filter, then rank the results?",HARD,"WITH grouped AS (
  SELECT name, COUNT(*) as cnt FROM users GROUP BY name
)
SELECT * FROM grouped WHERE cnt > 1 ORDER BY cnt DESC;","WITH grouped AS ( SELECT col_name, COUNT(*) as cnt FROM table_name GROUP BY col_name ) SELECT * FROM grouped WHERE cnt > num ORDER BY cnt DESC;"
drawSQL-mysql-export-2026-02-03_airbnb,19,Who or what is the best in each group?,HARD,"SELECT * FROM (
  SELECT *, ROW_NUMBER() OVER (PARTITION BY home_type ORDER BY price DESC) as rn
  FROM rooms
) WHERE rn = 1;","SELECT * FROM ( SELECT *, ROW_NUMBER() OVER (PARTITION BY col_name ORDER BY col_name DESC) as column_alias0 FROM table_name ) WHERE column_alias0 = num;"
drawSQL-mysql-export-2026-02-03_airbnb,20,Which ones are above average compared to others in their group?,HARD,"SELECT * FROM rooms t1
WHERE price > (
  SELECT AVG(price) FROM rooms t2 WHERE t2.home_type = t1.home_type
);",SELECT * FROM table_name table_alias0 WHERE col_name > ( SELECT AVG(col_name) FROM table_name table_alias1 WHERE table_alias1.col_name = table_alias0.col_name );
drawSQL-mysql-export-2026-02-03_axes,1,How many people signed up last month?,EASY,"SELECT COUNT(*) FROM axes_accessattempt
WHERE path_info >= date('now', '-1 month');","SELECT COUNT(*) FROM table_name WHERE col_name >= date(string, string);"
drawSQL-mysql-export-2026-02-03_axes,2,How many axes accessattempt do we have?,EASY,SELECT COUNT(*) FROM axes_accessattempt;,SELECT COUNT(*) FROM table_name;
drawSQL-mysql-export-2026-02-03_axes,3,Show me all of our axes accessattempt.,EASY,SELECT * FROM axes_accessattempt;,SELECT * FROM table_name;
drawSQL-mysql-export-2026-02-03_axes,4,Can you look up a specific axes accessattempt?,EASY,SELECT * FROM axes_accessattempt WHERE id = ?;,SELECT * FROM table_name WHERE id = num;
drawSQL-mysql-export-2026-02-03_axes,5,Find the axes accessattempt with a certain name or email.,EASY,SELECT * FROM axes_accessattempt WHERE username = ?;,SELECT * FROM table_name WHERE col_name = num;
drawSQL-mysql-export-2026-02-03_axes,6,What are the different user agent values we have?,EASY,SELECT * FROM axes_accessattempt LIMIT 10;,SELECT * FROM table_name LIMIT num;
drawSQL-mysql-export-2026-02-03_axes,7,How many axes accesslog do we have?,EASY,SELECT COUNT(*) FROM axes_accessattempt;,SELECT COUNT(*) FROM table_name;
drawSQL-mysql-export-2026-02-03_axes,8,Show me all of our axes accesslog.,EASY,SELECT * FROM axes_accessattempt;,SELECT * FROM table_name;
drawSQL-mysql-export-2026-02-03_axes,9,Who are our most active users?,MEDIUM,SELECT * FROM axes_accessattempt LIMIT 10;,SELECT * FROM table_name LIMIT num;
drawSQL-mysql-export-2026-02-03_axes,10,Break it down by type or category—how many axes accessattempt in each?,MEDIUM,"SELECT user_agent, COUNT(*) as count FROM axes_accessattempt GROUP BY user_agent;","SELECT col_name, COUNT(*) as count FROM table_name GROUP BY col_name;"
drawSQL-mysql-export-2026-02-03_axes,11,Are there any axes accessattempt that don't have a match somewhere else?,MEDIUM,SELECT * FROM axes_accessattempt LIMIT 10;,SELECT * FROM table_name LIMIT num;
drawSQL-mysql-export-2026-02-03_axes,12,"For each group, what's in the top 3?",MEDIUM,SELECT * FROM axes_accessattempt LIMIT 10;,SELECT * FROM table_name LIMIT num;
drawSQL-mysql-export-2026-02-03_axes,13,Break it down by type or category—how many axes accesslog in each?,MEDIUM,"SELECT user_agent, COUNT(*) as count FROM axes_accessattempt GROUP BY user_agent;","SELECT col_name, COUNT(*) as count FROM table_name GROUP BY col_name;"
drawSQL-mysql-export-2026-02-03_axes,14,Are there any axes accesslog that don't have a match somewhere else?,MEDIUM,SELECT * FROM axes_accessattempt LIMIT 10;,SELECT * FROM table_name LIMIT num;
drawSQL-mysql-export-2026-02-03_axes,15,Are there any that exist in one list but not the other?,MEDIUM,SELECT * FROM axes_accessattempt LIMIT 10;,SELECT * FROM table_name LIMIT num;
drawSQL-mysql-export-2026-02-03_axes,16,How did the numbers change compared to last month?,MEDIUM,"SELECT
  strftime('%Y-%m', path_info) as period,
  COUNT(*) as count
FROM axes_accessattempt
WHERE path_info >= date('now', '-2 months')
GROUP BY period
ORDER BY period;","SELECT strftime(string, col_name) as column_alias0, column_alias1(*) as column_alias1 FROM table_name WHERE col_name >= date(string, string) GROUP BY column_alias0 ORDER BY column_alias0;"
drawSQL-mysql-export-2026-02-03_axes,17,I need a report that pulls together info from several different places.,HARD,SELECT * FROM axes_accessattempt;,SELECT * FROM table_name;
drawSQL-mysql-export-2026-02-03_axes,18,"Can you do a multi-step analysis: group things, filter, then rank the results?",HARD,"WITH grouped AS (
  SELECT user_agent, COUNT(*) as cnt FROM axes_accessattempt GROUP BY user_agent
)
SELECT * FROM grouped WHERE cnt > 1 ORDER BY cnt DESC;","WITH grouped AS ( SELECT col_name, COUNT(*) as cnt FROM table_name GROUP BY col_name ) SELECT * FROM grouped WHERE cnt > num ORDER BY cnt DESC;"
drawSQL-mysql-export-2026-02-03_axes,19,Who or what is the best in each group?,HARD,"SELECT * FROM (
  SELECT *, ROW_NUMBER() OVER (PARTITION BY user_agent ORDER BY id DESC) as rn
  FROM axes_accessattempt
) WHERE rn = 1;","SELECT * FROM ( SELECT *, ROW_NUMBER() OVER (PARTITION BY col_name ORDER BY id DESC) as column_alias0 FROM table_name ) WHERE column_alias0 = num;"
drawSQL-mysql-export-2026-02-03_axes,20,Which ones are above average compared to others in their group?,HARD,SELECT * FROM axes_accessattempt LIMIT 10;,SELECT * FROM table_name LIMIT num;
drawSQL-mysql-export-2026-02-03_devise,1,How many people signed up last month?,EASY,"SELECT COUNT(*) FROM users
WHERE created_at >= date('now', '-1 month');","SELECT COUNT(*) FROM table_name WHERE col_name >= date(string, string);"
drawSQL-mysql-export-2026-02-03_devise,2,How many users do we have?,EASY,SELECT COUNT(*) FROM users;,SELECT COUNT(*) FROM table_name;
drawSQL-mysql-export-2026-02-03_devise,3,Show me all of our users.,EASY,SELECT * FROM users;,SELECT * FROM table_name;
drawSQL-mysql-export-2026-02-03_devise,4,Can you look up a specific user?,EASY,SELECT * FROM users WHERE id = ?;,SELECT * FROM table_name WHERE id = num;
drawSQL-mysql-export-2026-02-03_devise,5,Find the user with a certain name or email.,EASY,SELECT * FROM users WHERE email = ?;,SELECT * FROM table_name WHERE col_name = num;
drawSQL-mysql-export-2026-02-03_devise,6,What users were added or changed recently?,EASY,SELECT * FROM users ORDER BY created_at DESC LIMIT 50;,SELECT * FROM table_name ORDER BY col_name DESC LIMIT num;
drawSQL-mysql-export-2026-02-03_devise,7,What are the different email values we have?,EASY,SELECT * FROM users LIMIT 10;,SELECT * FROM table_name LIMIT num;
drawSQL-mysql-export-2026-02-03_devise,8,Give me a list of all users.,EASY,SELECT * FROM users;,SELECT * FROM table_name;
drawSQL-mysql-export-2026-02-03_devise,9,Who are our most active users?,MEDIUM,SELECT * FROM users ORDER BY created_at DESC LIMIT 10;,SELECT * FROM table_name ORDER BY col_name DESC LIMIT num;
drawSQL-mysql-export-2026-02-03_devise,10,How many users did we have last month?,MEDIUM,"SELECT COUNT(*) FROM users
WHERE created_at >= date('now', '-1 month');","SELECT COUNT(*) FROM table_name WHERE col_name >= date(string, string);"
drawSQL-mysql-export-2026-02-03_devise,11,Break it down by type or category—how many users in each?,MEDIUM,"SELECT email, COUNT(*) as count FROM users GROUP BY email;","SELECT col_name, COUNT(*) as count FROM table_name GROUP BY col_name;"
drawSQL-mysql-export-2026-02-03_devise,12,Are there any users that don't have a match somewhere else?,MEDIUM,SELECT * FROM users LIMIT 10;,SELECT * FROM table_name LIMIT num;
drawSQL-mysql-export-2026-02-03_devise,13,"For each group, what's in the top 3?",MEDIUM,SELECT * FROM users LIMIT 10;,SELECT * FROM table_name LIMIT num;
drawSQL-mysql-export-2026-02-03_devise,14,Are there any that exist in one list but not the other?,MEDIUM,SELECT * FROM users LIMIT 10;,SELECT * FROM table_name LIMIT num;
drawSQL-mysql-export-2026-02-03_devise,15,How did the numbers change compared to last month?,MEDIUM,"SELECT
  strftime('%Y-%m', created_at) as period,
  COUNT(*) as count
FROM users
WHERE created_at >= date('now', '-2 months')
GROUP BY period
ORDER BY period;","SELECT strftime(string, col_name) as column_alias0, column_alias1(*) as column_alias1 FROM table_name WHERE col_name >= date(string, string) GROUP BY column_alias0 ORDER BY column_alias0;"
drawSQL-mysql-export-2026-02-03_devise,16,What are the top few in each category?,MEDIUM,SELECT * FROM users LIMIT 10;,SELECT * FROM table_name LIMIT num;
drawSQL-mysql-export-2026-02-03_devise,17,I need a report that pulls together info from several different places.,HARD,SELECT * FROM users;,SELECT * FROM table_name;
drawSQL-mysql-export-2026-02-03_devise,18,"Can you do a multi-step analysis: group things, filter, then rank the results?",HARD,"WITH grouped AS (
  SELECT email, COUNT(*) as cnt FROM users GROUP BY email
)
SELECT * FROM grouped WHERE cnt > 1 ORDER BY cnt DESC;","WITH grouped AS ( SELECT col_name, COUNT(*) as cnt FROM table_name GROUP BY col_name ) SELECT * FROM grouped WHERE cnt > num ORDER BY cnt DESC;"
drawSQL-mysql-export-2026-02-03_devise,19,Who or what is the best in each group?,HARD,"SELECT * FROM (
  SELECT *, ROW_NUMBER() OVER (PARTITION BY email ORDER BY id DESC) as rn
  FROM users
) WHERE rn = 1;","SELECT * FROM ( SELECT *, ROW_NUMBER() OVER (PARTITION BY col_name ORDER BY id DESC) as column_alias0 FROM table_name ) WHERE column_alias0 = num;"
drawSQL-mysql-export-2026-02-03_devise,20,Which ones are above average compared to others in their group?,HARD,SELECT * FROM users LIMIT 10;,SELECT * FROM table_name LIMIT num;
drawSQL-mysql-export-2026-02-03_emails,1,How many people signed up last month?,EASY,SELECT COUNT(*) FROM users;,SELECT COUNT(*) FROM table_name;
drawSQL-mysql-export-2026-02-03_emails,2,How many team members do we have?,EASY,SELECT COUNT(*) FROM heya_campaign_memberships;,SELECT COUNT(*) FROM table_name;
drawSQL-mysql-export-2026-02-03_emails,3,Show me all of our team members.,EASY,SELECT * FROM heya_campaign_memberships;,SELECT * FROM table_name;
drawSQL-mysql-export-2026-02-03_emails,4,Can you look up a specific team member?,EASY,SELECT * FROM heya_campaign_memberships WHERE id = ?;,SELECT * FROM table_name WHERE id = num;
drawSQL-mysql-export-2026-02-03_emails,5,What team members were added or changed recently?,EASY,SELECT * FROM heya_campaign_memberships ORDER BY created_at DESC LIMIT 50;,SELECT * FROM table_name ORDER BY col_name DESC LIMIT num;
drawSQL-mysql-export-2026-02-03_emails,6,What are the different user type values we have?,EASY,SELECT * FROM heya_campaign_memberships LIMIT 10;,SELECT * FROM table_name LIMIT num;
drawSQL-mysql-export-2026-02-03_emails,7,How many heya campaign receipts do we have?,EASY,SELECT COUNT(*) FROM heya_campaign_memberships;,SELECT COUNT(*) FROM table_name;
drawSQL-mysql-export-2026-02-03_emails,8,Show me all of our heya campaign receipts.,EASY,SELECT * FROM heya_campaign_memberships;,SELECT * FROM table_name;
drawSQL-mysql-export-2026-02-03_emails,9,Who are our most active users?,MEDIUM,SELECT * FROM users ORDER BY created_at DESC LIMIT 10;,SELECT * FROM table_name ORDER BY col_name DESC LIMIT num;
drawSQL-mysql-export-2026-02-03_emails,10,How many team members did we have last month?,MEDIUM,"SELECT COUNT(*) FROM heya_campaign_memberships
WHERE created_at >= date('now', '-1 month');","SELECT COUNT(*) FROM table_name WHERE col_name >= date(string, string);"
drawSQL-mysql-export-2026-02-03_emails,11,Break it down by type or category—how many team members in each?,MEDIUM,"SELECT user_type, COUNT(*) as count FROM heya_campaign_memberships GROUP BY user_type;","SELECT col_name, COUNT(*) as count FROM table_name GROUP BY col_name;"
drawSQL-mysql-export-2026-02-03_emails,12,Are there any team members that don't have a match somewhere else?,MEDIUM,SELECT * FROM heya_campaign_memberships LIMIT 10;,SELECT * FROM table_name LIMIT num;
drawSQL-mysql-export-2026-02-03_emails,13,"For each group, what's in the top 3?",MEDIUM,"SELECT * FROM (
  SELECT *, ROW_NUMBER() OVER (PARTITION BY user_type ORDER BY id DESC) as rn
  FROM heya_campaign_memberships
) WHERE rn <= 3;","SELECT * FROM ( SELECT *, ROW_NUMBER() OVER (PARTITION BY col_name ORDER BY id DESC) as column_alias0 FROM table_name ) WHERE column_alias0 <= num;"
drawSQL-mysql-export-2026-02-03_emails,14,How many heya campaign receipts did we have last month?,MEDIUM,"SELECT COUNT(*) FROM heya_campaign_memberships
WHERE created_at >= date('now', '-1 month');","SELECT COUNT(*) FROM table_name WHERE col_name >= date(string, string);"
drawSQL-mysql-export-2026-02-03_emails,15,Break it down by type or category—how many heya campaign receipts in each?,MEDIUM,"SELECT user_type, COUNT(*) as count FROM heya_campaign_memberships GROUP BY user_type;","SELECT col_name, COUNT(*) as count FROM table_name GROUP BY col_name;"
drawSQL-mysql-export-2026-02-03_emails,16,Are there any heya campaign receipts that don't have a match somewhere else?,MEDIUM,SELECT * FROM heya_campaign_memberships LIMIT 10;,SELECT * FROM table_name LIMIT num;
drawSQL-mysql-export-2026-02-03_emails,17,I need a report that pulls together info from several different places.,HARD,"SELECT * FROM heya_campaign_memberships
LEFT JOIN users ON heya_campaign_memberships.user_id = users.id;",SELECT * FROM table_name LEFT JOIN table_name ON table_name.col_name = table_name.id;
drawSQL-mysql-export-2026-02-03_emails,18,"Can you do a multi-step analysis: group things, filter, then rank the results?",HARD,"WITH grouped AS (
  SELECT user_type, COUNT(*) as cnt FROM heya_campaign_memberships GROUP BY user_type
)
SELECT * FROM grouped WHERE cnt > 1 ORDER BY cnt DESC;","WITH grouped AS ( SELECT col_name, COUNT(*) as cnt FROM table_name GROUP BY col_name ) SELECT * FROM grouped WHERE cnt > num ORDER BY cnt DESC;"
drawSQL-mysql-export-2026-02-03_emails,19,Who or what is the best in each group?,HARD,"SELECT * FROM (
  SELECT *, ROW_NUMBER() OVER (PARTITION BY user_type ORDER BY id DESC) as rn
  FROM heya_campaign_memberships
) WHERE rn = 1;","SELECT * FROM ( SELECT *, ROW_NUMBER() OVER (PARTITION BY col_name ORDER BY id DESC) as column_alias0 FROM table_name ) WHERE column_alias0 = num;"
drawSQL-mysql-export-2026-02-03_emails,20,Which ones are above average compared to others in their group?,HARD,SELECT * FROM heya_campaign_memberships LIMIT 10;,SELECT * FROM table_name LIMIT num;
drawSQL-mysql-export-2026-02-03_filer,1,How many people signed up last month?,EASY,"SELECT COUNT(*) FROM auth_user
WHERE date_joined >= date('now', '-1 month');","SELECT COUNT(*) FROM table_name WHERE col_name >= date(string, string);"
drawSQL-mysql-export-2026-02-03_filer,2,How many auth group do we have?,EASY,SELECT COUNT(*) FROM auth_group;,SELECT COUNT(*) FROM table_name;
drawSQL-mysql-export-2026-02-03_filer,3,Show me all of our auth group.,EASY,SELECT * FROM auth_group;,SELECT * FROM table_name;
drawSQL-mysql-export-2026-02-03_filer,4,Can you look up a specific auth group?,EASY,SELECT * FROM auth_group WHERE id = ?;,SELECT * FROM table_name WHERE id = num;
drawSQL-mysql-export-2026-02-03_filer,5,Find the auth group with a certain name or email.,EASY,SELECT * FROM auth_group WHERE name = ?;,SELECT * FROM table_name WHERE col_name = num;
drawSQL-mysql-export-2026-02-03_filer,6,What are the different name values we have?,EASY,SELECT * FROM auth_group LIMIT 10;,SELECT * FROM table_name LIMIT num;
drawSQL-mysql-export-2026-02-03_filer,7,How many users do we have?,EASY,SELECT COUNT(*) FROM auth_group;,SELECT COUNT(*) FROM table_name;
drawSQL-mysql-export-2026-02-03_filer,8,Show me all of our users.,EASY,SELECT * FROM auth_group;,SELECT * FROM table_name;
drawSQL-mysql-export-2026-02-03_filer,9,Who are our most active users?,MEDIUM,SELECT * FROM auth_group LIMIT 10;,SELECT * FROM table_name LIMIT num;
drawSQL-mysql-export-2026-02-03_filer,10,Show me each auth group along with its related details.,MEDIUM,"SELECT t.*, c.*
FROM auth_group t
LEFT JOIN filer_folderpermission c ON c.group_id = t.id;","SELECT table_alias0.*, table_alias1.* FROM table_name table_alias0 LEFT JOIN table_name table_alias1 ON table_alias1.col_name = table_alias0.id;"
drawSQL-mysql-export-2026-02-03_filer,11,Break it down by type or category—how many auth group in each?,MEDIUM,"SELECT name, COUNT(*) as count FROM auth_group GROUP BY name;","SELECT col_name, COUNT(*) as count FROM table_name GROUP BY col_name;"
drawSQL-mysql-export-2026-02-03_filer,12,Are there any auth group that don't have a match somewhere else?,MEDIUM,"SELECT * FROM auth_group
WHERE id NOT IN (SELECT DISTINCT group_id FROM filer_folderpermission WHERE group_id IS NOT NULL);",SELECT * FROM table_name WHERE id NOT IN (SELECT DISTINCT col_name FROM table_name WHERE col_name IS NOT NULL);
drawSQL-mysql-export-2026-02-03_filer,13,"For each group, what's in the top 3?",MEDIUM,SELECT * FROM auth_group LIMIT 10;,SELECT * FROM table_name LIMIT num;
drawSQL-mysql-export-2026-02-03_filer,14,Show me each user along with its related details.,MEDIUM,"SELECT t.*, c.*
FROM auth_group t
LEFT JOIN filer_folderpermission c ON c.group_id = t.id;","SELECT table_alias0.*, table_alias1.* FROM table_name table_alias0 LEFT JOIN table_name table_alias1 ON table_alias1.col_name = table_alias0.id;"
drawSQL-mysql-export-2026-02-03_filer,15,How many users did we have last month?,MEDIUM,"SELECT COUNT(*) FROM auth_user
WHERE date_joined >= date('now', '-1 month');","SELECT COUNT(*) FROM table_name WHERE col_name >= date(string, string);"
drawSQL-mysql-export-2026-02-03_filer,16,Break it down by type or category—how many users in each?,MEDIUM,"SELECT name, COUNT(*) as count FROM auth_group GROUP BY name;","SELECT col_name, COUNT(*) as count FROM table_name GROUP BY col_name;"
drawSQL-mysql-export-2026-02-03_filer,17,I need a report that pulls together info from several different places.,HARD,"SELECT * FROM filer_file
LEFT JOIN auth_user ON filer_file.owner_id = auth_user.id
LEFT JOIN django_content_type ON filer_file.polymorphic_ctype_id = django_content_type.id;",SELECT * FROM table_name LEFT JOIN table_name ON table_name.col_name = table_name.id LEFT JOIN table_name ON table_name.col_name = table_name.id;
drawSQL-mysql-export-2026-02-03_filer,18,"Can you do a multi-step analysis: group things, filter, then rank the results?",HARD,"WITH grouped AS (
  SELECT name, COUNT(*) as cnt FROM auth_group GROUP BY name
)
SELECT * FROM grouped WHERE cnt > 1 ORDER BY cnt DESC;","WITH grouped AS ( SELECT col_name, COUNT(*) as cnt FROM table_name GROUP BY col_name ) SELECT * FROM grouped WHERE cnt > num ORDER BY cnt DESC;"
drawSQL-mysql-export-2026-02-03_filer,19,Who or what is the best in each group?,HARD,"SELECT * FROM (
  SELECT *, ROW_NUMBER() OVER (PARTITION BY name ORDER BY id DESC) as rn
  FROM auth_group
) WHERE rn = 1;","SELECT * FROM ( SELECT *, ROW_NUMBER() OVER (PARTITION BY col_name ORDER BY id DESC) as column_alias0 FROM table_name ) WHERE column_alias0 = num;"
drawSQL-mysql-export-2026-02-03_filer,20,Which ones are above average compared to others in their group?,HARD,SELECT * FROM auth_group LIMIT 10;,SELECT * FROM table_name LIMIT num;
drawSQL-mysql-export-2026-02-03_hackernews,1,How many people signed up last month?,EASY,"SELECT COUNT(*) FROM accounts_customuser
WHERE date_joined >= date('now', '-1 month');","SELECT COUNT(*) FROM table_name WHERE col_name >= date(string, string);"
drawSQL-mysql-export-2026-02-03_hackernews,2,How many people are on each team?,EASY,SELECT * FROM accounts_customuser LIMIT 10;,SELECT * FROM table_name LIMIT num;
drawSQL-mysql-export-2026-02-03_hackernews,3,Which invitations haven't been accepted yet?,EASY,SELECT * FROM accounts_customuser LIMIT 10;,SELECT * FROM table_name LIMIT num;
drawSQL-mysql-export-2026-02-03_hackernews,4,How many users do we have?,EASY,SELECT COUNT(*) FROM accounts_customuser;,SELECT COUNT(*) FROM table_name;
drawSQL-mysql-export-2026-02-03_hackernews,5,Show me all of our users.,EASY,SELECT * FROM accounts_customuser;,SELECT * FROM table_name;
drawSQL-mysql-export-2026-02-03_hackernews,6,Can you look up a specific user?,EASY,SELECT * FROM accounts_customuser WHERE id = ?;,SELECT * FROM table_name WHERE id = num;
drawSQL-mysql-export-2026-02-03_hackernews,7,Find the user with a certain name or email.,EASY,SELECT * FROM accounts_customuser WHERE username = ?;,SELECT * FROM table_name WHERE col_name = num;
drawSQL-mysql-export-2026-02-03_hackernews,8,Which users are currently active or turned on?,EASY,SELECT * FROM accounts_customuser LIMIT 10;,SELECT * FROM table_name LIMIT num;
drawSQL-mysql-export-2026-02-03_hackernews,9,Who are our most active users?,MEDIUM,SELECT * FROM accounts_customuser LIMIT 10;,SELECT * FROM table_name LIMIT num;
drawSQL-mysql-export-2026-02-03_hackernews,10,Show me each user along with its related details.,MEDIUM,"SELECT t.*, c.*
FROM accounts_customuser t
LEFT JOIN accounts_emailverification c ON c.user_id = t.id;","SELECT table_alias0.*, table_alias1.* FROM table_name table_alias0 LEFT JOIN table_name table_alias1 ON table_alias1.col_name = table_alias0.id;"
drawSQL-mysql-export-2026-02-03_hackernews,11,How many users did we have last month?,MEDIUM,"SELECT COUNT(*) FROM accounts_customuser
WHERE date_joined >= date('now', '-1 month');","SELECT COUNT(*) FROM table_name WHERE col_name >= date(string, string);"
drawSQL-mysql-export-2026-02-03_hackernews,12,Break it down by type or category—how many users in each?,MEDIUM,"SELECT password, COUNT(*) as count FROM accounts_customuser GROUP BY password;","SELECT col_name, COUNT(*) as count FROM table_name GROUP BY col_name;"
drawSQL-mysql-export-2026-02-03_hackernews,13,Are there any users that don't have a match somewhere else?,MEDIUM,"SELECT * FROM accounts_customuser
WHERE id NOT IN (SELECT DISTINCT user_id FROM accounts_emailverification WHERE user_id IS NOT NULL);",SELECT * FROM table_name WHERE id NOT IN (SELECT DISTINCT col_name FROM table_name WHERE col_name IS NOT NULL);
drawSQL-mysql-export-2026-02-03_hackernews,14,"For each group, what's in the top 3?",MEDIUM,"SELECT * FROM (
  SELECT *, ROW_NUMBER() OVER (PARTITION BY group_id ORDER BY id DESC) as rn
  FROM accounts_customuser_groups
) WHERE rn <= 3;","SELECT * FROM ( SELECT *, ROW_NUMBER() OVER (PARTITION BY col_name ORDER BY id DESC) as column_alias0 FROM table_name ) WHERE column_alias0 <= num;"
drawSQL-mysql-export-2026-02-03_hackernews,15,How many accounts emailverification did we have last month?,MEDIUM,"SELECT COUNT(*) FROM accounts_customuser
WHERE date_joined >= date('now', '-1 month');","SELECT COUNT(*) FROM table_name WHERE col_name >= date(string, string);"
drawSQL-mysql-export-2026-02-03_hackernews,16,Break it down by type or category—how many accounts emailverification in each?,MEDIUM,"SELECT password, COUNT(*) as count FROM accounts_customuser GROUP BY password;","SELECT col_name, COUNT(*) as count FROM table_name GROUP BY col_name;"
drawSQL-mysql-export-2026-02-03_hackernews,17,I need a report that pulls together info from several different places.,HARD,"SELECT * FROM accounts_customuser
LEFT JOIN emaildigest_anonymoussubscription ON accounts_customuser.id = emaildigest_anonymoussubscription.subscription_ptr_id
LEFT JOIN accounts_invitation ON accounts_customuser.used_invitation_id = accounts_invitation.id;",SELECT * FROM table_name LEFT JOIN table_name ON table_name.id = table_name.col_name LEFT JOIN table_name ON table_name.col_name = table_name.id;
drawSQL-mysql-export-2026-02-03_hackernews,18,"Can you do a multi-step analysis: group things, filter, then rank the results?",HARD,"WITH grouped AS (
  SELECT last_login, COUNT(*) as cnt FROM accounts_customuser GROUP BY last_login
)
SELECT * FROM grouped WHERE cnt > 1 ORDER BY cnt DESC;","WITH grouped AS ( SELECT col_name, COUNT(*) as cnt FROM table_name GROUP BY col_name ) SELECT * FROM grouped WHERE cnt > num ORDER BY cnt DESC;"
drawSQL-mysql-export-2026-02-03_hackernews,19,Who or what is the best in each group?,HARD,"SELECT * FROM (
  SELECT *, ROW_NUMBER() OVER (PARTITION BY last_login ORDER BY id DESC) as rn
  FROM accounts_customuser
) WHERE rn = 1;","SELECT * FROM ( SELECT *, ROW_NUMBER() OVER (PARTITION BY col_name ORDER BY id DESC) as column_alias0 FROM table_name ) WHERE column_alias0 = num;"
drawSQL-mysql-export-2026-02-03_hackernews,20,Which ones are above average compared to others in their group?,HARD,SELECT * FROM accounts_customuser LIMIT 10;,SELECT * FROM table_name LIMIT num;
drawSQL-mysql-export-2026-02-03_oauth,1,How many people signed up last month?,EASY,"SELECT COUNT(*) FROM auth_user
WHERE date_joined >= date('now', '-1 month');","SELECT COUNT(*) FROM table_name WHERE col_name >= date(string, string);"
drawSQL-mysql-export-2026-02-03_oauth,2,How many users do we have?,EASY,SELECT COUNT(*) FROM auth_user;,SELECT COUNT(*) FROM table_name;
drawSQL-mysql-export-2026-02-03_oauth,3,Show me all of our users.,EASY,SELECT * FROM auth_user;,SELECT * FROM table_name;
drawSQL-mysql-export-2026-02-03_oauth,4,Can you look up a specific user?,EASY,SELECT * FROM auth_user WHERE id = ?;,SELECT * FROM table_name WHERE id = num;
drawSQL-mysql-export-2026-02-03_oauth,5,Find the user with a certain name or email.,EASY,SELECT * FROM auth_user WHERE username = ?;,SELECT * FROM table_name WHERE col_name = num;
drawSQL-mysql-export-2026-02-03_oauth,6,Which users are currently active or turned on?,EASY,SELECT * FROM auth_user LIMIT 10;,SELECT * FROM table_name LIMIT num;
drawSQL-mysql-export-2026-02-03_oauth,7,What users were added or changed recently?,EASY,SELECT * FROM auth_user ORDER BY date_joined DESC LIMIT 50;,SELECT * FROM table_name ORDER BY col_name DESC LIMIT num;
drawSQL-mysql-export-2026-02-03_oauth,8,What are the different password values we have?,EASY,SELECT * FROM auth_user LIMIT 10;,SELECT * FROM table_name LIMIT num;
drawSQL-mysql-export-2026-02-03_oauth,9,Who are our most active users?,MEDIUM,SELECT * FROM auth_user LIMIT 10;,SELECT * FROM table_name LIMIT num;
drawSQL-mysql-export-2026-02-03_oauth,10,Show me each user along with its related details.,MEDIUM,"SELECT t.*, c.*
FROM auth_user t
LEFT JOIN oauth2_provider_accesstoken c ON c.user_id = t.id;","SELECT table_alias0.*, table_alias1.* FROM table_name table_alias0 LEFT JOIN table_name table_alias1 ON table_alias1.col_name = table_alias0.id;"
drawSQL-mysql-export-2026-02-03_oauth,11,How many users did we have last month?,MEDIUM,"SELECT COUNT(*) FROM auth_user
WHERE date_joined >= date('now', '-1 month');","SELECT COUNT(*) FROM table_name WHERE col_name >= date(string, string);"
drawSQL-mysql-export-2026-02-03_oauth,12,Break it down by type or category—how many users in each?,MEDIUM,"SELECT password, COUNT(*) as count FROM auth_user GROUP BY password;","SELECT col_name, COUNT(*) as count FROM table_name GROUP BY col_name;"
drawSQL-mysql-export-2026-02-03_oauth,13,Are there any users that don't have a match somewhere else?,MEDIUM,"SELECT * FROM auth_user
WHERE id NOT IN (SELECT DISTINCT user_id FROM oauth2_provider_accesstoken WHERE user_id IS NOT NULL);",SELECT * FROM table_name WHERE id NOT IN (SELECT DISTINCT col_name FROM table_name WHERE col_name IS NOT NULL);
drawSQL-mysql-export-2026-02-03_oauth,14,"For each group, what's in the top 3?",MEDIUM,"SELECT * FROM (
  SELECT *, ROW_NUMBER() OVER (PARTITION BY client_type ORDER BY id DESC) as rn
  FROM oauth2_provider_application
) WHERE rn <= 3;","SELECT * FROM ( SELECT *, ROW_NUMBER() OVER (PARTITION BY col_name ORDER BY id DESC) as column_alias0 FROM table_name ) WHERE column_alias0 <= num;"
drawSQL-mysql-export-2026-02-03_oauth,15,Show me each oauth2 provider accesstoken along with its related details.,MEDIUM,"SELECT t.*, c.*
FROM auth_user t
LEFT JOIN oauth2_provider_accesstoken c ON c.user_id = t.id;","SELECT table_alias0.*, table_alias1.* FROM table_name table_alias0 LEFT JOIN table_name table_alias1 ON table_alias1.col_name = table_alias0.id;"
drawSQL-mysql-export-2026-02-03_oauth,16,How many oauth2 provider accesstoken did we have last month?,MEDIUM,"SELECT COUNT(*) FROM auth_user
WHERE date_joined >= date('now', '-1 month');","SELECT COUNT(*) FROM table_name WHERE col_name >= date(string, string);"
drawSQL-mysql-export-2026-02-03_oauth,17,I need a report that pulls together info from several different places.,HARD,"SELECT * FROM oauth2_provider_accesstoken
LEFT JOIN oauth2_provider_application ON oauth2_provider_accesstoken.application_id = oauth2_provider_application.id
LEFT JOIN auth_user ON oauth2_provider_accesstoken.user_id = auth_user.id;",SELECT * FROM table_name LEFT JOIN table_name ON table_name.col_name = table_name.id LEFT JOIN table_name ON table_name.col_name = table_name.id;
drawSQL-mysql-export-2026-02-03_oauth,18,"Can you do a multi-step analysis: group things, filter, then rank the results?",HARD,"WITH grouped AS (
  SELECT password, COUNT(*) as cnt FROM auth_user GROUP BY password
)
SELECT * FROM grouped WHERE cnt > 1 ORDER BY cnt DESC;","WITH grouped AS ( SELECT col_name, COUNT(*) as cnt FROM table_name GROUP BY col_name ) SELECT * FROM grouped WHERE cnt > num ORDER BY cnt DESC;"
drawSQL-mysql-export-2026-02-03_oauth,19,Who or what is the best in each group?,HARD,"SELECT * FROM (
  SELECT *, ROW_NUMBER() OVER (PARTITION BY password ORDER BY id DESC) as rn
  FROM auth_user
) WHERE rn = 1;","SELECT * FROM ( SELECT *, ROW_NUMBER() OVER (PARTITION BY col_name ORDER BY id DESC) as column_alias0 FROM table_name ) WHERE column_alias0 = num;"
drawSQL-mysql-export-2026-02-03_oauth,20,Which ones are above average compared to others in their group?,HARD,SELECT * FROM auth_user LIMIT 10;,SELECT * FROM table_name LIMIT num;
drawSQL-mysql-export-2026-02-03_phpweb,1,How many people signed up last month?,EASY,"SELECT COUNT(*) FROM users
WHERE created_at >= date('now', '-1 month');","SELECT COUNT(*) FROM table_name WHERE col_name >= date(string, string);"
drawSQL-mysql-export-2026-02-03_phpweb,2,How many users do we have?,EASY,SELECT COUNT(*) FROM users;,SELECT COUNT(*) FROM table_name;
drawSQL-mysql-export-2026-02-03_phpweb,3,Show me all of our users.,EASY,SELECT * FROM users;,SELECT * FROM table_name;
drawSQL-mysql-export-2026-02-03_phpweb,4,Can you look up a specific user?,EASY,SELECT * FROM users WHERE id = ?;,SELECT * FROM table_name WHERE id = num;
drawSQL-mysql-export-2026-02-03_phpweb,5,Find the user with a certain name or email.,EASY,SELECT * FROM users WHERE name = ?;,SELECT * FROM table_name WHERE col_name = num;
drawSQL-mysql-export-2026-02-03_phpweb,6,What users were added or changed recently?,EASY,SELECT * FROM users ORDER BY created_at DESC LIMIT 50;,SELECT * FROM table_name ORDER BY col_name DESC LIMIT num;
drawSQL-mysql-export-2026-02-03_phpweb,7,What are the different name values we have?,EASY,SELECT * FROM users LIMIT 10;,SELECT * FROM table_name LIMIT num;
drawSQL-mysql-export-2026-02-03_phpweb,8,Give me a list of all users.,EASY,SELECT * FROM users;,SELECT * FROM table_name;
drawSQL-mysql-export-2026-02-03_phpweb,9,Who are our most active users?,MEDIUM,SELECT * FROM users ORDER BY created_at DESC LIMIT 10;,SELECT * FROM table_name ORDER BY col_name DESC LIMIT num;
drawSQL-mysql-export-2026-02-03_phpweb,10,How many users did we have last month?,MEDIUM,"SELECT COUNT(*) FROM users
WHERE created_at >= date('now', '-1 month');","SELECT COUNT(*) FROM table_name WHERE col_name >= date(string, string);"
drawSQL-mysql-export-2026-02-03_phpweb,11,Break it down by type or category—how many users in each?,MEDIUM,"SELECT name, COUNT(*) as count FROM users GROUP BY name;","SELECT col_name, COUNT(*) as count FROM table_name GROUP BY col_name;"
drawSQL-mysql-export-2026-02-03_phpweb,12,Are there any users that don't have a match somewhere else?,MEDIUM,SELECT * FROM users LIMIT 10;,SELECT * FROM table_name LIMIT num;
drawSQL-mysql-export-2026-02-03_phpweb,13,"For each group, what's in the top 3?",MEDIUM,SELECT * FROM users LIMIT 10;,SELECT * FROM table_name LIMIT num;
drawSQL-mysql-export-2026-02-03_phpweb,14,Are there any that exist in one list but not the other?,MEDIUM,SELECT * FROM users LIMIT 10;,SELECT * FROM table_name LIMIT num;
drawSQL-mysql-export-2026-02-03_phpweb,15,How did the numbers change compared to last month?,MEDIUM,"SELECT
  strftime('%Y-%m', created_at) as period,
  COUNT(*) as count
FROM users
WHERE created_at >= date('now', '-2 months')
GROUP BY period
ORDER BY period;","SELECT strftime(string, col_name) as column_alias0, column_alias1(*) as column_alias1 FROM table_name WHERE col_name >= date(string, string) GROUP BY column_alias0 ORDER BY column_alias0;"
drawSQL-mysql-export-2026-02-03_phpweb,16,What are the top few in each category?,MEDIUM,SELECT * FROM users LIMIT 10;,SELECT * FROM table_name LIMIT num;
drawSQL-mysql-export-2026-02-03_phpweb,17,I need a report that pulls together info from several different places.,HARD,SELECT * FROM users;,SELECT * FROM table_name;
drawSQL-mysql-export-2026-02-03_phpweb,18,"Can you do a multi-step analysis: group things, filter, then rank the results?",HARD,"WITH grouped AS (
  SELECT name, COUNT(*) as cnt FROM users GROUP BY name
)
SELECT * FROM grouped WHERE cnt > 1 ORDER BY cnt DESC;","WITH grouped AS ( SELECT col_name, COUNT(*) as cnt FROM table_name GROUP BY col_name ) SELECT * FROM grouped WHERE cnt > num ORDER BY cnt DESC;"
drawSQL-mysql-export-2026-02-03_phpweb,19,Who or what is the best in each group?,HARD,"SELECT * FROM (
  SELECT *, ROW_NUMBER() OVER (PARTITION BY name ORDER BY id DESC) as rn
  FROM users
) WHERE rn = 1;","SELECT * FROM ( SELECT *, ROW_NUMBER() OVER (PARTITION BY col_name ORDER BY id DESC) as column_alias0 FROM table_name ) WHERE column_alias0 = num;"
drawSQL-mysql-export-2026-02-03_phpweb,20,Which ones are above average compared to others in their group?,HARD,SELECT * FROM users LIMIT 10;,SELECT * FROM table_name LIMIT num;
drawSQL-mysql-export-2026-02-03_pushnotif,1,How many people signed up last month?,EASY,"SELECT COUNT(*) FROM auth_user
WHERE date_joined >= date('now', '-1 month');","SELECT COUNT(*) FROM table_name WHERE col_name >= date(string, string);"
drawSQL-mysql-export-2026-02-03_pushnotif,2,How many users do we have?,EASY,SELECT COUNT(*) FROM auth_user;,SELECT COUNT(*) FROM table_name;
drawSQL-mysql-export-2026-02-03_pushnotif,3,Show me all of our users.,EASY,SELECT * FROM auth_user;,SELECT * FROM table_name;
drawSQL-mysql-export-2026-02-03_pushnotif,4,Can you look up a specific user?,EASY,SELECT * FROM auth_user WHERE id = ?;,SELECT * FROM table_name WHERE id = num;
drawSQL-mysql-export-2026-02-03_pushnotif,5,Find the user with a certain name or email.,EASY,SELECT * FROM auth_user WHERE username = ?;,SELECT * FROM table_name WHERE col_name = num;
drawSQL-mysql-export-2026-02-03_pushnotif,6,Which users are currently active or turned on?,EASY,SELECT * FROM push_notifications_apnsdevice WHERE active = 1;,SELECT * FROM table_name WHERE col_name = num;
drawSQL-mysql-export-2026-02-03_pushnotif,7,What users were added or changed recently?,EASY,SELECT * FROM auth_user ORDER BY date_joined DESC LIMIT 50;,SELECT * FROM table_name ORDER BY col_name DESC LIMIT num;
drawSQL-mysql-export-2026-02-03_pushnotif,8,What are the different password values we have?,EASY,SELECT * FROM auth_user LIMIT 10;,SELECT * FROM table_name LIMIT num;
drawSQL-mysql-export-2026-02-03_pushnotif,9,Who are our most active users?,MEDIUM,SELECT * FROM auth_user LIMIT 10;,SELECT * FROM table_name LIMIT num;
drawSQL-mysql-export-2026-02-03_pushnotif,10,Show me each user along with its related details.,MEDIUM,"SELECT t.*, c.*
FROM auth_user t
LEFT JOIN push_notifications_apnsdevice c ON c.user_id = t.id;","SELECT table_alias0.*, table_alias1.* FROM table_name table_alias0 LEFT JOIN table_name table_alias1 ON table_alias1.col_name = table_alias0.id;"
drawSQL-mysql-export-2026-02-03_pushnotif,11,How many users did we have last month?,MEDIUM,"SELECT COUNT(*) FROM auth_user
WHERE date_joined >= date('now', '-1 month');","SELECT COUNT(*) FROM table_name WHERE col_name >= date(string, string);"
drawSQL-mysql-export-2026-02-03_pushnotif,12,Break it down by type or category—how many users in each?,MEDIUM,"SELECT password, COUNT(*) as count FROM auth_user GROUP BY password;","SELECT col_name, COUNT(*) as count FROM table_name GROUP BY col_name;"
drawSQL-mysql-export-2026-02-03_pushnotif,13,Are there any users that don't have a match somewhere else?,MEDIUM,"SELECT * FROM auth_user
WHERE id NOT IN (SELECT DISTINCT user_id FROM push_notifications_apnsdevice WHERE user_id IS NOT NULL);",SELECT * FROM table_name WHERE id NOT IN (SELECT DISTINCT col_name FROM table_name WHERE col_name IS NOT NULL);
drawSQL-mysql-export-2026-02-03_pushnotif,14,"For each group, what's in the top 3?",MEDIUM,"SELECT * FROM (
  SELECT *, ROW_NUMBER() OVER (PARTITION BY cloud_message_type ORDER BY id DESC) as rn
  FROM push_notifications_gcmdevice
) WHERE rn <= 3;","SELECT * FROM ( SELECT *, ROW_NUMBER() OVER (PARTITION BY col_name ORDER BY id DESC) as column_alias0 FROM table_name ) WHERE column_alias0 <= num;"
drawSQL-mysql-export-2026-02-03_pushnotif,15,How many push notifications apnsdevice did we have last month?,MEDIUM,"SELECT COUNT(*) FROM auth_user
WHERE date_joined >= date('now', '-1 month');","SELECT COUNT(*) FROM table_name WHERE col_name >= date(string, string);"
drawSQL-mysql-export-2026-02-03_pushnotif,16,Break it down by type or category—how many push notifications apnsdevice in each?,MEDIUM,"SELECT password, COUNT(*) as count FROM auth_user GROUP BY password;","SELECT col_name, COUNT(*) as count FROM table_name GROUP BY col_name;"
drawSQL-mysql-export-2026-02-03_pushnotif,17,I need a report that pulls together info from several different places.,HARD,"SELECT * FROM push_notifications_apnsdevice
LEFT JOIN auth_user ON push_notifications_apnsdevice.user_id = auth_user.id;",SELECT * FROM table_name LEFT JOIN table_name ON table_name.col_name = table_name.id;
drawSQL-mysql-export-2026-02-03_pushnotif,18,"Can you do a multi-step analysis: group things, filter, then rank the results?",HARD,"WITH grouped AS (
  SELECT password, COUNT(*) as cnt FROM auth_user GROUP BY password
)
SELECT * FROM grouped WHERE cnt > 1 ORDER BY cnt DESC;","WITH grouped AS ( SELECT col_name, COUNT(*) as cnt FROM table_name GROUP BY col_name ) SELECT * FROM grouped WHERE cnt > num ORDER BY cnt DESC;"
drawSQL-mysql-export-2026-02-03_pushnotif,19,Who or what is the best in each group?,HARD,"SELECT * FROM (
  SELECT *, ROW_NUMBER() OVER (PARTITION BY password ORDER BY id DESC) as rn
  FROM auth_user
) WHERE rn = 1;","SELECT * FROM ( SELECT *, ROW_NUMBER() OVER (PARTITION BY col_name ORDER BY id DESC) as column_alias0 FROM table_name ) WHERE column_alias0 = num;"
drawSQL-mysql-export-2026-02-03_pushnotif,20,Which ones are above average compared to others in their group?,HARD,SELECT * FROM auth_user LIMIT 10;,SELECT * FROM table_name LIMIT num;
drawSQL-mysql-export-2026-02-03_school,1,What rooms are available in a certain price range?,EASY,SELECT * FROM account_sectors LIMIT 10;,SELECT * FROM table_name LIMIT num;
drawSQL-mysql-export-2026-02-03_school,2,Which rooms have the most bedrooms or bathrooms?,EASY,SELECT * FROM account_sectors LIMIT 10;,SELECT * FROM table_name LIMIT num;
drawSQL-mysql-export-2026-02-03_school,3,How many people signed up last month?,EASY,"SELECT COUNT(*) FROM users
WHERE created_at >= date('now', '-1 month');","SELECT COUNT(*) FROM table_name WHERE col_name >= date(string, string);"
drawSQL-mysql-export-2026-02-03_school,4,How many account sectors do we have?,EASY,SELECT COUNT(*) FROM account_sectors;,SELECT COUNT(*) FROM table_name;
drawSQL-mysql-export-2026-02-03_school,5,Show me all of our account sectors.,EASY,SELECT * FROM account_sectors;,SELECT * FROM table_name;
drawSQL-mysql-export-2026-02-03_school,6,Can you look up a specific account sector?,EASY,SELECT * FROM account_sectors WHERE id = ?;,SELECT * FROM table_name WHERE id = num;
drawSQL-mysql-export-2026-02-03_school,7,Find the account sector with a certain name or email.,EASY,SELECT * FROM account_sectors WHERE name = ?;,SELECT * FROM table_name WHERE col_name = num;
drawSQL-mysql-export-2026-02-03_school,8,What account sectors were added or changed recently?,EASY,SELECT * FROM account_sectors ORDER BY created_at DESC LIMIT 50;,SELECT * FROM table_name ORDER BY col_name DESC LIMIT num;
drawSQL-mysql-export-2026-02-03_school,9,Who are our most active users?,MEDIUM,SELECT * FROM users ORDER BY created_at DESC LIMIT 10;,SELECT * FROM table_name ORDER BY col_name DESC LIMIT num;
drawSQL-mysql-export-2026-02-03_school,10,How many account sectors did we have last month?,MEDIUM,"SELECT COUNT(*) FROM account_sectors
WHERE created_at >= date('now', '-1 month');","SELECT COUNT(*) FROM table_name WHERE col_name >= date(string, string);"
drawSQL-mysql-export-2026-02-03_school,11,Break it down by type or category—how many account sectors in each?,MEDIUM,"SELECT type, COUNT(*) as count FROM account_sectors GROUP BY type;","SELECT col_name, COUNT(*) as count FROM table_name GROUP BY col_name;"
drawSQL-mysql-export-2026-02-03_school,12,Are there any account sectors that don't have a match somewhere else?,MEDIUM,SELECT * FROM account_sectors LIMIT 10;,SELECT * FROM table_name LIMIT num;
drawSQL-mysql-export-2026-02-03_school,13,"For each group, what's in the top 3?",MEDIUM,"SELECT * FROM (
  SELECT *, ROW_NUMBER() OVER (PARTITION BY type ORDER BY id DESC) as rn
  FROM account_sectors
) WHERE rn <= 3;","SELECT * FROM ( SELECT *, ROW_NUMBER() OVER (PARTITION BY col_name ORDER BY id DESC) as column_alias0 FROM table_name ) WHERE column_alias0 <= num;"
drawSQL-mysql-export-2026-02-03_school,14,What's our total or average amount across all accounts?,MEDIUM,"SELECT SUM(amount) as total, AVG(amount) as average FROM accounts;","SELECT SUM(col_name) as column_alias0, AVG(col_name) as average FROM table_name;"
drawSQL-mysql-export-2026-02-03_school,15,How many accounts did we have last month?,MEDIUM,"SELECT COUNT(*) FROM account_sectors
WHERE created_at >= date('now', '-1 month');","SELECT COUNT(*) FROM table_name WHERE col_name >= date(string, string);"
drawSQL-mysql-export-2026-02-03_school,16,Break it down by type or category—how many accounts in each?,MEDIUM,"SELECT type, COUNT(*) as count FROM account_sectors GROUP BY type;","SELECT col_name, COUNT(*) as count FROM table_name GROUP BY col_name;"
drawSQL-mysql-export-2026-02-03_school,17,I need a report that pulls together info from several different places.,HARD,"SELECT * FROM account_sectors
LEFT JOIN users ON account_sectors.user_id = users.id
LEFT JOIN schools ON account_sectors.school_id = schools.id;",SELECT * FROM table_name LEFT JOIN table_name ON table_name.col_name = table_name.id LEFT JOIN table_name ON table_name.col_name = table_name.id;
drawSQL-mysql-export-2026-02-03_school,18,"Can you do a multi-step analysis: group things, filter, then rank the results?",HARD,"WITH grouped AS (
  SELECT type, COUNT(*) as cnt FROM account_sectors GROUP BY type
)
SELECT * FROM grouped WHERE cnt > 1 ORDER BY cnt DESC;","WITH grouped AS ( SELECT col_name, COUNT(*) as cnt FROM table_name GROUP BY col_name ) SELECT * FROM grouped WHERE cnt > num ORDER BY cnt DESC;"
drawSQL-mysql-export-2026-02-03_school,19,Who or what is the best in each group?,HARD,"SELECT * FROM (
  SELECT *, ROW_NUMBER() OVER (PARTITION BY type ORDER BY amount DESC) as rn
  FROM accounts
) WHERE rn = 1;","SELECT * FROM ( SELECT *, ROW_NUMBER() OVER (PARTITION BY col_name ORDER BY col_name DESC) as column_alias0 FROM table_name ) WHERE column_alias0 = num;"
drawSQL-mysql-export-2026-02-03_school,20,Which ones are above average compared to others in their group?,HARD,"SELECT * FROM accounts t1
WHERE amount > (
  SELECT AVG(amount) FROM accounts t2 WHERE t2.type = t1.type
);",SELECT * FROM table_name table_alias0 WHERE col_name > ( SELECT AVG(col_name) FROM table_name table_alias1 WHERE table_alias1.col_name = table_alias0.col_name );
drawSQL-mysql-export-2026-02-03_tags,1,How many tags do we have?,EASY,SELECT COUNT(*) FROM tags;,SELECT COUNT(*) FROM table_name;
drawSQL-mysql-export-2026-02-03_tags,2,Show me all of our tags.,EASY,SELECT * FROM tags;,SELECT * FROM table_name;
drawSQL-mysql-export-2026-02-03_tags,3,Can you look up a specific tag?,EASY,SELECT * FROM tags WHERE id = ?;,SELECT * FROM table_name WHERE id = num;
drawSQL-mysql-export-2026-02-03_tags,4,Find the tag with a certain name or email.,EASY,SELECT * FROM tags WHERE name = ?;,SELECT * FROM table_name WHERE col_name = num;
drawSQL-mysql-export-2026-02-03_tags,5,What tags were added or changed recently?,EASY,SELECT * FROM tags ORDER BY created_at DESC LIMIT 50;,SELECT * FROM table_name ORDER BY col_name DESC LIMIT num;
drawSQL-mysql-export-2026-02-03_tags,6,What are the different name values we have?,EASY,SELECT * FROM tags LIMIT 10;,SELECT * FROM table_name LIMIT num;
drawSQL-mysql-export-2026-02-03_tags,7,How many taggables do we have?,EASY,SELECT COUNT(*) FROM tags;,SELECT COUNT(*) FROM table_name;
drawSQL-mysql-export-2026-02-03_tags,8,Show me all of our taggables.,EASY,SELECT * FROM tags;,SELECT * FROM table_name;
drawSQL-mysql-export-2026-02-03_tags,9,Show me each tag along with its related details.,MEDIUM,"SELECT t.*, c.*
FROM tags t
LEFT JOIN taggables c ON c.tag_id = t.id;","SELECT table_alias0.*, table_alias1.* FROM table_name table_alias0 LEFT JOIN table_name table_alias1 ON table_alias1.col_name = table_alias0.id;"
drawSQL-mysql-export-2026-02-03_tags,10,How many tags did we have last month?,MEDIUM,"SELECT COUNT(*) FROM tags
WHERE created_at >= date('now', '-1 month');","SELECT COUNT(*) FROM table_name WHERE col_name >= date(string, string);"
drawSQL-mysql-export-2026-02-03_tags,11,Break it down by type or category—how many tags in each?,MEDIUM,"SELECT type, COUNT(*) as count FROM tags GROUP BY type;","SELECT col_name, COUNT(*) as count FROM table_name GROUP BY col_name;"
drawSQL-mysql-export-2026-02-03_tags,12,Are there any tags that don't have a match somewhere else?,MEDIUM,"SELECT * FROM tags
WHERE id NOT IN (SELECT DISTINCT tag_id FROM taggables WHERE tag_id IS NOT NULL);",SELECT * FROM table_name WHERE id NOT IN (SELECT DISTINCT col_name FROM table_name WHERE col_name IS NOT NULL);
drawSQL-mysql-export-2026-02-03_tags,13,"For each group, what's in the top 3?",MEDIUM,"SELECT * FROM (
  SELECT *, ROW_NUMBER() OVER (PARTITION BY type ORDER BY id DESC) as rn
  FROM tags
) WHERE rn <= 3;","SELECT * FROM ( SELECT *, ROW_NUMBER() OVER (PARTITION BY col_name ORDER BY id DESC) as column_alias0 FROM table_name ) WHERE column_alias0 <= num;"
drawSQL-mysql-export-2026-02-03_tags,14,Break it down by type or category—how many taggables in each?,MEDIUM,"SELECT type, COUNT(*) as count FROM tags GROUP BY type;","SELECT col_name, COUNT(*) as count FROM table_name GROUP BY col_name;"
drawSQL-mysql-export-2026-02-03_tags,15,Are there any taggables that don't have a match somewhere else?,MEDIUM,"SELECT * FROM tags
WHERE id NOT IN (SELECT DISTINCT tag_id FROM taggables WHERE tag_id IS NOT NULL);",SELECT * FROM table_name WHERE id NOT IN (SELECT DISTINCT col_name FROM table_name WHERE col_name IS NOT NULL);
drawSQL-mysql-export-2026-02-03_tags,16,Are there any that exist in one list but not the other?,MEDIUM,SELECT * FROM tags LIMIT 10;,SELECT * FROM table_name LIMIT num;
drawSQL-mysql-export-2026-02-03_tags,17,I need a report that pulls together info from several different places.,HARD,"SELECT * FROM taggables
LEFT JOIN tags ON taggables.tag_id = tags.id;",SELECT * FROM table_name LEFT JOIN table_name ON table_name.col_name = table_name.id;
drawSQL-mysql-export-2026-02-03_tags,18,"Can you do a multi-step analysis: group things, filter, then rank the results?",HARD,"WITH grouped AS (
  SELECT type, COUNT(*) as cnt FROM tags GROUP BY type
)
SELECT * FROM grouped WHERE cnt > 1 ORDER BY cnt DESC;","WITH grouped AS ( SELECT col_name, COUNT(*) as cnt FROM table_name GROUP BY col_name ) SELECT * FROM grouped WHERE cnt > num ORDER BY cnt DESC;"
drawSQL-mysql-export-2026-02-03_tags,19,Who or what is the best in each group?,HARD,"SELECT * FROM (
  SELECT *, ROW_NUMBER() OVER (PARTITION BY type ORDER BY id DESC) as rn
  FROM tags
) WHERE rn = 1;","SELECT * FROM ( SELECT *, ROW_NUMBER() OVER (PARTITION BY col_name ORDER BY id DESC) as column_alias0 FROM table_name ) WHERE column_alias0 = num;"
drawSQL-mysql-export-2026-02-03_tags,20,Which ones are above average compared to others in their group?,HARD,SELECT * FROM tags LIMIT 10;,SELECT * FROM table_name LIMIT num;
drawSQL-mysql-export-2026-02-03_thumbnails,1,How many easy thumbnails source do we have?,EASY,SELECT COUNT(*) FROM easy_thumbnails_source;,SELECT COUNT(*) FROM table_name;
drawSQL-mysql-export-2026-02-03_thumbnails,2,Show me all of our easy thumbnails source.,EASY,SELECT * FROM easy_thumbnails_source;,SELECT * FROM table_name;
drawSQL-mysql-export-2026-02-03_thumbnails,3,Can you look up a specific easy thumbnails source?,EASY,SELECT * FROM easy_thumbnails_source WHERE id = ?;,SELECT * FROM table_name WHERE id = num;
drawSQL-mysql-export-2026-02-03_thumbnails,4,Find the easy thumbnails source with a certain name or email.,EASY,SELECT * FROM easy_thumbnails_source WHERE name = ?;,SELECT * FROM table_name WHERE col_name = num;
drawSQL-mysql-export-2026-02-03_thumbnails,5,What are the different storage hash values we have?,EASY,SELECT * FROM easy_thumbnails_source LIMIT 10;,SELECT * FROM table_name LIMIT num;
drawSQL-mysql-export-2026-02-03_thumbnails,6,How many easy thumbnails thumbnail do we have?,EASY,SELECT COUNT(*) FROM easy_thumbnails_source;,SELECT COUNT(*) FROM table_name;
drawSQL-mysql-export-2026-02-03_thumbnails,7,Show me all of our easy thumbnails thumbnail.,EASY,SELECT * FROM easy_thumbnails_source;,SELECT * FROM table_name;
drawSQL-mysql-export-2026-02-03_thumbnails,8,Can you look up a specific easy thumbnails thumbnail?,EASY,SELECT * FROM easy_thumbnails_source WHERE id = ?;,SELECT * FROM table_name WHERE id = num;
drawSQL-mysql-export-2026-02-03_thumbnails,9,Show me each easy thumbnails source along with its related details.,MEDIUM,"SELECT t.*, c.*
FROM easy_thumbnails_source t
LEFT JOIN easy_thumbnails_thumbnail c ON c.source_id = t.id;","SELECT table_alias0.*, table_alias1.* FROM table_name table_alias0 LEFT JOIN table_name table_alias1 ON table_alias1.col_name = table_alias0.id;"
drawSQL-mysql-export-2026-02-03_thumbnails,10,Break it down by type or category—how many easy thumbnails source in each?,MEDIUM,"SELECT storage_hash, COUNT(*) as count FROM easy_thumbnails_source GROUP BY storage_hash;","SELECT col_name, COUNT(*) as count FROM table_name GROUP BY col_name;"
drawSQL-mysql-export-2026-02-03_thumbnails,11,Are there any easy thumbnails source that don't have a match somewhere else?,MEDIUM,"SELECT * FROM easy_thumbnails_source
WHERE id NOT IN (SELECT DISTINCT source_id FROM easy_thumbnails_thumbnail WHERE source_id IS NOT NULL);",SELECT * FROM table_name WHERE id NOT IN (SELECT DISTINCT col_name FROM table_name WHERE col_name IS NOT NULL);
drawSQL-mysql-export-2026-02-03_thumbnails,12,"For each group, what's in the top 3?",MEDIUM,SELECT * FROM easy_thumbnails_source LIMIT 10;,SELECT * FROM table_name LIMIT num;
drawSQL-mysql-export-2026-02-03_thumbnails,13,Show me each easy thumbnails thumbnail along with its related details.,MEDIUM,"SELECT t.*, c.*
FROM easy_thumbnails_source t
LEFT JOIN easy_thumbnails_thumbnail c ON c.source_id = t.id;","SELECT table_alias0.*, table_alias1.* FROM table_name table_alias0 LEFT JOIN table_name table_alias1 ON table_alias1.col_name = table_alias0.id;"
drawSQL-mysql-export-2026-02-03_thumbnails,14,Break it down by type or category—how many easy thumbnails thumbnail in each?,MEDIUM,"SELECT storage_hash, COUNT(*) as count FROM easy_thumbnails_source GROUP BY storage_hash;","SELECT col_name, COUNT(*) as count FROM table_name GROUP BY col_name;"
drawSQL-mysql-export-2026-02-03_thumbnails,15,Are there any easy thumbnails thumbnail that don't have a match somewhere else?,MEDIUM,"SELECT * FROM easy_thumbnails_source
WHERE id NOT IN (SELECT DISTINCT source_id FROM easy_thumbnails_thumbnail WHERE source_id IS NOT NULL);",SELECT * FROM table_name WHERE id NOT IN (SELECT DISTINCT col_name FROM table_name WHERE col_name IS NOT NULL);
drawSQL-mysql-export-2026-02-03_thumbnails,16,Break it down by type or category—how many easy thumbnails thumbnaildimensions in each?,MEDIUM,"SELECT storage_hash, COUNT(*) as count FROM easy_thumbnails_source GROUP BY storage_hash;","SELECT col_name, COUNT(*) as count FROM table_name GROUP BY col_name;"
drawSQL-mysql-export-2026-02-03_thumbnails,17,I need a report that pulls together info from several different places.,HARD,"SELECT * FROM easy_thumbnails_thumbnail
LEFT JOIN easy_thumbnails_source ON easy_thumbnails_thumbnail.source_id = easy_thumbnails_source.id;",SELECT * FROM table_name LEFT JOIN table_name ON table_name.col_name = table_name.id;
drawSQL-mysql-export-2026-02-03_thumbnails,18,"Can you do a multi-step analysis: group things, filter, then rank the results?",HARD,"WITH grouped AS (
  SELECT storage_hash, COUNT(*) as cnt FROM easy_thumbnails_source GROUP BY storage_hash
)
SELECT * FROM grouped WHERE cnt > 1 ORDER BY cnt DESC;","WITH grouped AS ( SELECT col_name, COUNT(*) as cnt FROM table_name GROUP BY col_name ) SELECT * FROM grouped WHERE cnt > num ORDER BY cnt DESC;"
drawSQL-mysql-export-2026-02-03_thumbnails,19,Who or what is the best in each group?,HARD,"SELECT * FROM (
  SELECT *, ROW_NUMBER() OVER (PARTITION BY storage_hash ORDER BY id DESC) as rn
  FROM easy_thumbnails_source
) WHERE rn = 1;","SELECT * FROM ( SELECT *, ROW_NUMBER() OVER (PARTITION BY col_name ORDER BY id DESC) as column_alias0 FROM table_name ) WHERE column_alias0 = num;"
drawSQL-mysql-export-2026-02-03_thumbnails,20,Which ones are above average compared to others in their group?,HARD,SELECT * FROM easy_thumbnails_source LIMIT 10;,SELECT * FROM table_name LIMIT num;
drawSQL-mysql-export-2026-02-03_twitter,1,How many people signed up last month?,EASY,"SELECT COUNT(*) FROM users
WHERE created_at >= date('now', '-1 month');","SELECT COUNT(*) FROM table_name WHERE col_name >= date(string, string);"
drawSQL-mysql-export-2026-02-03_twitter,2,How many relationships do we have?,EASY,SELECT COUNT(*) FROM relationships;,SELECT COUNT(*) FROM table_name;
drawSQL-mysql-export-2026-02-03_twitter,3,Show me all of our relationships.,EASY,SELECT * FROM relationships;,SELECT * FROM table_name;
drawSQL-mysql-export-2026-02-03_twitter,4,Can you look up a specific relationship?,EASY,SELECT * FROM relationships WHERE id = ?;,SELECT * FROM table_name WHERE id = num;
drawSQL-mysql-export-2026-02-03_twitter,5,What relationships were added or changed recently?,EASY,SELECT * FROM relationships ORDER BY created_at DESC LIMIT 50;,SELECT * FROM table_name ORDER BY col_name DESC LIMIT num;
drawSQL-mysql-export-2026-02-03_twitter,6,What are the different follower id values we have?,EASY,SELECT * FROM relationships LIMIT 10;,SELECT * FROM table_name LIMIT num;
drawSQL-mysql-export-2026-02-03_twitter,7,How many tweets do we have?,EASY,SELECT COUNT(*) FROM relationships;,SELECT COUNT(*) FROM table_name;
drawSQL-mysql-export-2026-02-03_twitter,8,Show me all of our tweets.,EASY,SELECT * FROM relationships;,SELECT * FROM table_name;
drawSQL-mysql-export-2026-02-03_twitter,9,Who are our most active users?,MEDIUM,SELECT * FROM users ORDER BY created_at DESC LIMIT 10;,SELECT * FROM table_name ORDER BY col_name DESC LIMIT num;
drawSQL-mysql-export-2026-02-03_twitter,10,How many relationships did we have last month?,MEDIUM,"SELECT COUNT(*) FROM relationships
WHERE created_at >= date('now', '-1 month');","SELECT COUNT(*) FROM table_name WHERE col_name >= date(string, string);"
drawSQL-mysql-export-2026-02-03_twitter,11,Break it down by type or category—how many relationships in each?,MEDIUM,"SELECT follower_id, COUNT(*) as count FROM relationships GROUP BY follower_id;","SELECT col_name, COUNT(*) as count FROM table_name GROUP BY col_name;"
drawSQL-mysql-export-2026-02-03_twitter,12,Are there any relationships that don't have a match somewhere else?,MEDIUM,SELECT * FROM relationships LIMIT 10;,SELECT * FROM table_name LIMIT num;
drawSQL-mysql-export-2026-02-03_twitter,13,"For each group, what's in the top 3?",MEDIUM,SELECT * FROM relationships LIMIT 10;,SELECT * FROM table_name LIMIT num;
drawSQL-mysql-export-2026-02-03_twitter,14,How many tweets did we have last month?,MEDIUM,"SELECT COUNT(*) FROM relationships
WHERE created_at >= date('now', '-1 month');","SELECT COUNT(*) FROM table_name WHERE col_name >= date(string, string);"
drawSQL-mysql-export-2026-02-03_twitter,15,Break it down by type or category—how many tweets in each?,MEDIUM,"SELECT follower_id, COUNT(*) as count FROM relationships GROUP BY follower_id;","SELECT col_name, COUNT(*) as count FROM table_name GROUP BY col_name;"
drawSQL-mysql-export-2026-02-03_twitter,16,Are there any tweets that don't have a match somewhere else?,MEDIUM,SELECT * FROM relationships LIMIT 10;,SELECT * FROM table_name LIMIT num;
drawSQL-mysql-export-2026-02-03_twitter,17,I need a report that pulls together info from several different places.,HARD,"SELECT * FROM relationships
LEFT JOIN users ON relationships.follower_id = users.id;",SELECT * FROM table_name LEFT JOIN table_name ON table_name.col_name = table_name.id;
drawSQL-mysql-export-2026-02-03_twitter,18,"Can you do a multi-step analysis: group things, filter, then rank the results?",HARD,"WITH grouped AS (
  SELECT follower_id, COUNT(*) as cnt FROM relationships GROUP BY follower_id
)
SELECT * FROM grouped WHERE cnt > 1 ORDER BY cnt DESC;","WITH grouped AS ( SELECT col_name, COUNT(*) as cnt FROM table_name GROUP BY col_name ) SELECT * FROM grouped WHERE cnt > num ORDER BY cnt DESC;"
drawSQL-mysql-export-2026-02-03_twitter,19,Who or what is the best in each group?,HARD,"SELECT * FROM (
  SELECT *, ROW_NUMBER() OVER (PARTITION BY follower_id ORDER BY id DESC) as rn
  FROM relationships
) WHERE rn = 1;","SELECT * FROM ( SELECT *, ROW_NUMBER() OVER (PARTITION BY col_name ORDER BY id DESC) as column_alias0 FROM table_name ) WHERE column_alias0 = num;"
drawSQL-mysql-export-2026-02-03_twitter,20,Which ones are above average compared to others in their group?,HARD,SELECT * FROM relationships LIMIT 10;,SELECT * FROM table_name LIMIT num;
drawSQL-mysql-export-2026-02-09 _deployer,1,How many people signed up last month?,EASY,"SELECT COUNT(*) FROM users
WHERE created_at >= date('now', '-1 month');","SELECT COUNT(*) FROM table_name WHERE col_name >= date(string, string);"
drawSQL-mysql-export-2026-02-09 _deployer,2,How many channels do we have?,EASY,SELECT COUNT(*) FROM cache;,SELECT COUNT(*) FROM table_name;
drawSQL-mysql-export-2026-02-09 _deployer,3,Show me all of our channels.,EASY,SELECT * FROM cache;,SELECT * FROM table_name;
drawSQL-mysql-export-2026-02-09 _deployer,4,Can you look up a specific channel?,EASY,SELECT * FROM channels WHERE id = ?;,SELECT * FROM table_name WHERE id = num;
drawSQL-mysql-export-2026-02-09 _deployer,5,Find the channel with a certain name or email.,EASY,SELECT * FROM channels WHERE name = ?;,SELECT * FROM table_name WHERE col_name = num;
drawSQL-mysql-export-2026-02-09 _deployer,6,What channels were added or changed recently?,EASY,SELECT * FROM cache ORDER BY expiration DESC LIMIT 50;,SELECT * FROM table_name ORDER BY col_name DESC LIMIT num;
drawSQL-mysql-export-2026-02-09 _deployer,7,What are the different name values we have?,EASY,SELECT * FROM cache LIMIT 10;,SELECT * FROM table_name LIMIT num;
drawSQL-mysql-export-2026-02-09 _deployer,8,How many check urls do we have?,EASY,SELECT COUNT(*) FROM cache;,SELECT COUNT(*) FROM table_name;
drawSQL-mysql-export-2026-02-09 _deployer,9,Who are our most active users?,MEDIUM,SELECT * FROM users ORDER BY created_at DESC LIMIT 10;,SELECT * FROM table_name ORDER BY col_name DESC LIMIT num;
drawSQL-mysql-export-2026-02-09 _deployer,10,How many channels did we have last month?,MEDIUM,"SELECT COUNT(*) FROM cache
WHERE expiration >= date('now', '-1 month');","SELECT COUNT(*) FROM table_name WHERE col_name >= date(string, string);"
drawSQL-mysql-export-2026-02-09 _deployer,11,Break it down by type or category—how many channels in each?,MEDIUM,"SELECT value, COUNT(*) as count FROM cache GROUP BY value;","SELECT value, COUNT(*) as count FROM table_name GROUP BY value;"
drawSQL-mysql-export-2026-02-09 _deployer,12,Are there any channels that don't have a match somewhere else?,MEDIUM,SELECT * FROM cache LIMIT 10;,SELECT * FROM table_name LIMIT num;
drawSQL-mysql-export-2026-02-09 _deployer,13,"For each group, what's in the top 3?",MEDIUM,"SELECT * FROM (
  SELECT *, ROW_NUMBER() OVER (PARTITION BY type ORDER BY id DESC) as rn
  FROM channels
) WHERE rn <= 3;","SELECT * FROM ( SELECT *, ROW_NUMBER() OVER (PARTITION BY col_name ORDER BY id DESC) as column_alias0 FROM table_name ) WHERE column_alias0 <= num;"
drawSQL-mysql-export-2026-02-09 _deployer,14,How many check urls did we have last month?,MEDIUM,"SELECT COUNT(*) FROM cache
WHERE expiration >= date('now', '-1 month');","SELECT COUNT(*) FROM table_name WHERE col_name >= date(string, string);"
drawSQL-mysql-export-2026-02-09 _deployer,15,Break it down by type or category—how many check urls in each?,MEDIUM,"SELECT value, COUNT(*) as count FROM cache GROUP BY value;","SELECT value, COUNT(*) as count FROM table_name GROUP BY value;"
drawSQL-mysql-export-2026-02-09 _deployer,16,Are there any check urls that don't have a match somewhere else?,MEDIUM,SELECT * FROM cache LIMIT 10;,SELECT * FROM table_name LIMIT num;
drawSQL-mysql-export-2026-02-09 _deployer,17,I need a report that pulls together info from several different places.,HARD,"SELECT * FROM channels
LEFT JOIN projects ON channels.project_id = projects.id;",SELECT * FROM table_name LEFT JOIN table_name ON table_name.col_name = table_name.id;
drawSQL-mysql-export-2026-02-09 _deployer,18,"Can you do a multi-step analysis: group things, filter, then rank the results?",HARD,"WITH grouped AS (
  SELECT expiration, COUNT(*) as cnt FROM cache GROUP BY expiration
)
SELECT * FROM grouped WHERE cnt > 1 ORDER BY cnt DESC;","WITH grouped AS ( SELECT col_name, COUNT(*) as cnt FROM table_name GROUP BY col_name ) SELECT * FROM grouped WHERE cnt > num ORDER BY cnt DESC;"
drawSQL-mysql-export-2026-02-09 _deployer,19,Who or what is the best in each group?,HARD,"SELECT * FROM (
  SELECT *, ROW_NUMBER() OVER (PARTITION BY expiration ORDER BY value DESC) as rn
  FROM cache
) WHERE rn = 1;","SELECT * FROM ( SELECT *, ROW_NUMBER() OVER (PARTITION BY col_name ORDER BY value DESC) as column_alias0 FROM table_name ) WHERE column_alias0 = num;"
drawSQL-mysql-export-2026-02-09 _deployer,20,Which ones are above average compared to others in their group?,HARD,"SELECT * FROM variables t1
WHERE value > (
  SELECT AVG(value) FROM variables t2 WHERE t2.target_type = t1.target_type
);",SELECT * FROM table_name table_alias0 WHERE value > ( SELECT AVG(value) FROM table_name table_alias1 WHERE table_alias1.col_name = table_alias0.col_name );
drawSQL-mysql-export-2026-02-09_adonis,1,How many people signed up last month?,EASY,SELECT COUNT(*) FROM users;,SELECT COUNT(*) FROM table_name;
drawSQL-mysql-export-2026-02-09_adonis,2,How many users do we have?,EASY,SELECT COUNT(*) FROM users;,SELECT COUNT(*) FROM table_name;
drawSQL-mysql-export-2026-02-09_adonis,3,Show me all of our users.,EASY,SELECT * FROM users;,SELECT * FROM table_name;
drawSQL-mysql-export-2026-02-09_adonis,4,Can you look up a specific user?,EASY,SELECT * FROM role_user WHERE id = ?;,SELECT * FROM table_name WHERE id = num;
drawSQL-mysql-export-2026-02-09_adonis,5,What users were added or changed recently?,EASY,SELECT * FROM users LIMIT 10;,SELECT * FROM table_name LIMIT num;
drawSQL-mysql-export-2026-02-09_adonis,6,What are the different role id values we have?,EASY,SELECT * FROM role_user LIMIT 10;,SELECT * FROM table_name LIMIT num;
drawSQL-mysql-export-2026-02-09_adonis,7,How many roles do we have?,EASY,SELECT COUNT(*) FROM role_user;,SELECT COUNT(*) FROM table_name;
drawSQL-mysql-export-2026-02-09_adonis,8,Show me all of our roles.,EASY,SELECT * FROM role_user;,SELECT * FROM table_name;
drawSQL-mysql-export-2026-02-09_adonis,9,Who are our most active users?,MEDIUM,SELECT * FROM users ORDER BY created_at DESC LIMIT 10;,SELECT * FROM table_name ORDER BY col_name DESC LIMIT num;
drawSQL-mysql-export-2026-02-09_adonis,10,How many users did we have last month?,MEDIUM,SELECT COUNT(*) FROM users;,SELECT COUNT(*) FROM table_name;
drawSQL-mysql-export-2026-02-09_adonis,11,Break it down by type or category—how many users in each?,MEDIUM,"SELECT id, COUNT(*) as count FROM users GROUP BY id;","SELECT id, COUNT(*) as count FROM table_name GROUP BY id;"
drawSQL-mysql-export-2026-02-09_adonis,12,Are there any users that don't have a match somewhere else?,MEDIUM,"SELECT * FROM users
WHERE id NOT IN (SELECT DISTINCT user_id FROM role_user WHERE user_id IS NOT NULL);",SELECT * FROM table_name WHERE id NOT IN (SELECT DISTINCT col_name FROM table_name WHERE col_name IS NOT NULL);
drawSQL-mysql-export-2026-02-09_adonis,13,"For each group, what's in the top 3?",MEDIUM,SELECT * FROM role_user LIMIT 10;,SELECT * FROM table_name LIMIT num;
drawSQL-mysql-export-2026-02-09_adonis,14,Show me each role along with its related details.,MEDIUM,SELECT * FROM role_user;,SELECT * FROM table_name;
drawSQL-mysql-export-2026-02-09_adonis,15,How many roles did we have last month?,MEDIUM,"SELECT COUNT(*) FROM role_user
WHERE created_at >= date('now', '-1 month');","SELECT COUNT(*) FROM table_name WHERE col_name >= date(string, string);"
drawSQL-mysql-export-2026-02-09_adonis,16,Break it down by type or category—how many roles in each?,MEDIUM,"SELECT role_id, COUNT(*) as count FROM role_user GROUP BY role_id;","SELECT col_name, COUNT(*) as count FROM table_name GROUP BY col_name;"
drawSQL-mysql-export-2026-02-09_adonis,17,I need a report that pulls together info from several different places.,HARD,"SELECT * FROM permission_role
LEFT JOIN permissions ON permission_role.permission_id = permissions.id
LEFT JOIN roles ON permission_role.permission_id = roles.id;",SELECT * FROM table_name LEFT JOIN table_name ON table_name.col_name = table_name.id LEFT JOIN table_name ON table_name.col_name = table_name.id;
drawSQL-mysql-export-2026-02-09_adonis,18,"Can you do a multi-step analysis: group things, filter, then rank the results?",HARD,"WITH grouped AS (
  SELECT role_id, COUNT(*) as cnt FROM role_user GROUP BY role_id
)
SELECT * FROM grouped WHERE cnt > 1 ORDER BY cnt DESC;","WITH grouped AS ( SELECT col_name, COUNT(*) as cnt FROM table_name GROUP BY col_name ) SELECT * FROM grouped WHERE cnt > num ORDER BY cnt DESC;"
drawSQL-mysql-export-2026-02-09_adonis,19,Who or what is the best in each group?,HARD,"SELECT * FROM (
  SELECT *, ROW_NUMBER() OVER (PARTITION BY role_id ORDER BY id DESC) as rn
  FROM role_user
) WHERE rn = 1;","SELECT * FROM ( SELECT *, ROW_NUMBER() OVER (PARTITION BY col_name ORDER BY id DESC) as column_alias0 FROM table_name ) WHERE column_alias0 = num;"
drawSQL-mysql-export-2026-02-09_adonis,20,Which ones are above average compared to others in their group?,HARD,SELECT * FROM role_user LIMIT 10;,SELECT * FROM table_name LIMIT num;
drawSQL-mysql-export-2026-02-09_bouncer,1,How many abilities do we have?,EASY,SELECT COUNT(*) FROM abilities;,SELECT COUNT(*) FROM table_name;
drawSQL-mysql-export-2026-02-09_bouncer,2,Show me all of our abilities.,EASY,SELECT * FROM abilities;,SELECT * FROM table_name;
drawSQL-mysql-export-2026-02-09_bouncer,3,Can you look up a specific ability?,EASY,SELECT * FROM abilities WHERE id = ?;,SELECT * FROM table_name WHERE id = num;
drawSQL-mysql-export-2026-02-09_bouncer,4,Find the ability with a certain name or email.,EASY,SELECT * FROM abilities WHERE name = ?;,SELECT * FROM table_name WHERE col_name = num;
drawSQL-mysql-export-2026-02-09_bouncer,5,What abilities were added or changed recently?,EASY,SELECT * FROM abilities ORDER BY created_at DESC LIMIT 50;,SELECT * FROM table_name ORDER BY col_name DESC LIMIT num;
drawSQL-mysql-export-2026-02-09_bouncer,6,What are the different name values we have?,EASY,SELECT * FROM abilities LIMIT 10;,SELECT * FROM table_name LIMIT num;
drawSQL-mysql-export-2026-02-09_bouncer,7,How many assigned roles do we have?,EASY,SELECT COUNT(*) FROM abilities;,SELECT COUNT(*) FROM table_name;
drawSQL-mysql-export-2026-02-09_bouncer,8,Show me all of our assigned roles.,EASY,SELECT * FROM abilities;,SELECT * FROM table_name;
drawSQL-mysql-export-2026-02-09_bouncer,9,Show me each ability along with its related details.,MEDIUM,"SELECT t.*, c.*
FROM abilities t
LEFT JOIN permissions c ON c.ability_id = t.id;","SELECT table_alias0.*, table_alias1.* FROM table_name table_alias0 LEFT JOIN table_name table_alias1 ON table_alias1.col_name = table_alias0.id;"
drawSQL-mysql-export-2026-02-09_bouncer,10,How many abilities did we have last month?,MEDIUM,"SELECT COUNT(*) FROM abilities
WHERE created_at >= date('now', '-1 month');","SELECT COUNT(*) FROM table_name WHERE col_name >= date(string, string);"
drawSQL-mysql-export-2026-02-09_bouncer,11,Break it down by type or category—how many abilities in each?,MEDIUM,"SELECT entity_type, COUNT(*) as count FROM abilities GROUP BY entity_type;","SELECT col_name, COUNT(*) as count FROM table_name GROUP BY col_name;"
drawSQL-mysql-export-2026-02-09_bouncer,12,Are there any abilities that don't have a match somewhere else?,MEDIUM,"SELECT * FROM abilities
WHERE id NOT IN (SELECT DISTINCT ability_id FROM permissions WHERE ability_id IS NOT NULL);",SELECT * FROM table_name WHERE id NOT IN (SELECT DISTINCT col_name FROM table_name WHERE col_name IS NOT NULL);
drawSQL-mysql-export-2026-02-09_bouncer,13,"For each group, what's in the top 3?",MEDIUM,"SELECT * FROM (
  SELECT *, ROW_NUMBER() OVER (PARTITION BY entity_type ORDER BY id DESC) as rn
  FROM abilities
) WHERE rn <= 3;","SELECT * FROM ( SELECT *, ROW_NUMBER() OVER (PARTITION BY col_name ORDER BY id DESC) as column_alias0 FROM table_name ) WHERE column_alias0 <= num;"
drawSQL-mysql-export-2026-02-09_bouncer,14,Break it down by type or category—how many assigned roles in each?,MEDIUM,"SELECT entity_type, COUNT(*) as count FROM abilities GROUP BY entity_type;","SELECT col_name, COUNT(*) as count FROM table_name GROUP BY col_name;"
drawSQL-mysql-export-2026-02-09_bouncer,15,Are there any assigned roles that don't have a match somewhere else?,MEDIUM,"SELECT * FROM abilities
WHERE id NOT IN (SELECT DISTINCT ability_id FROM permissions WHERE ability_id IS NOT NULL);",SELECT * FROM table_name WHERE id NOT IN (SELECT DISTINCT col_name FROM table_name WHERE col_name IS NOT NULL);
drawSQL-mysql-export-2026-02-09_bouncer,16,Break it down by type or category—how many permissions in each?,MEDIUM,"SELECT entity_type, COUNT(*) as count FROM abilities GROUP BY entity_type;","SELECT col_name, COUNT(*) as count FROM table_name GROUP BY col_name;"
drawSQL-mysql-export-2026-02-09_bouncer,17,I need a report that pulls together info from several different places.,HARD,"SELECT * FROM permissions
LEFT JOIN abilities ON permissions.ability_id = abilities.id;",SELECT * FROM table_name LEFT JOIN table_name ON table_name.col_name = table_name.id;
drawSQL-mysql-export-2026-02-09_bouncer,18,"Can you do a multi-step analysis: group things, filter, then rank the results?",HARD,"WITH grouped AS (
  SELECT entity_type, COUNT(*) as cnt FROM abilities GROUP BY entity_type
)
SELECT * FROM grouped WHERE cnt > 1 ORDER BY cnt DESC;","WITH grouped AS ( SELECT col_name, COUNT(*) as cnt FROM table_name GROUP BY col_name ) SELECT * FROM grouped WHERE cnt > num ORDER BY cnt DESC;"
drawSQL-mysql-export-2026-02-09_bouncer,19,Who or what is the best in each group?,HARD,"SELECT * FROM (
  SELECT *, ROW_NUMBER() OVER (PARTITION BY entity_type ORDER BY id DESC) as rn
  FROM abilities
) WHERE rn = 1;","SELECT * FROM ( SELECT *, ROW_NUMBER() OVER (PARTITION BY col_name ORDER BY id DESC) as column_alias0 FROM table_name ) WHERE column_alias0 = num;"
drawSQL-mysql-export-2026-02-09_bouncer,20,Which ones are above average compared to others in their group?,HARD,SELECT * FROM abilities LIMIT 10;,SELECT * FROM table_name LIMIT num;
drawSQL-mysql-export-2026-02-09_buddypress,1,How many people signed up last month?,EASY,"SELECT COUNT(*) FROM bp_notifications
WHERE date_notified >= date('now', '-1 month');","SELECT COUNT(*) FROM table_name WHERE col_name >= date(string, string);"
drawSQL-mysql-export-2026-02-09_buddypress,2,How many people are on each team?,EASY,SELECT * FROM bp_notifications LIMIT 10;,SELECT * FROM table_name LIMIT num;
drawSQL-mysql-export-2026-02-09_buddypress,3,Which invitations haven't been accepted yet?,EASY,SELECT * FROM bp_notifications LIMIT 10;,SELECT * FROM table_name LIMIT num;
drawSQL-mysql-export-2026-02-09_buddypress,4,How many bp notifications do we have?,EASY,SELECT COUNT(*) FROM bp_notifications;,SELECT COUNT(*) FROM table_name;
drawSQL-mysql-export-2026-02-09_buddypress,5,Show me all of our bp notifications.,EASY,SELECT * FROM bp_notifications;,SELECT * FROM table_name;
drawSQL-mysql-export-2026-02-09_buddypress,6,Can you look up a specific bp notification?,EASY,SELECT * FROM bp_notifications WHERE id = ?;,SELECT * FROM table_name WHERE id = num;
drawSQL-mysql-export-2026-02-09_buddypress,7,Find the bp notification with a certain name or email.,EASY,SELECT * FROM bp_notifications WHERE component_name = ?;,SELECT * FROM table_name WHERE col_name = num;
drawSQL-mysql-export-2026-02-09_buddypress,8,What bp notifications were added or changed recently?,EASY,SELECT * FROM bp_notifications ORDER BY date_notified DESC LIMIT 50;,SELECT * FROM table_name ORDER BY col_name DESC LIMIT num;
drawSQL-mysql-export-2026-02-09_buddypress,9,Who are our most active users?,MEDIUM,SELECT * FROM bp_notifications LIMIT 10;,SELECT * FROM table_name LIMIT num;
drawSQL-mysql-export-2026-02-09_buddypress,10,Show me each bp notification along with its related details.,MEDIUM,"SELECT t.*, c.*
FROM bp_notifications t
LEFT JOIN bp_notifications_meta c ON c.notification_id = t.id;","SELECT table_alias0.*, table_alias1.* FROM table_name table_alias0 LEFT JOIN table_name table_alias1 ON table_alias1.col_name = table_alias0.id;"
drawSQL-mysql-export-2026-02-09_buddypress,11,How many bp notifications did we have last month?,MEDIUM,"SELECT COUNT(*) FROM bp_notifications
WHERE date_notified >= date('now', '-1 month');","SELECT COUNT(*) FROM table_name WHERE col_name >= date(string, string);"
drawSQL-mysql-export-2026-02-09_buddypress,12,Break it down by type or category—how many bp notifications in each?,MEDIUM,"SELECT user_id, COUNT(*) as count FROM bp_notifications GROUP BY user_id;","SELECT col_name, COUNT(*) as count FROM table_name GROUP BY col_name;"
drawSQL-mysql-export-2026-02-09_buddypress,13,Are there any bp notifications that don't have a match somewhere else?,MEDIUM,"SELECT * FROM bp_notifications
WHERE id NOT IN (SELECT DISTINCT notification_id FROM bp_notifications_meta WHERE notification_id IS NOT NULL);",SELECT * FROM table_name WHERE id NOT IN (SELECT DISTINCT col_name FROM table_name WHERE col_name IS NOT NULL);
drawSQL-mysql-export-2026-02-09_buddypress,14,"For each group, what's in the top 3?",MEDIUM,"SELECT * FROM (
  SELECT *, ROW_NUMBER() OVER (PARTITION BY type ORDER BY id DESC) as rn
  FROM bp_activity
) WHERE rn <= 3;","SELECT * FROM ( SELECT *, ROW_NUMBER() OVER (PARTITION BY col_name ORDER BY id DESC) as column_alias0 FROM table_name ) WHERE column_alias0 <= num;"
drawSQL-mysql-export-2026-02-09_buddypress,15,Break it down by type or category—how many metadata in each?,MEDIUM,"SELECT user_id, COUNT(*) as count FROM bp_notifications GROUP BY user_id;","SELECT col_name, COUNT(*) as count FROM table_name GROUP BY col_name;"
drawSQL-mysql-export-2026-02-09_buddypress,16,Are there any metadata that don't have a match somewhere else?,MEDIUM,"SELECT * FROM bp_notifications
WHERE id NOT IN (SELECT DISTINCT notification_id FROM bp_notifications_meta WHERE notification_id IS NOT NULL);",SELECT * FROM table_name WHERE id NOT IN (SELECT DISTINCT col_name FROM table_name WHERE col_name IS NOT NULL);
drawSQL-mysql-export-2026-02-09_buddypress,17,I need a report that pulls together info from several different places.,HARD,SELECT * FROM bp_notifications;,SELECT * FROM table_name;
drawSQL-mysql-export-2026-02-09_buddypress,18,"Can you do a multi-step analysis: group things, filter, then rank the results?",HARD,"WITH grouped AS (
  SELECT user_id, COUNT(*) as cnt FROM bp_notifications GROUP BY user_id
)
SELECT * FROM grouped WHERE cnt > 1 ORDER BY cnt DESC;","WITH grouped AS ( SELECT col_name, COUNT(*) as cnt FROM table_name GROUP BY col_name ) SELECT * FROM grouped WHERE cnt > num ORDER BY cnt DESC;"
drawSQL-mysql-export-2026-02-09_buddypress,19,Who or what is the best in each group?,HARD,"SELECT * FROM (
  SELECT *, ROW_NUMBER() OVER (PARTITION BY user_id ORDER BY id DESC) as rn
  FROM bp_notifications
) WHERE rn = 1;","SELECT * FROM ( SELECT *, ROW_NUMBER() OVER (PARTITION BY col_name ORDER BY id DESC) as column_alias0 FROM table_name ) WHERE column_alias0 = num;"
drawSQL-mysql-export-2026-02-09_buddypress,20,Which ones are above average compared to others in their group?,HARD,"SELECT * FROM bp_xprofile_data
WHERE value > (SELECT AVG(value) FROM bp_xprofile_data);",SELECT * FROM table_name WHERE value > (SELECT AVG(value) FROM table_name);
drawSQL-mysql-export-2026-02-09_canvas,1,How many people signed up last month?,EASY,"SELECT COUNT(*) FROM users
WHERE created_at >= date('now', '-1 month');","SELECT COUNT(*) FROM table_name WHERE col_name >= date(string, string);"
drawSQL-mysql-export-2026-02-09_canvas,2,How many posts do we have?,EASY,SELECT COUNT(*) FROM canvas_posts;,SELECT COUNT(*) FROM table_name;
drawSQL-mysql-export-2026-02-09_canvas,3,Show me all of our posts.,EASY,SELECT * FROM canvas_posts;,SELECT * FROM table_name;
drawSQL-mysql-export-2026-02-09_canvas,4,Can you look up a specific post?,EASY,SELECT * FROM canvas_posts WHERE id = ?;,SELECT * FROM table_name WHERE id = num;
drawSQL-mysql-export-2026-02-09_canvas,5,Find the post with a certain name or email.,EASY,SELECT * FROM canvas_posts LIMIT 10;,SELECT * FROM table_name LIMIT num;
drawSQL-mysql-export-2026-02-09_canvas,6,What posts were added or changed recently?,EASY,SELECT * FROM canvas_posts ORDER BY created_at DESC LIMIT 50;,SELECT * FROM table_name ORDER BY col_name DESC LIMIT num;
drawSQL-mysql-export-2026-02-09_canvas,7,What are the different slug values we have?,EASY,SELECT * FROM canvas_posts LIMIT 10;,SELECT * FROM table_name LIMIT num;
drawSQL-mysql-export-2026-02-09_canvas,8,What are the different tag id values we have?,EASY,SELECT * FROM canvas_posts LIMIT 10;,SELECT * FROM table_name LIMIT num;
drawSQL-mysql-export-2026-02-09_canvas,9,Who are our most active users?,MEDIUM,SELECT * FROM users ORDER BY created_at DESC LIMIT 10;,SELECT * FROM table_name ORDER BY col_name DESC LIMIT num;
drawSQL-mysql-export-2026-02-09_canvas,10,Show me each post along with its related details.,MEDIUM,"SELECT t.*, c.*
FROM canvas_posts t
LEFT JOIN canvas_posts_tags c ON c.post_id = t.id;","SELECT table_alias0.*, table_alias1.* FROM table_name table_alias0 LEFT JOIN table_name table_alias1 ON table_alias1.col_name = table_alias0.id;"
drawSQL-mysql-export-2026-02-09_canvas,11,How many posts did we have last month?,MEDIUM,"SELECT COUNT(*) FROM canvas_posts
WHERE created_at >= date('now', '-1 month');","SELECT COUNT(*) FROM table_name WHERE col_name >= date(string, string);"
drawSQL-mysql-export-2026-02-09_canvas,12,Break it down by type or category—how many posts in each?,MEDIUM,"SELECT slug, COUNT(*) as count FROM canvas_posts GROUP BY slug;","SELECT col_name, COUNT(*) as count FROM table_name GROUP BY col_name;"
drawSQL-mysql-export-2026-02-09_canvas,13,Are there any posts that don't have a match somewhere else?,MEDIUM,"SELECT * FROM canvas_posts
WHERE id NOT IN (SELECT DISTINCT post_id FROM canvas_posts_tags WHERE post_id IS NOT NULL);",SELECT * FROM table_name WHERE id NOT IN (SELECT DISTINCT col_name FROM table_name WHERE col_name IS NOT NULL);
drawSQL-mysql-export-2026-02-09_canvas,14,"For each group, what's in the top 3?",MEDIUM,SELECT * FROM canvas_posts LIMIT 10;,SELECT * FROM table_name LIMIT num;
drawSQL-mysql-export-2026-02-09_canvas,15,Show me each tag along with its related details.,MEDIUM,"SELECT t.*, c.*
FROM canvas_posts t
LEFT JOIN canvas_posts_tags c ON c.post_id = t.id;","SELECT table_alias0.*, table_alias1.* FROM table_name table_alias0 LEFT JOIN table_name table_alias1 ON table_alias1.col_name = table_alias0.id;"
drawSQL-mysql-export-2026-02-09_canvas,16,How many tags did we have last month?,MEDIUM,"SELECT COUNT(*) FROM canvas_posts
WHERE created_at >= date('now', '-1 month');","SELECT COUNT(*) FROM table_name WHERE col_name >= date(string, string);"
drawSQL-mysql-export-2026-02-09_canvas,17,I need a report that pulls together info from several different places.,HARD,"SELECT * FROM canvas_posts_tags
LEFT JOIN canvas_posts ON canvas_posts_tags.post_id = canvas_posts.id;",SELECT * FROM table_name LEFT JOIN table_name ON table_name.col_name = table_name.id;
drawSQL-mysql-export-2026-02-09_canvas,18,"Can you do a multi-step analysis: group things, filter, then rank the results?",HARD,"WITH grouped AS (
  SELECT slug, COUNT(*) as cnt FROM canvas_posts GROUP BY slug
)
SELECT * FROM grouped WHERE cnt > 1 ORDER BY cnt DESC;","WITH grouped AS ( SELECT col_name, COUNT(*) as cnt FROM table_name GROUP BY col_name ) SELECT * FROM grouped WHERE cnt > num ORDER BY cnt DESC;"
drawSQL-mysql-export-2026-02-09_canvas,19,Who or what is the best in each group?,HARD,"SELECT * FROM (
  SELECT *, ROW_NUMBER() OVER (PARTITION BY slug ORDER BY id DESC) as rn
  FROM canvas_posts
) WHERE rn = 1;","SELECT * FROM ( SELECT *, ROW_NUMBER() OVER (PARTITION BY col_name ORDER BY id DESC) as column_alias0 FROM table_name ) WHERE column_alias0 = num;"
drawSQL-mysql-export-2026-02-09_canvas,20,Which ones are above average compared to others in their group?,HARD,SELECT * FROM canvas_posts LIMIT 10;,SELECT * FROM table_name LIMIT num;
drawSQL-mysql-export-2026-02-09_cashier,1,Which customers have an active subscription?,EASY,SELECT * FROM customers LIMIT 10;,SELECT * FROM table_name LIMIT num;
drawSQL-mysql-export-2026-02-09_cashier,2,How many customers do we have?,EASY,SELECT COUNT(*) FROM customers;,SELECT COUNT(*) FROM table_name;
drawSQL-mysql-export-2026-02-09_cashier,3,Show me all of our customers.,EASY,SELECT * FROM customers;,SELECT * FROM table_name;
drawSQL-mysql-export-2026-02-09_cashier,4,Can you look up a specific customer?,EASY,SELECT * FROM customers WHERE id = ?;,SELECT * FROM table_name WHERE id = num;
drawSQL-mysql-export-2026-02-09_cashier,5,What customers were added or changed recently?,EASY,SELECT * FROM customers ORDER BY updated_at DESC LIMIT 50;,SELECT * FROM table_name ORDER BY col_name DESC LIMIT num;
drawSQL-mysql-export-2026-02-09_cashier,6,What are the different billable id values we have?,EASY,SELECT * FROM customers LIMIT 10;,SELECT * FROM table_name LIMIT num;
drawSQL-mysql-export-2026-02-09_cashier,7,How many subscriptions do we have?,EASY,SELECT COUNT(*) FROM subscriptions;,SELECT COUNT(*) FROM table_name;
drawSQL-mysql-export-2026-02-09_cashier,8,Show me all of our subscriptions.,EASY,SELECT * FROM subscriptions;,SELECT * FROM table_name;
drawSQL-mysql-export-2026-02-09_cashier,9,How much money did we make this month?,MEDIUM,SELECT * FROM customers LIMIT 10;,SELECT * FROM table_name LIMIT num;
drawSQL-mysql-export-2026-02-09_cashier,10,What are our best-selling products?,MEDIUM,SELECT * FROM customers LIMIT 10;,SELECT * FROM table_name LIMIT num;
drawSQL-mysql-export-2026-02-09_cashier,11,How many customers did we have last month?,MEDIUM,"SELECT COUNT(*) FROM customers
WHERE updated_at >= date('now', '-1 month');","SELECT COUNT(*) FROM table_name WHERE col_name >= date(string, string);"
drawSQL-mysql-export-2026-02-09_cashier,12,Break it down by type or category—how many customers in each?,MEDIUM,"SELECT billable_type, COUNT(*) as count FROM customers GROUP BY billable_type;","SELECT col_name, COUNT(*) as count FROM table_name GROUP BY col_name;"
drawSQL-mysql-export-2026-02-09_cashier,13,Are there any customers that don't have a match somewhere else?,MEDIUM,SELECT * FROM customers LIMIT 10;,SELECT * FROM table_name LIMIT num;
drawSQL-mysql-export-2026-02-09_cashier,14,"For each group, what's in the top 3?",MEDIUM,"SELECT * FROM (
  SELECT *, ROW_NUMBER() OVER (PARTITION BY billable_type ORDER BY id DESC) as rn
  FROM customers
) WHERE rn <= 3;","SELECT * FROM ( SELECT *, ROW_NUMBER() OVER (PARTITION BY col_name ORDER BY id DESC) as column_alias0 FROM table_name ) WHERE column_alias0 <= num;"
drawSQL-mysql-export-2026-02-09_cashier,15,What's our total or average quantity across all subscriptions?,MEDIUM,"SELECT SUM(quantity) as total, AVG(quantity) as average FROM subscriptions;","SELECT SUM(col_name) as column_alias0, AVG(col_name) as average FROM table_name;"
drawSQL-mysql-export-2026-02-09_cashier,16,How many subscriptions did we have last month?,MEDIUM,"SELECT COUNT(*) FROM subscriptions
WHERE updated_at >= date('now', '-1 month');","SELECT COUNT(*) FROM table_name WHERE col_name >= date(string, string);"
drawSQL-mysql-export-2026-02-09_cashier,17,I need a report that pulls together info from several different places.,HARD,SELECT * FROM customers;,SELECT * FROM table_name;
drawSQL-mysql-export-2026-02-09_cashier,18,"Can you do a multi-step analysis: group things, filter, then rank the results?",HARD,"WITH grouped AS (
  SELECT billable_type, COUNT(*) as cnt FROM customers GROUP BY billable_type
)
SELECT * FROM grouped WHERE cnt > 1 ORDER BY cnt DESC;","WITH grouped AS ( SELECT col_name, COUNT(*) as cnt FROM table_name GROUP BY col_name ) SELECT * FROM grouped WHERE cnt > num ORDER BY cnt DESC;"
drawSQL-mysql-export-2026-02-09_cashier,19,Who or what is the best in each group?,HARD,"SELECT * FROM (
  SELECT *, ROW_NUMBER() OVER (PARTITION BY billable_type ORDER BY quantity DESC) as rn
  FROM subscriptions
) WHERE rn = 1;","SELECT * FROM ( SELECT *, ROW_NUMBER() OVER (PARTITION BY col_name ORDER BY col_name DESC) as column_alias0 FROM table_name ) WHERE column_alias0 = num;"
drawSQL-mysql-export-2026-02-09_cashier,20,Which ones are above average compared to others in their group?,HARD,"SELECT * FROM subscriptions t1
WHERE quantity > (
  SELECT AVG(quantity) FROM subscriptions t2 WHERE t2.billable_type = t1.billable_type
);",SELECT * FROM table_name table_alias0 WHERE col_name > ( SELECT AVG(col_name) FROM table_name table_alias1 WHERE table_alias1.col_name = table_alias0.col_name );
drawSQL-mysql-export-2026-02-09_chatwood,1,How many people signed up last month?,EASY,"SELECT COUNT(*) FROM users
WHERE created_at >= date('now', '-1 month');","SELECT COUNT(*) FROM table_name WHERE col_name >= date(string, string);"
drawSQL-mysql-export-2026-02-09_chatwood,2,How many access tokens do we have?,EASY,SELECT COUNT(*) FROM access_tokens;,SELECT COUNT(*) FROM table_name;
drawSQL-mysql-export-2026-02-09_chatwood,3,Show me all of our access tokens.,EASY,SELECT * FROM access_tokens;,SELECT * FROM table_name;
drawSQL-mysql-export-2026-02-09_chatwood,4,Can you look up a specific access token?,EASY,SELECT * FROM access_tokens WHERE id = ?;,SELECT * FROM table_name WHERE id = num;
drawSQL-mysql-export-2026-02-09_chatwood,5,What access tokens were added or changed recently?,EASY,SELECT * FROM access_tokens ORDER BY created_at DESC LIMIT 50;,SELECT * FROM table_name ORDER BY col_name DESC LIMIT num;
drawSQL-mysql-export-2026-02-09_chatwood,6,What are the different owner type values we have?,EASY,SELECT * FROM access_tokens LIMIT 10;,SELECT * FROM table_name LIMIT num;
drawSQL-mysql-export-2026-02-09_chatwood,7,How many users do we have?,EASY,SELECT COUNT(*) FROM users;,SELECT COUNT(*) FROM table_name;
drawSQL-mysql-export-2026-02-09_chatwood,8,Show me all of our users.,EASY,SELECT * FROM users;,SELECT * FROM table_name;
drawSQL-mysql-export-2026-02-09_chatwood,9,Who are our most active users?,MEDIUM,SELECT * FROM users ORDER BY created_at DESC LIMIT 10;,SELECT * FROM table_name ORDER BY col_name DESC LIMIT num;
drawSQL-mysql-export-2026-02-09_chatwood,10,How many access tokens did we have last month?,MEDIUM,"SELECT COUNT(*) FROM access_tokens
WHERE created_at >= date('now', '-1 month');","SELECT COUNT(*) FROM table_name WHERE col_name >= date(string, string);"
drawSQL-mysql-export-2026-02-09_chatwood,11,Break it down by type or category—how many access tokens in each?,MEDIUM,"SELECT owner_type, COUNT(*) as count FROM access_tokens GROUP BY owner_type;","SELECT col_name, COUNT(*) as count FROM table_name GROUP BY col_name;"
drawSQL-mysql-export-2026-02-09_chatwood,12,Are there any access tokens that don't have a match somewhere else?,MEDIUM,SELECT * FROM access_tokens LIMIT 10;,SELECT * FROM table_name LIMIT num;
drawSQL-mysql-export-2026-02-09_chatwood,13,"For each group, what's in the top 3?",MEDIUM,"SELECT * FROM (
  SELECT *, ROW_NUMBER() OVER (PARTITION BY owner_type ORDER BY id DESC) as rn
  FROM access_tokens
) WHERE rn <= 3;","SELECT * FROM ( SELECT *, ROW_NUMBER() OVER (PARTITION BY col_name ORDER BY id DESC) as column_alias0 FROM table_name ) WHERE column_alias0 <= num;"
drawSQL-mysql-export-2026-02-09_chatwood,14,How many users did we have last month?,MEDIUM,"SELECT COUNT(*) FROM users
WHERE created_at >= date('now', '-1 month');","SELECT COUNT(*) FROM table_name WHERE col_name >= date(string, string);"
drawSQL-mysql-export-2026-02-09_chatwood,15,Break it down by type or category—how many users in each?,MEDIUM,"SELECT provider, COUNT(*) as count FROM users GROUP BY provider;","SELECT col_name, COUNT(*) as count FROM table_name GROUP BY col_name;"
drawSQL-mysql-export-2026-02-09_chatwood,16,Are there any users that don't have a match somewhere else?,MEDIUM,"SELECT * FROM users
WHERE id NOT IN (SELECT DISTINCT user_id FROM account_users WHERE user_id IS NOT NULL);",SELECT * FROM table_name WHERE id NOT IN (SELECT DISTINCT col_name FROM table_name WHERE col_name IS NOT NULL);
drawSQL-mysql-export-2026-02-09_chatwood,17,I need a report that pulls together info from several different places.,HARD,"SELECT * FROM account_users
LEFT JOIN accounts ON account_users.account_id = accounts.id;",SELECT * FROM table_name LEFT JOIN table_name ON table_name.col_name = table_name.id;
drawSQL-mysql-export-2026-02-09_chatwood,18,"Can you do a multi-step analysis: group things, filter, then rank the results?",HARD,"WITH grouped AS (
  SELECT owner_type, COUNT(*) as cnt FROM access_tokens GROUP BY owner_type
)
SELECT * FROM grouped WHERE cnt > 1 ORDER BY cnt DESC;","WITH grouped AS ( SELECT col_name, COUNT(*) as cnt FROM table_name GROUP BY col_name ) SELECT * FROM grouped WHERE cnt > num ORDER BY cnt DESC;"
drawSQL-mysql-export-2026-02-09_chatwood,19,Who or what is the best in each group?,HARD,"SELECT * FROM (
  SELECT *, ROW_NUMBER() OVER (PARTITION BY owner_type ORDER BY id DESC) as rn
  FROM access_tokens
) WHERE rn = 1;","SELECT * FROM ( SELECT *, ROW_NUMBER() OVER (PARTITION BY col_name ORDER BY id DESC) as column_alias0 FROM table_name ) WHERE column_alias0 = num;"
drawSQL-mysql-export-2026-02-09_chatwood,20,Which ones are above average compared to others in their group?,HARD,"SELECT * FROM events
WHERE value > (SELECT AVG(value) FROM events);",SELECT * FROM table_name WHERE value > (SELECT AVG(value) FROM table_name);
drawSQL-mysql-export-2026-02-09_defender,1,How many people signed up last month?,EASY,SELECT COUNT(*) FROM users;,SELECT COUNT(*) FROM table_name;
drawSQL-mysql-export-2026-02-09_defender,2,How many roles do we have?,EASY,SELECT COUNT(*) FROM roles;,SELECT COUNT(*) FROM table_name;
drawSQL-mysql-export-2026-02-09_defender,3,Show me all of our roles.,EASY,SELECT * FROM roles;,SELECT * FROM table_name;
drawSQL-mysql-export-2026-02-09_defender,4,Can you look up a specific role?,EASY,SELECT * FROM roles WHERE id = ?;,SELECT * FROM table_name WHERE id = num;
drawSQL-mysql-export-2026-02-09_defender,5,Find the role with a certain name or email.,EASY,SELECT * FROM roles WHERE name = ?;,SELECT * FROM table_name WHERE col_name = num;
drawSQL-mysql-export-2026-02-09_defender,6,What roles were added or changed recently?,EASY,SELECT * FROM roles ORDER BY created_at DESC LIMIT 50;,SELECT * FROM table_name ORDER BY col_name DESC LIMIT num;
drawSQL-mysql-export-2026-02-09_defender,7,What are the different name values we have?,EASY,SELECT * FROM roles LIMIT 10;,SELECT * FROM table_name LIMIT num;
drawSQL-mysql-export-2026-02-09_defender,8,How many permissions do we have?,EASY,SELECT COUNT(*) FROM roles;,SELECT COUNT(*) FROM table_name;
drawSQL-mysql-export-2026-02-09_defender,9,Who are our most active users?,MEDIUM,SELECT * FROM users ORDER BY created_at DESC LIMIT 10;,SELECT * FROM table_name ORDER BY col_name DESC LIMIT num;
drawSQL-mysql-export-2026-02-09_defender,10,Show me each role along with its related details.,MEDIUM,"SELECT t.*, c.*
FROM roles t
LEFT JOIN role_user c ON c.role_id = t.id;","SELECT table_alias0.*, table_alias1.* FROM table_name table_alias0 LEFT JOIN table_name table_alias1 ON table_alias1.col_name = table_alias0.id;"
drawSQL-mysql-export-2026-02-09_defender,11,How many roles did we have last month?,MEDIUM,"SELECT COUNT(*) FROM roles
WHERE created_at >= date('now', '-1 month');","SELECT COUNT(*) FROM table_name WHERE col_name >= date(string, string);"
drawSQL-mysql-export-2026-02-09_defender,12,Break it down by type or category—how many roles in each?,MEDIUM,"SELECT name, COUNT(*) as count FROM roles GROUP BY name;","SELECT col_name, COUNT(*) as count FROM table_name GROUP BY col_name;"
drawSQL-mysql-export-2026-02-09_defender,13,Are there any roles that don't have a match somewhere else?,MEDIUM,"SELECT * FROM roles
WHERE id NOT IN (SELECT DISTINCT role_id FROM role_user WHERE role_id IS NOT NULL);",SELECT * FROM table_name WHERE id NOT IN (SELECT DISTINCT col_name FROM table_name WHERE col_name IS NOT NULL);
drawSQL-mysql-export-2026-02-09_defender,14,"For each group, what's in the top 3?",MEDIUM,SELECT * FROM roles LIMIT 10;,SELECT * FROM table_name LIMIT num;
drawSQL-mysql-export-2026-02-09_defender,15,Show me each permission along with its related details.,MEDIUM,"SELECT t.*, c.*
FROM roles t
LEFT JOIN role_user c ON c.role_id = t.id;","SELECT table_alias0.*, table_alias1.* FROM table_name table_alias0 LEFT JOIN table_name table_alias1 ON table_alias1.col_name = table_alias0.id;"
drawSQL-mysql-export-2026-02-09_defender,16,How many permissions did we have last month?,MEDIUM,"SELECT COUNT(*) FROM roles
WHERE created_at >= date('now', '-1 month');","SELECT COUNT(*) FROM table_name WHERE col_name >= date(string, string);"
drawSQL-mysql-export-2026-02-09_defender,17,I need a report that pulls together info from several different places.,HARD,"SELECT * FROM role_user
LEFT JOIN roles ON role_user.role_id = roles.id
LEFT JOIN users ON role_user.user_id = users.id;",SELECT * FROM table_name LEFT JOIN table_name ON table_name.col_name = table_name.id LEFT JOIN table_name ON table_name.col_name = table_name.id;
drawSQL-mysql-export-2026-02-09_defender,18,"Can you do a multi-step analysis: group things, filter, then rank the results?",HARD,"WITH grouped AS (
  SELECT name, COUNT(*) as cnt FROM roles GROUP BY name
)
SELECT * FROM grouped WHERE cnt > 1 ORDER BY cnt DESC;","WITH grouped AS ( SELECT col_name, COUNT(*) as cnt FROM table_name GROUP BY col_name ) SELECT * FROM grouped WHERE cnt > num ORDER BY cnt DESC;"
drawSQL-mysql-export-2026-02-09_defender,19,Who or what is the best in each group?,HARD,"SELECT * FROM (
  SELECT *, ROW_NUMBER() OVER (PARTITION BY name ORDER BY id DESC) as rn
  FROM roles
) WHERE rn = 1;","SELECT * FROM ( SELECT *, ROW_NUMBER() OVER (PARTITION BY col_name ORDER BY id DESC) as column_alias0 FROM table_name ) WHERE column_alias0 = num;"
drawSQL-mysql-export-2026-02-09_defender,20,Which ones are above average compared to others in their group?,HARD,"SELECT * FROM permission_role
WHERE value > (SELECT AVG(value) FROM permission_role);",SELECT * FROM table_name WHERE value > (SELECT AVG(value) FROM table_name);
drawSQL-mysql-export-2026-02-09_diaspora,1,How many people signed up last month?,EASY,"SELECT COUNT(*) FROM users
WHERE created_at >= date('now', '-1 month');","SELECT COUNT(*) FROM table_name WHERE col_name >= date(string, string);"
drawSQL-mysql-export-2026-02-09_diaspora,2,How many people are on each team?,EASY,SELECT * FROM account_deletions LIMIT 10;,SELECT * FROM table_name LIMIT num;
drawSQL-mysql-export-2026-02-09_diaspora,3,Which invitations haven't been accepted yet?,EASY,SELECT * FROM account_deletions LIMIT 10;,SELECT * FROM table_name LIMIT num;
drawSQL-mysql-export-2026-02-09_diaspora,4,How many account deletions do we have?,EASY,SELECT COUNT(*) FROM account_deletions;,SELECT COUNT(*) FROM table_name;
drawSQL-mysql-export-2026-02-09_diaspora,5,Show me all of our account deletions.,EASY,SELECT * FROM account_deletions;,SELECT * FROM table_name;
drawSQL-mysql-export-2026-02-09_diaspora,6,Can you look up a specific account deletion?,EASY,SELECT * FROM account_deletions WHERE id = ?;,SELECT * FROM table_name WHERE id = num;
drawSQL-mysql-export-2026-02-09_diaspora,7,What are the different person id values we have?,EASY,SELECT * FROM account_deletions LIMIT 10;,SELECT * FROM table_name LIMIT num;
drawSQL-mysql-export-2026-02-09_diaspora,8,How many team members do we have?,EASY,SELECT COUNT(*) FROM account_deletions;,SELECT COUNT(*) FROM table_name;
drawSQL-mysql-export-2026-02-09_diaspora,9,Who are our most active users?,MEDIUM,SELECT * FROM users ORDER BY created_at DESC LIMIT 10;,SELECT * FROM table_name ORDER BY col_name DESC LIMIT num;
drawSQL-mysql-export-2026-02-09_diaspora,10,Break it down by type or category—how many account deletions in each?,MEDIUM,"SELECT person_id, COUNT(*) as count FROM account_deletions GROUP BY person_id;","SELECT col_name, COUNT(*) as count FROM table_name GROUP BY col_name;"
drawSQL-mysql-export-2026-02-09_diaspora,11,Are there any account deletions that don't have a match somewhere else?,MEDIUM,SELECT * FROM account_deletions LIMIT 10;,SELECT * FROM table_name LIMIT num;
drawSQL-mysql-export-2026-02-09_diaspora,12,"For each group, what's in the top 3?",MEDIUM,SELECT * FROM account_deletions LIMIT 10;,SELECT * FROM table_name LIMIT num;
drawSQL-mysql-export-2026-02-09_diaspora,13,How many team members did we have last month?,MEDIUM,"SELECT COUNT(*) FROM account_deletions
WHERE completed_at >= date('now', '-1 month');","SELECT COUNT(*) FROM table_name WHERE col_name >= date(string, string);"
drawSQL-mysql-export-2026-02-09_diaspora,14,Break it down by type or category—how many team members in each?,MEDIUM,"SELECT person_id, COUNT(*) as count FROM account_deletions GROUP BY person_id;","SELECT col_name, COUNT(*) as count FROM table_name GROUP BY col_name;"
drawSQL-mysql-export-2026-02-09_diaspora,15,Are there any team members that don't have a match somewhere else?,MEDIUM,SELECT * FROM account_deletions LIMIT 10;,SELECT * FROM table_name LIMIT num;
drawSQL-mysql-export-2026-02-09_diaspora,16,Break it down by type or category—how many aspect visibilities in each?,MEDIUM,"SELECT person_id, COUNT(*) as count FROM account_deletions GROUP BY person_id;","SELECT col_name, COUNT(*) as count FROM table_name GROUP BY col_name;"
drawSQL-mysql-export-2026-02-09_diaspora,17,I need a report that pulls together info from several different places.,HARD,SELECT * FROM aspects;,SELECT * FROM table_name;
drawSQL-mysql-export-2026-02-09_diaspora,18,"Can you do a multi-step analysis: group things, filter, then rank the results?",HARD,"WITH grouped AS (
  SELECT person_id, COUNT(*) as cnt FROM account_deletions GROUP BY person_id
)
SELECT * FROM grouped WHERE cnt > 1 ORDER BY cnt DESC;","WITH grouped AS ( SELECT col_name, COUNT(*) as cnt FROM table_name GROUP BY col_name ) SELECT * FROM grouped WHERE cnt > num ORDER BY cnt DESC;"
drawSQL-mysql-export-2026-02-09_diaspora,19,Who or what is the best in each group?,HARD,"SELECT * FROM (
  SELECT *, ROW_NUMBER() OVER (PARTITION BY person_id ORDER BY id DESC) as rn
  FROM account_deletions
) WHERE rn = 1;","SELECT * FROM ( SELECT *, ROW_NUMBER() OVER (PARTITION BY col_name ORDER BY id DESC) as column_alias0 FROM table_name ) WHERE column_alias0 = num;"
drawSQL-mysql-export-2026-02-09_diaspora,20,Which ones are above average compared to others in their group?,HARD,"SELECT * FROM simple_captcha_data
WHERE value > (SELECT AVG(value) FROM simple_captcha_data);",SELECT * FROM table_name WHERE value > (SELECT AVG(value) FROM table_name);
drawSQL-mysql-export-2026-02-09_djangoorg,1,How many people signed up last month?,EASY,"SELECT COUNT(*) FROM organizations_organization
WHERE created >= date('now', '-1 month');","SELECT COUNT(*) FROM table_name WHERE col_name >= date(string, string);"
drawSQL-mysql-export-2026-02-09_djangoorg,2,How many users do we have?,EASY,SELECT COUNT(*) FROM auth_user;,SELECT COUNT(*) FROM table_name;
drawSQL-mysql-export-2026-02-09_djangoorg,3,Show me all of our users.,EASY,SELECT * FROM auth_user;,SELECT * FROM table_name;
drawSQL-mysql-export-2026-02-09_djangoorg,4,Can you look up a specific user?,EASY,SELECT * FROM auth_user WHERE id = ?;,SELECT * FROM table_name WHERE id = num;
drawSQL-mysql-export-2026-02-09_djangoorg,5,How many organizations organization do we have?,EASY,SELECT COUNT(*) FROM auth_user;,SELECT COUNT(*) FROM table_name;
drawSQL-mysql-export-2026-02-09_djangoorg,6,Show me all of our organizations organization.,EASY,SELECT * FROM auth_user;,SELECT * FROM table_name;
drawSQL-mysql-export-2026-02-09_djangoorg,7,Can you look up a specific organizations organization?,EASY,SELECT * FROM auth_user WHERE id = ?;,SELECT * FROM table_name WHERE id = num;
drawSQL-mysql-export-2026-02-09_djangoorg,8,Find the organizations organization with a certain name or email.,EASY,SELECT * FROM organizations_organization WHERE name = ?;,SELECT * FROM table_name WHERE col_name = num;
drawSQL-mysql-export-2026-02-09_djangoorg,9,Who are our most active users?,MEDIUM,SELECT * FROM auth_user LIMIT 10;,SELECT * FROM table_name LIMIT num;
drawSQL-mysql-export-2026-02-09_djangoorg,10,Show me each user along with its related details.,MEDIUM,"SELECT t.*, c.*
FROM auth_user t
LEFT JOIN organizations_organizationuser c ON c.user_id = t.id;","SELECT table_alias0.*, table_alias1.* FROM table_name table_alias0 LEFT JOIN table_name table_alias1 ON table_alias1.col_name = table_alias0.id;"
drawSQL-mysql-export-2026-02-09_djangoorg,11,Break it down by type or category—how many users in each?,MEDIUM,"SELECT name, COUNT(*) as count FROM organizations_organization GROUP BY name;","SELECT col_name, COUNT(*) as count FROM table_name GROUP BY col_name;"
drawSQL-mysql-export-2026-02-09_djangoorg,12,Are there any users that don't have a match somewhere else?,MEDIUM,"SELECT * FROM auth_user
WHERE id NOT IN (SELECT DISTINCT user_id FROM organizations_organizationuser WHERE user_id IS NOT NULL);",SELECT * FROM table_name WHERE id NOT IN (SELECT DISTINCT col_name FROM table_name WHERE col_name IS NOT NULL);
drawSQL-mysql-export-2026-02-09_djangoorg,13,"For each group, what's in the top 3?",MEDIUM,SELECT * FROM auth_user LIMIT 10;,SELECT * FROM table_name LIMIT num;
drawSQL-mysql-export-2026-02-09_djangoorg,14,Show me each organizations organization along with its related details.,MEDIUM,"SELECT t.*, c.*
FROM auth_user t
LEFT JOIN organizations_organizationuser c ON c.user_id = t.id;","SELECT table_alias0.*, table_alias1.* FROM table_name table_alias0 LEFT JOIN table_name table_alias1 ON table_alias1.col_name = table_alias0.id;"
drawSQL-mysql-export-2026-02-09_djangoorg,15,Break it down by type or category—how many organizations organization in each?,MEDIUM,"SELECT name, COUNT(*) as count FROM organizations_organization GROUP BY name;","SELECT col_name, COUNT(*) as count FROM table_name GROUP BY col_name;"
drawSQL-mysql-export-2026-02-09_djangoorg,16,Are there any organizations organization that don't have a match somewhere else?,MEDIUM,"SELECT * FROM auth_user
WHERE id NOT IN (SELECT DISTINCT user_id FROM organizations_organizationuser WHERE user_id IS NOT NULL);",SELECT * FROM table_name WHERE id NOT IN (SELECT DISTINCT col_name FROM table_name WHERE col_name IS NOT NULL);
drawSQL-mysql-export-2026-02-09_djangoorg,17,I need a report that pulls together info from several different places.,HARD,"SELECT * FROM organizations_organizationowner
LEFT JOIN organizations_organization ON organizations_organizationowner.organization_id = organizations_organization.id
LEFT JOIN organizations_organizationuser ON organizations_organizationowner.organization_user_id = organizations_organizationuser.id;",SELECT * FROM table_name LEFT JOIN table_name ON table_name.col_name = table_name.id LEFT JOIN table_name ON table_name.col_name = table_name.id;
drawSQL-mysql-export-2026-02-09_djangoorg,18,"Can you do a multi-step analysis: group things, filter, then rank the results?",HARD,"WITH grouped AS (
  SELECT id, COUNT(*) as cnt FROM auth_user GROUP BY id
)
SELECT * FROM grouped WHERE cnt > 1 ORDER BY cnt DESC;","WITH grouped AS ( SELECT id, COUNT(*) as cnt FROM table_name GROUP BY id ) SELECT * FROM grouped WHERE cnt > num ORDER BY cnt DESC;"
drawSQL-mysql-export-2026-02-09_djangoorg,19,Who or what is the best in each group?,HARD,"SELECT * FROM (
  SELECT *, ROW_NUMBER() OVER (PARTITION BY id ORDER BY id DESC) as rn
  FROM auth_user
) WHERE rn = 1;","SELECT * FROM ( SELECT *, ROW_NUMBER() OVER (PARTITION BY id ORDER BY id DESC) as column_alias0 FROM table_name ) WHERE column_alias0 = num;"
drawSQL-mysql-export-2026-02-09_djangoorg,20,Which ones are above average compared to others in their group?,HARD,SELECT * FROM auth_user LIMIT 10;,SELECT * FROM table_name LIMIT num;
drawSQL-mysql-export-2026-02-09_doorkeeper,1,How many people signed up last month?,EASY,SELECT COUNT(*) FROM users;,SELECT COUNT(*) FROM table_name;
drawSQL-mysql-export-2026-02-09_doorkeeper,2,How many oauth access grants do we have?,EASY,SELECT COUNT(*) FROM oauth_access_grants;,SELECT COUNT(*) FROM table_name;
drawSQL-mysql-export-2026-02-09_doorkeeper,3,Show me all of our oauth access grants.,EASY,SELECT * FROM oauth_access_grants;,SELECT * FROM table_name;
drawSQL-mysql-export-2026-02-09_doorkeeper,4,Can you look up a specific oauth access grant?,EASY,SELECT * FROM oauth_access_grants WHERE id = ?;,SELECT * FROM table_name WHERE id = num;
drawSQL-mysql-export-2026-02-09_doorkeeper,5,What oauth access grants were added or changed recently?,EASY,SELECT * FROM oauth_access_grants ORDER BY created_at DESC LIMIT 50;,SELECT * FROM table_name ORDER BY col_name DESC LIMIT num;
drawSQL-mysql-export-2026-02-09_doorkeeper,6,What are the different resource owner id values we have?,EASY,SELECT * FROM oauth_access_grants LIMIT 10;,SELECT * FROM table_name LIMIT num;
drawSQL-mysql-export-2026-02-09_doorkeeper,7,How many oauth access tokens do we have?,EASY,SELECT COUNT(*) FROM oauth_access_grants;,SELECT COUNT(*) FROM table_name;
drawSQL-mysql-export-2026-02-09_doorkeeper,8,Show me all of our oauth access tokens.,EASY,SELECT * FROM oauth_access_grants;,SELECT * FROM table_name;
drawSQL-mysql-export-2026-02-09_doorkeeper,9,Who are our most active users?,MEDIUM,SELECT * FROM users ORDER BY created_at DESC LIMIT 10;,SELECT * FROM table_name ORDER BY col_name DESC LIMIT num;
drawSQL-mysql-export-2026-02-09_doorkeeper,10,How many oauth access grants did we have last month?,MEDIUM,"SELECT COUNT(*) FROM oauth_access_grants
WHERE created_at >= date('now', '-1 month');","SELECT COUNT(*) FROM table_name WHERE col_name >= date(string, string);"
drawSQL-mysql-export-2026-02-09_doorkeeper,11,Break it down by type or category—how many oauth access grants in each?,MEDIUM,"SELECT resource_owner_id, COUNT(*) as count FROM oauth_access_grants GROUP BY resource_owner_id;","SELECT col_name, COUNT(*) as count FROM table_name GROUP BY col_name;"
drawSQL-mysql-export-2026-02-09_doorkeeper,12,Are there any oauth access grants that don't have a match somewhere else?,MEDIUM,SELECT * FROM oauth_access_grants LIMIT 10;,SELECT * FROM table_name LIMIT num;
drawSQL-mysql-export-2026-02-09_doorkeeper,13,"For each group, what's in the top 3?",MEDIUM,SELECT * FROM oauth_access_grants LIMIT 10;,SELECT * FROM table_name LIMIT num;
drawSQL-mysql-export-2026-02-09_doorkeeper,14,How many oauth access tokens did we have last month?,MEDIUM,"SELECT COUNT(*) FROM oauth_access_grants
WHERE created_at >= date('now', '-1 month');","SELECT COUNT(*) FROM table_name WHERE col_name >= date(string, string);"
drawSQL-mysql-export-2026-02-09_doorkeeper,15,Break it down by type or category—how many oauth access tokens in each?,MEDIUM,"SELECT resource_owner_id, COUNT(*) as count FROM oauth_access_grants GROUP BY resource_owner_id;","SELECT col_name, COUNT(*) as count FROM table_name GROUP BY col_name;"
drawSQL-mysql-export-2026-02-09_doorkeeper,16,Are there any oauth access tokens that don't have a match somewhere else?,MEDIUM,SELECT * FROM oauth_access_grants LIMIT 10;,SELECT * FROM table_name LIMIT num;
drawSQL-mysql-export-2026-02-09_doorkeeper,17,I need a report that pulls together info from several different places.,HARD,"SELECT * FROM oauth_access_grants
LEFT JOIN users ON oauth_access_grants.resource_owner_id = users.id
LEFT JOIN oauth_applications ON oauth_access_grants.application_id = oauth_applications.id;",SELECT * FROM table_name LEFT JOIN table_name ON table_name.col_name = table_name.id LEFT JOIN table_name ON table_name.col_name = table_name.id;
drawSQL-mysql-export-2026-02-09_doorkeeper,18,"Can you do a multi-step analysis: group things, filter, then rank the results?",HARD,"WITH grouped AS (
  SELECT resource_owner_id, COUNT(*) as cnt FROM oauth_access_grants GROUP BY resource_owner_id
)
SELECT * FROM grouped WHERE cnt > 1 ORDER BY cnt DESC;","WITH grouped AS ( SELECT col_name, COUNT(*) as cnt FROM table_name GROUP BY col_name ) SELECT * FROM grouped WHERE cnt > num ORDER BY cnt DESC;"
drawSQL-mysql-export-2026-02-09_doorkeeper,19,Who or what is the best in each group?,HARD,"SELECT * FROM (
  SELECT *, ROW_NUMBER() OVER (PARTITION BY resource_owner_id ORDER BY id DESC) as rn
  FROM oauth_access_grants
) WHERE rn = 1;","SELECT * FROM ( SELECT *, ROW_NUMBER() OVER (PARTITION BY col_name ORDER BY id DESC) as column_alias0 FROM table_name ) WHERE column_alias0 = num;"
drawSQL-mysql-export-2026-02-09_doorkeeper,20,Which ones are above average compared to others in their group?,HARD,SELECT * FROM oauth_access_grants LIMIT 10;,SELECT * FROM table_name LIMIT num;
drawSQL-mysql-export-2026-02-09_featureflags,1,How many people signed up last month?,EASY,SELECT COUNT(*) FROM users;,SELECT COUNT(*) FROM table_name;
drawSQL-mysql-export-2026-02-09_featureflags,2,How many features do we have?,EASY,SELECT COUNT(*) FROM features;,SELECT COUNT(*) FROM table_name;
drawSQL-mysql-export-2026-02-09_featureflags,3,Show me all of our features.,EASY,SELECT * FROM features;,SELECT * FROM table_name;
drawSQL-mysql-export-2026-02-09_featureflags,4,Can you look up a specific feature?,EASY,SELECT * FROM features WHERE id = ?;,SELECT * FROM table_name WHERE id = num;
drawSQL-mysql-export-2026-02-09_featureflags,5,Find the feature with a certain name or email.,EASY,SELECT * FROM features WHERE name = ?;,SELECT * FROM table_name WHERE col_name = num;
drawSQL-mysql-export-2026-02-09_featureflags,6,Which features are currently active or turned on?,EASY,SELECT * FROM features WHERE active = 1;,SELECT * FROM table_name WHERE col_name = num;
drawSQL-mysql-export-2026-02-09_featureflags,7,What features were added or changed recently?,EASY,SELECT * FROM features ORDER BY created_at DESC LIMIT 50;,SELECT * FROM table_name ORDER BY col_name DESC LIMIT num;
drawSQL-mysql-export-2026-02-09_featureflags,8,What are the different name values we have?,EASY,SELECT * FROM features LIMIT 10;,SELECT * FROM table_name LIMIT num;
drawSQL-mysql-export-2026-02-09_featureflags,9,Who are our most active users?,MEDIUM,SELECT * FROM users ORDER BY created_at DESC LIMIT 10;,SELECT * FROM table_name ORDER BY col_name DESC LIMIT num;
drawSQL-mysql-export-2026-02-09_featureflags,10,Show me each feature along with its related details.,MEDIUM,"SELECT t.*, c.*
FROM features t
LEFT JOIN feature_feature_groups c ON c.feature_id = t.id;","SELECT table_alias0.*, table_alias1.* FROM table_name table_alias0 LEFT JOIN table_name table_alias1 ON table_alias1.col_name = table_alias0.id;"
drawSQL-mysql-export-2026-02-09_featureflags,11,How many features did we have last month?,MEDIUM,"SELECT COUNT(*) FROM features
WHERE created_at >= date('now', '-1 month');","SELECT COUNT(*) FROM table_name WHERE col_name >= date(string, string);"
drawSQL-mysql-export-2026-02-09_featureflags,12,Break it down by type or category—how many features in each?,MEDIUM,"SELECT name, COUNT(*) as count FROM features GROUP BY name;","SELECT col_name, COUNT(*) as count FROM table_name GROUP BY col_name;"
drawSQL-mysql-export-2026-02-09_featureflags,13,Are there any features that don't have a match somewhere else?,MEDIUM,"SELECT * FROM features
WHERE id NOT IN (SELECT DISTINCT feature_id FROM feature_feature_groups WHERE feature_id IS NOT NULL);",SELECT * FROM table_name WHERE id NOT IN (SELECT DISTINCT col_name FROM table_name WHERE col_name IS NOT NULL);
drawSQL-mysql-export-2026-02-09_featureflags,14,"For each group, what's in the top 3?",MEDIUM,"SELECT * FROM (
  SELECT *, ROW_NUMBER() OVER (PARTITION BY feature_group_id ORDER BY id DESC) as rn
  FROM feature_feature_groups
) WHERE rn <= 3;","SELECT * FROM ( SELECT *, ROW_NUMBER() OVER (PARTITION BY col_name ORDER BY id DESC) as column_alias0 FROM table_name ) WHERE column_alias0 <= num;"
drawSQL-mysql-export-2026-02-09_featureflags,15,Show me each feature group along with its related details.,MEDIUM,"SELECT t.*, c.*
FROM features t
LEFT JOIN feature_feature_groups c ON c.feature_id = t.id;","SELECT table_alias0.*, table_alias1.* FROM table_name table_alias0 LEFT JOIN table_name table_alias1 ON table_alias1.col_name = table_alias0.id;"
drawSQL-mysql-export-2026-02-09_featureflags,16,How many feature groups did we have last month?,MEDIUM,"SELECT COUNT(*) FROM features
WHERE created_at >= date('now', '-1 month');","SELECT COUNT(*) FROM table_name WHERE col_name >= date(string, string);"
drawSQL-mysql-export-2026-02-09_featureflags,17,I need a report that pulls together info from several different places.,HARD,"SELECT * FROM feature_feature_groups
LEFT JOIN feature_groups ON feature_feature_groups.feature_group_id = feature_groups.id
LEFT JOIN features ON feature_feature_groups.feature_id = features.id;",SELECT * FROM table_name LEFT JOIN table_name ON table_name.col_name = table_name.id LEFT JOIN table_name ON table_name.col_name = table_name.id;
drawSQL-mysql-export-2026-02-09_featureflags,18,"Can you do a multi-step analysis: group things, filter, then rank the results?",HARD,"WITH grouped AS (
  SELECT name, COUNT(*) as cnt FROM features GROUP BY name
)
SELECT * FROM grouped WHERE cnt > 1 ORDER BY cnt DESC;","WITH grouped AS ( SELECT col_name, COUNT(*) as cnt FROM table_name GROUP BY col_name ) SELECT * FROM grouped WHERE cnt > num ORDER BY cnt DESC;"
drawSQL-mysql-export-2026-02-09_featureflags,19,Who or what is the best in each group?,HARD,"SELECT * FROM (
  SELECT *, ROW_NUMBER() OVER (PARTITION BY name ORDER BY id DESC) as rn
  FROM features
) WHERE rn = 1;","SELECT * FROM ( SELECT *, ROW_NUMBER() OVER (PARTITION BY col_name ORDER BY id DESC) as column_alias0 FROM table_name ) WHERE column_alias0 = num;"
drawSQL-mysql-export-2026-02-09_featureflags,20,Which ones are above average compared to others in their group?,HARD,SELECT * FROM features LIMIT 10;,SELECT * FROM table_name LIMIT num;
drawSQL-mysql-export-2026-02-09_flipper,1,How many flipper features do we have?,EASY,SELECT COUNT(*) FROM flipper_features;,SELECT COUNT(*) FROM table_name;
drawSQL-mysql-export-2026-02-09_flipper,2,Show me all of our flipper features.,EASY,SELECT * FROM flipper_features;,SELECT * FROM table_name;
drawSQL-mysql-export-2026-02-09_flipper,3,Can you look up a specific flipper feature?,EASY,SELECT * FROM flipper_features WHERE id = ?;,SELECT * FROM table_name WHERE id = num;
drawSQL-mysql-export-2026-02-09_flipper,4,What flipper features were added or changed recently?,EASY,SELECT * FROM flipper_features ORDER BY created_at DESC LIMIT 50;,SELECT * FROM table_name ORDER BY col_name DESC LIMIT num;
drawSQL-mysql-export-2026-02-09_flipper,5,How many flipper gates do we have?,EASY,SELECT COUNT(*) FROM flipper_features;,SELECT COUNT(*) FROM table_name;
drawSQL-mysql-export-2026-02-09_flipper,6,Show me all of our flipper gates.,EASY,SELECT * FROM flipper_features;,SELECT * FROM table_name;
drawSQL-mysql-export-2026-02-09_flipper,7,Can you look up a specific flipper gate?,EASY,SELECT * FROM flipper_features WHERE id = ?;,SELECT * FROM table_name WHERE id = num;
drawSQL-mysql-export-2026-02-09_flipper,8,What flipper gates were added or changed recently?,EASY,SELECT * FROM flipper_features ORDER BY created_at DESC LIMIT 50;,SELECT * FROM table_name ORDER BY col_name DESC LIMIT num;
drawSQL-mysql-export-2026-02-09_flipper,9,How many flipper features did we have last month?,MEDIUM,"SELECT COUNT(*) FROM flipper_features
WHERE created_at >= date('now', '-1 month');","SELECT COUNT(*) FROM table_name WHERE col_name >= date(string, string);"
drawSQL-mysql-export-2026-02-09_flipper,10,Break it down by type or category—how many flipper features in each?,MEDIUM,"SELECT feature_key, COUNT(*) as count FROM flipper_gates GROUP BY feature_key;","SELECT col_name, COUNT(*) as count FROM table_name GROUP BY col_name;"
drawSQL-mysql-export-2026-02-09_flipper,11,Are there any flipper features that don't have a match somewhere else?,MEDIUM,SELECT * FROM flipper_features LIMIT 10;,SELECT * FROM table_name LIMIT num;
drawSQL-mysql-export-2026-02-09_flipper,12,"For each group, what's in the top 3?",MEDIUM,SELECT * FROM flipper_features LIMIT 10;,SELECT * FROM table_name LIMIT num;
drawSQL-mysql-export-2026-02-09_flipper,13,What's our total or average value across all flipper gates?,MEDIUM,"SELECT SUM(value) as total, AVG(value) as average FROM flipper_gates;","SELECT SUM(value) as column_alias0, AVG(value) as average FROM table_name;"
drawSQL-mysql-export-2026-02-09_flipper,14,How many flipper gates did we have last month?,MEDIUM,"SELECT COUNT(*) FROM flipper_features
WHERE created_at >= date('now', '-1 month');","SELECT COUNT(*) FROM table_name WHERE col_name >= date(string, string);"
drawSQL-mysql-export-2026-02-09_flipper,15,Break it down by type or category—how many flipper gates in each?,MEDIUM,"SELECT feature_key, COUNT(*) as count FROM flipper_gates GROUP BY feature_key;","SELECT col_name, COUNT(*) as count FROM table_name GROUP BY col_name;"
drawSQL-mysql-export-2026-02-09_flipper,16,Which flipper gate has the highest or lowest value?,MEDIUM,SELECT * FROM flipper_gates ORDER BY value DESC LIMIT 1;,SELECT * FROM table_name ORDER BY value DESC LIMIT num;
drawSQL-mysql-export-2026-02-09_flipper,17,I need a report that pulls together info from several different places.,HARD,SELECT * FROM flipper_features;,SELECT * FROM table_name;
drawSQL-mysql-export-2026-02-09_flipper,18,"Can you do a multi-step analysis: group things, filter, then rank the results?",HARD,"WITH grouped AS (
  SELECT created_at, COUNT(*) as cnt FROM flipper_features GROUP BY created_at
)
SELECT * FROM grouped WHERE cnt > 1 ORDER BY cnt DESC;","WITH grouped AS ( SELECT col_name, COUNT(*) as cnt FROM table_name GROUP BY col_name ) SELECT * FROM grouped WHERE cnt > num ORDER BY cnt DESC;"
drawSQL-mysql-export-2026-02-09_flipper,19,Who or what is the best in each group?,HARD,"SELECT * FROM (
  SELECT *, ROW_NUMBER() OVER (PARTITION BY created_at ORDER BY id DESC) as rn
  FROM flipper_features
) WHERE rn = 1;","SELECT * FROM ( SELECT *, ROW_NUMBER() OVER (PARTITION BY col_name ORDER BY id DESC) as column_alias0 FROM table_name ) WHERE column_alias0 = num;"
drawSQL-mysql-export-2026-02-09_flipper,20,Which ones are above average compared to others in their group?,HARD,"SELECT * FROM flipper_gates
WHERE value > (SELECT AVG(value) FROM flipper_gates);",SELECT * FROM table_name WHERE value > (SELECT AVG(value) FROM table_name);
drawSQL-mysql-export-2026-02-09_freescout,1,How many tickets are still open?,EASY,SELECT * FROM activity_logs LIMIT 10;,SELECT * FROM table_name LIMIT num;
drawSQL-mysql-export-2026-02-09_freescout,2,Which tickets were created this week?,EASY,SELECT * FROM activity_logs LIMIT 10;,SELECT * FROM table_name LIMIT num;
drawSQL-mysql-export-2026-02-09_freescout,3,How many people signed up last month?,EASY,"SELECT COUNT(*) FROM users
WHERE created_at >= date('now', '-1 month');","SELECT COUNT(*) FROM table_name WHERE col_name >= date(string, string);"
drawSQL-mysql-export-2026-02-09_freescout,4,How many activity logs do we have?,EASY,SELECT COUNT(*) FROM activity_logs;,SELECT COUNT(*) FROM table_name;
drawSQL-mysql-export-2026-02-09_freescout,5,Show me all of our activity logs.,EASY,SELECT * FROM activity_logs;,SELECT * FROM table_name;
drawSQL-mysql-export-2026-02-09_freescout,6,Can you look up a specific activity log?,EASY,SELECT * FROM activity_logs WHERE id = ?;,SELECT * FROM table_name WHERE id = num;
drawSQL-mysql-export-2026-02-09_freescout,7,Find the activity log with a certain name or email.,EASY,SELECT * FROM activity_logs WHERE log_name = ?;,SELECT * FROM table_name WHERE col_name = num;
drawSQL-mysql-export-2026-02-09_freescout,8,What activity logs were added or changed recently?,EASY,SELECT * FROM activity_logs ORDER BY created_at DESC LIMIT 50;,SELECT * FROM table_name ORDER BY col_name DESC LIMIT num;
drawSQL-mysql-export-2026-02-09_freescout,9,How long does it take us to resolve tickets on average?,MEDIUM,SELECT * FROM activity_logs LIMIT 10;,SELECT * FROM table_name LIMIT num;
drawSQL-mysql-export-2026-02-09_freescout,10,Who are our most active users?,MEDIUM,SELECT * FROM users ORDER BY created_at DESC LIMIT 10;,SELECT * FROM table_name ORDER BY col_name DESC LIMIT num;
drawSQL-mysql-export-2026-02-09_freescout,11,How many activity logs did we have last month?,MEDIUM,"SELECT COUNT(*) FROM activity_logs
WHERE created_at >= date('now', '-1 month');","SELECT COUNT(*) FROM table_name WHERE col_name >= date(string, string);"
drawSQL-mysql-export-2026-02-09_freescout,12,Break it down by type or category—how many activity logs in each?,MEDIUM,"SELECT subject_type, COUNT(*) as count FROM activity_logs GROUP BY subject_type;","SELECT col_name, COUNT(*) as count FROM table_name GROUP BY col_name;"
drawSQL-mysql-export-2026-02-09_freescout,13,Are there any activity logs that don't have a match somewhere else?,MEDIUM,SELECT * FROM activity_logs LIMIT 10;,SELECT * FROM table_name LIMIT num;
drawSQL-mysql-export-2026-02-09_freescout,14,"For each group, what's in the top 3?",MEDIUM,"SELECT * FROM (
  SELECT *, ROW_NUMBER() OVER (PARTITION BY subject_type ORDER BY id DESC) as rn
  FROM activity_logs
) WHERE rn <= 3;","SELECT * FROM ( SELECT *, ROW_NUMBER() OVER (PARTITION BY col_name ORDER BY id DESC) as column_alias0 FROM table_name ) WHERE column_alias0 <= num;"
drawSQL-mysql-export-2026-02-09_freescout,15,Break it down by type or category—how many attachments in each?,MEDIUM,"SELECT subject_type, COUNT(*) as count FROM activity_logs GROUP BY subject_type;","SELECT col_name, COUNT(*) as count FROM table_name GROUP BY col_name;"
drawSQL-mysql-export-2026-02-09_freescout,16,Are there any attachments that don't have a match somewhere else?,MEDIUM,SELECT * FROM activity_logs LIMIT 10;,SELECT * FROM table_name LIMIT num;
drawSQL-mysql-export-2026-02-09_freescout,17,I need a report that pulls together info from several different places.,HARD,"SELECT * FROM attachments
LEFT JOIN threads ON attachments.thread_id = threads.id
LEFT JOIN users ON attachments.user_id = users.id;",SELECT * FROM table_name LEFT JOIN table_name ON table_name.col_name = table_name.id LEFT JOIN table_name ON table_name.col_name = table_name.id;
drawSQL-mysql-export-2026-02-09_freescout,18,"Can you do a multi-step analysis: group things, filter, then rank the results?",HARD,"WITH grouped AS (
  SELECT subject_type, COUNT(*) as cnt FROM activity_logs GROUP BY subject_type
)
SELECT * FROM grouped WHERE cnt > 1 ORDER BY cnt DESC;","WITH grouped AS ( SELECT col_name, COUNT(*) as cnt FROM table_name GROUP BY col_name ) SELECT * FROM grouped WHERE cnt > num ORDER BY cnt DESC;"
drawSQL-mysql-export-2026-02-09_freescout,19,Who or what is the best in each group?,HARD,"SELECT * FROM (
  SELECT *, ROW_NUMBER() OVER (PARTITION BY subject_type ORDER BY id DESC) as rn
  FROM activity_logs
) WHERE rn = 1;","SELECT * FROM ( SELECT *, ROW_NUMBER() OVER (PARTITION BY col_name ORDER BY id DESC) as column_alias0 FROM table_name ) WHERE column_alias0 = num;"
drawSQL-mysql-export-2026-02-09_freescout,20,Which ones are above average compared to others in their group?,HARD,"SELECT * FROM ltm_translations t1
WHERE value > (
  SELECT AVG(value) FROM ltm_translations t2 WHERE t2.group = t1.group
);",SELECT * FROM table_name table_alias0 WHERE value > ( SELECT AVG(value) FROM table_name table_alias1 WHERE table_alias1.group = table_alias0.group );
drawSQL-mysql-export-2026-02-09_gravity,1,How many people signed up last month?,EASY,"SELECT COUNT(*) FROM account
WHERE date_created >= date('now', '-1 month');","SELECT COUNT(*) FROM table_name WHERE col_name >= date(string, string);"
drawSQL-mysql-export-2026-02-09_gravity,2,How many account do we have?,EASY,SELECT COUNT(*) FROM account;,SELECT COUNT(*) FROM table_name;
drawSQL-mysql-export-2026-02-09_gravity,3,Show me all of our account.,EASY,SELECT * FROM account;,SELECT * FROM table_name;
drawSQL-mysql-export-2026-02-09_gravity,4,Can you look up a specific account?,EASY,SELECT * FROM account WHERE id = ?;,SELECT * FROM table_name WHERE id = num;
drawSQL-mysql-export-2026-02-09_gravity,5,Find the account with a certain name or email.,EASY,SELECT * FROM account WHERE email = ?;,SELECT * FROM table_name WHERE col_name = num;
drawSQL-mysql-export-2026-02-09_gravity,6,Which account are currently active or turned on?,EASY,SELECT * FROM account WHERE active = 1;,SELECT * FROM table_name WHERE col_name = num;
drawSQL-mysql-export-2026-02-09_gravity,7,What account were added or changed recently?,EASY,SELECT * FROM account ORDER BY date_created DESC LIMIT 50;,SELECT * FROM table_name ORDER BY col_name DESC LIMIT num;
drawSQL-mysql-export-2026-02-09_gravity,8,What are the different email values we have?,EASY,SELECT * FROM account LIMIT 10;,SELECT * FROM table_name LIMIT num;
drawSQL-mysql-export-2026-02-09_gravity,9,Who are our most active users?,MEDIUM,SELECT * FROM account LIMIT 10;,SELECT * FROM table_name LIMIT num;
drawSQL-mysql-export-2026-02-09_gravity,10,Show me each account along with its related details.,MEDIUM,"SELECT t.*, c.*
FROM account t
LEFT JOIN invite c ON c.account_id = t.id;","SELECT table_alias0.*, table_alias1.* FROM table_name table_alias0 LEFT JOIN table_name table_alias1 ON table_alias1.col_name = table_alias0.id;"
drawSQL-mysql-export-2026-02-09_gravity,11,How many account did we have last month?,MEDIUM,"SELECT COUNT(*) FROM account
WHERE date_created >= date('now', '-1 month');","SELECT COUNT(*) FROM table_name WHERE col_name >= date(string, string);"
drawSQL-mysql-export-2026-02-09_gravity,12,Break it down by type or category—how many account in each?,MEDIUM,"SELECT email, COUNT(*) as count FROM account GROUP BY email;","SELECT col_name, COUNT(*) as count FROM table_name GROUP BY col_name;"
drawSQL-mysql-export-2026-02-09_gravity,13,Are there any account that don't have a match somewhere else?,MEDIUM,"SELECT * FROM account
WHERE id NOT IN (SELECT DISTINCT account_id FROM invite WHERE account_id IS NOT NULL);",SELECT * FROM table_name WHERE id NOT IN (SELECT DISTINCT col_name FROM table_name WHERE col_name IS NOT NULL);
drawSQL-mysql-export-2026-02-09_gravity,14,"For each group, what's in the top 3?",MEDIUM,SELECT * FROM account LIMIT 10;,SELECT * FROM table_name LIMIT num;
drawSQL-mysql-export-2026-02-09_gravity,15,How many invitations did we have last month?,MEDIUM,"SELECT COUNT(*) FROM account
WHERE date_created >= date('now', '-1 month');","SELECT COUNT(*) FROM table_name WHERE col_name >= date(string, string);"
drawSQL-mysql-export-2026-02-09_gravity,16,Break it down by type or category—how many invitations in each?,MEDIUM,"SELECT email, COUNT(*) as count FROM account GROUP BY email;","SELECT col_name, COUNT(*) as count FROM table_name GROUP BY col_name;"
drawSQL-mysql-export-2026-02-09_gravity,17,I need a report that pulls together info from several different places.,HARD,"SELECT * FROM invite
LEFT JOIN account ON invite.account_id = account.id;",SELECT * FROM table_name LEFT JOIN table_name ON table_name.col_name = table_name.id;
drawSQL-mysql-export-2026-02-09_gravity,18,"Can you do a multi-step analysis: group things, filter, then rank the results?",HARD,"WITH grouped AS (
  SELECT email, COUNT(*) as cnt FROM account GROUP BY email
)
SELECT * FROM grouped WHERE cnt > 1 ORDER BY cnt DESC;","WITH grouped AS ( SELECT col_name, COUNT(*) as cnt FROM table_name GROUP BY col_name ) SELECT * FROM grouped WHERE cnt > num ORDER BY cnt DESC;"
drawSQL-mysql-export-2026-02-09_gravity,19,Who or what is the best in each group?,HARD,"SELECT * FROM (
  SELECT *, ROW_NUMBER() OVER (PARTITION BY email ORDER BY id DESC) as rn
  FROM account
) WHERE rn = 1;","SELECT * FROM ( SELECT *, ROW_NUMBER() OVER (PARTITION BY col_name ORDER BY id DESC) as column_alias0 FROM table_name ) WHERE column_alias0 = num;"
drawSQL-mysql-export-2026-02-09_gravity,20,Which ones are above average compared to others in their group?,HARD,SELECT * FROM account LIMIT 10;,SELECT * FROM table_name LIMIT num;
drawSQL-mysql-export-2026-02-09_handesk,1,How many tickets are still open?,EASY,"SELECT COUNT(*) FROM tickets WHERE status IN ('open', 'pending', 0);","SELECT COUNT(*) FROM table_name WHERE col_name IN (string, string, num);"
drawSQL-mysql-export-2026-02-09_handesk,2,Which tickets were created this week?,EASY,"SELECT * FROM tickets
WHERE created_at >= date('now', '-7 days');","SELECT * FROM table_name WHERE col_name >= date(string, string);"
drawSQL-mysql-export-2026-02-09_handesk,3,How many people signed up last month?,EASY,"SELECT COUNT(*) FROM users
WHERE created_at >= date('now', '-1 month');","SELECT COUNT(*) FROM table_name WHERE col_name >= date(string, string);"
drawSQL-mysql-export-2026-02-09_handesk,4,How many people are on each team?,EASY,SELECT * FROM attachments LIMIT 10;,SELECT * FROM table_name LIMIT num;
drawSQL-mysql-export-2026-02-09_handesk,5,Which invitations haven't been accepted yet?,EASY,SELECT * FROM attachments LIMIT 10;,SELECT * FROM table_name LIMIT num;
drawSQL-mysql-export-2026-02-09_handesk,6,How many attachments do we have?,EASY,SELECT COUNT(*) FROM attachments;,SELECT COUNT(*) FROM table_name;
drawSQL-mysql-export-2026-02-09_handesk,7,Show me all of our attachments.,EASY,SELECT * FROM attachments;,SELECT * FROM table_name;
drawSQL-mysql-export-2026-02-09_handesk,8,Can you look up a specific attachment?,EASY,SELECT * FROM attachments WHERE id = ?;,SELECT * FROM table_name WHERE id = num;
drawSQL-mysql-export-2026-02-09_handesk,9,How long does it take us to resolve tickets on average?,MEDIUM,SELECT * FROM tickets LIMIT 10;,SELECT * FROM table_name LIMIT num;
drawSQL-mysql-export-2026-02-09_handesk,10,Who are our most active users?,MEDIUM,SELECT * FROM users ORDER BY created_at DESC LIMIT 10;,SELECT * FROM table_name ORDER BY col_name DESC LIMIT num;
drawSQL-mysql-export-2026-02-09_handesk,11,How many attachments did we have last month?,MEDIUM,"SELECT COUNT(*) FROM attachments
WHERE created_at >= date('now', '-1 month');","SELECT COUNT(*) FROM table_name WHERE col_name >= date(string, string);"
drawSQL-mysql-export-2026-02-09_handesk,12,Break it down by type or category—how many attachments in each?,MEDIUM,"SELECT attachable_type, COUNT(*) as count FROM attachments GROUP BY attachable_type;","SELECT col_name, COUNT(*) as count FROM table_name GROUP BY col_name;"
drawSQL-mysql-export-2026-02-09_handesk,13,Are there any attachments that don't have a match somewhere else?,MEDIUM,SELECT * FROM attachments LIMIT 10;,SELECT * FROM table_name LIMIT num;
drawSQL-mysql-export-2026-02-09_handesk,14,"For each group, what's in the top 3?",MEDIUM,"SELECT * FROM (
  SELECT *, ROW_NUMBER() OVER (PARTITION BY attachable_type ORDER BY id DESC) as rn
  FROM attachments
) WHERE rn <= 3;","SELECT * FROM ( SELECT *, ROW_NUMBER() OVER (PARTITION BY col_name ORDER BY id DESC) as column_alias0 FROM table_name ) WHERE column_alias0 <= num;"
drawSQL-mysql-export-2026-02-09_handesk,15,How many comments did we have last month?,MEDIUM,"SELECT COUNT(*) FROM attachments
WHERE created_at >= date('now', '-1 month');","SELECT COUNT(*) FROM table_name WHERE col_name >= date(string, string);"
drawSQL-mysql-export-2026-02-09_handesk,16,Break it down by type or category—how many comments in each?,MEDIUM,"SELECT attachable_type, COUNT(*) as count FROM attachments GROUP BY attachable_type;","SELECT col_name, COUNT(*) as count FROM table_name GROUP BY col_name;"
drawSQL-mysql-export-2026-02-09_handesk,17,I need a report that pulls together info from several different places.,HARD,"SELECT * FROM comments
LEFT JOIN tickets ON comments.ticket_id = tickets.id;",SELECT * FROM table_name LEFT JOIN table_name ON table_name.col_name = table_name.id;
drawSQL-mysql-export-2026-02-09_handesk,18,"Can you do a multi-step analysis: group things, filter, then rank the results?",HARD,"WITH grouped AS (
  SELECT attachable_type, COUNT(*) as cnt FROM attachments GROUP BY attachable_type
)
SELECT * FROM grouped WHERE cnt > 1 ORDER BY cnt DESC;","WITH grouped AS ( SELECT col_name, COUNT(*) as cnt FROM table_name GROUP BY col_name ) SELECT * FROM grouped WHERE cnt > num ORDER BY cnt DESC;"
drawSQL-mysql-export-2026-02-09_handesk,19,Who or what is the best in each group?,HARD,"SELECT * FROM (
  SELECT *, ROW_NUMBER() OVER (PARTITION BY attachable_type ORDER BY id DESC) as rn
  FROM attachments
) WHERE rn = 1;","SELECT * FROM ( SELECT *, ROW_NUMBER() OVER (PARTITION BY col_name ORDER BY id DESC) as column_alias0 FROM table_name ) WHERE column_alias0 = num;"
drawSQL-mysql-export-2026-02-09_handesk,20,Which ones are above average compared to others in their group?,HARD,"SELECT * FROM kpis t1
WHERE total > (
  SELECT AVG(total) FROM kpis t2 WHERE t2.type = t1.type
);",SELECT * FROM table_name table_alias0 WHERE col_name > ( SELECT AVG(col_name) FROM table_name table_alias1 WHERE table_alias1.col_name = table_alias0.col_name );
drawSQL-mysql-export-2026-02-09_homeland,1,How many people signed up last month?,EASY,"SELECT COUNT(*) FROM users
WHERE created_at >= date('now', '-1 month');","SELECT COUNT(*) FROM table_name WHERE col_name >= date(string, string);"
drawSQL-mysql-export-2026-02-09_homeland,2,How many people are on each team?,EASY,SELECT * FROM users LIMIT 10;,SELECT * FROM table_name LIMIT num;
drawSQL-mysql-export-2026-02-09_homeland,3,Which invitations haven't been accepted yet?,EASY,SELECT * FROM users LIMIT 10;,SELECT * FROM table_name LIMIT num;
drawSQL-mysql-export-2026-02-09_homeland,4,How many users do we have?,EASY,SELECT COUNT(*) FROM users;,SELECT COUNT(*) FROM table_name;
drawSQL-mysql-export-2026-02-09_homeland,5,Show me all of our users.,EASY,SELECT * FROM users;,SELECT * FROM table_name;
drawSQL-mysql-export-2026-02-09_homeland,6,Can you look up a specific user?,EASY,SELECT * FROM users WHERE id = ?;,SELECT * FROM table_name WHERE id = num;
drawSQL-mysql-export-2026-02-09_homeland,7,Find the user with a certain name or email.,EASY,SELECT * FROM users WHERE name = ?;,SELECT * FROM table_name WHERE col_name = num;
drawSQL-mysql-export-2026-02-09_homeland,8,What users were added or changed recently?,EASY,SELECT * FROM users ORDER BY created_at DESC LIMIT 50;,SELECT * FROM table_name ORDER BY col_name DESC LIMIT num;
drawSQL-mysql-export-2026-02-09_homeland,9,Who are our most active users?,MEDIUM,SELECT * FROM users ORDER BY created_at DESC LIMIT 10;,SELECT * FROM table_name ORDER BY col_name DESC LIMIT num;
drawSQL-mysql-export-2026-02-09_homeland,10,Show me each user along with its related details.,MEDIUM,"SELECT t.*, c.*
FROM users t
LEFT JOIN users c ON c.id = t.location_id;","SELECT table_alias0.*, table_alias1.* FROM table_name table_alias0 LEFT JOIN table_name table_alias1 ON table_alias1.id = table_alias0.col_name;"
drawSQL-mysql-export-2026-02-09_homeland,11,How many users did we have last month?,MEDIUM,"SELECT COUNT(*) FROM users
WHERE created_at >= date('now', '-1 month');","SELECT COUNT(*) FROM table_name WHERE col_name >= date(string, string);"
drawSQL-mysql-export-2026-02-09_homeland,12,Break it down by type or category—how many users in each?,MEDIUM,"SELECT login, COUNT(*) as count FROM users GROUP BY login;","SELECT col_name, COUNT(*) as count FROM table_name GROUP BY col_name;"
drawSQL-mysql-export-2026-02-09_homeland,13,Are there any users that don't have a match somewhere else?,MEDIUM,SELECT * FROM users LIMIT 10;,SELECT * FROM table_name LIMIT num;
drawSQL-mysql-export-2026-02-09_homeland,14,"For each group, what's in the top 3?",MEDIUM,SELECT * FROM users LIMIT 10;,SELECT * FROM table_name LIMIT num;
drawSQL-mysql-export-2026-02-09_homeland,15,Show me each topic along with its related details.,MEDIUM,"SELECT t.*, c.*
FROM users t
LEFT JOIN users c ON c.id = t.location_id;","SELECT table_alias0.*, table_alias1.* FROM table_name table_alias0 LEFT JOIN table_name table_alias1 ON table_alias1.id = table_alias0.col_name;"
drawSQL-mysql-export-2026-02-09_homeland,16,How many topics did we have last month?,MEDIUM,"SELECT COUNT(*) FROM users
WHERE created_at >= date('now', '-1 month');","SELECT COUNT(*) FROM table_name WHERE col_name >= date(string, string);"
drawSQL-mysql-export-2026-02-09_homeland,17,I need a report that pulls together info from several different places.,HARD,"SELECT * FROM users
LEFT JOIN users ON users.id = users.location_id
LEFT JOIN topics ON users.id = topics.user_id
LEFT JOIN notes ON users.id = notes.user_id;",SELECT * FROM table_name LEFT JOIN table_name ON table_name.id = table_name.col_name LEFT JOIN table_name ON table_name.id = table_name.col_name LEFT JOIN table_name ON table_name.id = table_name.col_name;
drawSQL-mysql-export-2026-02-09_homeland,18,"Can you do a multi-step analysis: group things, filter, then rank the results?",HARD,"WITH grouped AS (
  SELECT login, COUNT(*) as cnt FROM users GROUP BY login
)
SELECT * FROM grouped WHERE cnt > 1 ORDER BY cnt DESC;","WITH grouped AS ( SELECT col_name, COUNT(*) as cnt FROM table_name GROUP BY col_name ) SELECT * FROM grouped WHERE cnt > num ORDER BY cnt DESC;"
drawSQL-mysql-export-2026-02-09_homeland,19,Who or what is the best in each group?,HARD,"SELECT * FROM (
  SELECT *, ROW_NUMBER() OVER (PARTITION BY login ORDER BY id DESC) as rn
  FROM users
) WHERE rn = 1;","SELECT * FROM ( SELECT *, ROW_NUMBER() OVER (PARTITION BY col_name ORDER BY id DESC) as column_alias0 FROM table_name ) WHERE column_alias0 = num;"
drawSQL-mysql-export-2026-02-09_homeland,20,Which ones are above average compared to others in their group?,HARD,"SELECT * FROM settings t1
WHERE value > (
  SELECT AVG(value) FROM settings t2 WHERE t2.thing_type = t1.thing_type
);",SELECT * FROM table_name table_alias0 WHERE value > ( SELECT AVG(value) FROM table_name table_alias1 WHERE table_alias1.col_name = table_alias0.col_name );
drawSQL-mysql-export-2026-02-09_jetstream,1,How many people signed up last month?,EASY,"SELECT COUNT(*) FROM users
WHERE created_at >= date('now', '-1 month');","SELECT COUNT(*) FROM table_name WHERE col_name >= date(string, string);"
drawSQL-mysql-export-2026-02-09_jetstream,2,How many people are on each team?,EASY,SELECT * FROM personal_access_tokens LIMIT 10;,SELECT * FROM table_name LIMIT num;
drawSQL-mysql-export-2026-02-09_jetstream,3,Which invitations haven't been accepted yet?,EASY,SELECT * FROM personal_access_tokens LIMIT 10;,SELECT * FROM table_name LIMIT num;
drawSQL-mysql-export-2026-02-09_jetstream,4,How many personal access tokens do we have?,EASY,SELECT COUNT(*) FROM personal_access_tokens;,SELECT COUNT(*) FROM table_name;
drawSQL-mysql-export-2026-02-09_jetstream,5,Show me all of our personal access tokens.,EASY,SELECT * FROM personal_access_tokens;,SELECT * FROM table_name;
drawSQL-mysql-export-2026-02-09_jetstream,6,Can you look up a specific personal access token?,EASY,SELECT * FROM personal_access_tokens WHERE id = ?;,SELECT * FROM table_name WHERE id = num;
drawSQL-mysql-export-2026-02-09_jetstream,7,Find the personal access token with a certain name or email.,EASY,SELECT * FROM personal_access_tokens WHERE name = ?;,SELECT * FROM table_name WHERE col_name = num;
drawSQL-mysql-export-2026-02-09_jetstream,8,What personal access tokens were added or changed recently?,EASY,SELECT * FROM personal_access_tokens ORDER BY created_at DESC LIMIT 50;,SELECT * FROM table_name ORDER BY col_name DESC LIMIT num;
drawSQL-mysql-export-2026-02-09_jetstream,9,Who are our most active users?,MEDIUM,SELECT * FROM users ORDER BY created_at DESC LIMIT 10;,SELECT * FROM table_name ORDER BY col_name DESC LIMIT num;
drawSQL-mysql-export-2026-02-09_jetstream,10,How many personal access tokens did we have last month?,MEDIUM,"SELECT COUNT(*) FROM personal_access_tokens
WHERE created_at >= date('now', '-1 month');","SELECT COUNT(*) FROM table_name WHERE col_name >= date(string, string);"
drawSQL-mysql-export-2026-02-09_jetstream,11,Break it down by type or category—how many personal access tokens in each?,MEDIUM,"SELECT tokenable_type, COUNT(*) as count FROM personal_access_tokens GROUP BY tokenable_type;","SELECT col_name, COUNT(*) as count FROM table_name GROUP BY col_name;"
drawSQL-mysql-export-2026-02-09_jetstream,12,Are there any personal access tokens that don't have a match somewhere else?,MEDIUM,SELECT * FROM personal_access_tokens LIMIT 10;,SELECT * FROM table_name LIMIT num;
drawSQL-mysql-export-2026-02-09_jetstream,13,"For each group, what's in the top 3?",MEDIUM,"SELECT * FROM (
  SELECT *, ROW_NUMBER() OVER (PARTITION BY tokenable_type ORDER BY id DESC) as rn
  FROM personal_access_tokens
) WHERE rn <= 3;","SELECT * FROM ( SELECT *, ROW_NUMBER() OVER (PARTITION BY col_name ORDER BY id DESC) as column_alias0 FROM table_name ) WHERE column_alias0 <= num;"
drawSQL-mysql-export-2026-02-09_jetstream,14,How many users did we have last month?,MEDIUM,"SELECT COUNT(*) FROM users
WHERE created_at >= date('now', '-1 month');","SELECT COUNT(*) FROM table_name WHERE col_name >= date(string, string);"
drawSQL-mysql-export-2026-02-09_jetstream,15,Break it down by type or category—how many users in each?,MEDIUM,"SELECT name, COUNT(*) as count FROM users GROUP BY name;","SELECT col_name, COUNT(*) as count FROM table_name GROUP BY col_name;"
drawSQL-mysql-export-2026-02-09_jetstream,16,Are there any users that don't have a match somewhere else?,MEDIUM,"SELECT * FROM users
WHERE id NOT IN (SELECT DISTINCT user_id FROM team_user WHERE user_id IS NOT NULL);",SELECT * FROM table_name WHERE id NOT IN (SELECT DISTINCT col_name FROM table_name WHERE col_name IS NOT NULL);
drawSQL-mysql-export-2026-02-09_jetstream,17,I need a report that pulls together info from several different places.,HARD,"SELECT * FROM team_user
LEFT JOIN users ON team_user.user_id = users.id
LEFT JOIN teams ON team_user.team_id = teams.id;",SELECT * FROM table_name LEFT JOIN table_name ON table_name.col_name = table_name.id LEFT JOIN table_name ON table_name.col_name = table_name.id;
drawSQL-mysql-export-2026-02-09_jetstream,18,"Can you do a multi-step analysis: group things, filter, then rank the results?",HARD,"WITH grouped AS (
  SELECT tokenable_type, COUNT(*) as cnt FROM personal_access_tokens GROUP BY tokenable_type
)
SELECT * FROM grouped WHERE cnt > 1 ORDER BY cnt DESC;","WITH grouped AS ( SELECT col_name, COUNT(*) as cnt FROM table_name GROUP BY col_name ) SELECT * FROM grouped WHERE cnt > num ORDER BY cnt DESC;"
drawSQL-mysql-export-2026-02-09_jetstream,19,Who or what is the best in each group?,HARD,"SELECT * FROM (
  SELECT *, ROW_NUMBER() OVER (PARTITION BY tokenable_type ORDER BY id DESC) as rn
  FROM personal_access_tokens
) WHERE rn = 1;","SELECT * FROM ( SELECT *, ROW_NUMBER() OVER (PARTITION BY col_name ORDER BY id DESC) as column_alias0 FROM table_name ) WHERE column_alias0 = num;"
drawSQL-mysql-export-2026-02-09_jetstream,20,Which ones are above average compared to others in their group?,HARD,SELECT * FROM personal_access_tokens LIMIT 10;,SELECT * FROM table_name LIMIT num;
drawSQL-mysql-export-2026-02-09_larametrics,1,How many people signed up last month?,EASY,SELECT COUNT(*) FROM users;,SELECT COUNT(*) FROM table_name;
drawSQL-mysql-export-2026-02-09_larametrics,2,How many metrics do we have?,EASY,SELECT COUNT(*) FROM larametrics_logs;,SELECT COUNT(*) FROM table_name;
drawSQL-mysql-export-2026-02-09_larametrics,3,Show me all of our metrics.,EASY,SELECT * FROM larametrics_logs;,SELECT * FROM table_name;
drawSQL-mysql-export-2026-02-09_larametrics,4,Can you look up a specific metric?,EASY,SELECT * FROM larametrics_logs WHERE id = ?;,SELECT * FROM table_name WHERE id = num;
drawSQL-mysql-export-2026-02-09_larametrics,5,Find the metric with a certain name or email.,EASY,SELECT * FROM larametrics_logs WHERE email = ?;,SELECT * FROM table_name WHERE col_name = num;
drawSQL-mysql-export-2026-02-09_larametrics,6,What metrics were added or changed recently?,EASY,SELECT * FROM larametrics_logs ORDER BY created_at DESC LIMIT 50;,SELECT * FROM table_name ORDER BY col_name DESC LIMIT num;
drawSQL-mysql-export-2026-02-09_larametrics,7,What are the different level values we have?,EASY,SELECT * FROM larametrics_logs LIMIT 10;,SELECT * FROM table_name LIMIT num;
drawSQL-mysql-export-2026-02-09_larametrics,8,What are the different model values we have?,EASY,SELECT * FROM larametrics_logs LIMIT 10;,SELECT * FROM table_name LIMIT num;
drawSQL-mysql-export-2026-02-09_larametrics,9,Who are our most active users?,MEDIUM,SELECT * FROM users ORDER BY created_at DESC LIMIT 10;,SELECT * FROM table_name ORDER BY col_name DESC LIMIT num;
drawSQL-mysql-export-2026-02-09_larametrics,10,How many metrics did we have last month?,MEDIUM,"SELECT COUNT(*) FROM larametrics_logs
WHERE created_at >= date('now', '-1 month');","SELECT COUNT(*) FROM table_name WHERE col_name >= date(string, string);"
drawSQL-mysql-export-2026-02-09_larametrics,11,Break it down by type or category—how many metrics in each?,MEDIUM,"SELECT level, COUNT(*) as count FROM larametrics_logs GROUP BY level;","SELECT col_name, COUNT(*) as count FROM table_name GROUP BY col_name;"
drawSQL-mysql-export-2026-02-09_larametrics,12,Are there any metrics that don't have a match somewhere else?,MEDIUM,SELECT * FROM larametrics_logs LIMIT 10;,SELECT * FROM table_name LIMIT num;
drawSQL-mysql-export-2026-02-09_larametrics,13,"For each group, what's in the top 3?",MEDIUM,SELECT * FROM larametrics_logs LIMIT 10;,SELECT * FROM table_name LIMIT num;
drawSQL-mysql-export-2026-02-09_larametrics,14,Show me each user along with its related details.,MEDIUM,SELECT * FROM larametrics_logs;,SELECT * FROM table_name;
drawSQL-mysql-export-2026-02-09_larametrics,15,Break it down by type or category—how many users in each?,MEDIUM,"SELECT id, COUNT(*) as count FROM users GROUP BY id;","SELECT id, COUNT(*) as count FROM table_name GROUP BY id;"
drawSQL-mysql-export-2026-02-09_larametrics,16,Are there any users that don't have a match somewhere else?,MEDIUM,"SELECT * FROM users
WHERE id NOT IN (SELECT DISTINCT user_id FROM larametrics_logs WHERE user_id IS NOT NULL);",SELECT * FROM table_name WHERE id NOT IN (SELECT DISTINCT col_name FROM table_name WHERE col_name IS NOT NULL);
drawSQL-mysql-export-2026-02-09_larametrics,17,I need a report that pulls together info from several different places.,HARD,"SELECT * FROM larametrics_logs
LEFT JOIN users ON larametrics_logs.user_id = users.id;",SELECT * FROM table_name LEFT JOIN table_name ON table_name.col_name = table_name.id;
drawSQL-mysql-export-2026-02-09_larametrics,18,"Can you do a multi-step analysis: group things, filter, then rank the results?",HARD,"WITH grouped AS (
  SELECT level, COUNT(*) as cnt FROM larametrics_logs GROUP BY level
)
SELECT * FROM grouped WHERE cnt > 1 ORDER BY cnt DESC;","WITH grouped AS ( SELECT col_name, COUNT(*) as cnt FROM table_name GROUP BY col_name ) SELECT * FROM grouped WHERE cnt > num ORDER BY cnt DESC;"
drawSQL-mysql-export-2026-02-09_larametrics,19,Who or what is the best in each group?,HARD,"SELECT * FROM (
  SELECT *, ROW_NUMBER() OVER (PARTITION BY level ORDER BY id DESC) as rn
  FROM larametrics_logs
) WHERE rn = 1;","SELECT * FROM ( SELECT *, ROW_NUMBER() OVER (PARTITION BY col_name ORDER BY id DESC) as column_alias0 FROM table_name ) WHERE column_alias0 = num;"
drawSQL-mysql-export-2026-02-09_larametrics,20,Which ones are above average compared to others in their group?,HARD,SELECT * FROM larametrics_logs LIMIT 10;,SELECT * FROM table_name LIMIT num;
drawSQL-mysql-export-2026-02-09_laratrust,1,How many people signed up last month?,EASY,SELECT COUNT(*) FROM users;,SELECT COUNT(*) FROM table_name;
drawSQL-mysql-export-2026-02-09_laratrust,2,How many permission role do we have?,EASY,SELECT COUNT(*) FROM permission_role;,SELECT COUNT(*) FROM table_name;
drawSQL-mysql-export-2026-02-09_laratrust,3,Show me all of our permission role.,EASY,SELECT * FROM permission_role;,SELECT * FROM table_name;
drawSQL-mysql-export-2026-02-09_laratrust,4,Can you look up a specific permission role?,EASY,SELECT * FROM permissions WHERE id = ?;,SELECT * FROM table_name WHERE id = num;
drawSQL-mysql-export-2026-02-09_laratrust,5,What are the different permission id values we have?,EASY,SELECT * FROM permission_role LIMIT 10;,SELECT * FROM table_name LIMIT num;
drawSQL-mysql-export-2026-02-09_laratrust,6,How many users do we have?,EASY,SELECT COUNT(*) FROM users;,SELECT COUNT(*) FROM table_name;
drawSQL-mysql-export-2026-02-09_laratrust,7,Show me all of our users.,EASY,SELECT * FROM users;,SELECT * FROM table_name;
drawSQL-mysql-export-2026-02-09_laratrust,8,Can you look up a specific user?,EASY,SELECT * FROM permissions WHERE id = ?;,SELECT * FROM table_name WHERE id = num;
drawSQL-mysql-export-2026-02-09_laratrust,9,Who are our most active users?,MEDIUM,SELECT * FROM users ORDER BY created_at DESC LIMIT 10;,SELECT * FROM table_name ORDER BY col_name DESC LIMIT num;
drawSQL-mysql-export-2026-02-09_laratrust,10,Break it down by type or category—how many permission role in each?,MEDIUM,"SELECT permission_id, COUNT(*) as count FROM permission_role GROUP BY permission_id;","SELECT col_name, COUNT(*) as count FROM table_name GROUP BY col_name;"
drawSQL-mysql-export-2026-02-09_laratrust,11,Are there any permission role that don't have a match somewhere else?,MEDIUM,SELECT * FROM permission_role LIMIT 10;,SELECT * FROM table_name LIMIT num;
drawSQL-mysql-export-2026-02-09_laratrust,12,"For each group, what's in the top 3?",MEDIUM,"SELECT * FROM (
  SELECT *, ROW_NUMBER() OVER (PARTITION BY user_type ORDER BY id DESC) as rn
  FROM permission_user
) WHERE rn <= 3;","SELECT * FROM ( SELECT *, ROW_NUMBER() OVER (PARTITION BY col_name ORDER BY id DESC) as column_alias0 FROM table_name ) WHERE column_alias0 <= num;"
drawSQL-mysql-export-2026-02-09_laratrust,13,Break it down by type or category—how many users in each?,MEDIUM,"SELECT id, COUNT(*) as count FROM users GROUP BY id;","SELECT id, COUNT(*) as count FROM table_name GROUP BY id;"
drawSQL-mysql-export-2026-02-09_laratrust,14,Are there any users that don't have a match somewhere else?,MEDIUM,"SELECT * FROM users
WHERE id NOT IN (SELECT DISTINCT user_id FROM permission_user WHERE user_id IS NOT NULL);",SELECT * FROM table_name WHERE id NOT IN (SELECT DISTINCT col_name FROM table_name WHERE col_name IS NOT NULL);
drawSQL-mysql-export-2026-02-09_laratrust,15,Show me each permission along with its related details.,MEDIUM,SELECT * FROM permission_role;,SELECT * FROM table_name;
drawSQL-mysql-export-2026-02-09_laratrust,16,How many permissions did we have last month?,MEDIUM,"SELECT COUNT(*) FROM permissions
WHERE created_at >= date('now', '-1 month');","SELECT COUNT(*) FROM table_name WHERE col_name >= date(string, string);"
drawSQL-mysql-export-2026-02-09_laratrust,17,I need a report that pulls together info from several different places.,HARD,"SELECT * FROM permission_role
LEFT JOIN permissions ON permission_role.permission_id = permissions.id;",SELECT * FROM table_name LEFT JOIN table_name ON table_name.col_name = table_name.id;
drawSQL-mysql-export-2026-02-09_laratrust,18,"Can you do a multi-step analysis: group things, filter, then rank the results?",HARD,"WITH grouped AS (
  SELECT role_id, COUNT(*) as cnt FROM permission_role GROUP BY role_id
)
SELECT * FROM grouped WHERE cnt > 1 ORDER BY cnt DESC;","WITH grouped AS ( SELECT col_name, COUNT(*) as cnt FROM table_name GROUP BY col_name ) SELECT * FROM grouped WHERE cnt > num ORDER BY cnt DESC;"
drawSQL-mysql-export-2026-02-09_laratrust,19,Who or what is the best in each group?,HARD,"SELECT * FROM (
  SELECT *, ROW_NUMBER() OVER (PARTITION BY role_id ORDER BY id DESC) as rn
  FROM permission_role
) WHERE rn = 1;","SELECT * FROM ( SELECT *, ROW_NUMBER() OVER (PARTITION BY col_name ORDER BY id DESC) as column_alias0 FROM table_name ) WHERE column_alias0 = num;"
drawSQL-mysql-export-2026-02-09_laratrust,20,Which ones are above average compared to others in their group?,HARD,SELECT * FROM permission_role LIMIT 10;,SELECT * FROM table_name LIMIT num;
drawSQL-mysql-export-2026-02-09_laravelio,1,How many people signed up last month?,EASY,"SELECT COUNT(*) FROM users
WHERE created_at >= date('now', '-1 month');","SELECT COUNT(*) FROM table_name WHERE col_name >= date(string, string);"
drawSQL-mysql-export-2026-02-09_laravelio,2,How many likes do we have?,EASY,SELECT COUNT(*) FROM failed_jobs;,SELECT COUNT(*) FROM table_name;
drawSQL-mysql-export-2026-02-09_laravelio,3,Show me all of our likes.,EASY,SELECT * FROM failed_jobs;,SELECT * FROM table_name;
drawSQL-mysql-export-2026-02-09_laravelio,4,Can you look up a specific like?,EASY,SELECT * FROM failed_jobs WHERE id = ?;,SELECT * FROM table_name WHERE id = num;
drawSQL-mysql-export-2026-02-09_laravelio,5,What likes were added or changed recently?,EASY,SELECT * FROM failed_jobs ORDER BY failed_at DESC LIMIT 50;,SELECT * FROM table_name ORDER BY col_name DESC LIMIT num;
drawSQL-mysql-export-2026-02-09_laravelio,6,What are the different user id values we have?,EASY,SELECT * FROM failed_jobs LIMIT 10;,SELECT * FROM table_name LIMIT num;
drawSQL-mysql-export-2026-02-09_laravelio,7,How many notifications do we have?,EASY,SELECT COUNT(*) FROM failed_jobs;,SELECT COUNT(*) FROM table_name;
drawSQL-mysql-export-2026-02-09_laravelio,8,Show me all of our notifications.,EASY,SELECT * FROM failed_jobs;,SELECT * FROM table_name;
drawSQL-mysql-export-2026-02-09_laravelio,9,Who are our most active users?,MEDIUM,SELECT * FROM users ORDER BY created_at DESC LIMIT 10;,SELECT * FROM table_name ORDER BY col_name DESC LIMIT num;
drawSQL-mysql-export-2026-02-09_laravelio,10,How many likes did we have last month?,MEDIUM,"SELECT COUNT(*) FROM failed_jobs
WHERE failed_at >= date('now', '-1 month');","SELECT COUNT(*) FROM table_name WHERE col_name >= date(string, string);"
drawSQL-mysql-export-2026-02-09_laravelio,11,Break it down by type or category—how many likes in each?,MEDIUM,"SELECT connection, COUNT(*) as count FROM failed_jobs GROUP BY connection;","SELECT col_name, COUNT(*) as count FROM table_name GROUP BY col_name;"
drawSQL-mysql-export-2026-02-09_laravelio,12,Are there any likes that don't have a match somewhere else?,MEDIUM,SELECT * FROM failed_jobs LIMIT 10;,SELECT * FROM table_name LIMIT num;
drawSQL-mysql-export-2026-02-09_laravelio,13,"For each group, what's in the top 3?",MEDIUM,"SELECT * FROM (
  SELECT *, ROW_NUMBER() OVER (PARTITION BY likeable_type ORDER BY id DESC) as rn
  FROM likes
) WHERE rn <= 3;","SELECT * FROM ( SELECT *, ROW_NUMBER() OVER (PARTITION BY col_name ORDER BY id DESC) as column_alias0 FROM table_name ) WHERE column_alias0 <= num;"
drawSQL-mysql-export-2026-02-09_laravelio,14,How many notifications did we have last month?,MEDIUM,"SELECT COUNT(*) FROM failed_jobs
WHERE failed_at >= date('now', '-1 month');","SELECT COUNT(*) FROM table_name WHERE col_name >= date(string, string);"
drawSQL-mysql-export-2026-02-09_laravelio,15,Break it down by type or category—how many notifications in each?,MEDIUM,"SELECT connection, COUNT(*) as count FROM failed_jobs GROUP BY connection;","SELECT col_name, COUNT(*) as count FROM table_name GROUP BY col_name;"
drawSQL-mysql-export-2026-02-09_laravelio,16,Are there any notifications that don't have a match somewhere else?,MEDIUM,SELECT * FROM failed_jobs LIMIT 10;,SELECT * FROM table_name LIMIT num;
drawSQL-mysql-export-2026-02-09_laravelio,17,I need a report that pulls together info from several different places.,HARD,"SELECT * FROM likes
LEFT JOIN replies ON likes.likeable_id = replies.id
LEFT JOIN users ON likes.user_id = users.id
LEFT JOIN threads ON likes.likeable_id = threads.id;",SELECT * FROM table_name LEFT JOIN table_name ON table_name.col_name = table_name.id LEFT JOIN table_name ON table_name.col_name = table_name.id LEFT JOIN table_name ON table_name.col_name = table_name.id;
drawSQL-mysql-export-2026-02-09_laravelio,18,"Can you do a multi-step analysis: group things, filter, then rank the results?",HARD,"WITH grouped AS (
  SELECT connection, COUNT(*) as cnt FROM failed_jobs GROUP BY connection
)
SELECT * FROM grouped WHERE cnt > 1 ORDER BY cnt DESC;","WITH grouped AS ( SELECT col_name, COUNT(*) as cnt FROM table_name GROUP BY col_name ) SELECT * FROM grouped WHERE cnt > num ORDER BY cnt DESC;"
drawSQL-mysql-export-2026-02-09_laravelio,19,Who or what is the best in each group?,HARD,"SELECT * FROM (
  SELECT *, ROW_NUMBER() OVER (PARTITION BY connection ORDER BY id DESC) as rn
  FROM failed_jobs
) WHERE rn = 1;","SELECT * FROM ( SELECT *, ROW_NUMBER() OVER (PARTITION BY col_name ORDER BY id DESC) as column_alias0 FROM table_name ) WHERE column_alias0 = num;"
drawSQL-mysql-export-2026-02-09_laravelio,20,Which ones are above average compared to others in their group?,HARD,SELECT * FROM failed_jobs LIMIT 10;,SELECT * FROM table_name LIMIT num;
drawSQL-mysql-export-2026-02-09_laraveltalk,1,How many people signed up last month?,EASY,SELECT COUNT(*) FROM users;,SELECT COUNT(*) FROM table_name;
drawSQL-mysql-export-2026-02-09_laraveltalk,2,How many messages do we have?,EASY,SELECT COUNT(*) FROM messages;,SELECT COUNT(*) FROM table_name;
drawSQL-mysql-export-2026-02-09_laraveltalk,3,Show me all of our messages.,EASY,SELECT * FROM messages;,SELECT * FROM table_name;
drawSQL-mysql-export-2026-02-09_laraveltalk,4,Can you look up a specific message?,EASY,SELECT * FROM messages WHERE id = ?;,SELECT * FROM table_name WHERE id = num;
drawSQL-mysql-export-2026-02-09_laraveltalk,5,What messages were added or changed recently?,EASY,SELECT * FROM messages ORDER BY created_at DESC LIMIT 50;,SELECT * FROM table_name ORDER BY col_name DESC LIMIT num;
drawSQL-mysql-export-2026-02-09_laraveltalk,6,What are the different message values we have?,EASY,SELECT * FROM messages LIMIT 10;,SELECT * FROM table_name LIMIT num;
drawSQL-mysql-export-2026-02-09_laraveltalk,7,How many conversations do we have?,EASY,SELECT COUNT(*) FROM messages;,SELECT COUNT(*) FROM table_name;
drawSQL-mysql-export-2026-02-09_laraveltalk,8,Show me all of our conversations.,EASY,SELECT * FROM messages;,SELECT * FROM table_name;
drawSQL-mysql-export-2026-02-09_laraveltalk,9,Who are our most active users?,MEDIUM,SELECT * FROM users ORDER BY created_at DESC LIMIT 10;,SELECT * FROM table_name ORDER BY col_name DESC LIMIT num;
drawSQL-mysql-export-2026-02-09_laraveltalk,10,How many messages did we have last month?,MEDIUM,"SELECT COUNT(*) FROM messages
WHERE created_at >= date('now', '-1 month');","SELECT COUNT(*) FROM table_name WHERE col_name >= date(string, string);"
drawSQL-mysql-export-2026-02-09_laraveltalk,11,Break it down by type or category—how many messages in each?,MEDIUM,"SELECT message, COUNT(*) as count FROM messages GROUP BY message;","SELECT col_name, COUNT(*) as count FROM table_name GROUP BY col_name;"
drawSQL-mysql-export-2026-02-09_laraveltalk,12,Are there any messages that don't have a match somewhere else?,MEDIUM,SELECT * FROM messages LIMIT 10;,SELECT * FROM table_name LIMIT num;
drawSQL-mysql-export-2026-02-09_laraveltalk,13,"For each group, what's in the top 3?",MEDIUM,SELECT * FROM messages LIMIT 10;,SELECT * FROM table_name LIMIT num;
drawSQL-mysql-export-2026-02-09_laraveltalk,14,Show me each conversation along with its related details.,MEDIUM,SELECT * FROM messages;,SELECT * FROM table_name;
drawSQL-mysql-export-2026-02-09_laraveltalk,15,How many conversations did we have last month?,MEDIUM,"SELECT COUNT(*) FROM messages
WHERE created_at >= date('now', '-1 month');","SELECT COUNT(*) FROM table_name WHERE col_name >= date(string, string);"
drawSQL-mysql-export-2026-02-09_laraveltalk,16,Break it down by type or category—how many conversations in each?,MEDIUM,"SELECT message, COUNT(*) as count FROM messages GROUP BY message;","SELECT col_name, COUNT(*) as count FROM table_name GROUP BY col_name;"
drawSQL-mysql-export-2026-02-09_laraveltalk,17,I need a report that pulls together info from several different places.,HARD,"SELECT * FROM conversations
LEFT JOIN users ON conversations.user_two = users.id;",SELECT * FROM table_name LEFT JOIN table_name ON table_name.col_name = table_name.id;
drawSQL-mysql-export-2026-02-09_laraveltalk,18,"Can you do a multi-step analysis: group things, filter, then rank the results?",HARD,"WITH grouped AS (
  SELECT message, COUNT(*) as cnt FROM messages GROUP BY message
)
SELECT * FROM grouped WHERE cnt > 1 ORDER BY cnt DESC;","WITH grouped AS ( SELECT col_name, COUNT(*) as cnt FROM table_name GROUP BY col_name ) SELECT * FROM grouped WHERE cnt > num ORDER BY cnt DESC;"
drawSQL-mysql-export-2026-02-09_laraveltalk,19,Who or what is the best in each group?,HARD,"SELECT * FROM (
  SELECT *, ROW_NUMBER() OVER (PARTITION BY message ORDER BY id DESC) as rn
  FROM messages
) WHERE rn = 1;","SELECT * FROM ( SELECT *, ROW_NUMBER() OVER (PARTITION BY col_name ORDER BY id DESC) as column_alias0 FROM table_name ) WHERE column_alias0 = num;"
drawSQL-mysql-export-2026-02-09_laraveltalk,20,Which ones are above average compared to others in their group?,HARD,SELECT * FROM messages LIMIT 10;,SELECT * FROM table_name LIMIT num;
drawSQL-mysql-export-2026-02-09_lobsters,1,How many people signed up last month?,EASY,"SELECT COUNT(*) FROM users
WHERE created_at >= date('now', '-1 month');","SELECT COUNT(*) FROM table_name WHERE col_name >= date(string, string);"
drawSQL-mysql-export-2026-02-09_lobsters,2,How many people are on each team?,EASY,SELECT * FROM ar_internal_metadata LIMIT 10;,SELECT * FROM table_name LIMIT num;
drawSQL-mysql-export-2026-02-09_lobsters,3,Which invitations haven't been accepted yet?,EASY,SELECT * FROM ar_internal_metadata LIMIT 10;,SELECT * FROM table_name LIMIT num;
drawSQL-mysql-export-2026-02-09_lobsters,4,How many metadata do we have?,EASY,SELECT COUNT(*) FROM ar_internal_metadata;,SELECT COUNT(*) FROM table_name;
drawSQL-mysql-export-2026-02-09_lobsters,5,Show me all of our metadata.,EASY,SELECT * FROM ar_internal_metadata;,SELECT * FROM table_name;
drawSQL-mysql-export-2026-02-09_lobsters,6,Can you look up a specific metadata?,EASY,SELECT * FROM comments WHERE id = ?;,SELECT * FROM table_name WHERE id = num;
drawSQL-mysql-export-2026-02-09_lobsters,7,What metadata were added or changed recently?,EASY,SELECT * FROM ar_internal_metadata ORDER BY created_at DESC LIMIT 50;,SELECT * FROM table_name ORDER BY col_name DESC LIMIT num;
drawSQL-mysql-export-2026-02-09_lobsters,8,What are the different value values we have?,EASY,SELECT * FROM ar_internal_metadata LIMIT 10;,SELECT * FROM table_name LIMIT num;
drawSQL-mysql-export-2026-02-09_lobsters,9,Who are our most active users?,MEDIUM,"SELECT u.*, COUNT(*) as activity_count
FROM users u
LEFT JOIN replying_comments a ON a.user_id = u.id
GROUP BY u.id
ORDER BY activity_count DESC;","SELECT table_alias0.*, COUNT(*) as column_alias0 FROM table_name table_alias0 LEFT JOIN table_name table_alias1 ON table_alias1.col_name = table_alias0.id GROUP BY table_alias0.id ORDER BY column_alias0 DESC;"
drawSQL-mysql-export-2026-02-09_lobsters,10,What's our total or average value across all metadata?,MEDIUM,"SELECT SUM(value) as total, AVG(value) as average FROM ar_internal_metadata;","SELECT SUM(value) as column_alias0, AVG(value) as average FROM table_name;"
drawSQL-mysql-export-2026-02-09_lobsters,11,How many metadata did we have last month?,MEDIUM,"SELECT COUNT(*) FROM ar_internal_metadata
WHERE created_at >= date('now', '-1 month');","SELECT COUNT(*) FROM table_name WHERE col_name >= date(string, string);"
drawSQL-mysql-export-2026-02-09_lobsters,12,Break it down by type or category—how many metadata in each?,MEDIUM,"SELECT value, COUNT(*) as count FROM ar_internal_metadata GROUP BY value;","SELECT value, COUNT(*) as count FROM table_name GROUP BY value;"
drawSQL-mysql-export-2026-02-09_lobsters,13,Which metadata has the highest or lowest value?,MEDIUM,SELECT * FROM ar_internal_metadata ORDER BY value DESC LIMIT 1;,SELECT * FROM table_name ORDER BY value DESC LIMIT num;
drawSQL-mysql-export-2026-02-09_lobsters,14,Are there any metadata that don't have a match somewhere else?,MEDIUM,SELECT * FROM ar_internal_metadata LIMIT 10;,SELECT * FROM table_name LIMIT num;
drawSQL-mysql-export-2026-02-09_lobsters,15,"For each group, what's in the top 3?",MEDIUM,SELECT * FROM ar_internal_metadata LIMIT 10;,SELECT * FROM table_name LIMIT num;
drawSQL-mysql-export-2026-02-09_lobsters,16,Show me each comment along with its related details.,MEDIUM,SELECT * FROM ar_internal_metadata;,SELECT * FROM table_name;
drawSQL-mysql-export-2026-02-09_lobsters,17,I need a report that pulls together info from several different places.,HARD,"SELECT * FROM comments
LEFT JOIN replying_comments ON comments.user_id = replying_comments.parent_comment_id
LEFT JOIN stories ON comments.story_id = stories.id;",SELECT * FROM table_name LEFT JOIN table_name ON table_name.col_name = table_name.col_name LEFT JOIN table_name ON table_name.col_name = table_name.id;
drawSQL-mysql-export-2026-02-09_lobsters,18,"Can you do a multi-step analysis: group things, filter, then rank the results?",HARD,"WITH grouped AS (
  SELECT created_at, COUNT(*) as cnt FROM ar_internal_metadata GROUP BY created_at
)
SELECT * FROM grouped WHERE cnt > 1 ORDER BY cnt DESC;","WITH grouped AS ( SELECT col_name, COUNT(*) as cnt FROM table_name GROUP BY col_name ) SELECT * FROM grouped WHERE cnt > num ORDER BY cnt DESC;"
drawSQL-mysql-export-2026-02-09_lobsters,19,Who or what is the best in each group?,HARD,"SELECT * FROM (
  SELECT *, ROW_NUMBER() OVER (PARTITION BY created_at ORDER BY value DESC) as rn
  FROM ar_internal_metadata
) WHERE rn = 1;","SELECT * FROM ( SELECT *, ROW_NUMBER() OVER (PARTITION BY col_name ORDER BY value DESC) as column_alias0 FROM table_name ) WHERE column_alias0 = num;"
drawSQL-mysql-export-2026-02-09_lobsters,20,Which ones are above average compared to others in their group?,HARD,"SELECT * FROM ar_internal_metadata
WHERE value > (SELECT AVG(value) FROM ar_internal_metadata);",SELECT * FROM table_name WHERE value > (SELECT AVG(value) FROM table_name);
drawSQL-mysql-export-2026-02-09_love,1,How many love reactant reaction counters do we have?,EASY,SELECT COUNT(*) FROM love_reactant_reaction_counters;,SELECT COUNT(*) FROM table_name;
drawSQL-mysql-export-2026-02-09_love,2,Show me all of our love reactant reaction counters.,EASY,SELECT * FROM love_reactant_reaction_counters;,SELECT * FROM table_name;
drawSQL-mysql-export-2026-02-09_love,3,Can you look up a specific love reactant reaction counter?,EASY,SELECT * FROM love_reactant_reaction_counters WHERE id = ?;,SELECT * FROM table_name WHERE id = num;
drawSQL-mysql-export-2026-02-09_love,4,What love reactant reaction counters were added or changed recently?,EASY,SELECT * FROM love_reactant_reaction_counters ORDER BY created_at DESC LIMIT 50;,SELECT * FROM table_name ORDER BY col_name DESC LIMIT num;
drawSQL-mysql-export-2026-02-09_love,5,What are the different reactant id values we have?,EASY,SELECT * FROM love_reactant_reaction_counters LIMIT 10;,SELECT * FROM table_name LIMIT num;
drawSQL-mysql-export-2026-02-09_love,6,How many love reactant reaction totals do we have?,EASY,SELECT COUNT(*) FROM love_reactant_reaction_counters;,SELECT COUNT(*) FROM table_name;
drawSQL-mysql-export-2026-02-09_love,7,Show me all of our love reactant reaction totals.,EASY,SELECT * FROM love_reactant_reaction_counters;,SELECT * FROM table_name;
drawSQL-mysql-export-2026-02-09_love,8,Can you look up a specific love reactant reaction total?,EASY,SELECT * FROM love_reactant_reaction_counters WHERE id = ?;,SELECT * FROM table_name WHERE id = num;
drawSQL-mysql-export-2026-02-09_love,9,How many love reactant reaction counters did we have last month?,MEDIUM,"SELECT COUNT(*) FROM love_reactant_reaction_counters
WHERE created_at >= date('now', '-1 month');","SELECT COUNT(*) FROM table_name WHERE col_name >= date(string, string);"
drawSQL-mysql-export-2026-02-09_love,10,Break it down by type or category—how many love reactant reaction counters in each?,MEDIUM,"SELECT reaction_type_id, COUNT(*) as count FROM love_reactant_reaction_counters GROUP BY reaction_type_id;","SELECT col_name, COUNT(*) as count FROM table_name GROUP BY col_name;"
drawSQL-mysql-export-2026-02-09_love,11,Are there any love reactant reaction counters that don't have a match somewhere else?,MEDIUM,SELECT * FROM love_reactant_reaction_counters LIMIT 10;,SELECT * FROM table_name LIMIT num;
drawSQL-mysql-export-2026-02-09_love,12,"For each group, what's in the top 3?",MEDIUM,"SELECT * FROM (
  SELECT *, ROW_NUMBER() OVER (PARTITION BY reaction_type_id ORDER BY id DESC) as rn
  FROM love_reactant_reaction_counters
) WHERE rn <= 3;","SELECT * FROM ( SELECT *, ROW_NUMBER() OVER (PARTITION BY col_name ORDER BY id DESC) as column_alias0 FROM table_name ) WHERE column_alias0 <= num;"
drawSQL-mysql-export-2026-02-09_love,13,How many love reactant reaction totals did we have last month?,MEDIUM,"SELECT COUNT(*) FROM love_reactant_reaction_counters
WHERE created_at >= date('now', '-1 month');","SELECT COUNT(*) FROM table_name WHERE col_name >= date(string, string);"
drawSQL-mysql-export-2026-02-09_love,14,Break it down by type or category—how many love reactant reaction totals in each?,MEDIUM,"SELECT reaction_type_id, COUNT(*) as count FROM love_reactant_reaction_counters GROUP BY reaction_type_id;","SELECT col_name, COUNT(*) as count FROM table_name GROUP BY col_name;"
drawSQL-mysql-export-2026-02-09_love,15,Are there any love reactant reaction totals that don't have a match somewhere else?,MEDIUM,SELECT * FROM love_reactant_reaction_counters LIMIT 10;,SELECT * FROM table_name LIMIT num;
drawSQL-mysql-export-2026-02-09_love,16,Show me each love reactant along with its related details.,MEDIUM,SELECT * FROM love_reactant_reaction_counters;,SELECT * FROM table_name;
drawSQL-mysql-export-2026-02-09_love,17,I need a report that pulls together info from several different places.,HARD,"SELECT * FROM love_reactant_reaction_counters
LEFT JOIN love_reaction_types ON love_reactant_reaction_counters.reaction_type_id = love_reaction_types.id
LEFT JOIN love_reactants ON love_reactant_reaction_counters.reactant_id = love_reactants.id;",SELECT * FROM table_name LEFT JOIN table_name ON table_name.col_name = table_name.id LEFT JOIN table_name ON table_name.col_name = table_name.id;
drawSQL-mysql-export-2026-02-09_love,18,"Can you do a multi-step analysis: group things, filter, then rank the results?",HARD,"WITH grouped AS (
  SELECT reaction_type_id, COUNT(*) as cnt FROM love_reactant_reaction_counters GROUP BY reaction_type_id
)
SELECT * FROM grouped WHERE cnt > 1 ORDER BY cnt DESC;","WITH grouped AS ( SELECT col_name, COUNT(*) as cnt FROM table_name GROUP BY col_name ) SELECT * FROM grouped WHERE cnt > num ORDER BY cnt DESC;"
drawSQL-mysql-export-2026-02-09_love,19,Who or what is the best in each group?,HARD,"SELECT * FROM (
  SELECT *, ROW_NUMBER() OVER (PARTITION BY reaction_type_id ORDER BY id DESC) as rn
  FROM love_reactant_reaction_counters
) WHERE rn = 1;","SELECT * FROM ( SELECT *, ROW_NUMBER() OVER (PARTITION BY col_name ORDER BY id DESC) as column_alias0 FROM table_name ) WHERE column_alias0 = num;"
drawSQL-mysql-export-2026-02-09_love,20,Which ones are above average compared to others in their group?,HARD,SELECT * FROM love_reactant_reaction_counters LIMIT 10;,SELECT * FROM table_name LIMIT num;
drawSQL-mysql-export-2026-02-09_messenger,1,How many people signed up last month?,EASY,SELECT COUNT(*) FROM users;,SELECT COUNT(*) FROM table_name;
drawSQL-mysql-export-2026-02-09_messenger,2,How many threads do we have?,EASY,SELECT COUNT(*) FROM threads;,SELECT COUNT(*) FROM table_name;
drawSQL-mysql-export-2026-02-09_messenger,3,Show me all of our threads.,EASY,SELECT * FROM threads;,SELECT * FROM table_name;
drawSQL-mysql-export-2026-02-09_messenger,4,Can you look up a specific thread?,EASY,SELECT * FROM threads WHERE id = ?;,SELECT * FROM table_name WHERE id = num;
drawSQL-mysql-export-2026-02-09_messenger,5,What threads were added or changed recently?,EASY,SELECT * FROM threads ORDER BY created_at DESC LIMIT 50;,SELECT * FROM table_name ORDER BY col_name DESC LIMIT num;
drawSQL-mysql-export-2026-02-09_messenger,6,What are the different subject values we have?,EASY,SELECT * FROM threads LIMIT 10;,SELECT * FROM table_name LIMIT num;
drawSQL-mysql-export-2026-02-09_messenger,7,How many messages do we have?,EASY,SELECT COUNT(*) FROM threads;,SELECT COUNT(*) FROM table_name;
drawSQL-mysql-export-2026-02-09_messenger,8,Show me all of our messages.,EASY,SELECT * FROM threads;,SELECT * FROM table_name;
drawSQL-mysql-export-2026-02-09_messenger,9,Who are our most active users?,MEDIUM,SELECT * FROM users ORDER BY created_at DESC LIMIT 10;,SELECT * FROM table_name ORDER BY col_name DESC LIMIT num;
drawSQL-mysql-export-2026-02-09_messenger,10,Show me each thread along with its related details.,MEDIUM,"SELECT t.*, c.*
FROM threads t
LEFT JOIN messages c ON c.thread_id = t.id;","SELECT table_alias0.*, table_alias1.* FROM table_name table_alias0 LEFT JOIN table_name table_alias1 ON table_alias1.col_name = table_alias0.id;"
drawSQL-mysql-export-2026-02-09_messenger,11,How many threads did we have last month?,MEDIUM,"SELECT COUNT(*) FROM threads
WHERE created_at >= date('now', '-1 month');","SELECT COUNT(*) FROM table_name WHERE col_name >= date(string, string);"
drawSQL-mysql-export-2026-02-09_messenger,12,Break it down by type or category—how many threads in each?,MEDIUM,"SELECT subject, COUNT(*) as count FROM threads GROUP BY subject;","SELECT col_name, COUNT(*) as count FROM table_name GROUP BY col_name;"
drawSQL-mysql-export-2026-02-09_messenger,13,Are there any threads that don't have a match somewhere else?,MEDIUM,"SELECT * FROM threads
WHERE id NOT IN (SELECT DISTINCT thread_id FROM messages WHERE thread_id IS NOT NULL);",SELECT * FROM table_name WHERE id NOT IN (SELECT DISTINCT col_name FROM table_name WHERE col_name IS NOT NULL);
drawSQL-mysql-export-2026-02-09_messenger,14,"For each group, what's in the top 3?",MEDIUM,SELECT * FROM threads LIMIT 10;,SELECT * FROM table_name LIMIT num;
drawSQL-mysql-export-2026-02-09_messenger,15,How many messages did we have last month?,MEDIUM,"SELECT COUNT(*) FROM threads
WHERE created_at >= date('now', '-1 month');","SELECT COUNT(*) FROM table_name WHERE col_name >= date(string, string);"
drawSQL-mysql-export-2026-02-09_messenger,16,Break it down by type or category—how many messages in each?,MEDIUM,"SELECT subject, COUNT(*) as count FROM threads GROUP BY subject;","SELECT col_name, COUNT(*) as count FROM table_name GROUP BY col_name;"
drawSQL-mysql-export-2026-02-09_messenger,17,I need a report that pulls together info from several different places.,HARD,"SELECT * FROM messages
LEFT JOIN threads ON messages.thread_id = threads.id
LEFT JOIN users ON messages.user_id = users.id;",SELECT * FROM table_name LEFT JOIN table_name ON table_name.col_name = table_name.id LEFT JOIN table_name ON table_name.col_name = table_name.id;
drawSQL-mysql-export-2026-02-09_messenger,18,"Can you do a multi-step analysis: group things, filter, then rank the results?",HARD,"WITH grouped AS (
  SELECT subject, COUNT(*) as cnt FROM threads GROUP BY subject
)
SELECT * FROM grouped WHERE cnt > 1 ORDER BY cnt DESC;","WITH grouped AS ( SELECT col_name, COUNT(*) as cnt FROM table_name GROUP BY col_name ) SELECT * FROM grouped WHERE cnt > num ORDER BY cnt DESC;"
drawSQL-mysql-export-2026-02-09_messenger,19,Who or what is the best in each group?,HARD,"SELECT * FROM (
  SELECT *, ROW_NUMBER() OVER (PARTITION BY subject ORDER BY id DESC) as rn
  FROM threads
) WHERE rn = 1;","SELECT * FROM ( SELECT *, ROW_NUMBER() OVER (PARTITION BY col_name ORDER BY id DESC) as column_alias0 FROM table_name ) WHERE column_alias0 = num;"
drawSQL-mysql-export-2026-02-09_messenger,20,Which ones are above average compared to others in their group?,HARD,SELECT * FROM threads LIMIT 10;,SELECT * FROM table_name LIMIT num;
drawSQL-mysql-export-2026-02-09_octobercms,1,How many people signed up last month?,EASY,"SELECT COUNT(*) FROM backend_access_log
WHERE created_at >= date('now', '-1 month');","SELECT COUNT(*) FROM table_name WHERE col_name >= date(string, string);"
drawSQL-mysql-export-2026-02-09_octobercms,2,How many backend access log do we have?,EASY,SELECT COUNT(*) FROM backend_access_log;,SELECT COUNT(*) FROM table_name;
drawSQL-mysql-export-2026-02-09_octobercms,3,Show me all of our backend access log.,EASY,SELECT * FROM backend_access_log;,SELECT * FROM table_name;
drawSQL-mysql-export-2026-02-09_octobercms,4,Can you look up a specific backend access log?,EASY,SELECT * FROM backend_access_log WHERE id = ?;,SELECT * FROM table_name WHERE id = num;
drawSQL-mysql-export-2026-02-09_octobercms,5,What backend access log were added or changed recently?,EASY,SELECT * FROM backend_access_log ORDER BY created_at DESC LIMIT 50;,SELECT * FROM table_name ORDER BY col_name DESC LIMIT num;
drawSQL-mysql-export-2026-02-09_octobercms,6,What are the different user id values we have?,EASY,SELECT * FROM backend_access_log LIMIT 10;,SELECT * FROM table_name LIMIT num;
drawSQL-mysql-export-2026-02-09_octobercms,7,How many users do we have?,EASY,SELECT COUNT(*) FROM backend_access_log;,SELECT COUNT(*) FROM table_name;
drawSQL-mysql-export-2026-02-09_octobercms,8,Show me all of our users.,EASY,SELECT * FROM backend_access_log;,SELECT * FROM table_name;
drawSQL-mysql-export-2026-02-09_octobercms,9,Who are our most active users?,MEDIUM,SELECT * FROM backend_access_log LIMIT 10;,SELECT * FROM table_name LIMIT num;
drawSQL-mysql-export-2026-02-09_octobercms,10,How many backend access log did we have last month?,MEDIUM,"SELECT COUNT(*) FROM backend_access_log
WHERE created_at >= date('now', '-1 month');","SELECT COUNT(*) FROM table_name WHERE col_name >= date(string, string);"
drawSQL-mysql-export-2026-02-09_octobercms,11,Break it down by type or category—how many backend access log in each?,MEDIUM,"SELECT user_id, COUNT(*) as count FROM backend_access_log GROUP BY user_id;","SELECT col_name, COUNT(*) as count FROM table_name GROUP BY col_name;"
drawSQL-mysql-export-2026-02-09_octobercms,12,Are there any backend access log that don't have a match somewhere else?,MEDIUM,SELECT * FROM backend_access_log LIMIT 10;,SELECT * FROM table_name LIMIT num;
drawSQL-mysql-export-2026-02-09_octobercms,13,"For each group, what's in the top 3?",MEDIUM,"SELECT * FROM (
  SELECT *, ROW_NUMBER() OVER (PARTITION BY group ORDER BY value DESC) as rn
  FROM backend_user_preferences
) WHERE rn <= 3;","SELECT * FROM ( SELECT *, ROW_NUMBER() OVER (PARTITION BY group ORDER BY value DESC) as column_alias0 FROM table_name ) WHERE column_alias0 <= num;"
drawSQL-mysql-export-2026-02-09_octobercms,14,Show me each user along with its related details.,MEDIUM,SELECT * FROM backend_access_log;,SELECT * FROM table_name;
drawSQL-mysql-export-2026-02-09_octobercms,15,How many users did we have last month?,MEDIUM,"SELECT COUNT(*) FROM backend_access_log
WHERE created_at >= date('now', '-1 month');","SELECT COUNT(*) FROM table_name WHERE col_name >= date(string, string);"
drawSQL-mysql-export-2026-02-09_octobercms,16,Break it down by type or category—how many users in each?,MEDIUM,"SELECT user_id, COUNT(*) as count FROM backend_access_log GROUP BY user_id;","SELECT col_name, COUNT(*) as count FROM table_name GROUP BY col_name;"
drawSQL-mysql-export-2026-02-09_octobercms,17,I need a report that pulls together info from several different places.,HARD,"SELECT * FROM backend_access_log
LEFT JOIN backend_users ON backend_access_log.user_id = backend_users.id;",SELECT * FROM table_name LEFT JOIN table_name ON table_name.col_name = table_name.id;
drawSQL-mysql-export-2026-02-09_octobercms,18,"Can you do a multi-step analysis: group things, filter, then rank the results?",HARD,"WITH grouped AS (
  SELECT user_id, COUNT(*) as cnt FROM backend_access_log GROUP BY user_id
)
SELECT * FROM grouped WHERE cnt > 1 ORDER BY cnt DESC;","WITH grouped AS ( SELECT col_name, COUNT(*) as cnt FROM table_name GROUP BY col_name ) SELECT * FROM grouped WHERE cnt > num ORDER BY cnt DESC;"
drawSQL-mysql-export-2026-02-09_octobercms,19,Who or what is the best in each group?,HARD,"SELECT * FROM (
  SELECT *, ROW_NUMBER() OVER (PARTITION BY group ORDER BY value DESC) as rn
  FROM backend_user_preferences
) WHERE rn = 1;","SELECT * FROM ( SELECT *, ROW_NUMBER() OVER (PARTITION BY group ORDER BY value DESC) as column_alias0 FROM table_name ) WHERE column_alias0 = num;"
drawSQL-mysql-export-2026-02-09_octobercms,20,Which ones are above average compared to others in their group?,HARD,"SELECT * FROM backend_user_preferences t1
WHERE value > (
  SELECT AVG(value) FROM backend_user_preferences t2 WHERE t2.group = t1.group
);",SELECT * FROM table_name table_alias0 WHERE value > ( SELECT AVG(value) FROM table_name table_alias1 WHERE table_alias1.group = table_alias0.group );
drawSQL-mysql-export-2026-02-09_octobox,1,How many people signed up last month?,EASY,"SELECT COUNT(*) FROM users
WHERE created_at >= date('now', '-1 month');","SELECT COUNT(*) FROM table_name WHERE col_name >= date(string, string);"
drawSQL-mysql-export-2026-02-09_octobox,2,How many app installation permissions do we have?,EASY,SELECT COUNT(*) FROM app_installation_permissions;,SELECT COUNT(*) FROM table_name;
drawSQL-mysql-export-2026-02-09_octobox,3,Show me all of our app installation permissions.,EASY,SELECT * FROM app_installation_permissions;,SELECT * FROM table_name;
drawSQL-mysql-export-2026-02-09_octobox,4,Can you look up a specific app installation permission?,EASY,SELECT * FROM app_installation_permissions WHERE id = ?;,SELECT * FROM table_name WHERE id = num;
drawSQL-mysql-export-2026-02-09_octobox,5,What app installation permissions were added or changed recently?,EASY,SELECT * FROM app_installation_permissions ORDER BY created_at DESC LIMIT 50;,SELECT * FROM table_name ORDER BY col_name DESC LIMIT num;
drawSQL-mysql-export-2026-02-09_octobox,6,What are the different app installation id values we have?,EASY,SELECT * FROM app_installation_permissions LIMIT 10;,SELECT * FROM table_name LIMIT num;
drawSQL-mysql-export-2026-02-09_octobox,7,How many app installations do we have?,EASY,SELECT COUNT(*) FROM app_installation_permissions;,SELECT COUNT(*) FROM table_name;
drawSQL-mysql-export-2026-02-09_octobox,8,Show me all of our app installations.,EASY,SELECT * FROM app_installation_permissions;,SELECT * FROM table_name;
drawSQL-mysql-export-2026-02-09_octobox,9,Who are our most active users?,MEDIUM,SELECT * FROM users ORDER BY created_at DESC LIMIT 10;,SELECT * FROM table_name ORDER BY col_name DESC LIMIT num;
drawSQL-mysql-export-2026-02-09_octobox,10,How many app installation permissions did we have last month?,MEDIUM,"SELECT COUNT(*) FROM app_installation_permissions
WHERE created_at >= date('now', '-1 month');","SELECT COUNT(*) FROM table_name WHERE col_name >= date(string, string);"
drawSQL-mysql-export-2026-02-09_octobox,11,Break it down by type or category—how many app installation permissions in each?,MEDIUM,"SELECT app_installation_id, COUNT(*) as count FROM app_installation_permissions GROUP BY app_installation_id;","SELECT col_name, COUNT(*) as count FROM table_name GROUP BY col_name;"
drawSQL-mysql-export-2026-02-09_octobox,12,Are there any app installation permissions that don't have a match somewhere else?,MEDIUM,SELECT * FROM app_installation_permissions LIMIT 10;,SELECT * FROM table_name LIMIT num;
drawSQL-mysql-export-2026-02-09_octobox,13,"For each group, what's in the top 3?",MEDIUM,"SELECT * FROM (
  SELECT *, ROW_NUMBER() OVER (PARTITION BY account_type ORDER BY id DESC) as rn
  FROM app_installations
) WHERE rn <= 3;","SELECT * FROM ( SELECT *, ROW_NUMBER() OVER (PARTITION BY col_name ORDER BY id DESC) as column_alias0 FROM table_name ) WHERE column_alias0 <= num;"
drawSQL-mysql-export-2026-02-09_octobox,14,Show me each app installation along with its related details.,MEDIUM,SELECT * FROM app_installation_permissions;,SELECT * FROM table_name;
drawSQL-mysql-export-2026-02-09_octobox,15,How many app installations did we have last month?,MEDIUM,"SELECT COUNT(*) FROM app_installation_permissions
WHERE created_at >= date('now', '-1 month');","SELECT COUNT(*) FROM table_name WHERE col_name >= date(string, string);"
drawSQL-mysql-export-2026-02-09_octobox,16,Break it down by type or category—how many app installations in each?,MEDIUM,"SELECT app_installation_id, COUNT(*) as count FROM app_installation_permissions GROUP BY app_installation_id;","SELECT col_name, COUNT(*) as count FROM table_name GROUP BY col_name;"
drawSQL-mysql-export-2026-02-09_octobox,17,I need a report that pulls together info from several different places.,HARD,"SELECT * FROM app_installation_permissions
LEFT JOIN app_installations ON app_installation_permissions.app_installation_id = app_installations.id
LEFT JOIN users ON app_installation_permissions.user_id = users.id;",SELECT * FROM table_name LEFT JOIN table_name ON table_name.col_name = table_name.id LEFT JOIN table_name ON table_name.col_name = table_name.id;
drawSQL-mysql-export-2026-02-09_octobox,18,"Can you do a multi-step analysis: group things, filter, then rank the results?",HARD,"WITH grouped AS (
  SELECT app_installation_id, COUNT(*) as cnt FROM app_installation_permissions GROUP BY app_installation_id
)
SELECT * FROM grouped WHERE cnt > 1 ORDER BY cnt DESC;","WITH grouped AS ( SELECT col_name, COUNT(*) as cnt FROM table_name GROUP BY col_name ) SELECT * FROM grouped WHERE cnt > num ORDER BY cnt DESC;"
drawSQL-mysql-export-2026-02-09_octobox,19,Who or what is the best in each group?,HARD,"SELECT * FROM (
  SELECT *, ROW_NUMBER() OVER (PARTITION BY app_installation_id ORDER BY id DESC) as rn
  FROM app_installation_permissions
) WHERE rn = 1;","SELECT * FROM ( SELECT *, ROW_NUMBER() OVER (PARTITION BY col_name ORDER BY id DESC) as column_alias0 FROM table_name ) WHERE column_alias0 = num;"
drawSQL-mysql-export-2026-02-09_octobox,20,Which ones are above average compared to others in their group?,HARD,SELECT * FROM app_installation_permissions LIMIT 10;,SELECT * FROM table_name LIMIT num;
drawSQL-mysql-export-2026-02-09_orchid,1,How many people signed up last month?,EASY,"SELECT COUNT(*) FROM users
WHERE created_at >= date('now', '-1 month');","SELECT COUNT(*) FROM table_name WHERE col_name >= date(string, string);"
drawSQL-mysql-export-2026-02-09_orchid,2,How many attachmentable do we have?,EASY,SELECT COUNT(*) FROM attachmentable;,SELECT COUNT(*) FROM table_name;
drawSQL-mysql-export-2026-02-09_orchid,3,Show me all of our attachmentable.,EASY,SELECT * FROM attachmentable;,SELECT * FROM table_name;
drawSQL-mysql-export-2026-02-09_orchid,4,Can you look up a specific attachmentable?,EASY,SELECT * FROM attachmentable WHERE id = ?;,SELECT * FROM table_name WHERE id = num;
drawSQL-mysql-export-2026-02-09_orchid,5,What are the different attachmentable type values we have?,EASY,SELECT * FROM attachmentable LIMIT 10;,SELECT * FROM table_name LIMIT num;
drawSQL-mysql-export-2026-02-09_orchid,6,How many attachments do we have?,EASY,SELECT COUNT(*) FROM attachmentable;,SELECT COUNT(*) FROM table_name;
drawSQL-mysql-export-2026-02-09_orchid,7,Show me all of our attachments.,EASY,SELECT * FROM attachmentable;,SELECT * FROM table_name;
drawSQL-mysql-export-2026-02-09_orchid,8,Can you look up a specific attachment?,EASY,SELECT * FROM attachmentable WHERE id = ?;,SELECT * FROM table_name WHERE id = num;
drawSQL-mysql-export-2026-02-09_orchid,9,Who are our most active users?,MEDIUM,SELECT * FROM users ORDER BY created_at DESC LIMIT 10;,SELECT * FROM table_name ORDER BY col_name DESC LIMIT num;
drawSQL-mysql-export-2026-02-09_orchid,10,Break it down by type or category—how many attachmentable in each?,MEDIUM,"SELECT attachmentable_type, COUNT(*) as count FROM attachmentable GROUP BY attachmentable_type;","SELECT col_name, COUNT(*) as count FROM table_name GROUP BY col_name;"
drawSQL-mysql-export-2026-02-09_orchid,11,Are there any attachmentable that don't have a match somewhere else?,MEDIUM,SELECT * FROM attachmentable LIMIT 10;,SELECT * FROM table_name LIMIT num;
drawSQL-mysql-export-2026-02-09_orchid,12,"For each group, what's in the top 3?",MEDIUM,"SELECT * FROM (
  SELECT *, ROW_NUMBER() OVER (PARTITION BY attachmentable_type ORDER BY id DESC) as rn
  FROM attachmentable
) WHERE rn <= 3;","SELECT * FROM ( SELECT *, ROW_NUMBER() OVER (PARTITION BY col_name ORDER BY id DESC) as column_alias0 FROM table_name ) WHERE column_alias0 <= num;"
drawSQL-mysql-export-2026-02-09_orchid,13,Show me each attachment along with its related details.,MEDIUM,SELECT * FROM attachmentable;,SELECT * FROM table_name;
drawSQL-mysql-export-2026-02-09_orchid,14,How many attachments did we have last month?,MEDIUM,"SELECT COUNT(*) FROM attachmentable
WHERE attachmentable_type >= date('now', '-1 month');","SELECT COUNT(*) FROM table_name WHERE col_name >= date(string, string);"
drawSQL-mysql-export-2026-02-09_orchid,15,Break it down by type or category—how many attachments in each?,MEDIUM,"SELECT attachmentable_type, COUNT(*) as count FROM attachmentable GROUP BY attachmentable_type;","SELECT col_name, COUNT(*) as count FROM table_name GROUP BY col_name;"
drawSQL-mysql-export-2026-02-09_orchid,16,Are there any attachments that don't have a match somewhere else?,MEDIUM,SELECT * FROM attachmentable LIMIT 10;,SELECT * FROM table_name LIMIT num;
drawSQL-mysql-export-2026-02-09_orchid,17,I need a report that pulls together info from several different places.,HARD,"SELECT * FROM attachmentable
LEFT JOIN attachments ON attachmentable.attachment_id = attachments.id;",SELECT * FROM table_name LEFT JOIN table_name ON table_name.col_name = table_name.id;
drawSQL-mysql-export-2026-02-09_orchid,18,"Can you do a multi-step analysis: group things, filter, then rank the results?",HARD,"WITH grouped AS (
  SELECT attachmentable_type, COUNT(*) as cnt FROM attachmentable GROUP BY attachmentable_type
)
SELECT * FROM grouped WHERE cnt > 1 ORDER BY cnt DESC;","WITH grouped AS ( SELECT col_name, COUNT(*) as cnt FROM table_name GROUP BY col_name ) SELECT * FROM grouped WHERE cnt > num ORDER BY cnt DESC;"
drawSQL-mysql-export-2026-02-09_orchid,19,Who or what is the best in each group?,HARD,"SELECT * FROM (
  SELECT *, ROW_NUMBER() OVER (PARTITION BY attachmentable_type ORDER BY id DESC) as rn
  FROM attachmentable
) WHERE rn = 1;","SELECT * FROM ( SELECT *, ROW_NUMBER() OVER (PARTITION BY col_name ORDER BY id DESC) as column_alias0 FROM table_name ) WHERE column_alias0 = num;"
drawSQL-mysql-export-2026-02-09_orchid,20,Which ones are above average compared to others in their group?,HARD,"SELECT * FROM settings
WHERE value > (SELECT AVG(value) FROM settings);",SELECT * FROM table_name WHERE value > (SELECT AVG(value) FROM table_name);
drawSQL-mysql-export-2026-02-09_paddle,1,Which customers have an active subscription?,EASY,SELECT * FROM customers LIMIT 10;,SELECT * FROM table_name LIMIT num;
drawSQL-mysql-export-2026-02-09_paddle,2,How many customers do we have?,EASY,SELECT COUNT(*) FROM customers;,SELECT COUNT(*) FROM table_name;
drawSQL-mysql-export-2026-02-09_paddle,3,Show me all of our customers.,EASY,SELECT * FROM customers;,SELECT * FROM table_name;
drawSQL-mysql-export-2026-02-09_paddle,4,Can you look up a specific customer?,EASY,SELECT * FROM customers WHERE id = ?;,SELECT * FROM table_name WHERE id = num;
drawSQL-mysql-export-2026-02-09_paddle,5,What customers were added or changed recently?,EASY,SELECT * FROM customers ORDER BY updated_at DESC LIMIT 50;,SELECT * FROM table_name ORDER BY col_name DESC LIMIT num;
drawSQL-mysql-export-2026-02-09_paddle,6,What are the different billable id values we have?,EASY,SELECT * FROM customers LIMIT 10;,SELECT * FROM table_name LIMIT num;
drawSQL-mysql-export-2026-02-09_paddle,7,How many subscriptions do we have?,EASY,SELECT COUNT(*) FROM subscriptions;,SELECT COUNT(*) FROM table_name;
drawSQL-mysql-export-2026-02-09_paddle,8,Show me all of our subscriptions.,EASY,SELECT * FROM subscriptions;,SELECT * FROM table_name;
drawSQL-mysql-export-2026-02-09_paddle,9,How much money did we make this month?,MEDIUM,SELECT * FROM customers LIMIT 10;,SELECT * FROM table_name LIMIT num;
drawSQL-mysql-export-2026-02-09_paddle,10,What are our best-selling products?,MEDIUM,SELECT * FROM customers LIMIT 10;,SELECT * FROM table_name LIMIT num;
drawSQL-mysql-export-2026-02-09_paddle,11,How many customers did we have last month?,MEDIUM,"SELECT COUNT(*) FROM customers
WHERE updated_at >= date('now', '-1 month');","SELECT COUNT(*) FROM table_name WHERE col_name >= date(string, string);"
drawSQL-mysql-export-2026-02-09_paddle,12,Break it down by type or category—how many customers in each?,MEDIUM,"SELECT billable_type, COUNT(*) as count FROM customers GROUP BY billable_type;","SELECT col_name, COUNT(*) as count FROM table_name GROUP BY col_name;"
drawSQL-mysql-export-2026-02-09_paddle,13,Are there any customers that don't have a match somewhere else?,MEDIUM,SELECT * FROM customers LIMIT 10;,SELECT * FROM table_name LIMIT num;
drawSQL-mysql-export-2026-02-09_paddle,14,"For each group, what's in the top 3?",MEDIUM,"SELECT * FROM (
  SELECT *, ROW_NUMBER() OVER (PARTITION BY billable_type ORDER BY id DESC) as rn
  FROM customers
) WHERE rn <= 3;","SELECT * FROM ( SELECT *, ROW_NUMBER() OVER (PARTITION BY col_name ORDER BY id DESC) as column_alias0 FROM table_name ) WHERE column_alias0 <= num;"
drawSQL-mysql-export-2026-02-09_paddle,15,What's our total or average quantity across all subscriptions?,MEDIUM,"SELECT SUM(quantity) as total, AVG(quantity) as average FROM subscriptions;","SELECT SUM(col_name) as column_alias0, AVG(col_name) as average FROM table_name;"
drawSQL-mysql-export-2026-02-09_paddle,16,How many subscriptions did we have last month?,MEDIUM,"SELECT COUNT(*) FROM subscriptions
WHERE updated_at >= date('now', '-1 month');","SELECT COUNT(*) FROM table_name WHERE col_name >= date(string, string);"
drawSQL-mysql-export-2026-02-09_paddle,17,I need a report that pulls together info from several different places.,HARD,SELECT * FROM customers;,SELECT * FROM table_name;
drawSQL-mysql-export-2026-02-09_paddle,18,"Can you do a multi-step analysis: group things, filter, then rank the results?",HARD,"WITH grouped AS (
  SELECT billable_type, COUNT(*) as cnt FROM customers GROUP BY billable_type
)
SELECT * FROM grouped WHERE cnt > 1 ORDER BY cnt DESC;","WITH grouped AS ( SELECT col_name, COUNT(*) as cnt FROM table_name GROUP BY col_name ) SELECT * FROM grouped WHERE cnt > num ORDER BY cnt DESC;"
drawSQL-mysql-export-2026-02-09_paddle,19,Who or what is the best in each group?,HARD,"SELECT * FROM (
  SELECT *, ROW_NUMBER() OVER (PARTITION BY billable_type ORDER BY quantity DESC) as rn
  FROM subscriptions
) WHERE rn = 1;","SELECT * FROM ( SELECT *, ROW_NUMBER() OVER (PARTITION BY col_name ORDER BY col_name DESC) as column_alias0 FROM table_name ) WHERE column_alias0 = num;"
drawSQL-mysql-export-2026-02-09_paddle,20,Which ones are above average compared to others in their group?,HARD,"SELECT * FROM subscriptions t1
WHERE quantity > (
  SELECT AVG(quantity) FROM subscriptions t2 WHERE t2.billable_type = t1.billable_type
);",SELECT * FROM table_name table_alias0 WHERE col_name > ( SELECT AVG(col_name) FROM table_name table_alias1 WHERE table_alias1.col_name = table_alias0.col_name );
drawSQL-mysql-export-2026-02-09_pay,1,Which customers have an active subscription?,EASY,SELECT * FROM pay_subscriptions WHERE status = 1;,SELECT * FROM table_name WHERE col_name = num;
drawSQL-mysql-export-2026-02-09_pay,2,How many pay charges do we have?,EASY,SELECT COUNT(*) FROM pay_charges;,SELECT COUNT(*) FROM table_name;
drawSQL-mysql-export-2026-02-09_pay,3,Show me all of our pay charges.,EASY,SELECT * FROM pay_charges;,SELECT * FROM table_name;
drawSQL-mysql-export-2026-02-09_pay,4,Can you look up a specific pay charge?,EASY,SELECT * FROM pay_charges WHERE id = ?;,SELECT * FROM table_name WHERE id = num;
drawSQL-mysql-export-2026-02-09_pay,5,What pay charges were added or changed recently?,EASY,SELECT * FROM pay_charges ORDER BY created_at DESC LIMIT 50;,SELECT * FROM table_name ORDER BY col_name DESC LIMIT num;
drawSQL-mysql-export-2026-02-09_pay,6,What pay charges fall within a certain price range?,EASY,SELECT * FROM pay_charges LIMIT 10;,SELECT * FROM table_name LIMIT num;
drawSQL-mysql-export-2026-02-09_pay,7,What are the different owner type values we have?,EASY,SELECT * FROM pay_charges LIMIT 10;,SELECT * FROM table_name LIMIT num;
drawSQL-mysql-export-2026-02-09_pay,8,How many subscriptions do we have?,EASY,SELECT COUNT(*) FROM pay_charges;,SELECT COUNT(*) FROM table_name;
drawSQL-mysql-export-2026-02-09_pay,9,How much money did we make this month?,MEDIUM,SELECT * FROM pay_charges LIMIT 10;,SELECT * FROM table_name LIMIT num;
drawSQL-mysql-export-2026-02-09_pay,10,What's our total or average amount across all pay charges?,MEDIUM,"SELECT SUM(amount) as total, AVG(amount) as average FROM pay_charges;","SELECT SUM(col_name) as column_alias0, AVG(col_name) as average FROM table_name;"
drawSQL-mysql-export-2026-02-09_pay,11,How many pay charges did we have last month?,MEDIUM,"SELECT COUNT(*) FROM pay_charges
WHERE created_at >= date('now', '-1 month');","SELECT COUNT(*) FROM table_name WHERE col_name >= date(string, string);"
drawSQL-mysql-export-2026-02-09_pay,12,Break it down by type or category—how many pay charges in each?,MEDIUM,"SELECT owner_type, COUNT(*) as count FROM pay_charges GROUP BY owner_type;","SELECT col_name, COUNT(*) as count FROM table_name GROUP BY col_name;"
drawSQL-mysql-export-2026-02-09_pay,13,Which pay charge has the highest or lowest amount?,MEDIUM,SELECT * FROM pay_charges ORDER BY amount DESC LIMIT 1;,SELECT * FROM table_name ORDER BY col_name DESC LIMIT num;
drawSQL-mysql-export-2026-02-09_pay,14,Are there any pay charges that don't have a match somewhere else?,MEDIUM,SELECT * FROM pay_charges LIMIT 10;,SELECT * FROM table_name LIMIT num;
drawSQL-mysql-export-2026-02-09_pay,15,"For each group, what's in the top 3?",MEDIUM,"SELECT * FROM (
  SELECT *, ROW_NUMBER() OVER (PARTITION BY owner_type ORDER BY amount DESC) as rn
  FROM pay_charges
) WHERE rn <= 3;","SELECT * FROM ( SELECT *, ROW_NUMBER() OVER (PARTITION BY col_name ORDER BY col_name DESC) as column_alias0 FROM table_name ) WHERE column_alias0 <= num;"
drawSQL-mysql-export-2026-02-09_pay,16,What's our total or average quantity across all subscriptions?,MEDIUM,"SELECT SUM(amount) as total, AVG(amount) as average FROM pay_charges;","SELECT SUM(col_name) as column_alias0, AVG(col_name) as average FROM table_name;"
drawSQL-mysql-export-2026-02-09_pay,17,I need a report that pulls together info from several different places.,HARD,SELECT * FROM pay_charges;,SELECT * FROM table_name;
drawSQL-mysql-export-2026-02-09_pay,18,"Can you do a multi-step analysis: group things, filter, then rank the results?",HARD,"WITH grouped AS (
  SELECT owner_type, COUNT(*) as cnt FROM pay_charges GROUP BY owner_type
)
SELECT * FROM grouped WHERE cnt > 1 ORDER BY cnt DESC;","WITH grouped AS ( SELECT col_name, COUNT(*) as cnt FROM table_name GROUP BY col_name ) SELECT * FROM grouped WHERE cnt > num ORDER BY cnt DESC;"
drawSQL-mysql-export-2026-02-09_pay,19,Who or what is the best in each group?,HARD,"SELECT * FROM (
  SELECT *, ROW_NUMBER() OVER (PARTITION BY owner_type ORDER BY amount DESC) as rn
  FROM pay_charges
) WHERE rn = 1;","SELECT * FROM ( SELECT *, ROW_NUMBER() OVER (PARTITION BY col_name ORDER BY col_name DESC) as column_alias0 FROM table_name ) WHERE column_alias0 = num;"
drawSQL-mysql-export-2026-02-09_pay,20,Which ones are above average compared to others in their group?,HARD,"SELECT * FROM pay_charges t1
WHERE amount > (
  SELECT AVG(amount) FROM pay_charges t2 WHERE t2.owner_type = t1.owner_type
);",SELECT * FROM table_name table_alias0 WHERE col_name > ( SELECT AVG(col_name) FROM table_name table_alias1 WHERE table_alias1.col_name = table_alias0.col_name );
drawSQL-mysql-export-2026-02-09_pixelfed,1,What rooms are available in a certain price range?,EASY,SELECT * FROM account_logs LIMIT 10;,SELECT * FROM table_name LIMIT num;
drawSQL-mysql-export-2026-02-09_pixelfed,2,Which rooms have the most bedrooms or bathrooms?,EASY,SELECT * FROM account_logs LIMIT 10;,SELECT * FROM table_name LIMIT num;
drawSQL-mysql-export-2026-02-09_pixelfed,3,How many people signed up last month?,EASY,"SELECT COUNT(*) FROM users
WHERE created_at >= date('now', '-1 month');","SELECT COUNT(*) FROM table_name WHERE col_name >= date(string, string);"
drawSQL-mysql-export-2026-02-09_pixelfed,4,How many account logs do we have?,EASY,SELECT COUNT(*) FROM account_logs;,SELECT COUNT(*) FROM table_name;
drawSQL-mysql-export-2026-02-09_pixelfed,5,Show me all of our account logs.,EASY,SELECT * FROM account_logs;,SELECT * FROM table_name;
drawSQL-mysql-export-2026-02-09_pixelfed,6,Can you look up a specific account log?,EASY,SELECT * FROM account_logs WHERE id = ?;,SELECT * FROM table_name WHERE id = num;
drawSQL-mysql-export-2026-02-09_pixelfed,7,What account logs were added or changed recently?,EASY,SELECT * FROM account_logs ORDER BY created_at DESC LIMIT 50;,SELECT * FROM table_name ORDER BY col_name DESC LIMIT num;
drawSQL-mysql-export-2026-02-09_pixelfed,8,What are the different user id values we have?,EASY,SELECT * FROM account_logs LIMIT 10;,SELECT * FROM table_name LIMIT num;
drawSQL-mysql-export-2026-02-09_pixelfed,9,Who are our most active users?,MEDIUM,SELECT * FROM users ORDER BY created_at DESC LIMIT 10;,SELECT * FROM table_name ORDER BY col_name DESC LIMIT num;
drawSQL-mysql-export-2026-02-09_pixelfed,10,How many account logs did we have last month?,MEDIUM,"SELECT COUNT(*) FROM account_logs
WHERE created_at >= date('now', '-1 month');","SELECT COUNT(*) FROM table_name WHERE col_name >= date(string, string);"
drawSQL-mysql-export-2026-02-09_pixelfed,11,Break it down by type or category—how many account logs in each?,MEDIUM,"SELECT item_type, COUNT(*) as count FROM account_logs GROUP BY item_type;","SELECT col_name, COUNT(*) as count FROM table_name GROUP BY col_name;"
drawSQL-mysql-export-2026-02-09_pixelfed,12,Are there any account logs that don't have a match somewhere else?,MEDIUM,SELECT * FROM account_logs LIMIT 10;,SELECT * FROM table_name LIMIT num;
drawSQL-mysql-export-2026-02-09_pixelfed,13,"For each group, what's in the top 3?",MEDIUM,"SELECT * FROM (
  SELECT *, ROW_NUMBER() OVER (PARTITION BY item_type ORDER BY id DESC) as rn
  FROM account_logs
) WHERE rn <= 3;","SELECT * FROM ( SELECT *, ROW_NUMBER() OVER (PARTITION BY col_name ORDER BY id DESC) as column_alias0 FROM table_name ) WHERE column_alias0 <= num;"
drawSQL-mysql-export-2026-02-09_pixelfed,14,How many activities did we have last month?,MEDIUM,"SELECT COUNT(*) FROM account_logs
WHERE created_at >= date('now', '-1 month');","SELECT COUNT(*) FROM table_name WHERE col_name >= date(string, string);"
drawSQL-mysql-export-2026-02-09_pixelfed,15,Break it down by type or category—how many activities in each?,MEDIUM,"SELECT item_type, COUNT(*) as count FROM account_logs GROUP BY item_type;","SELECT col_name, COUNT(*) as count FROM table_name GROUP BY col_name;"
drawSQL-mysql-export-2026-02-09_pixelfed,16,Are there any activities that don't have a match somewhere else?,MEDIUM,SELECT * FROM account_logs LIMIT 10;,SELECT * FROM table_name LIMIT num;
drawSQL-mysql-export-2026-02-09_pixelfed,17,I need a report that pulls together info from several different places.,HARD,"SELECT * FROM avatars
LEFT JOIN profiles ON avatars.profile_id = profiles.id;",SELECT * FROM table_name LEFT JOIN table_name ON table_name.col_name = table_name.id;
drawSQL-mysql-export-2026-02-09_pixelfed,18,"Can you do a multi-step analysis: group things, filter, then rank the results?",HARD,"WITH grouped AS (
  SELECT item_type, COUNT(*) as cnt FROM account_logs GROUP BY item_type
)
SELECT * FROM grouped WHERE cnt > 1 ORDER BY cnt DESC;","WITH grouped AS ( SELECT col_name, COUNT(*) as cnt FROM table_name GROUP BY col_name ) SELECT * FROM grouped WHERE cnt > num ORDER BY cnt DESC;"
drawSQL-mysql-export-2026-02-09_pixelfed,19,Who or what is the best in each group?,HARD,"SELECT * FROM (
  SELECT *, ROW_NUMBER() OVER (PARTITION BY item_type ORDER BY id DESC) as rn
  FROM account_logs
) WHERE rn = 1;","SELECT * FROM ( SELECT *, ROW_NUMBER() OVER (PARTITION BY col_name ORDER BY id DESC) as column_alias0 FROM table_name ) WHERE column_alias0 = num;"
drawSQL-mysql-export-2026-02-09_pixelfed,20,Which ones are above average compared to others in their group?,HARD,SELECT * FROM account_logs LIMIT 10;,SELECT * FROM table_name LIMIT num;
drawSQL-mysql-export-2026-02-09_polr,1,How many people signed up last month?,EASY,"SELECT COUNT(*) FROM users
WHERE created_at >= date('now', '-1 month');","SELECT COUNT(*) FROM table_name WHERE col_name >= date(string, string);"
drawSQL-mysql-export-2026-02-09_polr,2,How many clicks do we have?,EASY,SELECT COUNT(*) FROM clicks;,SELECT COUNT(*) FROM table_name;
drawSQL-mysql-export-2026-02-09_polr,3,Show me all of our clicks.,EASY,SELECT * FROM clicks;,SELECT * FROM table_name;
drawSQL-mysql-export-2026-02-09_polr,4,Can you look up a specific click?,EASY,SELECT * FROM clicks WHERE id = ?;,SELECT * FROM table_name WHERE id = num;
drawSQL-mysql-export-2026-02-09_polr,5,What clicks were added or changed recently?,EASY,SELECT * FROM clicks ORDER BY created_at DESC LIMIT 50;,SELECT * FROM table_name ORDER BY col_name DESC LIMIT num;
drawSQL-mysql-export-2026-02-09_polr,6,What are the different country values we have?,EASY,SELECT * FROM clicks LIMIT 10;,SELECT * FROM table_name LIMIT num;
drawSQL-mysql-export-2026-02-09_polr,7,How many links do we have?,EASY,SELECT COUNT(*) FROM clicks;,SELECT COUNT(*) FROM table_name;
drawSQL-mysql-export-2026-02-09_polr,8,Show me all of our links.,EASY,SELECT * FROM clicks;,SELECT * FROM table_name;
drawSQL-mysql-export-2026-02-09_polr,9,Who are our most active users?,MEDIUM,SELECT * FROM users ORDER BY created_at DESC LIMIT 10;,SELECT * FROM table_name ORDER BY col_name DESC LIMIT num;
drawSQL-mysql-export-2026-02-09_polr,10,How many clicks did we have last month?,MEDIUM,"SELECT COUNT(*) FROM clicks
WHERE created_at >= date('now', '-1 month');","SELECT COUNT(*) FROM table_name WHERE col_name >= date(string, string);"
drawSQL-mysql-export-2026-02-09_polr,11,Break it down by type or category—how many clicks in each?,MEDIUM,"SELECT ip, COUNT(*) as count FROM clicks GROUP BY ip;","SELECT col_name, COUNT(*) as count FROM table_name GROUP BY col_name;"
drawSQL-mysql-export-2026-02-09_polr,12,Are there any clicks that don't have a match somewhere else?,MEDIUM,SELECT * FROM clicks LIMIT 10;,SELECT * FROM table_name LIMIT num;
drawSQL-mysql-export-2026-02-09_polr,13,"For each group, what's in the top 3?",MEDIUM,SELECT * FROM clicks LIMIT 10;,SELECT * FROM table_name LIMIT num;
drawSQL-mysql-export-2026-02-09_polr,14,Show me each link along with its related details.,MEDIUM,SELECT * FROM clicks;,SELECT * FROM table_name;
drawSQL-mysql-export-2026-02-09_polr,15,How many links did we have last month?,MEDIUM,"SELECT COUNT(*) FROM clicks
WHERE created_at >= date('now', '-1 month');","SELECT COUNT(*) FROM table_name WHERE col_name >= date(string, string);"
drawSQL-mysql-export-2026-02-09_polr,16,Break it down by type or category—how many links in each?,MEDIUM,"SELECT ip, COUNT(*) as count FROM clicks GROUP BY ip;","SELECT col_name, COUNT(*) as count FROM table_name GROUP BY col_name;"
drawSQL-mysql-export-2026-02-09_polr,17,I need a report that pulls together info from several different places.,HARD,"SELECT * FROM clicks
LEFT JOIN links ON clicks.link_id = links.id;",SELECT * FROM table_name LEFT JOIN table_name ON table_name.col_name = table_name.id;
drawSQL-mysql-export-2026-02-09_polr,18,"Can you do a multi-step analysis: group things, filter, then rank the results?",HARD,"WITH grouped AS (
  SELECT ip, COUNT(*) as cnt FROM clicks GROUP BY ip
)
SELECT * FROM grouped WHERE cnt > 1 ORDER BY cnt DESC;","WITH grouped AS ( SELECT col_name, COUNT(*) as cnt FROM table_name GROUP BY col_name ) SELECT * FROM grouped WHERE cnt > num ORDER BY cnt DESC;"
drawSQL-mysql-export-2026-02-09_polr,19,Who or what is the best in each group?,HARD,"SELECT * FROM (
  SELECT *, ROW_NUMBER() OVER (PARTITION BY ip ORDER BY id DESC) as rn
  FROM clicks
) WHERE rn = 1;","SELECT * FROM ( SELECT *, ROW_NUMBER() OVER (PARTITION BY col_name ORDER BY id DESC) as column_alias0 FROM table_name ) WHERE column_alias0 = num;"
drawSQL-mysql-export-2026-02-09_polr,20,Which ones are above average compared to others in their group?,HARD,SELECT * FROM clicks LIMIT 10;,SELECT * FROM table_name LIMIT num;
drawSQL-mysql-export-2026-02-09_screenly,1,How many people signed up last month?,EASY,"SELECT COUNT(*) FROM users
WHERE created_at >= date('now', '-1 month');","SELECT COUNT(*) FROM table_name WHERE col_name >= date(string, string);"
drawSQL-mysql-export-2026-02-09_screenly,2,How many api keys do we have?,EASY,SELECT COUNT(*) FROM api_keys;,SELECT COUNT(*) FROM table_name;
drawSQL-mysql-export-2026-02-09_screenly,3,Show me all of our api keys.,EASY,SELECT * FROM api_keys;,SELECT * FROM table_name;
drawSQL-mysql-export-2026-02-09_screenly,4,Can you look up a specific api key?,EASY,SELECT * FROM api_keys WHERE id = ?;,SELECT * FROM table_name WHERE id = num;
drawSQL-mysql-export-2026-02-09_screenly,5,Find the api key with a certain name or email.,EASY,SELECT * FROM api_keys WHERE name = ?;,SELECT * FROM table_name WHERE col_name = num;
drawSQL-mysql-export-2026-02-09_screenly,6,What api keys were added or changed recently?,EASY,SELECT * FROM api_keys ORDER BY created_at DESC LIMIT 50;,SELECT * FROM table_name ORDER BY col_name DESC LIMIT num;
drawSQL-mysql-export-2026-02-09_screenly,7,What are the different name values we have?,EASY,SELECT * FROM api_keys LIMIT 10;,SELECT * FROM table_name LIMIT num;
drawSQL-mysql-export-2026-02-09_screenly,8,How many api log do we have?,EASY,SELECT COUNT(*) FROM api_keys;,SELECT COUNT(*) FROM table_name;
drawSQL-mysql-export-2026-02-09_screenly,9,Who are our most active users?,MEDIUM,SELECT * FROM users ORDER BY created_at DESC LIMIT 10;,SELECT * FROM table_name ORDER BY col_name DESC LIMIT num;
drawSQL-mysql-export-2026-02-09_screenly,10,How many api keys did we have last month?,MEDIUM,"SELECT COUNT(*) FROM api_keys
WHERE created_at >= date('now', '-1 month');","SELECT COUNT(*) FROM table_name WHERE col_name >= date(string, string);"
drawSQL-mysql-export-2026-02-09_screenly,11,Break it down by type or category—how many api keys in each?,MEDIUM,"SELECT name, COUNT(*) as count FROM api_keys GROUP BY name;","SELECT col_name, COUNT(*) as count FROM table_name GROUP BY col_name;"
drawSQL-mysql-export-2026-02-09_screenly,12,Are there any api keys that don't have a match somewhere else?,MEDIUM,SELECT * FROM api_keys LIMIT 10;,SELECT * FROM table_name LIMIT num;
drawSQL-mysql-export-2026-02-09_screenly,13,"For each group, what's in the top 3?",MEDIUM,SELECT * FROM api_keys LIMIT 10;,SELECT * FROM table_name LIMIT num;
drawSQL-mysql-export-2026-02-09_screenly,14,How many api log did we have last month?,MEDIUM,"SELECT COUNT(*) FROM api_keys
WHERE created_at >= date('now', '-1 month');","SELECT COUNT(*) FROM table_name WHERE col_name >= date(string, string);"
drawSQL-mysql-export-2026-02-09_screenly,15,Break it down by type or category—how many api log in each?,MEDIUM,"SELECT name, COUNT(*) as count FROM api_keys GROUP BY name;","SELECT col_name, COUNT(*) as count FROM table_name GROUP BY col_name;"
drawSQL-mysql-export-2026-02-09_screenly,16,Are there any api log that don't have a match somewhere else?,MEDIUM,SELECT * FROM api_keys LIMIT 10;,SELECT * FROM table_name LIMIT num;
drawSQL-mysql-export-2026-02-09_screenly,17,I need a report that pulls together info from several different places.,HARD,"SELECT * FROM api_keys
LEFT JOIN users ON api_keys.user_id = users.id;",SELECT * FROM table_name LEFT JOIN table_name ON table_name.col_name = table_name.id;
drawSQL-mysql-export-2026-02-09_screenly,18,"Can you do a multi-step analysis: group things, filter, then rank the results?",HARD,"WITH grouped AS (
  SELECT name, COUNT(*) as cnt FROM api_keys GROUP BY name
)
SELECT * FROM grouped WHERE cnt > 1 ORDER BY cnt DESC;","WITH grouped AS ( SELECT col_name, COUNT(*) as cnt FROM table_name GROUP BY col_name ) SELECT * FROM grouped WHERE cnt > num ORDER BY cnt DESC;"
drawSQL-mysql-export-2026-02-09_screenly,19,Who or what is the best in each group?,HARD,"SELECT * FROM (
  SELECT *, ROW_NUMBER() OVER (PARTITION BY name ORDER BY id DESC) as rn
  FROM api_keys
) WHERE rn = 1;","SELECT * FROM ( SELECT *, ROW_NUMBER() OVER (PARTITION BY col_name ORDER BY id DESC) as column_alias0 FROM table_name ) WHERE column_alias0 = num;"
drawSQL-mysql-export-2026-02-09_screenly,20,Which ones are above average compared to others in their group?,HARD,SELECT * FROM api_keys LIMIT 10;,SELECT * FROM table_name LIMIT num;
drawSQL-mysql-export-2026-02-09_servermonitor,1,How many people signed up last month?,EASY,"SELECT COUNT(*) FROM checks
WHERE created_at >= date('now', '-1 month');","SELECT COUNT(*) FROM table_name WHERE col_name >= date(string, string);"
drawSQL-mysql-export-2026-02-09_servermonitor,2,How many checks do we have?,EASY,SELECT COUNT(*) FROM checks;,SELECT COUNT(*) FROM table_name;
drawSQL-mysql-export-2026-02-09_servermonitor,3,Show me all of our checks.,EASY,SELECT * FROM checks;,SELECT * FROM table_name;
drawSQL-mysql-export-2026-02-09_servermonitor,4,Can you look up a specific check?,EASY,SELECT * FROM checks WHERE id = ?;,SELECT * FROM table_name WHERE id = num;
drawSQL-mysql-export-2026-02-09_servermonitor,5,Which checks are currently active or turned on?,EASY,SELECT * FROM checks WHERE status = 1;,SELECT * FROM table_name WHERE col_name = num;
drawSQL-mysql-export-2026-02-09_servermonitor,6,What checks were added or changed recently?,EASY,SELECT * FROM checks ORDER BY created_at DESC LIMIT 50;,SELECT * FROM table_name ORDER BY col_name DESC LIMIT num;
drawSQL-mysql-export-2026-02-09_servermonitor,7,What are the different host id values we have?,EASY,SELECT * FROM checks LIMIT 10;,SELECT * FROM table_name LIMIT num;
drawSQL-mysql-export-2026-02-09_servermonitor,8,How many hosts do we have?,EASY,SELECT COUNT(*) FROM checks;,SELECT COUNT(*) FROM table_name;
drawSQL-mysql-export-2026-02-09_servermonitor,9,Who are our most active users?,MEDIUM,SELECT * FROM checks LIMIT 10;,SELECT * FROM table_name LIMIT num;
drawSQL-mysql-export-2026-02-09_servermonitor,10,How many checks did we have last month?,MEDIUM,"SELECT COUNT(*) FROM checks
WHERE created_at >= date('now', '-1 month');","SELECT COUNT(*) FROM table_name WHERE col_name >= date(string, string);"
drawSQL-mysql-export-2026-02-09_servermonitor,11,Break it down by type or category—how many checks in each?,MEDIUM,"SELECT type, COUNT(*) as count FROM checks GROUP BY type;","SELECT col_name, COUNT(*) as count FROM table_name GROUP BY col_name;"
drawSQL-mysql-export-2026-02-09_servermonitor,12,Are there any checks that don't have a match somewhere else?,MEDIUM,SELECT * FROM checks LIMIT 10;,SELECT * FROM table_name LIMIT num;
drawSQL-mysql-export-2026-02-09_servermonitor,13,"For each group, what's in the top 3?",MEDIUM,"SELECT * FROM (
  SELECT *, ROW_NUMBER() OVER (PARTITION BY type ORDER BY id DESC) as rn
  FROM checks
) WHERE rn <= 3;","SELECT * FROM ( SELECT *, ROW_NUMBER() OVER (PARTITION BY col_name ORDER BY id DESC) as column_alias0 FROM table_name ) WHERE column_alias0 <= num;"
drawSQL-mysql-export-2026-02-09_servermonitor,14,Show me each host along with its related details.,MEDIUM,SELECT * FROM checks;,SELECT * FROM table_name;
drawSQL-mysql-export-2026-02-09_servermonitor,15,How many hosts did we have last month?,MEDIUM,"SELECT COUNT(*) FROM checks
WHERE created_at >= date('now', '-1 month');","SELECT COUNT(*) FROM table_name WHERE col_name >= date(string, string);"
drawSQL-mysql-export-2026-02-09_servermonitor,16,Break it down by type or category—how many hosts in each?,MEDIUM,"SELECT type, COUNT(*) as count FROM checks GROUP BY type;","SELECT col_name, COUNT(*) as count FROM table_name GROUP BY col_name;"
drawSQL-mysql-export-2026-02-09_servermonitor,17,I need a report that pulls together info from several different places.,HARD,"SELECT * FROM checks
LEFT JOIN hosts ON checks.host_id = hosts.id;",SELECT * FROM table_name LEFT JOIN table_name ON table_name.col_name = table_name.id;
drawSQL-mysql-export-2026-02-09_servermonitor,18,"Can you do a multi-step analysis: group things, filter, then rank the results?",HARD,"WITH grouped AS (
  SELECT type, COUNT(*) as cnt FROM checks GROUP BY type
)
SELECT * FROM grouped WHERE cnt > 1 ORDER BY cnt DESC;","WITH grouped AS ( SELECT col_name, COUNT(*) as cnt FROM table_name GROUP BY col_name ) SELECT * FROM grouped WHERE cnt > num ORDER BY cnt DESC;"
drawSQL-mysql-export-2026-02-09_servermonitor,19,Who or what is the best in each group?,HARD,"SELECT * FROM (
  SELECT *, ROW_NUMBER() OVER (PARTITION BY type ORDER BY id DESC) as rn
  FROM checks
) WHERE rn = 1;","SELECT * FROM ( SELECT *, ROW_NUMBER() OVER (PARTITION BY col_name ORDER BY id DESC) as column_alias0 FROM table_name ) WHERE column_alias0 = num;"
drawSQL-mysql-export-2026-02-09_servermonitor,20,Which ones are above average compared to others in their group?,HARD,SELECT * FROM checks LIMIT 10;,SELECT * FROM table_name LIMIT num;
drawSQL-mysql-export-2026-02-09_stats,1,How many people signed up last month?,EASY,"SELECT COUNT(*) FROM tracker_agents
WHERE created_at >= date('now', '-1 month');","SELECT COUNT(*) FROM table_name WHERE col_name >= date(string, string);"
drawSQL-mysql-export-2026-02-09_stats,2,How many tracker agents do we have?,EASY,SELECT COUNT(*) FROM tracker_agents;,SELECT COUNT(*) FROM table_name;
drawSQL-mysql-export-2026-02-09_stats,3,Show me all of our tracker agents.,EASY,SELECT * FROM tracker_agents;,SELECT * FROM table_name;
drawSQL-mysql-export-2026-02-09_stats,4,Can you look up a specific tracker agent?,EASY,SELECT * FROM tracker_agents WHERE id = ?;,SELECT * FROM table_name WHERE id = num;
drawSQL-mysql-export-2026-02-09_stats,5,Find the tracker agent with a certain name or email.,EASY,SELECT * FROM tracker_agents WHERE name = ?;,SELECT * FROM table_name WHERE col_name = num;
drawSQL-mysql-export-2026-02-09_stats,6,What tracker agents were added or changed recently?,EASY,SELECT * FROM tracker_agents ORDER BY created_at DESC LIMIT 50;,SELECT * FROM table_name ORDER BY col_name DESC LIMIT num;
drawSQL-mysql-export-2026-02-09_stats,7,What are the different name values we have?,EASY,SELECT * FROM tracker_agents LIMIT 10;,SELECT * FROM table_name LIMIT num;
drawSQL-mysql-export-2026-02-09_stats,8,How many tracker connections do we have?,EASY,SELECT COUNT(*) FROM tracker_agents;,SELECT COUNT(*) FROM table_name;
drawSQL-mysql-export-2026-02-09_stats,9,Who are our most active users?,MEDIUM,SELECT * FROM tracker_agents LIMIT 10;,SELECT * FROM table_name LIMIT num;
drawSQL-mysql-export-2026-02-09_stats,10,Show me each tracker agent along with its related details.,MEDIUM,"SELECT t.*, c.*
FROM tracker_agents t
LEFT JOIN tracker_sessions c ON c.agent_id = t.id;","SELECT table_alias0.*, table_alias1.* FROM table_name table_alias0 LEFT JOIN table_name table_alias1 ON table_alias1.col_name = table_alias0.id;"
drawSQL-mysql-export-2026-02-09_stats,11,How many tracker agents did we have last month?,MEDIUM,"SELECT COUNT(*) FROM tracker_agents
WHERE created_at >= date('now', '-1 month');","SELECT COUNT(*) FROM table_name WHERE col_name >= date(string, string);"
drawSQL-mysql-export-2026-02-09_stats,12,Break it down by type or category—how many tracker agents in each?,MEDIUM,"SELECT name, COUNT(*) as count FROM tracker_agents GROUP BY name;","SELECT col_name, COUNT(*) as count FROM table_name GROUP BY col_name;"
drawSQL-mysql-export-2026-02-09_stats,13,Are there any tracker agents that don't have a match somewhere else?,MEDIUM,"SELECT * FROM tracker_agents
WHERE id NOT IN (SELECT DISTINCT agent_id FROM tracker_sessions WHERE agent_id IS NOT NULL);",SELECT * FROM table_name WHERE id NOT IN (SELECT DISTINCT col_name FROM table_name WHERE col_name IS NOT NULL);
drawSQL-mysql-export-2026-02-09_stats,14,"For each group, what's in the top 3?",MEDIUM,SELECT * FROM tracker_agents LIMIT 10;,SELECT * FROM table_name LIMIT num;
drawSQL-mysql-export-2026-02-09_stats,15,How many tracker connections did we have last month?,MEDIUM,"SELECT COUNT(*) FROM tracker_agents
WHERE created_at >= date('now', '-1 month');","SELECT COUNT(*) FROM table_name WHERE col_name >= date(string, string);"
drawSQL-mysql-export-2026-02-09_stats,16,Break it down by type or category—how many tracker connections in each?,MEDIUM,"SELECT name, COUNT(*) as count FROM tracker_agents GROUP BY name;","SELECT col_name, COUNT(*) as count FROM table_name GROUP BY col_name;"
drawSQL-mysql-export-2026-02-09_stats,17,I need a report that pulls together info from several different places.,HARD,"SELECT * FROM tracker_log
LEFT JOIN tracker_referers ON tracker_log.referer_id = tracker_referers.id
LEFT JOIN tracker_route_paths ON tracker_log.route_path_id = tracker_route_paths.id;",SELECT * FROM table_name LEFT JOIN table_name ON table_name.col_name = table_name.id LEFT JOIN table_name ON table_name.col_name = table_name.id;
drawSQL-mysql-export-2026-02-09_stats,18,"Can you do a multi-step analysis: group things, filter, then rank the results?",HARD,"WITH grouped AS (
  SELECT name, COUNT(*) as cnt FROM tracker_agents GROUP BY name
)
SELECT * FROM grouped WHERE cnt > 1 ORDER BY cnt DESC;","WITH grouped AS ( SELECT col_name, COUNT(*) as cnt FROM table_name GROUP BY col_name ) SELECT * FROM grouped WHERE cnt > num ORDER BY cnt DESC;"
drawSQL-mysql-export-2026-02-09_stats,19,Who or what is the best in each group?,HARD,"SELECT * FROM (
  SELECT *, ROW_NUMBER() OVER (PARTITION BY name ORDER BY id DESC) as rn
  FROM tracker_agents
) WHERE rn = 1;","SELECT * FROM ( SELECT *, ROW_NUMBER() OVER (PARTITION BY col_name ORDER BY id DESC) as column_alias0 FROM table_name ) WHERE column_alias0 = num;"
drawSQL-mysql-export-2026-02-09_stats,20,Which ones are above average compared to others in their group?,HARD,"SELECT * FROM tracker_query_arguments
WHERE value > (SELECT AVG(value) FROM tracker_query_arguments);",SELECT * FROM table_name WHERE value > (SELECT AVG(value) FROM table_name);
drawSQL-mysql-export-2026-02-09_staytus,1,How many people are subscribed to get status updates?,EASY,SELECT COUNT(*) FROM subscribers;,SELECT COUNT(*) FROM table_name;
drawSQL-mysql-export-2026-02-09_staytus,2,How many people signed up last month?,EASY,"SELECT COUNT(*) FROM users
WHERE created_at >= date('now', '-1 month');","SELECT COUNT(*) FROM table_name WHERE col_name >= date(string, string);"
drawSQL-mysql-export-2026-02-09_staytus,3,How many api tokens do we have?,EASY,SELECT COUNT(*) FROM api_tokens;,SELECT COUNT(*) FROM table_name;
drawSQL-mysql-export-2026-02-09_staytus,4,Show me all of our api tokens.,EASY,SELECT * FROM api_tokens;,SELECT * FROM table_name;
drawSQL-mysql-export-2026-02-09_staytus,5,Can you look up a specific api token?,EASY,SELECT * FROM api_tokens WHERE id = ?;,SELECT * FROM table_name WHERE id = num;
drawSQL-mysql-export-2026-02-09_staytus,6,Find the api token with a certain name or email.,EASY,SELECT * FROM api_tokens WHERE name = ?;,SELECT * FROM table_name WHERE col_name = num;
drawSQL-mysql-export-2026-02-09_staytus,7,What api tokens were added or changed recently?,EASY,SELECT * FROM api_tokens ORDER BY created_at DESC LIMIT 50;,SELECT * FROM table_name ORDER BY col_name DESC LIMIT num;
drawSQL-mysql-export-2026-02-09_staytus,8,What are the different name values we have?,EASY,SELECT * FROM api_tokens LIMIT 10;,SELECT * FROM table_name LIMIT num;
drawSQL-mysql-export-2026-02-09_staytus,9,Who are our most active users?,MEDIUM,SELECT * FROM users ORDER BY created_at DESC LIMIT 10;,SELECT * FROM table_name ORDER BY col_name DESC LIMIT num;
drawSQL-mysql-export-2026-02-09_staytus,10,How many api tokens did we have last month?,MEDIUM,"SELECT COUNT(*) FROM api_tokens
WHERE created_at >= date('now', '-1 month');","SELECT COUNT(*) FROM table_name WHERE col_name >= date(string, string);"
drawSQL-mysql-export-2026-02-09_staytus,11,Break it down by type or category—how many api tokens in each?,MEDIUM,"SELECT name, COUNT(*) as count FROM api_tokens GROUP BY name;","SELECT col_name, COUNT(*) as count FROM table_name GROUP BY col_name;"
drawSQL-mysql-export-2026-02-09_staytus,12,Are there any api tokens that don't have a match somewhere else?,MEDIUM,SELECT * FROM api_tokens LIMIT 10;,SELECT * FROM table_name LIMIT num;
drawSQL-mysql-export-2026-02-09_staytus,13,"For each group, what's in the top 3?",MEDIUM,SELECT * FROM api_tokens LIMIT 10;,SELECT * FROM table_name LIMIT num;
drawSQL-mysql-export-2026-02-09_staytus,14,How many email templates did we have last month?,MEDIUM,"SELECT COUNT(*) FROM api_tokens
WHERE created_at >= date('now', '-1 month');","SELECT COUNT(*) FROM table_name WHERE col_name >= date(string, string);"
drawSQL-mysql-export-2026-02-09_staytus,15,Break it down by type or category—how many email templates in each?,MEDIUM,"SELECT name, COUNT(*) as count FROM api_tokens GROUP BY name;","SELECT col_name, COUNT(*) as count FROM table_name GROUP BY col_name;"
drawSQL-mysql-export-2026-02-09_staytus,16,Are there any email templates that don't have a match somewhere else?,MEDIUM,SELECT * FROM api_tokens LIMIT 10;,SELECT * FROM table_name LIMIT num;
drawSQL-mysql-export-2026-02-09_staytus,17,I need a report that pulls together info from several different places.,HARD,"SELECT * FROM issue_updates
LEFT JOIN service_statuses ON issue_updates.service_status_id = service_statuses.id
LEFT JOIN users ON issue_updates.user_id = users.id;",SELECT * FROM table_name LEFT JOIN table_name ON table_name.col_name = table_name.id LEFT JOIN table_name ON table_name.col_name = table_name.id;
drawSQL-mysql-export-2026-02-09_staytus,18,"Can you do a multi-step analysis: group things, filter, then rank the results?",HARD,"WITH grouped AS (
  SELECT name, COUNT(*) as cnt FROM api_tokens GROUP BY name
)
SELECT * FROM grouped WHERE cnt > 1 ORDER BY cnt DESC;","WITH grouped AS ( SELECT col_name, COUNT(*) as cnt FROM table_name GROUP BY col_name ) SELECT * FROM grouped WHERE cnt > num ORDER BY cnt DESC;"
drawSQL-mysql-export-2026-02-09_staytus,19,Who or what is the best in each group?,HARD,"SELECT * FROM (
  SELECT *, ROW_NUMBER() OVER (PARTITION BY name ORDER BY id DESC) as rn
  FROM api_tokens
) WHERE rn = 1;","SELECT * FROM ( SELECT *, ROW_NUMBER() OVER (PARTITION BY col_name ORDER BY id DESC) as column_alias0 FROM table_name ) WHERE column_alias0 = num;"
drawSQL-mysql-export-2026-02-09_staytus,20,Which ones are above average compared to others in their group?,HARD,SELECT * FROM api_tokens LIMIT 10;,SELECT * FROM table_name LIMIT num;
drawSQL-mysql-export-2026-02-09_streaks,1,How many people signed up last month?,EASY,SELECT COUNT(*) FROM users;,SELECT COUNT(*) FROM table_name;
drawSQL-mysql-export-2026-02-09_streaks,2,How many users do we have?,EASY,SELECT COUNT(*) FROM users;,SELECT COUNT(*) FROM table_name;
drawSQL-mysql-export-2026-02-09_streaks,3,Show me all of our users.,EASY,SELECT * FROM users;,SELECT * FROM table_name;
drawSQL-mysql-export-2026-02-09_streaks,4,Can you look up a specific user?,EASY,SELECT * FROM users WHERE id = ?;,SELECT * FROM table_name WHERE id = num;
drawSQL-mysql-export-2026-02-09_streaks,5,What are the different level id values we have?,EASY,SELECT * FROM users LIMIT 10;,SELECT * FROM table_name LIMIT num;
drawSQL-mysql-export-2026-02-09_streaks,6,How many streaks do we have?,EASY,SELECT COUNT(*) FROM users;,SELECT COUNT(*) FROM table_name;
drawSQL-mysql-export-2026-02-09_streaks,7,Show me all of our streaks.,EASY,SELECT * FROM users;,SELECT * FROM table_name;
drawSQL-mysql-export-2026-02-09_streaks,8,Can you look up a specific streak?,EASY,SELECT * FROM users WHERE id = ?;,SELECT * FROM table_name WHERE id = num;
drawSQL-mysql-export-2026-02-09_streaks,9,Who are our most active users?,MEDIUM,SELECT * FROM users ORDER BY created_at DESC LIMIT 10;,SELECT * FROM table_name ORDER BY col_name DESC LIMIT num;
drawSQL-mysql-export-2026-02-09_streaks,10,Show me each user along with its related details.,MEDIUM,"SELECT t.*, c.*
FROM users t
LEFT JOIN streaks c ON c.user_id = t.id;","SELECT table_alias0.*, table_alias1.* FROM table_name table_alias0 LEFT JOIN table_name table_alias1 ON table_alias1.col_name = table_alias0.id;"
drawSQL-mysql-export-2026-02-09_streaks,11,Break it down by type or category—how many users in each?,MEDIUM,"SELECT level_id, COUNT(*) as count FROM users GROUP BY level_id;","SELECT col_name, COUNT(*) as count FROM table_name GROUP BY col_name;"
drawSQL-mysql-export-2026-02-09_streaks,12,Are there any users that don't have a match somewhere else?,MEDIUM,"SELECT * FROM users
WHERE id NOT IN (SELECT DISTINCT user_id FROM streaks WHERE user_id IS NOT NULL);",SELECT * FROM table_name WHERE id NOT IN (SELECT DISTINCT col_name FROM table_name WHERE col_name IS NOT NULL);
drawSQL-mysql-export-2026-02-09_streaks,13,"For each group, what's in the top 3?",MEDIUM,SELECT * FROM users LIMIT 10;,SELECT * FROM table_name LIMIT num;
drawSQL-mysql-export-2026-02-09_streaks,14,How many streaks did we have last month?,MEDIUM,"SELECT COUNT(*) FROM streaks
WHERE created_at >= date('now', '-1 month');","SELECT COUNT(*) FROM table_name WHERE col_name >= date(string, string);"
drawSQL-mysql-export-2026-02-09_streaks,15,Break it down by type or category—how many streaks in each?,MEDIUM,"SELECT level_id, COUNT(*) as count FROM users GROUP BY level_id;","SELECT col_name, COUNT(*) as count FROM table_name GROUP BY col_name;"
drawSQL-mysql-export-2026-02-09_streaks,16,Are there any streaks that don't have a match somewhere else?,MEDIUM,"SELECT * FROM users
WHERE id NOT IN (SELECT DISTINCT user_id FROM streaks WHERE user_id IS NOT NULL);",SELECT * FROM table_name WHERE id NOT IN (SELECT DISTINCT col_name FROM table_name WHERE col_name IS NOT NULL);
drawSQL-mysql-export-2026-02-09_streaks,17,I need a report that pulls together info from several different places.,HARD,"SELECT * FROM streaks
LEFT JOIN users ON streaks.user_id = users.id;",SELECT * FROM table_name LEFT JOIN table_name ON table_name.col_name = table_name.id;
drawSQL-mysql-export-2026-02-09_streaks,18,"Can you do a multi-step analysis: group things, filter, then rank the results?",HARD,"WITH grouped AS (
  SELECT level_id, COUNT(*) as cnt FROM users GROUP BY level_id
)
SELECT * FROM grouped WHERE cnt > 1 ORDER BY cnt DESC;","WITH grouped AS ( SELECT col_name, COUNT(*) as cnt FROM table_name GROUP BY col_name ) SELECT * FROM grouped WHERE cnt > num ORDER BY cnt DESC;"
drawSQL-mysql-export-2026-02-09_streaks,19,Who or what is the best in each group?,HARD,"SELECT * FROM (
  SELECT *, ROW_NUMBER() OVER (PARTITION BY level_id ORDER BY id DESC) as rn
  FROM users
) WHERE rn = 1;","SELECT * FROM ( SELECT *, ROW_NUMBER() OVER (PARTITION BY col_name ORDER BY id DESC) as column_alias0 FROM table_name ) WHERE column_alias0 = num;"
drawSQL-mysql-export-2026-02-09_streaks,20,Which ones are above average compared to others in their group?,HARD,SELECT * FROM users LIMIT 10;,SELECT * FROM table_name LIMIT num;
drawSQL-mysql-export-2026-02-09_stripe,1,Which customers have an active subscription?,EASY,SELECT * FROM subscriptions LIMIT 10;,SELECT * FROM table_name LIMIT num;
drawSQL-mysql-export-2026-02-09_stripe,2,How many people signed up last month?,EASY,"SELECT COUNT(*) FROM users
WHERE pm_expiration >= date('now', '-1 month');","SELECT COUNT(*) FROM table_name WHERE col_name >= date(string, string);"
drawSQL-mysql-export-2026-02-09_stripe,3,How many subscriptions do we have?,EASY,SELECT COUNT(*) FROM subscriptions;,SELECT COUNT(*) FROM table_name;
drawSQL-mysql-export-2026-02-09_stripe,4,Show me all of our subscriptions.,EASY,SELECT * FROM subscriptions;,SELECT * FROM table_name;
drawSQL-mysql-export-2026-02-09_stripe,5,Can you look up a specific subscription?,EASY,SELECT * FROM subscriptions WHERE id = ?;,SELECT * FROM table_name WHERE id = num;
drawSQL-mysql-export-2026-02-09_stripe,6,Find the subscription with a certain name or email.,EASY,SELECT * FROM subscriptions WHERE name = ?;,SELECT * FROM table_name WHERE col_name = num;
drawSQL-mysql-export-2026-02-09_stripe,7,Which subscriptions are currently active or turned on?,EASY,SELECT * FROM subscriptions LIMIT 10;,SELECT * FROM table_name LIMIT num;
drawSQL-mysql-export-2026-02-09_stripe,8,What subscriptions were added or changed recently?,EASY,SELECT * FROM subscriptions ORDER BY updated_at DESC LIMIT 50;,SELECT * FROM table_name ORDER BY col_name DESC LIMIT num;
drawSQL-mysql-export-2026-02-09_stripe,9,How much money did we make this month?,MEDIUM,SELECT * FROM subscriptions LIMIT 10;,SELECT * FROM table_name LIMIT num;
drawSQL-mysql-export-2026-02-09_stripe,10,Who are our most active users?,MEDIUM,SELECT * FROM users ORDER BY created_at DESC LIMIT 10;,SELECT * FROM table_name ORDER BY col_name DESC LIMIT num;
drawSQL-mysql-export-2026-02-09_stripe,11,Show me each subscription along with its related details.,MEDIUM,"SELECT t.*, c.*
FROM subscriptions t
LEFT JOIN subscription_items c ON c.subscription_id = t.id;","SELECT table_alias0.*, table_alias1.* FROM table_name table_alias0 LEFT JOIN table_name table_alias1 ON table_alias1.col_name = table_alias0.id;"
drawSQL-mysql-export-2026-02-09_stripe,12,What's our total or average quantity across all subscriptions?,MEDIUM,"SELECT SUM(quantity) as total, AVG(quantity) as average FROM subscriptions;","SELECT SUM(col_name) as column_alias0, AVG(col_name) as average FROM table_name;"
drawSQL-mysql-export-2026-02-09_stripe,13,How many subscriptions did we have last month?,MEDIUM,"SELECT COUNT(*) FROM subscriptions
WHERE updated_at >= date('now', '-1 month');","SELECT COUNT(*) FROM table_name WHERE col_name >= date(string, string);"
drawSQL-mysql-export-2026-02-09_stripe,14,Break it down by type or category—how many subscriptions in each?,MEDIUM,"SELECT user_id, COUNT(*) as count FROM subscriptions GROUP BY user_id;","SELECT col_name, COUNT(*) as count FROM table_name GROUP BY col_name;"
drawSQL-mysql-export-2026-02-09_stripe,15,Are there any subscriptions that don't have a match somewhere else?,MEDIUM,"SELECT * FROM subscriptions
WHERE id NOT IN (SELECT DISTINCT subscription_id FROM subscription_items WHERE subscription_id IS NOT NULL);",SELECT * FROM table_name WHERE id NOT IN (SELECT DISTINCT col_name FROM table_name WHERE col_name IS NOT NULL);
drawSQL-mysql-export-2026-02-09_stripe,16,"For each group, what's in the top 3?",MEDIUM,"SELECT * FROM (
  SELECT *, ROW_NUMBER() OVER (PARTITION BY pm_type ORDER BY id DESC) as rn
  FROM users
) WHERE rn <= 3;","SELECT * FROM ( SELECT *, ROW_NUMBER() OVER (PARTITION BY col_name ORDER BY id DESC) as column_alias0 FROM table_name ) WHERE column_alias0 <= num;"
drawSQL-mysql-export-2026-02-09_stripe,17,I need a report that pulls together info from several different places.,HARD,"SELECT * FROM subscriptions
LEFT JOIN users ON subscriptions.user_id = users.id;",SELECT * FROM table_name LEFT JOIN table_name ON table_name.col_name = table_name.id;
drawSQL-mysql-export-2026-02-09_stripe,18,"Can you do a multi-step analysis: group things, filter, then rank the results?",HARD,"WITH grouped AS (
  SELECT user_id, COUNT(*) as cnt FROM subscriptions GROUP BY user_id
)
SELECT * FROM grouped WHERE cnt > 1 ORDER BY cnt DESC;","WITH grouped AS ( SELECT col_name, COUNT(*) as cnt FROM table_name GROUP BY col_name ) SELECT * FROM grouped WHERE cnt > num ORDER BY cnt DESC;"
drawSQL-mysql-export-2026-02-09_stripe,19,Who or what is the best in each group?,HARD,"SELECT * FROM (
  SELECT *, ROW_NUMBER() OVER (PARTITION BY user_id ORDER BY quantity DESC) as rn
  FROM subscriptions
) WHERE rn = 1;","SELECT * FROM ( SELECT *, ROW_NUMBER() OVER (PARTITION BY col_name ORDER BY col_name DESC) as column_alias0 FROM table_name ) WHERE column_alias0 = num;"
drawSQL-mysql-export-2026-02-09_stripe,20,Which ones are above average compared to others in their group?,HARD,"SELECT * FROM subscriptions
WHERE quantity > (SELECT AVG(quantity) FROM subscriptions);",SELECT * FROM table_name WHERE col_name > (SELECT AVG(col_name) FROM table_name);
drawSQL-mysql-export-2026-02-09_sylius,1,How many people signed up last month?,EASY,"SELECT COUNT(*) FROM messenger_messages
WHERE created_at >= date('now', '-1 month');","SELECT COUNT(*) FROM table_name WHERE col_name >= date(string, string);"
drawSQL-mysql-export-2026-02-09_sylius,2,How many messenger messages do we have?,EASY,SELECT COUNT(*) FROM messenger_messages;,SELECT COUNT(*) FROM table_name;
drawSQL-mysql-export-2026-02-09_sylius,3,Show me all of our messenger messages.,EASY,SELECT * FROM messenger_messages;,SELECT * FROM table_name;
drawSQL-mysql-export-2026-02-09_sylius,4,Can you look up a specific messenger message?,EASY,SELECT * FROM messenger_messages WHERE id = ?;,SELECT * FROM table_name WHERE id = num;
drawSQL-mysql-export-2026-02-09_sylius,5,Find the messenger message with a certain name or email.,EASY,SELECT * FROM messenger_messages WHERE queue_name = ?;,SELECT * FROM table_name WHERE col_name = num;
drawSQL-mysql-export-2026-02-09_sylius,6,What messenger messages were added or changed recently?,EASY,SELECT * FROM messenger_messages ORDER BY created_at DESC LIMIT 50;,SELECT * FROM table_name ORDER BY col_name DESC LIMIT num;
drawSQL-mysql-export-2026-02-09_sylius,7,What are the different body values we have?,EASY,SELECT * FROM messenger_messages LIMIT 10;,SELECT * FROM table_name LIMIT num;
drawSQL-mysql-export-2026-02-09_sylius,8,How many sylius address do we have?,EASY,SELECT COUNT(*) FROM messenger_messages;,SELECT COUNT(*) FROM table_name;
drawSQL-mysql-export-2026-02-09_sylius,9,Who are our most active users?,MEDIUM,SELECT * FROM messenger_messages LIMIT 10;,SELECT * FROM table_name LIMIT num;
drawSQL-mysql-export-2026-02-09_sylius,10,How many messenger messages did we have last month?,MEDIUM,"SELECT COUNT(*) FROM messenger_messages
WHERE created_at >= date('now', '-1 month');","SELECT COUNT(*) FROM table_name WHERE col_name >= date(string, string);"
drawSQL-mysql-export-2026-02-09_sylius,11,Break it down by type or category—how many messenger messages in each?,MEDIUM,"SELECT body, COUNT(*) as count FROM messenger_messages GROUP BY body;","SELECT col_name, COUNT(*) as count FROM table_name GROUP BY col_name;"
drawSQL-mysql-export-2026-02-09_sylius,12,Are there any messenger messages that don't have a match somewhere else?,MEDIUM,SELECT * FROM messenger_messages LIMIT 10;,SELECT * FROM table_name LIMIT num;
drawSQL-mysql-export-2026-02-09_sylius,13,"For each group, what's in the top 3?",MEDIUM,SELECT * FROM messenger_messages LIMIT 10;,SELECT * FROM table_name LIMIT num;
drawSQL-mysql-export-2026-02-09_sylius,14,Show me each sylius addres along with its related details.,MEDIUM,SELECT * FROM messenger_messages;,SELECT * FROM table_name;
drawSQL-mysql-export-2026-02-09_sylius,15,How many sylius address did we have last month?,MEDIUM,"SELECT COUNT(*) FROM messenger_messages
WHERE created_at >= date('now', '-1 month');","SELECT COUNT(*) FROM table_name WHERE col_name >= date(string, string);"
drawSQL-mysql-export-2026-02-09_sylius,16,Break it down by type or category—how many sylius address in each?,MEDIUM,"SELECT body, COUNT(*) as count FROM messenger_messages GROUP BY body;","SELECT col_name, COUNT(*) as count FROM table_name GROUP BY col_name;"
drawSQL-mysql-export-2026-02-09_sylius,17,I need a report that pulls together info from several different places.,HARD,"SELECT * FROM messenger_messages
LEFT JOIN sylius_catalog_promotion_channels ON messenger_messages.id = sylius_catalog_promotion_channels.catalog_promotion_id
LEFT JOIN sylius_product_image_product_variants ON messenger_messages.id = sylius_product_image_product_variants.image_id;",SELECT * FROM table_name LEFT JOIN table_name ON table_name.id = table_name.col_name LEFT JOIN table_name ON table_name.id = table_name.col_name;
drawSQL-mysql-export-2026-02-09_sylius,18,"Can you do a multi-step analysis: group things, filter, then rank the results?",HARD,"WITH grouped AS (
  SELECT body, COUNT(*) as cnt FROM messenger_messages GROUP BY body
)
SELECT * FROM grouped WHERE cnt > 1 ORDER BY cnt DESC;","WITH grouped AS ( SELECT col_name, COUNT(*) as cnt FROM table_name GROUP BY col_name ) SELECT * FROM grouped WHERE cnt > num ORDER BY cnt DESC;"
drawSQL-mysql-export-2026-02-09_sylius,19,Who or what is the best in each group?,HARD,"SELECT * FROM (
  SELECT *, ROW_NUMBER() OVER (PARTITION BY body ORDER BY id DESC) as rn
  FROM messenger_messages
) WHERE rn = 1;","SELECT * FROM ( SELECT *, ROW_NUMBER() OVER (PARTITION BY col_name ORDER BY id DESC) as column_alias0 FROM table_name ) WHERE column_alias0 = num;"
drawSQL-mysql-export-2026-02-09_sylius,20,Which ones are above average compared to others in their group?,HARD,"SELECT * FROM sylius_product_option_value_translation
WHERE value > (SELECT AVG(value) FROM sylius_product_option_value_translation);",SELECT * FROM table_name WHERE value > (SELECT AVG(value) FROM table_name);
drawSQL-mysql-export-2026-02-09_tenancy,1,How many websites do we have?,EASY,SELECT COUNT(*) FROM websites;,SELECT COUNT(*) FROM table_name;
drawSQL-mysql-export-2026-02-09_tenancy,2,Show me all of our websites.,EASY,SELECT * FROM websites;,SELECT * FROM table_name;
drawSQL-mysql-export-2026-02-09_tenancy,3,Can you look up a specific website?,EASY,SELECT * FROM websites WHERE id = ?;,SELECT * FROM table_name WHERE id = num;
drawSQL-mysql-export-2026-02-09_tenancy,4,What websites were added or changed recently?,EASY,SELECT * FROM websites ORDER BY created_at DESC LIMIT 50;,SELECT * FROM table_name ORDER BY col_name DESC LIMIT num;
drawSQL-mysql-export-2026-02-09_tenancy,5,What are the different uuid values we have?,EASY,SELECT * FROM websites LIMIT 10;,SELECT * FROM table_name LIMIT num;
drawSQL-mysql-export-2026-02-09_tenancy,6,How many hostnames do we have?,EASY,SELECT COUNT(*) FROM websites;,SELECT COUNT(*) FROM table_name;
drawSQL-mysql-export-2026-02-09_tenancy,7,Show me all of our hostnames.,EASY,SELECT * FROM websites;,SELECT * FROM table_name;
drawSQL-mysql-export-2026-02-09_tenancy,8,Can you look up a specific hostname?,EASY,SELECT * FROM websites WHERE id = ?;,SELECT * FROM table_name WHERE id = num;
drawSQL-mysql-export-2026-02-09_tenancy,9,Show me each website along with its related details.,MEDIUM,"SELECT t.*, c.*
FROM websites t
LEFT JOIN hostnames c ON c.website_id = t.id;","SELECT table_alias0.*, table_alias1.* FROM table_name table_alias0 LEFT JOIN table_name table_alias1 ON table_alias1.col_name = table_alias0.id;"
drawSQL-mysql-export-2026-02-09_tenancy,10,How many websites did we have last month?,MEDIUM,"SELECT COUNT(*) FROM websites
WHERE created_at >= date('now', '-1 month');","SELECT COUNT(*) FROM table_name WHERE col_name >= date(string, string);"
drawSQL-mysql-export-2026-02-09_tenancy,11,Break it down by type or category—how many websites in each?,MEDIUM,"SELECT uuid, COUNT(*) as count FROM websites GROUP BY uuid;","SELECT col_name, COUNT(*) as count FROM table_name GROUP BY col_name;"
drawSQL-mysql-export-2026-02-09_tenancy,12,Are there any websites that don't have a match somewhere else?,MEDIUM,"SELECT * FROM websites
WHERE id NOT IN (SELECT DISTINCT website_id FROM hostnames WHERE website_id IS NOT NULL);",SELECT * FROM table_name WHERE id NOT IN (SELECT DISTINCT col_name FROM table_name WHERE col_name IS NOT NULL);
drawSQL-mysql-export-2026-02-09_tenancy,13,"For each group, what's in the top 3?",MEDIUM,SELECT * FROM websites LIMIT 10;,SELECT * FROM table_name LIMIT num;
drawSQL-mysql-export-2026-02-09_tenancy,14,How many hostnames did we have last month?,MEDIUM,"SELECT COUNT(*) FROM websites
WHERE created_at >= date('now', '-1 month');","SELECT COUNT(*) FROM table_name WHERE col_name >= date(string, string);"
drawSQL-mysql-export-2026-02-09_tenancy,15,Break it down by type or category—how many hostnames in each?,MEDIUM,"SELECT uuid, COUNT(*) as count FROM websites GROUP BY uuid;","SELECT col_name, COUNT(*) as count FROM table_name GROUP BY col_name;"
drawSQL-mysql-export-2026-02-09_tenancy,16,Are there any hostnames that don't have a match somewhere else?,MEDIUM,"SELECT * FROM websites
WHERE id NOT IN (SELECT DISTINCT website_id FROM hostnames WHERE website_id IS NOT NULL);",SELECT * FROM table_name WHERE id NOT IN (SELECT DISTINCT col_name FROM table_name WHERE col_name IS NOT NULL);
drawSQL-mysql-export-2026-02-09_tenancy,17,I need a report that pulls together info from several different places.,HARD,"SELECT * FROM hostnames
LEFT JOIN websites ON hostnames.website_id = websites.id;",SELECT * FROM table_name LEFT JOIN table_name ON table_name.col_name = table_name.id;
drawSQL-mysql-export-2026-02-09_tenancy,18,"Can you do a multi-step analysis: group things, filter, then rank the results?",HARD,"WITH grouped AS (
  SELECT uuid, COUNT(*) as cnt FROM websites GROUP BY uuid
)
SELECT * FROM grouped WHERE cnt > 1 ORDER BY cnt DESC;","WITH grouped AS ( SELECT col_name, COUNT(*) as cnt FROM table_name GROUP BY col_name ) SELECT * FROM grouped WHERE cnt > num ORDER BY cnt DESC;"
drawSQL-mysql-export-2026-02-09_tenancy,19,Who or what is the best in each group?,HARD,"SELECT * FROM (
  SELECT *, ROW_NUMBER() OVER (PARTITION BY uuid ORDER BY id DESC) as rn
  FROM websites
) WHERE rn = 1;","SELECT * FROM ( SELECT *, ROW_NUMBER() OVER (PARTITION BY col_name ORDER BY id DESC) as column_alias0 FROM table_name ) WHERE column_alias0 = num;"
drawSQL-mysql-export-2026-02-09_tenancy,20,Which ones are above average compared to others in their group?,HARD,SELECT * FROM websites LIMIT 10;,SELECT * FROM table_name LIMIT num;
drawSQL-mysql-export-2026-02-09_timegrid,1,How many people signed up last month?,EASY,"SELECT COUNT(*) FROM users
WHERE created_at >= date('now', '-1 month');","SELECT COUNT(*) FROM table_name WHERE col_name >= date(string, string);"
drawSQL-mysql-export-2026-02-09_timegrid,2,How many appointments do we have?,EASY,SELECT COUNT(*) FROM appointments;,SELECT COUNT(*) FROM table_name;
drawSQL-mysql-export-2026-02-09_timegrid,3,Show me all of our appointments.,EASY,SELECT * FROM appointments;,SELECT * FROM table_name;
drawSQL-mysql-export-2026-02-09_timegrid,4,Can you look up a specific appointment?,EASY,SELECT * FROM appointments WHERE id = ?;,SELECT * FROM table_name WHERE id = num;
drawSQL-mysql-export-2026-02-09_timegrid,5,What appointments were added or changed recently?,EASY,SELECT * FROM appointments ORDER BY created_at DESC LIMIT 50;,SELECT * FROM table_name ORDER BY col_name DESC LIMIT num;
drawSQL-mysql-export-2026-02-09_timegrid,6,What are the different issuer id values we have?,EASY,SELECT * FROM appointments LIMIT 10;,SELECT * FROM table_name LIMIT num;
drawSQL-mysql-export-2026-02-09_timegrid,7,How many business contact do we have?,EASY,SELECT COUNT(*) FROM appointments;,SELECT COUNT(*) FROM table_name;
drawSQL-mysql-export-2026-02-09_timegrid,8,Show me all of our business contact.,EASY,SELECT * FROM appointments;,SELECT * FROM table_name;
drawSQL-mysql-export-2026-02-09_timegrid,9,Who are our most active users?,MEDIUM,SELECT * FROM users ORDER BY created_at DESC LIMIT 10;,SELECT * FROM table_name ORDER BY col_name DESC LIMIT num;
drawSQL-mysql-export-2026-02-09_timegrid,10,How many appointments did we have last month?,MEDIUM,"SELECT COUNT(*) FROM appointments
WHERE created_at >= date('now', '-1 month');","SELECT COUNT(*) FROM table_name WHERE col_name >= date(string, string);"
drawSQL-mysql-export-2026-02-09_timegrid,11,Break it down by type or category—how many appointments in each?,MEDIUM,"SELECT issuer_id, COUNT(*) as count FROM appointments GROUP BY issuer_id;","SELECT col_name, COUNT(*) as count FROM table_name GROUP BY col_name;"
drawSQL-mysql-export-2026-02-09_timegrid,12,Are there any appointments that don't have a match somewhere else?,MEDIUM,SELECT * FROM appointments LIMIT 10;,SELECT * FROM table_name LIMIT num;
drawSQL-mysql-export-2026-02-09_timegrid,13,"For each group, what's in the top 3?",MEDIUM,SELECT * FROM categories LIMIT 10;,SELECT * FROM table_name LIMIT num;
drawSQL-mysql-export-2026-02-09_timegrid,14,How many business contact did we have last month?,MEDIUM,"SELECT COUNT(*) FROM appointments
WHERE created_at >= date('now', '-1 month');","SELECT COUNT(*) FROM table_name WHERE col_name >= date(string, string);"
drawSQL-mysql-export-2026-02-09_timegrid,15,Break it down by type or category—how many business contact in each?,MEDIUM,"SELECT issuer_id, COUNT(*) as count FROM appointments GROUP BY issuer_id;","SELECT col_name, COUNT(*) as count FROM table_name GROUP BY col_name;"
drawSQL-mysql-export-2026-02-09_timegrid,16,Are there any business contact that don't have a match somewhere else?,MEDIUM,SELECT * FROM appointments LIMIT 10;,SELECT * FROM table_name LIMIT num;
drawSQL-mysql-export-2026-02-09_timegrid,17,I need a report that pulls together info from several different places.,HARD,"SELECT * FROM appointments
LEFT JOIN contacts ON appointments.contact_id = contacts.id
LEFT JOIN services ON appointments.service_id = services.id
LEFT JOIN businesses ON appointments.business_id = businesses.id;",SELECT * FROM table_name LEFT JOIN table_name ON table_name.col_name = table_name.id LEFT JOIN table_name ON table_name.col_name = table_name.id LEFT JOIN table_name ON table_name.col_name = table_name.id;
drawSQL-mysql-export-2026-02-09_timegrid,18,"Can you do a multi-step analysis: group things, filter, then rank the results?",HARD,"WITH grouped AS (
  SELECT issuer_id, COUNT(*) as cnt FROM appointments GROUP BY issuer_id
)
SELECT * FROM grouped WHERE cnt > 1 ORDER BY cnt DESC;","WITH grouped AS ( SELECT col_name, COUNT(*) as cnt FROM table_name GROUP BY col_name ) SELECT * FROM grouped WHERE cnt > num ORDER BY cnt DESC;"
drawSQL-mysql-export-2026-02-09_timegrid,19,Who or what is the best in each group?,HARD,"SELECT * FROM (
  SELECT *, ROW_NUMBER() OVER (PARTITION BY issuer_id ORDER BY id DESC) as rn
  FROM appointments
) WHERE rn = 1;","SELECT * FROM ( SELECT *, ROW_NUMBER() OVER (PARTITION BY col_name ORDER BY id DESC) as column_alias0 FROM table_name ) WHERE column_alias0 = num;"
drawSQL-mysql-export-2026-02-09_timegrid,20,Which ones are above average compared to others in their group?,HARD,"SELECT * FROM preferences t1
WHERE value > (
  SELECT AVG(value) FROM preferences t2 WHERE t2.preferenceable_type = t1.preferenceable_type
);",SELECT * FROM table_name table_alias0 WHERE value > ( SELECT AVG(value) FROM table_name table_alias1 WHERE table_alias1.col_name = table_alias0.col_name );
drawSQL-mysql-export-2026-02-09_userfrostering,1,How many people signed up last month?,EASY,"SELECT COUNT(*) FROM users
WHERE created_at >= date('now', '-1 month');","SELECT COUNT(*) FROM table_name WHERE col_name >= date(string, string);"
drawSQL-mysql-export-2026-02-09_userfrostering,2,How many activities do we have?,EASY,SELECT COUNT(*) FROM activities;,SELECT COUNT(*) FROM table_name;
drawSQL-mysql-export-2026-02-09_userfrostering,3,Show me all of our activities.,EASY,SELECT * FROM activities;,SELECT * FROM table_name;
drawSQL-mysql-export-2026-02-09_userfrostering,4,Can you look up a specific activity?,EASY,SELECT * FROM activities WHERE id = ?;,SELECT * FROM table_name WHERE id = num;
drawSQL-mysql-export-2026-02-09_userfrostering,5,What activities were added or changed recently?,EASY,SELECT * FROM activities ORDER BY occurred_at DESC LIMIT 50;,SELECT * FROM table_name ORDER BY col_name DESC LIMIT num;
drawSQL-mysql-export-2026-02-09_userfrostering,6,What are the different ip address values we have?,EASY,SELECT * FROM activities LIMIT 10;,SELECT * FROM table_name LIMIT num;
drawSQL-mysql-export-2026-02-09_userfrostering,7,How many component groups do we have?,EASY,SELECT COUNT(*) FROM activities;,SELECT COUNT(*) FROM table_name;
drawSQL-mysql-export-2026-02-09_userfrostering,8,Show me all of our component groups.,EASY,SELECT * FROM activities;,SELECT * FROM table_name;
drawSQL-mysql-export-2026-02-09_userfrostering,9,Who are our most active users?,MEDIUM,SELECT * FROM users ORDER BY created_at DESC LIMIT 10;,SELECT * FROM table_name ORDER BY col_name DESC LIMIT num;
drawSQL-mysql-export-2026-02-09_userfrostering,10,How many activities did we have last month?,MEDIUM,"SELECT COUNT(*) FROM activities
WHERE occurred_at >= date('now', '-1 month');","SELECT COUNT(*) FROM table_name WHERE col_name >= date(string, string);"
drawSQL-mysql-export-2026-02-09_userfrostering,11,Break it down by type or category—how many activities in each?,MEDIUM,"SELECT type, COUNT(*) as count FROM activities GROUP BY type;","SELECT col_name, COUNT(*) as count FROM table_name GROUP BY col_name;"
drawSQL-mysql-export-2026-02-09_userfrostering,12,Are there any activities that don't have a match somewhere else?,MEDIUM,SELECT * FROM activities LIMIT 10;,SELECT * FROM table_name LIMIT num;
drawSQL-mysql-export-2026-02-09_userfrostering,13,"For each group, what's in the top 3?",MEDIUM,"SELECT * FROM (
  SELECT *, ROW_NUMBER() OVER (PARTITION BY type ORDER BY id DESC) as rn
  FROM activities
) WHERE rn <= 3;","SELECT * FROM ( SELECT *, ROW_NUMBER() OVER (PARTITION BY col_name ORDER BY id DESC) as column_alias0 FROM table_name ) WHERE column_alias0 <= num;"
drawSQL-mysql-export-2026-02-09_userfrostering,14,Show me each component group along with its related details.,MEDIUM,SELECT * FROM activities;,SELECT * FROM table_name;
drawSQL-mysql-export-2026-02-09_userfrostering,15,How many component groups did we have last month?,MEDIUM,"SELECT COUNT(*) FROM activities
WHERE occurred_at >= date('now', '-1 month');","SELECT COUNT(*) FROM table_name WHERE col_name >= date(string, string);"
drawSQL-mysql-export-2026-02-09_userfrostering,16,Break it down by type or category—how many component groups in each?,MEDIUM,"SELECT type, COUNT(*) as count FROM activities GROUP BY type;","SELECT col_name, COUNT(*) as count FROM table_name GROUP BY col_name;"
drawSQL-mysql-export-2026-02-09_userfrostering,17,I need a report that pulls together info from several different places.,HARD,"SELECT * FROM activities
LEFT JOIN users ON activities.user_id = users.id;",SELECT * FROM table_name LEFT JOIN table_name ON table_name.col_name = table_name.id;
drawSQL-mysql-export-2026-02-09_userfrostering,18,"Can you do a multi-step analysis: group things, filter, then rank the results?",HARD,"WITH grouped AS (
  SELECT type, COUNT(*) as cnt FROM activities GROUP BY type
)
SELECT * FROM grouped WHERE cnt > 1 ORDER BY cnt DESC;","WITH grouped AS ( SELECT col_name, COUNT(*) as cnt FROM table_name GROUP BY col_name ) SELECT * FROM grouped WHERE cnt > num ORDER BY cnt DESC;"
drawSQL-mysql-export-2026-02-09_userfrostering,19,Who or what is the best in each group?,HARD,"SELECT * FROM (
  SELECT *, ROW_NUMBER() OVER (PARTITION BY type ORDER BY id DESC) as rn
  FROM activities
) WHERE rn = 1;","SELECT * FROM ( SELECT *, ROW_NUMBER() OVER (PARTITION BY col_name ORDER BY id DESC) as column_alias0 FROM table_name ) WHERE column_alias0 = num;"
drawSQL-mysql-export-2026-02-09_userfrostering,20,Which ones are above average compared to others in their group?,HARD,SELECT * FROM activities LIMIT 10;,SELECT * FROM table_name LIMIT num;
drawSQL-mysql-export-2026-02-17_taggable,1,How many tags do we have?,EASY,SELECT COUNT(*) FROM tags;,SELECT COUNT(*) FROM table_name;
drawSQL-mysql-export-2026-02-17_taggable,2,Show me all of our tags.,EASY,SELECT * FROM tags;,SELECT * FROM table_name;
drawSQL-mysql-export-2026-02-17_taggable,3,Can you look up a specific tag?,EASY,SELECT * FROM tags WHERE id = ?;,SELECT * FROM table_name WHERE id = num;
drawSQL-mysql-export-2026-02-17_taggable,4,Find the tag with a certain name or email.,EASY,SELECT * FROM tags WHERE name = ?;,SELECT * FROM table_name WHERE col_name = num;
drawSQL-mysql-export-2026-02-17_taggable,5,What tags were added or changed recently?,EASY,SELECT * FROM tags ORDER BY created_at DESC LIMIT 50;,SELECT * FROM table_name ORDER BY col_name DESC LIMIT num;
drawSQL-mysql-export-2026-02-17_taggable,6,What are the different name values we have?,EASY,SELECT * FROM tags LIMIT 10;,SELECT * FROM table_name LIMIT num;
drawSQL-mysql-export-2026-02-17_taggable,7,How many taggings do we have?,EASY,SELECT COUNT(*) FROM tags;,SELECT COUNT(*) FROM table_name;
drawSQL-mysql-export-2026-02-17_taggable,8,Show me all of our taggings.,EASY,SELECT * FROM tags;,SELECT * FROM table_name;
drawSQL-mysql-export-2026-02-17_taggable,9,Show me each tag along with its related details.,MEDIUM,"SELECT t.*, c.*
FROM tags t
LEFT JOIN taggings c ON c.taggable_id = t.id;","SELECT table_alias0.*, table_alias1.* FROM table_name table_alias0 LEFT JOIN table_name table_alias1 ON table_alias1.col_name = table_alias0.id;"
drawSQL-mysql-export-2026-02-17_taggable,10,How many tags did we have last month?,MEDIUM,"SELECT COUNT(*) FROM tags
WHERE created_at >= date('now', '-1 month');","SELECT COUNT(*) FROM table_name WHERE col_name >= date(string, string);"
drawSQL-mysql-export-2026-02-17_taggable,11,Break it down by type or category—how many tags in each?,MEDIUM,"SELECT name, COUNT(*) as count FROM tags GROUP BY name;","SELECT col_name, COUNT(*) as count FROM table_name GROUP BY col_name;"
drawSQL-mysql-export-2026-02-17_taggable,12,Are there any tags that don't have a match somewhere else?,MEDIUM,"SELECT * FROM tags
WHERE id NOT IN (SELECT DISTINCT taggable_id FROM taggings WHERE taggable_id IS NOT NULL);",SELECT * FROM table_name WHERE id NOT IN (SELECT DISTINCT col_name FROM table_name WHERE col_name IS NOT NULL);
drawSQL-mysql-export-2026-02-17_taggable,13,"For each group, what's in the top 3?",MEDIUM,"SELECT * FROM (
  SELECT *, ROW_NUMBER() OVER (PARTITION BY taggable_type ORDER BY id DESC) as rn
  FROM taggings
) WHERE rn <= 3;","SELECT * FROM ( SELECT *, ROW_NUMBER() OVER (PARTITION BY col_name ORDER BY id DESC) as column_alias0 FROM table_name ) WHERE column_alias0 <= num;"
drawSQL-mysql-export-2026-02-17_taggable,14,How many taggings did we have last month?,MEDIUM,"SELECT COUNT(*) FROM tags
WHERE created_at >= date('now', '-1 month');","SELECT COUNT(*) FROM table_name WHERE col_name >= date(string, string);"
drawSQL-mysql-export-2026-02-17_taggable,15,Break it down by type or category—how many taggings in each?,MEDIUM,"SELECT name, COUNT(*) as count FROM tags GROUP BY name;","SELECT col_name, COUNT(*) as count FROM table_name GROUP BY col_name;"
drawSQL-mysql-export-2026-02-17_taggable,16,Are there any taggings that don't have a match somewhere else?,MEDIUM,"SELECT * FROM tags
WHERE id NOT IN (SELECT DISTINCT taggable_id FROM taggings WHERE taggable_id IS NOT NULL);",SELECT * FROM table_name WHERE id NOT IN (SELECT DISTINCT col_name FROM table_name WHERE col_name IS NOT NULL);
drawSQL-mysql-export-2026-02-17_taggable,17,I need a report that pulls together info from several different places.,HARD,"SELECT * FROM taggings
LEFT JOIN tags ON taggings.taggable_id = tags.id;",SELECT * FROM table_name LEFT JOIN table_name ON table_name.col_name = table_name.id;
drawSQL-mysql-export-2026-02-17_taggable,18,"Can you do a multi-step analysis: group things, filter, then rank the results?",HARD,"WITH grouped AS (
  SELECT name, COUNT(*) as cnt FROM tags GROUP BY name
)
SELECT * FROM grouped WHERE cnt > 1 ORDER BY cnt DESC;","WITH grouped AS ( SELECT col_name, COUNT(*) as cnt FROM table_name GROUP BY col_name ) SELECT * FROM grouped WHERE cnt > num ORDER BY cnt DESC;"
drawSQL-mysql-export-2026-02-17_taggable,19,Who or what is the best in each group?,HARD,"SELECT * FROM (
  SELECT *, ROW_NUMBER() OVER (PARTITION BY name ORDER BY id DESC) as rn
  FROM tags
) WHERE rn = 1;","SELECT * FROM ( SELECT *, ROW_NUMBER() OVER (PARTITION BY col_name ORDER BY id DESC) as column_alias0 FROM table_name ) WHERE column_alias0 = num;"
drawSQL-mysql-export-2026-02-17_taggable,20,Which ones are above average compared to others in their group?,HARD,SELECT * FROM tags LIMIT 10;,SELECT * FROM table_name LIMIT num;
drawSQL-pgsql-export-2026-02-09_djpaypal,1,Which customers have an active subscription?,EASY,SELECT * FROM djpaypal_billingagreement LIMIT 10;,SELECT * FROM table_name LIMIT num;
drawSQL-pgsql-export-2026-02-09_djpaypal,2,How many people signed up last month?,EASY,"SELECT COUNT(*) FROM djpaypal_billingagreement
WHERE start_date >= date('now', '-1 month');","SELECT COUNT(*) FROM table_name WHERE col_name >= date(string, string);"
drawSQL-pgsql-export-2026-02-09_djpaypal,3,How many djpaypal billingagreement do we have?,EASY,SELECT COUNT(*) FROM djpaypal_billingagreement;,SELECT COUNT(*) FROM table_name;
drawSQL-pgsql-export-2026-02-09_djpaypal,4,Show me all of our djpaypal billingagreement.,EASY,SELECT * FROM djpaypal_billingagreement;,SELECT * FROM table_name;
drawSQL-pgsql-export-2026-02-09_djpaypal,5,Can you look up a specific djpaypal billingagreement?,EASY,SELECT * FROM djpaypal_billingagreement WHERE id = ?;,SELECT * FROM table_name WHERE id = num;
drawSQL-pgsql-export-2026-02-09_djpaypal,6,Find the djpaypal billingagreement with a certain name or email.,EASY,SELECT * FROM djpaypal_billingagreement WHERE name = ?;,SELECT * FROM table_name WHERE col_name = num;
drawSQL-pgsql-export-2026-02-09_djpaypal,7,What djpaypal billingagreement were added or changed recently?,EASY,SELECT * FROM djpaypal_billingagreement ORDER BY start_date DESC LIMIT 50;,SELECT * FROM table_name ORDER BY col_name DESC LIMIT num;
drawSQL-pgsql-export-2026-02-09_djpaypal,8,What are the different name values we have?,EASY,SELECT * FROM djpaypal_billingagreement LIMIT 10;,SELECT * FROM table_name LIMIT num;
drawSQL-pgsql-export-2026-02-09_djpaypal,9,How much money did we make this month?,MEDIUM,SELECT * FROM djpaypal_billingagreement LIMIT 10;,SELECT * FROM table_name LIMIT num;
drawSQL-pgsql-export-2026-02-09_djpaypal,10,Who are our most active users?,MEDIUM,SELECT * FROM djpaypal_billingagreement LIMIT 10;,SELECT * FROM table_name LIMIT num;
drawSQL-pgsql-export-2026-02-09_djpaypal,11,Show me each djpaypal billingagreement along with its related details.,MEDIUM,"SELECT t.*, c.*
FROM djpaypal_billingagreement t
LEFT JOIN djpaypal_preparedbillingagreement c ON c.executed_agreement_id = t.id;","SELECT table_alias0.*, table_alias1.* FROM table_name table_alias0 LEFT JOIN table_name table_alias1 ON table_alias1.col_name = table_alias0.id;"
drawSQL-pgsql-export-2026-02-09_djpaypal,12,How many djpaypal billingagreement did we have last month?,MEDIUM,"SELECT COUNT(*) FROM djpaypal_billingagreement
WHERE start_date >= date('now', '-1 month');","SELECT COUNT(*) FROM table_name WHERE col_name >= date(string, string);"
drawSQL-pgsql-export-2026-02-09_djpaypal,13,Break it down by type or category—how many djpaypal billingagreement in each?,MEDIUM,"SELECT name, COUNT(*) as count FROM djpaypal_billingagreement GROUP BY name;","SELECT col_name, COUNT(*) as count FROM table_name GROUP BY col_name;"
drawSQL-pgsql-export-2026-02-09_djpaypal,14,Are there any djpaypal billingagreement that don't have a match somewhere else?,MEDIUM,"SELECT * FROM djpaypal_billingagreement
WHERE id NOT IN (SELECT DISTINCT executed_agreement_id FROM djpaypal_preparedbillingagreement WHERE executed_agreement_id IS NOT NULL);",SELECT * FROM table_name WHERE id NOT IN (SELECT DISTINCT col_name FROM table_name WHERE col_name IS NOT NULL);
drawSQL-pgsql-export-2026-02-09_djpaypal,15,"For each group, what's in the top 3?",MEDIUM,"SELECT * FROM (
  SELECT *, ROW_NUMBER() OVER (PARTITION BY type ORDER BY id DESC) as rn
  FROM djpaypal_billingplan
) WHERE rn <= 3;","SELECT * FROM ( SELECT *, ROW_NUMBER() OVER (PARTITION BY col_name ORDER BY id DESC) as column_alias0 FROM table_name ) WHERE column_alias0 <= num;"
drawSQL-pgsql-export-2026-02-09_djpaypal,16,How many djpaypal billingplan did we have last month?,MEDIUM,"SELECT COUNT(*) FROM djpaypal_billingagreement
WHERE start_date >= date('now', '-1 month');","SELECT COUNT(*) FROM table_name WHERE col_name >= date(string, string);"
drawSQL-pgsql-export-2026-02-09_djpaypal,17,I need a report that pulls together info from several different places.,HARD,"SELECT * FROM djpaypal_billingagreement
LEFT JOIN djpaypal_sale ON djpaypal_billingagreement.id = djpaypal_sale.billing_agreement_id;",SELECT * FROM table_name LEFT JOIN table_name ON table_name.id = table_name.col_name;
drawSQL-pgsql-export-2026-02-09_djpaypal,18,"Can you do a multi-step analysis: group things, filter, then rank the results?",HARD,"WITH grouped AS (
  SELECT name, COUNT(*) as cnt FROM djpaypal_billingagreement GROUP BY name
)
SELECT * FROM grouped WHERE cnt > 1 ORDER BY cnt DESC;","WITH grouped AS ( SELECT col_name, COUNT(*) as cnt FROM table_name GROUP BY col_name ) SELECT * FROM grouped WHERE cnt > num ORDER BY cnt DESC;"
drawSQL-pgsql-export-2026-02-09_djpaypal,19,Who or what is the best in each group?,HARD,"SELECT * FROM (
  SELECT *, ROW_NUMBER() OVER (PARTITION BY name ORDER BY id DESC) as rn
  FROM djpaypal_billingagreement
) WHERE rn = 1;","SELECT * FROM ( SELECT *, ROW_NUMBER() OVER (PARTITION BY col_name ORDER BY id DESC) as column_alias0 FROM table_name ) WHERE column_alias0 = num;"
drawSQL-pgsql-export-2026-02-09_djpaypal,20,Which ones are above average compared to others in their group?,HARD,"SELECT * FROM djpaypal_chargemodel t1
WHERE amount > (
  SELECT AVG(amount) FROM djpaypal_chargemodel t2 WHERE t2.type = t1.type
);",SELECT * FROM table_name table_alias0 WHERE col_name > ( SELECT AVG(col_name) FROM table_name table_alias1 WHERE table_alias1.col_name = table_alias0.col_name );
drawSQL-pgsql-export-2026-02-09_feedbin,1,How many people signed up last month?,EASY,"SELECT COUNT(*) FROM users
WHERE created_at >= date('now', '-1 month');","SELECT COUNT(*) FROM table_name WHERE col_name >= date(string, string);"
drawSQL-pgsql-export-2026-02-09_feedbin,2,How many activity log entries do we have?,EASY,SELECT COUNT(*) FROM actions;,SELECT COUNT(*) FROM table_name;
drawSQL-pgsql-export-2026-02-09_feedbin,3,Show me all of our activity log entries.,EASY,SELECT * FROM actions;,SELECT * FROM table_name;
drawSQL-pgsql-export-2026-02-09_feedbin,4,Can you look up a specific activity log entry?,EASY,SELECT * FROM actions WHERE id = ?;,SELECT * FROM table_name WHERE id = num;
drawSQL-pgsql-export-2026-02-09_feedbin,5,Find the activity log entry with a certain name or email.,EASY,SELECT * FROM actions LIMIT 10;,SELECT * FROM table_name LIMIT num;
drawSQL-pgsql-export-2026-02-09_feedbin,6,Which activity log entries are currently active or turned on?,EASY,SELECT * FROM actions WHERE status = 1;,SELECT * FROM table_name WHERE col_name = num;
drawSQL-pgsql-export-2026-02-09_feedbin,7,What activity log entries were added or changed recently?,EASY,SELECT * FROM actions ORDER BY created_at DESC LIMIT 50;,SELECT * FROM table_name ORDER BY col_name DESC LIMIT num;
drawSQL-pgsql-export-2026-02-09_feedbin,8,What are the different user id values we have?,EASY,SELECT * FROM actions LIMIT 10;,SELECT * FROM table_name LIMIT num;
drawSQL-pgsql-export-2026-02-09_feedbin,9,Who are our most active users?,MEDIUM,SELECT * FROM users ORDER BY created_at DESC LIMIT 10;,SELECT * FROM table_name ORDER BY col_name DESC LIMIT num;
drawSQL-pgsql-export-2026-02-09_feedbin,10,Show me each activity log entry along with its related details.,MEDIUM,"SELECT t.*, c.*
FROM actions t
LEFT JOIN actions c ON c.id = t.user_id;","SELECT table_alias0.*, table_alias1.* FROM table_name table_alias0 LEFT JOIN table_name table_alias1 ON table_alias1.id = table_alias0.col_name;"
drawSQL-pgsql-export-2026-02-09_feedbin,11,How many activity log entries did we have last month?,MEDIUM,"SELECT COUNT(*) FROM actions
WHERE created_at >= date('now', '-1 month');","SELECT COUNT(*) FROM table_name WHERE col_name >= date(string, string);"
drawSQL-pgsql-export-2026-02-09_feedbin,12,Break it down by type or category—how many activity log entries in each?,MEDIUM,"SELECT action_type, COUNT(*) as count FROM actions GROUP BY action_type;","SELECT col_name, COUNT(*) as count FROM table_name GROUP BY col_name;"
drawSQL-pgsql-export-2026-02-09_feedbin,13,Are there any activity log entries that don't have a match somewhere else?,MEDIUM,SELECT * FROM actions LIMIT 10;,SELECT * FROM table_name LIMIT num;
drawSQL-pgsql-export-2026-02-09_feedbin,14,"For each group, what's in the top 3?",MEDIUM,"SELECT * FROM (
  SELECT *, ROW_NUMBER() OVER (PARTITION BY action_type ORDER BY id DESC) as rn
  FROM actions
) WHERE rn <= 3;","SELECT * FROM ( SELECT *, ROW_NUMBER() OVER (PARTITION BY col_name ORDER BY id DESC) as column_alias0 FROM table_name ) WHERE column_alias0 <= num;"
drawSQL-pgsql-export-2026-02-09_feedbin,15,Show me each authentication token along with its related details.,MEDIUM,"SELECT t.*, c.*
FROM actions t
LEFT JOIN actions c ON c.id = t.user_id;","SELECT table_alias0.*, table_alias1.* FROM table_name table_alias0 LEFT JOIN table_name table_alias1 ON table_alias1.id = table_alias0.col_name;"
drawSQL-pgsql-export-2026-02-09_feedbin,16,How many authentication tokens did we have last month?,MEDIUM,"SELECT COUNT(*) FROM actions
WHERE created_at >= date('now', '-1 month');","SELECT COUNT(*) FROM table_name WHERE col_name >= date(string, string);"
drawSQL-pgsql-export-2026-02-09_feedbin,17,I need a report that pulls together info from several different places.,HARD,"SELECT * FROM actions
LEFT JOIN users ON actions.id = users.plan_id
LEFT JOIN actions ON actions.id = actions.user_id
LEFT JOIN recently_read_entries ON actions.id = recently_read_entries.user_id
LEFT JOIN feed_stats ON actions.id = feed_stats.feed_id;",SELECT * FROM table_name LEFT JOIN table_name ON table_name.id = table_name.col_name LEFT JOIN table_name ON table_name.id = table_name.col_name LEFT JOIN table_name ON table_name.id = table_name.col_name LEFT JOIN table_name ON table_name.id = table_name.col_name;
drawSQL-pgsql-export-2026-02-09_feedbin,18,"Can you do a multi-step analysis: group things, filter, then rank the results?",HARD,"WITH grouped AS (
  SELECT action_type, COUNT(*) as cnt FROM actions GROUP BY action_type
)
SELECT * FROM grouped WHERE cnt > 1 ORDER BY cnt DESC;","WITH grouped AS ( SELECT col_name, COUNT(*) as cnt FROM table_name GROUP BY col_name ) SELECT * FROM grouped WHERE cnt > num ORDER BY cnt DESC;"
drawSQL-pgsql-export-2026-02-09_feedbin,19,Who or what is the best in each group?,HARD,"SELECT * FROM (
  SELECT *, ROW_NUMBER() OVER (PARTITION BY action_type ORDER BY id DESC) as rn
  FROM actions
) WHERE rn = 1;","SELECT * FROM ( SELECT *, ROW_NUMBER() OVER (PARTITION BY col_name ORDER BY id DESC) as column_alias0 FROM table_name ) WHERE column_alias0 = num;"
drawSQL-pgsql-export-2026-02-09_feedbin,20,Which ones are above average compared to others in their group?,HARD,"SELECT * FROM plans
WHERE price > (SELECT AVG(price) FROM plans);",SELECT * FROM table_name WHERE col_name > (SELECT AVG(col_name) FROM table_name);
drawSQL-pgsql-export-2026-02-09_pegasus,1,How many people signed up last month?,EASY,"SELECT COUNT(*) FROM account_emailconfirmation
WHERE created >= date('now', '-1 month');","SELECT COUNT(*) FROM table_name WHERE col_name >= date(string, string);"
drawSQL-pgsql-export-2026-02-09_pegasus,2,How many people are on each team?,EASY,"SELECT team_id, COUNT(*) as member_count FROM teams_membership GROUP BY team_id;","SELECT col_name, COUNT(*) as member_count FROM table_name GROUP BY col_name;"
drawSQL-pgsql-export-2026-02-09_pegasus,3,Which invitations haven't been accepted yet?,EASY,SELECT * FROM teams_invitation WHERE is_accepted = 0;,SELECT * FROM table_name WHERE col_name = num;
drawSQL-pgsql-export-2026-02-09_pegasus,4,How many account emailaddress do we have?,EASY,SELECT COUNT(*) FROM account_emailaddress;,SELECT COUNT(*) FROM table_name;
drawSQL-pgsql-export-2026-02-09_pegasus,5,Show me all of our account emailaddress.,EASY,SELECT * FROM account_emailaddress;,SELECT * FROM table_name;
drawSQL-pgsql-export-2026-02-09_pegasus,6,Can you look up a specific account emailaddres?,EASY,SELECT * FROM account_emailaddress WHERE id = ?;,SELECT * FROM table_name WHERE id = num;
drawSQL-pgsql-export-2026-02-09_pegasus,7,Find the account emailaddres with a certain name or email.,EASY,SELECT * FROM account_emailaddress WHERE email = ?;,SELECT * FROM table_name WHERE col_name = num;
drawSQL-pgsql-export-2026-02-09_pegasus,8,What are the different email values we have?,EASY,SELECT * FROM account_emailaddress LIMIT 10;,SELECT * FROM table_name LIMIT num;
drawSQL-pgsql-export-2026-02-09_pegasus,9,Who are our most active users?,MEDIUM,SELECT * FROM account_emailaddress LIMIT 10;,SELECT * FROM table_name LIMIT num;
drawSQL-pgsql-export-2026-02-09_pegasus,10,Show me each account emailaddres along with its related details.,MEDIUM,"SELECT t.*, c.*
FROM account_emailaddress t
LEFT JOIN account_emailconfirmation c ON c.email_address_id = t.id;","SELECT table_alias0.*, table_alias1.* FROM table_name table_alias0 LEFT JOIN table_name table_alias1 ON table_alias1.col_name = table_alias0.id;"
drawSQL-pgsql-export-2026-02-09_pegasus,11,Break it down by type or category—how many account emailaddress in each?,MEDIUM,"SELECT email, COUNT(*) as count FROM account_emailaddress GROUP BY email;","SELECT col_name, COUNT(*) as count FROM table_name GROUP BY col_name;"
drawSQL-pgsql-export-2026-02-09_pegasus,12,Are there any account emailaddress that don't have a match somewhere else?,MEDIUM,"SELECT * FROM account_emailaddress
WHERE id NOT IN (SELECT DISTINCT email_address_id FROM account_emailconfirmation WHERE email_address_id IS NOT NULL);",SELECT * FROM table_name WHERE id NOT IN (SELECT DISTINCT col_name FROM table_name WHERE col_name IS NOT NULL);
drawSQL-pgsql-export-2026-02-09_pegasus,13,"For each group, what's in the top 3?",MEDIUM,SELECT * FROM account_emailaddress LIMIT 10;,SELECT * FROM table_name LIMIT num;
drawSQL-pgsql-export-2026-02-09_pegasus,14,Break it down by type or category—how many account emailconfirmation in each?,MEDIUM,"SELECT email, COUNT(*) as count FROM account_emailaddress GROUP BY email;","SELECT col_name, COUNT(*) as count FROM table_name GROUP BY col_name;"
drawSQL-pgsql-export-2026-02-09_pegasus,15,Are there any account emailconfirmation that don't have a match somewhere else?,MEDIUM,"SELECT * FROM account_emailaddress
WHERE id NOT IN (SELECT DISTINCT email_address_id FROM account_emailconfirmation WHERE email_address_id IS NOT NULL);",SELECT * FROM table_name WHERE id NOT IN (SELECT DISTINCT col_name FROM table_name WHERE col_name IS NOT NULL);
drawSQL-pgsql-export-2026-02-09_pegasus,16,Show me each auth group along with its related details.,MEDIUM,"SELECT t.*, c.*
FROM account_emailaddress t
LEFT JOIN account_emailconfirmation c ON c.email_address_id = t.id;","SELECT table_alias0.*, table_alias1.* FROM table_name table_alias0 LEFT JOIN table_name table_alias1 ON table_alias1.col_name = table_alias0.id;"
drawSQL-pgsql-export-2026-02-09_pegasus,17,I need a report that pulls together info from several different places.,HARD,"SELECT * FROM account_emailaddress
LEFT JOIN users_customuser ON account_emailaddress.user_id = users_customuser.id;",SELECT * FROM table_name LEFT JOIN table_name ON table_name.col_name = table_name.id;
drawSQL-pgsql-export-2026-02-09_pegasus,18,"Can you do a multi-step analysis: group things, filter, then rank the results?",HARD,"WITH grouped AS (
  SELECT email, COUNT(*) as cnt FROM account_emailaddress GROUP BY email
)
SELECT * FROM grouped WHERE cnt > 1 ORDER BY cnt DESC;","WITH grouped AS ( SELECT col_name, COUNT(*) as cnt FROM table_name GROUP BY col_name ) SELECT * FROM grouped WHERE cnt > num ORDER BY cnt DESC;"
drawSQL-pgsql-export-2026-02-09_pegasus,19,Who or what is the best in each group?,HARD,"SELECT * FROM (
  SELECT *, ROW_NUMBER() OVER (PARTITION BY email ORDER BY id DESC) as rn
  FROM account_emailaddress
) WHERE rn = 1;","SELECT * FROM ( SELECT *, ROW_NUMBER() OVER (PARTITION BY col_name ORDER BY id DESC) as column_alias0 FROM table_name ) WHERE column_alias0 = num;"
drawSQL-pgsql-export-2026-02-09_pegasus,20,Which ones are above average compared to others in their group?,HARD,"SELECT * FROM djstripe_plan t1
WHERE amount > (
  SELECT AVG(amount) FROM djstripe_plan t2 WHERE t2.usage_type = t1.usage_type
);",SELECT * FROM table_name table_alias0 WHERE col_name > ( SELECT AVG(col_name) FROM table_name table_alias1 WHERE table_alias1.col_name = table_alias0.col_name );
