index,template,count
1,"ALTER TABLE new_table.new_column
ADD COLUMN new_column NUMERIC(num, num);
UPDATE public.new_column
SET durability_score = (COALESCE(col_name, num) / num + COALESCE(col_name, num) / num + COALESCE(col_name, num) / num) * (COALESCE(col_name, num) / num) * num
WHERE col_name IS NOT NULL OR col_name IS NOT NULL OR col_name IS NOT NULL OR col_name IS NOT NULL;",1
2,"ALTER TABLE table_name
ADD COLUMN IF NOT EXISTS new_column BOOLEAN DEFAULT num;
UPDATE table_name
SET prime_flag = num
WHERE col_name IN (
    SELECT col_name
    FROM table_name
    WHERE col_name > num
      AND col_name IN (string, string)
      AND col_name = string
);",1
3,"ALTER TABLE table_name
ADD COLUMN IF NOT EXISTS new_column BOOLEAN;
DROP TRIGGER IF EXISTS trg_set_analyzable ON table_name;
CREATE TRIGGER trg_set_analyzable
BEFORE INSERT OR UPDATE ON table_name
FOR EACH ROW",1
4,"ALTER TABLE table_name
ADD COLUMN IF NOT EXISTS new_column NUMERIC(num,num);",1
5,"ALTER TABLE table_name
ADD COLUMN IF NOT EXISTS new_column TEXT;
WITH CTE AS (
    SELECT
        col_name AS column_alias0,
        AVG(col_name) AS column_alias1 
    FROM table_name
    WHERE col_name IS NOT NULL AND col_name IS NOT NULL
    GROUP BY col_name
)
UPDATE table_name rd
SET precision_category =
    CASE
        WHEN table_alias0.new_column < num THEN string
        WHEN table_alias0.new_column < num THEN string
        ELSE string
    END
FROM CTE table_alias0
WHERE rd.col_name = table_alias0.new_columnlias0;",1
6,"ALTER TABLE table_name
ADD COLUMN new_column TEXT;
UPDATE table_name
SET transfer_path = col_name || string || col_name
WHERE col_name IS NOT NULL
  AND col_name IS NOT NULL
  AND col_name <> col_name;",1
7,"ALTER TABLE table_name
ADD CONSTRAINT chk_panel_powratew CHECK (col_name BETWEEN num AND num);",1
8,"ALTER TABLE table_name
ADD CONSTRAINT hist_sign_rating_check
CHECK (col_name >= num AND col_name <= num);",1
9,"ALTER TABLE table_name 
ADD COLUMN new_column resource_utilization_class;",1
10,"ALTER TABLE table_name ADD COLUMN IF NOT EXISTS new_column NUMERIC(num, num);
WITH CTE AS (
    SELECT
        col_name,
        CASE col_name ->> string
            WHEN string THEN num
            WHEN string THEN num
            WHEN string THEN num
            ELSE num 
        END AS column_alias0
    FROM table_name
)
UPDATE table_name f
SET frai_score = table_alias0.new_columnFROM CTE table_alias0
WHERE f.col_name = table_alias0.col_name;",1
11,"ALTER TABLE table_name ADD COLUMN IF NOT EXISTS new_column NUMERIC(num,num);
UPDATE table_name AS column_alias0
SET ppr = ROUND(column_alias0.col_name / table_alias0.col_name * num, num)
FROM table_name AS table_alias0
WHERE table_alias0.col_name = column_alias0.col_name;",1
12,"ALTER TABLE table_name ADD COLUMN IF NOT EXISTS new_column NUMERIC;
UPDATE table_name 
SET trust_index = ROUND(
    CAST((col_name AS column_alias0)/ NULLIF(col_name, num)) * num 
    - CAST((col_name AS column_alias0)/ NULLIF(col_name, num)) * num 
    + (col_name * num), 
    num
)
WHERE col_name > num;",1
13,"ALTER TABLE table_name ADD COLUMN IF NOT EXISTS new_column TEXT;
UPDATE table_name
SET risk_category = 
    CASE 
        WHEN col_name = string 
             AND col_name = string 
             AND col_name = string
             AND (col_name/num * col_name/num * (num + CAST(col_name AS column_alias0)/num)) > num
        THEN string
        ELSE string
    END;",1
14,"ALTER TABLE table_name ADD COLUMN IF NOT EXISTS new_column TEXT;
WITH CTE AS (
    SELECT
        table_alias0.col_name,
        MAX(table_alias5.col_name) AS column_alias0 
    FROM table_name table_alias0
    LEFT JOIN table_name table_alias1 ON table_alias0.col_name = table_alias1.col_name
    LEFT JOIN table_name table_alias2 ON table_alias1.col_name = table_alias2.col_name
    LEFT JOIN table_name table_alias3 ON table_alias2.col_name = table_alias3.col_name
    LEFT JOIN table_name table_alias4 ON table_alias3.col_name = table_alias4.col_name
    LEFT JOIN table_name table_alias5 ON table_alias4.col_name = table_alias5.col_name
    WHERE ( 
        num * COALESCE(table_alias4.col_name, num) +
        num * COALESCE(table_alias4.col_name, num) +
        num * COALESCE((table_alias1.col_name ->> CAST(string) AS column_alias1), num)
    ) > num
    GROUP BY table_alias0.col_name
    HAVING MAX(table_alias5.col_name) IS NULL OR MAX(table_alias5.col_name) < (CURRENT_DATE - INTERVAL string) 
),
AccountLastActivity AS (
    SELECT
        table_alias0.col_name,
        MAX(table_alias5.col_name) as column_alias2 
    FROM table_name table_alias0
    JOIN table_name table_alias1 ON table_alias0.col_name = table_alias1.col_name
    JOIN table_name table_alias2 ON table_alias1.col_name = table_alias2.col_name
    JOIN table_name table_alias3 ON table_alias2.col_name = table_alias3.col_name
    JOIN table_name table_alias4 ON table_alias3.col_name = table_alias4.col_name
    JOIN table_name table_alias5 ON table_alias4.col_name = table_alias5.col_name 
    GROUP BY table_alias0.col_name
)
UPDATE table_name acc
SET review_priority = string
FROM CTE table_alias6
JOIN new_table table_alias7 ON table_alias6.col_name = table_alias7.col_name
WHERE acc.col_name = table_alias6.col_name
  AND table_alias7.new_column_DATE - INTERVAL string)",1
15,"ALTER TABLE table_name ADD COLUMN IF NOT EXISTS new_column TEXT;
WITH CTE AS (
    SELECT DISTINCT ON (table_alias0.col_name)
        table_alias0.col_name,
        table_alias2.col_name,
        table_alias2.col_name,
        table_alias2.col_name
    FROM table_name table_alias0
    JOIN table_name table_alias1 ON table_alias0.col_name = table_alias1.col_name
    JOIN table_name table_alias2 ON table_alias1.col_name = table_alias2.col_name
    ORDER BY table_alias0.col_name, table_alias0.col_name DESC
),
HighRiskPatients AS (
    SELECT
        table_alias3.col_name
    FROM CTE table_alias3
    WHERE
        table_alias3.col_name IN (string, string)
        OR
        (COALESCE((table_alias3.col_name -> string ->> CAST(string) AS column_alias0), num) > num)
        OR
        (COALESCE((table_alias3.col_name -> string ->> CAST(string) AS column_alias0), num) > num)
)
UPDATE table_name p
SET risk_level = string
FROM new_table table_alias4
WHERE p.col_name = table_alias4.col_name;",1
16,"ALTER TABLE table_name ADD COLUMN new_column NUMERIC;
UPDATE table_name
SET adjusted_esccomprate = (
    SELECT col_name
    FROM table_name
    WHERE table_name.col_name = table_name.col_name
);       
CREATE INDEX idx_transaction_anomaly ON table_name (
    (col_name/num * col_name/num * (num + CAST(col_name AS column_alias0)/num) * (num - adjusted_esccomprate/num))
);",1
17,"BEGIN;
ALTER TABLE table_name ADD COLUMN IF NOT EXISTS new_column numeric;
UPDATE table_name
SET uer = (col_name * col_name) / NULLIF(col_name, num)
WHERE col_name > num;
COMMIT;",1
18,"BEGIN;
CREATE TABLE new_table AS
SELECT 
    table_alias0.*,
    (array_length(string_to_array(table_alias0.col_name, string), num) / num) * 
    CASE 
        WHEN table_alias0.col_name = string THEN num
        WHEN table_alias0.col_name = string THEN num
        ELSE num
    END AS column_alias0
FROM 
    table_name table_alias0
    JOIN table_name table_alias1 ON table_alias0.col_name = table_alias1.col_name;
DELETE FROM table_name
WHERE col_name IN (SELECT col_name FROM new_table);
COMMIT;",1
19,"CREATE INDEX IF NOT EXISTS idx_bank_tx_onlineuse
  ON table_name ((col_name->>string));",1
20,"CREATE INDEX idx_scientific_reliability ON table_name 
    ((col_name * CASE 
        WHEN col_name = string THEN num
        WHEN col_name = string THEN num
        WHEN col_name = string THEN num
        ELSE num
    END));",1
21,"CREATE INDEX idx_users_user_preferences_interests
  ON table_name  (col_name);",1
22,"CREATE MATERIALIZED VIEW IF NOT EXISTS robot_model_performance_summary AS
WITH CTE AS (
    SELECT
        col_name AS column_alias0,
        AVG(col_name) AS column_alias1, 
        AVG(col_name) AS column_alias2 
    FROM table_name
    WHERE col_name IS NOT NULL AND col_name IS NOT NULL AND col_name IS NOT NULL
    GROUP BY col_name
),
RobotOperationHours AS (
    SELECT
        col_name AS column_alias0,
        MAX(col_name) AS column_alias3 
    FROM table_name
    WHERE col_name IS NOT NULL AND col_name IS NOT NULL
    GROUP BY col_name
)
SELECT
    table_alias0.col_name,
    COUNT(DISTINCT table_alias0.col_name) AS column_alias4,
    CAST(ROUND(AVG(table_alias1.new_column) AS column_alias5), num) AS column_alias6,
    CAST(ROUND(AVG(table_alias1.new_column) AS column_alias5), num) AS column_alias7,
    CAST(ROUND(AVG(table_alias2.new_column) AS column_alias5), num) AS column_alias8
FROM table_name table_alias0
LEFT JOIN CTE table_alias1 ON table_alias0.col_name = table_alias1.new_columnlias0
LEFT JOIN new_table table_alias2 ON table_alias0.col_name = table_alias2.new_columnlias0
WHERE table_alias0.col_name IS NOT NULL
GROUP BY table_alias0.col_name;
REFRESH MATERIALIZED VIEW robot_model_performance_summary;",1
23,"CREATE MATERIALIZED VIEW cross_border_compliance_gap_view AS
SELECT
    table_alias0.col_name,
    table_alias0.col_name,
    table_alias0.col_name,
    table_alias0.col_name,
    table_alias2.col_name,
    table_alias2.col_name,
    table_alias3.col_name 
FROM table_name table_alias0
JOIN table_name table_alias1 ON table_alias0.col_name = table_alias1.col_name
JOIN table_name table_alias2 ON table_alias1.col_name = table_alias2.col_name
LEFT JOIN table_name table_alias3 ON table_alias2.col_name = table_alias3.col_name 
WHERE table_alias0.col_name <> table_alias0.col_name
  AND CAST((table_alias2.col_name AS column_alias0)= string OR CAST(table_alias2.col_name AS column_alias0)= string)",1
24,"CREATE MATERIALIZED VIEW environmental_impact_analysis AS
SELECT 
    table_alias0.col_name,
    table_alias0.col_name,
    table_alias1.col_name,
    ROUND(
        (table_alias1.col_name * (num - (table_alias1.col_name / num)) + (num - table_alias1.col_name) * num), 
        num
    ) AS column_alias0,
    CASE 
        WHEN (table_alias1.col_name * (num - (table_alias1.col_name / num)) + (num - table_alias1.col_name) * num) < num 
        THEN string
        WHEN (table_alias1.col_name * (num - (table_alias1.col_name / num)) + (num - table_alias1.col_name) * num) BETWEEN num AND num 
        THEN string
        ELSE string
    END AS column_alias1
FROM 
    table_name table_alias0
    JOIN table_name table_alias1 ON table_alias0.col_name = table_alias1.col_name
WITH DATA;",1
25,"CREATE MATERIALIZED VIEW high_fidelity_meshes AS
SELECT
    table_alias0.col_name,
    table_alias0.col_name,
    table_alias0.col_name,
    table_alias0.col_name,
    table_alias0.col_name,
    table_alias0.col_name,
    table_alias0.col_name,
    CAST((table_alias0.col_name AS column_alias0)/ NULLIF(table_alias0.col_name, num) / POWER(table_alias0.col_name, num)) * num AS column_alias1
FROM table_name table_alias0
WHERE 
    CAST((table_alias0.col_name AS column_alias0)/ NULLIF(table_alias0.col_name, num) / POWER(table_alias0.col_name, num)) * num > num AND
    table_alias0.col_name < num AND
    table_alias0.col_name < num;",1
26,"CREATE MATERIALIZED VIEW mv_account_influence_rank AS
WITH CTE AS (
    SELECT
        table_alias0.col_name,
        MAX(COALESCE(NULLIF(table_alias3.col_name -> string ->> string, string), CAST(string) AS column_alias0)) AS column_alias1,
        MAX(COALESCE(table_alias5.col_name2, num)) AS column_alias2,
        MAX(COALESCE(NULLIF(table_alias3.col_name -> string ->> string, string), CAST(string) AS column_alias0)) AS column_alias3
    FROM table_name table_alias0
    LEFT JOIN table_name table_alias1 ON table_alias0.col_name = table_alias1.col_name
    LEFT JOIN table_name table_alias2 ON table_alias1.col_name = table_alias2.col_name
    LEFT JOIN table_name table_alias3 ON table_alias2.col_name = table_alias3.col_name
    LEFT JOIN table_name table_alias4 ON table_alias2.col_name = table_alias4.col_name
    LEFT JOIN table_name table_alias5 ON table_alias4.col_name = table_alias5.col_name
    GROUP BY table_alias0.col_name 
),
CalculatedNIC AS (
    SELECT
        col_name,
        (num * COALESCE(column_alias1,num) + num * COALESCE(column_alias2,num) + num * COALESCE(column_alias3,num)) AS column_alias4
    FROM CTE
)
SELECT
    col_name,
    column_alias4,
    DENSE_RANK() OVER (ORDER BY column_alias4 DESC NULLS LAST) as column_alias5
FROM new_table",1
27,"CREATE MATERIALIZED VIEW premium_gaming_mice AS
SELECT 
    table_alias0.col_name, table_alias0.col_name, table_alias0.col_name,
    CAST((table_alias0.col_name AS column_alias0)/ num) * (num - table_alias0.col_name / num) * num AS column_alias1,
    CAST((table_alias1.col_name AS column_alias0)/ num) * (num + (CASE WHEN table_alias1.col_name THEN num ELSE num CAST(END) AS column_alias0)/ num) * 
    (num - ABS(table_alias1.col_name - CAST(num) AS column_alias0)/ num) * num AS column_alias2,
    CASE WHEN CAST((table_alias0.col_name AS column_alias0)/ num) * (num - table_alias0.col_name / num) * num > num 
         AND table_alias0.col_name >= num AND table_alias2.col_name >= num 
         THEN string ELSE string END AS column_alias3
FROM table_name table_alias0
JOIN table_name table_alias1 ON table_alias0.col_name = table_alias1.col_name
JOIN table_name table_alias2 ON table_alias0.col_name = table_alias2.col_name
WHERE table_alias2.col_name = CAST(string AS column_alias4);",1
28,"CREATE OR REPLACE VIEW new_view AS
SELECT
    s.col_name,
    s.col_name,
    s.col_name,
    s.col_name,
    spc.col_name,
    spc.col_name,
    spc.col_name,
    spc.col_name,
    spc.col_name
FROM
    new_table.new_column s
LEFT JOIN 
    new_table.new_column spc ON s.col_name = spc.col_name AND s.col_name = spc.col_name 
WHERE
    spc.col_name <= num AND spc.col_name >= num
    AND spc.col_name >= num AND spc.col_name >= num
    AND spc.col_name < num;",1
29,"CREATE OR REPLACE VIEW new_view AS
SELECT
    table_alias0.col_name,
    table_alias0.col_name,
    table_alias0.col_name,
    ROUND(table_alias0.col_name, num),
    ROUND(COALESCE(table_alias0.col_name / NULLIF(table_alias0.col_name, num), num), num) AS column_alias0,
    ROUND(COALESCE((table_alias0.col_name -> string ->> CAST(string) AS column_alias1), num), num) AS column_alias2,
    table_alias0.col_name -> string ->> string AS column_alias3
FROM
    table_name table_alias0
WHERE
    (
        ROUND(COALESCE((table_alias0.col_name -> string ->> CAST(string) AS column_alias1), num), num) > num
        AND (table_alias0.col_name -> string ->> string) = string 
    )
    OR
    (
        ROUND(COALESCE(table_alias0.col_name / NULLIF(table_alias0.col_name, num), num), num) > num
    );",1
30,"CREATE OR REPLACE VIEW new_view AS
SELECT
    table_alias0.col_name,
    table_alias0.col_name,
    table_alias0.col_name,
    table_alias0.col_name,
    CASE
        WHEN table_alias0.col_name IS NULL OR (CURRENT_DATE - table_alias0.col_name) <= num THEN NULL
        ELSE (num - table_alias0.col_name) / (CURRENT_DATE - table_alias0.col_name)
    END AS column_alias0,
    RANK() OVER (ORDER BY
        CASE
            WHEN table_alias0.col_name IS NULL OR (CURRENT_DATE - table_alias0.col_name) <= num THEN NULL
            ELSE (num - table_alias0.col_name) / (CURRENT_DATE - table_alias0.col_name)
        END
    DESC NULLS LAST) AS column_alias1
FROM
    table_name table_alias0;
COMMENT ON VIEW container_depletion_rank_view IS string;",1
31,"CREATE OR REPLACE VIEW new_view AS
SELECT 
    table_alias0.col_name,
    table_alias0.col_name * (table_alias0.col_name/num) * (num - table_alias0.col_name/num) AS column_alias0,
    CASE
        WHEN table_alias0.col_name * (table_alias0.col_name/num) * (num - table_alias0.col_name/num) < num 
            THEN string
        WHEN table_alias0.col_name * (table_alias0.col_name/num) * (num - table_alias0.col_name/num) < num 
            THEN string
        ELSE string
    END AS column_alias1
FROM table_name table_alias0
WHERE table_alias0.col_name IS NOT NULL;",1
32,"CREATE OR REPLACE VIEW new_view AS
SELECT 
    table_alias0.col_name,
    table_alias1.col_name,
    ROUND((table_alias1.col_name / table_alias0.col_name) * num, num) AS column_alias0,
    ROUND(table_alias0.col_name * table_alias0.col_name * (table_alias2.col_name - num), num) AS column_alias1,
    ROUND( ((table_alias1.col_name / table_alias0.col_name) * num) + ((table_alias0.col_name * table_alias0.col_name * (table_alias2.col_name - num)) / table_alias0.col_name), num) AS column_alias2
FROM 
    table_name AS table_alias0
INNER JOIN 
    table_name AS table_alias1 ON table_alias0.col_name = table_alias1.col_name
INNER JOIN 
    table_name AS table_alias2 ON table_alias0.col_name = table_alias2.col_name;",1
33,"CREATE OR REPLACE VIEW new_view AS
WITH CTE AS (
    SELECT
        table_alias0.col_name,
        table_alias0.col_name,
        table_alias0.col_name,
        COALESCE(table_alias4.col_namelias0, num) AS column_alias0,
        COALESCE(table_alias4.col_nameas1, num) AS column_alias1,
        COALESCE(table_alias4.col_name2, num) AS column_alias2
    FROM table_name table_alias0
    LEFT JOIN table_name table_alias1 ON table_alias0.col_name = table_alias1.col_name
    LEFT JOIN table_name table_alias2 ON table_alias1.col_name = table_alias2.col_name
    LEFT JOIN table_name table_alias3 ON table_alias2.col_name = table_alias3.col_name
    LEFT JOIN table_name table_alias4 ON table_alias3.col_name = table_alias4.col_name
),
CalculatedTEI AS (
    SELECT
        col_name,
        col_name,
        col_name,
        ROUND((num * column_alias0 + num * CAST((column_alias1 AS column_alias3)/ num) + num * CAST((column_alias2 AS column_alias3)/ num)), num) AS column_alias4
    FROM CTE
)
SELECT
    col_name,
    col_name,
    col_name,
    column_alias4,
    NTILE(num) OVER (ORDER BY column_alias4) as column_alias5, 
    CASE NTILE(num) OVER (ORDER BY column_alias4) 
        WHEN num THEN string
        WHEN num THEN string
        WHEN num THEN string
        WHEN num THEN string
        ELSE string 
    END AS column_alias6
FROM new_table;",1
34,"CREATE OR REPLACE VIEW new_view AS
WITH CTE AS (
  SELECT
    table_alias0.col_name,
    table_alias1.col_name,
    table_alias2.col_name,
    table_alias0.col_name,
    table_alias0.col_name,
    table_alias0.col_name,
    table_alias0.col_name,
    table_alias1.col_name,
    (table_alias0.col_name * (num - table_alias0.col_name/num) * (num - num * table_alias0.col_name)) AS column_alias0,
    ((num - table_alias0.col_name/num) * (num - table_alias0.col_name)) AS column_alias1
  FROM table_name table_alias0
  INNER JOIN table_name table_alias1 ON table_alias0.col_name = table_alias1.col_name
  INNER JOIN table_name table_alias2 ON table_alias2.col_name = table_alias1.col_name
)
SELECT
  col_name,
  col_name,
  col_name,
  column_alias0,
  column_alias1,
  column_alias0 * (num - column_alias1) * (CASE WHEN col_name < num THEN num ELSE num/col_name END) AS column_alias2
FROM CTE;",1
35,"CREATE TABLE new_table (
    new_column INTEGER PRIMARY KEY,  
    new_column TEXT NOT NULL, 
    new_column NUMERIC,             
    new_column TEXT DEFAULT NOW() 
);",1
36,"CREATE TABLE new_table (
    new_column INTEGER,
    col_name CHAR(num) NOT NULL,
    col_name TIMESTAMP NOT NULL,
    col_name CHAR(num),
    col_name SMALLINT,
    col_name REAL,
    col_name INT,
    col_name SMALLINT,
    col_name REAL,
    read_year INT NOT NULL,
    PRIMARY KEY (col_name, read_year)  
) PARTITION BY RANGE (read_year);
CREATE TABLE new_table PARTITION OF EnvironmentalReadingsCore_Partitioned
    FOR VALUES FROM (num) TO (num);
CREATE TABLE new_table PARTITION OF EnvironmentalReadingsCore_Partitioned
    FOR VALUES FROM (num) TO (num);
CREATE TABLE new_table PARTITION OF EnvironmentalReadingsCore_Partitioned
    FOR VALUES FROM (num) TO (num);",1
37,"CREATE TABLE new_table (
    new_column TEXT NOT NULL,
    new_column DATE NOT NULL,
    new_column TEXT NOT NULL,
    new_column NUMERIC(num,num) NOT NULL,
    latency_ms NUMERIC(num,num) NOT NULL,
    poll_rate_hz SMALLINT NOT NULL,
    wireless_latency_var NUMERIC(num,num),
    meets_standard BOOLEAN NOT NULL,
    standard_version TEXT NOT NULL
) PARTITION BY LIST (device_type);
CREATE TABLE new_table PARTITION OF tournament_device_assessment 
    FOR VALUES IN (string);
CREATE TABLE new_table PARTITION OF tournament_device_assessment 
    FOR VALUES IN (string);
CREATE TABLE new_table PARTITION OF tournament_device_assessment 
    FOR VALUES IN (string, string);
ALTER TABLE new_table 
ADD CONSTRAINT tournament_standard_check 
CHECK (
    (meets_standard = num) OR 
    (cgpi_score > num AND latency_ms < num AND poll_rate_hz >= num 
     AND (wireless_latency_var IS NULL OR wireless_latency_var < num))
);",1
38,"CREATE TABLE new_table NOT EXISTS audit_amplification_networks (
    audit_id INTEGER PRIMARY KEY,
    cluster_identifier TEXT, 
    first_detected TIMESTAMP DEFAULT CURRENT_TIMESTAMP,
    member_count INTEGER,
    max_coord_score NUMERIC,
    member_accindexes TEXT[] 
);
WITH CTE AS (
    SELECT
        table_alias4.col_name as column_alias0, 
        table_alias0.col_name,          
        table_alias0.col_name,
        table_alias4.col_name
    FROM table_name table_alias0
    JOIN table_name table_alias1 ON table_alias0.col_name = table_alias1.col_name
    JOIN table_name table_alias2 ON table_alias1.col_name = table_alias2.col_name
    JOIN table_name table_alias3 ON table_alias2.col_name = table_alias3.col_name
    JOIN table_name table_alias4 ON table_alias3.col_name = table_alias4.col_name
    WHERE table_alias0.col_name = string
      AND table_alias0.col_name > num
)
INSERT INTO new_table (new_column, new_column, new_column, new_column)
SELECT
    table_alias5.new_columns0,
    COUNT(DISTINCT table_alias5.col_name),
    MAX(table_alias5.col_name), 
    array_agg(DISTINCT table_alias5.col_name) 
FROM CTE table_alias5
GROUP BY table_alias5.new_columns0
HAVING COUNT(DISTINCT table_alias5.col_name) > num;",1
39,"CREATE TABLE new_table NOT EXISTS container_tss_monitoring (
   col_name VARCHAR PRIMARY KEY,
   latest_tss REAL,
   last_updated TEXT
);
WITH CTE AS (
    SELECT
        table_alias0.col_name,
        (num - COALESCE(table_alias0.col_name, num) / num)
        * (num - COALESCE(table_alias0.col_name, num) / num)
        * COALESCE(table_alias0.col_name, num) AS column_alias0,
        NOW() as column_alias1
        , ROW_NUMBER() OVER(PARTITION BY table_alias0.col_name ORDER BY table_alias0.col_name DESC NULLS LAST, table_alias0.col_name DESC) as column_alias2
    FROM
        table_name table_alias0
)
INSERT INTO new_table (col_name, new_column, new_column)
SELECT
    col_name,
    column_alias0,
    column_alias1
FROM CTE
WHERE column_alias0 IS NOT NULL AND column_alias2 = num
ON CONFLICT (col_name)
DO UPDATE SET
    latest_tss = EXCLUDED.new_column,
    last_updated = EXCLUDED.new_column;",1
40,"CREATE TABLE new_table NOT EXISTS data_flow_metrics (
    col_name CHARACTER(num) PRIMARY KEY,
    last_updated TIMESTAMPTZ DEFAULT NOW(),
    dte NUMERIC,
    success_pct NUMERIC,
    error_tally SMALLINT
);
WITH CTE AS (
    SELECT
        col_name,
        col_name,
        col_name,
        CASE
            WHEN (col_name + num) = num THEN NULL 
            ELSE col_name / (col_name + num) 
        END AS column_alias0
    FROM table_name
)
INSERT INTO new_table (col_name, new_column, new_column, new_column, new_column)
SELECT
    table_alias0.col_name,
    table_alias0.new_column
    table_alias0.col_name,
    table_alias0.col_name,
    NOW() 
FROM CTE table_alias0
ON CONFLICT (col_name)
DO UPDATE SET
    dte = EXCLUDED.new_column,
    success_pct = EXCLUDED.new_column,
    error_tally = EXCLUDED.new_column,
    last_updated = EXCLUDED.new_column;",1
41,"CREATE TABLE new_table NOT EXISTS high_risk_encounter_audit (
    audit_id column_alias0 PRIMARY KEY,
    col_name VARCHAR NOT NULL,
    col_name VARCHAR NOT NULL,
    col_name VARCHAR,
    col_name VARCHAR,
    audit_timestamp TIMESTAMPTZ DEFAULT NOW(),
    reason VARCHAR
);
WITH CTE AS (
    SELECT
        table_alias0.col_name,
        table_alias0.col_name,
        table_alias0.col_name,
        table_alias0.col_name,
        table_alias1.col_name,
        table_alias1.col_name
    FROM table_name table_alias0
    JOIN table_name table_alias1 ON table_alias0.col_name = table_alias1.col_name
)
INSERT INTO new_table (col_name, col_name, col_name, col_name, new_column)
SELECT
    table_alias2.col_name,
    table_alias2.col_name,
    table_alias2.col_name,
    table_alias2.col_name,
    string
FROM CTE table_alias2
WHERE
    (
        COALESCE((table_alias2.col_name -> string ->> CAST(string) AS column_alias0), num) > num
        OR
        COALESCE((table_alias2.col_name -> string ->> CAST(string) AS column_alias0), num) > num
    )
    AND
    table_alias2.col_name IN (string, string);",1
42,"CREATE TABLE new_table NOT EXISTS robot_maintenance_priority (
    column_alias0 TEXT PRIMARY KEY,
    column_alias5 TEXT,
    calculated_wfps numeric,
    calculated_mrul integer,
    last_updated timestamp DEFAULT current_timestamp,
    FOREIGN KEY (column_alias0) REFERENCES table_name(col_name)
);
WITH CTE AS (
    SELECT
        col_name AS column_alias0,
        col_name,
        col_name,
        col_name
    FROM table_name
    WHERE col_name IS NOT NULL AND col_name IS NOT NULL AND col_name IS NOT NULL AND col_name IS NOT NULL
),
WeightedScores AS (
    SELECT
        column_alias0,
        col_name * (num / (num + col_name)) AS column_alias1,
        (num / (num + col_name)) AS column_alias2,
        col_name
    FROM CTE
),
RobotMetrics AS (
    SELECT
        column_alias0,
        SUM(column_alias1) / SUM(column_alias2) AS column_alias3, 
        MIN(col_name) AS column_alias4 
    FROM new_table
    GROUP BY column_alias0
)
INSERT INTO new_table (column_alias0mn, column_alias5w_column, new_column, new_column)
SELECT
    table_alias0.new_columnlias0,
    CASE
        WHEN table_alias0.new_columnmn_alias3 > num AND table_alias0.new_columnmn_alias4 < num THEN string
        WHEN table_alias0.new_columnmn_alias3 > num OR table_alias0.new_columnmn_alias4 < num THEN string
        ELSE string
    END AS column_alias5,
    table_alias0.new_columnmn_alias3,
    table_alias0.new_columnmn_alias4,
    current_timestamp
FROM new_table table_alias0
ON CONFLICT (column_alias0) DO UPDATE SET
    column_alias5 = EXCLUDED.new_column
    calculated_wfps = EXCLUDED.new_column,
    calculated_mrul = EXCLUDED.new_column,
    last_updated = EXCLUDED.new_column;",1
43,"CREATE TABLE new_table NOT EXISTS safety_alerts (
    alert_id column_alias1 PRIMARY KEY,
    column_alias0 column_alias3,
    alert_timestamp timestamp DEFAULT current_timestamp,
    calculated_sis numeric,
    message column_alias3
);
WITH CTE AS (
    SELECT
        col_name AS column_alias0,
        SUM(
            CAST(COALESCE((col_name->>string) AS column_alias1), num) +
            CAST(COALESCE((col_name->>string) AS column_alias1), num) +
            CAST(COALESCE((col_name->>string) AS column_alias1), num) +
            CAST(COALESCE((col_name->>string) AS column_alias1), num)
        ) AS column_alias2 
    FROM table_name
    WHERE col_name IS NOT NULL AND col_name IS NOT NULL
    GROUP BY col_name
)
INSERT INTO new_table (column_alias0mn, new_column, new_column) 
SELECT
    column_alias0,
    string || CAST(column_alias2 AS column_alias3),
    column_alias2 
FROM CTE
WHERE column_alias2 > num;",1
44,"CREATE TABLE new_table NOT EXISTS security_alerts (
    alert_id INTEGER PRIMARY KEY,
    risk_registry TEXT,
    alert_type TEXT,
    severity TEXT,
    details json
);
INSERT INTO new_table (new_column, new_column, new_column, new_column)
SELECT 
    col_name,
    string,
    string,
    jsonb_build_object(
        string, (col_name * num) + (col_name * num) + (col_name * num),
        string, col_name,
        string, col_name,
        string, col_name
    )
FROM table_name
WHERE col_name < num
  AND col_name > num
  AND col_name >= num
  AND ((col_name * num) + (col_name * num) + (col_name * num)) > num;",1
45,"CREATE TEMP TABLE temp_table(
    new_column TEXT,
    column_alias2 TEXT,
    new_column column_alias0,
    engagement_level DECIMAL(num,num)
);
WITH CTE AS (
    SELECT
        table_alias0.col_name,
        table_alias0.col_name,
        (num - table_alias3.col_name) * num +
        (DATE(string) - CAST(table_alias3.col_name) AS column_alias0)/ num * num +
        (CASE table_alias5.col_name
            WHEN string THEN num
            WHEN string THEN num
            WHEN string THEN num
            WHEN string THEN num
         END) * num AS column_alias1,
        (DATE(string) - CAST(table_alias3.col_name) AS column_alias0),
        table_alias2.col_name
    FROM table_name table_alias0
    JOIN table_name table_alias1 ON table_alias0.col_name = table_alias1.col_name
    JOIN table_name table_alias2 ON table_alias1.col_name = table_alias2.col_name
    JOIN table_name table_alias3 ON table_alias1.col_name = table_alias3.col_name
    JOIN table_name table_alias4 ON table_alias2.col_name = table_alias4.col_name
    JOIN table_name table_alias5 ON table_alias4.col_name = table_alias5.col_name
    WHERE table_alias3.col_name IS NOT NULL
)
INSERT INTO new_table
SELECT
    col_name,
    CASE
        WHEN column_alias1 > num THEN string
        WHEN column_alias1 > num THEN string
        ELSE string
    END AS column_alias2,
    days_since_login,
    col_name
FROM CTE
WHERE column_alias1 > num
  AND days_since_login > num
  AND col_name < num;
UPDATE table_name table_alias5
SET col_name = string
FROM table_name table_alias0
JOIN table_name table_alias1 ON table_alias0.col_name = table_alias1.col_name
JOIN table_name table_alias2 ON table_alias1.col_name = table_alias2.col_name
JOIN table_name table_alias4 ON table_alias2.col_name = table_alias4.col_name
WHERE table_alias4.col_name = table_alias5.col_name
AND table_alias0.col_name IN (SELECT user_id FROM new_table);",1
46,"CREATE TRIGGER check_resolution_prevent_trigger
BEFORE UPDATE ON table_name
FOR EACH ROW",1
47,"CREATE TRIGGER trg_after_insert_interactions
AFTER INSERT ON table_name
FOR EACH ROW",1
48,"CREATE VIEW new_view AS
SELECT
    o.col_name,
    o.col_name,
    o.col_name,
    o.col_name,
    CASE
        WHEN (md.col_name -> string ->> string) IS NOT NULL THEN (md.col_name -> string ->> CAST(string) AS column_alias0)(md.col_name -> string ->> CAST(string) AS column_alias0).col_name = (md.col_name -> string ->> string) 
WHERE o.col_name > (
    CASE
        WHEN (md.col_name -> string ->> string) IS NOT NULL THEN (md.col_name -> string ->> CAST(string) AS column_alias0)(md.col_name -> string ->> CAST(string) AS column_alias0)* num 
);",1
49,"CREATE VIEW new_view AS
SELECT 
    col_name,
    ROUND(num - num * ABS(col_name - num) - 
    POWER(ABS(col_name - num) / num, num) - 
    num / (col_name + num), num) AS column_alias0
FROM table_name;",1
50,"DELETE FROM table_name
WHERE col_name IN (
    SELECT col_name 
    FROM table_name 
    WHERE col_name = string
);",1
51,"DELETE FROM table_name
WHERE col_name IN (
    SELECT table_alias0.col_name
    FROM table_name table_alias0
    JOIN table_name table_alias1 ON table_alias0.col_name = table_alias1.col_name
    JOIN table_name table_alias2 ON table_alias1.col_name = table_alias2.col_name
    JOIN table_name table_alias3 ON table_alias0.col_name = table_alias3.col_name
    WHERE 
        (num * table_alias1.col_name + num * (num - (table_alias2.col_name / NULLIF(table_alias1.col_name * num, num))) > num
        AND (table_alias3.col_name > num OR table_alias3.col_name > num)
        AND table_alias2.col_name < num));",1
52,"DELETE FROM table_name
table_alias0 (
    WITH CTE AS (
        SELECT table_alias1.col_name,
               table_alias1.col_name,
               table_alias2.col_name,
               table_alias2.col_name,
               table_alias2.col_name,
               table_alias2.col_name,
               table_alias2.col_name,
               (LOG(num, table_alias2.col_name * num) / LOG(num, table_alias2.col_name) * num) AS column_alias0
        FROM table_name table_alias1
        JOIN table_name table_alias2 table_alias0 (col_name)
        WHERE table_alias2.col_name < num OR table_alias2.col_name < num
    ),
    quality_scores AS (
        SELECT col_name,
               col_name,
               col_name,
               col_name,
               POWER(num/column_alias0, num) * 
               ((col_name * (num + col_name/num * (num - col_name/num)))/num) *
               POWER(num - col_name/num, num) AS column_alias1,
               ROW_NUMBER() OVER (
                   PARTITION BY col_name 
                   ORDER BY 
                       CASE WHEN col_name >= num AND col_name >= num THEN num 
                            ELSE num END,
                       POWER(num/column_alias0, num) * 
                       ((col_name * (num + col_name/num * (num - col_name/num)))/num) *
                       POWER(num - col_name/num, num) DESC
               ) AS column_alias2
        FROM CTE
    )
    SELECT col_name
    FROM new_table
    WHERE column_alias2 > num  
) redundant
WHERE table_name.col_name = redundant.col_name
RETURNING table_name.col_name, table_name.col_name;",1
53,"DELETE FROM table_name table_alias0
USING table_name p
WHERE table_alias0.col_name = p.col_name
  AND ((table_alias0.col_name + table_alias0.col_name + table_alias0.col_name) / p.col_name) > num;",1
54,"SELECT
    col_name,
    col_name,
    ROUND(
        (CAST(col_name AS column_alias0) / num) + 
        (col_name * num) + 
        (col_name * num) + 
        (col_name * num) - 
        (CAST(col_name AS column_alias0) / num), 
        num
    ) AS column_alias1
FROM
    table_name
ORDER BY
    column_alias1 DESC;",1
55,"SELECT
    table_alias0.col_name AS column_alias0,
    table_alias0.col_name AS column_alias1,
    ROUND(
        CAST(
            (num * COALESCE(column_alias4.new_columnumn_alias4, num)) +
            (num * COALESCE(column_alias6.new_columnumn_alias6, num)) +
            (num * COALESCE(column_alias7.new_columnumn_alias7, num)) +
            (num * COALESCE(column_alias8.new_columnumn_alias8, num)) -
            (num * SQRT(COALESCE(err.new_columns9, num)))
        AS column_alias2), 
        num
    ) AS column_alias3
FROM table_name table_alias0
LEFT JOIN (
    SELECT
        table_alias1.col_name,
        AVG(
            (column_alias5.new_columnumn_alias5 * num) + 
            (table_alias4.new_columnumn_alias6 * num) + 
            (table_alias2.col_name * (num + table_alias2.col_name / num * (num - table_alias2.col_name / num)) * num) - 
            (num * SQRT(table_alias2.col_name / num))
        ) AS column_alias4
    FROM table_name table_alias1
    JOIN table_name table_alias2 ON table_alias1.col_name = table_alias2.col_name
    LEFT JOIN (
        SELECT 
            table_alias3.col_name,
            AVG(POWER(num / (LOG(num, table_alias3.col_name * num) / LOG(num, table_alias3.col_name)) * num, num) *
                (table_alias3.col_name * (num + table_alias3.col_name / num * (num - table_alias3.col_name / num)) / num) *
                POWER(num - table_alias3.col_name / num, num)) AS column_alias5
        FROM table_name table_alias3
        GROUP BY table_alias3.col_name
    ) column_alias5 ON table_alias1.col_name = column_alias5.col_name
    LEFT JOIN (
        SELECT 
            table_alias4.col_name,
            AVG((table_alias4.col_name / (table_alias4.col_name * table_alias4.col_name * table_alias4.col_name) * num) * 
                (table_alias4.col_name / (SQRT(table_alias4.col_name) * table_alias4.col_name) * num / num) * 
                (num + EXP(-table_alias4.col_name))) AS column_alias6
        FROM table_name table_alias4
        WHERE table_alias4.col_name > num AND table_alias4.col_name > num AND table_alias4.col_name > num
        GROUP BY table_alias4.col_name
    ) table_alias4 ON table_alias1.col_name = table_alias4.col_name
    GROUP BY table_alias1.col_name
) column_alias4 ON table_alias0.col_name = column_alias4.col_name
LEFT JOIN (
    SELECT
        table_alias4.col_name,
        AVG((table_alias4.col_name / (table_alias4.col_name * table_alias4.col_name * table_alias4.col_name) * num) * 
            (table_alias4.col_name / (SQRT(table_alias4.col_name) * table_alias4.col_name) * num / num) * 
            (num + EXP(-table_alias4.col_name))) AS column_alias6
    FROM table_name table_alias4
    WHERE table_alias4.col_name > num AND table_alias4.col_name > num AND table_alias4.col_name > num
    GROUP BY table_alias4.col_name
) column_alias6 ON table_alias0.col_name = column_alias6.col_name
LEFT JOIN (
    SELECT
        table_alias1.col_name,
        AVG(table_alias2.col_name / (table_alias5.col_name * SQRT(num + table_alias5.col_name / table_alias5.col_name))) AS column_alias7
    FROM table_name table_alias5
    JOIN table_name table_alias2 ON table_alias5.col_name = table_alias2.col_name
    JOIN table_name table_alias1 ON table_alias5.col_name = table_alias1.col_name
    WHERE table_alias5.col_name > num
    GROUP BY table_alias1.col_name
) column_alias7 ON table_alias0.col_name = column_alias7.col_name
LEFT JOIN (
    SELECT
        table_alias1.col_name,
        AVG(table_alias2.col_name * (num + table_alias2.col_name / num * (num - table_alias2.col_name / num))) AS column_alias8
    FROM table_name table_alias1
    JOIN table_name table_alias2 ON table_alias1.col_name = table_alias2.col_name
    GROUP BY table_alias1.col_name
) column_alias8 ON table_alias0.col_name = column_alias8.col_name
LEFT JOIN (
    SELECT
        table_alias1.col_name,
        AVG(table_alias5.col_name / table_alias2.col_name) AS column_alias9
    FROM table_name table_alias5
    JOIN table_name table_alias2 ON table_alias5.col_name = table_alias2.col_name
    JOIN table_name table_alias1 ON table_alias5.col_name = table_alias1.col_name
    WHERE table_alias2.col_name > num
    GROUP BY table_alias1.col_name
) err ON table_alias0.col_name = err.col_name
ORDER BY column_alias3 DESC;",1
56,"SELECT
    table_alias0.col_name AS column_alias0,
    table_alias0.col_name AS column_alias1,
    table_alias0.col_name AS column_alias2,
    table_alias0.col_name AS column_alias3,
    ROUND(
        (table_alias1.col_name / (table_alias0.col_name * SQRT(num + table_alias0.col_name / table_alias0.col_name))),
        num
    ) AS column_alias4,
    table_alias0.col_name,
    CASE
        WHEN (table_alias1.col_name / (table_alias0.col_name * SQRT(num + table_alias0.col_name / table_alias0.col_name))) > num
             AND table_alias0.col_name LIKE string THEN string
        WHEN (table_alias1.col_name / (table_alias0.col_name * SQRT(num + table_alias0.col_name / table_alias0.col_name))) BETWEEN num AND num THEN string
        ELSE string
    END AS column_alias5
FROM table_name table_alias0
JOIN table_name table_alias1 ON table_alias0.col_name = table_alias1.col_name;",1
57,"SELECT
    table_alias0.col_name AS column_alias0,
    table_alias0.col_name AS column_alias1,
    table_alias0.col_name AS column_alias2,
    table_alias1.col_name AS column_alias3,
    ROUND(spi.new_column) AS column_alias4,
    ROUND(ci.new_column, num) AS column_alias5,
    CASE WHEN 
        spi.new_columnm AND 
        table_alias0.col_name >= num AND 
        table_alias1.col_name >= num AND 
        ci.new_column > num 
    THEN string ELSE string END AS column_alias6
FROM table_name table_alias0
JOIN table_name table_alias1 ON table_alias0.col_name = table_alias1.col_name
JOIN (
    SELECT col_name, (col_name / num) * (num - col_name / num) * num AS column_alias7
    FROM table_name
) spi ON table_alias0.col_name = spi.col_name
JOIN (
    SELECT table_alias2.col_name, (table_alias2.col_name / num) * (num + (CASE WHEN table_alias2.col_name THEN num ELSE num END) / num) * 
           (num - ABS(table_alias2.col_name - num) / num) * num AS column_alias8
    FROM table_name table_alias2
) ci ON table_alias0.col_name = ci.col_name
WHERE table_alias1.col_name = string
ORDER BY column_alias4 DESC, column_alias5 DESC;",1
58,"SELECT
    table_alias0.col_name AS column_alias0,
    table_alias0.col_name AS column_alias1,
    table_alias1.col_name AS column_alias2,
    table_alias0.col_name AS column_alias3,
    CASE
        WHEN table_alias0.col_name IN (string, string) AND table_alias1.col_name <> string THEN string
        ELSE string
    END AS column_alias4
FROM table_name table_alias0
LEFT JOIN table_name table_alias1 ON table_alias0.col_name = table_alias1.col_name;",1
59,"SELECT
    table_alias0.col_name AS column_alias0,
    table_alias1.col_name AS column_alias1,
    ROUND(
        AVG(
            num - num * ABS(table_alias0.col_name - num) -
            POWER(ABS((table_alias0.col_name - num) / num), num) -
            num / (table_alias0.col_name + num)
        ),
        num
    ) AS column_alias2
FROM table_name table_alias0
JOIN table_name table_alias1 ON table_alias0.col_name = table_alias1.col_name
GROUP BY table_alias0.col_name, table_alias1.col_name;",1
60,"SELECT
    table_alias0.col_name AS column_alias0,
    table_alias2.col_name AS column_alias1,
    ROUND(
        AVG(
            POWER(num / (LOG(num, table_alias1.col_name * num) / LOG(num, table_alias1.col_name)) * num, num) *
            (table_alias1.col_name / num) *
            POWER(num - table_alias1.col_name / num, num)
        ),
        num
    ) AS column_alias2
FROM table_name table_alias0
JOIN table_name table_alias1 ON table_alias0.col_name = table_alias1.col_name
JOIN table_name table_alias2 ON table_alias0.col_name = table_alias2.col_name
GROUP BY table_alias0.col_name, table_alias2.col_name
ORDER BY column_alias2 DESC;",1
61,"SELECT
    table_alias0.col_name,
    ROUND(
        (table_alias0.col_name / table_alias2.col_name) * 
        table_alias0.col_name * 
        (num - table_alias0.col_name / num) * num,
    num) AS column_alias0,
    CASE
        WHEN (table_alias0.col_name / table_alias2.col_name) * table_alias0.col_name * (num - table_alias0.col_name / num) * num < num 
             AND table_alias0.col_name = string 
             AND table_alias0.col_name > num 
        THEN string
        ELSE string
    END AS column_alias1
FROM
    table_name table_alias0
JOIN
    table_name table_alias1 ON table_alias0.col_name = table_alias1.col_name
JOIN
    table_name table_alias2 ON table_alias0.col_name = table_alias2.col_name
ORDER BY
    column_alias0;",1
62,"SELECT
    table_alias0.col_name,
    table_alias0.col_name,
    table_alias0.col_name,
    table_alias1.col_name,
    table_alias1.col_name,
    table_alias1.col_name,
    ROUND((table_alias1.col_name / num) * (num - (table_alias1.col_name + table_alias1.col_name) / num) * num, num) AS column_alias0
FROM table_name table_alias0
JOIN table_name table_alias1 ON table_alias0.col_name = table_alias1.col_name
WHERE (table_alias1.col_name / num) * (num - (table_alias1.col_name + table_alias1.col_name) / num) * num > num
  AND table_alias1.col_name IN (string, string) 
ORDER BY column_alias0 DESC;",1
63,"SELECT
    table_alias0.col_name,
    table_alias1.col_name,
    ROUND(table_alias0.col_name * num + table_alias0.col_name * num + table_alias0.col_name * num, num) AS column_alias0,
    CASE
        WHEN table_alias0.col_name = string 
             AND table_alias0.col_name < num 
             AND (table_alias0.col_name * num + table_alias0.col_name * num + table_alias0.col_name * num) < num
        THEN string
        ELSE string
    END AS column_alias1
FROM
    table_name table_alias0
JOIN
    table_name table_alias1 ON table_alias0.col_name = table_alias1.col_name
ORDER BY
    column_alias0;",1
64,"SELECT
    table_alias0.col_name,
    table_alias1.col_name,
    table_alias1.col_name,
    ROUND((table_alias1.col_name / table_alias1.col_name) * num, num) AS column_alias0,
    table_alias0.col_name
FROM
    table_name table_alias0
JOIN
    table_name table_alias1 ON table_alias0.col_name = table_alias1.col_name
WHERE
    (table_alias1.col_name / table_alias1.col_name) < num
    AND table_alias0.col_name IN (string, string)
ORDER BY
    column_alias0;",1
65,"SELECT
    table_alias0.col_name,
    table_alias1.col_name,
    table_alias2.col_name,
    ROUND(
        (table_alias0.col_name / table_alias0.col_name) * 
        (num - table_alias0.col_name / num) - 
        (table_alias0.col_name / table_alias0.col_name),
    num) AS column_alias0,
    CASE
        WHEN table_alias0.col_name > num 
             AND table_alias0.col_name = string 
             AND ((table_alias0.col_name / table_alias0.col_name) * (num - table_alias0.col_name / num) - (table_alias0.col_name / table_alias0.col_name)) < num 
        THEN string
        ELSE string
    END AS column_alias1
FROM
    table_name table_alias0
JOIN
    table_name table_alias1 ON table_alias0.col_name = table_alias1.col_name
JOIN
    table_name table_alias2 ON table_alias0.col_name = table_alias2.col_name
ORDER BY
    column_alias0;",1
66,"SELECT
  col_name,
  ROUND(
    CASE col_name 
      WHEN string THEN num 
      WHEN string THEN num 
      WHEN string THEN num 
      ELSE num 
    END * num
    + (col_name * num)
    + CAST((col_name AS column_alias0)/ col_name * num)
    - CAST((col_name AS column_alias0)/ col_name * num),
    num
  ) AS column_alias1
FROM table_name
WHERE col_name > num
ORDER BY column_alias1 DESC;",1
67,"SELECT
  table_alias0.col_name,
  table_alias0.col_name,
  ROUND(
    (CAST(table_alias1.col_name->string->>string AS column_alias0) /
     (table_alias2.col_name / num)) *
    (CAST(table_alias1.col_name->string->>string AS column_alias0) / num),
  num) AS column_alias1
FROM table_name table_alias0
JOIN table_name table_alias1 ON table_alias0.col_name = table_alias1.col_name
JOIN table_name table_alias2 ON table_alias0.col_name = table_alias2.col_name
WHERE table_alias0.col_name IN (string, string);",1
68,"SELECT
  table_alias0.col_name,
  table_alias1.col_name,
  table_alias1.col_name,
  table_alias0.col_name,
  table_alias0.col_name,
  table_alias0.col_name,
  ROUND((num - table_alias0.col_name / num) * (table_alias0.col_name / num) * (num - table_alias0.col_name / num) * num, num) AS column_alias0
FROM table_name table_alias0
JOIN table_name table_alias1 ON table_alias0.col_name = table_alias1.col_name
WHERE (num - table_alias0.col_name / num) * (table_alias0.col_name / num) * (num - table_alias0.col_name / num) * num > num
ORDER BY column_alias0 DESC;",1
69,"SELECT 
    CASE 
        WHEN table_alias0.col_name IS NULL THEN string
        ELSE CAST(table_alias0.col_name AS column_alias0),
    COUNT(*) AS column_alias1,
    AVG(table_alias1.col_name) AS column_alias2,
    AVG(table_alias1.col_name + 
        CASE 
            WHEN table_alias2.col_name->>string = string THEN 
                CAST((COALESCE((table_alias2.col_name->string->>string) AS column_alias3),num)/num) / table_alias1.col_name
            WHEN table_alias2.col_name->>string = string THEN 
                CAST((COALESCE((table_alias2.col_name->>string) AS column_alias3),num)) / table_alias1.col_name
            ELSE num
        END) AS column_alias4,
    percentile_cont(table_alias1.col_name, num) AS column_alias5
FROM table_name table_alias0
JOIN table_name table_alias1 ON table_alias0.col_name = table_alias1.col_name
LEFT JOIN table_name table_alias2 ON table_alias1.col_name = table_alias2.col_name
GROUP BY ROLLUP(table_alias0.col_name)
HAVING COUNT(*) > num
ORDER BY column_alias4 DESC;",1
70,"SELECT 
    CASE 
        WHEN table_alias1.col_name * (num - table_alias1.col_name) * table_alias1.col_name * (num + table_alias1.col_name/num) < num THEN string
        WHEN table_alias1.col_name * (num - table_alias1.col_name) * table_alias1.col_name * (num + table_alias1.col_name/num) < num THEN string
        ELSE string
    END AS column_alias0,
    COUNT(*) AS column_alias1,
    AVG(table_alias0.col_name/(table_alias0.col_name * num)) AS column_alias2,
    STDDEV(table_alias1.col_name) AS column_alias3
FROM table_name table_alias0
JOIN table_name table_alias1 ON table_alias0.col_name = table_alias1.col_name
GROUP BY column_alias0;",1
71,"SELECT 
    EXTRACT(YEAR FROM new_table(CURRENT_DATE, table_alias1.col_name)) AS column_alias0,
    AVG(table_alias2.col_name / table_alias0.col_name * num) AS column_alias1,
    COUNT(*) AS column_alias2
FROM table_name table_alias0
JOIN table_name table_alias1 ON table_alias0.col_name = table_alias1.col_name
JOIN table_name table_alias2 ON table_alias0.col_name = table_alias2.col_name
GROUP BY column_alias0
ORDER BY column_alias0;",1
72,"SELECT 
    col_name AS column_alias0,
    COUNT(*) AS column_alias1,
    SUM(CASE WHEN table_alias1.col_name = string THEN num ELSE num END) AS column_alias2,
    SUM(CASE WHEN table_alias1.col_name = CAST(string THEN num ELSE num END) AS column_alias3)/ 
    NULLIF(COUNT(*),num) AS column_alias4
FROM column_alias1e_alias0
LEFT JOIN table_name table_alias1 ON table_alias0.col_name = table_alias1.col_name
GROUP BY col_name
ORDER BY col_name;",1
73,"SELECT 
    col_name AS column_alias0,
    col_name AS column_alias1,
    col_name AS column_alias2,
    ROUND((col_name * col_name) / (col_name * num), num) AS column_alias3
FROM table_name
JOIN table_name ON table_name.col_name = table_name.col_name
WHERE (col_name * col_name) / (col_name * num) > num
ORDER BY column_alias3 DESC;",1
74,"SELECT 
    col_name AS column_alias0,                           
    col_name,                                              
    CAST((col_name->>string) AS column_alias1),  
    CAST((col_name->>string) AS column_alias1),  
    col_name * (num - CAST(((col_name->>string) AS column_alias1)/ num)) * CAST(((col_name->>string) AS column_alias1)) AS column_alias2  
FROM table_name;",1
75,"SELECT 
    col_name,
    ((col_name + col_name)/num) * (num - col_name/num) AS column_alias0,
    col_name * (((col_name + col_name)/num) * (num - col_name/num)) * num AS column_alias1
FROM new_table.new_column
WHERE col_name * (((col_name + col_name)/num) * (num - col_name/num)) * num > num;",1
76,"SELECT 
    col_name, 
    col_name,
    ROUND((json_extract(col_name, string)) AS column_alias0), num) AS column_alias1,
    ROUND((json_extract(col_name, string)) AS column_alias0), num) AS column_alias2,
    ROUND(
        CASE 
            WHEN col_name = string THEN num 
            WHEN col_name = string THEN num 
            WHEN col_name = string THEN num 
            ELSE num 
        END * (num - (json_extract(col_name, string)) AS column_alias0)/num), 
        num
    ) AS column_alias3,
    ROUND(
        CASE 
            WHEN (json_extract(col_name, string)) AS column_alias0)(CASE 
                    WHEN col_name = string THEN num 
                    WHEN col_name = string THEN num 
                    WHEN col_name = string THEN num 
                    ELSE num 
                END)
                * (num + num * ((json_extract(col_name, string)) AS column_alias0)/num))
                * (num - num * (num - (json_extract(col_name, string)) AS column_alias0)))
            ELSE NULL 
        END, 
        num
    ) AS column_alias4
FROM new_table.new_column;",1
77,"SELECT 
    col_name, 
    col_name,
    col_name,
    col_name,
    CASE 
        WHEN col_name = string THEN num * (num - col_name/col_name)
        WHEN col_name = string THEN num * (num - col_name/col_name)
        ELSE num 
    END AS column_alias0
FROM new_table.new_column;",1
78,"SELECT 
    col_name, 
    col_name, 
    col_name,
    CASE 
        WHEN col_name IN (string, string) THEN col_name * num
        WHEN col_name = string THEN col_name * num
        WHEN col_name = string THEN col_name * num
        WHEN col_name = string THEN col_name * num
        ELSE num 
    END AS column_alias0
FROM new_table.new_column;",1
79,"SELECT 
    cv.col_name, 
    (num - ((cv.col_name + cv.col_name)/num)) * (cv.col_name/num) * (ef.col_name/num) AS column_alias0
FROM new_table.new_column cv
LEFT JOIN new_table.new_column ef ON cv.col_name = ef.col_name;",1
80,"SELECT 
    json_object(
        string, table_alias0.col_name, 
        string, ROUND((table_alias0.col_name * 
            CASE 
                WHEN table_alias0.col_name = string THEN num 
                WHEN table_alias0.col_name = string THEN num 
                ELSE num 
            CAST(END) AS column_alias0), num), 
        string, 
            CASE 
                WHEN table_alias1.col_name = string AND table_alias1.col_name = string THEN num 
                WHEN table_alias1.col_name = string OR table_alias1.col_name = string THEN num 
                ELSE num 
            END
    ) AS column_alias1
FROM table_name table_alias0
LEFT JOIN table_name table_alias1 
    ON table_alias0.col_name = table_alias1.col_name
WHERE table_alias0.col_name * 
    CASE 
        WHEN table_alias0.col_name = string THEN num 
        WHEN table_alias0.col_name = string THEN num 
        ELSE num 
    END > num 
    AND CASE 
        WHEN table_alias1.col_name = string AND table_alias1.col_name = string THEN num 
        WHEN table_alias1.col_name = string OR table_alias1.col_name = string THEN num 
        ELSE num 
    END < num
ORDER BY table_alias0.col_name * 
    CASE 
        WHEN table_alias0.col_name = string THEN num 
        WHEN table_alias0.col_name = string THEN num 
        ELSE num 
    END DESC
LIMIT num",1
81,"SELECT 
    table_alias0.col_name AS column_alias0,
    table_alias0.col_name AS column_alias1,
    CAST(ROUND(AVG(table_alias0.col_name) AS column_alias2), num) AS column_alias3,
    CAST(ROUND(AVG(table_alias0.col_name) AS column_alias2), num) AS column_alias4,
    CAST(ROUND(AVG(table_alias0.col_name) AS column_alias2), num) AS column_alias5,
    CAST(ROUND(AVG(table_alias1.col_name) AS column_alias2), num) AS column_alias6,
    ROUND(
        AVG(
            table_alias1.col_name * LOG(num, COALESCE(table_alias2.col_name, num)) /
            (table_alias0.col_name * (table_alias0.col_name + table_alias0.col_name) / num)
        CAST() AS column_alias2),
        num
    ) AS column_alias7,
    CASE 
        WHEN AVG(
            table_alias1.col_name * LOG(num, COALESCE(table_alias2.col_name, num)) /
            (table_alias0.col_name * (table_alias0.col_name + table_alias0.col_name) / num)
        ) < num THEN string
        ELSE string
    END AS column_alias8,
    COUNT(*) AS column_alias9
FROM table_name table_alias0
JOIN table_name table_alias1 ON table_alias0.col_name = table_alias1.col_name
LEFT JOIN table_name table_alias2 ON table_alias1.col_name = table_alias2.col_name
WHERE table_alias0.col_name > num AND (table_alias0.col_name + table_alias0.col_name) > num
GROUP BY table_alias0.col_name, table_alias0.col_name
ORDER BY 
    CASE 
        WHEN AVG(
            table_alias1.col_name * LOG(num, COALESCE(table_alias2.col_name, num)) /
            (table_alias0.col_name * (table_alias0.col_name + table_alias0.col_name) / num)
        ) < num THEN num
        ELSE num
    END,
    column_alias7;",1
82,"SELECT 
    table_alias0.col_name AS column_alias0,
    table_alias1.col_name AS column_alias1,
    table_alias2.col_name AS column_alias2,  
    CAST((table_alias0.col_name->string->>string) AS column_alias3),  
    CAST((table_alias2.col_name->string->>num) AS column_alias3),  
    ROUND(
        CAST(((table_alias0.col_name->string->>string) AS column_alias3)*
         (num + table_alias1.col_name * (num - table_alias2.col_name) / num) *
         (num / CAST(((table_alias2.col_name->string->>num) AS column_alias3)))
        ), num
    ) AS column_alias4  
FROM table_name table_alias0
INNER JOIN table_name table_alias1 ON table_alias0.col_name = table_alias1.col_name
INNER JOIN table_name table_alias2 ON table_alias2.col_name = table_alias1.col_name;",1
83,"SELECT 
    table_alias0.col_name,
    (CASE table_alias0.col_name 
        WHEN string THEN num 
        WHEN string THEN num 
        ELSE num 
     END * num) +
    (table_alias0.col_name * num) +
    (CASE table_alias0.col_name
        WHEN string THEN num
        WHEN string THEN num
        WHEN string THEN num
        ELSE num
     END * num) +
    (table_alias0.col_name * num) +
    (table_alias0.col_name/num) AS column_alias0
FROM table_name table_alias0
WHERE table_alias0.col_name > num
ORDER BY column_alias0 DESC;",1
84,"SELECT 
    table_alias0.col_name,
    (table_alias0.col_name / num) * (table_alias0.col_name / (table_alias0.col_name + num)) AS column_alias0,
    CASE 
        WHEN (table_alias0.col_name / num) * (table_alias0.col_name / (table_alias0.col_name + num)) > num THEN string
        WHEN (table_alias0.col_name / num) * (table_alias0.col_name / (table_alias0.col_name + num)) < num THEN string
        ELSE string
    END AS column_alias1
FROM 
    table_name table_alias0
ORDER BY 
    column_alias0 DESC;",1
85,"SELECT 
    table_alias0.col_name,
    ABS(table_alias1.col_name - table_alias1.col_name) / NULLIF(table_alias1.col_name, num) * table_alias1.col_name AS column_alias0,
    table_alias1.col_name,
    ARRAY_AGG(table_alias1.col_name) FILTER (WHERE table_alias1.col_name IS NOT NULL) AS column_alias1
FROM table_name table_alias0
INNER JOIN table_name table_alias1 ON table_alias0.col_name = table_alias1.col_name
WHERE 
    ABS(table_alias1.col_name - table_alias1.col_name) / NULLIF(table_alias1.col_name, num) * table_alias1.col_name > num
    AND table_alias1.col_name > num
GROUP BY table_alias0.col_name, table_alias1.col_name, table_alias1.col_name, table_alias1.col_name, table_alias1.col_name
ORDER BY column_alias0 DESC
LIMIT num",1
86,"SELECT 
    table_alias0.col_name,
    AVG(table_alias0.col_name * table_alias0.col_name * (table_alias1.col_name - num)) AS column_alias0
FROM table_name table_alias0
JOIN table_name table_alias1 ON table_alias0.col_name = table_alias1.col_name
GROUP BY table_alias0.col_name;",1
87,"SELECT 
    table_alias0.col_name,
    COUNT(*) AS column_alias0,
    AVG(table_alias0.col_name * (num + (num - ABS(table_alias0.col_name)/(table_alias0.col_name*num)) * 
        table_alias0.col_name/(num + table_alias0.col_name/num)) *
        CASE 
            WHEN table_alias0.col_name = string THEN num
            WHEN table_alias0.col_name = string THEN num
            ELSE num
        END) AS column_alias1,
    AVG(table_alias0.col_name) AS column_alias2,
    json_group_object(
        table_alias0.col_name,
        json_object(
            string, table_alias0.col_name * (num + (num - ABS(table_alias0.col_name)/(table_alias0.col_name*num)) * 
                   table_alias0.col_name/(num + table_alias0.col_name/num)) *
                   CASE 
                       WHEN table_alias0.col_name = string THEN num
                       WHEN table_alias0.col_name = string THEN num
                       ELSE num
                   END,
            string, table_alias0.col_name
        )
    ) AS column_alias3
FROM table_name table_alias0
WHERE table_alias0.col_name IS NOT NULL
GROUP BY table_alias0.col_name
HAVING COUNT(*) > num;",1
88,"SELECT 
    table_alias0.col_name,
    table_alias0.col_name,
    (table_alias1.col_name + COALESCE(table_alias2.col_name, num)) AS column_alias0
FROM 
    table_name table_alias0
    JOIN table_name table_alias1 ON table_alias1.col_name = table_alias0.col_name
    LEFT JOIN table_name table_alias2 ON table_alias2.col_name = table_alias0.col_name
WHERE 
    (COALESCE(table_alias2.col_name, num) > num OR table_alias1.col_name > num)
    AND (table_alias2.col_name IS NULL OR table_alias2.col_name > CURRENT_DATE - INTERVAL string)
ORDER BY 
    column_alias0 DESC;",1
89,"SELECT 
    table_alias0.col_name,
    table_alias0.col_name,
    AVG((num - table_alias0.col_name/num) * (num - table_alias0.col_name)) AS column_alias0,
    SUM(CASE WHEN (num - table_alias0.col_name/num THEN num ELSE num END) * (num - table_alias0.col_name) > num) AS column_alias1
FROM table_name table_alias0
GROUP BY table_alias0.col_name, table_alias0.col_name
ORDER BY column_alias0 DESC;",1
90,"SELECT 
    table_alias0.col_name,
    table_alias0.col_name,
    CAST((table_alias3.col_name->string->>string) AS column_alias0),
    CAST((table_alias3.col_name->string->>string) AS column_alias1),
    CAST((table_alias3.col_name->string->>string) AS column_alias1),
    CASE
        WHEN CAST((table_alias3.col_name->string->>string) AS column_alias0)> num
         AND CAST((table_alias3.col_name->string->>string) AS column_alias1)> num
         AND CAST((table_alias3.col_name->string->>string) AS column_alias1)> num
        THEN string
        WHEN CAST((table_alias3.col_name->string->>string) AS column_alias0)> num
         AND CAST((table_alias3.col_name->string->>string) AS column_alias1)> num
        THEN string
        ELSE string
    END AS column_alias2
FROM 
    table_name table_alias0
    JOIN table_name table_alias1 ON table_alias1.col_name = table_alias0.col_name
    JOIN table_name table_alias2 ON table_alias2.col_name = table_alias1.col_name
    JOIN table_name table_alias3 ON table_alias3.col_name = table_alias2.col_name
WHERE 
    CAST((table_alias3.col_name->string->>string) AS column_alias0), follower_count DESC;",1
91,"SELECT 
    table_alias0.col_name,
    table_alias0.col_name,
    COUNT(DISTINCT table_alias1.col_name) AS column_alias0,
    ARRAY_AGG(DISTINCT table_alias2.col_name) AS column_alias1,
    CAST(ROUND(AVG(table_alias4.col_name) AS column_alias2), num) AS column_alias3
FROM 
    table_name table_alias0
    JOIN table_name table_alias1 ON table_alias1.col_name = table_alias0.col_name
    JOIN table_name table_alias2 ON table_alias2.col_name = table_alias1.col_name
    JOIN table_name table_alias3 ON table_alias3.col_name = table_alias0.col_name
    JOIN table_name table_alias4 ON table_alias4.col_name = table_alias3.col_name
WHERE 
    table_alias4.col_name > num 
GROUP BY 
    table_alias0.col_name, table_alias0.col_name
HAVING 
    COUNT(DISTINCT table_alias1.col_name) >= num 
ORDER BY 
    column_alias0 DESC, column_alias3 DESC;",1
92,"SELECT 
    table_alias0.col_name,
    table_alias0.col_name,
    ROUND((table_alias2.col_name * num + table_alias2.col_name/num * num + table_alias2.col_name/num * num + table_alias2.col_name/num * CAST(num) AS column_alias0), num) AS column_alias1,
    ROUND((table_alias1.col_name * (num + table_alias1.col_name/num * CAST(num)) AS column_alias0), num) AS column_alias2,
    CASE
        WHEN table_alias0.col_name >= num 
         AND (table_alias2.col_name * num + table_alias2.col_name/num * num + table_alias2.col_name/num * num + table_alias2.col_name/num * num) > num
         AND table_alias1.col_name * (num + table_alias1.col_name/num * num) > num
        THEN string
        ELSE string
    END AS column_alias3
FROM 
    table_name table_alias0
    JOIN table_name table_alias1 ON table_alias1.col_name = table_alias0.col_name
    JOIN table_name table_alias2 ON table_alias2.col_name = table_alias1.col_name
WHERE 
    table_alias0.col_name = string OR table_alias0.col_name = string
ORDER BY 
    column_alias1 DESC, column_alias2 DESC;",1
93,"SELECT 
    table_alias0.col_name,
    table_alias0.col_name,
    table_alias0.col_name,
    column_alias2.new_columnumn_alias1,
    CASE 
        WHEN column_alias2.new_columnumn_alias1 < num AND table_alias0.col_name < num 
        THEN string
        WHEN column_alias2.new_columnumn_alias1 < num AND table_alias0.col_name < num 
        THEN string
        ELSE string
    END AS column_alias0
FROM table_name table_alias0
CROSS JOIN new_table (
    SELECT (table_alias0.col_name/(table_alias0.col_name * num)) AS column_alias1
) AS column_alias2
WHERE 
    column_alias2.new_columnumn_alias1 < num AND
    table_alias0.col_name < num;",1
94,"SELECT 
    table_alias0.col_name,
    table_alias0.col_name,
    table_alias1.col_name AS column_alias0,
    CAST((table_alias0.col_name AS column_alias1)/table_alias0.col_name * num) - 
    CAST((table_alias0.col_name AS column_alias1)/table_alias0.col_name * num) + 
    (table_alias0.col_name * num) AS column_alias2
FROM table_name table_alias0
JOIN table_name table_alias1 ON table_alias0.col_name = table_alias1.col_name
WHERE col_name IN (string, string)
  AND CAST((table_alias0.col_name AS column_alias1)/table_alias0.col_name) < num
  AND table_alias0.col_name > num
  AND CAST(((table_alias0.col_name AS column_alias1)/table_alias0.col_name * num) - 
       CAST((table_alias0.col_name AS column_alias1)/table_alias0.col_name * num) + 
       (table_alias0.col_name * num)) > num
ORDER BY column_alias2 DESC;",1
95,"SELECT 
    table_alias0.col_name,
    table_alias1.col_name,
    table_alias1.col_name,
    table_alias1.col_name,
    ROUND(
        table_alias0.col_name * (num - table_alias0.col_name / num) + (num - table_alias0.col_name) * num,
        num
    ) AS column_alias0,
    CASE 
        WHEN table_alias0.col_name * (num - table_alias0.col_name / num) + (num - table_alias0.col_name) * num < num THEN string
        WHEN table_alias0.col_name * (num - table_alias0.col_name / num) + (num - table_alias0.col_name) * num < num THEN string
        ELSE string
    END AS column_alias1
FROM 
    table_name table_alias0
JOIN 
    table_name table_alias1 ON table_alias0.col_name = table_alias1.col_name
ORDER BY 
    column_alias0;",1
96,"SELECT 
    table_alias1.col_name AS column_alias0,                                                        
    table_alias0.col_name AS column_alias1,                                        
    table_alias0.col_name AS column_alias2,                                        
    EXTRACT(YEAR FROM new_table(table_name.col_name)) AS column_alias3,               
    ROUND(((table_alias0.col_name - table_alias0.col_name) / NULLIF(EXTRACT(YEAR FROM new_table(table_name.col_name)), num) * num), num) AS column_alias4  
FROM table_name table_alias0
INNER JOIN table_name table_alias1 ON table_alias0.col_name = table_alias1.col_name                      
INNER JOIN table_name ON table_alias1.col_name = table_name.col_name;",1
97,"SELECT 
    table_alias1.col_name,
    table_alias1.col_name,
    (
        SELECT AVG(
            CASE 
                WHEN table_alias0.col_name = string THEN num
                WHEN table_alias0.col_name = string THEN num
                WHEN table_alias0.col_name = string THEN num
            END)
        FROM table_name table_alias0 
        WHERE table_alias0.col_name = table_alias1.col_name
    ) AS column_alias0,
    (
        SELECT jsonb_agg(jsonb_build_object(string, column_alias1, string, v))
        FROM (
            SELECT 
                string AS column_alias1, table_alias0.col_name AS v FROM table_name table_alias0 WHERE table_alias0.col_name = table_alias1.col_name AND table_alias0.col_name = string
            UNION ALL
            SELECT string, table_alias0.col_name FROM table_name table_alias0 WHERE table_alias0.col_name = table_alias1.col_name AND table_alias0.col_name = string
        ) t
    ) AS column_alias2
FROM table_name table_alias1
WHERE (
    SELECT AVG(
        CASE 
            WHEN table_alias0.col_name = string THEN num
            WHEN table_alias0.col_name = string THEN num
            WHEN table_alias0.col_name = string THEN num
        END)
    FROM table_name table_alias0 
    WHERE table_alias0.col_name = table_alias1.col_name
) > num
ORDER BY column_alias0 DESC;",1
98,"SELECT 
    table_alias3.col_name,
    COUNT(*) AS column_alias0,
    ROUND(AVG(CURRENT_DATE - CAST(table_alias4.col_name) AS column_alias1), num) AS column_alias2,
    CAST(ROUND(AVG(table_alias2.col_name) AS column_alias1), num) AS column_alias3,
    CAST(ROUND(AVG(table_alias4.col_name) AS column_alias1), num) AS column_alias4,
    ROUND(AVG(
        (num - table_alias4.col_name) * num + 
        (CURRENT_DATE - table_alias4.col_name)/num * num + 
        CASE
            WHEN table_alias3.col_name = string THEN num
            WHEN table_alias3.col_name = string THEN num
            WHEN table_alias3.col_name = string THEN num
            WHEN table_alias3.col_name = string THEN num
        END
    CAST() AS column_alias1), num) AS column_alias5
FROM 
    table_name table_alias0
    JOIN table_name table_alias1 ON table_alias1.col_name = table_alias0.col_name
    JOIN table_name table_alias2 ON table_alias2.col_name = table_alias1.col_name
    JOIN table_name table_alias3 ON table_alias3.col_name = table_alias2.col_name
    JOIN table_name table_alias4 ON table_alias4.col_name = table_alias1.col_name
GROUP BY 
    table_alias3.col_name;",1
99,"SELECT 
    table_alias3.col_name,
    table_alias3.col_name,
    table_alias3.col_name,
    table_alias4.col_name,
    CASE 
        WHEN (SELECT MAX(table_alias0.col_name) 
             FROM table_name table_alias0
             JOIN table_name table_alias1 ON table_alias0.col_name = table_alias1.col_name
             JOIN table_name table_alias2 ON table_alias1.col_name = table_alias2.col_name
             WHERE table_alias2.col_name = table_alias3.col_name) > 
             CASE table_alias4.col_name 
                 WHEN string THEN num 
                 WHEN string THEN num 
                 ELSE num 
             END THEN string
        ELSE string
    END AS column_alias0
FROM table_name table_alias3
JOIN table_name table_alias4 ON table_alias3.col_name = table_alias4.col_name
WHERE table_alias4.col_name IN (string, string);",1
100,"SELECT 
  CASE 
    WHEN col_name BETWEEN num AND num THEN string
    WHEN col_name BETWEEN num AND num THEN string
    WHEN col_name BETWEEN num AND num THEN string
    WHEN col_name BETWEEN num AND num THEN string
    WHEN col_name BETWEEN num AND num THEN string
    ELSE string
  END AS column_alias0,
  COUNT(*) AS column_alias1,
  ROUND(AVG(col_name), num) AS column_alias2
FROM table_name
GROUP BY column_alias0;",1
101,"SELECT 
  col_name
FROM table_name
WHERE (col_name->>string = string OR col_name->>string = string)
  AND col_name->>string = string;",1
102,"SELECT 
  col_name AS column_alias0,
  col_name,
  col_name,
  col_name - col_name AS column_alias1,
  RANK() OVER (ORDER BY (col_name - col_name) DESC) AS column_alias2
FROM table_name
ORDER BY column_alias1 DESC
LIMIT num;",1
103,"SELECT 
  date_trunc(string, col_name) AS column_alias0, 
  col_name,
  COUNT(*) AS column_alias1,
  COUNT(*) * num / SUM(COUNT(*)) OVER (PARTITION BY date_trunc(string, col_name)) AS column_alias2
FROM table_name
GROUP BY column_alias0, col_name
ORDER BY column_alias0, col_name;",1
104,"SELECT 
  table_alias0.col_name AS column_alias0,
  table_alias1.col_name,
  table_alias1.col_name,
  (table_alias1.col_name / NULLIF(table_alias1.col_name, num)) AS column_alias1,
  table_alias0.col_name,
  table_alias1.col_name,
  CASE 
    WHEN (table_alias1.col_name / NULLIF(table_alias1.col_name, num)) > num 
         AND table_alias0.col_name > num 
         THEN string
    ELSE string
  END AS column_alias2
FROM table_name table_alias0
INNER JOIN table_name table_alias1
  ON table_alias0.col_name = table_alias1.col_name;",1
105,"SELECT 
  table_alias0.col_name,
  table_alias0.col_name,
  table_alias0.col_name,
  table_alias1.col_name->string AS column_alias0
FROM table_name table_alias0
JOIN table_name table_alias1 ON table_alias1.col_name = (
  SELECT col_name FROM table_name 
  WHERE col_name = (
    SELECT MAX(col_name) FROM table_name
  )
)
WHERE (
  (table_alias0.col_name = string AND table_alias0.col_name > num * CAST((table_alias1.col_name->string->>string) AS column_alias1)) OR
  (table_alias0.col_name = string AND table_alias0.col_name > num * CAST((table_alias1.col_name->string->>string) AS column_alias1))
);",1
106,"SELECT 
  table_alias0.col_name,
  table_alias1.col_name,
  table_alias2.col_name,
  CAST((table_alias0.col_name->string->>string) AS column_alias0),
  CAST(table_alias2.col_name AS column_alias0),
  CAST(((table_alias0.col_name->string->>string) AS column_alias0)/ CAST(table_alias2.col_name AS column_alias0)* num) AS column_alias1
FROM table_name table_alias0
JOIN table_name table_alias1 ON table_alias0.col_name = table_alias1.col_name
JOIN table_name table_alias2 ON table_alias1.col_name = table_alias2.col_name;",1
107,"SELECT 
  table_alias0.col_name,
  table_alias2.col_name - table_alias2.col_name AS column_alias0,
  LEAST(
    num,
    num * (num - table_alias1.col_name) +
    num * (table_alias2.col_name / (table_alias1.col_name * num)) +
    num * (table_alias2.col_name / (table_alias1.col_name * num)) +
    num * (table_alias2.col_name / (table_alias1.col_name * num))
  ) AS column_alias1
FROM table_name table_alias0
INNER JOIN table_name table_alias1
  ON table_alias0.col_name = table_alias1.col_name
INNER JOIN table_name table_alias2
  ON table_alias1.col_name = table_alias2.col_name;",1
108,"SELECT DISTINCT col_name
FROM table_name
WHERE col_name > num OR col_name > num;",1
109,"SET session_replication_role = string;
DELETE FROM table_name
WHERE col_name IN (
    SELECT table_alias0.col_name 
    FROM table_name table_alias0
    JOIN table_name table_alias1 ON table_alias0.col_name = table_alias1.col_name
    JOIN table_name table_alias2 ON table_alias1.col_name = table_alias2.col_name
    JOIN table_name table_alias3 ON table_alias1.col_name = table_alias3.col_name
    JOIN table_name table_alias4 ON table_alias2.col_name = table_alias4.col_name
    WHERE (CURRENT_DATE - table_alias3.col_name) > num
    AND table_alias2.col_name < num
    AND (
        (num - table_alias3.col_name) * num + 
        ((CURRENT_DATE - table_alias3.col_name) / num) * num + 
        (CASE 
            WHEN table_alias4.col_name = string THEN num
            WHEN table_alias4.col_name = string THEN num
            WHEN table_alias4.col_name = string THEN num
            WHEN table_alias4.col_name = string THEN num
        END) * num
    ) > num
)
RETURNING col_name, col_name, col_name, col_name;",1
110,"SET session_replication_role = string;
WITH CTE AS (
    SELECT table_alias0.col_name, table_alias0.col_name, table_alias0.col_name, table_alias0.col_name,
           (num - table_alias0.col_name/num) * (table_alias0.col_name/num) * (num - table_alias0.col_name/num) * num AS column_alias0
    FROM table_name table_alias0
),
substandard_devices AS (
    SELECT table_alias1.col_name 
    FROM CTE table_alias1
    WHERE table_alias1.new_columnumn_alias0 <= num 
       OR table_alias1.col_name >= num
       OR table_alias1.col_name <= num
       OR SUBSTRING(table_alias1.col_name FROM new_table) IS NULL
       OR SUBSTRING(table_alias1.col_name FROM new_table(string) AS column_alias1)> num
       OR SUBSTRING(table_alias1.col_name FROM new_table) IS NULL
       OR SUBSTRING(table_alias1.col_name FROM new_table(string) AS column_alias1)< num
)
DELETE FROM table_name
WHERE col_name IN (SELECT col_name FROM new_table)
RETURNING col_name, col_name, col_name;",1
111,"UPDATE table_name
SET col_name = jsonb_set(
    col_name,
    jsonb,
    to_jsonb(
      CAST((((col_name->string->>string) AS column_alias0)-
         CAST((col_name->string->>string) AS column_alias0)) /
         CAST((col_name->string->>string) AS column_alias0)) * num
    )
)
WHERE col_name ? string;",1
112,"UPDATE table_name
SET col_name = string
FROM table_name table_alias0
JOIN table_name table_alias1 ON table_alias0.col_name = table_alias1.col_name
JOIN table_name table_alias2 ON table_alias2.col_name = table_alias0.col_name
WHERE 
    table_name.col_name = table_alias1.col_name
    AND table_name.col_name >= num  
    AND table_alias0.col_name > num     
    AND (table_alias1.col_name * (num + CAST((table_alias1.col_name AS column_alias0)/num) * num) * (num + (
        SELECT COALESCE(AVG(table_alias3.col_name), num) / num * num
        FROM table_name table_alias3
        WHERE table_alias3.col_name = table_name.col_name
    ))) > num;",1
113,"UPDATE table_name
SET col_name = string
WHERE (col_name - num * ABS(col_name)) < num;",1
114,"UPDATE table_name
SET col_name = string
WHERE EXISTS (
    SELECT num
    FROM table_name table_alias0
    WHERE table_alias0.col_name = table_name.col_name
      AND (num - table_alias0.col_name / num) * (num - table_alias0.col_name) > num
);",1
115,"UPDATE table_name ac
SET col_name = string
WHERE CAST((ac.col_name AS column_alias0)/ (ac.col_name + num)) > num
  AND ac.col_name < CURRENT_DATE
  AND ac.col_name NOT IN (string, string);",1
116,"UPDATE table_name asa
SET col_name = string 
FROM table_name table_alias0
WHERE asa.col_name = table_alias0.col_name 
  AND asa.col_name > num;",1
117,"UPDATE table_name cc
SET col_name = LEAST(num, 
    num * (COALESCE(table_alias0.col_name ->> string, CAST(string) AS column_alias0)/ num) +
    num * (COALESCE(table_alias0.col_name ->> string, CAST(string) AS column_alias0)/ num) +
    num * (COALESCE(table_alias0.col_name ->> string, CAST(string) AS column_alias0)) +
    num * (CASE COALESCE(table_alias0.col_name ->> string, string)
              WHEN string THEN num
              WHEN string THEN num
              ELSE num
           END) +
    num * (CASE COALESCE(table_alias0.col_name ->> string, string)
              WHEN string THEN num
              WHEN string THEN num
              ELSE num
           END)
)
FROM table_name table_alias0
WHERE cc.col_name = table_alias0.col_name
  AND EXTRACT(YEAR FROM table_alias0w_table.col_name) >= num;",1
118,"UPDATE table_name cm
SET col_name = COALESCE(cm.col_name || Estring, string)
               || string 
               || to_char(now(),string)
FROM table_name table_alias0
WHERE cm.col_name = table_alias0.col_name
  AND table_alias0.col_name = string
  AND cm.col_name = string;",1
119,"UPDATE table_name e
SET col_name = col_name * num
WHERE col_name IN (
    SELECT table_alias0.col_name FROM table_name table_alias0
    JOIN table_name table_alias1 ON table_alias0.col_name = table_alias1.col_name
    JOIN table_name table_alias2 ON table_alias0.col_name = table_alias2.col_name
    WHERE CAST((table_alias0.col_name->>string) AS column_alias0)CAST((table_alias0.col_name->>string) AS column_alias0)> num
    AND CAST((table_alias0.col_name->>string) AS column_alias0)< num
    AND table_alias0.col_name != string
    AND table_alias0.col_name != string
);",1
120,"UPDATE table_name s
SET col_name = jsonb_set(
    jsonb_set(
        s.col_name,
        jsonb, 
        CAST((coalesce((s.col_name->string->>string) AS column_alias0), num) + CAST(num) AS column_alias1)::json
    ),
    jsonb, 
    CAST((coalesce((s.col_name->string->>string) AS column_alias1), num) + CAST(num) AS column_alias1)::json
)
FROM table_name table_alias0
JOIN table_name table_alias1 ON table_alias0.col_name = table_alias1.col_name
WHERE 
    s.col_name = table_alias0.col_name
    AND (table_alias0.col_name / table_alias1.col_name) * table_alias0.col_name * 
        (num - (table_alias0.col_name / num)) * num < num;",1
121,"UPDATE table_name sd
SET col_name = string,
    col_name = NOW()
WHERE (
    CASE
        WHEN sd.col_name IS NOT NULL AND sd.col_name > num AND sd.col_name IS NOT NULL AND sd.col_name IS NOT NULL AND sd.col_name IS NOT NULL
        THEN (ABS(sd.col_name - sd.col_name) / sd.col_name) * sd.col_name
        ELSE num 
    END
) > num AND sd.col_name > num
AND sd.col_name NOT IN (string, string);",1
122,"WITH CTE AS (
    SELECT
        col_name AS column_alias0,
        COUNT(*) AS column_alias1,
        SUM(CASE WHEN table_alias1.col_name IS NOT NULL THEN num ELSE num END) AS column_alias2
    FROM table_name table_alias0
    LEFT JOIN table_name table_alias1 ON table_alias0.col_name = table_alias1.col_name
    GROUP BY col_name
    HAVING SUM(CASE WHEN table_alias1.col_name IS NOT NULL THEN num ELSE num CAST(END) AS column_alias3)/ COUNT(*) > num 
), AggressiveSpeculators AS (
    SELECT
        table_alias2.col_namelias0
    FROM CTE table_alias2
    JOIN table_name table_alias3 ON table_alias2.col_namelias0 = table_alias3.col_namelias0
    WHERE (table_alias3.col_name -> string ->> string) = string 
), VolatileSpeculators AS (
     SELECT DISTINCT
        table_alias0.col_name AS column_alias0
     FROM table_name table_alias0
     JOIN table_name table_alias1 ON table_alias0.col_name = table_alias1.col_name
     JOIN new_table table_alias4 ON table_alias0.col_name = table_alias4.col_namelias0
     WHERE ABS(table_alias1.col_name - table_alias1.col_name) > num 
), SpeculatorOMI AS (
    SELECT
        table_alias5.col_namelias0,
        table_alias0.col_name / NULLIF(num - table_alias0.col_name, num) AS column_alias4 
    FROM table_name table_alias0
    JOIN new_table table_alias5 ON table_alias0.col_name = table_alias5.col_namelias0
    WHERE table_alias0.col_name < num 
)
SELECT
    ROUND(AVG(column_alias4), num) AS column_alias5
FROM
    new_table LIMIT num",1
123,"WITH CTE AS (
    SELECT
        col_name,
        CASE (col_name->>string)
            WHEN string THEN num
            WHEN string THEN num
            WHEN string THEN num
            ELSE num
        END AS column_alias0
    FROM table_name
    WHERE col_name->>string IS NOT NULL
), FacilityAdherence AS (
    SELECT
        table_alias2.col_name,
        COUNT(*) AS column_alias1,
        SUM(CASE WHEN table_alias0.col_name IN (string, string THEN num ELSE num END)) AS column_alias2
    FROM table_name table_alias0
    JOIN table_name table_alias1 ON table_alias0.col_name = table_alias1.col_name
    JOIN table_name table_alias2 ON table_alias1.col_name = table_alias2.col_name
    WHERE table_alias2.col_name IS NOT NULL
    GROUP BY table_alias2.col_name
), FacilityMetrics AS (
    SELECT
        table_alias3.col_name,
        table_alias3.new_column
        CASE
            WHEN table_alias4.new_column> num THEN CAST((table_alias4.new_columncolumn_alias3)/ table_alias4.new_column
            ELSE num
        END AS column_alias4 
    FROM CTE table_alias3
    LEFT JOIN new_table table_alias4 ON table_alias3.col_name = table_alias4.col_name
), OverallFRAI AS (
    SELECT
        AVG(column_alias0) AS column_alias5 
    FROM CTE
)
SELECT
    (SELECT column_alias5 FROM new_table) AS column_alias6, 
    CORR(column_alias0, column_alias4) AS column_alias7
FROM new_table
WHERE column_alias4 > num",1
124,"WITH CTE AS (
    SELECT
        col_name,
        CASE (col_name->>string)
            WHEN string THEN num
            WHEN string THEN num
            WHEN string THEN num
            ELSE num
        END AS column_alias0
    FROM table_name
    WHERE col_name->>string IS NOT NULL
), ResourceSupportedFacilities AS (
    SELECT col_name
    FROM CTE
    WHERE column_alias0 >= num
), PatientMetrics AS (
    SELECT
        table_alias0.col_name AS column_alias1,
        table_alias0.col_name,
        table_alias0.col_name,
        COALESCE(table_alias1.col_nameias2, num) AS column_alias2,
        COALESCE(table_alias0.col_namelias3, num) AS column_alias3,
        table_alias0.col_name
    FROM table_name table_alias0
    LEFT JOIN table_name table_alias1 ON table_alias0.col_name = table_alias1.col_name
    WHERE table_alias0.col_name IS NOT NULL 
      AND table_alias0.col_name IN (SELECT col_name FROM new_table)
), ClinicianAvgMetrics AS (
    SELECT
        col_name,
        col_name,
        SUM(column_alias2) / NULLIF(COUNT(DISTINCT column_alias1), CAST(num) AS column_alias4),
        SUM(column_alias3) / NULLIF(COUNT(DISTINCT column_alias1), CAST(num) AS column_alias4), col_name
), ClinicianPSM AS (
    SELECT
        col_name,
        col_name,
        avg_cif,
        avg_mar,
        ROUND(num / (num + avg_cif + avg_mar), num) AS column_alias5
    FROM new_table
)
SELECT
    col_name,
    col_name,
    column_alias5,
    RANK() OVER (PARTITION BY col_name ORDER BY column_alias5 DESC, col_name) AS column_alias6
FROM new_table
ORDER BY col_name, column_alias6
LIMIT num",1
125,"WITH CTE AS (
    SELECT
        col_name,
        col_name,
        (col_name + col_name + col_name - col_name) / num AS column_alias0,
        CASE col_name
             WHEN string        THEN num
             WHEN string THEN num
             WHEN string     THEN num
             ELSE num
        END                                 AS column_alias1,
        col_name,
        col_name
    FROM table_name
),
article_ars AS (
    SELECT
        col_name,
        col_name,
        column_alias0,
        (col_name * LOG(col_name)) / column_alias1   AS column_alias2            
    FROM CTE
)
SELECT 
    col_name,
    json_group_array(row_to_json(article_ars)) AS column_alias3
FROM new_table
GROUP BY col_name;",1
126,"WITH CTE AS (
    SELECT
        col_name,
        col_name,
        col_name,
        CASE
            WHEN col_name > num THEN
                (CAST(col_name AS column_alias0) / col_name * num) - (CAST(col_name AS column_alias0) / col_name * num) + (col_name * num)
            ELSE num
        END AS column_alias1
    FROM table_name
),
VendorMarketInfo AS (
    SELECT
        table_alias0.col_name,
        table_alias0.new_columnumn_alias1,
        table_alias0.col_name,
        table_alias1.col_name,
        num AS column_alias2 
    FROM CTE table_alias0
    LEFT JOIN table_name table_alias1 ON table_alias0.col_name = table_alias1.col_name
)
SELECT
    table_alias2.col_name,
    table_alias2.col_name,
    table_alias2.new_columnumn_alias1,
    (table_alias2.new_column+
    (CAST(table_alias2.col_name AS column_alias0) / num) +
    (table_alias2.new_columnumn_alias1 * num) -
    (num - CASE table_alias2.col_name 
            WHEN string THEN num
            WHEN string THEN num
            WHEN string THEN num
            WHEN string THEN num
            ELSE num 
         END) * num AS column_alias3
FROM
    new_table table_alias2
WHERE
    (table_alias2.new_column+ (CAST(table_alias2.col_name AS column_alias0) / num) + (table_alias2.new_columnumn_alias1 * num) - (num - CASE table_alias2.col_name WHEN string THEN num WHEN string THEN num WHEN string THEN num WHEN string THEN num ELSE num END) * num > num
ORDER BY
    column_alias3 DESC;",1
127,"WITH CTE AS (
    SELECT
        column_alias3,
        (col_name ->> CAST(string) AS column_alias0),
        GREATEST(num, (col_name -> string ->> CAST(string) AS column_alias0)) AS column_alias1 
    FROM table_name
), RAWR_Calculation AS (
    SELECT
        column_alias3,
        winpct / column_alias1 AS column_alias2 
    FROM CTE
), PeerMimicryFlags AS (
    SELECT DISTINCT
      table_alias1.col_name as column_alias3,
      CASE WHEN ABS(table_alias0.col_name - table_alias0.col_name) < num AND table_alias0.col_name > num THEN num ELSE num END as column_alias4 
    FROM table_name table_alias0
    JOIN table_name table_alias1 ON table_alias0.col_name = table_alias1.col_name
)
SELECT
    COALESCE(table_alias3.new_column) AS column_alias5,
    ROUND(AVG(table_alias2.new_columnmn_alias2), num) AS column_alias6
FROM
    new_table table_alias2
LEFT JOIN 
    new_table table_alias3 ON table_alias2.col_namelias3 = table_alias3.col_namelias3
GROUP BY
    COALESCE(table_alias3.new_column) LIMIT num",1
128,"WITH CTE AS (
    SELECT
        t.col_name,
        t.col_name,
        t.col_name,
        t.col_name / NULLIF(t.col_name, num) AS column_alias0, 
        (t.col_name -> string ->> CAST(string) AS column_alias1)), TransactionAvgMetrics AS (
    SELECT
        col_name,
        AVG(col_name / NULLIF(num - col_name, num)) AS column_alias2 
    FROM
        table_name
    WHERE
        col_name < num 
    GROUP BY
        col_name
), ComplianceMetrics AS (
    SELECT
        table_alias1.col_name,
        AVG(table_alias0.col_name / GREATEST(num, table_alias2.col_name / num)) AS column_alias3, 
        AVG(CASE table_alias0.col_name 
            WHEN string THEN num
            WHEN string THEN num
            WHEN string THEN num
            WHEN string THEN num
            ELSE num 
        END) AS column_alias4
    FROM
        table_name table_alias0
    JOIN
        table_name table_alias1 ON table_alias0.col_name = table_alias1.col_name
    JOIN
        CTE table_alias2 ON table_alias1.col_name = table_alias2.col_name 
    GROUP BY
        table_alias1.col_name
), CombinedScores AS (
    SELECT
        table_alias2.col_name,
        table_alias2.col_name,
        (table_alias2.new_columnumn_alias0 * table_alias2.new_column * COALESCE(table_alias3.new_columnalias2, num)) AS column_alias5, 
        num / (num + COALESCE(table_alias4.new_columnalias3, num) * COALESCE(table_alias4.new_column)) AS column_alias6 
    FROM
        CTE table_alias2
    LEFT JOIN
        new_table table_alias3 ON table_alias2.col_name = table_alias3.col_name
    LEFT JOIN
        new_table table_alias4 ON table_alias2.col_name = table_alias4.col_name
)
SELECT
    col_name,
    ROUND(AVG(column_alias5), num) AS column_alias7,
    ROUND(AVG(column_alias6), num) AS column_alias8
FROM
    new_table
GROUP BY
    col_name
ORDER BY
    column_alias7 DESC LIMIT num",1
129,"WITH CTE AS (
    SELECT
        table_alias0.col_name
    FROM table_name table_alias0
    JOIN table_name table_alias1 ON table_alias0.col_name = table_alias1.col_name 
    WHERE table_alias0.col_name IS NOT NULL AND AGE(CURRENT_DATE, table_alias0.col_name) >= INTERVAL string 
),
RecordsToDelete AS (
    SELECT table_alias2.col_name
    FROM table_name table_alias2
    JOIN CTE table_alias3 ON table_alias2.col_name = table_alias3.col_name
    WHERE table_alias2.col_name < num 
)
DELETE FROM table_name table_alias2
USING new_table rtd
WHERE table_alias2.col_name = rtd.col_name
RETURNING table_alias2.col_name;",1
130,"WITH CTE AS (
    SELECT
        table_alias0.col_name AS column_alias0,
        table_alias1.col_name,
        table_alias1.col_name,
        CAST((table_alias1.col_name->string->>string) AS column_alias1),
        CAST((table_alias1.col_name->string->>string) AS column_alias1),
        num AS column_alias2
    FROM table_name table_alias0
    JOIN table_name table_alias1 ON table_alias0.col_name = table_alias1.col_name
    WHERE table_alias1.col_name IN (string, string)
       OR CAST((table_alias1.col_name->string->>string) AS column_alias1)> num
       OR CAST((table_alias1.col_name->string->>string) AS column_alias1)> num
), FacilityStress AS (
    SELECT
        col_name,
        col_name,
        col_name
    FROM table_name
    WHERE col_name = string OR col_name = string
), PatientEngagement AS (
    SELECT
        table_alias2.col_name,
        table_alias3.col_name AS column_alias0,
        CASE (table_alias2.col_name->>string)
            WHEN string THEN num
            WHEN string THEN num
            WHEN string THEN num
            WHEN string THEN num
            ELSE num
        END AS column_alias3
    FROM table_name table_alias2
    JOIN table_name table_alias3 ON table_alias2.col_name = table_alias3.col_name
    WHERE table_alias2.col_name IS NOT NULL
), AvgPatientEngagement AS (
    SELECT
        column_alias0,
        ROUND(AVG(column_alias3)) AS column_alias4 
    FROM new_table
    GROUP BY column_alias0
), RecentAssessment AS (
    SELECT
        table_alias4.col_name_alias0,
        table_alias4.col_name,
        table_alias4.new_column2,
        table_alias3.col_name,
        table_alias3.col_name,
        ROW_NUMBER() OVER(PARTITION BY table_alias4.col_name_alias0 ORDER BY table_alias3.col_name DESC) as column_alias5
    FROM CTE table_alias4
    JOIN table_name table_alias3 ON table_alias4.col_name = table_alias3.col_name 
)
SELECT
    table_alias5.col_name_alias0,
    table_alias5.col_name,
    table_alias5.col_name AS column_alias6,
    table_alias6.new_columnumn_alias7, 
    table_alias7.col_name,
    table_alias7.col_name
FROM new_table table_alias5
JOIN new_table table_alias6 ON table_alias5.col_name_alias0 = table_alias6.col_name_alias0
LEFT JOIN new_table table_alias7 ON table_alias5.col_name = table_alias7.col_name 
WHERE table_alias5.new_columnlumn_alias5 = num 
  AND table_alias6.new_column  AND table_alias7.col_name IS NOT NULL 
ORDER BY table_alias5.col_name DESC
LIMIT num",1
131,"WITH CTE AS (
    SELECT
        table_alias0.col_name,
        CASE
            WHEN table_alias0.col_name = string OR table_alias0.col_name = string OR table_alias0.col_name = string
            THEN string
            ELSE string
        END AS column_alias0,
        COALESCE(table_alias1.col_name, num) AS column_alias1
    FROM table_name table_alias0
    FULL JOIN table_name table_alias1 ON table_alias0.col_name = table_alias1.col_name  
)
SELECT
    col_name,
    column_alias0,
    column_alias1,
    ARRAY_AGG(table_alias1.col_name) AS column_alias2
FROM CTE table_alias2
LEFT JOIN table_name table_alias1 ON table_alias2.col_name = table_alias1.col_name
WHERE column_alias0 = string
GROUP BY col_name, column_alias0, column_alias1
ORDER BY column_alias1 DESC
LIMIT num",1
132,"WITH CTE AS (
    SELECT
        table_alias0.col_name,
        COALESCE(table_alias0.col_name, num) *
        CASE table_alias0.col_name
            WHEN string THEN num
            WHEN string THEN num
            WHEN string THEN num
            ELSE num
        END AS column_alias0
    FROM table_name table_alias0
)
UPDATE table_name sp
SET col_name = string
FROM CTE table_alias1
WHERE
    sp.col_name = table_alias1.col_name
    AND table_alias1.new_columnumn_alias0 > num
    AND (
        CASE
            WHEN CAST(sp.col_name AS column_alias1)= string AND sp.col_name = string THEN num
            WHEN CAST(sp.col_name AS column_alias1)= string OR sp.col_name = string THEN num
            ELSE num
        END
    ) < num
    AND sp.col_name <> string
RETURNING *;",1
133,"WITH CTE AS (
    SELECT
        table_alias0.col_name,
        table_alias0.col_name
    FROM
        table_name table_alias0
    JOIN
        table_name table_alias1 ON table_alias0.col_name = table_alias1.col_name 
    WHERE
        table_alias1.col_name > num 
        AND table_alias1.col_name IS NOT NULL
        AND table_alias1.col_name IN (string, string)
        AND ((num * table_alias0.col_name) + (num * table_alias0.col_name)) > num 
), EnforcementOutcomes AS (
    SELECT
        table_alias2.col_name,
        table_alias3.col_name 
    FROM
        CTE table_alias2
    JOIN
        table_name table_alias3 ON table_alias2.col_name = table_alias3.col_name
)
SELECT
    col_name,
    COUNT(*) AS column_alias0
FROM
    new_table
GROUP BY
    col_name
ORDER BY
    column_alias0 DESC LIMIT num",1
134,"WITH CTE AS (
    SELECT
        table_alias0.col_name,
        table_alias0.col_name,
        SUM(table_alias1.col_name + table_alias1.col_name + table_alias1.col_name) AS column_alias0,
        AVG(table_alias1.col_name) as column_alias1
    FROM table_name table_alias0
    JOIN table_name table_alias1 ON table_alias1.col_name = table_alias0.col_name
    GROUP BY table_alias0.col_name, table_alias0.col_name
),
maint_efficiency AS (
    SELECT
        col_name,
        col_name,
        column_alias0 / col_name AS column_alias2, 
        column_alias1 / col_name AS column_alias3 
    FROM CTE
)
SELECT
    col_name,
    column_alias2,
    column_alias3,
    column_alias3 / column_alias2 AS column_alias4 
FROM new_table;",1
135,"WITH CTE AS (
    SELECT
        table_alias0.col_name,
        table_alias0.col_name,
        table_alias0.col_name AS column_alias0,
        table_name.col_name AS column_alias1,
        table_name.col_name AS column_alias2,
        EXTRACT(YEAR FROM new_table(CURRENT_DATE, table_name.col_name)) AS column_alias3
    FROM table_name table_alias0
    JOIN table_name ON table_alias0.col_name = table_name.col_name
    WHERE table_name.col_name IS NOT NULL
),
efficiency_data AS (
    SELECT
        table_alias1.col_name,
        table_alias1.new_column     table_alias1.new_column      table_alias1.new_columnas2,
        table_alias1.new_column       table_alias2.col_name,
        CAST((table_alias2.col_name->string->>string) AS column_alias4),
        CAST((table_alias2.col_name->string->>string) AS column_alias4),
        EXTRACT(YEAR FROM new_table(table_alias2.col_name, table_alias1.new_columnS column_alias5,
        ROW_NUMBER() OVER (PARTITION BY table_alias2.col_name ORDER BY table_alias2.col_name DESC) AS column_alias6
    FROM CTE table_alias1
    JOIN table_name table_alias2 ON table_alias1.col_name = table_alias2.col_name
    WHERE table_alias2.col_name IS NOT NULL
),
degradation_analysis AS (
    SELECT
        table_alias3.col_name,
        table_alias3.new_column     table_alias3.new_column      table_alias3.new_columnas2,
        table_alias3.new_column       table_alias3.new_column,
        table_alias3.new_column,
        CASE
            WHEN table_alias3.new_columnHEN
                (table_alias3.new_columnble_alias3.new_column) / table_alias3.new_column     ELSE NULL
        END AS column_alias7
    FROM new_table table_alias3
    WHERE table_alias3.new_columnlumn_alias6 = num  
),
normalized_degradation AS (
    SELECT
        table_alias4.col_name,
        table_alias4.new_column     table_alias4.new_column      table_alias4.new_columnas2,
        table_alias4.new_column       table_alias4.new_column,
        table_alias4.new_column,
        table_alias4.new_columnmn_alias7,
        CASE
            WHEN table_alias4.new_column > num THEN table_alias4.new_columnmn_alias7 / table_alias4.new_column
            ELSE NULL
        END AS column_alias8
    FROM new_table table_alias4
)
SELECT
    table_alias5.new_columnas2,
    table_alias5.col_name AS column_alias9,
    TO_CHAR(table_alias5.new_columnring) AS column_alias1,
    table_alias5.new_column   ROUND(table_alias5.new_column) AS column_alias10,
    ROUND(table_alias5.new_column, num) AS column_alias11,
    ROUND(table_alias5.new_column, num) AS column_alias12,
    ROUND(table_alias5.new_columnmn_alias7 * num, num) AS column_alias13,
    ROUND(table_alias5.new_columnumn_alias8, num) AS column_alias14,
    CASE
        WHEN table_alias5.new_columnumn_alias8 > num THEN string
        WHEN table_alias5.new_columnumn_alias8 > num THEN string
        ELSE string
    END AS column_alias15
FROM new_table table_alias5;",1
136,"WITH CTE AS (
    SELECT
        table_alias0.col_name,
        table_alias0.col_name,
        table_alias0.col_name,
        CASE
            WHEN table_alias0.col_name = string THEN num
            ELSE num
        END + CASE
            WHEN table_alias0.col_name = string THEN num
            ELSE num
        END AS column_alias0
    FROM table_name table_alias0
    WHERE table_alias0.col_name = string
        OR table_alias0.col_name = string
)
SELECT
    col_name,
    column_alias0 AS column_alias1,
    TRIM(BOTH string FROM new_table(string,
      CASE WHEN col_name   = string THEN string        END,
      CASE WHEN col_name = string THEN string END
    )) as column_alias2
FROM CTE
ORDER BY column_alias0 DESC",1
137,"WITH CTE AS (
    SELECT
        table_alias0.col_name,
        table_alias0.col_name,
        table_alias0.col_name,
        table_alias0.col_name,
        AVG(table_alias0.col_name / table_alias0.col_name) OVER (
            PARTITION BY table_alias0.col_name
        ) as column_alias0 
    FROM table_name table_alias0
),
cleaning_schedule AS (
    SELECT
        table_alias1.col_name,
        table_alias1.col_name,
        table_alias1.col_name,
        table_alias1.col_name,
        table_alias1.new_columnalias0,
        LAG(
            table_alias1.col_name,
            num,
            table_alias1.col_name - INTERVAL string
        ) OVER (
            PARTITION BY table_alias1.col_name
            ORDER BY table_alias1.col_name
        ) as column_alias1
    FROM CTE table_alias1
)
SELECT
    table_alias2.col_name,
    table_alias2.col_name,
    table_alias2.col_name,
    table_alias2.col_name,
    table_alias2.new_columnalias0
FROM new_table table_alias2
WHERE table_alias2.col_name > num
OR table_alias2.col_name > num
OR (
    table_alias2.new_columnalias0 * table_alias2.col_name
) > num
OR table_alias2.col_name - table_alias2.new_columns1 > INTERVAL string;",1
138,"WITH CTE AS (
    SELECT
        table_alias0.col_name,
        table_alias0.col_name,
        table_alias0.col_name,
        table_alias0.col_name,
        ROW_NUMBER() OVER(PARTITION BY table_alias0.col_name ORDER BY table_alias0.col_name DESC NULLS LAST, table_alias0.col_name DESC) as column_alias0
    FROM
        table_name table_alias0
), ContainerMetrics AS (
    SELECT
        table_alias1.col_name,
        table_alias1.col_name AS column_alias1, 
        CASE
            WHEN table_alias1.col_name IS NOT NULL AND table_alias1.col_name > num AND table_alias2.col_name IS NOT NULL
            THEN (table_alias2.col_name * num) / table_alias1.col_name
            ELSE num 
        END AS column_alias2,
        CASE
            WHEN table_alias3.col_name IS NOT NULL THEN 
                (num - COALESCE(table_alias3.col_name, num) / num)
                * (num - COALESCE(table_alias3.col_name, num) / num)
                * COALESCE(table_alias3.col_name, num)
            ELSE NULL 
        END AS column_alias3
    FROM
        table_name table_alias1
    JOIN
        table_name table_alias2 ON table_alias1.col_name = table_alias2.col_name
    LEFT JOIN
        CTE table_alias3 ON table_alias1.col_name = table_alias3.col_name AND table_alias3.new_columnlumn_alias0 = num
)
UPDATE table_name table_alias1
SET col_name = string
FROM new_table table_alias4
WHERE table_alias1.col_name = table_alias4.col_name
  AND table_alias4.new_column> num
  AND table_alias4.new_columnIS NOT NULL 
  AND table_alias4.new_column> num
  AND table_alias4.new_column1 = string;",1
139,"WITH CTE AS (
    SELECT
        table_alias0.col_name,
        table_alias0.col_name,
        table_alias0.col_name,
        table_alias0.col_name,
        table_alias0.col_name,
        COALESCE(table_alias0.col_name * (num - COALESCE(table_alias0.col_name, num) / num), num) AS column_alias0
    FROM table_name table_alias0
)
SELECT
    col_name,
    CAST(ROUND(column_alias0 AS column_alias1), num) AS column_alias0,
    GREATEST(
        (CURRENT_DATE - CAST(col_name) AS column_alias2),
        (CURRENT_DATE - CAST(col_name) AS column_alias2),
        num
    ) AS column_alias3,
    string AS column_alias4
FROM CTE
WHERE column_alias0 < num 
  AND (CURRENT_DATE > col_name OR CURRENT_DATE > col_name)
  AND column_alias0 IS NOT NULL
ORDER BY column_alias3 DESC
LIMIT num",1
140,"WITH CTE AS (
    SELECT
        table_alias0.col_name,
        table_alias0.col_name,
        table_alias0.col_name,
        table_alias0.col_name,
        table_alias0.col_name,
        table_alias0.col_name,
        table_alias1.col_name,
        CASE
            WHEN table_alias0.col_name = string THEN num
            WHEN table_alias0.col_name = string THEN num
            WHEN table_alias0.col_name = string THEN num
            ELSE num
        END AS column_alias0,
        (table_alias0.col_name * num) + 
        (CASE
            WHEN table_alias0.col_name = string THEN num
            WHEN table_alias0.col_name = string THEN num
            WHEN table_alias0.col_name = string THEN num
            ELSE num
        END * num) + 
        (table_alias0.col_name * num) AS column_alias1
    FROM
        table_name table_alias0
    JOIN
        table_name table_alias1 ON table_alias0.col_name = table_alias1.col_name AND table_alias0.col_name = table_alias1.col_name
),
cee_calculation AS (
    SELECT
        table_alias2.*,
        ROUND((table_alias2.new_columnumn_alias1 / num) * table_alias2.new_columntable_alias2.col_name + num) / num), num) AS column_alias2,
        CASE
            WHEN table_alias0.col_name = string AND table_alias0.col_name = string AND table_alias2.new_columnumn_alias1 > num 
            THEN string
            WHEN (table_alias2.new_columnumn_alias1 / num) * table_alias2.new_columntable_alias2.col_name + num) / num) > num 
                 AND table_alias2.col_name = string
                 AND NOT (table_alias0.col_name = string AND table_alias0.col_name = string AND table_alias2.new_columnumn_alias1 > num)
            THEN string
            ELSE string
        END AS column_alias3
    FROM
        CTE table_alias2
    JOIN
        table_name table_alias0 ON table_alias2.col_name = table_alias0.col_name
)
SELECT
    table_alias1.col_name,
    table_alias1.col_name,
    table_alias1.new_columnumn_alias2,
    table_alias1.new_column   RANK() OVER (PARTITION BY table_alias1.new_columnDER BY table_alias1.new_columnumn_alias2 DESC) AS column_alias4
FROM
    new_table table_alias1
ORDER BY
    table_alias1.new_column   table_alias1.new_columnumn_alias2 DESC;",1
141,"WITH CTE AS (
    SELECT
        table_alias0.col_name,
        table_alias0.col_name,
        table_alias0.col_name,
        table_alias0.col_name,
        table_alias1.col_name,
        CASE
            WHEN table_alias1.col_name = string THEN num
            WHEN table_alias1.col_name = string THEN num
            WHEN table_alias1.col_name = string THEN num
            ELSE num
        END AS column_alias0
    FROM
        table_name table_alias0
    JOIN
        table_name table_alias1 ON table_alias0.col_name = table_alias1.col_name AND table_alias0.col_name = table_alias1.col_name
),
rde_calculation AS (
    SELECT
        table_alias2.col_name,
        table_alias2.col_name,
        table_alias2.col_name,
        table_alias2.col_name,
        table_alias2.col_name,
        table_alias2.new_column     table_alias3.col_name,
        table_alias3.col_name,
        ROUND(
            table_alias2.col_name * 
            (num + (table_alias3.col_name / num)) * 
            (num - ((num - table_alias3.col_name) / num)) * 
            table_alias2.new_column     num) AS column_alias1
    FROM
        CTE table_alias2
    JOIN
        table_name table_alias3 ON table_alias2.col_name = table_alias3.col_name
)
SELECT
    table_alias4.col_name,
    table_alias4.new_columnumn_alias1,
    CASE
        WHEN table_alias4.new_columnumn_alias1 < num 
             AND table_alias4.col_name < num 
             AND table_alias4.col_name < num
        THEN string
        ELSE string
    END AS column_alias2,
    table_alias5.col_name->string->>string AS column_alias3
FROM
    new_table table_alias4
JOIN
    table_name table_alias5 ON table_alias4.col_name = table_alias5.col_name
ORDER BY
    table_alias4.new_columnumn_alias1;",1
142,"WITH CTE AS (
    SELECT
        table_alias0.col_name,
        table_alias0.col_name,
        table_alias0.col_name,
        table_alias1.* 
    FROM
        table_name table_alias0
    INNER JOIN
        table_name table_alias1 ON table_alias0.col_name = table_alias1.col_name
), InsiderFlaggedTransactions AS (
    SELECT
        col_name,
        col_name,
        col_name,
        col_name, 
        col_name,   
        col_name,  
        col_name    
    FROM
        CTE
    WHERE
        col_name > num 
        AND col_name IS NOT NULL 
        AND col_name IN (string, string) 
), CalculatedRisks AS (
    SELECT
        table_alias2.*,
        ABS(table_alias2.col_name - table_alias2.col_name) AS column_alias0, 
        table_alias2.col_name * (num + ABS(table_alias2.col_name - table_alias2.col_name)) AS column_alias1 
    FROM
        new_table table_alias2
), SDLR_Calculation AS (
    SELECT
        table_alias3.*,
        ROUND(table_alias3.new_columnmn_alias1 * table_alias3.col_name, num) AS column_alias2 
    FROM
        new_table table_alias3
)
SELECT
    col_name,
    col_name,
    col_name,
    col_name,
    column_alias2
FROM
    new_table
WHERE
    column_alias2 > num LIMIT num",1
143,"WITH CTE AS (
    SELECT
        table_alias0.col_name,
        table_alias0.col_name,
        table_alias0.col_name, 
        table_alias0.col_name / NULLIF(table_alias0.col_name, num) AS column_alias0,
        (table_alias0.col_name -> string ->> CAST(string) AS column_alias1),
        (table_alias0.col_name -> string ->> string) AS column_alias2
    FROM table_name table_alias0
), HighRiskProfileTraders AS (
    SELECT col_name, col_name, col_name FROM CTE
    WHERE tle > num AND column_alias2 = string OR column_alias0 > num
), HighFreqHighRiskTraders AS (
    SELECT col_name, col_name FROM new_table WHERE col_name = string
), EnforcementImpact AS (
    SELECT
        table_alias1.col_name,
        table_alias1.col_name, 
        table_alias1.col_name / NULLIF(table_alias4.col_name, num) AS column_alias3, 
        CASE WHEN table_alias1.col_name IN (string, string) OR table_alias1.col_name = string OR table_alias1.col_name = string
             THEN num ELSE num END AS column_alias4 
    FROM table_name table_alias1
    JOIN table_name table_alias2 ON table_alias1.col_name = table_alias2.col_name
    JOIN table_name table_alias3 ON table_alias2.col_name = table_alias3.col_name
    JOIN new_table table_alias4 ON table_alias3.col_name = table_alias4.col_name
), FinanciallyImpactfulCases AS (
    SELECT col_name, col_name FROM new_table
    WHERE column_alias4 = num AND column_alias3 > num
), CostlyHighFreqCases AS (
    SELECT table_alias5.col_name, table_alias5.col_name FROM new_table table_alias5
)
SELECT
    col_name,
    col_name 
FROM
    new_table",1
144,"WITH CTE AS (
    SELECT
        table_alias0.col_name,
        table_alias0.col_name,
        table_alias1.col_name,
        (num - CAST(COALESCE(table_alias1.col_name AS column_alias0)/ num, num)) *
        (num - CAST(COALESCE(table_alias1.col_name AS column_alias0)/ num, num)) AS column_alias1,
        COALESCE(AVG(
            (num - CAST(COALESCE(table_alias1.col_name AS column_alias0)/ num, num)) *
            (num - CAST(COALESCE(table_alias1.col_name AS column_alias0)/ num, num)) *
            COALESCE(table_alias1.col_name, num)
        ), num) AS column_alias2
    FROM table_name table_alias0
    INNER JOIN table_name table_alias1 ON table_alias0.col_name = table_alias1.col_name
    WHERE table_alias1.col_name >= CURRENT_DATE - INTERVAL string
    GROUP BY table_alias0.col_name, table_alias0.col_name, table_alias1.col_name, table_alias1.col_name, table_alias1.col_name
)
SELECT
    col_name,
    CAST(ROUND(AVG(column_alias1) AS column_alias3), num) AS column_alias4,
    ARRAY_TO_STRING(
        ARRAY_AGG(col_name) FILTER (WHERE column_alias1 > num AND column_alias2 > num),
        string
    ) AS column_alias5,
    SUM(CASE WHEN column_alias1 > num AND column_alias2 > num THEN num ELSE num END) AS column_alias6
FROM CTE
GROUP BY col_name
HAVING AVG(column_alias1) > num
ORDER BY column_alias4 DESC
LIMIT num;",1
145,"WITH CTE AS (
    SELECT
        table_alias0.col_name,
        table_alias0.col_name,
        table_alias2.col_name,
        AVG(table_alias0.col_name) OVER (PARTITION BY table_alias2.col_name) as column_alias0,
        STDDEV_SAMP(table_alias0.col_name) OVER (PARTITION BY table_alias2.col_name) as column_alias1
    FROM table_name table_alias0
    JOIN table_name table_alias1 ON table_alias0.col_name = table_alias1.col_name
    JOIN table_name table_alias2 ON table_alias1.col_name = table_alias2.col_name
    WHERE table_alias0.col_name IS NOT NULL 
)
UPDATE table_name table_alias0
SET
    col_name = CASE
                   WHEN COALESCE(table_alias3.new_columnum THEN num 
                   ELSE (table_alias0.col_name - table_alias3.new_columnle_alias3.new_column      END
FROM CTE table_alias3
WHERE table_alias0.col_name = table_alias3.col_name
  AND table_alias0.col_name IS NOT NULL
RETURNING table_alias0.col_name, table_alias0.col_name;",1
146,"WITH CTE AS (
    SELECT
        table_alias0.col_name,
        table_alias0.col_name, 
        (table_alias1.col_name / NULLIF(table_alias1.col_name, num)) AS column_alias0, 
        (table_alias1.col_name -> string ->> CAST(string) AS column_alias1), 
        (table_alias0.col_name / NULLIF(num - table_alias0.col_name, num)) AS column_alias2 
    FROM table_name table_alias0
    JOIN table_name table_alias1 ON table_alias0.col_name = table_alias1.col_name
    WHERE table_alias0.col_name < num
), CalculatedScores AS (
    SELECT
        table_alias2.col_name,
        table_alias2.col_name ->> string AS column_alias3, 
        (table_alias2.new_columnumn_alias0 * table_alias2.new_column * table_alias2.new_columnumn_alias2) AS column_alias4, 
        (
            (num * (table_alias2.col_name ->> CAST(string) AS column_alias1)/ num) +
            (num * (table_alias2.col_name ->> CAST(string) AS column_alias1)/ num) +
            (num * (table_alias2.col_name ->> CAST(string) AS column_alias1)) +
            (num * CASE table_alias2.col_name ->> string WHEN string THEN num WHEN string THEN num ELSE num END) +
            (num * CASE table_alias2.col_name ->> string WHEN string THEN num WHEN string THEN num ELSE num END)
        ) AS column_alias5 
    FROM CTE table_alias2
), ASS_Calculation AS (
    SELECT
        table_alias3.col_name,
        table_alias3.new_column        (table_alias3.new_columnumn_alias5 * table_alias3.new_columnumn_alias4) AS column_alias6 
    FROM new_table table_alias3
    WHERE table_alias3.new_columnN (string, string) 
)
SELECT
    column_alias3,
    ROUND(AVG(column_alias6), num) AS column_alias7
FROM
    new_table
GROUP BY
    column_alias3",1
147,"WITH CTE AS (
    SELECT
        table_alias0.col_name,
        table_alias1.col_name as column_alias0
    FROM table_name table_alias0
    JOIN table_name table_alias1 ON table_alias0.col_name = table_alias1.col_name
    JOIN table_name table_alias2 ON table_alias0.col_name = (SELECT col_name FROM table_name WHERE col_name = (SELECT col_name FROM table_name WHERE col_name = table_alias2.col_name ORDER BY col_name DESC LIMIT num)) 
    WHERE table_alias0.col_name = string
      AND table_alias2.col_name IN (string, string) 
), PatientAvgMissedAppts AS (
    SELECT
        col_name AS column_alias0,
        ROUND(AVG(col_name)) AS column_alias1
    FROM table_name
    WHERE col_name IS NOT NULL
    GROUP BY col_name
), PatientSocialSupport AS (
    SELECT
        table_alias1.col_name AS column_alias0,
        table_alias0.col_name,
        (CASE table_alias0.col_name WHEN string THEN num WHEN string THEN num WHEN string THEN num ELSE num END +
         CASE table_alias0.col_name WHEN string THEN num WHEN string THEN num WHEN string THEN num WHEN string THEN num ELSE num END) AS column_alias2
    FROM table_name table_alias0
    JOIN table_name table_alias1 ON table_alias0.col_name = table_alias1.col_name
), LatestPatientSSE AS (
    SELECT DISTINCT ON (table_alias3.col_name_alias0)
        table_alias3.col_name_alias0,
        table_alias4.new_columnias2
    FROM CTE table_alias3
    JOIN new_table table_alias4 ON table_alias3.col_name_alias0 = table_alias4.col_name_alias0
    JOIN table_name table_alias5 ON table_alias4.col_name = table_alias5.col_name AND table_alias5.col_name = table_alias3.col_name_alias0
    ORDER BY table_alias3.col_name_alias0, table_alias5.col_name DESC
)
SELECT
    table_alias3.col_name_alias0,
    table_alias6.new_column1,
    table_alias7.new_columnias2
FROM CTE table_alias3
JOIN new_table table_alias6 ON table_alias3.col_name_alias0 = table_alias6.col_name_alias0
JOIN new_table table_alias7 ON table_alias3.col_name_alias0 = table_alias7.col_name_alias0
WHERE table_alias6.new_column1 > num 
   OR table_alias7.new_columnias2 < num",1
148,"WITH CTE AS (
    SELECT
        table_alias0.col_namelias3,
        table_alias0.col_name / NULLIF(table_alias0.col_name, num) AS column_alias0,
        (table_alias0.col_name -> string ->> CAST(string) AS column_alias1),
        (table_alias0.col_name -> string ->> string) AS column_alias2
    FROM table_name table_alias0
), HighRiskTraders AS (
    SELECT column_alias3 FROM CTE
    WHERE tle > num AND column_alias2 = string OR column_alias0 > num
), ManipulationPatternTraders AS (
    SELECT DISTINCT
        table_alias1.col_name AS column_alias3
    FROM table_name table_alias1
    LEFT JOIN new_table ( 
        SELECT table_alias1.col_name / NULLIF(num - table_alias1.col_name, num) AS column_alias4
    ) AS omi_calc ON table_alias1.col_name < num
    WHERE
        (table_alias1.col_name ->> string) = string 
        OR ( (table_alias1.col_name ->> CAST(string) AS column_alias1)> num 
             AND COALESCE(omi_calc.new_columnumn_alias4, num) > num ) 
), HighRiskManipulators AS (
    SELECT table_alias2.col_namelias3 FROM new_table table_alias2
    INTERSECT
    SELECT table_alias3.col_namelias3 FROM new_table table_alias3
), AdvancedBehaviorMetrics AS (
    SELECT
        table_alias1.col_name AS column_alias3,
        AVG(ABS(table_alias4.col_name - table_alias4.col_name)) AS column_alias5, 
        AVG(table_alias4.col_name) AS column_alias6 
    FROM table_name table_alias4
    JOIN table_name table_alias1 ON table_alias4.col_name = table_alias1.col_name
    GROUP BY table_alias1.col_name
)
SELECT
    ROUND(AVG(table_alias5.new_columnalias5 / GREATEST(num, table_alias5.new_columnas6)), num) AS column_alias7 
FROM
    new_table table_alias5
WHERE
    table_alias5.col_namelias3 IN (SELECT column_alias3 FROM new_table) LIMIT num",1
149,"WITH CTE AS (
    SELECT
        table_alias0.col_namelias3,
        table_alias0.col_name / NULLIF(table_alias0.col_name, num) AS column_alias0, 
        (table_alias0.col_name -> string ->> CAST(string) AS column_alias1), 
        (table_alias0.col_name -> string ->> string) AS column_alias2
    FROM
        table_name table_alias0
), HighRiskProfile AS (
    SELECT
        column_alias3
    FROM
        CTE
    WHERE
        tle > num AND column_alias2 = string OR column_alias0 > num 
), RecentSignificantEnforcements AS (
    SELECT DISTINCT
        table_alias3.col_name AS column_alias3
    FROM
        table_name table_alias1
    JOIN
        table_name table_alias2 ON table_alias1.col_name = table_alias2.col_name
    JOIN
        table_name table_alias3 ON table_alias2.col_name = table_alias3.col_name
    WHERE
        (table_alias1.col_name IN (string, string) OR table_alias1.col_name = string OR table_alias1.col_name = string) 
        AND table_alias2.col_name >= (CURRENT_DATE - INTERVAL string) 
)
SELECT
    table_alias4.col_namelias3
FROM
    new_table table_alias4
INNER JOIN
    new_table table_alias5 ON table_alias4.col_namelias3 = table_alias5.col_namelias3 LIMIT num",1
150,"WITH CTE AS (
    SELECT
        table_alias1.col_name AS column_alias0,
        table_alias0.col_name,
        table_alias1.col_name AS column_alias1,
        table_alias0.col_name->>string AS column_alias2,
        table_alias0.col_name->>string AS column_alias3,
        CASE (table_alias0.col_name->>string)
            WHEN string THEN num
            WHEN string THEN num
            WHEN string THEN num
            WHEN string THEN num
            ELSE NULL
        END AS column_alias4
    FROM table_name table_alias0
    JOIN table_name table_alias1 ON table_alias0.col_name = table_alias1.col_name
    WHERE table_alias0.col_name IS NOT NULL
), EngagementChanges AS (
    SELECT
        column_alias0,
        col_name,
        column_alias1,
        column_alias3,
        column_alias4,
        LAG(column_alias4, num) OVER (PARTITION BY column_alias0 ORDER BY column_alias1) AS column_alias5
    FROM CTE
)
SELECT
    column_alias3,
    COUNT(*) AS column_alias6,
    CAST(ROUND(AVG(column_alias5) AS column_alias7), num) AS column_alias8,
    CAST(ROUND(AVG(column_alias4) AS column_alias7), num) AS column_alias9,
    ROUND(AVG(CASE 
        WHEN column_alias5 IS NOT NULL 
        THEN column_alias4 - column_alias5 
    CAST(END) AS column_alias7), num) AS column_alias10
FROM new_table
WHERE column_alias3 IS NOT NULL
GROUP BY column_alias3 ORDER by column_alias6 DESC",1
151,"WITH CTE AS (
    SELECT
        table_alias1.col_name AS column_alias0,
        table_alias2.col_name,
        table_alias2.col_name,
        table_alias3.col_name,
        CASE
            WHEN table_alias2.col_name > num AND table_alias3.col_name > num THEN table_alias2.col_name / (table_alias2.col_name * table_alias3.col_name)
            ELSE num  
        END AS column_alias1
    FROM table_name table_alias0
    LEFT JOIN table_name table_alias1 ON table_alias0.col_name = table_alias1.col_name
    LEFT JOIN table_name table_alias2 ON table_alias1.col_name = table_alias2.col_name
    LEFT JOIN table_name table_alias3 ON table_alias1.col_name = table_alias3.col_name
),
extraction_metrics AS (
    SELECT
        table_alias4.new_columnias0,
        table_alias4.new_columnmn_alias1,
        table_alias5.col_name,
        table_alias5.col_name,
        CASE
            WHEN table_alias4.new_columnmn_alias1 > num THEN (table_alias5.col_name + table_alias5.col_name) / (table_alias4.new_columnmn_alias1 * SQRT(table_alias4.col_name)) * num
            ELSE num  
        END AS column_alias2
    FROM CTE table_alias4
    JOIN table_name table_alias5 ON table_alias4.new_columnias0 = table_alias5.col_name
)
SELECT
    column_alias0,
    CAST(ROUND(AVG(column_alias1) AS column_alias3), num) AS column_alias4,
    CAST(ROUND(AVG(column_alias2) AS column_alias3), num) AS column_alias5
FROM new_table
GROUP BY column_alias0
ORDER BY column_alias5 DESC;",1
152,"WITH CTE AS (
    SELECT
        table_alias1.col_name,
        table_alias0.col_name,
        CASE (table_alias0.col_name->>string)
            WHEN string THEN num
            WHEN string THEN num
            WHEN string THEN num
            WHEN string THEN num
            ELSE num
        END AS column_alias0
    FROM table_name table_alias0
    JOIN table_name table_alias1 ON table_alias0.col_name = table_alias1.col_name
    WHERE table_alias0.col_name IS NOT NULL AND table_alias1.col_name IS NOT NULL
), FacilityTES AS (
    SELECT
        col_name,
        ROUND(AVG(column_alias0), num) AS column_alias1 
    FROM CTE
    GROUP BY col_name
), FunctionalImprovement AS (
    SELECT
        table_alias1.col_name,
        table_alias2.col_name,
        CASE table_alias2.col_name
            WHEN string THEN num
            WHEN string THEN num
            WHEN string THEN num
            ELSE num
        END AS column_alias2,
        CASE WHEN table_alias2.col_name IN (string, string) THEN num ELSE num END AS column_alias3 
    FROM table_name table_alias2
    JOIN table_name table_alias0 ON table_alias2.col_name = table_alias0.col_name
    JOIN table_name table_alias1 ON table_alias0.col_name = table_alias1.col_name
    WHERE table_alias1.col_name IS NOT NULL
), FacilityRTI AS (
    SELECT
        col_name,
        AVG(column_alias2) AS column_alias4,
        CASE
            WHEN COUNT(*) > num THEN CAST(SUM(column_alias3) AS column_alias5)/ COUNT(*)
            ELSE num
        END AS column_alias6, 
        ROUND(
            (AVG(column_alias2) * CASE WHEN COUNT(*) > num THEN CAST(SUM(column_alias3) AS column_alias5)/ COUNT(*) ELSE num END), 
            num
        ) AS column_alias7 
    FROM new_table
    GROUP BY col_name
)
SELECT
    table_alias3.col_name,
    table_alias3.new_columnalias1,
    table_alias4.new_columnumn_alias7
FROM new_table table_alias3
JOIN new_table table_alias4 ON table_alias3.col_name = table_alias4.col_name
WHERE table_alias3.new_columnalias1 > num 
  AND table_alias4.new_columnumn_alias7 < num
ORDER BY table_alias3.col_name LIMIT num",1
153,"WITH CTE AS (
    SELECT
        table_alias2.col_name,
        CASE
            WHEN COUNT(table_alias0.col_name) > num THEN SUM(CASE WHEN table_alias0.col_name IN (string, CAST(string THEN num ELSE num END)) AS column_alias0)/ COUNT(table_alias0.col_name)
            ELSE num
        END AS column_alias1
    FROM table_name table_alias0
    JOIN table_name table_alias1 ON table_alias0.col_name = table_alias1.col_name
    JOIN table_name table_alias2 ON table_alias1.col_name = table_alias2.col_name
    WHERE table_alias2.col_name IS NOT NULL
    GROUP BY table_alias2.col_name
), FacilityPatientCount AS (
    SELECT
        table_alias2.col_name,
        COUNT(DISTINCT table_alias2.col_name) AS column_alias2
    FROM table_name table_alias2
    WHERE table_alias2.col_name IS NOT NULL
    GROUP BY table_alias2.col_name
), FacilityStabilityMetrics AS (
    SELECT
        table_alias2.col_name,
        COALESCE(SUM(COALESCE(table_alias1.col_name, num)) / NULLIF(table_alias3.new_column num), num) AS column_alias3,
        COALESCE(SUM(COALESCE(table_alias2.col_name, num)) / NULLIF(table_alias3.new_column num), num) AS column_alias4
    FROM table_name table_alias2
    LEFT JOIN table_name table_alias1 ON table_alias2.col_name = table_alias1.col_name
    JOIN new_table table_alias3 ON table_alias2.col_name = table_alias3.col_name
    WHERE table_alias2.col_name IS NOT NULL
    GROUP BY table_alias2.col_name, table_alias3.new_column), FacilityPSM AS (
    SELECT
        col_name,
        column_alias3,
        column_alias4,
        num / (num + column_alias3 + column_alias4) AS column_alias5
    FROM new_table
), FacilityMetrics AS (
    SELECT
        table_alias4.col_name,
        table_alias4.new_columnumn_alias1,
        table_alias5.new_columnumn_alias5
    FROM CTE table_alias4
    JOIN new_table table_alias5 ON table_alias4.col_name = table_alias5.col_name
), Thresholds AS (
    SELECT
        percentile_cont(column_alias1, num) AS column_alias6,
        percentile_cont(column_alias5, num) AS column_alias7
    FROM new_table
)
SELECT
    table_alias6.col_name,
    ROUND(table_alias6.new_columnumn_alias1, num) AS column_alias1,
    ROUND(table_alias6.new_columnumn_alias5, num) AS column_alias5,
    CASE
        WHEN table_alias6.new_columnumn_alias1 >= t.new_columnas6 AND table_alias6.new_columnumn_alias5 >= t.new_columnas7 THEN string
        WHEN table_alias6.new_columnumn_alias1 >= t.new_columnas6 AND table_alias6.new_columnumn_alias5 < t.new_columnas7 THEN string
        WHEN table_alias6.new_columnumn_alias1 < t.new_columnas6 AND table_alias6.new_columnumn_alias5 >= t.new_columnas7 THEN string
        ELSE string
    END AS column_alias8
FROM new_table table_alias6, Thresholds t
ORDER BY column_alias8, table_alias6.col_name
LIMIT num",1
154,"WITH CTE AS (
    SELECT
        table_alias2.col_namen_alias5,
        COUNT(*) AS column_alias0,
        SUM(CASE WHEN table_alias0.col_name IN (string, string THEN num ELSE num END)) AS column_alias1,
        CASE
            WHEN COUNT(*) > num THEN (COUNT(*) FILTER (WHERE table_alias0.col_name IN (string, CAST(string)) AS column_alias2)* num / COUNT(*)) 
            ELSE num
        END AS column_alias3
    FROM table_name table_alias0
    JOIN table_name table_alias1 ON table_alias0.col_name = table_alias1.col_name
    JOIN table_name table_alias2 ON table_alias1.col_name = table_alias2.col_name
    WHERE table_alias2.col_namen_alias5 IS NOT NULL
    GROUP BY table_alias2.col_namen_alias5
), HighSRPFacilities AS (
    SELECT column_alias5
    FROM CTE
    WHERE column_alias3 > num
), FacilityPFIS AS (
    SELECT
        table_alias2.col_namen_alias5,
        ROUND(AVG(CASE table_alias3.col_name
               WHEN string THEN num
               WHEN string THEN num
               WHEN string THEN num
               ELSE num 
             END)) AS column_alias4
    FROM table_name table_alias3
    JOIN table_name table_alias1 ON table_alias3.col_name = table_alias1.col_name
    JOIN table_name table_alias2 ON table_alias1.col_name = table_alias2.col_name
    WHERE table_alias2.col_namen_alias5 IN (SELECT column_alias5 FROM new_table) 
      AND table_alias3.col_name IS NOT NULL
    GROUP BY table_alias2.col_namen_alias5
), FacilityFRAI AS (
    SELECT 
        table_alias4.col_name AS column_alias5,
        ROUND(AVG(CASE (table_alias4.col_name->>string)
            WHEN string THEN num
            WHEN string THEN num
            WHEN string THEN num
            ELSE num
        END)) AS column_alias6
    FROM table_name table_alias4
    WHERE table_alias4.col_name IN (SELECT column_alias5 FROM new_table)
      AND table_alias4.col_name->>string IS NOT NULL
    GROUP BY table_alias4.col_name
)
SELECT
    table_alias5.col_namen_alias5,
    table_alias6.new_columnmn_alias4,
    table_alias7.new_columnmn_alias6,
    (table_alias6.new_columnmn_alias4 - table_alias7.new_columnmn_alias6) AS column_alias7
FROM new_table table_alias5
JOIN new_table table_alias6 ON table_alias5.col_namen_alias5 = table_alias6.col_namen_alias5
JOIN new_table table_alias7 ON table_alias5.col_namen_alias5 = table_alias7.col_namen_alias5
ORDER BY column_alias7 DESC LIMIT num",1
155,"WITH CTE AS (
    SELECT 
        (col_name->string->>string) AS column_alias0,
        CAST(((col_name->string->>string) AS column_alias1)- 
         CAST((col_name->string->>string) AS column_alias1)) / 
        CAST((col_name->string->>string) AS column_alias1)* num AS column_alias2,
        col_name
    FROM table_name
),
sentiment_data AS (
    SELECT 
        col_name,
        (col_name->string->>string) AS column_alias3,
        CAST((col_name->string->>string) AS column_alias1))
SELECT 
    table_alias0.new_columns0,
    table_alias0.new_columnas2,
    table_alias1.new_columnias3,
    table_alias1.new_column,
    AVG(table_alias0.new_columnas2) OVER (PARTITION BY table_alias1.new_columnias3) AS column_alias4,
    PERCENT_RANK() OVER (ORDER BY table_alias0.new_columnas2) AS column_alias5
FROM CTE table_alias0
JOIN new_table table_alias1 ON table_alias0.col_name = table_alias1.col_name
ORDER BY table_alias0.new_columnas2 DESC;",1
156,"WITH CTE AS (
    SELECT 
        CASE
            WHEN table_alias0.col_name BETWEEN num AND num THEN string
            WHEN table_alias0.col_name BETWEEN num AND num THEN string
            WHEN table_alias0.col_name BETWEEN num AND num THEN string
            WHEN table_alias0.col_name > num THEN string
            ELSE string
        END AS column_alias0,
        table_alias0.col_name,
        COALESCE(table_alias1.col_namelias1, num) AS column_alias1
    FROM 
        table_name table_alias0
        LEFT JOIN table_name table_alias1 ON table_alias1.col_name = table_alias0.col_name
    WHERE 
        table_alias0.col_name IN (string, string)
)
SELECT 
    column_alias0,
    COUNT(*) AS column_alias2,
    ROUND(AVG(col_name), num) AS column_alias3,
    ROUND(AVG(column_alias1), num) AS column_alias4
FROM CTE
GROUP BY num;",1
157,"WITH CTE AS (
    SELECT 
        CAST((md.col_name->string->>string) AS column_alias0),
        (md.col_name->string->>string) AS column_alias1,
        CAST(((a.col_name->>string) AS column_alias0)CAST(->>string) AS column_alias2),
        CAST(((a.col_name->>string) AS column_alias0)CAST(->>string) AS column_alias2),
        CAST(((a.col_name->>string) AS column_alias0)CAST(->>string) AS column_alias2),
        CAST(((a.col_name->>string) AS column_alias0)->>string) AS column_alias3,
        CAST((md.col_name->string->>string) AS column_alias2).col_name = md.col_name
),
price_changes AS (
    SELECT 
        table_alias0.*,
        LEAD(mid_price, num) OVER (PARTITION BY column_alias1 ORDER BY flow_time) AS column_alias4,
        LEAD(mid_price, num) OVER (PARTITION BY column_alias1 ORDER BY flow_time) AS column_alias5,
        LEAD(mid_price, num) OVER (PARTITION BY column_alias1 ORDER BY flow_time) AS column_alias6,
        CASE 
            WHEN smart_force > retail_flow * num AND smart_force > inst_flow * num THEN string
            WHEN retail_flow > smart_force * num AND retail_flow > inst_flow * num THEN string
            WHEN inst_flow > smart_force * num AND inst_flow > retail_flow * num THEN string
            ELSE string
        END AS column_alias7
    FROM CTE table_alias0
)
SELECT 
    column_alias7,
    column_alias3,
    AVG(column_alias4 - mid_price) AS column_alias8,
    AVG(column_alias5 - mid_price) AS column_alias9,
    AVG(column_alias6 - mid_price) AS column_alias10,
    SUM(CASE 
            WHEN (smart_force > retail_flow AND smart_force > inst_flow AND column_alias5 > mid_price) OR
                 (smart_force < retail_flow AND smart_force < inst_flow AND column_alias5 < mid_price)
            THEN num ELSE num 
        CAST(END) AS column_alias0)/ COUNT(*) AS column_alias11
FROM new_table
WHERE column_alias6 IS NOT NULL
GROUP BY column_alias7, column_alias3, column_alias1
ORDER BY column_alias11 DESC;",1
158,"WITH CTE AS (
    SELECT 
        col_name,
        col_name
    FROM 
        table_name
)
SELECT 
    table_alias0.col_name,
    table_alias0.col_name,
    table_alias0.col_name,
    table_alias0.col_name,
    table_alias0.col_name,
    table_alias0.col_name,
    (table_alias0.col_name/num * table_alias0.col_name/num * 
     (num + CAST(table_alias0.col_name AS column_alias0)/num) * 
     (num - table_alias1.col_name/num)) AS column_alias1
FROM 
    table_name table_alias0
JOIN 
    CTE table_alias1 ON table_alias0.col_name = table_alias1.col_name
WHERE 
    (table_alias0.col_name/num * table_alias0.col_name/num * 
     (num + CAST(table_alias0.col_name AS column_alias0)/num) * 
     (num - table_alias1.col_name/num)) > num
    AND table_alias0.col_name = string
    AND (table_alias0.col_name = string OR table_alias0.col_name < num)
    AND table_alias0.col_name = string
ORDER BY 
    column_alias1 DESC;",1
159,"WITH CTE AS (
    SELECT 
        col_name,
        col_name,
        ((col_name + col_name) / num * (num - col_name / CAST(num)) AS column_alias0)(num,num) AS column_alias1,
        col_name
    FROM table_name
)
SELECT
    col_name,
    col_name,
    column_alias1,
    col_name,
    RANK() OVER (PARTITION BY col_name ORDER BY column_alias1 DESC) AS column_alias2,
    RANK() OVER (PARTITION BY col_name ORDER BY col_name DESC) AS column_alias3,
    ABS(RANK() OVER (PARTITION BY col_name ORDER BY column_alias1 DESC) - 
        RANK() OVER (PARTITION BY col_name ORDER BY col_name DESC)) AS column_alias4
FROM CTE
ORDER BY col_name, column_alias1 DESC;",1
160,"WITH CTE AS (
    SELECT 
        col_name,
        col_name,
        col_name * LN(col_name) / 
        CASE col_name
            WHEN string THEN num
            WHEN string THEN num
            WHEN string THEN num
            ELSE num
        END AS column_alias0,
        CAST((col_name->>string) AS column_alias1)> num AND col_name > num
)
SELECT 
    col_name,
    AVG(column_alias0) AS column_alias2,
    AVG(engagement_rate) AS column_alias3,
    CORR(column_alias0, engagement_rate) AS column_alias4,
    SUM(CASE WHEN column_alias0 < num THEN num ELSE num END) AS column_alias5,
    SUM(CASE WHEN column_alias0 BETWEEN num AND num THEN num ELSE num END) AS column_alias6,
    SUM(CASE WHEN column_alias0 > num THEN num ELSE num END) AS column_alias7
FROM CTE
GROUP BY col_name;",1
161,"WITH CTE AS (
    SELECT 
        col_name,
        col_name,
        col_name,
        CASE col_name
            WHEN string THEN num
            WHEN string THEN num
            WHEN string THEN num
            WHEN string THEN num
            WHEN string THEN num
        END AS column_alias0
    FROM table_name
)
SELECT 
    table_alias2.col_name,
    table_alias2.col_name,
    table_alias2.col_name,
    ((table_alias1.col_name + table_alias1.col_name + table_alias1.col_name) * (num - table_alias0.new_column0)) / num AS column_alias1
FROM CTE table_alias0
JOIN table_name table_alias1 ON table_alias0.col_name = table_alias1.col_name
JOIN table_name table_alias2 ON table_alias0.col_name = table_alias2.col_name
ORDER BY column_alias1 DESC;",1
162,"WITH CTE AS (
    SELECT 
        col_name,
        col_name,
        col_name,
        col_name,
        col_name,
        col_name,
        col_name,
        col_name * 
        CASE col_name
            WHEN string THEN num
            WHEN string THEN num
            WHEN string THEN num
            ELSE num
        END AS column_alias0
    FROM table_name
    WHERE col_name IS NOT NULL AND col_name > num
),
demographic_score AS (
    SELECT 
        col_name,
        col_name,
        col_name,
        col_name,
        col_name,
        col_name,
        column_alias0,
        col_name * 
        CASE col_name
            WHEN string THEN num
            WHEN string THEN num
            ELSE num
        END *
        CASE col_name
            WHEN string THEN num
            WHEN string THEN num
            WHEN string THEN num
            ELSE num
        END AS column_alias1
    FROM CTE
),
user_interests AS (
    SELECT 
        col_name,
        col_name->>string AS column_alias2,
        string_to_array(col_name->>string, string) AS column_alias3,
        CAST((col_name->>string) AS column_alias4)->>string IS NOT NULL
)
SELECT 
    table_alias0.col_name,
    table_alias0.col_name,
    table_alias0.col_name,
    CASE 
        WHEN table_alias0.col_name < num THEN string
        WHEN table_alias0.col_name BETWEEN num AND num THEN string
        WHEN table_alias0.col_name BETWEEN num AND num THEN string
        WHEN table_alias0.col_name BETWEEN num AND num THEN string
        ELSE string
    END AS column_alias5,
    COUNT(*) AS column_alias6,
    CAST(ROUND(AVG(table_alias0.new_columnias0) AS column_alias4), num) AS column_alias7,
    CAST(ROUND(AVG(table_alias0.new_columnias1) AS column_alias4), num) AS column_alias8,
    CAST(ROUND(AVG(table_alias1.new_column) AS column_alias4), num) AS column_alias9,
    array_to_string(
        array_agg(DISTINCT column_alias11) FILTER (WHERE column_alias11 IS NOT NULL), 
        string
    ) AS column_alias10
FROM new_table table_alias0
LEFT JOIN new_table table_alias1 ON table_alias0.col_name = table_alias1.col_name
CROSS JOIN new_table table_alias2(table_alias1.new_column AS column_alias11
GROUP BY table_alias0.col_name, table_alias0.col_name, table_alias0.col_name, 
         CASE 
             WHEN table_alias0.col_name < num THEN string
             WHEN table_alias0.col_name BETWEEN num AND num THEN string
             WHEN table_alias0.col_name BETWEEN num AND num THEN string
             WHEN table_alias0.col_name BETWEEN num AND num THEN string
             ELSE string
         END
HAVING COUNT(*) > num
ORDER BY column_alias7 DESC, column_alias8 DESC
LIMIT num;",1
163,"WITH CTE AS (
    SELECT 
        table_alias0.col_name AS column_alias0,
        (num * (table_alias1.col_name -> string ->> CAST(string) AS column_alias1)+ 
         num * (table_alias1.col_name -> string ->> CAST(string) AS column_alias1)+ 
         num * (num - table_alias2.col_name)) AS column_alias2
    FROM table_name table_alias0
    FULL JOIN table_name table_alias1 ON table_alias0.col_name = table_alias1.col_name
    JOIN table_name table_alias2 ON table_alias0.col_name = table_alias2.col_name
),
cluster_stats AS (
    SELECT 
        table_alias0.col_name,
        ROUND(AVG(COALESCE(column_alias2, num)), num) AS column_alias3,
        COUNT(table_alias0.col_name) AS column_alias4
    FROM table_name table_alias0
    FULL JOIN CTE table_alias3 ON table_alias0.col_name = table_alias3.col_namelias0
    GROUP BY table_alias0.col_name
    HAVING table_alias0.col_name > num
)
SELECT 
    col_name,
    column_alias3,
    column_alias4
FROM new_table
WHERE column_alias3 > num
ORDER BY column_alias3 DESC LIMIT num",1
164,"WITH CTE AS (
    SELECT 
        table_alias0.col_name AS column_alias0,
        CAST(((table_alias3.col_name AS column_alias1)/ (table_alias3.col_name + num)) * 
         (table_alias3.col_name + table_alias3.col_name + table_alias3.col_name + table_alias3.col_name) * 
         CAST((table_alias3.col_name AS column_alias1)/ (table_alias3.col_name + num))) AS column_alias2,
        string - table_alias3.col_name AS column_alias3
    FROM table_name table_alias0
    JOIN table_name table_alias1 
        ON table_alias0.col_name = table_alias1.col_name
    JOIN table_name table_alias2 
        ON table_alias2.col_name = table_alias0.col_name
    JOIN table_name table_alias3 
        ON table_alias3.col_name = table_alias2.col_name
    WHERE table_alias0.col_name != table_alias0.col_name 
        AND table_alias3.col_name IS NOT NULL
)
SELECT 
    table_alias4.new_columnalias0,
    CAST(ROUND(table_alias4.new_columnumn_alias2 AS column_alias4), num) AS column_alias5,
    table_alias4.new_column3
FROM CTE table_alias4
WHERE table_alias4.new_columnumn_alias2 > num 
    AND table_alias4.new_column3 < -num 
ORDER BY table_alias4.new_column3 DESC, table_alias4.new_columnumn_alias2 DESC
LIMIT num",1
165,"WITH CTE AS (
    SELECT 
        table_alias0.col_name AS column_alias0,
        table_alias0.col_name AS column_alias1,
        (table_alias0.col_name / (table_alias0.col_name * POWER(table_alias0.col_name, num))) * num AS column_alias2,
        table_alias0.col_name,
        table_alias0.col_name,
        CASE 
            WHEN (table_alias0.col_name / (table_alias0.col_name * POWER(table_alias0.col_name, num))) * num > num 
                 AND table_alias0.col_name < num 
                 AND table_alias0.col_name < num THEN num
            ELSE num
        END AS column_alias3
    FROM table_name table_alias0
    WHERE table_alias0.col_name > num AND table_alias0.col_name > num 
)
SELECT 
    table_alias1.col_name AS column_alias0,
    table_alias1.col_name AS column_alias4,
    COUNT(table_alias2.new_columnalias1) AS column_alias5,
    SUM(CASE WHEN table_alias2.new_columnEN num ELSE num END) AS column_alias6,
    ROUND((SUM(CASE WHEN table_alias2.new_columnEN num ELSE num CAST(END) AS column_alias7)/ 
           NULLIF(COUNT(table_alias2.new_columnalias1), num) * num), num) AS column_alias8,
    CAST(ROUND(AVG(table_alias2.new_columnumn_alias2) AS column_alias7), num) AS column_alias9,
    CAST(ROUND(AVG(table_alias2.col_name) AS column_alias7), num) AS column_alias10,
    CAST(ROUND(AVG(table_alias2.col_name) AS column_alias7), num) AS column_alias11,
    CASE 
        WHEN COUNT(table_alias2.new_columnalias1) = num THEN string
        WHEN SUM(CASE WHEN table_alias2.new_columnEN num ELSE num END) > num THEN string
        ELSE string
    END AS column_alias12
FROM table_name table_alias1
LEFT JOIN CTE table_alias2 ON table_alias1.col_name = table_alias2.new_columnias0
GROUP BY table_alias1.col_name, table_alias1.col_name
ORDER BY column_alias8 DESC, column_alias6 DESC;",1
166,"WITH CTE AS (
    SELECT 
        table_alias0.col_name AS column_alias0,
        table_alias0.col_name,
        (num * COALESCE((table_alias2.col_name -> string ->> CAST(string) AS column_alias1)/ num, num) + 
         num * COALESCE((table_alias2.col_name -> string ->> CAST(string) AS column_alias1), num) + 
         num * (num - COALESCE(table_alias3.col_name, num))) AS column_alias2
    FROM table_name table_alias0
    LEFT JOIN table_name table_alias1 ON table_alias0.col_name = table_alias1.col_namelias0
    LEFT JOIN table_name table_alias2 ON table_alias1.col_name = table_alias2.col_name
    LEFT JOIN table_name table_alias3 ON table_alias1.col_namelias0 = table_alias3.col_name
    WHERE table_alias0.col_name = string
)
SELECT 
    table_alias4.col_name,
    table_alias4.new_columnias2,
    CASE 
        WHEN table_alias4.new_columnias2 > num THEN string
        WHEN table_alias4.new_columnias2 > num THEN string
        ELSE string
    END AS column_alias3
FROM CTE table_alias4
WHERE table_alias4.new_columnias2 > num  
ORDER BY table_alias4.new_columnias2 DESC
LIMIT num",1
167,"WITH CTE AS (
    SELECT 
        table_alias0.col_name AS column_alias0,
        table_alias0.col_name,
        table_alias0.col_name,
        table_alias0.col_name,
        num - num * ABS(table_alias0.col_name - num) - 
        POWER(ABS((table_alias0.col_name - num) / num), num) - 
        num / (table_alias0.col_name + num) AS column_alias1
    FROM table_name table_alias0
)
SELECT 
    table_alias1.col_name AS column_alias0,
    table_alias1.col_name AS column_alias2,
    CAST(ROUND(AVG(table_alias2.col_name) AS column_alias3), num) AS column_alias4,
    CAST(ROUND(AVG(table_alias2.col_name) AS column_alias3), num) AS column_alias5,
    CAST(ROUND(AVG(table_alias2.col_name) AS column_alias3), num) AS column_alias6,
    CAST(ROUND(AVG(table_alias2.new_columnumn_alias1) AS column_alias3), num) AS column_alias7,
    NTILE(num) OVER (ORDER BY AVG(table_alias2.new_columnumn_alias1)) AS column_alias8,
    CASE 
        WHEN AVG(table_alias2.new_columnumn_alias1) > num THEN string
        WHEN AVG(table_alias2.new_columnumn_alias1) > num THEN string
        WHEN AVG(table_alias2.new_columnumn_alias1) > num THEN string
        ELSE string
    END AS column_alias9,
FROM table_name table_alias1
JOIN CTE table_alias2 ON table_alias1.col_name = table_alias2.new_columnias0
GROUP BY table_alias1.col_name, table_alias1.col_name
ORDER BY column_alias7 DESC;",1
168,"WITH CTE AS (
    SELECT 
        table_alias0.col_name AS column_alias0,
        table_alias1.col_name AS column_alias1,
        table_alias0.col_name AS column_alias2,
        SUM(table_alias2.col_name) / MAX(table_alias1.col_name) AS column_alias3
    FROM table_name table_alias0
    JOIN table_name table_alias1 ON table_alias0.col_name = table_alias1.col_name
    JOIN table_name table_alias2 ON table_alias0.col_name = table_alias2.col_name
    GROUP BY table_alias0.col_name, table_alias1.col_name, table_alias0.col_name
    HAVING SUM(table_alias2.col_name) / MAX(table_alias1.col_name) > num 
       AND MAX(table_alias1.col_name) > num
),
eer_ranks AS (
    SELECT 
        column_alias1,
        column_alias0,
        column_alias3,
        PERCENT_RANK() OVER (PARTITION BY column_alias1 ORDER BY column_alias3 DESC) AS column_alias4
    FROM CTE
)
SELECT 
    column_alias1,
    AVG(column_alias3) AS column_alias5,
    MAX(column_alias4) AS column_alias6
FROM new_table
GROUP BY column_alias1 ORDER BY column_alias5 DESC LIMIT num",1
169,"WITH CTE AS (
    SELECT 
        table_alias0.col_name,
        (num - CAST(COALESCE(table_alias1.col_name AS column_alias0)/ num, num)) * 
        (num - CAST(COALESCE(table_alias1.col_name AS column_alias0)/ num, num)) * 
        COALESCE(table_alias1.col_name, num) AS column_alias1,
        COALESCE(
            ABS(table_alias1.col_name - table_alias1.col_name) / NULLIF(table_alias1.col_name, num) * table_alias1.col_name,
            num
        ) AS column_alias2,
        table_alias1.col_name,
        table_alias1.col_name,
        table_alias1.col_name,
        table_alias1.col_name,
        table_alias1.col_name,
        table_alias1.col_name,
        table_alias1.col_name,
        CASE 
            WHEN table_alias1.col_name IS NULL THEN string
            ELSE string
        END AS column_alias3
    FROM table_name table_alias0
    LEFT JOIN table_name table_alias1 ON table_alias0.col_name = table_alias1.col_name
    WHERE table_alias1.col_name IS NULL OR table_alias1.col_name >= CURRENT_DATE - INTERVAL string
),
RiskIndex AS (
    SELECT 
        table_alias2.col_name,
        COALESCE(MAX(table_alias2.new_columnumn_alias1), num) AS column_alias1,  
        COALESCE(MAX(table_alias2.new_columnumn_alias2), num) AS column_alias4,
        (num - COALESCE(MAX(table_alias2.new_columnumn_alias1), num)) * (num - COALESCE(table_alias0.col_name, num) / num) AS column_alias5,
        MAX(table_alias2.new_columnS column_alias3,  
        RANK() OVER (ORDER BY (num - COALESCE(MAX(table_alias2.new_columnumn_alias1), num)) * (num - COALESCE(table_alias0.col_name, num) / num) DESC) AS column_alias6,
        json_object(
            string, MAX(table_alias2.col_name),  
            string, MAX(table_alias2.col_name),      
            string, MAX(table_alias2.col_name),   
            string, table_alias0.col_name,
            string, MAX(table_alias2.new_columnumn_alias2)      
        ) AS column_alias7
    FROM CTE table_alias2
    LEFT JOIN table_name table_alias0 ON table_alias2.col_name = table_alias0.col_name
    GROUP BY table_alias2.col_name, table_alias0.col_name
)
SELECT 
    col_name,
    CAST(ROUND(column_alias1 AS column_alias8), num) AS column_alias1,
    CAST(ROUND(column_alias5 AS column_alias8), num) AS column_alias5,
    column_alias6,
    column_alias3,
    column_alias7
FROM new_table
WHERE column_alias5 > num OR column_alias1 < num
ORDER BY column_alias6
LIMIT num",1
170,"WITH CTE AS (
    SELECT 
        table_alias0.col_name,
        (table_alias0.col_name + table_alias0.col_name + table_alias0.col_name + table_alias0.col_name) AS column_alias0,
        (table_alias0.col_name + table_alias0.col_name + table_alias0.col_name + table_alias0.col_name) * table_alias0.col_name AS column_alias1,
        ARRAY[
            (string || CAST(table_alias0.col_name) AS column_alias2),
            (string || CAST(table_alias0.col_name) AS column_alias2),
            (string || CAST(table_alias0.col_name) AS column_alias2),
            (string || CAST(table_alias0.col_name) AS column_alias2)] AS column_alias3
    FROM table_name table_alias0
    WHERE table_alias0.col_name IS NOT NULL
)
SELECT 
    col_name,
    CAST(ROUND(column_alias1 AS column_alias4), num) AS column_alias5,
    UNNEST(column_alias3) AS column_alias6
FROM CTE
WHERE column_alias1 > num
ORDER BY column_alias1 DESC
LIMIT num",1
171,"WITH CTE AS (
    SELECT 
        table_alias0.col_name,
        (table_alias1.col_name * CAST(num) AS column_alias0)/ NULLIF(table_alias0.col_name, num) AS column_alias1,
        (num - CAST(COALESCE(table_alias2.col_name AS column_alias0)/ num, num)) * 
        (num - CAST(COALESCE(table_alias2.col_name AS column_alias0)/ num, num)) * 
        COALESCE(table_alias2.col_name, num) AS column_alias2,
        ROW_NUMBER() OVER (ORDER BY 
            (table_alias1.col_name * CAST(num) AS column_alias0)/ NULLIF(table_alias0.col_name, num) DESC NULLS LAST
        ) AS column_alias3
    FROM table_name table_alias0
    FULL JOIN table_name table_alias1 ON table_alias0.col_name = table_alias1.col_name
    INNER JOIN table_name table_alias2 ON table_alias0.col_name = table_alias2.col_name
)
SELECT 
    col_name,
    CAST(ROUND(column_alias1 AS column_alias4), num) AS column_alias1,
    CAST(ROUND(column_alias2 AS column_alias4), num) AS column_alias2,
    column_alias3
FROM CTE
WHERE column_alias1 > num AND column_alias2 > num
ORDER BY column_alias3
LIMIT num",1
172,"WITH CTE AS (
    SELECT 
        table_alias0.col_name,
        (table_alias1.col_name * num + table_alias1.col_name/num + table_alias1.col_name * num + table_alias1.col_name/num) * 
            (num - table_alias1.col_name) AS column_alias0,
        (num - table_alias1.col_name) * table_alias2.col_name * 
            (CASE WHEN table_alias0.col_name - num * ABS(table_alias0.col_name) > num 
                  THEN (table_alias0.col_name - num * ABS(table_alias0.col_name))/num + num 
                  ELSE num END) AS column_alias1,
        table_alias4.col_name
    FROM table_name table_alias0
    JOIN table_name table_alias1 ON table_alias0.col_name = table_alias1.col_name
    JOIN table_name table_alias2 ON table_alias0.col_name = table_alias2.col_name
    JOIN table_name table_alias3 ON table_alias0.col_name = table_alias3.col_name
    JOIN table_name table_alias4 ON table_alias3.col_name = table_alias4.col_name
)
SELECT 
    col_name,
    COUNT(*) AS column_alias2,
    AVG(column_alias0) AS column_alias3,
    AVG(column_alias1) AS column_alias4,
    SUM(CASE WHEN column_alias0 > num THEN num ELSE num END) AS column_alias5,
    SUM(CASE WHEN column_alias1 > num THEN num ELSE num END) AS column_alias6,
    SUM(CASE WHEN column_alias0 > num AND column_alias1 > num THEN num ELSE num END) AS column_alias7
FROM CTE
GROUP BY col_name
ORDER BY column_alias7 DESC;",1
173,"WITH CTE AS (
    SELECT 
        table_alias0.col_name,
        (table_alias1.col_name / table_alias1.col_name) * CASE 
            WHEN table_alias0.col_name != table_alias0.col_name THEN num 
            ELSE num 
        END AS column_alias0,
        ((table_alias1.col_name / table_alias1.col_name) * CASE 
            WHEN table_alias0.col_name != table_alias0.col_name THEN num 
            ELSE num 
        END) * table_alias2.col_name AS column_alias1
    FROM table_name table_alias0
    INNER JOIN table_name table_alias1 
        ON table_alias0.col_name = table_alias1.col_name
    INNER JOIN table_name table_alias2 
        ON table_alias0.col_name = table_alias2.col_name
    WHERE table_alias0.col_name != table_alias0.col_name
)
SELECT 
    col_name,
    CAST(ROUND(column_alias0 AS column_alias2), num) AS column_alias3,
    CAST(ROUND(column_alias1 AS column_alias2), num) AS column_alias4,
    ROW_NUMBER() OVER (ORDER BY column_alias1 DESC) AS column_alias5
FROM CTE
WHERE column_alias1 > num
ORDER BY column_alias1 DESC
LIMIT num",1
174,"WITH CTE AS (
    SELECT 
        table_alias0.col_name,
        (table_alias2.col_name / table_alias1.col_name) * table_alias2.col_name * 
        (num - (table_alias2.col_name / num)) * num AS column_alias0
    FROM table_name table_alias0
    JOIN table_name table_alias1 ON table_alias0.col_name = table_alias1.col_name
    JOIN table_name table_alias2 ON table_alias2.col_name = table_alias1.col_name AND table_alias2.col_name = table_alias0.col_name
)
UPDATE table_name table_alias0
SET col_name = CASE 
        WHEN lp.new_columnias0 > num THEN CAST(string AS column_alias1).column_alias0 BETWEEN num AND num THEN string AS column_alias1)CAST(string AS column_alias1).col_name = lp.col_name
RETURNING table_alias0.col_name, lp.new_columnias0, table_alias0.col_name;",1
175,"WITH CTE AS (
    SELECT 
        table_alias0.col_name,
        CASE 
            WHEN table_alias0.col_name = string THEN num * (num - table_alias0.col_name / table_alias0.col_name)
            WHEN table_alias0.col_name = string THEN num * (num - table_alias0.col_name / table_alias0.col_name)
            ELSE num 
        END AS column_alias0
    FROM table_name table_alias0
),
tie_calc AS (
    SELECT 
        col_name,
        CASE 
            WHEN col_name = string THEN num - (col_name / num)
            WHEN col_name = string THEN num - (col_name / num)
            WHEN col_name = string THEN num - (col_name / num)
            ELSE num
        END AS column_alias1
    FROM table_name
),
lssr_calc AS (
    SELECT 
        table_alias1.col_name,
        num * table_alias1.new_columnumn_alias0 + num * COALESCE(table_alias2.new_columnumn_alias1, num) AS column_alias2
    FROM CTE table_alias1
    LEFT JOIN new_table table_alias2 ON table_alias1.col_name = table_alias2.col_name
)
SELECT 
    table_alias3.col_name,
    table_alias3.col_name,
    table_alias5.col_name,
    CAST(ROUND(table_alias4.new_columnmn_alias2 AS column_alias3), num) AS column_alias2,
    CASE 
        WHEN table_alias4.new_columnmn_alias2 >= num THEN string
        WHEN table_alias4.new_columnmn_alias2 >= num THEN string
        ELSE string 
    END AS column_alias4,
    jsonb_build_object(
        string, table_alias5.col_name,
        string, table_alias5.col_name,
        string, table_alias5.col_name
    ) AS column_alias5
FROM table_name table_alias3
JOIN new_table table_alias4 ON table_alias3.col_name = table_alias4.col_name
JOIN table_name table_alias5 ON table_alias3.col_name = table_alias5.col_name
WHERE table_alias3.col_name = string
ORDER BY column_alias2 DESC;",1
176,"WITH CTE AS (
    SELECT 
        table_alias0.col_name,
        CAST((table_alias2.col_name AS column_alias0)/ table_alias0.col_name) AS column_alias1
    FROM table_name table_alias0
    JOIN table_name table_alias1 ON table_alias1.col_name = table_alias0.col_name
    JOIN table_name table_alias2 ON table_alias2.col_name = table_alias1.col_name
),
ngv_calc AS (
    SELECT 
        table_alias0.col_name,
        SQRT(
            CAST(POW((table_alias3.col_name->string->>string) AS column_alias0), num) +
            CAST(POW((table_alias3.col_name->string->>string) AS column_alias0), num)
        ) AS column_alias2
    FROM table_name table_alias0
    JOIN table_name table_alias1 ON table_alias1.col_name = table_alias0.col_name
    JOIN table_name table_alias2 ON table_alias2.col_name = table_alias1.col_name
    JOIN table_name table_alias3 ON table_alias3.col_name = table_alias2.col_name
),
bbi_calc AS (
    SELECT 
        table_alias0.col_name,
        (num * CAST(((table_alias7.col_name->string->>string) AS column_alias0)/ num) +
         num * CAST((table_alias7.col_name->string->>string) AS column_alias0)+
         num * (num - table_alias5.col_name)) AS table_alias10
    FROM table_name table_alias0
    JOIN table_name table_alias1 ON table_alias1.col_name = table_alias0.col_name
    JOIN table_name table_alias2 ON table_alias2.col_name = table_alias1.col_name
    JOIN table_name table_alias4 ON table_alias4.col_name = table_alias2.col_name
    JOIN table_name table_alias5 ON table_alias5.col_name = table_alias4.col_name
    JOIN table_name table_alias6 ON table_alias6.col_name = table_alias4.col_name
    JOIN table_name table_alias7 ON table_alias6.col_name = table_alias7.col_name
    WHERE CAST((table_alias7.col_name->string->>string) AS column_alias0)> num
),
bas_calc AS (
    SELECT 
        table_alias0.col_name,
        ROUND((num * table_alias10.new_columnle_alias10 +
         num * table_alias8.new_columnumn_alias1 +
         num * table_alias9.new_columnumn_alias2), num) AS column_alias3,
        FIRST_VALUE(table_alias7.col_name->string->>string) 
            OVER (PARTITION BY table_alias0.col_name ORDER BY table_alias7.col_name DESC) AS column_alias4
    FROM table_name table_alias0
    JOIN table_name table_alias1 ON table_alias1.col_name = table_alias0.col_name
    JOIN table_name table_alias2 ON table_alias2.col_name = table_alias1.col_name
    JOIN table_name table_alias4 ON table_alias4.col_name = table_alias2.col_name
    JOIN table_name table_alias5 ON table_alias5.col_name = table_alias4.col_name
    JOIN table_name table_alias6 ON table_alias6.col_name = table_alias4.col_name
    JOIN table_name table_alias7 ON table_alias6.col_name = table_alias7.col_name
    JOIN CTE table_alias8 ON table_alias8.col_name = table_alias0.col_name
    JOIN new_table table_alias9 ON table_alias9.col_name = table_alias0.col_name
    JOIN new_table table_alias10 ON table_alias10.col_name = table_alias0.col_name
    WHERE CAST((table_alias7.col_name->string->>string) AS column_alias0)> num
)
SELECT col_name, column_alias3, column_alias4
FROM new_table
WHERE column_alias3 > num
ORDER BY column_alias3 DESC
LIMIT num",1
177,"WITH CTE AS (
    SELECT 
        table_alias0.col_name,
        CAST(COALESCE(table_alias0.col_name AS column_alias0)/ NULLIF(table_alias0.col_name + num, num), num) AS column_alias1,
        table_alias0.col_name
    FROM table_name table_alias0
    WHERE table_alias0.col_name IS NOT NULL
),
MonthlyTrends AS (
    SELECT 
        TO_CHAR(col_name, string) AS column_alias2,
        AVG(column_alias1) AS column_alias3,
        DENSE_RANK() OVER (ORDER BY AVG(column_alias1) DESC) AS column_alias4
    FROM CTE
    WHERE column_alias1 > num
    GROUP BY TO_CHAR(col_name, string)
)
SELECT 
    column_alias2,
    CAST(ROUND(column_alias3 AS column_alias5), num) AS column_alias6,
    column_alias4
FROM new_table
WHERE column_alias4 <= num
ORDER BY column_alias2",1
178,"WITH CTE AS (
    SELECT 
        table_alias0.col_name,
        COALESCE(SUM(table_alias1.col_name), num) AS column_alias0,
        COALESCE(SUM(table_alias1.col_name), num) AS column_alias1
    FROM table_name table_alias0
    LEFT JOIN table_name table_alias1 ON table_alias0.col_name = table_alias1.col_name
    GROUP BY table_alias0.col_name
)
SELECT 
    table_alias0.col_name,
    table_alias0.col_name,
    table_alias0.col_name,
    (table_alias0.col_name/num) * 
    (table_alias0.col_name/num) * 
    (num - CAST(COALESCE(table_alias2.new_columnAS column_alias2)/NULLIF(table_alias2.new_column), num)) * num AS column_alias3,
    table_alias0.col_name->>string AS column_alias4
FROM table_name table_alias0
JOIN CTE table_alias2 ON table_alias0.col_name = table_alias2.col_name
ORDER BY column_alias3 DESC;",1
179,"WITH CTE AS (
    SELECT 
        table_alias0.col_name,
        COUNT(table_alias2.col_name) AS column_alias0,
        SUM(table_alias3.col_name) AS column_alias1
    FROM table_name table_alias0
    JOIN table_name table_alias1 ON table_alias1.col_name = table_alias0.col_name
    JOIN table_name table_alias2 ON table_alias2.col_name = table_alias1.col_name
    JOIN table_name table_alias3 ON table_alias3.col_name = table_alias2.col_name
    GROUP BY table_alias0.col_name
),
srs_calc AS (
    SELECT 
        table_alias0.col_name,
        COALESCE(MAX(
            num * CAST((table_alias5.col_name->string->>string) AS column_alias2)+
            num * (num - table_alias4.col_name) +
            num * table_alias4.col_name
        ), num) AS column_alias3,
        COALESCE(MAX(table_alias6.col_name4), num) AS column_alias4
    FROM table_name table_alias0
    JOIN table_name table_alias1 ON table_alias1.col_name = table_alias0.col_name
    JOIN table_name table_alias2 ON table_alias2.col_name = table_alias1.col_name
    JOIN table_name table_alias3 ON table_alias3.col_name = table_alias2.col_name
    LEFT JOIN table_name table_alias4 ON table_alias4.col_name = table_alias3.col_name
    LEFT JOIN table_name table_alias5 ON table_alias5.col_name = table_alias4.col_name
    LEFT JOIN table_name table_alias6 ON table_alias6.col_name = (
        SELECT col_name 
        FROM table_name table_alias7 
        WHERE table_alias7.col_name = table_alias2.col_name 
        LIMIT num
    )
    GROUP BY table_alias0.col_name
)
SELECT 
    table_alias8.col_name,
    table_alias8.new_column,
    table_alias8.new_columnum AS column_alias5,
    (table_alias9.new_columnumn_alias3 * (num + num * table_alias9.col_name4)) AS column_alias6
FROM CTE table_alias8
JOIN new_table table_alias9 ON table_alias8.col_name = table_alias9.col_name
WHERE table_alias8.new_column > num OR table_alias8.new_columnORDER BY column_alias6 DESC
LIMIT num",1
180,"WITH CTE AS (
    SELECT 
        table_alias0.col_name,
        DATE_TRUNC(string, (table_alias0.col_name - (table_alias0.col_name * INTERVAL string))) AS column_alias0,
        (table_alias2.col_name->>string = string OR table_alias2.col_name->>string = string) 
        AND table_alias2.col_name->>string = string AS column_alias1,
        num * table_alias1.col_name + num * table_alias1.col_name + num * table_alias2.col_name + num * CAST((table_alias1.col_name AS column_alias2)/num) AS column_alias3
    FROM table_name table_alias0
    JOIN table_name table_alias1 ON table_alias0.col_name = table_alias1.col_name
    JOIN table_name table_alias2 ON table_alias1.col_name = table_alias2.col_name
    WHERE table_alias2.col_name IS NOT NULL
)
SELECT 
    column_alias0,
    column_alias1,
    COUNT(*) AS column_alias4,
    AVG(column_alias3) AS column_alias5,
    SUM(CASE WHEN column_alias3 > CAST(num THEN num ELSE num END) AS column_alias2)/ COUNT(*) AS column_alias6,
    SUM(CASE WHEN column_alias1 AND column_alias3 > CAST(num THEN num ELSE num END) AS column_alias2)/ 
        NULLIF(COUNT(*) FILTER (WHERE column_alias1), num) AS column_alias7
FROM CTE
GROUP BY column_alias0, column_alias1
ORDER BY column_alias0, column_alias1 DESC;",1
181,"WITH CTE AS (
    SELECT 
        table_alias0.col_name,
        ROUND((
            (num - table_alias0.col_name) / num *
            CASE 
                WHEN table_alias0.col_name > num OR table_alias0.col_name > num THEN num
                WHEN table_alias0.col_name > num OR table_alias0.col_name > num THEN num
                ELSE num
            END
        CAST() AS column_alias0), num) AS column_alias1
    FROM table_name table_alias0
)
SELECT 
    table_alias1.col_name,
    table_alias1.col_name,
    table_alias3.col_name,
    table_alias5.col_name,
    table_alias4.col_name,
    table_alias6.new_columnumn_alias1,
    CASE 
        WHEN table_alias6.new_columnumn_alias1 > num 
             AND table_alias3.col_name != string
             AND table_alias5.col_name != string
             AND (table_alias4.col_name = string OR table_alias4.col_name = string)
        THEN string
        ELSE string
    END AS column_alias2
FROM table_name table_alias1
JOIN table_name table_alias2 ON table_alias1.col_name = table_alias2.col_name
LEFT JOIN table_name table_alias3 ON table_alias1.col_name = table_alias3.col_name
LEFT JOIN table_name table_alias4 ON table_alias1.col_name = table_alias4.col_name
LEFT JOIN table_name table_alias5 ON table_alias1.col_name = table_alias5.col_name
LEFT JOIN CTE table_alias6 ON table_alias2.col_name = table_alias6.col_name
WHERE table_alias6.new_columnumn_alias1 IS NOT NULL;",1
182,"WITH CTE AS (
    SELECT 
        table_alias0.col_name,
        ROUND((num * CAST((table_alias3.col_name->string->>string) AS column_alias0)+ 
         num * table_alias5.col_name + 
         num * CAST((table_alias3.col_name->string->>string) AS column_alias0)/ num),num) AS column_alias1,
        RANK() OVER (ORDER BY (num * CAST((table_alias3.col_name->string->>string) AS column_alias0)+ 
                              num * table_alias5.col_name + 
                              num * CAST((table_alias3.col_name->string->>string) AS column_alias0)/ num) DESC) AS column_alias2
    FROM table_name table_alias0
    JOIN table_name table_alias1 ON table_alias1.col_name = table_alias0.col_name
    JOIN table_name table_alias2 ON table_alias2.col_name = table_alias1.col_name
    JOIN table_name table_alias3 ON table_alias3.col_name = table_alias2.col_name
    JOIN table_name table_alias4 ON table_alias4.col_name = table_alias2.col_name
    JOIN table_name table_alias5 ON table_alias5.col_name = table_alias4.col_name
)
SELECT 
    col_name,
    column_alias1,
    column_alias2
FROM CTE
WHERE column_alias1 > num
ORDER BY column_alias2
LIMIT num",1
183,"WITH CTE AS (
    SELECT 
        table_alias0.col_name,
        SUM(
            (table_alias0.col_name / GREATEST(table_alias0.col_name, table_alias0.col_name, table_alias0.col_name, table_alias0.col_name, table_alias0.col_name, table_alias0.col_name)) +
            (table_alias0.col_name / GREATEST(table_alias0.col_name, table_alias0.col_name, table_alias0.col_name, table_alias0.col_name, table_alias0.col_name, table_alias0.col_name)) +
            (table_alias0.col_name / GREATEST(table_alias0.col_name, table_alias0.col_name, table_alias0.col_name, table_alias0.col_name, table_alias0.col_name, table_alias0.col_name)) +
            (table_alias0.col_name / GREATEST(table_alias0.col_name, table_alias0.col_name, table_alias0.col_name, table_alias0.col_name, table_alias0.col_name, table_alias0.col_name)) +
            (table_alias0.col_name / GREATEST(table_alias0.col_name, table_alias0.col_name, table_alias0.col_name, table_alias0.col_name, table_alias0.col_name, table_alias0.col_name)) +
            (table_alias0.col_name / GREATEST(table_alias0.col_name, table_alias0.col_name, table_alias0.col_name, table_alias0.col_name, table_alias0.col_name, table_alias0.col_name)) +
            table_alias0.col_name + table_alias0.col_name + table_alias0.col_name + table_alias0.col_name + table_alias0.col_name + table_alias0.col_name
        ) / (COUNT(*) * num) AS column_alias0,
        MAX(GREATEST(table_alias0.col_name, table_alias0.col_name, table_alias0.col_name, table_alias0.col_name, table_alias0.col_name, table_alias0.col_name)) AS column_alias1
    FROM table_name table_alias0
    GROUP BY table_alias0.col_name
),
OperatingHours AS (
    SELECT 
        table_alias1.col_name,
        MAX(table_alias1.col_name) AS column_alias2
    FROM table_name table_alias1
    GROUP BY table_alias1.col_name
)
SELECT 
    table_alias2.col_name,
    table_alias2.new_columnumn_alias0,
    table_alias2.new_columnumn_alias1,
    table_alias3.new_columnumn_alias2,
    REGR_SLOPE(table_alias2.new_columnumn_alias0, table_alias3.new_columnumn_alias2) OVER () AS column_alias3
FROM CTE table_alias2
INNER JOIN new_table table_alias3 ON table_alias2.col_name = table_alias3.col_name
WHERE table_alias2.new_columnumn_alias0 > num AND table_alias2.new_columnumn_alias1 > num  
  AND table_alias3.new_columnumn_alias2 > num               
ORDER BY table_alias2.new_columnumn_alias0 DESC
LIMIT num",1
184,"WITH CTE AS (
    SELECT 
        table_alias0.col_name,
        SUM(
            CAST(COALESCE((col_name->>string) AS column_alias0), num) +
            CAST(COALESCE((col_name->>string) AS column_alias0), num) +
            CAST(COALESCE((col_name->>string) AS column_alias0), num) +
            CAST(COALESCE((col_name->>string) AS column_alias0), num)
        ) AS column_alias1
    FROM table_name table_alias0
    GROUP BY table_alias0.col_name
),
RecentFaults AS (
    SELECT 
        table_alias1.col_name,
        table_alias1.col_name,
        ROW_NUMBER() OVER (PARTITION BY table_alias1.col_name ORDER BY table_alias1.col_name ASC) AS column_alias2
    FROM table_name table_alias1
    WHERE table_alias1.col_name IS NOT NULL
)
SELECT 
    table_alias2.col_name,
    table_alias2.new_columnumn_alias1,
    table_alias3.col_name AS column_alias3
FROM CTE table_alias2
INNER JOIN new_table table_alias3 ON table_alias2.col_name = table_alias3.col_name
WHERE table_alias2.new_columnumn_alias1 > num  
AND table_alias3.new_columnlumn_alias2 = num     
AND table_alias3.col_name > num ORDER BY table_alias2.new_columnumn_alias1 DESC LIMIT num",1
185,"WITH CTE AS (
    SELECT 
        table_alias0.col_name,
        SUM(
            CAST(COALESCE((table_alias0.col_name->>string) AS column_alias0), num) +
            CAST(COALESCE((table_alias0.col_name->>string) AS column_alias0), num) +
            CAST(COALESCE((table_alias0.col_name->>string) AS column_alias0), num) +
            CAST(COALESCE((table_alias0.col_name->>string) AS column_alias0), num)
        ) AS column_alias1
    FROM table_name table_alias0
    GROUP BY table_alias0.col_name
)
SELECT 
    table_alias2.col_name AS column_alias2,
    AVG(table_alias1.new_columnumn_alias1) AS column_alias3,
    MAX(table_alias1.new_columnumn_alias1) AS column_alias4
FROM CTE table_alias1
INNER JOIN table_name table_alias2 ON table_alias1.col_name = table_alias2.col_name
WHERE table_alias1.new_columnumn_alias1 > num  
GROUP BY table_alias2.col_name
ORDER BY column_alias3 DESC
LIMIT num",1
186,"WITH CTE AS (
    SELECT 
        table_alias0.col_name,
        SUM(table_alias0.col_name) as column_alias0,
        AVG(table_alias0.col_name) as column_alias1,
        SUM(table_alias0.col_name)/NULLIF(SUM(table_alias0.col_name), num) as column_alias2,
        array_agg(DISTINCT table_alias0.col_name) as column_alias3
    FROM table_name table_alias0
    GROUP BY table_alias0.col_name
),
temporal_efficiency AS (
    SELECT 
        table_alias1.col_name,
        table_alias1.new_columnumn_alias2,
        table_alias1.new_columnumn_alias0,
        table_alias1.new_column
        cardinality(table_alias1.new_columnas column_alias4,
        FIRST_VALUE(table_alias0.col_name) OVER (
            PARTITION BY table_alias0.col_name 
            ORDER BY table_alias2.col_name DESC
        ) as column_alias5
    FROM CTE table_alias1
    JOIN table_name table_alias0 ON table_alias1.col_name = table_alias0.col_name
    JOIN table_name table_alias2 ON table_alias0.col_name = table_alias2.col_name
)
SELECT 
    table_alias3.col_name,
    table_alias3.col_name,
    table_alias4.new_columnumn_alias2,
    table_alias4.new_columnumn_alias0,
    table_alias4.new_column
    table_alias4.new_column,
    table_alias4.new_column  CASE 
        WHEN table_alias4.new_columnumn_alias2 < num AND table_alias4.new_columnumn_alias0 > num THEN string
        WHEN table_alias4.new_columnumn_alias2 < num OR table_alias4.new_columnumn_alias0 > num THEN string
        ELSE string
    END as column_alias6,
    DENSE_RANK() OVER (
        PARTITION BY table_alias3.col_name 
        ORDER BY table_alias4.new_columnumn_alias2 DESC
    ) as column_alias7
FROM table_name table_alias3
JOIN new_table table_alias4 ON table_alias3.col_name = table_alias4.col_name
WHERE table_alias4.new_columnumn_alias0 > num
ORDER BY table_alias4.new_columnumn_alias2 DESC, table_alias4.new_columnumn_alias0 DESC LIMIT num",1
187,"WITH CTE AS (
    SELECT 
        table_alias0.col_name,
        table_alias0.col_name * 
        (table_alias0.col_name / num) * 
        (num - table_alias0.col_name / num) AS column_alias0
    FROM table_name table_alias0
)
SELECT 
    table_alias2.col_name,
    table_alias2.col_name,
    CAST(ROUND(AVG(table_alias0.col_name) AS column_alias1), num) AS column_alias2,
    CAST(ROUND(AVG(table_alias3.new_columnmn_alias0) AS column_alias1), num) AS column_alias3,
    SUM(CASE WHEN table_alias3.new_columnmn_alias0 < num THEN num ELSE num END) AS column_alias4,
    CASE 
        WHEN AVG(table_alias0.col_name) >= num THEN string
        WHEN AVG(table_alias0.col_name) >= num THEN string
        WHEN AVG(table_alias0.col_name) >= num THEN string
        WHEN AVG(table_alias0.col_name) >= num THEN string
        ELSE string
    END AS column_alias5,
    CASE 
        WHEN AVG(table_alias3.new_columnmn_alias0) < num THEN string
        WHEN AVG(table_alias3.new_columnmn_alias0) < num THEN string
        ELSE string
    END AS column_alias6
FROM table_name table_alias0
JOIN table_name table_alias1 ON table_alias0.col_name = table_alias1.col_name
JOIN table_name table_alias2 ON table_alias1.col_name = table_alias2.col_name
JOIN CTE table_alias3 ON table_alias0.col_name = table_alias3.col_name
GROUP BY table_alias2.col_name, table_alias2.col_name
ORDER BY column_alias3 DESC, column_alias2 DESC;",1
188,"WITH CTE AS (
    SELECT 
        table_alias0.col_name,
        table_alias0.col_name * (num - table_alias0.col_name/num) * (num - num * table_alias0.col_name) AS column_alias0,  
        table_alias0.col_name,
        table_alias0.col_name,
        table_alias0.col_name,
        CASE WHEN 
            table_alias0.col_name * (num - table_alias0.col_name/num) * (num - num * table_alias0.col_name) > num AND
            (table_alias0.col_name = string OR table_alias0.col_name = string) AND
            table_alias0.col_name > num AND
            (table_alias0.col_name = string OR table_alias0.col_name = string)
        THEN num ELSE num END AS column_alias1
    FROM 
        table_name table_alias0
)
SELECT 
    column_alias1,
    COUNT(*) AS column_alias2,
    CAST(ROUND(AVG(column_alias0) AS column_alias3), num) AS column_alias4,
    jsonb_agg(jsonb_build_object(
        string, col_name,
        string, CAST(ROUND(column_alias0 AS column_alias3), num),
        string, jsonb_build_object(
            string, col_name,
            string, col_name
        ),
        string, col_name
    )) AS column_alias5
FROM 
    CTE
GROUP BY 
    column_alias1;",1
189,"WITH CTE AS (
    SELECT 
        table_alias0.col_name,
        table_alias0.col_name - num * ABS(table_alias0.col_name) AS column_alias0,
        table_alias2.col_name
    FROM table_name table_alias0
    JOIN table_name table_alias1 ON table_alias0.col_name = table_alias1.col_name
    JOIN table_name table_alias2 ON table_alias1.col_name = table_alias2.col_name
)
SELECT 
    col_name,
    AVG(column_alias0) AS column_alias1,
    percentile_cont(column_alias0, num) AS column_alias2,
    SUM(CASE WHEN column_alias0 > num THEN num ELSE num END) AS column_alias3
FROM CTE
GROUP BY col_name
ORDER BY column_alias1 DESC;",1
190,"WITH CTE AS (
    SELECT 
        table_alias0.col_name,
        table_alias0.col_name,
        (num * (num - table_alias0.col_name) +
         num * table_alias0.col_name +
         num * (num - table_alias1.col_name)) AS column_alias0
    FROM table_name table_alias0
    JOIN table_name table_alias1 ON table_alias1.col_name = table_alias0.col_name
),
content_farms AS (
    SELECT 
        table_alias2.col_name,
        table_alias2.col_name,
        table_alias2.new_columnumn_alias0,
        table_alias0.col_name,
        CASE 
            WHEN table_alias0.col_name > num THEN string
            WHEN table_alias0.col_name > num THEN string
            ELSE string
        END AS column_alias1,
        DENSE_RANK() OVER (ORDER BY table_alias2.new_columnumn_alias0 DESC) AS column_alias2
    FROM CTE table_alias2
    JOIN table_name table_alias0 ON table_alias0.col_name = table_alias2.col_name
    WHERE table_alias2.new_columnumn_alias0 > num
      AND table_alias0.col_name > num
)
SELECT col_name, column_alias0, col_name, column_alias1, column_alias2
FROM new_table
WHERE column_alias2 <= num
ORDER BY column_alias2 LIMIT num",1
191,"WITH CTE AS (
    SELECT 
        table_alias0.col_name,
        table_alias0.col_name,
        (num - CAST(COALESCE(table_alias1.col_name AS column_alias0)/ num, num)) * 
        (num - CAST(COALESCE(table_alias1.col_name AS column_alias0)/ num, num)) AS column_alias1,
        (num - CAST(COALESCE(table_alias1.col_name AS column_alias0)/ num, num)) * 
        (num - CAST(COALESCE(table_alias1.col_name AS column_alias0)/ num, num)) * 
        COALESCE(table_alias1.col_name, num) AS column_alias2
    FROM table_name table_alias0
    CROSS JOIN new_table (
        SELECT * 
        FROM table_name table_alias1 
        WHERE table_alias1.col_name = table_alias0.col_name
        ORDER BY table_alias1.col_name DESC
        LIMIT num
    ) table_alias1
)
SELECT 
    col_name,
    col_name,
    CAST(ROUND(column_alias1 AS column_alias3), num) AS column_alias1,
    CAST(ROUND(column_alias2 AS column_alias3), num) AS column_alias2
FROM CTE
WHERE column_alias1 > num AND column_alias2 > num
ORDER BY column_alias2 DESC",1
192,"WITH CTE AS (
    SELECT 
        table_alias0.col_name,
        table_alias0.col_name,
        (num - table_alias0.col_name) / 
        NULLIF((CURRENT_DATE - CAST(table_alias0.col_name) AS column_alias0), num) AS column_alias1,
        DENSE_RANK() OVER (ORDER BY 
            (num - table_alias0.col_name) / NULLIF((CURRENT_DATE - CAST(table_alias0.col_name) AS column_alias0), num) DESC
        ) AS column_alias2
    FROM table_name table_alias0
    WHERE table_alias0.col_name IS NOT NULL
)
SELECT 
    col_name,
    col_name,
    CAST(ROUND(column_alias1 AS column_alias3), num) AS column_alias1,
    column_alias2
FROM CTE
WHERE column_alias1 > num AND col_name < num
ORDER BY column_alias2
LIMIT num",1
193,"WITH CTE AS (
    SELECT 
        table_alias0.col_name,
        table_alias0.col_name,
        (table_alias0.col_name -> string ->> CAST(string) AS column_alias0),
        (table_alias0.col_name -> string ->> string) AS column_alias1
    FROM table_name table_alias0
)
SELECT 
    table_alias4.col_name,
    table_alias1.new_column,
    table_alias1.new_column    CASE 
        WHEN table_alias1.new_column < num AND table_alias1.new_column string THEN string
        ELSE string
    END AS column_alias2
FROM CTE table_alias1
LEFT JOIN table_name table_alias2 ON table_alias1.col_name = table_alias2.col_name
LEFT JOIN table_name table_alias3 ON table_alias2.col_name = table_alias3.col_name
LEFT JOIN table_name table_alias4 ON table_alias3.col_name = table_alias4.col_name
WHERE table_alias1.new_column < num AND table_alias1.new_column string
LIMIT num",1
194,"WITH CTE AS (
    SELECT 
        table_alias0.col_name,
        table_alias0.col_name,
        COUNT(*) as column_alias0,
        AVG(table_alias0.col_name) as column_alias1,      
        STDDEV(table_alias0.col_name) as column_alias2,   
        SUM(table_alias0.col_name) as column_alias3,         
        SUM(table_alias0.col_name)/NULLIF(SUM(table_alias0.col_name), num) as column_alias4  
    FROM table_name table_alias0
    GROUP BY table_alias0.col_name, table_alias0.col_name
),
robot_efficiency AS (
    SELECT 
        table_alias1.col_name,
        COUNT(DISTINCT table_alias1.col_name) as column_alias5,
        AVG(table_alias1.new_column as column_alias6,   
        SUM(table_alias1.new_column3) as column_alias7,   
        SUM(table_alias1.new_column3)/NULLIF(SUM(table_alias1.new_column3 * table_alias1.new_column, num) as column_alias8,  
        ARRAY_AGG(DISTINCT table_alias1.col_name) as column_alias9
    FROM CTE table_alias1
    GROUP BY table_alias1.col_name
),
program_ranking AS (
    SELECT 
        table_alias1.col_name,
        AVG(table_alias1.new_columns4) as column_alias10,        
        COUNT(DISTINCT table_alias1.col_name) as column_alias11,
        DENSE_RANK() OVER (ORDER BY AVG(table_alias1.new_columns4) DESC) as column_alias12  
    FROM CTE table_alias1
    GROUP BY table_alias1.col_name
)
SELECT 
    table_alias2.col_name,
    COUNT(DISTINCT table_alias3.col_name) as column_alias11,
    CAST(ROUND(AVG(table_alias3.new_columnias8) AS column_alias13), num) as column_alias14,   
    CAST(ROUND(AVG(table_alias3.new_column) AS column_alias13), num) as column_alias15,
    CAST(ROUND(AVG(table_alias3.new_columnlumn_alias13), num) as column_alias16,  
    jsonb_build_object(
        string, (
            SELECT col_name 
            FROM new_table 
            WHERE column_alias12 = num    
            LIMIT num
        ),
        string, (
            SELECT CAST(ROUND(AVG(column_alias10) AS column_alias13), num)  
            FROM new_table
        )
    ) as column_alias17,
    SUM(CASE WHEN table_alias3.new_columnias8 < num AND table_alias3.new_columnTHEN num ELSE num END) as column_alias18
FROM table_name table_alias2
JOIN new_table table_alias3 ON table_alias2.col_name = table_alias3.col_name
GROUP BY table_alias2.col_name
HAVING COUNT(*) >= num
ORDER BY column_alias14 DESC    
LIMIT num",1
195,"WITH CTE AS (
    SELECT 
        table_alias0.col_name,
        table_alias0.col_name,
        table_alias0.col_name,
        (table_alias1.col_name / num) * (num - (table_alias1.col_name + table_alias1.col_name) / num) * num AS table_alias3
    FROM table_name table_alias0
    JOIN table_name table_alias1 ON table_alias0.col_name = table_alias1.col_name
    WHERE table_alias1.col_name = string
),
controller_metrics AS (
    SELECT 
        table_alias2.col_name,
        table_alias2.col_name,
        table_alias2.col_name,
        table_alias2.col_name,
        table_alias2.col_name
    FROM table_name table_alias2
    JOIN table_name table_alias0 ON table_alias2.col_name = table_alias0.col_name
    JOIN table_name table_alias1 ON table_alias0.col_name = table_alias1.col_name
    WHERE table_alias1.col_name = string
)
SELECT 
    table_alias0.col_name AS column_alias0,
    table_alias0.col_name AS column_alias1,
    ROUND(table_alias3.new_columnle_alias3, num) AS column_alias2,
    table_alias4.col_name AS column_alias3,
    table_alias4.col_name AS column_alias4,
    table_alias4.col_name AS column_alias5,
    table_alias4.col_name AS column_alias6,
    CASE 
        WHEN table_alias3.new_columnle_alias3 > num AND table_alias4.col_name > num AND table_alias4.col_name > num 
             AND table_alias4.col_name >= num AND table_alias4.col_name > num THEN string
        ELSE string
    END AS column_alias7
FROM table_name table_alias0
JOIN CTE table_alias3 ON table_alias0.col_name = table_alias3.col_name
JOIN new_table table_alias4 ON table_alias0.col_name = table_alias4.col_name
ORDER BY column_alias7 DESC, column_alias2 DESC;",1
196,"WITH CTE AS (
    SELECT 
        table_alias0.col_name,
        table_alias0.col_name,
        table_alias0.col_name,
        table_alias0.col_name,
        (table_alias0.col_name / NULLIF(table_alias0.col_name + table_alias0.col_name, num)) * num AS column_alias0
    FROM table_name table_alias0
    WHERE table_alias0.col_name IS NOT NULL AND table_alias0.col_name IS NOT NULL
),
ContainerRisk AS (
    SELECT 
        table_alias1.col_name,
        table_alias1.col_name,
        table_alias1.col_name,
        (num - ((num - CAST(COALESCE(table_alias2.col_name AS column_alias1)/ num, num)) * 
              (num - CAST(COALESCE(table_alias2.col_name AS column_alias1)/ num, num)) * 
              COALESCE(table_alias2.col_name, num))) * 
        (num - COALESCE(table_alias1.col_name, num) / num) AS column_alias2,
        table_alias2.col_name,
        table_alias2.col_name,
        table_alias2.col_name
    FROM table_name table_alias1
    FULL JOIN table_name table_alias2 ON table_alias1.col_name = table_alias2.col_name
    WHERE table_alias1.col_name IS NOT NULL OR table_alias2.col_name IS NOT NULL
)
SELECT 
    rp.col_name AS column_alias3,
    rp.col_name AS column_alias4,
    CAST(ROUND(rp.new_columnumn_alias0 AS column_alias5), num) AS column_alias0,
    CAST(COALESCE(ROUND(MAX(cr.new_columnumn_alias2) AS column_alias5), num), num) AS column_alias6,
    rp.col_name AS column_alias7,
    rp.col_name AS column_alias8,
    CAST(MAX(cr.col_name) AS column_alias1),
    CAST(MAX(cr.col_name) AS column_alias1),
    CAST(MAX(cr.col_name) AS column_alias1),
    CAST(MAX(cr.col_name) AS column_alias1).col_name = cr.col_name
WHERE rp.new_columnumn_alias0 < num
GROUP BY rp.col_name, rp.col_name, rp.new_columnumn_alias0, rp.col_name, rp.col_name
HAVING MAX(cr.new_columnumn_alias2) > num OR MAX(cr.new_columnumn_alias2) IS NULL
ORDER BY COALESCE(MAX(cr.new_columnumn_alias2), num) DESC
LIMIT num",1
197,"WITH CTE AS (
    SELECT 
        table_alias0.col_name,
        table_alias0.col_name,
        table_alias0.col_name,
        table_alias0.col_name,
        table_alias0.col_name,
        (CASE table_alias0.col_name 
             WHEN string THEN num 
             WHEN string THEN num 
             WHEN string THEN num 
             WHEN string THEN num 
         END * num +
         CASE table_alias0.col_name 
             WHEN string THEN num 
             WHEN string THEN num 
             WHEN string THEN num 
             WHEN string THEN num 
         END * num +
         table_alias1.col_name * num - table_alias0.col_name * num + 
         table_alias0.col_name * num) AS column_alias0,
        table_alias1.col_name
    FROM 
        table_name table_alias0
    JOIN 
        table_name table_alias1 ON table_alias0.col_name = table_alias1.col_name
)
SELECT 
    table_alias0.col_name,
    table_alias0.new_columnas0.col_name,
    table_alias2.col_name
FROM 
    CTE table_alias0
JOIN 
    table_name table_alias1 ON table_alias0.col_name = table_alias1.col_name
JOIN 
    table_name table_alias2 ON table_alias1.col_name = table_alias2.col_name
JOIN 
    table_name table_alias3 ON table_alias2.col_name = table_alias3.col_name
WHERE 
    table_alias0.new_columntable_alias0.col_name = string
ORDER BY 
    table_alias0.new_column",1
198,"WITH CTE AS (
    SELECT 
        table_alias0.col_name,
        table_alias0.col_name,
        table_alias0.col_name,
        table_alias0.col_name,
        table_alias0.col_name,
        table_alias0.col_name,
        table_alias0.col_name,
        table_alias0.col_name * (num - table_alias0.col_name/num) AS column_alias0,
        table_alias1.col_name,
        table_alias1.col_name
    FROM table_name table_alias0
    JOIN table_name table_alias1 ON table_alias0.col_name = table_alias1.col_name
    WHERE table_alias0.col_name IS NOT NULL AND table_alias0.col_name IS NOT NULL
),
percentile_analysis AS (
    SELECT 
        col_name,
        col_name,
        col_name,
        col_name,
        col_name,
        col_name,
        col_name,
        col_name,
        col_name,
        column_alias0,
        PERCENT_RANK() OVER (ORDER BY column_alias0) AS column_alias1,
        PERCENT_RANK() OVER (ORDER BY col_name DESC) AS column_alias2,
        PERCENT_RANK() OVER (ORDER BY col_name DESC) AS column_alias3
    FROM CTE
)
SELECT 
    col_name AS column_alias4,
    col_name AS column_alias5,
    CASE 
        WHEN column_alias1 < num AND column_alias2 < num THEN string
        WHEN column_alias1 < num AND column_alias2 >= num THEN string
        WHEN column_alias1 >= num AND column_alias2 < num THEN string
        WHEN column_alias1 >= num AND column_alias2 >= num THEN string
        ELSE string
    END AS column_alias6,
    COUNT(*) AS column_alias7,
    CAST(ROUND(AVG(col_name) AS column_alias8), num) AS column_alias9,
    CAST(ROUND(AVG(column_alias0) AS column_alias8), num) AS column_alias10,
    CAST(ROUND(AVG(col_name) AS column_alias8), num) AS column_alias11,
    CAST(ROUND(AVG(col_name) AS column_alias8), num) AS column_alias12,
    CAST(ROUND(AVG(col_name) AS column_alias8), num) AS column_alias13,
    CAST(ROUND(AVG(col_name) AS column_alias8), num) AS column_alias14
FROM new_table
GROUP BY 
    col_name,
    col_name,
    CASE 
        WHEN column_alias1 < num AND column_alias2 < num THEN string
        WHEN column_alias1 < num AND column_alias2 >= num THEN string
        WHEN column_alias1 >= num AND column_alias2 < num THEN string
        WHEN column_alias1 >= num AND column_alias2 >= num THEN string
        ELSE string
    END
HAVING COUNT(*) > num
ORDER BY column_alias10, column_alias11 DESC;",1
199,"WITH CTE AS (
    SELECT 
        table_alias0.col_name,
        table_alias0.col_name,
        table_alias0.col_name,
        table_alias0.col_name,
        table_alias0.col_name,
        table_alias0.col_name,
        table_alias0.col_name,
        table_alias0.col_name,
        table_alias1.col_name,
        table_alias1.col_name,
        table_alias1.col_name,
        table_alias2.col_name,
        ((num - ABS(table_alias0.col_name)/(table_alias0.col_name * num)) * 
         (table_alias0.col_name/(num + table_alias0.col_name/num))) AS column_alias0
    FROM table_name table_alias0
    INNER JOIN table_name table_alias1 ON table_alias0.col_name = table_alias1.col_name
    INNER JOIN table_name table_alias2 ON table_alias0.col_name = table_alias2.col_name
)
SELECT 
    table_alias3.col_name,
    table_alias3.col_name,
    CAST(ROUND(table_alias3.new_columnumn_alias0 AS column_alias1), num) AS column_alias0,
    string_agg(
        CASE 
            WHEN column_alias4 = string THEN string || column_alias5
            WHEN column_alias4 = string THEN string || column_alias5
            WHEN column_alias4 = string THEN string || column_alias5
        END,
        string ORDER BY column_alias4
    ) AS column_alias2,
    CASE 
        WHEN table_alias3.new_columnumn_alias0 > num AND 
             table_alias3.col_name BETWEEN num AND num AND
             table_alias3.col_name > num
        THEN string
        WHEN table_alias3.new_columnumn_alias0 > num AND table_alias3.col_name BETWEEN num AND num
        THEN string
        ELSE string
    END AS column_alias3
FROM CTE table_alias3
CROSS JOIN new_table (
    SELECT unnest(ARRAY[string, string, string]) AS column_alias4,
           unnest(ARRAY[table_alias3.col_name, table_alias3.col_name, table_alias3.col_name]) AS column_alias5
) AS column_alias6
GROUP BY 
    table_alias3.col_name, table_alias3.col_name, table_alias3.new_columnumn_alias0, table_alias3.col_name, table_alias3.col_name, table_alias3.col_name;",1
200,"WITH CTE AS (
    SELECT 
        table_alias0.col_name,
        table_alias0.col_name,
        table_alias0.col_name,
        table_alias0.col_name,
        table_alias0.col_name,
        table_alias0.col_name,
        table_alias1.col_name,
        table_alias1.col_name,
        table_alias0.col_name * (table_alias0.col_name + table_alias0.col_name) / num / 
        (table_alias0.col_name * num * LOG(table_alias1.col_name + num)) as column_alias0
    FROM table_name table_alias0
    LEFT JOIN table_name table_alias1 ON table_alias0.col_name = table_alias1.col_name
),
workflow_analysis AS (
    SELECT 
        table_alias2.col_name,
        table_alias2.new_columnumn_alias0,
        ROUND(AVG(table_alias2.col_name) OVER (PARTITION BY table_alias2.col_name), num) as column_alias1,
        DENSE_RANK() OVER (ORDER BY table_alias2.new_columnumn_alias0) as column_alias2,
        json_object(
            string, table_alias2.col_name,
            string, table_alias2.col_name,
            string, table_alias2.col_name
        ) as column_alias3
    FROM CTE table_alias2
)
SELECT 
    col_name,
    CAST(ROUND(column_alias0 AS column_alias4), num) as column_alias5,
    column_alias1,
    column_alias2,
    CASE 
        WHEN column_alias0 < num THEN string
        WHEN column_alias0 < num THEN string
        ELSE string
    END as column_alias6,
    column_alias3
FROM new_table
ORDER BY column_alias0 ASC;",1
201,"WITH CTE AS (
    SELECT 
        table_alias0.col_name,
        table_alias0.col_name,
        table_alias0.col_name,
        table_alias1.col_name,
        table_alias1.col_name
    FROM table_name table_alias0
    RIGHT JOIN table_name table_alias1 
        ON table_alias0.col_name = table_alias1.col_name
    WHERE EXISTS (
        SELECT num 
        FROM table_name table_alias2 
        WHERE table_alias2.col_name = table_alias1.col_name 
        AND table_alias2.col_name != table_alias2.col_name
    )
    AND (
        table_alias0.col_name = string 
        OR table_alias0.col_name = string
    )
)
SELECT 
    col_name,
    col_name,
    col_name,
    col_name || string || col_name AS column_alias0
FROM CTE
ORDER BY col_name
LIMIT num",1
202,"WITH CTE AS (
    SELECT 
        table_alias0.col_name,
        table_alias0.col_name,
        table_alias0.col_name,
        table_alias1.col_name,
        table_alias1.col_name,
        table_alias0.col_name,
        (table_alias1.col_name * table_alias1.col_name) / (table_alias0.col_name * num) AS column_alias0
    FROM table_name table_alias0
    JOIN table_name table_alias1 ON table_alias0.col_name = table_alias1.col_name
    WHERE table_alias0.col_name LIKE string OR table_alias0.col_name LIKE string
)
SELECT 
    col_name AS column_alias1,
    col_name AS column_alias2,
    col_name AS column_alias3,
    col_name AS column_alias4,
    col_name AS column_alias5,
    ROUND(column_alias0, num) AS column_alias6,
    CASE 
        WHEN column_alias0 > num THEN string
        WHEN column_alias0 BETWEEN num AND num THEN string
        WHEN column_alias0 BETWEEN num AND num THEN string
        ELSE string
    END AS column_alias7,
    PERCENT_RANK() OVER(PARTITION BY col_name ORDER BY column_alias0) AS column_alias8
FROM CTE
ORDER BY column_alias0 DESC;",1
203,"WITH CTE AS (
    SELECT 
        table_alias0.col_name,
        table_alias0.col_name,
        table_alias0.col_name,
        table_alias2.col_name,
        table_alias1.col_name,
        table_alias1.col_name,
        NTILE(num) OVER (ORDER BY table_alias1.col_name DESC) AS column_alias0,
        NTILE(num) OVER (ORDER BY table_alias1.col_name DESC) AS column_alias1
    FROM table_name table_alias0
    JOIN table_name table_alias1 ON table_alias0.col_name = table_alias1.col_name
    JOIN table_name table_alias2 ON table_alias0.col_name = table_alias2.col_name
)
SELECT 
    col_name,
    col_name,
    col_name,
    col_name,
    CASE 
        WHEN col_name > num THEN string
        WHEN column_alias0 = num AND column_alias1 = num THEN string
        ELSE string
    END AS column_alias2
FROM CTE
WHERE col_name = string AND 
      (col_name > num OR (column_alias0 = num AND column_alias1 = num));",1
204,"WITH CTE AS (
    SELECT 
        table_alias0.col_name,
        table_alias0.col_name,
        table_alias1.col_name * (num - table_alias1.col_name) * table_alias1.col_name * (num + table_alias1.col_name/num) AS column_alias0,
        table_alias0.col_name/(table_alias0.col_name * num) AS column_alias1
    FROM table_name table_alias0
    JOIN table_name table_alias1 ON table_alias0.col_name = table_alias1.col_name
    WHERE table_alias1.col_name > num 
      AND table_alias1.col_name < num 
      AND table_alias1.col_name < num
      AND table_alias0.col_name/(table_alias0.col_name * num) < num
)
SELECT 
    table_alias3.col_name,
    COUNT(*) AS column_alias2,
    AVG(table_alias2.new_columnmn_alias0) AS column_alias3,
    AVG(table_alias2.new_columnumn_alias1) AS column_alias4,
    COUNT(*) * num / (SELECT COUNT(*) FROM CTE) AS column_alias5
FROM CTE table_alias2
JOIN table_name table_alias3 ON table_alias2.col_name = table_alias3.col_name
GROUP BY table_alias3.col_name
ORDER BY column_alias2 DESC;",1
205,"WITH CTE AS (
    SELECT 
        table_alias0.col_name,
        table_alias0.col_name,
        table_alias1.col_name,
        json_object(
            string, table_alias1.col_name,
            string, table_alias1.col_name,
            string, table_alias1.col_name,
            string, table_alias1.col_name,
            string, table_alias1.col_name,
            string, table_alias1.col_name,
            string, table_alias1.col_name
        ) AS column_alias0,
        (
            CASE WHEN table_alias1.col_name = string THEN num ELSE num END +
            CASE WHEN table_alias1.col_name = string THEN num ELSE num END +
            CASE WHEN table_alias1.col_name = string THEN num ELSE num END +
            CASE WHEN table_alias1.col_name = string THEN num ELSE num END +
            CASE WHEN table_alias1.col_name = string THEN num ELSE num END +
            CASE WHEN table_alias1.col_name = string THEN num ELSE num END +
            CASE WHEN table_alias1.col_name = string THEN num ELSE num END
        ) AS column_alias1
    FROM 
        table_name table_alias0
    JOIN 
        table_name table_alias1 ON table_alias0.col_name = table_alias1.col_name
),
LatestReadings AS (
    SELECT DISTINCT ON (table_alias2.col_name)
        table_alias2.col_name,
        table_alias2.col_name,
        table_alias2.col_name,
        table_alias2.col_name
    FROM 
        table_name table_alias2
    ORDER BY 
        table_alias2.col_name, table_alias2.col_name DESC
),
ArtifactMDR AS (
    SELECT 
        table_alias3.col_name,
        table_alias3.col_name,
        table_alias3.new_column table_alias4.col_name,
        table_alias5.col_name,
        table_alias5.col_name,
        (table_alias0.col_name * 
         CASE 
            WHEN json_extract_path_text(table_alias3.new_column, string) = string THEN num
            WHEN json_extract_path_text(table_alias3.new_column, string) = string THEN num
            WHEN json_extract_path_text(table_alias3.new_column, string) = string THEN num
         END * 
         POWER((table_alias5.col_name - num), num) * 
         table_alias5.col_name) / num AS table_alias6
    FROM 
        CTE table_alias3
    JOIN 
        table_name table_alias0 ON table_alias3.col_name = table_alias0.col_name
    JOIN 
        table_name table_alias4 ON table_alias3.col_name = table_alias4.col_name
    LEFT JOIN 
        new_table table_alias5 ON table_alias4.col_name = table_alias5.col_name
)
SELECT 
    table_alias6.col_name,
    table_alias6.col_name,
    table_alias6.col_name AS column_alias2,
    table_alias6.col_name AS column_alias3,
    table_alias6.new_columnE 
        WHEN table_alias6.new_columnle_alias6 > num AND table_alias6.new_columnHEN string
        ELSE string
    END AS column_alias4
FROM 
    new_table table_alias6;",1
206,"WITH CTE AS (
    SELECT 
        table_alias0.col_name,
        table_alias0.col_name,
        table_alias1.col_name,
        table_alias1.col_name
    FROM table_name table_alias0
    JOIN table_name table_alias1 ON table_alias1.col_name = table_alias0.col_name
),
fan_engagement AS (
    SELECT 
        table_alias2.col_name,
        table_alias2.col_name,
        table_alias2.col_name,
        table_alias3.col_name,
        table_alias3.col_name,
        table_alias3.col_name,
        table_alias3.col_name,
        table_alias3.col_name,
        table_alias3.col_name,
        table_alias3.col_name * num + table_alias3.col_name / num * num + table_alias3.col_name / num * num + table_alias3.col_name / num * num AS column_alias0
    FROM CTE table_alias2
    JOIN table_name table_alias3 ON table_alias3.col_name = table_alias2.col_name
),
community_data AS (
    SELECT 
        table_alias4.col_name,
        table_alias4.col_name,
        table_alias4.col_name,
        table_alias4.col_name,
        table_alias4.new_columnas0,
        table_alias5.col_name,
        table_alias5.col_name,
        CAST((table_alias5.col_name->string->>string) AS column_alias1),
        CAST((table_alias5.col_name->string->>string) AS column_alias2),
        CAST((table_alias5.col_name->string->>string) AS column_alias2),
        CAST((table_alias5.col_name->string->>string) AS column_alias2),
        table_alias6.col_name
    FROM new_table table_alias4
    JOIN table_name table_alias5 ON table_alias5.col_name = table_alias4.col_name
    JOIN table_name table_alias6 ON table_alias6.col_name = table_alias4.col_name
),
cci_components AS (
    SELECT 
        table_alias7.col_name,
        table_alias7.col_name,
        table_alias7.new_column * (table_alias7.new_column / num) * (num + table_alias7.new_column / num * num) AS column_alias3,
        (table_alias7.new_column / num) * (table_alias4.col_name * num) * (COALESCE(table_alias7.col_name, num) + num) * num AS column_alias4,
        table_alias7.col_name,
        table_alias7.new_columnas0,
        table_alias7.col_name,
        table_alias7.col_name,
        table_alias7.new_column
    FROM new_table table_alias7
    JOIN new_table table_alias4 ON table_alias4.col_name = table_alias7.col_name
)
SELECT 
    col_name,
    ROUND((column_alias3 * num + column_alias4 * num + col_name * num + column_alias0 * CAST(num) AS column_alias2), num) AS column_alias5,
    group_role,
    col_name,
    col_name
FROM new_table
WHERE 
    (column_alias3 * num + column_alias4 * num + col_name * num + column_alias0 * num) > num
    AND col_name = string
    AND col_name > num
    AND (group_role = string OR group_role = string)
ORDER BY column_alias5 DESC;",1
207,"WITH CTE AS (
    SELECT 
        table_alias0.col_name,
        table_alias0.col_name,
        table_alias1.col_name,
        table_alias1.col_name,
        (table_alias1.col_name * table_alias1.col_name / num) AS column_alias0,
        table_alias2.col_name,
        table_alias2.col_name
    FROM table_name table_alias0
    JOIN table_name table_alias1 ON table_alias1.col_name = table_alias0.col_name
    JOIN table_name table_alias2 ON table_alias2.col_name = table_alias0.col_name
)
SELECT 
    col_name,
    col_name,
    ROUND(column_alias0, num) AS column_alias1,
    col_name
FROM CTE
WHERE 
    column_alias0 > num
    AND col_name < num
    AND col_name IN (string, string)
ORDER BY column_alias0 DESC;",1
208,"WITH CTE AS (
    SELECT 
        table_alias0.col_name,
        table_alias0.col_name,
        table_alias1.col_name,
        table_alias1.col_name,
        table_alias1.col_name,
        COALESCE(table_alias2.col_namealias0, num) AS column_alias0
    FROM table_name table_alias0
    JOIN table_name table_alias1 ON table_alias1.col_name = table_alias0.col_name
    LEFT JOIN table_name table_alias2 ON table_alias2.col_name = table_alias0.col_name
),
fan_engagement AS (
    SELECT 
        table_alias3.col_name,
        table_alias3.col_name,
        table_alias4.col_name * num + 
        table_alias4.col_name / num * num + 
        table_alias4.col_name / num * num + 
        table_alias4.col_name / num * num AS column_alias1,
        table_alias3.col_name * (num + table_alias3.col_name / num * num) * 
        (num + table_alias3.col_namealias0 / num * num) AS column_alias2,
        table_alias4.col_name
    FROM CTE table_alias3
    JOIN table_name table_alias4 ON table_alias4.col_name = table_alias3.col_name
),
retention_risk AS (
    SELECT 
        table_alias5.col_name,
        table_alias5.col_name,
        table_alias5.new_columnumn_alias1,
        table_alias5.new_columnlumn_alias2,
        CASE 
            WHEN table_alias6.col_name = string THEN num
            WHEN table_alias6.col_name = string THEN num
            WHEN table_alias6.col_name = string THEN num
            WHEN table_alias6.col_name = string THEN num
        END AS column_alias3
    FROM new_table table_alias5
    JOIN table_name table_alias6 ON table_alias6.col_name = table_alias5.col_name
),
fan_lifetime_value AS (
    SELECT 
        col_name,
        col_name,
        column_alias2 * (num - column_alias3 / num) * (num + column_alias1) * num AS column_alias4
    FROM new_table
),
percentile_values AS (
    SELECT
        percentile_cont(column_alias4, num) AS column_alias5,
        PERCENTILE_CONT(num) WITHIN GROUP (ORDER BY column_alias4) AS column_alias6,
        PERCENTILE_CONT(num) WITHIN GROUP (ORDER BY column_alias4) AS column_alias7
    FROM new_table
)
SELECT 
    table_alias0.col_name,
    table_alias0.col_name,
    ROUND(table_alias0.new_columnumn_alias4, num) AS column_alias4,
    CASE 
        WHEN table_alias0.new_columnumn_alias4 > p.new_columnumn_alias7 THEN string
        WHEN table_alias0.new_columnumn_alias4 > p.new_columnumn_alias6 THEN string
        WHEN table_alias0.new_columnumn_alias4 > p.new_column_alias5 THEN string
        ELSE string
    END AS column_alias8
FROM new_table table_alias0, percentile_values p
ORDER BY table_alias0.new_columnumn_alias4 DESC;",1
209,"WITH CTE AS (
    SELECT 
        table_alias0.col_name,
        table_alias1.col_name,
        AVG(table_alias0.col_name) AS column_alias0  
    FROM table_name table_alias0
    JOIN table_name table_alias1 ON table_alias0.col_name = table_alias1.col_name
    GROUP BY table_alias0.col_name, table_alias1.col_name
),
FaultScore AS (
    SELECT 
        table_alias3.col_name,
        MAX(table_alias3.col_name) FILTER (WHERE table_alias3.col_name = (
            SELECT MIN(col_name) FROM table_name table_alias2 
            WHERE table_alias2.col_name = table_alias3.col_name
        )) AS column_alias1  
    FROM table_name table_alias3
    GROUP BY table_alias3.col_name
),
RobotAge AS (
    SELECT 
        table_alias1.col_name,
        (EXTRACT(EPOCH FROM (table_alias4.col_name - table_alias1.col_name)) / (num * num * num)) AS column_alias2  
    FROM table_name table_alias1
    JOIN table_name table_alias4 ON table_alias1.col_name = table_alias4.col_name
),
Ranked AS (
    SELECT 
        table_alias5.col_name,
        table_alias5.col_name,
        table_alias5.new_columnumn_alias0,
        PERCENT_RANK() OVER (PARTITION BY table_alias5.col_name ORDER BY table_alias5.new_columnumn_alias0 DESC) AS column_alias3 
    FROM CTE table_alias5
)
SELECT 
    table_alias6.col_name AS column_alias4,
    AVG(table_alias6.new_columnumn_alias0) AS column_alias5,  
    MAX(table_alias6.new_columnlias3) AS column_alias6, 
    AVG(COALESCE(table_alias7.new_columnmn_alias1, num)) AS column_alias7,  
    COUNT(DISTINCT table_alias6.col_name) AS column_alias8
FROM new_table table_alias6
LEFT JOIN new_table table_alias7 ON table_alias6.col_name = table_alias7.col_name
INNER JOIN new_table table_alias8 ON table_alias6.col_name = table_alias8.col_name
WHERE table_alias6.new_columnumn_alias0 >= num  
AND COALESCE(table_alias7.new_columnmn_alias1, num) > num  
AND table_alias8.new_columnumn_alias2 > num  
GROUP BY table_alias6.col_name
ORDER BY column_alias6 DESC
LIMIT num",1
210,"WITH CTE AS (
    SELECT 
        table_alias0.col_name,
        table_alias1.col_name,
        table_alias0.col_name,
        table_alias0.col_name,
        table_alias0.col_name,
        table_alias0.col_name,
        table_alias1.col_name,
        table_alias1.col_name,
        table_alias1.col_name,
        (table_alias0.col_name * (num - table_alias0.col_name/num) * (num - num * table_alias0.col_name)) AS column_alias0,
        ((num - table_alias0.col_name/num) * (num - table_alias0.col_name)) AS column_alias1,
        ARRAY[
            CASE WHEN table_alias1.col_name != string THEN table_alias1.col_name ELSE NULL END,
            CASE WHEN table_alias1.col_name != string THEN table_alias1.col_name ELSE NULL END,
            CASE WHEN table_alias1.col_name != string THEN table_alias1.col_name ELSE NULL END
        ] AS column_alias2
    FROM table_name table_alias0
    INNER JOIN table_name table_alias1 ON table_alias0.col_name = table_alias1.col_name
)
SELECT 
    table_alias2.col_name,
    table_alias2.col_name,
    (table_alias2.new_columnumn_alias0 * (num - table_alias2.new_columnumn_alias1) * (CASE WHEN table_alias2.col_name < num THEN num ELSE num/table_alias2.col_name END)) AS column_alias3,
    ARRAY_TO_STRING(ARRAY_REMOVE(table_alias2.new_columnULL), string) AS column_alias4,
    CARDINALITY(ARRAY_REMOVE(table_alias2.new_columnULL)) AS column_alias5,
    CASE 
        WHEN table_alias2.new_columnumn_alias0 > num AND table_alias2.col_name = string AND table_alias2.col_name = string 
        THEN string
        WHEN table_alias2.new_columnumn_alias0 BETWEEN num AND num 
        THEN string
        ELSE string
    END AS column_alias6
FROM CTE table_alias2
ORDER BY column_alias3 DESC;",1
211,"WITH CTE AS (
    SELECT 
        table_alias0.col_name,
        table_alias1.col_name,
        table_alias3.col_name,
        table_alias2.col_name,
        (table_alias3.col_name / num) * (num - table_alias3.col_name / num) * (num + table_alias3.col_name / num) AS column_alias0
    FROM 
        table_name table_alias0
    JOIN 
        table_name table_alias1 ON table_alias0.col_name = table_alias1.col_name
    JOIN 
        table_name table_alias2 ON table_alias0.col_name = table_alias2.col_name
    JOIN 
        table_name table_alias3 ON table_alias0.col_name = table_alias3.col_name
)
SELECT 
    col_name,
    CAST(ROUND(column_alias0 AS column_alias1), num) AS column_alias2,
    CASE WHEN col_name > num AND col_name > num AND column_alias0 > num THEN string ELSE string END AS column_alias3
FROM 
    CTE
ORDER BY 
    column_alias0 DESC;",1
212,"WITH CTE AS (
    SELECT 
        table_alias0.col_name,
        table_alias1.col_names7,
        (num - CAST(COALESCE(table_alias1.col_name AS column_alias0)/ num, num)) * 
        (num - CAST(COALESCE(table_alias1.col_name AS column_alias0)/ num, num)) * 
        COALESCE(table_alias1.col_name, num) AS column_alias1,
        ABS(table_alias1.col_name - table_alias1.col_name) / NULLIF(table_alias1.col_name, num) * COALESCE(table_alias1.col_name, num) AS column_alias2,
        table_alias1.col_name,
        (num - ((num - CAST(COALESCE(table_alias1.col_name AS column_alias0)/ num, num)) * 
              (num - CAST(COALESCE(table_alias1.col_name AS column_alias0)/ num, num)) * 
              COALESCE(table_alias1.col_name, num))) * 
        (num - COALESCE(table_alias0.col_name, num) / num) AS column_alias3
    FROM table_name table_alias0
    LEFT JOIN table_name table_alias1 ON table_alias0.col_name = table_alias1.col_names7
        AND table_alias1.col_name >= (SELECT MAX(col_name) - INTERVAL string FROM table_name)
),
StabilityMetrics AS (
    SELECT 
        col_name,
        COALESCE(AVG(column_alias1), num) AS column_alias4,
        COALESCE(MAX(column_alias2), num) AS column_alias5,
        COALESCE(MAX(CASE WHEN col_name = (SELECT MAX(col_name) FROM CTE table_alias2 
                          WHERE table_alias2.col_name = table_alias3.col_name) 
                     THEN column_alias1 END), num) AS column_alias6,
        COALESCE(MAX(CASE WHEN col_name = (SELECT MAX(col_name) FROM CTE table_alias2 
                          WHERE table_alias2.col_name = table_alias3.col_name) 
                     THEN column_alias3 END), num) AS column_alias3
    FROM CTE table_alias3
    GROUP BY col_name
)
SELECT 
    col_name AS column_alias7,
    CAST(ROUND(column_alias4 AS column_alias8), num) AS column_alias4,
    CAST(ROUND(column_alias5 AS column_alias8), num) AS column_alias5,
    CASE 
        WHEN column_alias3 > num OR column_alias6 < num THEN string 
        WHEN column_alias4 < num OR column_alias5 > num THEN string 
        WHEN column_alias4 >= num AND column_alias5 <= num THEN string 
        ELSE string 
    END AS column_alias9
FROM new_table
LIMIT num",1
213,"WITH CTE AS (
    SELECT 
        table_alias0.col_name,
        table_alias2.col_name,
        table_alias2.col_name,
        table_alias0.col_name->>string AS column_alias0,
        table_alias0.col_name->>string AS column_alias1,
        table_alias0.col_name,
        CAST((table_alias0.col_name->string->>string) AS column_alias2)+ 
        CAST((table_alias0.col_name->string->>string) AS column_alias2),
        CAST(((table_alias0.col_name->string->>string) AS column_alias2)+ 
         CAST((table_alias0.col_name->string->>string) AS column_alias2)) / 
        NULLIF((table_alias0.col_name + 
               CAST((table_alias0.col_name->string->>string) AS column_alias2)+ 
               CAST((table_alias0.col_name->string->>string) AS column_alias2)), num) * num AS column_alias3
    FROM table_name table_alias0
    JOIN table_name table_alias1 ON table_alias0.col_name = table_alias1.col_name
    JOIN table_name table_alias2 ON table_alias1.col_name = table_alias2.col_name
    WHERE (table_alias0.col_name->string->>string) IS NOT NULL 
      OR (table_alias0.col_name->string->>string) IS NOT NULL
)
SELECT 
    col_name,
    col_name,
    COUNT(*) AS column_alias4,
    CAST(ROUND(column_alias3 AS column_alias2), num) AS column_alias3,
    CAST(ROUND(SUM(renewable_output) AS column_alias2), num) AS column_alias5,
    CASE 
        WHEN column_alias3 > num THEN string
        WHEN column_alias3 > num THEN string
        ELSE string
    END AS column_alias6
FROM CTE
GROUP BY col_name, col_name, column_alias3
ORDER BY column_alias3 DESC;",1
214,"WITH CTE AS (
    SELECT 
        table_alias0.col_name,
        table_alias2.col_name,
        table_alias2.col_name,
        table_alias3.col_name,
        table_alias0.col_name,
        table_alias0.col_name,
        table_alias0.col_name,
        table_alias0.col_name,
        table_alias0.col_name,        
        (table_alias0.col_name / num) * (table_alias0.col_name / num) * (num + table_alias0.col_name / num) AS column_alias0
    FROM table_name table_alias0
    JOIN table_name table_alias1 ON table_alias0.col_name = table_alias1.col_name
    JOIN table_name table_alias2 ON table_alias1.col_name = table_alias2.col_name
    JOIN table_name table_alias3 ON table_alias2.col_name = table_alias3.col_name
)
SELECT 
    col_name AS column_alias1,
    col_name AS column_alias2,
    col_name AS column_alias3,
    col_name AS column_alias4,
    ROUND(col_name, num) AS column_alias5,
    col_name AS column_alias6,
    col_name AS column_alias7,
    col_name AS column_alias8,
    ROUND(column_alias0, num) AS column_alias9,
    CASE 
        WHEN column_alias0 > num THEN string
        WHEN column_alias0 BETWEEN num AND num THEN string
        WHEN column_alias0 BETWEEN num AND num THEN string
        ELSE string
    END AS column_alias10
FROM CTE
ORDER BY column_alias0 DESC;",1
215,"WITH CTE AS (
    SELECT 
        table_alias0.col_name,
        table_alias4.col_name,
        table_alias3.col_name,
        COUNT(*) OVER (PARTITION BY table_alias4.col_name) AS column_alias0
    FROM table_name table_alias0
    JOIN table_name table_alias1 ON table_alias1.col_name = table_alias0.col_name
    JOIN table_name table_alias2 ON table_alias2.col_name = table_alias1.col_name
    JOIN table_name table_alias3 ON table_alias3.col_name = table_alias2.col_name
    JOIN table_name table_alias4 ON table_alias4.col_name = table_alias3.col_name
    WHERE table_alias4.col_name = string
      AND table_alias4.col_name > num  
),
amplifiers AS (
    SELECT 
        col_name,
        col_name,
        col_name,
        column_alias0,
        DENSE_RANK() OVER (ORDER BY col_name DESC) AS column_alias1
    FROM CTE
    WHERE col_name > num
      AND col_name > num
)
SELECT 
    col_name,
    col_name,
    col_name,
    column_alias0,
    column_alias1
FROM new_table
WHERE column_alias1 <= num LIMIT num",1
216,"WITH CTE AS (
    SELECT 
        table_alias0.col_name,
        table_alias4.col_name,
        table_alias4.col_name,
        MAX(table_alias4.col_name) AS column_alias0
    FROM table_name table_alias0
    JOIN table_name table_alias1 ON table_alias1.col_name = table_alias0.col_name
    JOIN table_name table_alias2 ON table_alias2.col_name = table_alias1.col_name
    JOIN table_name table_alias3 ON table_alias3.col_name = table_alias2.col_name
    JOIN table_name table_alias4 ON table_alias4.col_name = table_alias3.col_name
    WHERE table_alias0.col_name = string
    GROUP BY table_alias0.col_name, table_alias4.col_name, table_alias4.col_name
),
risky_dormants AS (
    SELECT 
        col_name,
        col_name,
        col_name,
        column_alias0,
        NTILE(num) OVER (ORDER BY col_name DESC) AS column_alias1
    FROM CTE
    WHERE col_name < num
)
SELECT 
    col_name,
    col_name,
    col_name,
    column_alias0
FROM new_table
WHERE column_alias1 = num
ORDER BY col_name DESC
LIMIT num",1
217,"WITH CTE AS (
    SELECT 
        table_alias0.col_name, 
        CASE 
            WHEN table_alias0.col_name = string THEN num 
            WHEN table_alias0.col_name = string THEN num 
            WHEN table_alias0.col_name = string THEN num 
            ELSE num 
        END * 
        CASE 
            WHEN table_alias0.col_name = string THEN num 
            ELSE num 
        END AS column_alias0
    FROM table_name table_alias0
),
TieredVendors AS (
    SELECT 
        CASE 
            WHEN column_alias0 < num THEN string 
            WHEN column_alias0 < num THEN string 
            ELSE string 
        END AS column_alias1
    FROM CTE
)
SELECT 
    column_alias1, 
    COUNT(*) AS column_alias2, 
    ROUND(COUNT(*) * num / SUM(COUNT(*)) OVER (), num) AS column_alias3
FROM new_table
GROUP BY column_alias1
ORDER BY column_alias2 DESC LIMIT num",1
218,"WITH CTE AS (
    SELECT 
        table_alias0.col_name, 
        COALESCE(table_alias1.col_name / NULLIF(table_alias1.col_name, num), num) AS column_alias0, 
        COALESCE(table_alias2.col_name, num) * 
            CASE 
                WHEN table_alias2.col_name = string THEN num 
                WHEN table_alias2.col_name = string THEN num 
                ELSE num 
            END AS column_alias1
    FROM table_name table_alias0
    LEFT JOIN table_name table_alias1 
        ON table_alias0.col_name = table_alias1.col_name
    LEFT JOIN table_name table_alias2 
        ON table_alias0.col_name = table_alias2.col_name
    WHERE COALESCE(table_alias1.col_name / NULLIF(table_alias1.col_name, num), num) > num 
        AND COALESCE(table_alias2.col_name, num) * 
            CASE 
                WHEN table_alias2.col_name = string THEN num 
                WHEN table_alias2.col_name = string THEN num 
                ELSE num 
            END > num
),
RankedFlows AS (
    SELECT 
        col_name, 
        column_alias0, 
        column_alias1, 
        RANK() OVER (ORDER BY column_alias1 DESC) AS column_alias2
    FROM CTE
)
SELECT 
    col_name, 
    CAST(ROUND(column_alias0 AS column_alias3), num) AS column_alias4, 
    CAST(ROUND(column_alias1 AS column_alias3), num) AS column_alias5
FROM new_table
WHERE column_alias2 <= num
ORDER BY column_alias2
LIMIT num;",1
219,"WITH CTE AS (
    SELECT 
        table_alias0.col_name, 
        table_alias0.col_name * table_alias0.col_name / table_alias0.col_name AS column_alias0, 
        COALESCE(table_alias0.col_name / NULLIF(table_alias0.col_name + num, num), num) AS column_alias1
    FROM table_name table_alias0
    WHERE table_alias0.col_name * table_alias0.col_name / table_alias0.col_name > num 
        AND COALESCE(table_alias0.col_name / NULLIF(table_alias0.col_name + num, num), num) < num
)
SELECT 
    col_name, 
    CAST(ROUND(column_alias0 AS column_alias2), num) AS column_alias3, 
    CAST(ROUND(column_alias1 AS column_alias2), num) AS column_alias4
FROM CTE
ORDER BY column_alias0 DESC
LIMIT num",1
220,"WITH CTE AS (
    SELECT 
        table_alias0.col_name0,
        table_alias0.col_name,
        table_alias1.col_name,
        table_alias1.col_name,
        table_alias1.col_name,
        table_alias1.col_name
    FROM table_name table_alias0
    JOIN table_name table_alias1 ON table_alias1.col_name = table_alias0.col_name0
),
fan_interactions AS (
    SELECT
        i.col_name AS column_alias0,
        i.col_name,
        CAST((i.col_name->string->>string) AS column_alias1),
        CAST((i.col_name->string->>string) AS column_alias1)),
silent_supporters AS (
    SELECT 
        table_alias2.col_name0,
        table_alias2.col_name,
        table_alias2.col_name * (num + table_alias2.col_name/num * num) * (num + COALESCE(table_alias4.col_name, num)/num * num) AS column_alias2,
        table_alias3.col_name,
        table_alias4.new_column,
        table_alias5.col_name,
        COALESCE(table_alias4.new_column, CAST(num) AS column_alias3)/ NULLIF(table_alias5.col_name, num) AS column_alias4,
        table_alias3.col_name,
        table_alias2.col_name,
        table_alias2.col_name,
        table_alias2.col_name,
        table_alias4.new_column
    FROM CTE table_alias2
    JOIN table_name table_alias3 ON table_alias3.col_name = table_alias2.col_name
    LEFT JOIN new_table table_alias4 ON table_alias4.col_name0 = table_alias2.col_name0
    JOIN table_name table_alias5 ON table_alias5.col_name = table_alias2.col_name
    WHERE 
        table_alias2.col_name * (num + table_alias2.col_name/num * num) * (num + COALESCE(table_alias4.col_name, num)/num * num) > num 
        AND table_alias3.col_name < num 
        AND COALESCE(table_alias4.new_column, CAST(num) AS column_alias3)/ NULLIF(table_alias5.col_name, num) < num 
)
SELECT 
    col_name,
    column_alias2,
    col_name,
    column_alias4,
    col_name,
    col_name / NULLIF(watch_hours, num) AS column_alias5,
    CASE
        WHEN col_name = string THEN string
        WHEN col_name = string THEN string
        WHEN col_name = string THEN string
        ELSE string
    END AS column_alias6
FROM new_table
ORDER BY column_alias2 DESC;",1
221,"WITH CTE AS (
    SELECT 
        table_alias0.col_names1,
        table_alias0.col_name,
        table_alias0.col_name,
        ((table_alias1.col_name + table_alias1.col_name + table_alias1.col_name) * 
         CASE table_alias0.col_name
             WHEN string THEN num  
             WHEN string THEN num       
             WHEN string THEN num       
             WHEN string THEN num       
             WHEN string THEN num   
         END) / num AS column_alias0
    FROM table_name table_alias0
    JOIN table_name table_alias1 ON table_alias0.col_names1 = table_alias1.col_name
),
budget_allocation AS (
    SELECT 
        col_name AS column_alias1,
        SUM(CASE WHEN col_name = string THEN num ELSE num END) AS column_alias2,
        SUM(CASE WHEN col_name = string THEN num ELSE num END) AS column_alias3,
        COUNT(*) AS column_alias4
    FROM table_name
    GROUP BY col_name
)
SELECT 
    COALESCE(table_alias0.col_name, string) AS column_alias5,
    COUNT(table_alias0.col_names1) AS column_alias6,
    SUM(table_alias2.new_columnumn_alias0) AS column_alias7,
    SUM(table_alias3.new_columnAS column_alias8,
    SUM(table_alias3.new_columnolumn_alias9,
    SUM(table_alias2.new_columnumn_alias0 * CAST((table_alias3.new_columnS column_alias10)/ NULLIF(table_alias3.new_column, num))) / 
    NULLIF(COUNT(table_alias0.col_names1), num) AS column_alias11,
    CASE 
        WHEN SUM(table_alias2.new_columnumn_alias0 * CAST((table_alias3.new_columnS column_alias10)/ NULLIF(table_alias3.new_column, num))) / 
             NULLIF(COUNT(table_alias0.col_names1), num) < num
             AND SUM(CASE WHEN table_alias0.col_name = string AND table_alias3.new_column THEN num ELSE num END) > num
        THEN string
        ELSE string
    END AS column_alias12
FROM CTE table_alias2
JOIN table_name table_alias0 ON table_alias2.col_names1 = table_alias0.col_names1
LEFT JOIN new_table table_alias3 ON table_alias2.col_names1 = table_alias3.col_names1
GROUP BY ROLLUP(table_alias0.col_name);",1
222,"WITH CTE AS (
    SELECT DISTINCT
        table_alias1.col_name AS column_alias0
    FROM
        table_name table_alias0
    JOIN
        table_name table_alias1 ON table_alias0.col_name = table_alias1.col_name
    WHERE
        ABS(table_alias0.col_name - table_alias0.col_name) < num 
        AND table_alias0.col_name > num 
), CollusionNetworkCases AS (
    SELECT
        table_alias3.col_name,
        table_alias3.col_name
    FROM
        table_name table_alias2
    JOIN
        table_name table_alias3 ON table_alias2.col_name = table_alias3.col_name
    WHERE
        table_alias2.col_name > num 
        AND table_alias2.col_name > num 
        AND table_alias2.col_name = string 
), NetworkMimicryRiskCases AS (
    SELECT DISTINCT
        table_alias4.col_name
    FROM
        new_table table_alias4
    JOIN
        table_name table_alias1 ON table_alias4.col_name = table_alias1.col_name
    JOIN
        CTE table_alias5 ON table_alias1.col_name = table_alias5.col_namelias0
), InvestigationScores AS (
    SELECT
        table_alias6.col_name,
        ROUND((num * table_alias2.col_name) + (num * table_alias2.col_name), num) AS column_alias1 
    FROM
        new_table table_alias6
    JOIN
        table_name table_alias2 ON table_alias6.col_name = table_alias2.col_name
)
SELECT
    col_name,
    column_alias1
FROM
    new_table
ORDER BY
    column_alias1 DESC LIMIT num",1
223,"WITH CTE AS (
    SELECT DISTINCT ON (table_alias0.col_name)
        table_alias0.col_name AS column_alias0,
        table_alias1.col_name
    FROM table_name table_alias0
    JOIN table_name table_alias1 ON table_alias0.col_name = table_alias1.col_name
    JOIN table_name table_alias2 ON table_alias0.col_name = table_alias2.col_name
    WHERE table_alias1.col_name IS NOT NULL
    ORDER BY table_alias0.col_name, table_alias2.col_name DESC
), PatientCrisisInterventions AS (
    SELECT
        table_alias2.col_name AS column_alias0,
        SUM(COALESCE(table_alias3.col_name, num)) AS column_alias1
    FROM table_name table_alias3
    JOIN table_name table_alias2 ON table_alias3.col_name = table_alias2.col_name
    GROUP BY table_alias2.col_name
), PatientCount AS (
    SELECT COUNT(DISTINCT column_alias0) AS total_patients FROM table_name
)
SELECT
    table_alias4.col_name,
    COUNT(DISTINCT table_alias5.col_name_alias0) AS column_alias2,
    ROUND(SUM(table_alias5.new_column/ table_alias6.new_column, num) AS column_alias3
FROM CTE table_alias4
JOIN new_table table_alias5 ON table_alias4.col_name_alias0 = table_alias5.col_name_alias0
CROSS JOIN new_table table_alias6
GROUP BY table_alias4.col_name, table_alias6.new_column
ORDER BY column_alias3 DESC
LIMIT num",1
224,"WITH CTE AS (
    SELECT DISTINCT ON (table_alias0.col_name)
        table_alias0.col_name,
        table_alias4.col_name,
        ROUND((num * table_alias0.col_name +
         num * (table_alias0.col_name / num) +
         num * (table_alias0.col_name / num)), num) AS column_alias0,
        table_alias0.col_name
    FROM table_name table_alias0
    JOIN table_name table_alias1 ON table_alias1.col_name = table_alias0.col_name
    JOIN table_name table_alias2 ON table_alias2.col_name = table_alias1.col_name
    JOIN table_name table_alias3 ON table_alias3.col_name = table_alias2.col_name
    JOIN table_name table_alias4 ON table_alias4.col_name = table_alias3.col_name
    WHERE table_alias0.col_name > num
),
vpn_abusers AS (
    SELECT 
        table_alias5.col_name,
        table_alias5.new_columnumn_alias0,
        table_alias5.col_name,
        NTILE(num) OVER (ORDER BY table_alias5.new_columnumn_alias0) AS column_alias1
    FROM CTE table_alias5
    WHERE table_alias5.new_columnumn_alias0 > num
      AND table_alias5.col_name >= num
)
SELECT col_name, column_alias0, col_name, column_alias1
FROM new_table
WHERE column_alias1 = num
ORDER BY column_alias0 DESC
LIMIT num",1
225,"WITH CTE AS (
    SELECT DISTINCT table_alias0.col_name
    FROM table_name table_alias0
    JOIN table_name table_alias1 ON table_alias0.col_name = table_alias1.col_name
    JOIN table_name table_alias2 ON table_alias1.col_name = table_alias2.col_name
    JOIN table_name table_alias3 ON table_alias2.col_name = table_alias3.col_name
    WHERE table_alias2.col_name = string AND table_alias3.col_name = string
),
StaleOutcomesToDelete AS (
    SELECT table_alias3.col_name
    FROM table_name table_alias3
    JOIN table_name table_alias2 ON table_alias3.col_name = table_alias2.col_name
    JOIN table_name table_alias1 ON table_alias2.col_name = table_alias1.col_name
    WHERE table_alias1.col_name IN (SELECT col_name FROM CTE)
      AND age(table_alias1.col_name) > INTERVAL string
)
DELETE FROM table_name
WHERE col_name IN (SELECT col_name FROM new_table);",1
226,"WITH CTE AS (
    SELECT col_name,
           AVG(col_name) as column_alias0,
           SUM(col_name)/NULLIF(SUM(table_alias1.col_name), num) as column_alias1  
    FROM table_name table_alias0
    JOIN table_name table_alias1 ON table_alias0.col_name = table_alias1.col_name
    GROUP BY col_name
),
cycle_metrics AS (
    SELECT col_name,
           SUM(col_name) as column_alias2,  
           AVG(col_name) as column_alias3
    FROM table_name
    GROUP BY col_name
)
SELECT table_alias2.col_name,
       table_alias3.new_columnlias0,
       table_alias3.new_columnumn_alias1,
       table_alias4.new_columnumn_alias2,
       table_alias4.new_column
       CASE WHEN table_alias3.new_columnumn_alias1 > num AND table_alias4.new_columnumn_alias2 > num THEN string  
            WHEN table_alias3.new_columnumn_alias1 > num OR table_alias3.new_columnlias0 > num THEN string
            ELSE string END as column_alias4
FROM table_name table_alias2
JOIN CTE table_alias3 ON table_alias2.col_name = table_alias3.col_name
JOIN new_table table_alias4 ON table_alias2.col_name = table_alias4.col_name
ORDER BY table_alias3.new_columnumn_alias1 DESC, table_alias4.new_columnumn_alias2 DESC LIMIT num",1
227,"WITH CTE AS (
    SELECT col_name,
           CAST(AVG((col_name->>string) AS column_alias0)+ 
               CAST((col_name->>string) AS column_alias0)) as column_alias1
    FROM table_name
    GROUP BY col_name
),
column_alias2 AS (
    SELECT col_name,
           COUNT(*) as column_alias2
    FROM table_name
    GROUP BY col_name
)
SELECT table_alias0.col_name,
       table_alias1.new_columnumn_alias1,
       table_alias2.new_column       CASE WHEN table_alias1.new_columnumn_alias1 > num AND table_alias2.new_column num THEN string
            ELSE string END as column_alias3
FROM table_name table_alias0
JOIN CTE table_alias1 ON table_alias0.col_name = table_alias1.col_name
JOIN column_alias2_alias2 ON table_alias0.col_name = table_alias2.col_name
ORDER BY table_alias1.new_columnumn_alias1 DESC
LIMIT num",1
228,"WITH CTE AS (
    SELECT col_name,
           SUM(col_name * (num/(num + col_name))) / 
           SUM(num/(num + col_name)) as column_alias0,  
           MIN(col_name) as column_alias1  
    FROM table_name
    GROUP BY col_name
),
operation_stress AS (
    SELECT col_name,
           MAX(col_name) as column_alias2,  
           COUNT(*) as column_alias3  
    FROM table_name
    GROUP BY col_name
)
SELECT table_alias0.col_name,
       table_alias1.new_columnmn_alias0,
       table_alias1.new_columnmn_alias1,
       table_alias2.new_columnumn_alias2,
       table_alias2.new_column       CASE WHEN table_alias1.new_columnmn_alias0 > num AND table_alias1.new_columnmn_alias1 < num THEN string  
            WHEN table_alias1.new_columnmn_alias0 > num OR table_alias1.new_columnmn_alias1 < num THEN string
            ELSE string END as column_alias4
FROM table_name table_alias0
JOIN CTE table_alias1 ON table_alias0.col_name = table_alias1.col_name
JOIN new_table table_alias2 ON table_alias0.col_name = table_alias2.col_name
WHERE table_alias2.new_columnumn_alias2 > num
ORDER BY table_alias1.new_columnmn_alias0 DESC, table_alias1.new_columnmn_alias1 ASC LIMIT num",1
229,"WITH CTE AS (
    SELECT table_alias2.col_namen_alias0, AVG(CASE table_alias0.col_name WHEN string THEN num WHEN string THEN num WHEN string THEN num ELSE num END) AS table_alias3
    FROM table_name table_alias0 JOIN table_name table_alias1 ON table_alias0.col_name = table_alias1.col_name JOIN table_name table_alias2 ON table_alias1.col_name = table_alias2.col_name WHERE table_alias2.col_namen_alias0 IS NOT NULL AND table_alias0.col_name IS NOT NULL GROUP BY table_alias2.col_namen_alias0
), FacilityFRAI AS (
    SELECT col_name AS column_alias0, CASE (col_name->>string) WHEN string THEN num WHEN string THEN num WHEN string THEN num ELSE num END AS column_alias1
    FROM table_name WHERE col_name->>string IS NOT NULL
), FacilityRDD AS (
    SELECT table_alias3.col_namen_alias0, ROUND((table_alias3.new_columne_alias3 - table_alias4.new_columnmn_alias1), num) AS column_alias2
    FROM CTE table_alias3 JOIN new_table table_alias4 ON table_alias3.col_namen_alias0 = table_alias4.col_namen_alias0
), FacilityTES AS (
    SELECT table_alias2.col_namen_alias0, AVG(CASE (table_alias5.col_name->>string) WHEN string THEN num WHEN string THEN num WHEN string THEN num WHEN string THEN num ELSE num END) AS column_alias3
    FROM table_name table_alias5 JOIN table_name table_alias2 ON table_alias5.col_name = table_alias2.col_name WHERE table_alias5.col_name IS NOT NULL AND table_alias2.col_namen_alias0 IS NOT NULL GROUP BY table_alias2.col_namen_alias0
), FacilityTAR AS (
    SELECT table_alias2.col_namen_alias0, CASE WHEN COUNT(table_alias6.col_name) > num THEN SUM(CASE WHEN table_alias6.col_name IN (string, CAST(string THEN num ELSE num END)) AS column_alias4)/ COUNT(table_alias6.col_name) ELSE num END AS table_alias8
    FROM table_name table_alias6 JOIN table_name table_alias5 ON table_alias6.col_name = table_alias5.col_name JOIN table_name table_alias2 ON table_alias5.col_name = table_alias2.col_name WHERE table_alias2.col_namen_alias0 IS NOT NULL GROUP BY table_alias2.col_namen_alias0
), FacilityEAS AS (
    SELECT table_alias7.col_namen_alias0, (table_alias7.new_columnalias3 + (table_alias8.new_columnle_alias8 * num)) / num AS column_alias5
    FROM new_table table_alias7 JOIN new_table table_alias8 ON table_alias7.col_namen_alias0 = table_alias8.col_namen_alias0
), FacilityMAR AS (
    SELECT column_alias0, AVG(COALESCE(col_name, num)) AS column_alias6
    FROM table_name WHERE column_alias0 IS NOT NULL GROUP BY column_alias0
), AttritionRiskFacilities AS (
    SELECT table_alias9.col_namen_alias0
    FROM new_table table_alias9
    JOIN new_table table_alias10 ON table_alias9.col_namen_alias0 = table_alias10.col_namen_alias0
    WHERE table_alias9.new_columnumn_alias5 < num AND table_alias10.new_columnumn_alias6 > num
)
SELECT
    table_alias11.col_namen_alias0,
    table_alias11.new_columnumn_alias2
FROM new_table table_alias11
WHERE table_alias11.new_columnumn_alias2 > num 
  AND table_alias11.col_namen_alias0 IN (SELECT column_alias0 FROM new_table)
ORDER BY table_alias11.new_columnumn_alias2 DESC
LIMIT num",1
230,"WITH CTE AS (
  SELECT
    col_name,
    CAST((col_name->string->>string) AS column_alias0),
    CAST((col_name->string->>string) AS column_alias0),
    CAST((col_name->string->>string) AS column_alias0),
    (col_name->string->>string) AS column_alias1,
    (col_name->string->>string) AS column_alias2
  FROM table_name
  ORDER BY col_name DESC
  LIMIT num
)
SELECT
  column_alias1,
  column_alias2,
  ((askquote - bidquote) / midquote * num) AS column_alias3
FROM CTE;",1
231,"WITH CTE AS (
  SELECT
    table_alias0.col_name,
    ROUND((
      num * 
      (num - CASE table_alias0.col_name WHEN string THEN num WHEN string THEN num ELSE num END) *
      (num - CASE table_alias0.col_name WHEN string THEN num WHEN string THEN num ELSE num END) *
      (num - CASE table_alias0.col_name WHEN string THEN num WHEN string THEN num ELSE num END)
    ) / num, num) AS column_alias0
  FROM table_name table_alias0
),
light_exp_avg AS (
  SELECT
    table_alias2.col_name,
    AVG(table_alias1.col_name *
        CASE table_alias0.col_name WHEN string THEN num WHEN string THEN num ELSE num END *
        table_alias1.col_name / num
    ) AS column_alias1
  FROM table_name table_alias1
  JOIN table_name table_alias2 ON table_alias1.col_name = table_alias2.col_name
  JOIN table_name table_alias0 ON num  
  GROUP BY table_alias2.col_name
),
cpi_calc AS (
  SELECT
    table_alias3.col_name,
    ((table_alias4.col_name + table_alias4.col_name + table_alias4.col_name) *
     (num - CASE table_alias3.col_name
           WHEN string THEN num WHEN string THEN num
           WHEN string THEN num WHEN string THEN num ELSE num END)
    ) / num + num AS column_alias2
  FROM table_name table_alias3
  JOIN table_name table_alias4 ON table_alias3.col_name = table_alias4.col_name
)
SELECT 
  table_alias5.col_name,
  table_alias3.col_name,
  table_alias3.col_name,
  table_alias5.col_name,
  table_alias6.new_columnumn_alias0,
  ROUND(
    (table_alias6.new_columnumn_alias0 - table_alias5.col_name) *
    COALESCE(table_alias1.new_column1, num) *
    table_alias7.new_columnas2 / num,
    num
  ) AS column_alias3,
  CASE 
    WHEN 
      (table_alias6.new_columnumn_alias0 - table_alias5.col_name) *
      COALESCE(table_alias1.new_column1, num) *
      table_alias7.new_columnas2 / num < num 
    THEN string
    ELSE string
  END AS column_alias4
FROM table_name table_alias5
JOIN table_name table_alias3 ON table_alias5.col_name = table_alias3.col_name
JOIN table_name table_alias0 ON table_alias3.col_name = table_alias0.col_name
JOIN CTE table_alias6 ON table_alias0.col_name = table_alias6.col_name
JOIN new_table table_alias7 ON table_alias3.col_name = table_alias7.col_name
LEFT JOIN new_table table_alias1 ON table_alias5.col_name = table_alias1.col_name
WHERE table_alias5.col_name = string;",1
232,"WITH CTE AS (
  SELECT
    table_alias0.col_name,
    num - ((table_alias0.col_name + table_alias0.col_name / num + table_alias1.col_name) / num) AS column_alias0
  FROM table_name table_alias0
  JOIN table_name table_alias1 ON table_alias0.col_name = table_alias1.col_name
),
checklist_failures AS (
  SELECT
    col_name,
    (
      (CASE WHEN col_name = string THEN num ELSE num END) +
      (CASE WHEN col_name = string THEN num ELSE num END) +
      (CASE WHEN col_name = string THEN num ELSE num END) +
      (CASE WHEN col_name = string THEN num ELSE num END)
    ) AS column_alias1
  FROM table_name
)
SELECT DISTINCT table_alias2.col_name
FROM new_table table_alias2
LEFT JOIN CTE table_alias1 ON table_alias2.col_name = table_alias1.col_name
WHERE table_alias1.new_columnmn_alias0 < num
   OR table_alias2.new_column >= num;",1
233,"WITH CTE AS (
  SELECT
    table_alias0.col_name,
    table_alias0.col_name,
    table_alias0.col_name,
    table_alias0.col_name,
    table_alias0.col_name,
    (table_alias0.col_name * num) + 
    (table_alias0.col_name * num) + 
    (table_alias0.col_name * num) - 
    (table_alias0.col_name * num) - 
    (table_alias0.col_name * num) AS column_alias0
  FROM table_name table_alias0
)
SELECT
  table_alias1.col_name,             
  table_alias1.new_columnble_alias3.col_name,                
  table_alias3.col_name               
FROM CTE table_alias1
JOIN table_name table_alias2 ON table_alias1.col_name = table_alias2.col_name
JOIN table_name table_alias3 ON table_alias2.col_name = table_alias3.col_name
WHERE 
  table_alias1.new_column    
  AND table_alias1.col_name < num                 
  AND table_alias1.col_name > num               
  AND table_alias1.col_name >= num            
ORDER BY table_alias1.new_column",1
234,"WITH CTE AS (
  SELECT
    table_alias0.col_name,
    table_alias0.col_name,
    table_alias0.col_name,
    table_alias0.col_name,
    table_alias0.col_name,
    table_alias0.col_name,
    table_alias0.col_name,
    table_alias0.col_name * (num - table_alias0.col_name/num) AS column_alias0,
    AVG(table_alias1.col_name) OVER(PARTITION BY table_alias0.col_name) AS column_alias1  
  FROM table_name table_alias0
  JOIN table_name table_alias1 ON table_alias0.col_name = table_alias1.col_name
)
SELECT 
  col_name,
  col_name,
  column_alias0,
  column_alias1,
  column_alias1 / NULLIF(column_alias0, num) AS column_alias2  
FROM CTE
WHERE column_alias0 IS NOT NULL;",1
235,"WITH CTE AS (
  SELECT
    table_alias0.col_name,
    table_alias1.col_name AS column_alias0,
    table_alias1.col_name,
    SUM(table_alias0.col_name + table_alias0.col_name + table_alias0.col_name) AS column_alias1,
    SUM(table_alias0.col_name) AS column_alias2,
    CASE WHEN table_alias1.col_name > num 
         THEN SUM(table_alias0.col_name + table_alias0.col_name + table_alias0.col_name) / table_alias1.col_name
         ELSE NULL END AS column_alias3
  FROM table_name table_alias0
  JOIN table_name table_alias1 ON table_alias0.col_name = table_alias1.col_name
  GROUP BY table_alias0.col_name, table_alias1.col_name, table_alias1.col_name
),
revenue_impacts AS (
  SELECT
    table_alias2.col_name,
    table_alias2.new_columnas0,
    table_alias2.col_name,
    table_alias2.new_columnle_alias2.new_column table_alias2.new_columnumn_alias3,
    CASE WHEN table_alias2.col_name > num 
         THEN table_alias2.new_columnble_alias2.col_name
         ELSE NULL END AS column_alias4
  FROM CTE table_alias2
),
column_alias15 AS (
  SELECT
    table_alias3.*,
    CASE WHEN table_alias3.new_columnumn_alias3 > num 
         THEN table_alias3.new_columnumn_alias4 / table_alias3.new_columnumn_alias3
         ELSE NULL END AS column_alias5
  FROM new_table table_alias3
),
panel_alerts AS (
  SELECT
    table_alias4.col_name,
    STRING_AGG(DISTINCT table_alias4.col_name, string) AS column_alias6,
    ARRAY_AGG(DISTINCT table_alias4.col_name) AS column_alias7,
    COUNT(*) AS column_alias8,
    EXISTS (SELECT num FROM new_table(ARRAY_AGG(table_alias4.col_name)) AS stat WHERE stat = string) AS column_alias9
  FROM table_name table_alias4
  GROUP BY table_alias4.col_name
)
SELECT
  table_alias5.new_columnas0,
  ROUND(table_alias5.col_name, num) AS column_alias10,
  ROUND(table_alias5.new_column column_alias11,
  ROUND(table_alias5.new_column) AS column_alias12,
  ROUND(table_alias5.new_columnumn_alias3, num) AS column_alias13,
  ROUND(table_alias5.new_columnumn_alias4, num) AS column_alias14,
  ROUND(table_alias5.new_columnmn_alias5, num) AS column_alias15,
  CASE
    WHEN table_alias6.new_columntable_alias5.new_columnmn_alias5 > num THEN string
    WHEN table_alias6.new_column string
    WHEN table_alias5.new_columnmn_alias5 > num THEN string
    ELSE string
  END AS column_alias16
FROM column_alias15_alias5
LEFT JOIN new_table table_alias6 ON table_alias5.col_name = table_alias6.col_name
ORDER BY 
  CASE
    WHEN table_alias6.new_columntable_alias5.new_columnmn_alias5 > num THEN num
    WHEN table_alias6.new_column num
    WHEN table_alias5.new_columnmn_alias5 > num THEN num
    ELSE num
  END,
  table_alias5.new_columnmn_alias5 DESC NULLS LAST;",1
236,"WITH CTE AS (
  SELECT
    table_alias0.col_name_alias0,
    (
      CASE col_name WHEN string THEN num WHEN string THEN num WHEN string THEN num ELSE num END +
      CASE col_name WHEN string THEN num WHEN string THEN num WHEN string THEN num ELSE num END +
      CASE col_name WHEN string THEN num WHEN string THEN num WHEN string THEN num ELSE num END +
      CASE col_name WHEN string THEN num WHEN string THEN num WHEN string THEN num ELSE num END
    ) / num AS table_alias4
  FROM table_name table_alias0
),
ler_calc AS (
  SELECT
    table_alias1.col_name AS column_alias0,
    (table_alias2.col_name *
     CASE table_alias0.col_name WHEN string THEN num WHEN string THEN num WHEN string THEN num ELSE num END *
     table_alias2.col_name) / num AS column_alias1
  FROM table_name table_alias1
  JOIN table_name table_alias2 ON table_alias1.col_name = table_alias2.col_name
  JOIN table_name table_alias0 ON table_alias1.col_name = table_alias0.col_name_alias0
),
mdr_calc AS (
  SELECT
    table_alias3.col_name AS column_alias0,
    (
      table_alias3.col_name *
      (table_alias5.col_name - num)^num *
      table_alias5.col_name *
      table_alias4.new_columnle_alias4
    ) / num AS column_alias2
  FROM table_name table_alias3
  JOIN table_name table_alias0 ON table_alias3.col_name = table_alias0.col_name_alias0
  JOIN CTE table_alias4 ON table_alias4.col_name_alias0 = table_alias0.col_name_alias0
  JOIN table_name table_alias5 ON table_alias5.col_name = (
    SELECT table_alias6.col_name
    FROM table_name table_alias6
    WHERE table_alias6.col_name = table_alias3.col_name
    LIMIT num
  )
),
tetl_calc AS (
  SELECT
    table_alias7.col_name_alias0,
    ROUND((table_alias7.new_columnle_alias4 + COALESCE(table_alias8.new_columnumn_alias1, num) + COALESCE(table_alias9.new_columnumn_alias2, num) * CAST(num) AS column_alias3), num) AS column_alias4
  FROM CTE table_alias7
  LEFT JOIN new_table table_alias8 ON table_alias7.col_name_alias0 = table_alias8.col_name_alias0
  LEFT JOIN new_table table_alias9 ON table_alias7.col_name_alias0 = table_alias9.col_name_alias0
)
SELECT *
FROM new_table
ORDER BY column_alias4 DESC
LIMIT num;",1
237,"WITH CTE AS (
  SELECT 
    CAST((col_name->string->>string) AS column_alias0),
    CAST((col_name->string->>string) AS column_alias0),
    CAST((col_name->string->>string) AS column_alias0),
    col_name->string->>string AS column_alias1
  FROM table_name
)
SELECT 
  rsi14spot,
  macdtrail,
  bbandspan,
  column_alias1,
  ((ABS(rsi14spot - num) + ABS(macdtrail) + (bbandspan * num)) / num) *
    CASE 
      WHEN column_alias1 = string THEN num 
      WHEN column_alias1 = string THEN -num 
      ELSE num 
    END AS column_alias2
FROM CTE;",1
238,"WITH CTE AS (
  SELECT 
    SUM(CASE WHEN col_name > num THEN col_name ELSE num END) AS column_alias0,
    SUM(CASE WHEN col_name < num THEN col_name ELSE num END) AS column_alias1
  FROM table_name
)
SELECT 
  column_alias0,
  column_alias1,
  CASE 
    WHEN column_alias1 = num THEN NULL
    ELSE column_alias0 / ABS(column_alias1)
  END AS column_alias2
FROM CTE;",1
239,"WITH CTE AS (
  SELECT 
    col_name,
    CAST((col_name->>string) AS column_alias0),
    CAST((col_name->string->>string) AS column_alias0),
    CASE 
      WHEN CAST((col_name->>string) AS column_alias0)> num THEN 
           ( CAST((col_name->string->>string) AS column_alias0)/ 
             CAST((col_name->>string) AS column_alias0))
      ELSE NULL
    END AS column_alias1
  FROM table_name
  WHERE col_name IS NOT NULL
)
SELECT 
  col_name AS column_alias2, 
  prop_value, 
  mort_balance, 
  ROUND(column_alias1, num) AS column_alias1
FROM CTE
WHERE column_alias1 IS NOT NULL
ORDER BY column_alias1 DESC;",1
240,"WITH CTE AS (
  SELECT 
    col_name,
    CAST((col_name->string->>string) AS column_alias0)),
vol AS (
  SELECT CAST(col_name AS column_alias0))
SELECT 
  table_alias0.col_name,
  table_alias0.new_column,
  vol.col_name,
  (table_alias0.new_column * vol.col_name * num) AS column_alias1
FROM CTE table_alias0
CROSS JOIN new_table;",1
241,"WITH CTE AS (
  SELECT 
    col_name,
    CAST(col_name AS column_alias0),
    ROW_NUMBER() OVER (PARTITION BY col_name ORDER BY col_name DESC) AS column_alias1
  FROM table_name
)
SELECT 
  table_alias0.col_name,
  CAST(table_alias0.col_name AS column_alias0),
  table_alias1.col_name,
  CAST(((table_alias0.col_name AS column_alias0)- table_alias1.col_name) / CAST(table_alias0.col_name AS column_alias0)* num) AS column_alias2
FROM table_name table_alias0
JOIN CTE table_alias1 
  ON table_alias0.col_name = table_alias1.col_name
WHERE table_alias1.new_columnlumn_alias1 = num;",1
242,"WITH CTE AS (
  SELECT 
    col_name,
    CAST(col_name AS column_alias0), 
    col_name,
    col_name,
    col_name,
    (col_name * CAST(col_name AS column_alias0)) / col_name AS column_alias1  
  FROM table_name
)
SELECT 
  sess_date,
  column_alias1,
  AVG(column_alias1) OVER(PARTITION BY sess_date) AS column_alias2
FROM CTE
WHERE column_alias1 > (
  SELECT AVG((col_name * CAST(col_name AS column_alias0)CAST()/col_name) AS column_alias0))
ORDER BY sess_date;",1
243,"WITH CTE AS (
  SELECT 
    col_name,
    col_name,
    col_name,
    col_name
  FROM table_name
)
SELECT 
  col_name,
  col_name,
  col_name,
  col_name,
  (col_name + col_name) * (col_name / num) AS column_alias0  
FROM CTE
ORDER BY column_alias0 DESC
LIMIT num;",1
244,"WITH CTE AS (
  SELECT 
    col_name, 
    ((col_name / num) + (col_name / num) + (col_name / num)) * (col_name / num) * num AS table_alias0, 
    col_name, 
    col_name, 
    col_name
  FROM table_name
)
SELECT
  table_alias0.col_name,
  ROUND(table_alias0.new_columnble_alias0, num) AS table_alias0,
  CASE 
    WHEN COALESCE(table_alias0.col_name, string) = string THEN num
    WHEN COALESCE(table_alias0.col_name, string) = string THEN num
    WHEN COALESCE(table_alias0.col_name, string) = string THEN num
    WHEN COALESCE(table_alias0.col_name, string) = string THEN num
    ELSE num
  END AS column_alias0,
  CASE 
    WHEN COALESCE(table_alias0.col_name, string) = string THEN num
    WHEN COALESCE(table_alias0.col_name, string) = string THEN num
    WHEN COALESCE(table_alias0.col_name, string) = string THEN num
    WHEN COALESCE(table_alias0.col_name, string) = string THEN num
    ELSE num
  END AS column_alias1,
  table_alias0.col_name,
  ROUND(
    table_alias0.new_columnble_alias0 * 
    (num + (CASE 
            WHEN COALESCE(table_alias0.col_name, string) = string THEN num
            WHEN COALESCE(table_alias0.col_name, string) = string THEN num
            WHEN COALESCE(table_alias0.col_name, string) = string THEN num
            WHEN COALESCE(table_alias0.col_name, string) = string THEN num
            ELSE num
          END + 
          CASE 
            WHEN COALESCE(table_alias0.col_name, string) = string THEN num
            WHEN COALESCE(table_alias0.col_name, string) = string THEN num
            WHEN COALESCE(table_alias0.col_name, string) = string THEN num
            WHEN COALESCE(table_alias0.col_name, string) = string THEN num
            ELSE num
          END) / num) * 
    (num - (num - table_alias0.col_name) / num), 
    num
  ) AS column_alias2
FROM CTE table_alias0
WHERE 
  table_alias0.new_columnble_alias0 * 
  (num + (CASE 
          WHEN COALESCE(table_alias0.col_name, string) = string THEN num
          WHEN COALESCE(table_alias0.col_name, string) = string THEN num
          WHEN COALESCE(table_alias0.col_name, string) = string THEN num
          WHEN COALESCE(table_alias0.col_name, string) = string THEN num
          ELSE num
        END + 
        CASE 
          WHEN COALESCE(table_alias0.col_name, string) = string THEN num
          WHEN COALESCE(table_alias0.col_name, string) = string THEN num
          WHEN COALESCE(table_alias0.col_name, string) = string THEN num
          WHEN COALESCE(table_alias0.col_name, string) = string THEN num
          ELSE num
        END) / num) * 
  (num - (num - table_alias0.col_name) / num) > num
ORDER BY column_alias2 DESC;",1
245,"WITH CTE AS (
  SELECT 
    table_alias0.col_name AS column_alias0,
    table_alias0.col_name,
    table_alias0.col_name,
    table_alias1.col_name->string->>string AS column_alias1,
    table_alias1.col_name->string->>string AS column_alias2
  FROM table_name table_alias0
  JOIN table_name table_alias1 
    ON table_alias0.col_name = table_alias1.col_name  
)
SELECT 
  column_alias0,
  col_name,
  col_name
FROM CTE
WHERE (column_alias1 = string OR column_alias1 = string)
  AND column_alias2 = string
  AND col_name > num * col_name;",1
246,"WITH CTE AS (
  SELECT 
    table_alias0.col_name,
    CAST((table_alias0.col_name->string->>string) AS column_alias0),
    CAST((table_alias0.col_name->string->>string) AS column_alias0),
    table_alias1.col_name
  FROM table_name table_alias0
  JOIN table_name table_alias1 ON table_alias0.col_name = table_alias1.col_name
)
SELECT 
  col_name,
  possum,
  posmagn,
  CAST(ab.col_name AS column_alias0),
  posmagn * (possum / CAST(ab.col_name AS column_alias0)) AS column_alias1
FROM CTE
JOIN table_name ab ON CTE.col_name = ab.col_name;",1
247,"WITH CTE AS (
  SELECT 
    table_alias0.col_name,
    table_alias0.col_name,
    table_alias0.col_name,
    table_alias0.col_name,
    (table_alias0.col_name - table_alias0.col_name) AS column_alias0,
    RANK() OVER (ORDER BY table_alias0.col_name DESC) AS column_alias1   
  FROM table_name table_alias0
  WHERE table_alias0.col_name > num  
)
SELECT 
  col_name,
  col_name,
  col_name,
  col_name,
  column_alias0,
  column_alias1,
  CASE 
    WHEN col_name > num THEN string
    WHEN col_name > num THEN string
    ELSE string
  END AS column_alias2
FROM CTE;",1
248,"WITH CTE AS (
  SELECT 
    table_alias0.col_name,
    table_alias1.col_name,
    table_alias2.col_name,
    table_alias2.col_name,
    table_alias2.col_name,
    table_alias1.col_name,
    table_alias3.col_name,
    table_alias3.col_name,
    num * table_alias1.col_name + num * (num - (table_alias2.col_name / NULLIF(table_alias1.col_name * num, num))) AS column_alias0,
    (table_alias2.col_name - table_alias2.col_name) AS column_alias1
  FROM table_name table_alias0
  INNER JOIN table_name table_alias1
    ON table_alias0.col_name = table_alias1.col_name
  INNER JOIN table_name table_alias2
    ON table_alias1.col_name = table_alias2.col_name
  INNER JOIN table_name table_alias3
    ON table_alias3.col_name = table_alias1.col_name  
)
SELECT 
  col_name,
  column_alias0,
  column_alias1,
  col_name,
  col_name
FROM CTE
WHERE column_alias0 > num 
  AND (col_name > num OR col_name > num)
  AND column_alias1 < num;",1
249,"WITH CTE AS (
  SELECT col_name, (col_name / num) * (num - col_name / num) * num AS table_alias4
  FROM table_name
),
irs_cte AS (
  SELECT table_alias0.col_name, (table_alias1.col_name / num) * (num - (table_alias1.col_name + table_alias1.col_name) / num) * num AS table_alias5
  FROM table_name table_alias0
  JOIN table_name table_alias1 ON table_alias0.col_name = table_alias1.col_name
),
spr_cte AS (
  SELECT table_alias2.col_name, (LOG(num, table_alias2.col_name) / num) * table_alias2.col_name * (num - table_alias2.col_name / num) AS table_alias6
  FROM table_name table_alias2
),
rai_cte AS (
  SELECT table_alias3.col_name, ((table_alias3.col_name + table_alias3.col_name) / num) * (num - table_alias1.col_name / num) * num AS table_alias7
  FROM table_name table_alias3
  JOIN table_name table_alias0 ON table_alias3.col_name = table_alias0.col_name
  JOIN table_name table_alias1 ON table_alias0.col_name = table_alias1.col_name
),
cgpi_cte AS (
  SELECT
    table_alias0.col_name,
    (table_alias5.new_columnle_alias5 * num) + (table_alias4.new_columnle_alias4 * num) + (table_alias6.new_columnle_alias6 * num) + (table_alias7.new_columnle_alias7 * num) AS column_alias0,
    table_alias0.col_name
  FROM table_name table_alias0
  JOIN CTE table_alias4 ON table_alias0.col_name = table_alias4.col_name
  JOIN new_table table_alias5 ON table_alias0.col_name = table_alias5.col_name
  JOIN new_table table_alias6 ON table_alias0.col_name = table_alias6.col_name
  JOIN new_table table_alias7 ON table_alias0.col_name = table_alias7.col_name
)
SELECT
  table_alias8.col_name,
  ROUND(table_alias8.new_columnmn_alias0, num) AS column_alias0,
  table_alias8.col_name,
  ROUND(table_alias4.new_columnle_alias4, num) AS table_alias4,
  ROUND(table_alias5.new_columnle_alias5, num) AS table_alias5,
  ROUND(
    (table_alias8.new_columnmn_alias0 / num) * (num + table_alias8.col_name / num) * ((table_alias4.new_columnle_alias4 + table_alias5.new_columnle_alias5) / num),
    num
  ) AS column_alias1
FROM new_table table_alias8
JOIN CTE table_alias4 ON table_alias8.col_name = table_alias4.col_name
JOIN new_table table_alias5 ON table_alias8.col_name = table_alias5.col_name
WHERE (table_alias8.new_columnmn_alias0 / num) * (num + table_alias8.col_name / num) * ((table_alias4.new_columnle_alias4 + table_alias5.new_columnle_alias5) / num) > num
ORDER BY column_alias1 DESC;",1
250,"WITH CTE AS (
  SELECT table_alias0.col_name, (table_alias0.col_name / num) * (num - table_alias0.col_name / num) * (num + (CASE WHEN table_alias0.col_name THEN num ELSE num END) / num) * ((table_alias1.col_name + num) / num) AS table_alias2, table_alias0.col_name
  FROM table_name table_alias0
  JOIN table_name table_alias1 ON table_alias0.col_name = table_alias1.col_name
),
ber_cte AS (
  SELECT table_alias0.col_name, (table_alias1.col_name * table_alias1.col_name) / (table_alias0.col_name * num) AS table_alias3
  FROM table_name table_alias0
  JOIN table_name table_alias1 ON table_alias0.col_name = table_alias1.col_name
  WHERE table_alias0.col_name > num
)
SELECT
  table_alias2.col_name,
  ROUND(table_alias2.new_columnle_alias2 * SQRT(table_alias3.new_columnle_alias3 / num) * (num - table_alias2.col_name / num) * num, num) AS column_alias0
FROM CTE table_alias2
JOIN new_table table_alias3 ON table_alias2.col_name = table_alias3.col_name
WHERE table_alias2.new_columnle_alias2 * SQRT(table_alias3.new_columnle_alias3 / num) * (num - table_alias2.col_name / num) * num > num
ORDER BY column_alias0 DESC;",1
251,"WITH column_alias0ame,
    col_name,
    col_name,
    col_name,
    col_name,
    (col_name * num) +
    (col_name * num) +
    (CASE col_name
      WHEN string THEN num
      WHEN string THEN num
      ELSE num
     END * num) +
    (col_name / num) +
    (col_name * num) +
    (col_name * num) AS table_alias1
  FROM table_name
)
SELECT
  table_alias0.col_name,
  table_alias0.col_name,
  table_alias0.col_name,
  table_alias0.col_name,
  ROUND(table_alias1.new_columnle_alias1, num) AS column_alias0,
  ROUND(
    (CASE table_alias0.col_name
      WHEN string THEN num
      WHEN string THEN num
      WHEN string THEN num
      ELSE num
     END * num) +
    (table_alias1.new_columnle_alias1 * num) +
    (table_alias0.col_name * num) -
    (CASE WHEN table_alias0.col_name = string THEN num
          WHEN table_alias0.col_name = string THEN num
          ELSE num
     END * num),
    num
  ) AS column_alias1,
  CASE WHEN 
    ((CASE table_alias0.col_name
      WHEN string THEN num
      WHEN string THEN num
      WHEN string THEN num
      ELSE num
     END * num) +
    (table_alias1.new_columnle_alias1 * num) +
    (table_alias0.col_name * num) -
    (CASE WHEN table_alias0.col_name = string THEN num
          WHEN table_alias0.col_name = string THEN num
          ELSE num
     END * num)) > num
    AND table_alias0.col_name = string
    AND table_alias1.new_columnle_alias1 > num
  THEN string ELSE string END AS column_alias2
FROM table_name table_alias0
JOIN column_alias0lias0.col_name = table_alias1.col_name
ORDER BY column_alias1 DESC;",1
252,"WITH column_alias7SELECT 
        table_alias0.col_name,
        ROUND(table_alias0.col_name * (num - CAST((table_alias2.col_name->>string) AS column_alias0)/ num), num) AS column_alias1  
    FROM table_name table_alias0
    INNER JOIN table_name table_alias1 ON table_alias0.col_name = table_alias1.col_name                  
    INNER JOIN table_name table_alias2 ON table_alias2.col_name = table_alias1.col_name                 
)
SELECT 
    table_alias0.col_name AS column_alias2,
    table_alias1.col_name AS column_alias3, 
    table_alias0.col_name AS column_alias4,
    ROUND(table_alias1.col_name * CAST(((table_alias0.col_name->string->>string) AS column_alias0)/ num), num) AS column_alias5,  
    ROUND(table_alias0.col_name * (table_alias3.col_name / num), num) AS column_alias6,             
    table_alias4.new_columnumn_alias1 AS column_alias7,                                                   
    ROUND(
         (table_alias1.col_name * CAST(((table_alias0.col_name->string->>string) AS column_alias0)/ num)) +
         (table_alias0.col_name * (table_alias3.col_name / num)) +
         table_alias4.new_columnumn_alias1, num
    ) AS column_alias8  
FROM table_name table_alias0
INNER JOIN table_name table_alias1 ON table_alias0.col_name = table_alias1.col_name                        
INNER JOIN table_name table_alias3 ON table_alias3.col_name = table_alias1.col_name             
INNER JOIN column_alias7as4 ON table_alias4.col_name = table_alias0.col_name;",1
