index,generalized_template,count
1,SELECT variable.variable FROM variable AS variable INNER JOIN variable AS variable ON variable.variable = variable.variable WHERE variable.variable = variable,456
2,SELECT variable FROM variable WHERE variable = variable,193
3,SELECT variable.variable FROM variable AS variable INNER JOIN variable AS variable ON variable.variable = variable.variable INNER JOIN variable AS variable ON variable.variable = variable.variable WHERE variable.variable = variable,140
4,SELECT COUNT(variable.variable) FROM variable AS variable INNER JOIN variable AS variable ON variable.variable = variable.variable WHERE variable.variable = variable,137
5,SELECT COUNT(variable.variable) FROM variable AS variable INNER JOIN variable AS variable ON variable.variable = variable.variable WHERE variable.variable = variable AND variable.variable = variable,137
6,SELECT variable.variable FROM variable AS variable INNER JOIN variable AS variable ON variable.variable = variable.variable WHERE variable.variable = variable AND variable.variable = variable,131
7,SELECT COUNT(variable) FROM variable WHERE variable = variable,118
8,"SELECT variable.variable, variable.variable FROM variable AS variable INNER JOIN variable AS variable ON variable.variable = variable.variable WHERE variable.variable = variable",105
9,SELECT DISTINCT variable.variable FROM variable AS variable INNER JOIN variable AS variable ON variable.variable = variable.variable WHERE variable.variable = variable,86
10,SELECT variable.variable FROM variable AS variable INNER JOIN variable AS variable ON variable.variable = variable.variable WHERE variable.variable = variable ORDER BY variable.variable DESC LIMIT variable,63
11,SELECT variable.variable FROM variable AS variable INNER JOIN variable AS variable ON variable.variable = variable.variable ORDER BY variable.variable DESC LIMIT variable,59
12,SELECT variable.variable FROM variable AS variable INNER JOIN variable AS variable ON variable.variable = variable.variable INNER JOIN variable AS variable ON variable.variable = variable.variable WHERE variable.variable = variable AND variable.variable = variable,58
13,SELECT variable.variable FROM variable AS variable INNER JOIN variable AS variable ON variable.variable = variable.variable GROUP BY variable.variable ORDER BY COUNT(variable.variable) DESC LIMIT variable,45
14,"SELECT variable.variable, variable.variable FROM variable AS variable INNER JOIN variable AS variable ON variable.variable = variable.variable INNER JOIN variable AS variable ON variable.variable = variable.variable WHERE variable.variable = variable",43
15,SELECT variable.variable FROM variable AS variable INNER JOIN variable AS variable ON variable.variable = variable.variable WHERE variable.variable = variable AND variable.variable = variable AND variable.variable = variable,41
16,SELECT variable FROM variable ORDER BY variable DESC LIMIT variable,36
17,SELECT variable FROM variable WHERE variable = variable AND variable = variable,36
18,SELECT COUNT(variable) FROM variable WHERE variable = variable AND variable = variable,35
19,"SELECT variable, variable FROM variable WHERE variable = variable",33
20,SELECT COUNT(variable.variable) FROM variable AS variable INNER JOIN variable AS variable ON variable.variable = variable.variable INNER JOIN variable AS variable ON variable.variable = variable.variable WHERE variable.variable = variable AND variable.variable = variable,32
21,SELECT variable.variable FROM variable AS variable INNER JOIN variable AS variable ON variable.variable = variable.variable WHERE variable.variable = variable GROUP BY variable.variable ORDER BY COUNT(variable.variable) DESC LIMIT variable,32
22,SELECT SUM(variable.variable) FROM variable AS variable INNER JOIN variable AS variable ON variable.variable = variable.variable WHERE variable.variable = variable,31
23,SELECT COUNT(*) FROM variable WHERE variable = variable,30
24,SELECT COUNT(variable.variable) FROM variable AS variable INNER JOIN variable AS variable ON variable.variable = variable.variable WHERE variable.variable = variable AND variable.variable = variable AND variable.variable = variable,30
25,SELECT DISTINCT variable.variable FROM variable AS variable INNER JOIN variable AS variable ON variable.variable = variable.variable WHERE variable.variable = variable AND variable.variable = variable,30
26,"SELECT variable.variable, variable.variable FROM variable AS variable INNER JOIN variable AS variable ON variable.variable = variable.variable WHERE variable.variable = variable AND variable.variable = variable",28
27,"SELECT variable.variable, variable.variable, variable.variable FROM variable AS variable INNER JOIN variable AS variable ON variable.variable = variable.variable WHERE variable.variable = variable",28
28,SELECT AVG(variable.variable) FROM variable AS variable INNER JOIN variable AS variable ON variable.variable = variable.variable WHERE variable.variable = variable,26
29,SELECT variable FROM variable WHERE variable = ( SELECT MAX(variable) FROM variable ),25
30,SELECT variable.variable FROM variable AS variable INNER JOIN variable AS variable ON variable.variable = variable.variable WHERE variable.variable LIKE variable,25
31,SELECT COUNT(DISTINCT variable.variable) FROM variable AS variable INNER JOIN variable AS variable ON variable.variable = variable.variable WHERE variable.variable = variable AND variable.variable = variable,24
32,SELECT COUNT(*) FROM variable AS variable INNER JOIN variable AS variable ON variable.variable = variable.variable WHERE variable.variable = variable,23
33,SELECT DISTINCT variable FROM variable WHERE variable = variable,23
34,SELECT variable FROM variable WHERE variable = variable ORDER BY variable DESC LIMIT variable,23
35,SELECT COUNT(DISTINCT variable.variable) FROM variable AS variable INNER JOIN variable AS variable ON variable.variable = variable.variable WHERE variable.variable = variable,22
36,SELECT variable FROM variable GROUP BY variable ORDER BY COUNT(variable) DESC LIMIT variable,22
37,SELECT AVG(variable.variable) FROM variable AS variable INNER JOIN variable AS variable ON variable.variable = variable.variable INNER JOIN variable AS variable ON variable.variable = variable.variable WHERE variable.variable = variable,19
38,SELECT variable.variable FROM variable AS variable INNER JOIN variable AS variable ON variable.variable = variable.variable INNER JOIN variable AS variable ON variable.variable = variable.variable WHERE variable.variable = variable ORDER BY variable.variable DESC LIMIT variable,18
39,SELECT COUNT(variable.variable) FROM variable AS variable INNER JOIN variable AS variable ON variable.variable = variable.variable INNER JOIN variable AS variable ON variable.variable = variable.variable WHERE variable.variable = variable,17
40,SELECT SUM(CASE WHEN variable.variable = variable THEN variable ELSE variable END) FROM variable AS variable INNER JOIN variable AS variable ON variable.variable = variable.variable,17
41,SELECT variable FROM variable WHERE variable LIKE variable,16
42,SELECT variable.variable FROM variable AS variable INNER JOIN variable AS variable ON variable.variable = variable.variable INNER JOIN variable AS variable ON variable.variable = variable.variable INNER JOIN variable AS variable ON variable.variable = variable.variable WHERE variable.variable = variable,16
43,SELECT variable.variable FROM variable AS variable INNER JOIN variable AS variable ON variable.variable = variable.variable INNER JOIN variable AS variable ON variable.variable = variable.variable WHERE variable.variable = variable AND variable.variable = variable AND variable.variable = variable,16
44,SELECT DISTINCT variable.variable FROM variable AS variable INNER JOIN variable AS variable ON variable.variable = variable.variable INNER JOIN variable AS variable ON variable.variable = variable.variable WHERE variable.variable = variable AND variable.variable = variable,15
45,"SELECT DISTINCT variable.variable, variable.variable FROM variable AS variable INNER JOIN variable AS variable ON variable.variable = variable.variable WHERE variable.variable = variable",15
46,SELECT variable.variable FROM variable AS variable INNER JOIN variable AS variable ON variable.variable = variable.variable INNER JOIN variable AS variable ON variable.variable = variable.variable ORDER BY variable.variable DESC LIMIT variable,15
47,SELECT variable.variable FROM variable AS variable INNER JOIN variable AS variable ON variable.variable = variable.variable WHERE variable.variable = variable;,15
48,SELECT COUNT(variable) FROM variable WHERE variable LIKE variable,14
49,SELECT COUNT(variable.variable) FROM variable AS variable INNER JOIN variable AS variable ON variable.variable = variable.variable WHERE variable.variable = variable AND variable.variable > variable,14
50,SELECT variable.variable FROM variable AS variable INNER JOIN variable AS variable ON variable.variable = variable.variable WHERE variable.variable > variable,14
51,"SELECT variable.variable, variable.variable FROM variable AS variable INNER JOIN variable AS variable ON variable.variable = variable.variable INNER JOIN variable AS variable ON variable.variable = variable.variable WHERE variable.variable = variable AND variable.variable = variable",14
52,"SELECT variable.variable, variable.variable FROM variable AS variable INNER JOIN variable AS variable ON variable.variable = variable.variable ORDER BY variable.variable DESC LIMIT variable",13
53,SELECT CAST(SUM(CASE WHEN variable.variable = variable THEN variable ELSE variable END) AS variable) * variable / COUNT(variable.variable) FROM variable AS variable INNER JOIN variable AS variable ON variable.variable = variable.variable WHERE variable.variable = variable,12
54,SELECT DISTINCT variable.variable FROM variable AS variable INNER JOIN variable AS variable ON variable.variable = variable.variable INNER JOIN variable AS variable ON variable.variable = variable.variable WHERE variable.variable = variable,12
55,SELECT SUM(CASE WHEN variable.variable = variable THEN variable ELSE variable END) FROM variable AS variable INNER JOIN variable AS variable ON variable.variable = variable.variable WHERE variable.variable = variable,12
56,SELECT variable.variable FROM variable AS variable INNER JOIN variable AS variable ON variable.variable = variable.variable WHERE variable.variable = ( SELECT MAX(variable) FROM variable ),12
57,"SELECT CAST(SUM(variable(variable.variable = variable, variable, variable)) AS variable) * variable / COUNT(variable.variable) FROM variable AS variable INNER JOIN variable AS variable ON variable.variable = variable.variable WHERE variable.variable = variable",11
58,SELECT DISTINCT variable.variable FROM variable AS variable INNER JOIN variable AS variable ON variable.variable = variable.variable WHERE variable.variable > variable,11
59,SELECT variable.variable FROM variable AS variable INNER JOIN variable AS variable ON variable.variable = variable.variable INNER JOIN variable AS variable ON variable.variable = variable.variable INNER JOIN variable AS variable ON variable.variable = variable.variable WHERE variable.variable = variable AND variable.variable = variable,11
60,SELECT variable.variable FROM variable AS variable INNER JOIN variable AS variable ON variable.variable = variable.variable INNER JOIN variable AS variable ON variable.variable = variable.variable WHERE variable.variable = variable GROUP BY variable.variable ORDER BY COUNT(variable.variable) DESC LIMIT variable,11
61,SELECT variable.variable FROM variable AS variable INNER JOIN variable AS variable ON variable.variable = variable.variable ORDER BY variable.variable ASC LIMIT variable,11
62,SELECT CAST(SUM(CASE WHEN variable.variable = variable THEN variable ELSE variable END) AS variable) * variable / COUNT(variable.variable) FROM variable AS variable INNER JOIN variable AS variable ON variable.variable = variable.variable,10
63,SELECT CAST(SUM(variable.variable) AS variable) / COUNT(variable.variable) FROM variable AS variable INNER JOIN variable AS variable ON variable.variable = variable.variable WHERE variable.variable = variable,10
64,SELECT COUNT(DISTINCT variable.variable) FROM variable AS variable INNER JOIN variable AS variable ON variable.variable = variable.variable INNER JOIN variable AS variable ON variable.variable = variable.variable WHERE variable.variable = variable AND variable.variable = variable,10
65,SELECT COUNT(variable) FROM variable WHERE variable < variable,10
66,SELECT COUNT(variable) FROM variable WHERE variable > variable,10
67,SELECT DISTINCT variable.variable FROM variable AS variable INNER JOIN variable AS variable ON variable.variable = variable.variable INNER JOIN variable AS variable ON variable.variable = variable.variable INNER JOIN variable AS variable ON variable.variable = variable.variable WHERE variable.variable = variable,10
68,SELECT DISTINCT variable.variable FROM variable AS variable INNER JOIN variable AS variable ON variable.variable = variable.variable WHERE variable.variable = variable AND variable.variable = variable AND variable.variable = variable,10
69,SELECT variable.variable FROM variable AS variable INNER JOIN variable AS variable ON variable.variable = variable.variable WHERE variable.variable = variable AND variable.variable = variable ORDER BY variable.variable DESC LIMIT variable,10
70,SELECT variable.variable FROM variable AS variable INNER JOIN variable AS variable ON variable.variable = variable.variable WHERE variable.variable = variable ORDER BY variable.variable ASC LIMIT variable,10
71,SELECT COUNT(variable) FROM variable,9
72,SELECT SUM(variable.variable) FROM variable AS variable INNER JOIN variable AS variable ON variable.variable = variable.variable WHERE variable.variable = variable AND variable.variable = variable,9
73,SELECT variable.variable FROM variable AS variable INNER JOIN `variable-variable` AS variable ON variable.variable = variable.variable WHERE variable.variable = variable,9
74,SELECT variable.variable FROM variable AS variable INNER JOIN variable AS variable ON variable.variable = variable.variable WHERE variable.variable = variable AND variable.variable = variable;,9
75,SELECT variable.variable FROM variable AS variable INNER JOIN variable AS variable ON variable.variable = variable.variable WHERE variable.variable = variable AND variable.variable > variable,9
76,"SELECT variable.variable, variable.variable, variable.variable FROM variable AS variable INNER JOIN variable AS variable ON variable.variable = variable.variable WHERE variable.variable = variable AND variable.variable = variable",9
77,SELECT COUNT(DISTINCT variable.variable) FROM variable AS variable INNER JOIN variable AS variable ON variable.variable = variable.variable WHERE variable.variable = variable AND variable.variable = variable AND variable.variable = variable,8
78,SELECT variable FROM variable WHERE variable = variable LIMIT variable,8
79,"SELECT variable, variable FROM variable ORDER BY variable DESC LIMIT variable",8
80,SELECT variable.variable FROM variable AS variable INNER JOIN `variable-variable` AS variable ON variable.variable = variable.variable WHERE variable.variable = variable GROUP BY variable.variable,8
81,SELECT variable.variable FROM variable AS variable INNER JOIN variable AS variable ON variable.variable = variable.variable GROUP BY variable.variable ORDER BY SUM(variable.variable) DESC LIMIT variable,8
82,SELECT variable.variable FROM variable AS variable INNER JOIN variable AS variable ON variable.variable = variable.variable INNER JOIN variable AS variable ON variable.variable = variable.variable WHERE variable.variable = variable AND variable.variable = variable ORDER BY variable.variable DESC LIMIT variable,8
83,SELECT variable.variable FROM variable AS variable INNER JOIN variable AS variable ON variable.variable = variable.variable WHERE variable.variable = variable AND variable.variable = variable AND variable.variable = variable AND variable.variable = variable,8
84,"SELECT variable.variable, variable.variable FROM variable AS variable INNER JOIN variable AS variable ON variable.variable = variable.variable WHERE variable.variable = variable GROUP BY variable.variable, variable.variable",8
85,"SELECT CAST(SUM(variable(variable.variable = variable, variable, variable)) AS variable) * variable / COUNT(variable.variable) FROM variable AS variable INNER JOIN variable AS variable ON variable.variable = variable.variable",7
86,SELECT CAST(variable.variable * variable.variable AS variable) / variable FROM variable AS variable INNER JOIN variable AS variable ON variable.variable = variable.variable WHERE variable.variable = variable AND variable.variable = variable,7
87,SELECT COUNT(variable.variable) FROM variable AS variable INNER JOIN variable AS variable ON variable.variable = variable.variable INNER JOIN variable AS variable ON variable.variable = variable.variable INNER JOIN variable AS variable ON variable.variable = variable.variable WHERE variable.variable = variable AND variable.variable = variable,7
88,SELECT COUNT(variable.variable) FROM variable AS variable INNER JOIN variable AS variable ON variable.variable = variable.variable WHERE variable.variable = variable AND variable.variable < variable,7
89,SELECT COUNT(variable.variable) FROM variable AS variable INNER JOIN variable AS variable ON variable.variable = variable.variable WHERE variable.variable = variable AND variable.variable = variable AND variable.variable = variable AND variable.variable = variable,7
90,SELECT MIN(variable.variable) FROM variable AS variable INNER JOIN variable AS variable ON variable.variable = variable.variable WHERE variable.variable = variable,7
91,SELECT variable FROM variable ORDER BY variable ASC LIMIT variable,7
92,SELECT variable FROM variable WHERE variable = ( SELECT MIN(variable) FROM variable ),7
93,SELECT variable FROM variable WHERE variable = variable GROUP BY variable ORDER BY COUNT(variable) DESC LIMIT variable,7
94,SELECT variable.variable FROM variable AS variable  INNER JOIN variable AS variable  ON variable.variable = variable.variable WHERE variable.variable = variable AND variable.variable = variable,7
95,SELECT variable.variable FROM variable AS variable INNER JOIN variable AS variable ON variable.variable = variable.variable INNER JOIN variable AS variable ON variable.variable = variable.variable INNER JOIN variable AS variable ON variable.variable = variable.variable WHERE variable.variable = variable ORDER BY variable.variable DESC LIMIT variable,7
96,SELECT variable.variable FROM variable AS variable INNER JOIN variable AS variable ON variable.variable = variable.variable INNER JOIN variable AS variable ON variable.variable = variable.variable WHERE variable.variable = variable ORDER BY variable.variable LIMIT variable,7
97,SELECT variable.variable FROM variable AS variable INNER JOIN variable AS variable ON variable.variable = variable.variable WHERE variable.variable = variable AND variable.variable = variable GROUP BY variable.variable ORDER BY COUNT(variable.variable) DESC LIMIT variable,7
98,SELECT variable.variable FROM variable AS variable INNER JOIN variable AS variable ON variable.variable = variable.variable WHERE variable.variable = variable GROUP BY variable.variable,7
99,SELECT variable.variable FROM variable AS variable INNER JOIN variable AS variable ON variable.variable = variable.variable WHERE variable.variable = variable ORDER BY variable.variable LIMIT variable,7
100,"SELECT variable.variable, variable.variable FROM variable AS variable INNER JOIN variable AS variable ON variable.variable = variable.variable WHERE variable.variable = variable ORDER BY variable.variable DESC LIMIT variable",7
101,SELECT AVG(variable.variable) FROM variable AS variable INNER JOIN variable AS variable ON variable.variable = variable.variable WHERE variable.variable = variable AND variable.variable = variable,6
102,SELECT CAST(COUNT(variable.variable) AS variable) / COUNT(DISTINCT variable.variable) FROM variable AS variable INNER JOIN variable AS variable ON variable.variable = variable.variable WHERE variable.variable = variable,6
103,SELECT CAST(SUM(CASE WHEN variable = variable THEN variable ELSE variable END) AS variable) * variable / COUNT(variable) FROM variable WHERE variable = variable,6
104,SELECT COUNT(*) FROM variable AS variable INNER JOIN variable AS variable ON variable.variable = variable.variable INNER JOIN variable AS variable ON variable.variable = variable.variable WHERE variable.variable = variable AND variable.variable = variable,6
105,"SELECT COUNT(*) FROM variable AS variable INNER JOIN variable AS variable ON variable.variable = variable.variable WHERE variable.variable = variable AND STRFTIME(variable, variable.variable) = variable",6
106,SELECT COUNT(*) FROM variable WHERE variable = variable AND variable = variable,6
107,SELECT COUNT(*) FROM variable WHERE variable LIKE variable,6
108,SELECT COUNT(variable) FROM variable WHERE variable > variable AND variable = variable,6
109,SELECT COUNT(variable) FROM variable WHERE variable LIKE variable AND variable LIKE variable,6
110,SELECT COUNT(variable.variable) FROM variable AS variable INNER JOIN variable AS variable ON variable.variable = variable.variable INNER JOIN variable AS variable ON variable.variable = variable.variable WHERE variable.variable = variable AND variable.variable = variable AND variable.variable = variable,6
111,SELECT COUNT(variable.variable) FROM variable AS variable INNER JOIN variable AS variable ON variable.variable = variable.variable WHERE variable.variable > variable AND variable.variable = variable,6
112,SELECT COUNT(variable.variable) FROM variable AS variable INNER JOIN variable AS variable ON variable.variable = variable.variable WHERE variable.variable LIKE variable AND variable.variable = variable,6
113,SELECT DISTINCT variable.variable FROM variable AS variable INNER JOIN variable AS variable ON variable.variable = variable.variable INNER JOIN variable AS variable ON variable.variable = variable.variable WHERE variable.variable = variable AND variable.variable = variable AND variable.variable = variable,6
114,"SELECT DISTINCT variable.variable, variable.variable FROM variable AS variable INNER JOIN variable AS variable ON variable.variable = variable.variable INNER JOIN variable AS variable ON variable.variable = variable.variable WHERE variable.variable = variable",6
115,SELECT MIN(variable) FROM variable WHERE variable = variable,6
116,SELECT SUM(variable.variable) FROM variable AS variable INNER JOIN variable AS variable ON variable.variable = variable.variable INNER JOIN variable AS variable ON variable.variable = variable.variable WHERE variable.variable = variable,6
117,SELECT variable FROM variable WHERE variable = variable GROUP BY variable,6
118,"SELECT variable, variable FROM variable WHERE variable = ( SELECT MAX(variable) FROM variable )",6
119,"SELECT variable, variable, variable FROM variable WHERE variable = variable",6
120,"SELECT variable.variable FROM ( SELECT variable.variable, COUNT(variable.variable) AS variable FROM variable AS variable INNER JOIN variable AS variable ON variable.variable = variable.variable GROUP BY variable.variable ) AS variable ORDER BY variable.variable DESC LIMIT variable",6
121,SELECT variable.variable FROM variable AS variable INNER JOIN variable AS variable ON variable.variable = variable.variable AND variable.variable = variable.variable WHERE variable.variable = variable AND variable.variable = variable,6
122,SELECT variable.variable FROM variable AS variable INNER JOIN variable AS variable ON variable.variable = variable.variable ORDER BY variable.variable LIMIT variable,6
123,"SELECT variable.variable, variable.variable FROM variable AS variable INNER JOIN variable AS variable ON variable.variable = variable.variable WHERE variable.variable = variable AND variable.variable = variable AND variable.variable = variable",6
124,"SELECT variable.variable, variable.variable FROM variable AS variable INNER JOIN variable AS variable ON variable.variable = variable.variable WHERE variable.variable > variable",6
125,"SELECT variable.variable, variable.variable, variable.variable FROM variable AS variable INNER JOIN variable AS variable ON variable.variable = variable.variable INNER JOIN variable AS variable ON variable.variable = variable.variable INNER JOIN variable AS variable ON variable.variable = variable.variable WHERE variable.variable = variable",6
126,"SELECT variable.variable, variable.variable, variable.variable FROM variable AS variable INNER JOIN variable AS variable ON variable.variable = variable.variable ORDER BY variable.variable DESC LIMIT variable",6
127,SELECT AVG(variable.variable) FROM variable AS variable INNER JOIN variable AS variable ON variable.variable = variable.variable INNER JOIN variable AS variable ON variable.variable = variable.variable WHERE variable.variable = variable AND variable.variable = variable,5
128,SELECT CAST(SUM(CASE WHEN variable = variable THEN variable ELSE variable END) AS variable) * variable / COUNT(variable) FROM variable,5
129,SELECT CAST(SUM(CASE WHEN variable.variable = variable THEN variable ELSE variable END) AS variable) * variable / COUNT(*) FROM variable AS variable INNER JOIN variable AS variable ON variable.variable = variable.variable WHERE variable.variable = variable,5
130,SELECT COUNT(*) FROM variable AS variable INNER JOIN variable AS variable ON variable.variable = variable.variable INNER JOIN variable AS variable ON variable.variable = variable.variable WHERE variable.variable = variable AND variable.variable = variable AND variable.variable = variable,5
131,SELECT COUNT(DISTINCT variable) FROM variable WHERE variable = variable,5
132,SELECT COUNT(variable.variable) FROM variable AS variable INNER JOIN variable AS variable ON variable.variable = variable.variable,5
133,SELECT COUNT(variable.variable) FROM variable AS variable INNER JOIN variable AS variable ON variable.variable = variable.variable WHERE variable.variable = variable AND variable.variable LIKE variable,5
134,SELECT COUNT(variable.variable) FROM variable AS variable INNER JOIN variable AS variable ON variable.variable = variable.variable WHERE variable.variable LIKE variable,5
135,SELECT DISTINCT variable FROM variable WHERE variable = variable AND variable = variable,5
136,SELECT DISTINCT variable.`variable variable` FROM variable AS variable INNER JOIN variable AS variable ON variable.`variable variable` = variable.`variable variable` INNER JOIN variable AS variable ON variable.`variable variable` = variable.`variable variable` WHERE variable.`variable variable` = variable,5
137,"SELECT DISTINCT variable.variable, variable.variable FROM variable AS variable INNER JOIN variable AS variable ON variable.variable = variable.variable WHERE variable.variable = variable AND variable.variable = variable",5
138,SELECT MAX(variable) FROM variable,5
139,SELECT MAX(variable.variable) FROM variable AS variable INNER JOIN variable AS variable ON variable.variable = variable.variable WHERE variable.variable = variable,5
140,SELECT SUM(CASE WHEN variable.variable = variable THEN variable ELSE variable END) FROM variable AS variable INNER JOIN variable AS variable ON variable.variable = variable.variable INNER JOIN variable AS variable ON variable.variable = variable.variable WHERE variable.variable = variable,5
141,SELECT variable FROM ( SELECT DISTINCT CASE WHEN variable = variable THEN variable ELSE NULL END AS variable FROM variable ) WHERE variable IS NOT NULL,5
142,SELECT variable FROM variable WHERE variable < variable,5
143,SELECT variable FROM variable WHERE variable = ( SELECT variable FROM variable ORDER BY variable DESC LIMIT variable ),5
144,SELECT variable FROM variable WHERE variable = ( SELECT variable FROM variable WHERE variable = variable ),5
145,SELECT variable FROM variable WHERE variable = variable AND variable = variable AND variable = variable,5
146,SELECT variable FROM variable WHERE variable IN ( SELECT variable FROM variable WHERE variable = variable ),5
147,"SELECT variable, variable FROM variable WHERE variable LIKE variable",5
148,"SELECT variable, variable, variable FROM variable WHERE variable = variable AND variable = variable",5
149,"SELECT variable.variable FROM ( SELECT variable.variable, COUNT(variable.variable) AS variable FROM variable AS variable INNER JOIN variable AS variable ON variable.variable = variable.variable INNER JOIN variable AS variable ON variable.variable = variable.variable GROUP BY variable.variable ) AS variable ORDER BY variable.variable DESC LIMIT variable",5
150,SELECT variable.variable FROM `variable-variable` AS variable INNER JOIN variable AS variable ON variable.variable = variable.variable WHERE variable.variable = variable,5
151,SELECT variable.variable FROM variable AS variable INNER JOIN variable AS variable ON variable.variable = variable.variable INNER JOIN variable AS variable ON variable.variable = variable.variable WHERE variable.variable = variable GROUP BY variable.variable,5
152,SELECT variable.variable FROM variable AS variable INNER JOIN variable AS variable ON variable.variable = variable.variable INNER JOIN variable AS variable ON variable.variable = variable.variable WHERE variable.variable = variable LIMIT variable,5
153,SELECT variable.variable FROM variable AS variable INNER JOIN variable AS variable ON variable.variable = variable.variable WHERE variable = variable,5
154,SELECT variable.variable FROM variable AS variable INNER JOIN variable AS variable ON variable.variable = variable.variable WHERE variable.`variable variable` = variable,5
155,SELECT variable.variable FROM variable AS variable INNER JOIN variable AS variable ON variable.variable = variable.variable WHERE variable.`variable` = variable AND variable.variable = variable,5
156,SELECT variable.variable FROM variable AS variable INNER JOIN variable AS variable ON variable.variable = variable.variable WHERE variable.variable = ( SELECT variable FROM variable ORDER BY variable DESC LIMIT variable ),5
157,SELECT variable.variable FROM variable AS variable INNER JOIN variable AS variable ON variable.variable = variable.variable WHERE variable.variable = variable AND variable.variable = variable ORDER BY variable.variable LIMIT variable,5
158,SELECT variable.variable FROM variable AS variable INNER JOIN variable AS variable ON variable.variable = variable.variable WHERE variable.variable = variable AND variable.variable LIKE variable,5
159,SELECT variable.variable FROM variable AS variable INNER JOIN variable AS variable ON variable.variable = variable.variable WHERE variable.variable = variable GROUP BY variable.variable HAVING COUNT(variable.variable) > variable,5
160,SELECT variable.variable FROM variable AS variable INNER JOIN variable AS variable ON variable.variable = variable.variable WHERE variable.variable = variable GROUP BY variable.variable ORDER BY SUM(variable.variable) DESC LIMIT variable,5
161,"SELECT variable.variable, variable.variable FROM variable AS variable INNER JOIN variable AS variable ON variable.variable = variable.variable INNER JOIN variable AS variable ON variable.variable = variable.variable INNER JOIN variable AS variable ON variable.variable = variable.variable WHERE variable.variable = variable",5
162,"SELECT variable.variable, variable.variable, variable.variable FROM variable AS variable INNER JOIN variable AS variable ON variable.variable = variable.variable INNER JOIN variable AS variable ON variable.variable = variable.variable WHERE variable.variable = variable",5
163,"SELECT variable.variable, variable.variable, variable.variable, variable.variable FROM variable AS variable INNER JOIN variable AS variable ON variable.variable = variable.variable WHERE variable.variable = variable AND variable.variable = variable",5
164,SELECT AVG(variable) FROM variable,4
165,SELECT AVG(variable) FROM variable WHERE variable = variable,4
166,SELECT AVG(variable) FROM variable WHERE variable BETWEEN variable AND variable,4
167,SELECT CAST(COUNT(CASE WHEN variable = variable THEN variable ELSE NULL END) AS variable) * variable / COUNT(variable) FROM variable,4
168,SELECT CAST(SUM(CASE WHEN variable.variable = variable THEN variable ELSE variable END) AS variable) * variable / COUNT(*) FROM variable AS variable INNER JOIN variable AS variable ON variable.variable = variable.variable,4
169,"SELECT CAST(SUM(variable(variable = variable, variable, variable)) AS variable) * variable / COUNT(variable) FROM variable",4
170,SELECT CAST(SUM(variable.variable) AS variable) / COUNT(variable.variable) FROM variable AS variable INNER JOIN variable AS variable ON variable.variable = variable.variable INNER JOIN variable AS variable ON variable.variable = variable.variable WHERE variable.variable = variable AND variable.variable = variable,4
171,SELECT COUNT(*) FROM variable AS variable INNER JOIN variable AS variable ON variable.variable = variable.variable WHERE variable.variable = variable AND variable.variable = variable,4
172,SELECT COUNT(*) FROM variable AS variable INNER JOIN variable AS variable ON variable.variable = variable.variable WHERE variable.variable = variable AND variable.variable = variable AND variable.variable = variable,4
173,SELECT COUNT(DISTINCT variable.variable) FROM variable AS variable INNER JOIN variable AS variable ON variable.variable = variable.variable INNER JOIN variable AS variable ON variable.variable = variable.variable WHERE variable.variable = variable,4
174,SELECT COUNT(variable) FROM variable GROUP BY variable ORDER BY COUNT(variable) DESC LIMIT variable,4
175,SELECT COUNT(variable) FROM variable WHERE variable = ( SELECT variable FROM variable ORDER BY variable DESC LIMIT variable ),4
176,SELECT COUNT(variable) FROM variable WHERE variable = variable AND variable < variable,4
177,SELECT COUNT(variable) FROM variable WHERE variable = variable AND variable IS NULL,4
178,SELECT COUNT(variable) FROM variable WHERE variable = variable;,4
179,SELECT COUNT(variable) FROM variable WHERE variable BETWEEN variable AND variable,4
180,SELECT COUNT(variable.variable) FROM variable AS variable INNER JOIN variable AS variable ON variable.variable = variable.variable INNER JOIN variable AS variable ON variable.variable = variable.variable WHERE variable.variable LIKE variable AND variable.variable = variable,4
181,SELECT COUNT(variable.variable) FROM variable AS variable INNER JOIN variable AS variable ON variable.variable = variable.variable WHERE variable.variable BETWEEN variable AND variable AND variable.variable = variable,4
182,SELECT DISTINCT variable.variable FROM variable AS variable INNER JOIN variable AS variable ON variable.variable = variable.variable WHERE variable.variable = variable;,4
183,SELECT DISTINCT variable.variable FROM variable AS variable INNER JOIN variable AS variable ON variable.variable = variable.variable WHERE variable.variable LIKE variable,4
184,SELECT SUM(variable.variable) FROM variable AS variable INNER JOIN variable AS variable ON variable.variable = variable.variable INNER JOIN variable AS variable ON variable.variable = variable.variable WHERE variable.variable = variable AND variable.variable = variable,4
185,SELECT variable FROM variable ORDER BY variable LIMIT variable,4
186,SELECT variable FROM variable WHERE variable = variable AND variable = variable ORDER BY variable DESC LIMIT variable,4
187,SELECT variable FROM variable WHERE variable = variable;,4
188,SELECT variable FROM variable WHERE variable > variable,4
189,"SELECT variable, variable FROM variable WHERE variable = variable AND variable = variable",4
190,SELECT variable.variable FROM variable AS variable INNER JOIN variable AS variable ON variable.variable = variable.variable WHERE variable.variable = variable AND variable.variable = variable ORDER BY variable.variable ASC LIMIT variable,4
191,SELECT variable.variable FROM variable AS variable INNER JOIN variable AS variable ON variable.variable = variable.variable WHERE variable.variable = variable LIMIT variable,4
192,SELECT variable.variable FROM variable AS variable INNER JOIN variable AS variable ON variable.variable = variable.variable WHERE variable.variable > variable ORDER BY variable.variable DESC LIMIT variable,4
193,SELECT variable.variable FROM variable AS variable WHERE variable.variable = variable,4
194,"SELECT variable.variable, variable.variable FROM ( SELECT variable.variable, variable.variable, COUNT(variable.variable) AS variable FROM variable AS variable INNER JOIN variable AS variable ON variable.variable = variable.variable GROUP BY variable.variable, variable.variable ) AS variable ORDER BY variable.variable DESC LIMIT variable",4
195,"SELECT variable.variable, variable.variable FROM variable AS variable INNER JOIN variable AS variable ON variable.variable = variable.variable INNER JOIN variable AS variable ON variable.variable = variable.variable WHERE variable.variable = variable ORDER BY variable.variable DESC LIMIT variable",4
196,"SELECT variable.variable, variable.variable, variable.variable FROM variable AS variable INNER JOIN variable AS variable ON variable.variable = variable.variable WHERE variable.variable = variable AND variable.variable = variable;",4
197,"SELECT variable.variable, variable.variable, variable.variable FROM variable AS variable INNER JOIN variable AS variable ON variable.variable = variable.variable WHERE variable.variable = variable ORDER BY variable.variable DESC LIMIT variable",4
198,SELECT AVG(variable.variable) FROM variable AS variable INNER JOIN variable AS variable ON variable.variable = variable.variable WHERE variable.variable LIKE variable,3
199,"SELECT AVG(variable.variable), variable.variable FROM variable AS variable INNER JOIN variable AS variable ON variable.variable = variable.variable WHERE variable.variable = variable",3
200,SELECT CAST(COUNT(CASE WHEN variable.variable = variable THEN variable.variable ELSE NULL END) AS variable) * variable / COUNT(variable.variable) FROM variable AS variable INNER JOIN variable AS variable ON variable.variable = variable.variable,3
201,SELECT CAST(COUNT(CASE WHEN variable.variable = variable THEN variable.variable ELSE NULL END) AS variable) * variable / COUNT(variable.variable) FROM variable AS variable INNER JOIN variable AS variable ON variable.variable = variable.variable INNER JOIN variable AS variable ON variable.variable = variable.variable WHERE variable.variable = variable,3
202,SELECT CAST(SUM(CASE WHEN variable = variable THEN variable ELSE variable END) AS variable) * variable / COUNT(*) FROM variable WHERE variable = variable,3
203,SELECT CAST(SUM(CASE WHEN variable.variable = variable THEN variable ELSE variable END) AS variable) * variable / COUNT(*) FROM variable AS variable INNER JOIN variable AS variable ON variable.variable = variable.variable INNER JOIN variable AS variable ON variable.variable = variable.variable WHERE variable.variable = variable,3
204,SELECT CAST(SUM(CASE WHEN variable.variable = variable THEN variable ELSE variable END) AS variable) * variable / COUNT(variable.variable) FROM variable AS variable INNER JOIN variable AS variable ON variable.variable = variable.variable INNER JOIN variable AS variable ON variable.variable = variable.variable WHERE variable.variable = variable,3
205,SELECT CAST(SUM(CASE WHEN variable.variable = variable THEN variable ELSE variable END) AS variable) * variable / COUNT(variable.variable) FROM variable AS variable INNER JOIN variable AS variable ON variable.variable = variable.variable WHERE variable.variable = variable AND variable.variable = variable,3
206,SELECT CAST(SUM(CASE WHEN variable.variable = variable THEN variable ELSE variable END) AS variable) / SUM(CASE WHEN variable.variable = variable THEN variable ELSE variable END) FROM variable AS variable INNER JOIN variable AS variable ON variable.variable = variable.variable,3
207,SELECT CAST(SUM(CASE WHEN variable.variable = variable THEN variable.variable ELSE variable END) - SUM(CASE WHEN variable.variable = variable THEN variable.variable ELSE variable END) AS variable) * variable / SUM(CASE WHEN variable.variable = variable THEN variable.variable ELSE variable END) FROM variable AS variable INNER JOIN variable AS variable ON variable.variable = variable.variable,3
208,SELECT CAST(SUM(variable = variable) AS variable) * variable / COUNT(variable) FROM variable WHERE variable = variable,3
209,"SELECT CAST(SUM(variable(variable.variable = variable, variable, variable)) AS variable) * variable / COUNT(variable.variable) FROM variable AS variable INNER JOIN variable AS variable ON variable.variable = variable.variable INNER JOIN variable AS variable ON variable.variable = variable.variable",3
210,SELECT COUNT(*) AS variable FROM variable WHERE variable = variable,3
211,SELECT COUNT(*) FROM variable AS variable INNER JOIN variable AS variable ON variable.variable = variable.variable INNER JOIN variable AS variable ON variable.variable = variable.variable WHERE variable.variable = variable,3
212,SELECT COUNT(*) FROM variable AS variable INNER JOIN variable AS variable ON variable.variable = variable.variable WHERE variable.variable = variable AND variable.variable = variable;,3
213,SELECT COUNT(DISTINCT variable.variable) FROM variable AS variable INNER JOIN variable AS variable ON variable.variable = variable.variable AND variable.variable = variable.variable INNER JOIN variable AS variable ON variable.variable = variable.variable WHERE variable.variable = variable AND variable.variable = variable,3
214,"SELECT COUNT(DISTINCT variable.variable) FROM variable AS variable INNER JOIN variable AS variable ON variable.variable = variable.variable WHERE strftime(variable, variable.variable) = variable AND variable.variable = variable AND variable.variable = variable",3
215,SELECT COUNT(DISTINCT variable.variable) FROM variable AS variable INNER JOIN variable AS variable ON variable.variable = variable.variable WHERE variable.variable = variable AND variable.variable BETWEEN variable AND variable AND variable.variable = variable,3
216,SELECT COUNT(variable) AS variable FROM variable WHERE variable = variable,3
217,SELECT COUNT(variable) AS variable FROM variable WHERE variable > variable,3
218,SELECT COUNT(variable) FROM `variable` WHERE variable = variable,3
219,SELECT COUNT(variable) FROM variable WHERE variable = ( SELECT variable FROM variable WHERE variable = variable ),3
220,SELECT COUNT(variable) FROM variable WHERE variable = variable AND variable > variable,3
221,SELECT COUNT(variable) FROM variable WHERE variable = variable AND variable LIKE variable,3
222,SELECT COUNT(variable) FROM variable WHERE variable LIKE variable AND variable > variable,3
223,SELECT COUNT(variable) FROM variable WHERE variable NOT IN ( SELECT variable FROM variable ),3
224,SELECT COUNT(variable.variable) FROM variable AS variable INNER JOIN variable AS variable ON variable.variable = variable.variable INNER JOIN variable AS variable ON variable.variable = variable.variable WHERE variable.variable < variable AND variable.variable = variable,3
225,SELECT COUNT(variable.variable) FROM variable AS variable INNER JOIN variable AS variable ON variable.variable = variable.variable INNER JOIN variable AS variable ON variable.variable = variable.variable WHERE variable.variable LIKE variable AND variable.variable LIKE variable,3
226,"SELECT COUNT(variable.variable) FROM variable AS variable INNER JOIN variable AS variable ON variable.variable = variable.variable WHERE variable.variable = variable AND STRFTIME(variable, variable.variable) = variable",3
227,SELECT COUNT(variable.variable) FROM variable AS variable INNER JOIN variable AS variable ON variable.variable = variable.variable WHERE variable.variable = variable AND variable.variable <= variable,3
228,SELECT COUNT(variable.variable) FROM variable AS variable INNER JOIN variable AS variable ON variable.variable = variable.variable WHERE variable.variable = variable AND variable.variable = variable AND variable.variable LIKE variable,3
229,SELECT COUNT(variable.variable) FROM variable AS variable INNER JOIN variable AS variable ON variable.variable = variable.variable WHERE variable.variable = variable AND variable.variable BETWEEN variable AND variable,3
230,SELECT COUNT(variable.variable) FROM variable AS variable INNER JOIN variable AS variable ON variable.variable = variable.variable WHERE variable.variable > variable AND variable.variable > variable,3
231,SELECT COUNT(variable.variable) FROM variable AS variable INNER JOIN variable AS variable ON variable.variable = variable.variable WHERE variable.variable LIKE variable AND variable.variable LIKE variable,3
232,SELECT DISTINCT variable.`variable variable` FROM variable AS variable INNER JOIN variable AS variable ON variable.`variable variable` = variable.`variable variable` INNER JOIN variable AS variable ON variable.`variable variable` = variable.`variable variable` WHERE variable.`variable variable` = variable AND variable.variable = variable,3
233,SELECT DISTINCT variable.variable FROM variable AS variable INNER JOIN `variable` AS variable ON variable.variable = variable.variable WHERE variable.variable = variable AND variable.variable = variable,3
234,SELECT DISTINCT variable.variable FROM variable AS variable INNER JOIN variable AS variable ON variable.variable = variable.variable WHERE variable.variable = variable AND variable.variable = variable AND variable.variable = variable;,3
235,SELECT DISTINCT variable.variable FROM variable AS variable INNER JOIN variable AS variable ON variable.variable = variable.variable WHERE variable.variable = variable AND variable.variable = variable ORDER BY variable.variable DESC LIMIT variable,3
236,SELECT DISTINCT variable.variable FROM variable AS variable INNER JOIN variable AS variable ON variable.variable = variable.variable WHERE variable.variable = variable AND variable.variable = variable;,3
237,SELECT DISTINCT variable.variable FROM variable AS variable INNER JOIN variable AS variable ON variable.variable = variable.variable WHERE variable.variable BETWEEN variable AND variable,3
238,SELECT DISTINCT variable.variable FROM variable AS variable WHERE variable.variable = variable,3
239,"SELECT DISTINCT variable.variable, variable.variable FROM variable AS variable INNER JOIN variable AS variable ON variable.variable = variable.variable INNER JOIN variable AS variable ON variable.variable = variable.variable INNER JOIN variable AS variable ON variable.variable = variable.variable WHERE variable.variable = variable",3
240,"SELECT DISTINCT variable.variable, variable.variable FROM variable AS variable INNER JOIN variable AS variable ON variable.variable = variable.variable WHERE variable.variable > variable",3
241,SELECT MAX(variable) FROM variable WHERE variable = variable,3
242,SELECT SUM((variable.variable - variable.variable) * variable.variable) FROM variable AS variable INNER JOIN variable AS variable ON variable.variable = variable.variable WHERE variable.variable = variable,3
243,SELECT SUM(CASE WHEN variable = variable THEN variable ELSE variable END) FROM variable WHERE variable = variable,3
244,SELECT SUM(CASE WHEN variable.variable = variable THEN variable.variable ELSE variable END) - SUM(CASE WHEN variable.variable = variable THEN variable.variable ELSE variable END) FROM variable AS variable INNER JOIN variable AS variable ON variable.variable = variable.variable,3
245,SELECT SUM(variable) FROM variable WHERE variable = variable,3
246,SELECT SUM(variable) FROM variable WHERE variable LIKE variable,3
247,SELECT SUM(variable.variable * variable.variable) FROM variable AS variable INNER JOIN variable AS variable ON variable.variable = variable.variable WHERE variable.variable = variable,3
248,SELECT SUM(variable.variable) / COUNT(variable.variable) FROM variable AS variable INNER JOIN variable AS variable ON variable.variable = variable.variable WHERE variable.variable = variable,3
249,SELECT SUM(variable.variable) FROM variable AS variable INNER JOIN variable AS variable ON variable.`variable variable` = variable.`variable variable` WHERE variable.`variable variable` = variable AND variable.variable = variable,3
250,SELECT SUM(variable.variable) FROM variable AS variable INNER JOIN variable AS variable ON variable.variable = variable.variable INNER JOIN variable AS variable ON variable.variable = variable.variable WHERE variable.variable = variable AND variable.variable = variable AND variable.variable = variable,3
251,SELECT SUM(variable.variable) FROM variable AS variable INNER JOIN variable AS variable ON variable.variable = variable.variable WHERE variable.variable = variable AND variable.variable = variable AND variable.variable = variable,3
252,SELECT variable - variable FROM variable WHERE variable = variable,3
253,SELECT variable FROM `variable-variable` WHERE variable = variable,3
254,SELECT variable FROM variable GROUP BY variable HAVING COUNT(variable) > variable,3
255,SELECT variable FROM variable ORDER BY variable DESC LIMIT variable;,3
256,SELECT variable FROM variable WHERE variable = variable AND variable = ( SELECT MAX(variable) FROM variable WHERE variable = variable ),3
257,SELECT variable FROM variable WHERE variable BETWEEN variable AND variable,3
258,SELECT variable FROM variable WHERE variable LIKE variable AND variable = variable,3
259,"SELECT variable, variable FROM variable WHERE variable = variable AND variable BETWEEN variable AND variable",3
260,"SELECT variable, variable FROM variable WHERE variable = variable ORDER BY variable DESC LIMIT variable",3
261,"SELECT variable, variable FROM variable WHERE variable IN ( SELECT variable FROM variable WHERE variable = variable )",3
262,"SELECT variable, variable, variable, variable FROM variable WHERE variable = variable",3
263,SELECT variable.`variable variable` FROM variable AS variable INNER JOIN variable AS variable ON variable.`variable variable` = variable.`variable variable` WHERE variable.variable = variable ORDER BY variable.variable DESC LIMIT variable,3
264,SELECT variable.variable * variable.variable FROM variable AS variable INNER JOIN variable AS variable ON variable.variable = variable.variable WHERE variable.variable = variable,3
265,SELECT variable.variable * variable.variable FROM variable AS variable INNER JOIN variable AS variable ON variable.variable = variable.variable WHERE variable.variable = variable AND variable.variable = variable,3
266,SELECT variable.variable / variable.variable FROM variable AS variable INNER JOIN variable AS variable ON variable.variable = variable.variable WHERE variable.variable = variable,3
267,"SELECT variable.variable FROM ( SELECT variable.variable, COUNT(DISTINCT variable.variable) FROM variable AS variable INNER JOIN variable AS variable ON variable.variable = variable.variable GROUP BY variable.variable ORDER BY COUNT(DISTINCT variable.variable) DESC LIMIT variable ) variable",3
268,SELECT variable.variable FROM `variable-variable` AS variable INNER JOIN variable AS variable ON variable.variable = variable.variable WHERE variable.variable = variable AND variable.variable = variable,3
269,SELECT variable.variable FROM `variable` AS variable INNER JOIN variable AS variable ON variable.variable = variable.variable WHERE variable.variable = variable,3
270,SELECT variable.variable FROM variable AS variable INNER JOIN `variable-variable` AS variable ON variable.variable = variable.variable WHERE variable.variable = variable AND variable.variable = variable,3
271,SELECT variable.variable FROM variable AS variable INNER JOIN variable AS variable ON variable.variable = variable.variable,3
272,SELECT variable.variable FROM variable AS variable INNER JOIN variable AS variable ON variable.variable = variable.variable AND variable.variable = variable.variable WHERE variable.variable = variable,3
273,SELECT variable.variable FROM variable AS variable INNER JOIN variable AS variable ON variable.variable = variable.variable AND variable.variable = variable.variable WHERE variable.variable = variable ORDER BY variable.variable DESC LIMIT variable,3
274,SELECT variable.variable FROM variable AS variable INNER JOIN variable AS variable ON variable.variable = variable.variable GROUP BY variable.variable HAVING COUNT(variable.variable) > variable,3
275,SELECT variable.variable FROM variable AS variable INNER JOIN variable AS variable ON variable.variable = variable.variable INNER JOIN variable AS variable ON variable.variable = variable.variable INNER JOIN variable AS variable ON variable.variable = variable.variable WHERE variable.variable = variable AND variable.variable = variable ORDER BY variable.variable DESC LIMIT variable,3
276,SELECT variable.variable FROM variable AS variable INNER JOIN variable AS variable ON variable.variable = variable.variable INNER JOIN variable AS variable ON variable.variable = variable.variable INNER JOIN variable AS variable ON variable.variable = variable.variable WHERE variable.variable = variable GROUP BY variable.variable ORDER BY COUNT(variable.variable) DESC LIMIT variable,3
277,SELECT variable.variable FROM variable AS variable INNER JOIN variable AS variable ON variable.variable = variable.variable INNER JOIN variable AS variable ON variable.variable = variable.variable ORDER BY variable.variable LIMIT variable,3
278,SELECT variable.variable FROM variable AS variable INNER JOIN variable AS variable ON variable.variable = variable.variable INNER JOIN variable AS variable ON variable.variable = variable.variable WHERE variable.variable = variable AND variable.variable = variable GROUP BY variable.variable,3
279,SELECT variable.variable FROM variable AS variable INNER JOIN variable AS variable ON variable.variable = variable.variable INNER JOIN variable AS variable ON variable.variable = variable.variable WHERE variable.variable = variable AND variable.variable > variable,3
280,SELECT variable.variable FROM variable AS variable INNER JOIN variable AS variable ON variable.variable = variable.variable INNER JOIN variable AS variable ON variable.variable = variable.variable WHERE variable.variable LIKE variable AND variable.variable = variable,3
281,SELECT variable.variable FROM variable AS variable INNER JOIN variable AS variable ON variable.variable = variable.variable INNER JOIN variable AS variable ON variable.variable = variable.variable WHERE variable.variable LIKE variable AND variable.variable LIKE variable AND variable.variable LIKE variable,3
282,SELECT variable.variable FROM variable AS variable INNER JOIN variable AS variable ON variable.variable = variable.variable INNER JOIN variable AS variable ON variable.variable = variable.variable WHERE variable.variable LIKE variable AND variable.variable LIKE variable AND variable.variable LIKE variable GROUP BY variable.variable,3
283,SELECT variable.variable FROM variable AS variable INNER JOIN variable AS variable ON variable.variable = variable.variable WHERE variable.variable < variable,3
284,SELECT variable.variable FROM variable AS variable INNER JOIN variable AS variable ON variable.variable = variable.variable WHERE variable.variable = variable AND variable.variable = variable AND variable.variable LIKE variable,3
285,SELECT variable.variable FROM variable AS variable INNER JOIN variable AS variable ON variable.variable = variable.variable WHERE variable.variable = variable AND variable.variable = variable LIMIT variable,3
286,SELECT variable.variable FROM variable AS variable INNER JOIN variable AS variable ON variable.variable = variable.variable WHERE variable.variable = variable AND variable.variable >= variable,3
287,SELECT variable.variable FROM variable AS variable INNER JOIN variable AS variable ON variable.variable = variable.variable WHERE variable.variable = variable ORDER BY variable.variable DESC LIMIT variable;,3
288,SELECT variable.variable FROM variable AS variable INNER JOIN variable AS variable ON variable.variable = variable.variable WHERE variable.variable > variable AND variable.variable = variable,3
289,SELECT variable.variable FROM variable AS variable INNER JOIN variable AS variable ON variable.variable = variable.variable WHERE variable.variable LIKE variable AND variable.variable = variable,3
290,SELECT variable.variable FROM variable AS variable INNER JOIN variable AS variable ON variable.variable = variable.variable WHERE variable.variable LIKE variable GROUP BY variable.variable ORDER BY COUNT(variable.variable) DESC LIMIT variable,3
291,"SELECT variable.variable, variable.variable FROM ( SELECT variable.variable, variable.variable, COUNT(variable.variable) AS variable FROM variable AS variable INNER JOIN variable AS variable ON variable.variable = variable.variable INNER JOIN variable AS variable ON variable.variable = variable.variable WHERE variable.variable = variable GROUP BY variable.variable, variable.variable ) AS variable ORDER BY variable.variable DESC LIMIT variable",3
292,"SELECT variable.variable, variable.variable FROM variable AS variable INNER JOIN `variable-variable` AS variable ON variable.variable = variable.variable WHERE variable.variable = variable",3
293,"SELECT variable.variable, variable.variable FROM variable AS variable INNER JOIN variable AS variable ON variable.variable = variable.variable GROUP BY variable.variable ORDER BY COUNT(variable.variable) DESC LIMIT variable",3
294,"SELECT variable.variable, variable.variable FROM variable AS variable INNER JOIN variable AS variable ON variable.variable = variable.variable GROUP BY variable.variable, variable.variable ORDER BY COUNT(*) DESC LIMIT variable",3
295,"SELECT variable.variable, variable.variable FROM variable AS variable INNER JOIN variable AS variable ON variable.variable = variable.variable GROUP BY variable.variable, variable.variable ORDER BY COUNT(variable.variable) DESC LIMIT variable",3
296,"SELECT variable.variable, variable.variable FROM variable AS variable INNER JOIN variable AS variable ON variable.variable = variable.variable INNER JOIN variable AS variable ON variable.variable = variable.variable INNER JOIN variable AS variable ON variable.variable = variable.variable WHERE variable.variable = variable AND variable.variable = variable",3
297,"SELECT variable.variable, variable.variable FROM variable AS variable INNER JOIN variable AS variable ON variable.variable = variable.variable INNER JOIN variable AS variable ON variable.variable = variable.variable ORDER BY variable.variable ASC LIMIT variable",3
298,"SELECT variable.variable, variable.variable FROM variable AS variable INNER JOIN variable AS variable ON variable.variable = variable.variable INNER JOIN variable AS variable ON variable.variable = variable.variable ORDER BY variable.variable DESC LIMIT variable",3
299,"SELECT variable.variable, variable.variable FROM variable AS variable INNER JOIN variable AS variable ON variable.variable = variable.variable INNER JOIN variable AS variable ON variable.variable = variable.variable WHERE variable.variable = variable AND variable.variable = variable AND variable.variable = variable",3
300,"SELECT variable.variable, variable.variable FROM variable AS variable INNER JOIN variable AS variable ON variable.variable = variable.variable ORDER BY variable.variable ASC LIMIT variable",3
301,"SELECT variable.variable, variable.variable FROM variable AS variable INNER JOIN variable AS variable ON variable.variable = variable.variable WHERE variable.variable = variable AND variable.variable > variable",3
302,"SELECT variable.variable, variable.variable FROM variable AS variable INNER JOIN variable AS variable ON variable.variable = variable.variable WHERE variable.variable = variable ORDER BY variable.variable LIMIT variable",3
303,"SELECT variable.variable, variable.variable FROM variable AS variable INNER JOIN variable AS variable ON variable.variable = variable.variable WHERE variable.variable BETWEEN variable AND variable",3
304,"SELECT variable.variable, variable.variable FROM variable AS variable INNER JOIN variable AS variable ON variable.variable = variable.variable WHERE variable.variable BETWEEN variable AND variable ORDER BY variable.variable DESC LIMIT variable",3
305,"SELECT variable.variable, variable.variable FROM variable AS variable INNER JOIN variable AS variable ON variable.variable = variable.variable WHERE variable.variable LIKE variable",3
306,"SELECT variable.variable, variable.variable, variable.variable FROM variable AS variable  INNER JOIN variable AS variable  ON variable.variable = variable.variable WHERE variable.variable = variable AND variable.variable = variable",3
307,"SELECT variable.variable, variable.variable, variable.variable FROM variable AS variable INNER JOIN variable AS variable ON variable.variable = variable.variable INNER JOIN variable AS variable ON variable.variable = variable.variable WHERE variable.variable = variable AND variable.variable = variable",3
308,"SELECT variable.variable, variable.variable, variable.variable, variable.variable FROM variable AS variable INNER JOIN variable AS variable ON variable.variable = variable.variable WHERE variable.variable = variable",3
309,SELECT AVG(variable) FROM variable AS variable INNER JOIN variable AS variable ON variable.variable = variable.variable WHERE variable.variable = variable,2
310,SELECT AVG(variable) FROM variable WHERE variable > variable,2
311,SELECT AVG(variable.variable) FROM variable AS variable INNER JOIN variable AS variable ON variable.variable = variable.variable,2
312,SELECT AVG(variable.variable) FROM variable AS variable INNER JOIN variable AS variable ON variable.variable = variable.variable INNER JOIN variable AS variable ON variable.variable = variable.variable INNER JOIN variable AS variable ON variable.variable = variable.variable WHERE variable.variable = variable AND variable.variable = variable,2
313,SELECT AVG(variable.variable) FROM variable AS variable INNER JOIN variable AS variable ON variable.variable = variable.variable WHERE variable.variable = variable AND variable.variable BETWEEN variable AND variable AND variable.variable = variable AND variable.variable = variable,2
314,SELECT AVG(variable.variable) FROM variable AS variable INNER JOIN variable AS variable ON variable.variable = variable.variable WHERE variable.variable = variable;,2
315,"SELECT AVG(variable.variable), variable.variable FROM variable AS variable INNER JOIN variable AS variable ON variable.variable = variable.variable WHERE variable.variable = variable AND variable.variable = variable AND variable.variable = variable",2
316,SELECT CASE WHEN variable = variable THEN variable WHEN variable = variable THEN variable END variable FROM variable WHERE variable = variable,2
317,SELECT CAST(COUNT(CASE WHEN variable.variable = variable THEN variable ELSE NULL END) AS variable) * variable / COUNT(variable.variable) FROM variable AS variable INNER JOIN variable AS variable ON variable.variable = variable.variable INNER JOIN variable AS variable ON variable.variable = variable.variable WHERE variable.variable = variable,2
318,SELECT CAST(COUNT(CASE WHEN variable.variable = variable THEN variable ELSE NULL END) AS variable) * variable / COUNT(variable.variable) FROM variable AS variable INNER JOIN variable AS variable ON variable.variable = variable.variable WHERE variable.variable = variable,2
319,SELECT CAST(COUNT(CASE WHEN variable.variable = variable THEN variable.variable ELSE NULL END) AS variable) / COUNT(CASE WHEN variable.variable = variable THEN variable.variable ELSE NULL END) FROM variable AS variable INNER JOIN variable AS variable ON variable.variable = variable.variable,2
320,SELECT CAST(COUNT(CASE WHEN variable.variable = variable THEN variable.variable END) AS variable) * variable / COUNT(variable.variable) FROM variable AS variable INNER JOIN variable AS variable ON variable.variable = variable.variable WHERE variable.variable = variable,2
321,SELECT CAST(COUNT(variable) AS variable) / COUNT(DISTINCT variable) FROM variable,2
322,SELECT CAST(COUNT(variable.variable) AS variable) * variable / COUNT(variable.variable) FROM variable AS variable LEFT JOIN variable AS variable ON variable.variable = variable.variable,2
323,SELECT CAST(SUM(CASE WHEN variable = variable THEN variable ELSE variable END) AS variable) / SUM(CASE WHEN variable = variable THEN variable ELSE variable END) FROM variable,2
324,SELECT CAST(SUM(CASE WHEN variable.variable < variable THEN variable ELSE variable END) AS variable) * variable / COUNT(*) FROM variable AS variable INNER JOIN variable AS variable ON variable.variable = variable.variable WHERE variable.variable = variable,2
325,SELECT CAST(SUM(CASE WHEN variable.variable < variable THEN variable ELSE variable END) AS variable) * variable / COUNT(variable.variable) AS variable FROM variable AS variable INNER JOIN variable ON variable.variable = variable.variable INNER JOIN variable AS variable ON variable.variable = variable.variable WHERE variable.variable LIKE variable,2
326,"SELECT CAST(SUM(CASE WHEN variable.variable = variable THEN variable ELSE variable END) AS variable) * variable / COUNT(*) FROM variable AS variable INNER JOIN variable AS variable ON variable.variable = variable.variable WHERE STRFTIME(variable, variable.variable) = variable",2
327,SELECT CAST(SUM(CASE WHEN variable.variable = variable THEN variable ELSE variable END) AS variable) * variable / COUNT(*) FROM variable AS variable INNER JOIN variable AS variable ON variable.variable = variable.variable WHERE variable.variable = variable;,2
328,SELECT CAST(SUM(CASE WHEN variable.variable = variable THEN variable ELSE variable END) AS variable) / SUM(CASE WHEN variable.variable = variable THEN variable ELSE variable END) AS variable FROM variable AS variable INNER JOIN variable AS variable ON variable.variable = variable.variable,2
329,SELECT CAST(SUM(CASE WHEN variable.variable > variable THEN variable ELSE variable END) AS variable) * variable / COUNT(*) FROM variable AS variable INNER JOIN variable AS variable ON variable.variable = variable.variable INNER JOIN variable AS variable ON variable.variable = variable.variable WHERE variable.variable = variable AND variable.variable = variable,2
330,SELECT CAST(SUM(CASE WHEN variable.variable > variable THEN variable ELSE variable END) AS variable) * variable / COUNT(variable.variable) FROM variable AS variable INNER JOIN variable AS variable ON variable.variable = variable.variable WHERE variable.variable = variable,2
331,SELECT CAST(SUM(CASE WHEN variable.variable > variable THEN variable ELSE variable END) AS variable) * variable / COUNT(variable.variable) FROM variable AS variable INNER JOIN variable AS variable ON variable.variable = variable.variable WHERE variable.variable = variable AND variable.variable = variable,2
332,"SELECT CAST(SUM(variable(variable.variable = variable, variable, variable)) AS variable) * variable / COUNT(variable.variable) FROM variable AS variable INNER JOIN variable AS variable ON variable.variable = variable.variable INNER JOIN variable AS variable ON variable.variable = variable.variable INNER JOIN variable AS variable ON variable.variable = variable.variable WHERE variable.variable = variable",2
333,SELECT CAST(SUM(variable.variable = variable) AS variable) * variable / COUNT(variable.variable) FROM variable variable INNER JOIN variable variable ON variable.variable = variable.variable WHERE variable.variable = variable,2
334,SELECT CAST(variable.variable AS variable) * variable / variable.variable FROM variable AS variable INNER JOIN variable AS variable ON variable.variable = variable.variable WHERE variable.variable = variable,2
335,SELECT COUNT(*) FROM `variable variable` AS variable INNER JOIN variable AS variable ON variable.variable = variable.variable WHERE variable.variable LIKE variable AND variable.variable = variable,2
336,SELECT COUNT(*) FROM variable AS variable  INNER JOIN variable AS variable  ON variable.variable = variable.variable WHERE variable.variable = variable AND variable.variable = variable,2
337,SELECT COUNT(*) FROM variable AS variable INNER JOIN `variable-variable` AS variable ON variable.variable = variable.variable WHERE variable.variable = variable AND (variable.variable IS NULL OR variable.variable = variable),2
338,SELECT COUNT(*) FROM variable AS variable INNER JOIN variable AS variable ON variable.variable = variable.variable INNER JOIN variable AS variable ON variable.variable = variable.variable INNER JOIN variable AS variable ON variable.variable = variable.variable WHERE variable.variable = variable AND variable.variable = variable,2
339,SELECT COUNT(*) FROM variable AS variable INNER JOIN variable AS variable ON variable.variable = variable.variable INNER JOIN variable AS variable ON variable.variable = variable.variable WHERE variable.variable = variable AND variable.variable < variable,2
340,SELECT COUNT(*) FROM variable AS variable INNER JOIN variable AS variable ON variable.variable = variable.variable WHERE variable.variable = variable AND variable.variable < variable,2
341,"SELECT COUNT(*) FROM variable AS variable INNER JOIN variable AS variable ON variable.variable = variable.variable WHERE variable.variable = variable AND variable.variable = variable AND STRFTIME(variable, variable.variable) = variable",2
342,SELECT COUNT(*) FROM variable AS variable INNER JOIN variable AS variable ON variable.variable = variable.variable WHERE variable.variable = variable AND variable.variable = variable AND variable.variable = variable AND variable.variable = variable,2
343,SELECT COUNT(*) FROM variable AS variable INNER JOIN variable AS variable ON variable.variable = variable.variable WHERE variable.variable = variable AND variable.variable = variable AND variable.variable = variable;,2
344,SELECT COUNT(*) FROM variable AS variable INNER JOIN variable AS variable ON variable.variable = variable.variable WHERE variable.variable = variable AND variable.variable > variable,2
345,SELECT COUNT(*) FROM variable WHERE variable = variable AND variable = variable;,2
346,SELECT COUNT(*) FROM variable WHERE variable = variable AND variable > variable,2
347,SELECT COUNT(*) FROM variable WHERE variable = variable AND variable > variable AND variable > variable,2
348,SELECT COUNT(CASE WHEN variable.variable = variable THEN variable.variable ELSE NULL END) - COUNT(CASE WHEN variable.variable = variable THEN variable.variable ELSE NULL END) FROM variable AS variable INNER JOIN variable AS variable ON variable.variable = variable.variable,2
349,SELECT COUNT(CASE WHEN variable.variable = variable THEN variable.variable ELSE NULL END) FROM variable AS variable INNER JOIN variable AS variable ON variable.variable = variable.variable,2
350,SELECT COUNT(DISTINCT variable) FROM ( SELECT CASE  WHEN variable = variable THEN variable ELSE NULL END AS variable FROM variable ) WHERE variable IS NOT NULL,2
351,SELECT COUNT(DISTINCT variable) FROM variable WHERE variable = variable AND variable = variable,2
352,"SELECT COUNT(DISTINCT variable.`Order variable`) FROM variable AS variable INNER JOIN variable AS variable ON variable.`variable variable` = variable.`variable variable` WHERE variable.`variable variable` = variable AND STRFTIME(variable, variable.`Order variable`) = variable",2
353,SELECT COUNT(DISTINCT variable.variable) FROM variable AS variable INNER JOIN variable AS variable ON variable.variable = variable.variable INNER JOIN variable AS variable ON variable.variable = variable.variable WHERE variable.variable = variable AND variable.variable < variable,2
354,SELECT COUNT(DISTINCT variable.variable) FROM variable AS variable INNER JOIN variable AS variable ON variable.variable = variable.variable INNER JOIN variable AS variable ON variable.variable = variable.variable WHERE variable.variable = variable AND variable.variable = variable AND variable.variable = variable,2
355,SELECT COUNT(DISTINCT variable.variable) FROM variable AS variable INNER JOIN variable AS variable ON variable.variable = variable.variable INNER JOIN variable AS variable ON variable.variable = variable.variable WHERE variable.variable = variable AND variable.variable > variable,2
356,"SELECT COUNT(DISTINCT variable.variable) FROM variable AS variable INNER JOIN variable AS variable ON variable.variable = variable.variable WHERE strftime(variable, variable.variable) = variable AND variable.variable = variable",2
357,SELECT COUNT(DISTINCT variable.variable) FROM variable AS variable INNER JOIN variable AS variable ON variable.variable = variable.variable WHERE variable.variable = variable AND variable.variable > variable,2
358,SELECT COUNT(DISTINCT variable.variable) FROM variable AS variable INNER JOIN variable AS variable ON variable.variable = variable.variable WHERE variable.variable LIKE variable,2
359,SELECT COUNT(variable) FROM `variable-variable` WHERE variable = variable,2
360,SELECT COUNT(variable) FROM `variable` WHERE variable LIKE variable,2
361,"SELECT COUNT(variable) FROM variable WHERE STRFTIME(variable, `variable`) = variable AND variable = variable",2
362,"SELECT COUNT(variable) FROM variable WHERE SUBSTR(`variable`, variable, variable) = variable",2
363,"SELECT COUNT(variable) FROM variable WHERE SUBSTR(variable, variable(variable) - variable, variable(variable)) BETWEEN variable AND variable",2
364,SELECT COUNT(variable) FROM variable WHERE variable != variable,2
365,SELECT COUNT(variable) FROM variable WHERE variable < variable AND variable = variable,2
366,SELECT COUNT(variable) FROM variable WHERE variable < variable AND variable >= variable AND variable <= variable,2
367,SELECT COUNT(variable) FROM variable WHERE variable = variable AND variable = ( SELECT MAX(variable) FROM variable ),2
368,SELECT COUNT(variable) FROM variable WHERE variable = variable AND variable = variable AND variable = variable,2
369,SELECT COUNT(variable) FROM variable WHERE variable = variable AND variable > variable AND variable > variable,2
370,SELECT COUNT(variable) FROM variable WHERE variable = variable AND variable NOT IN ( SELECT variable FROM variable ),2
371,SELECT COUNT(variable) FROM variable WHERE variable BETWEEN variable AND variable AND variable = variable,2
372,"SELECT COUNT(variable) FROM variable WHERE variable IN (variable, variable)",2
373,SELECT COUNT(variable) FROM variable WHERE variable IS NULL,2
374,SELECT COUNT(variable) FROM variable WHERE variable LIKE variable AND variable = variable,2
375,SELECT COUNT(variable.variable) FROM ( SELECT variable FROM variable GROUP BY variable HAVING COUNT(variable) > variable ) variable,2
376,SELECT COUNT(variable.variable) FROM ( SELECT variable.variable FROM variable AS variable INNER JOIN variable AS variable ON variable.variable = variable.variable WHERE variable.variable = variable GROUP BY variable.variable ) variable,2
377,SELECT COUNT(variable.variable) FROM (SELECT variable.variable FROM variable AS variable INNER JOIN variable AS variable ON variable.variable = variable.variable WHERE variable.variable = variable AND variable.variable = variable AND variable.variable = variable GROUP BY variable.variable)as variable,2
378,"SELECT COUNT(variable.variable) FROM variable AS variable INNER JOIN `variable` AS variable ON variable.variable = variable.variable WHERE variable.variable = variable AND variable.variable = variable AND STRFTIME(variable, variable.variable) = variable",2
379,SELECT COUNT(variable.variable) FROM variable AS variable INNER JOIN variable AS variable ON variable.`variable` = variable.`variable` WHERE variable.variable = variable AND variable.variable = variable,2
380,SELECT COUNT(variable.variable) FROM variable AS variable INNER JOIN variable AS variable ON variable.variable = variable.variable GROUP BY variable.variable ORDER BY variable.variable DESC LIMIT variable,2
381,SELECT COUNT(variable.variable) FROM variable AS variable INNER JOIN variable AS variable ON variable.variable = variable.variable INNER JOIN variable AS variable ON variable.variable = variable.variable INNER JOIN variable AS variable ON variable.variable = variable.variable INNER JOIN variable AS variable ON variable.variable = variable.variable WHERE variable.variable = variable AND variable.variable = variable,2
382,SELECT COUNT(variable.variable) FROM variable AS variable INNER JOIN variable AS variable ON variable.variable = variable.variable INNER JOIN variable AS variable ON variable.variable = variable.variable INNER JOIN variable AS variable ON variable.variable = variable.variable WHERE variable.variable = variable,2
383,SELECT COUNT(variable.variable) FROM variable AS variable INNER JOIN variable AS variable ON variable.variable = variable.variable INNER JOIN variable AS variable ON variable.variable = variable.variable INNER JOIN variable AS variable ON variable.variable = variable.variable WHERE variable.variable = variable AND variable.variable = variable AND variable.variable = variable,2
384,"SELECT COUNT(variable.variable) FROM variable AS variable INNER JOIN variable AS variable ON variable.variable = variable.variable INNER JOIN variable AS variable ON variable.variable = variable.variable WHERE variable.variable = variable AND CAST(STRFTIME(variable, variable.variable) AS variable) = variable",2
385,SELECT COUNT(variable.variable) FROM variable AS variable INNER JOIN variable AS variable ON variable.variable = variable.variable INNER JOIN variable AS variable ON variable.variable = variable.variable WHERE variable.variable = variable AND variable.variable < variable,2
386,SELECT COUNT(variable.variable) FROM variable AS variable INNER JOIN variable AS variable ON variable.variable = variable.variable INNER JOIN variable AS variable ON variable.variable = variable.variable WHERE variable.variable = variable AND variable.variable = variable AND variable.variable = variable AND variable.variable = variable,2
387,SELECT COUNT(variable.variable) FROM variable AS variable INNER JOIN variable AS variable ON variable.variable = variable.variable INNER JOIN variable AS variable ON variable.variable = variable.variable WHERE variable.variable = variable AND variable.variable BETWEEN variable AND variable,2
388,SELECT COUNT(variable.variable) FROM variable AS variable INNER JOIN variable AS variable ON variable.variable = variable.variable INNER JOIN variable AS variable ON variable.variable = variable.variable WHERE variable.variable LIKE variable AND variable.variable LIKE variable AND variable.variable LIKE variable,2
389,"SELECT COUNT(variable.variable) FROM variable AS variable INNER JOIN variable AS variable ON variable.variable = variable.variable WHERE STRFTIME(variable, variable.variable) = variable AND variable.variable = variable",2
390,"SELECT COUNT(variable.variable) FROM variable AS variable INNER JOIN variable AS variable ON variable.variable = variable.variable WHERE strftime(variable, variable.variable) = variable AND variable.variable = variable AND variable.variable = variable",2
391,SELECT COUNT(variable.variable) FROM variable AS variable INNER JOIN variable AS variable ON variable.variable = variable.variable WHERE variable.variable < variable AND variable.variable = variable,2
392,SELECT COUNT(variable.variable) FROM variable AS variable INNER JOIN variable AS variable ON variable.variable = variable.variable WHERE variable.variable = ( SELECT MAX(variable) FROM variable ),2
393,SELECT COUNT(variable.variable) FROM variable AS variable INNER JOIN variable AS variable ON variable.variable = variable.variable WHERE variable.variable = variable AND variable.variable = variable AND variable.variable < variable,2
394,SELECT COUNT(variable.variable) FROM variable AS variable INNER JOIN variable AS variable ON variable.variable = variable.variable WHERE variable.variable = variable AND variable.variable = variable AND variable.variable > variable,2
395,SELECT COUNT(variable.variable) FROM variable AS variable INNER JOIN variable AS variable ON variable.variable = variable.variable WHERE variable.variable = variable AND variable.variable > variable AND variable.variable < variable,2
396,SELECT COUNT(variable.variable) FROM variable AS variable INNER JOIN variable AS variable ON variable.variable = variable.variable WHERE variable.variable = variable AND variable.variable >= variable AND variable.variable <= variable AND variable.variable >= variable AND variable.variable <= variable,2
397,"SELECT COUNT(variable.variable) FROM variable AS variable INNER JOIN variable AS variable ON variable.variable = variable.variable WHERE variable.variable = variable AND variable.variable IN (variable, variable, variable)",2
398,SELECT COUNT(variable.variable) FROM variable AS variable INNER JOIN variable AS variable ON variable.variable = variable.variable WHERE variable.variable BETWEEN variable AND variable AND variable.variable = variable AND variable.variable = variable,2
399,SELECT COUNT(variable.variable) FROM variable AS variable INNER JOIN variable AS variable USING (variable) WHERE variable.variable = variable,2
400,"SELECT COUNT(variable.variable), variable.variable FROM variable AS variable INNER JOIN variable AS variable ON variable.variable = variable.variable WHERE variable.variable = variable AND variable.variable = variable",2
401,"SELECT DISTINCT variable FROM ( SELECT variable(variable = variable, variable, NULL) AS variable FROM `variable variable` ) WHERE variable IS NOT NULL",2
402,SELECT DISTINCT variable FROM variable WHERE variable = ( SELECT MAX(variable) FROM variable ),2
403,"SELECT DISTINCT variable, variable FROM variable WHERE variable = variable",2
404,SELECT DISTINCT variable.variable FROM variable AS variable INNER JOIN variable AS variable ON variable.`variable variable` = variable.`variable variable` WHERE variable.`variable variable` = variable,2
405,SELECT DISTINCT variable.variable FROM variable AS variable INNER JOIN variable AS variable ON variable.variable = variable.variable INNER JOIN variable AS variable ON variable.variable = variable.variable INNER JOIN variable AS variable ON variable.variable = variable.variable INNER JOIN variable AS variable ON variable.variable = variable.variable WHERE variable.variable = variable,2
406,SELECT DISTINCT variable.variable FROM variable AS variable INNER JOIN variable AS variable ON variable.variable = variable.variable INNER JOIN variable AS variable ON variable.variable = variable.variable INNER JOIN variable AS variable ON variable.variable = variable.variable WHERE variable.variable = variable AND variable.variable <> variable,2
407,SELECT DISTINCT variable.variable FROM variable AS variable INNER JOIN variable AS variable ON variable.variable = variable.variable INNER JOIN variable AS variable ON variable.variable = variable.variable WHERE variable.variable LIKE variable,2
408,"SELECT DISTINCT variable.variable FROM variable AS variable INNER JOIN variable AS variable ON variable.variable = variable.variable WHERE STRFTIME(variable, variable.`variable`) = variable AND variable.variable = variable",2
409,"SELECT DISTINCT variable.variable FROM variable AS variable INNER JOIN variable AS variable ON variable.variable = variable.variable WHERE strftime(variable, variable.variable) = variable AND variable.variable = variable AND variable.variable = variable",2
410,SELECT DISTINCT variable.variable FROM variable AS variable INNER JOIN variable AS variable ON variable.variable = variable.variable WHERE variable.variable = variable AND variable.variable < variable,2
411,SELECT DISTINCT variable.variable FROM variable AS variable INNER JOIN variable AS variable ON variable.variable = variable.variable WHERE variable.variable = variable AND variable.variable = variable AND variable.variable = variable AND variable.variable = variable,2
412,SELECT DISTINCT variable.variable FROM variable AS variable INNER JOIN variable AS variable ON variable.variable = variable.variable WHERE variable.variable = variable AND variable.variable = variable LIMIT variable,2
413,SELECT DISTINCT variable.variable FROM variable AS variable INNER JOIN variable AS variable ON variable.variable = variable.variable WHERE variable.variable = variable AND variable.variable BETWEEN variable AND variable,2
414,SELECT DISTINCT variable.variable FROM variable AS variable INNER JOIN variable AS variable ON variable.variable = variable.variable WHERE variable.variable = variable AND variable.variable IS NOT NULL,2
415,SELECT DISTINCT variable.variable FROM variable AS variable INNER JOIN variable AS variable ON variable.variable = variable.variable WHERE variable.variable = variable LIMIT variable,2
416,SELECT DISTINCT variable.variable FROM variable AS variable INNER JOIN variable AS variable ON variable.variable = variable.variable WHERE variable.variable = variable OR variable.variable = variable,2
417,SELECT DISTINCT variable.variable FROM variable AS variable INNER JOIN variable AS variable ON variable.variable = variable.variable WHERE variable.variable IS NULL,2
418,"SELECT DISTINCT variable.variable, variable.variable FROM variable AS variable INNER JOIN variable AS variable ON variable.variable = variable.variable INNER JOIN variable AS variable ON variable.variable = variable.variable WHERE variable.variable = variable AND variable.variable = variable",2
419,"SELECT DISTINCT variable.variable, variable.variable FROM variable AS variable INNER JOIN variable AS variable ON variable.variable = variable.variable WHERE variable.variable = variable AND variable.variable < variable",2
420,"SELECT DISTINCT variable.variable, variable.variable FROM variable AS variable INNER JOIN variable AS variable ON variable.variable = variable.variable WHERE variable.variable = variable LIMIT variable",2
421,"SELECT DISTINCT variable.variable, variable.variable, variable.variable FROM variable AS variable INNER JOIN variable AS variable ON variable.variable = variable.variable WHERE variable.variable = variable",2
422,"SELECT DISTINCT variable.variable, variable.variable, variable.variable FROM variable AS variable INNER JOIN variable AS variable ON variable.variable = variable.variable WHERE variable.variable = variable AND variable.variable = variable",2
423,SELECT MAX(variable) - MIN(variable) FROM variable WHERE variable = variable OR variable = variable,2
424,SELECT MAX(variable.variable) / MIN(variable.variable) FROM variable AS variable INNER JOIN variable AS variable ON variable.variable = variable.variable WHERE variable.variable = variable,2
425,"SELECT SUBSTR(SUBSTR(variable, INSTR(variable, variable) + variable), variable, INSTR(SUBSTR(variable, INSTR(variable, variable) + variable), variable) - variable) variable FROM variable WHERE variable = variable",2
426,SELECT SUM(CASE WHEN variable = variable THEN variable ELSE variable END) FROM `variable variable`,2
427,SELECT SUM(CASE WHEN variable = variable THEN variable ELSE variable END) FROM variable,2
428,SELECT SUM(CASE WHEN variable.variable = variable THEN variable ELSE variable END) - SUM(CASE WHEN variable.variable = variable THEN variable ELSE variable END) FROM variable AS variable INNER JOIN variable AS variable ON variable.variable = variable.variable WHERE variable.variable = variable,2
429,SELECT SUM(CASE WHEN variable.variable = variable THEN variable ELSE variable END) FROM variable AS variable INNER JOIN variable AS variable ON variable.variable = variable.variable INNER JOIN variable AS variable ON variable.variable = variable.variable WHERE variable.variable = variable AND variable.variable = variable AND variable.variable = variable,2
430,SELECT SUM(CASE WHEN variable.variable = variable THEN variable ELSE variable END) FROM variable AS variable INNER JOIN variable AS variable ON variable.variable = variable.variable WHERE variable.variable = variable AND variable.variable = variable,2
431,SELECT SUM(CASE WHEN variable.variable = variable THEN variable ELSE variable END) FROM variable AS variable INNER JOIN variable AS variable ON variable.variable = variable.variable WHERE variable.variable > variable,2
432,SELECT SUM(CASE WHEN variable.variable = variable THEN variable ELSE variable END)as variable FROM variable AS variable INNER JOIN variable AS variable ON variable.variable = variable.variable WHERE variable.variable = variable AND variable.variable = variable,2
433,SELECT SUM(CASE WHEN variable.variable LIKE variable THEN variable ELSE variable END) - SUM(CASE WHEN variable.variable LIKE variable THEN variable ELSE variable END) FROM variable AS variable INNER JOIN variable AS variable ON variable.variable = variable.variable,2
434,"SELECT SUM(variable(variable = variable AND variable = variable, variable, variable)) FROM variable",2
435,SELECT SUM(variable) / COUNT(variable) FROM variable WHERE variable = variable,2
436,SELECT SUM(variable) FROM variable WHERE variable = variable AND variable = variable,2
437,SELECT SUM(variable.variable * variable.variable) FROM variable AS variable INNER JOIN variable AS variable ON variable.variable = variable.variable INNER JOIN variable AS variable ON variable.variable = variable.variable WHERE variable.variable = variable AND variable.variable = variable,2
438,SELECT SUM(variable.variable) FROM variable AS variable INNER JOIN variable AS variable ON variable.variable = variable.variable WHERE variable.variable = ( SELECT MAX(variable) FROM variable ),2
439,SELECT SUM(variable.variable) FROM variable AS variable INNER JOIN variable AS variable ON variable.variable = variable.variable WHERE variable.variable LIKE variable,2
440,SELECT SUM(variable.variable) FROM variable AS variable INNER JOIN variable AS variable ON variable.variable = variable.variable WHERE variable.variable LIKE variable AND variable.variable = variable AND variable.variable = variable,2
441,SELECT `variable-variable` FROM `variable-variable` WHERE variable = variable,2
442,"SELECT strftime(variable, variable.variable) - strftime(variable, variable.variable) AS variable FROM variable AS variable INNER JOIN variable AS variable ON variable.variable = variable.variable WHERE variable.variable = variable AND variable.variable = variable AND variable.variable = variable",2
443,SELECT variable FROM ( SELECT DISTINCT CASE  WHEN variable.variable = variable THEN variable.`variable variable` END AS variable FROM variable variable INNER JOIN `variable variable` variable ON variable.variable = variable.variable ) WHERE variable IS NOT NULL,2
444,"SELECT variable FROM ( SELECT DISTINCT variable(variable.`variable variable` = variable, variable.`variable variable`, NULL) AS variable FROM `variable variable` variable INNER JOIN variable variable ON variable.variable = variable.variable ) WHERE variable IS NOT NULL",2
445,SELECT variable FROM variable,2
446,SELECT variable FROM variable AS variable INNER JOIN variable AS variable ON variable.variable = variable.variable WHERE variable.variable = variable,2
447,SELECT variable FROM variable AS variable INNER JOIN variable AS variable ON variable.variable = variable.variable WHERE variable.variable = variable AND variable.`variable` = variable,2
448,SELECT variable FROM variable GROUP BY variable HAVING COUNT(DISTINCT variable) > variable,2
449,SELECT variable FROM variable GROUP BY variable ORDER BY COUNT(variable) ASC LIMIT variable,2
450,"SELECT variable FROM variable ORDER BY variable DESC LIMIT variable, variable",2
451,SELECT variable FROM variable WHERE `variable` = variable AND variable = variable AND variable = variable,2
452,SELECT variable FROM variable WHERE `variable` = variable AND variable = variable ORDER BY variable DESC LIMIT variable,2
453,SELECT variable FROM variable WHERE variable < variable LIMIT variable,2
454,SELECT variable FROM variable WHERE variable = ( SELECT MAX(variable) FROM variable ) AND variable = ( SELECT MAX(variable) FROM variable ),2
455,SELECT variable FROM variable WHERE variable = ( SELECT MAX(variable) FROM variable ) LIMIT variable,2
456,SELECT variable FROM variable WHERE variable = ( SELECT variable FROM variable WHERE variable = variable ) AND variable = ( SELECT variable FROM variable WHERE variable = variable ),2
457,SELECT variable FROM variable WHERE variable = variable AND variable = variable AND variable > variable,2
458,SELECT variable FROM variable WHERE variable = variable AND variable = variable GROUP BY variable ORDER BY COUNT(variable) DESC LIMIT variable,2
459,SELECT variable FROM variable WHERE variable = variable AND variable = variable LIMIT variable,2
460,SELECT variable FROM variable WHERE variable = variable AND variable = variable;,2
461,SELECT variable FROM variable WHERE variable = variable ORDER BY variable LIMIT variable,2
462,SELECT variable FROM variable WHERE variable > variable AND variable = variable AND variable = variable,2
463,SELECT variable FROM variable WHERE variable IN ( SELECT variable FROM variable WHERE variable < variable AND variable = variable ),2
464,SELECT variable FROM variable WHERE variable IN ( SELECT variable FROM variable WHERE variable LIKE variable ),2
465,"SELECT variable FROM variable WHERE variable IN (variable, variable) ORDER BY variable DESC LIMIT variable",2
466,SELECT variable FROM variable WHERE variable IS NOT NULL,2
467,SELECT variable FROM variable WHERE variable LIKE variable GROUP BY variable,2
468,SELECT variable FROM variable WHERE variable LIKE variable ORDER BY variable DESC LIMIT variable,2
469,SELECT variable FROM variable WHERE variable NOT IN ( SELECT variable FROM variable ),2
470,"SELECT variable, variable FROM variable LIMIT variable",2
471,"SELECT variable, variable FROM variable ORDER BY variable ASC LIMIT variable",2
472,"SELECT variable, variable FROM variable ORDER BY variable LIMIT variable",2
473,"SELECT variable, variable FROM variable WHERE variable = ( SELECT MIN(variable) FROM variable )",2
474,"SELECT variable, variable FROM variable WHERE variable = variable LIMIT variable",2
475,"SELECT variable, variable FROM variable WHERE variable > variable",2
476,"SELECT variable, variable FROM variable WHERE variable LIKE variable LIMIT variable",2
477,SELECT variable.`group` FROM variable AS variable INNER JOIN variable AS variable ON variable.variable = variable.variable WHERE variable.variable = variable,2
478,SELECT variable.`variable variable` FROM variable AS variable INNER JOIN variable AS variable ON variable.variable = variable.variable WHERE variable.`variable variable` = variable,2
479,SELECT variable.`variable variable` FROM variable AS variable INNER JOIN variable AS variable ON variable.variable = variable.variable WHERE variable.variable = variable,2
480,SELECT variable.variable - variable.variable FROM variable AS variable INNER JOIN variable AS variable ON variable.variable = variable.variable WHERE variable.variable = variable,2
481,"SELECT variable.variable - variable.variable, variable.variable FROM variable AS variable INNER JOIN variable AS variable ON variable.variable = variable.variable WHERE variable.variable = variable",2
482,SELECT variable.variable AS variable FROM variable AS variable INNER JOIN variable AS variable ON variable.variable = variable.variable WHERE variable.variable = variable GROUP BY variable.variable ORDER BY COUNT(variable.variable) DESC LIMIT variable,2
483,"SELECT variable.variable FROM ( SELECT variable.variable, COUNT(DISTINCT variable.variable) FROM variable AS variable INNER JOIN variable AS variable ON variable.variable = variable.variable INNER JOIN variable AS variable ON variable.variable = variable.variable INNER JOIN variable AS variable ON variable.variable = variable.variable WHERE variable.variable = variable GROUP BY variable.variable ORDER BY COUNT(DISTINCT variable.variable) DESC LIMIT variable ) variable",2
484,"SELECT variable.variable FROM ( SELECT variable.variable, COUNT(variable.variable) AS variable FROM variable AS variable INNER JOIN variable AS variable ON variable.variable = variable.variable WHERE variable.variable = variable GROUP BY variable.variable ) AS variable ORDER BY variable.variable DESC LIMIT variable",2
485,SELECT variable.variable FROM `variable variable` AS variable INNER JOIN variable AS variable ON variable.variable = variable.variable WHERE variable.variable = variable GROUP BY variable.variable,2
486,SELECT variable.variable FROM `variable-variable` AS variable INNER JOIN variable AS variable ON variable.variable = variable.variable WHERE variable.variable = variable AND variable.variable = variable AND variable.variable LIKE variable,2
487,SELECT variable.variable FROM variable AS variable INNER JOIN `variable variable` AS variable ON variable.variable = variable.variable WHERE variable.variable = variable GROUP BY variable.variable,2
488,SELECT variable.variable FROM variable AS variable INNER JOIN `variable-variable` AS variable ON variable.variable = variable.variable WHERE variable.variable = variable AND variable.`variable-variable` = variable,2
489,SELECT variable.variable FROM variable AS variable INNER JOIN `variable-variable` AS variable ON variable.variable = variable.variable WHERE variable.variable = variable AND variable.variable IS NOT NULL GROUP BY variable.variable,2
490,SELECT variable.variable FROM variable AS variable INNER JOIN `variable` AS variable ON variable.variable = variable.variable WHERE variable.variable = variable,2
491,SELECT variable.variable FROM variable AS variable INNER JOIN variable AS variable ON variable.variable = variable.variable AND variable.variable = variable.variable WHERE variable.variable = variable AND variable.variable = variable AND variable.variable = variable,2
492,SELECT variable.variable FROM variable AS variable INNER JOIN variable AS variable ON variable.variable = variable.variable GROUP BY variable.variable HAVING COUNT(variable.variable) >= variable,2
493,SELECT variable.variable FROM variable AS variable INNER JOIN variable AS variable ON variable.variable = variable.variable GROUP BY variable.variable HAVING SUM(variable.variable) > variable,2
494,SELECT variable.variable FROM variable AS variable INNER JOIN variable AS variable ON variable.variable = variable.variable GROUP BY variable.variable ORDER BY COUNT(variable.variable) ASC LIMIT variable,2
495,SELECT variable.variable FROM variable AS variable INNER JOIN variable AS variable ON variable.variable = variable.variable GROUP BY variable.variable ORDER BY COUNT(variable.variable) LIMIT variable,2
496,SELECT variable.variable FROM variable AS variable INNER JOIN variable AS variable ON variable.variable = variable.variable INNER JOIN variable AS variable ON variable.variable = variable.variable GROUP BY variable.variable ORDER BY COUNT(variable.variable) DESC LIMIT variable,2
497,SELECT variable.variable FROM variable AS variable INNER JOIN variable AS variable ON variable.variable = variable.variable INNER JOIN variable AS variable ON variable.variable = variable.variable INNER JOIN variable AS variable ON variable.variable = variable.variable INNER JOIN variable AS variable ON variable.variable = variable.variable WHERE variable.variable = variable,2
498,SELECT variable.variable FROM variable AS variable INNER JOIN variable AS variable ON variable.variable = variable.variable INNER JOIN variable AS variable ON variable.variable = variable.variable INNER JOIN variable AS variable ON variable.variable = variable.variable INNER JOIN variable AS variable ON variable.variable = variable.variable WHERE variable.variable = variable AND variable.variable = variable,2
499,SELECT variable.variable FROM variable AS variable INNER JOIN variable AS variable ON variable.variable = variable.variable INNER JOIN variable AS variable ON variable.variable = variable.variable INNER JOIN variable AS variable ON variable.variable = variable.variable ORDER BY variable.variable DESC LIMIT variable,2
500,SELECT variable.variable FROM variable AS variable INNER JOIN variable AS variable ON variable.variable = variable.variable INNER JOIN variable AS variable ON variable.variable = variable.variable INNER JOIN variable AS variable ON variable.variable = variable.variable WHERE variable.variable = variable GROUP BY variable.variable,2
501,SELECT variable.variable FROM variable AS variable INNER JOIN variable AS variable ON variable.variable = variable.variable INNER JOIN variable AS variable ON variable.variable = variable.variable INNER JOIN variable AS variable ON variable.variable = variable.variable WHERE variable.variable = variable ORDER BY variable.variable ASC LIMIT variable,2
502,SELECT variable.variable FROM variable AS variable INNER JOIN variable AS variable ON variable.variable = variable.variable INNER JOIN variable AS variable ON variable.variable = variable.variable ORDER BY variable.variable ASC LIMIT variable,2
503,SELECT variable.variable FROM variable AS variable INNER JOIN variable AS variable ON variable.variable = variable.variable INNER JOIN variable AS variable ON variable.variable = variable.variable WHERE variable.variable = variable GROUP BY variable.variable ORDER BY COUNT(DISTINCT variable.variable) DESC LIMIT variable,2
504,SELECT variable.variable FROM variable AS variable INNER JOIN variable AS variable ON variable.variable = variable.variable INNER JOIN variable AS variable ON variable.variable = variable.variable WHERE variable.variable = variable ORDER BY variable.variable ASC LIMIT variable,2
505,"SELECT variable.variable FROM variable AS variable INNER JOIN variable AS variable ON variable.variable = variable.variable INNER JOIN variable AS variable ON variable.variable = variable.variable WHERE variable.variable IN (variable, variable)",2
506,SELECT variable.variable FROM variable AS variable INNER JOIN variable AS variable ON variable.variable = variable.variable INNER JOIN variable AS variable ON variable.variable = variable.variable WHERE variable.variable LIKE variable,2
507,SELECT variable.variable FROM variable AS variable INNER JOIN variable AS variable ON variable.variable = variable.variable INNER JOIN variable AS variable ON variable.variable = variable.variable WHERE variable.variable LIKE variable GROUP BY variable.variable,2
508,"SELECT variable.variable FROM variable AS variable INNER JOIN variable AS variable ON variable.variable = variable.variable ORDER BY CAST(REPLACE(trim(variable.variable, variable), variable, variable) AS variable) DESC LIMIT variable",2
509,SELECT variable.variable FROM variable AS variable INNER JOIN variable AS variable ON variable.variable = variable.variable ORDER BY variable.variable - variable.variable DESC LIMIT variable,2
510,SELECT variable.variable FROM variable AS variable INNER JOIN variable AS variable ON variable.variable = variable.variable ORDER BY variable.variable / variable.variable DESC LIMIT variable,2
511,"SELECT variable.variable FROM variable AS variable INNER JOIN variable AS variable ON variable.variable = variable.variable ORDER BY variable.variable DESC, variable.variable DESC LIMIT variable",2
512,"SELECT variable.variable FROM variable AS variable INNER JOIN variable AS variable ON variable.variable = variable.variable WHERE STRFTIME(variable, variable.`variable`) = variable AND variable.variable = variable GROUP BY variable.variable ORDER BY COUNT(variable.variable) DESC LIMIT variable",2
513,"SELECT variable.variable FROM variable AS variable INNER JOIN variable AS variable ON variable.variable = variable.variable WHERE STRFTIME(variable, variable.variable) = variable ORDER BY variable.variable DESC LIMIT variable",2
514,"SELECT variable.variable FROM variable AS variable INNER JOIN variable AS variable ON variable.variable = variable.variable WHERE SUBSTR(variable.variable, variable, variable) = variable AND variable.variable = variable AND variable.variable = variable;",2
515,"SELECT variable.variable FROM variable AS variable INNER JOIN variable AS variable ON variable.variable = variable.variable WHERE SUBSTR(variable.variable, variable, variable) = variable;",2
516,SELECT variable.variable FROM variable AS variable INNER JOIN variable AS variable ON variable.variable = variable.variable WHERE variable.variable < variable AND variable.variable = variable,2
517,SELECT variable.variable FROM variable AS variable INNER JOIN variable AS variable ON variable.variable = variable.variable WHERE variable.variable = variable AND variable.`variable` = variable AND variable.variable = variable,2
518,SELECT variable.variable FROM variable AS variable INNER JOIN variable AS variable ON variable.variable = variable.variable WHERE variable.variable = variable AND variable.variable = variable AND variable.variable = variable LIMIT variable,2
519,SELECT variable.variable FROM variable AS variable INNER JOIN variable AS variable ON variable.variable = variable.variable WHERE variable.variable = variable AND variable.variable = variable AND variable.variable = variable ORDER BY variable.variable DESC LIMIT variable,2
520,SELECT variable.variable FROM variable AS variable INNER JOIN variable AS variable ON variable.variable = variable.variable WHERE variable.variable = variable AND variable.variable = variable AND variable.variable = variable;,2
521,SELECT variable.variable FROM variable AS variable INNER JOIN variable AS variable ON variable.variable = variable.variable WHERE variable.variable = variable AND variable.variable = variable GROUP BY variable.variable,2
522,SELECT variable.variable FROM variable AS variable INNER JOIN variable AS variable ON variable.variable = variable.variable WHERE variable.variable = variable AND variable.variable IS NULL,2
523,SELECT variable.variable FROM variable AS variable INNER JOIN variable AS variable ON variable.variable = variable.variable WHERE variable.variable = variable GROUP BY variable.variable ORDER BY AVG(variable.variable) DESC LIMIT variable,2
524,"SELECT variable.variable FROM variable AS variable INNER JOIN variable AS variable ON variable.variable = variable.variable WHERE variable.variable = variable ORDER BY CAST(REPLACE(SUBSTR(variable, variable), variable, variable) AS variable) DESC LIMIT variable",2
525,SELECT variable.variable FROM variable AS variable INNER JOIN variable AS variable ON variable.variable = variable.variable WHERE variable.variable > variable GROUP BY variable.variable,2
526,SELECT variable.variable FROM variable AS variable INNER JOIN variable AS variable ON variable.variable = variable.variable WHERE variable.variable BETWEEN variable AND variable,2
527,SELECT variable.variable FROM variable AS variable INNER JOIN variable AS variable ON variable.variable = variable.variable WHERE variable.variable IS NOT NULL ORDER BY variable.variable ASC LIMIT variable,2
528,"SELECT variable.variable, variable.variable FROM ( SELECT variable.variable, variable.variable, SUM(variable.variable) AS variable FROM variable AS variable INNER JOIN variable AS variable ON variable.variable = variable.variable GROUP BY variable.variable, variable.variable ) AS variable ORDER BY variable.variable DESC LIMIT variable",2
529,"SELECT variable.variable, variable.variable FROM `variable-variable` AS variable INNER JOIN variable AS variable ON variable.variable = variable.variable WHERE variable.variable = variable",2
530,"SELECT variable.variable, variable.variable FROM variable AS variable INNER JOIN `variable-variable` AS variable ON variable.variable = variable.variable WHERE variable.variable = variable AND variable.variable = variable GROUP BY variable.variable, variable.variable",2
531,"SELECT variable.variable, variable.variable FROM variable AS variable INNER JOIN variable AS variable ON variable.`variable` = variable.`variable` WHERE variable.variable = variable",2
532,"SELECT variable.variable, variable.variable FROM variable AS variable INNER JOIN variable AS variable ON variable.variable = variable.variable INNER JOIN variable AS variable ON variable.variable = variable.variable WHERE variable.variable = variable AND variable.variable < variable",2
533,"SELECT variable.variable, variable.variable FROM variable AS variable INNER JOIN variable AS variable ON variable.variable = variable.variable INNER JOIN variable AS variable ON variable.variable = variable.variable WHERE variable.variable = variable AND variable.variable LIKE variable",2
534,"SELECT variable.variable, variable.variable FROM variable AS variable INNER JOIN variable AS variable ON variable.variable = variable.variable INNER JOIN variable AS variable ON variable.variable = variable.variable WHERE variable.variable > variable",2
535,"SELECT variable.variable, variable.variable FROM variable AS variable INNER JOIN variable AS variable ON variable.variable = variable.variable INNER JOIN variable AS variable ON variable.variable = variable.variable WHERE variable.variable LIKE variable",2
536,"SELECT variable.variable, variable.variable FROM variable AS variable INNER JOIN variable AS variable ON variable.variable = variable.variable INNER JOIN variable AS variable ON variable.variable = variable.variable WHERE variable.variable LIKE variable AND variable.variable LIKE variable AND variable.variable > variable * ( SELECT AVG(variable.variable) FROM variable AS variable INNER JOIN variable AS variable ON variable.variable = variable.variable INNER JOIN variable AS variable ON variable.variable = variable.variable WHERE variable.variable LIKE variable AND variable.variable LIKE variable )",2
537,"SELECT variable.variable, variable.variable FROM variable AS variable INNER JOIN variable AS variable ON variable.variable = variable.variable ORDER BY variable.variable - variable.variable DESC LIMIT variable",2
538,"SELECT variable.variable, variable.variable FROM variable AS variable INNER JOIN variable AS variable ON variable.variable = variable.variable WHERE variable.`variable variable` = variable",2
539,"SELECT variable.variable, variable.variable FROM variable AS variable INNER JOIN variable AS variable ON variable.variable = variable.variable WHERE variable.variable = variable AND variable.variable = variable AND variable.variable = variable ORDER BY variable.variable DESC LIMIT variable",2
540,"SELECT variable.variable, variable.variable FROM variable AS variable INNER JOIN variable AS variable ON variable.variable = variable.variable WHERE variable.variable = variable;",2
541,"SELECT variable.variable, variable.variable FROM variable AS variable INNER JOIN variable ON variable.variable = variable.variable INNER JOIN variable AS variable ON variable.variable = variable.variable WHERE variable.variable LIKE variable AND variable.variable LIKE variable",2
542,"SELECT variable.variable, variable.variable, variable.variable FROM `variable-variable` AS variable INNER JOIN variable AS variable ON variable.variable = variable.variable WHERE variable.variable = variable",2
543,"SELECT variable.variable, variable.variable, variable.variable FROM variable AS variable INNER JOIN variable AS variable ON variable.variable = variable.variable INNER JOIN variable AS variable ON variable.variable = variable.variable ORDER BY variable.variable DESC LIMIT variable",2
544,"SELECT variable.variable, variable.variable, variable.variable FROM variable AS variable INNER JOIN variable AS variable ON variable.variable = variable.variable WHERE variable.variable < variable",2
545,"SELECT variable.variable, variable.variable, variable.variable FROM variable AS variable INNER JOIN variable AS variable ON variable.variable = variable.variable WHERE variable.variable = variable AND variable.variable = variable AND variable.variable = variable",2
546,"SELECT variable.variable, variable.variable, variable.variable FROM variable AS variable INNER JOIN variable AS variable ON variable.variable = variable.variable WHERE variable.variable = variable GROUP BY variable.variable, variable.variable, variable.variable",2
547,"SELECT variable.variable, variable.variable, variable.variable FROM variable AS variable INNER JOIN variable AS variable ON variable.variable = variable.variable WHERE variable.variable = variable LIMIT variable",2
548,"SELECT variable.variable, variable.variable, variable.variable FROM variable AS variable INNER JOIN variable AS variable ON variable.variable = variable.variable WHERE variable.variable LIKE variable",2
549,"SELECT variable.variable, variable.variable, variable.variable, variable.variable FROM variable AS variable INNER JOIN variable AS variable ON variable.variable = variable.variable INNER JOIN variable AS variable ON variable.variable = variable.variable WHERE variable.variable = variable AND variable.variable = variable",2
550,SELECT  CAST(SUM(CASE WHEN variable = variable THEN variable ELSE variable END) AS variable) * variable / COUNT(variable) FROM variable WHERE variable = variable,1
551,SELECT ( SELECT CAST(SUM(variable) AS variable) / COUNT(`variable`) FROM variable AS variable INNER JOIN variable AS variable ON variable.variable = variable.variable AND variable.`variable` LIKE variable AND variable.variable = variable ) - ( SELECT CAST(SUM(variable) AS variable) / COUNT(`variable`) FROM variable AS variable INNER JOIN variable AS variable ON variable.variable = variable.variable WHERE variable.`variable` LIKE variable AND variable.variable = variable ),1
552,SELECT ( SELECT COUNT(variable) FROM variable GROUP BY variable ORDER BY COUNT(variable) DESC LIMIT variable ) - ( SELECT COUNT(variable) FROM variable GROUP BY variable ORDER BY COUNT(variable) ASC LIMIT variable ) AS variable,1
553,"SELECT ( SELECT COUNT(variable) FROM variable WHERE variable <= variable AND variable IN ( SELECT variable FROM variable WHERE STRFTIME(variable, variable) = variable ) ), variable.variable FROM variable AS variable INNER JOIN variable AS variable ON variable.variable = variable.variable WHERE variable.variable <= variable AND STRFTIME(variable, variable.variable) = variable GROUP BY variable.variable, variable.variable ORDER BY SUM(variable.variable) DESC LIMIT variable",1
554,"SELECT ( SELECT COUNT(variable) FROM variable WHERE variable IN (variable, variable) ), ( SELECT COUNT(variable) FROM variable WHERE variable IN (variable, variable) ), ( SELECT COUNT(variable) FROM variable WHERE variable IN (variable, variable) ), ( SELECT COUNT(variable) FROM variable WHERE variable IN (variable, variable))",1
555,"SELECT ( SELECT COUNT(variable.variable) AS variable FROM variable variable INNER JOIN variable variable ON variable.variable = variable.variable WHERE variable.variable = variable AND variable.variable = variable ) AS variable , CASE WHEN variable THEN variable.variable END AS variable FROM ( SELECT variable * COUNT(variable.variable) / ( SELECT COUNT(variable.variable) FROM variable variable INNER JOIN variable variable ON variable.variable = variable.variable WHERE variable.variable = variable AND variable.variable = variable ) AS variable FROM variable variable INNER JOIN variable variable ON variable.variable = variable.variable WHERE variable.variable = variable AND variable.variable = variable GROUP BY variable.variable ) AS variable",1
556,SELECT ( SELECT COUNT(variable.variable) FROM variable AS variable INNER JOIN variable AS variable ON variable.variable = variable.variable WHERE variable.variable = variable AND variable.variable = variable ) - ( SELECT COUNT(variable.variable) FROM variable AS variable INNER JOIN variable AS variable ON variable.variable = variable.variable WHERE variable.variable = variable AND variable.variable = variable ) AS variable,1
557,"SELECT ( SELECT MAX(MAX(variable), MAX(variable)) FROM variable WHERE variable = variable ) AS variable, variable FROM variable WHERE variable = variable AND variable = variable OR variable = variable",1
558,"SELECT ( SELECT REPLACE(`variable variable`, variable, variable) FROM `variable variable` WHERE REPLACE(`variable variable`, variable, variable) = ( SELECT REPLACE(`variable variable`, variable, variable) FROM `variable variable` ORDER BY REPLACE(`variable variable`, variable, variable) DESC LIMIT variable ) ORDER BY REPLACE(`variable variable`, variable, variable) DESC LIMIT variable ) / ( SELECT REPLACE(`variable variable`, variable, variable) FROM `variable variable` WHERE REPLACE(`variable variable`, variable, variable) = ( SELECT REPLACE(`variable variable`, variable, variable) FROM `variable variable` ORDER BY REPLACE(`variable variable`, variable, variable) ASC LIMIT variable ) ORDER BY REPLACE(`variable variable`, variable, variable) ASC LIMIT variable )",1
559,"SELECT ( SELECT variable - variable FROM variable WHERE variable != variable ORDER BY variable DESC LIMIT variable ) , ( SELECT variable - variable FROM variable WHERE variable != variable ORDER BY variable LIMIT variable )",1
560,SELECT ( SELECT variable FROM variable WHERE variable = variable ) - ( SELECT variable FROM variable WHERE variable = variable ) AS variable,1
561,"SELECT ( SELECT variable FROM variable WHERE variable = variable OR variable = variable GROUP BY variable ORDER BY COUNT(variable) DESC LIMIT variable ) variable , ( SELECT SUM(CASE WHEN variable = variable THEN variable ELSE variable END) - SUM(CASE WHEN variable = variable THEN variable ELSE variable END) FROM variable ) variable",1
562,"SELECT ( SELECT variable FROM variable WHERE variable LIKE variable AND variable LIKE variable ORDER BY variable LIMIT variable, variable ) - variable FROM variable WHERE variable LIKE variable AND variable LIKE variable AND variable = variable",1
563,SELECT ( SELECT variable.variable FROM variable AS variable INNER JOIN variable AS variable ON variable.variable = variable.variable WHERE variable.variable = variable ) - ( SELECT variable.variable FROM variable AS variable INNER JOIN variable AS variable ON variable.variable = variable.variable WHERE variable.variable = variable ),1
564,"SELECT ( SELECT variable.variable FROM variable AS variable INNER JOIN variable AS variable ON variable.variable = variable.variable WHERE variable.variable = variable GROUP BY variable.variable ORDER BY COUNT(variable.variable) DESC LIMIT variable ) AS variable , ( SELECT variable.variable FROM variable AS variable INNER JOIN variable AS variable ON variable.variable = variable.variable WHERE variable.variable = variable GROUP BY variable.variable ORDER BY COUNT(variable.variable) LIMIT variable ) AS variable",1
565,SELECT (CAST(SUM(CASE WHEN variable.variable BETWEEN variable AND variable THEN variable.variable ELSE variable END) AS variable) / SUM(CASE WHEN variable.variable BETWEEN variable AND variable THEN variable ELSE variable END)) - (CAST(SUM(CASE WHEN variable.variable > variable THEN variable.variable ELSE variable END) AS variable) / SUM(CASE WHEN variable.variable > variable THEN variable ELSE variable END)) AS variable FROM variable AS variable INNER JOIN variable AS variable ON variable.variable = variable.variable INNER JOIN variable AS variable ON variable.variable = variable.variable WHERE variable.variable = variable,1
566,"SELECT (MAX(CAST(SUBSTR(variable.variable, variable, variable) AS variable)) - MIN(CAST(SUBSTR(variable.variable, variable, variable) AS variable))) * variable / MIN(CAST(SUBSTR(variable.variable, variable, variable) AS variable)) FROM variable AS variable INNER JOIN variable AS variable ON variable.variable = variable.variable WHERE variable.variable = variable",1
567,SELECT (MAX(variable.variable) - MIN(variable.variable)) * variable / MIN(variable.variable) FROM variable AS variable INNER JOIN variable AS variable ON variable.variable = variable.variable INNER JOIN variable AS variable ON variable.variable = variable.variable WHERE variable.variable = variable,1
568,SELECT (SUM(CASE WHEN variable.variable = variable THEN variable ELSE variable END) + SUM(CASE WHEN variable.variable = variable THEN variable ELSE variable END) + SUM(CASE WHEN variable.variable = variable THEN variable ELSE variable END)) / variable FROM variable AS variable INNER JOIN variable AS variable ON variable.variable = variable.variable,1
569,SELECT (SUM(CASE WHEN variable.variable = variable THEN variable.variable ELSE variable END) - AVG(variable.variable)) * variable / AVG(variable.variable) FROM variable AS variable INNER JOIN variable AS variable ON variable.variable = variable.variable WHERE variable.variable = variable,1
570,SELECT (SUM(CASE WHEN variable.variable = variable THEN variable.variable ELSE variable END) - SUM(CASE WHEN variable.variable = variable THEN variable.variable ELSE variable END)) * variable AS variable FROM variable AS variable WHERE variable.variable = variable,1
571,"SELECT (variable - variable) / variable , (variable - variable) / variable , (variable - variable) / variable FROM variable WHERE SUBSTR(CAST(variable AS variable), variable, INSTR(variable, variable) - variable) = variable AND SUBSTR(CAST(variable AS variable), -variable) = variable AND variable = variable",1
572,"SELECT (variable.variable - variable.variable) * SUM(variable.variable), variable.variable FROM variable AS variable INNER JOIN variable AS variable ON variable.variable = variable.variable GROUP BY variable.variable, variable.variable, variable.variable, variable.variable, variable.variable ORDER BY SUM(variable.variable) DESC LIMIT variable",1
573,SELECT (variable.variable - variable.variable) * variable / variable.variable FROM variable AS variable INNER JOIN variable AS variable ON variable.variable = variable.variable WHERE variable.variable = variable,1
574,SELECT (variable.variable - variable.variable) / variable.variable FROM variable AS variable INNER JOIN variable AS variable ON variable.variable = variable.variable WHERE variable.variable = variable,1
575,SELECT (variable.variable - variable.variable) / variable.variable FROM variable AS variable INNER JOIN variable AS variable ON variable.variable = variable.variable WHERE variable.variable = variable AND variable.variable = variable,1
576,"SELECT * FROM ( SELECT variable.variable, variable.variable FROM variable AS variable INNER JOIN variable AS variable ON variable.variable = variable.variable ORDER BY variable.variable - variable.variable DESC LIMIT variable ) UNION ALL SELECT * FROM ( SELECT variable.variable, variable.variable FROM variable AS variable INNER JOIN variable AS variable ON variable.variable = variable.variable ORDER BY variable.variable - variable.variable ASC LIMIT variable )",1
577,"SELECT * FROM variable WHERE STRFTIME(variable, variable) BETWEEN variable AND variable AND variable = variable",1
578,SELECT AVG((variable.variable - variable.variable) * variable / variable.variable) FROM variable AS variable INNER JOIN variable AS variable ON variable.variable = variable.variable,1
579,"SELECT AVG(CAST(REPLACE(SUBSTR(variable.variable, variable), variable, variable) AS variable)) AS variable FROM variable AS variable  INNER JOIN variable AS variable  ON variable.variable = variable.variable WHERE variable.variable = variable",1
580,"SELECT AVG(CAST(REPLACE(SUBSTR(variable.variable, variable), variable, variable) AS variable)) FROM variable AS variable INNER JOIN variable AS variable  ON variable.variable = variable.variable WHERE variable.variable = variable AND variable.variable = variable",1
581,SELECT AVG(CAST(variable.variable AS variable) / (variable.variable * variable.variable)) FROM variable AS variable INNER JOIN variable AS variable ON variable.variable = variable.variable,1
582,SELECT AVG(DISTINCT variable) FROM variable AS variable INNER JOIN variable AS variable ON variable.variable = variable.variable WHERE variable = variable,1
583,"SELECT AVG(REPLACE(variable.`variable variable`, variable, variable) - REPLACE(variable.`variable variable`, variable, variable))  FROM `variable variable` AS variable INNER JOIN variable AS variable ON variable.variable = variable.variable WHERE variable.`variable variable` = variable",1
584,"SELECT AVG(STRFTIME(variable, variable) - STRFTIME(variable, variable)) FROM variable",1
585,"SELECT AVG(STRFTIME(variable, variable) - STRFTIME(variable, variable.variable)) FROM variable AS variable INNER JOIN variable AS variable ON variable.variable = variable.variable INNER JOIN variable AS variable ON variable.variable = variable.variable WHERE variable.variable = variable",1
586,SELECT AVG(`variable variable`) FROM `variable variable` WHERE `variable variable` = variable,1
587,SELECT AVG(`variable variable`) FROM `variable variable` WHERE variable = variable,1
588,"SELECT AVG(variable - STRFTIME(variable, variable.variable)) FROM variable AS variable INNER JOIN variable AS variable ON variable.variable = variable.variable WHERE variable.variable = variable",1
589,"SELECT AVG(variable(variable < variable, variable, NULL)) - AVG(variable(variable >= variable, variable, NULL)) FROM variable",1
590,"SELECT AVG(variable(variable.variable = variable, variable, variable)) - AVG(variable(variable.variable = variable, variable, variable)) AS variable FROM variable AS variable INNER JOIN variable AS variable ON variable.variable = variable.variable INNER JOIN variable AS variable ON variable.variable = variable.variable INNER JOIN variable AS variable ON variable.variable = variable.variable",1
591,SELECT AVG(variable) FROM variable WHERE variable BETWEEN variable AND variable AND variable = variable,1
592,SELECT AVG(variable) FROM variable WHERE variable LIKE variable,1
593,SELECT AVG(variable) FROM variable WHERE variable LIKE variable AND variable = variable,1
594,SELECT AVG(variable) FROM variable WHERE variable NOT IN ( SELECT variable FROM variable ),1
595,SELECT AVG(variable) FROM variable;,1
596,SELECT AVG(variable.`variable variable`) FROM variable AS variable INNER JOIN `variable variable` AS variable ON variable.variable = variable.variable WHERE variable.variable = variable AND variable.variable = variable,1
597,SELECT AVG(variable.variable - variable.variable) FROM variable AS variable INNER JOIN variable AS variable ON variable.variable = variable.variable WHERE variable.variable = variable,1
598,SELECT AVG(variable.variable) * variable AS variable FROM variable AS variable INNER JOIN variable AS variable ON variable.variable = variable.variable WHERE variable.variable = variable,1
599,SELECT AVG(variable.variable) - ( SELECT AVG(variable.variable) FROM variable AS variable INNER JOIN variable AS variable ON variable.variable = variable.variable WHERE variable.variable = variable ) AS variable FROM variable AS variable INNER JOIN variable AS variable ON variable.variable = variable.variable WHERE variable.variable = variable,1
600,SELECT AVG(variable.variable) AS variable FROM variable AS variable INNER JOIN variable AS variable ON variable.variable = variable.variable INNER JOIN variable AS variable ON variable.variable = variable.variable,1
601,SELECT AVG(variable.variable) FROM variable AS variable INNER JOIN `variable` AS variable ON variable.variable = variable.variable INNER JOIN variable AS variable ON variable.variable = variable.variable WHERE variable.variable = variable AND variable.variable > variable,1
602,SELECT AVG(variable.variable) FROM variable AS variable INNER JOIN variable AS variable ON variable.`variable` = variable.`variable`,1
603,SELECT AVG(variable.variable) FROM variable AS variable INNER JOIN variable AS variable ON variable.variable = variable.variable GROUP BY variable.variable ORDER BY COUNT(variable.variable) DESC LIMIT variable,1
604,SELECT AVG(variable.variable) FROM variable AS variable INNER JOIN variable AS variable ON variable.variable = variable.variable INNER JOIN `variable variable` AS variable ON variable.variable = variable.variable WHERE variable.variable = variable,1
605,SELECT AVG(variable.variable) FROM variable AS variable INNER JOIN variable AS variable ON variable.variable = variable.variable INNER JOIN variable AS variable ON variable.variable = variable.variable INNER JOIN variable AS variable ON variable.variable = variable.variable INNER JOIN variable AS variable ON variable.variable = variable.variable WHERE variable.variable = variable,1
606,SELECT AVG(variable.variable) FROM variable AS variable INNER JOIN variable AS variable ON variable.variable = variable.variable INNER JOIN variable AS variable ON variable.variable = variable.variable INNER JOIN variable AS variable ON variable.variable = variable.variable INNER JOIN variable AS variable ON variable.variable = variable.variable WHERE variable.variable = variable AND variable.variable = variable,1
607,SELECT AVG(variable.variable) FROM variable AS variable INNER JOIN variable AS variable ON variable.variable = variable.variable INNER JOIN variable AS variable ON variable.variable = variable.variable INNER JOIN variable AS variable ON variable.variable = variable.variable WHERE variable.variable = variable,1
608,SELECT AVG(variable.variable) FROM variable AS variable INNER JOIN variable AS variable ON variable.variable = variable.variable INNER JOIN variable AS variable ON variable.variable = variable.variable WHERE variable.`variable` = variable,1
609,"SELECT AVG(variable.variable) FROM variable AS variable INNER JOIN variable AS variable ON variable.variable = variable.variable INNER JOIN variable AS variable ON variable.variable = variable.variable WHERE variable.variable = variable AND CAST(STRFTIME(variable, variable.variable) AS variable) = variable",1
610,SELECT AVG(variable.variable) FROM variable AS variable INNER JOIN variable AS variable ON variable.variable = variable.variable INNER JOIN variable AS variable ON variable.variable = variable.variable WHERE variable.variable = variable AND variable.variable = variable GROUP BY variable.variable ORDER BY AVG(variable.variable) DESC LIMIT variable,1
611,SELECT AVG(variable.variable) FROM variable AS variable INNER JOIN variable AS variable ON variable.variable = variable.variable LEFT JOIN variable AS variable ON variable.variable = variable.variable WHERE variable.variable IS NULL,1
612,SELECT AVG(variable.variable) FROM variable AS variable INNER JOIN variable AS variable ON variable.variable = variable.variable WHERE (variable.variable = variable AND variable.variable > variable) OR (variable.variable = variable AND variable.variable > variable),1
613,"SELECT AVG(variable.variable) FROM variable AS variable INNER JOIN variable AS variable ON variable.variable = variable.variable WHERE STRFTIME(variable, variable.`variable`) BETWEEN variable AND variable AND variable.variable = variable AND variable.variable = variable AND variable.variable = variable",1
614,"SELECT AVG(variable.variable) FROM variable AS variable INNER JOIN variable AS variable ON variable.variable = variable.variable WHERE STRFTIME(variable, variable.variable) = variable AND variable.variable = variable",1
615,"SELECT AVG(variable.variable) FROM variable AS variable INNER JOIN variable AS variable ON variable.variable = variable.variable WHERE SUBSTR(CAST(variable.variable AS variable), -variable) = variable AND variable.variable = variable",1
616,SELECT AVG(variable.variable) FROM variable AS variable INNER JOIN variable AS variable ON variable.variable = variable.variable WHERE variable.`variable variable variable variable` = variable,1
617,SELECT AVG(variable.variable) FROM variable AS variable INNER JOIN variable AS variable ON variable.variable = variable.variable WHERE variable.variable < variable,1
618,SELECT AVG(variable.variable) FROM variable AS variable INNER JOIN variable AS variable ON variable.variable = variable.variable WHERE variable.variable = ( SELECT variable FROM variable WHERE variable = variable ),1
619,"SELECT AVG(variable.variable) FROM variable AS variable INNER JOIN variable AS variable ON variable.variable = variable.variable WHERE variable.variable = variable AND STRFTIME(variable, variable.variable) = variable",1
620,SELECT AVG(variable.variable) FROM variable AS variable INNER JOIN variable AS variable ON variable.variable = variable.variable WHERE variable.variable = variable AND variable.variable BETWEEN variable AND variable,1
621,"SELECT AVG(variable.variable) FROM variable AS variable INNER JOIN variable AS variable ON variable.variable = variable.variable WHERE variable.variable = variable AND variable.variable IN (variable, variable, variable) AND variable.variable = variable AND variable.variable = variable",1
622,SELECT AVG(variable.variable) FROM variable AS variable INNER JOIN variable AS variable ON variable.variable = variable.variable WHERE variable.variable = variable AND variable.variable LIKE variable,1
623,SELECT AVG(variable.variable) FROM variable AS variable INNER JOIN variable AS variable ON variable.variable = variable.variable WHERE variable.variable BETWEEN variable AND variable,1
624,SELECT AVG(variable.variable) FROM variable AS variable INNER JOIN variable AS variable ON variable.variable = variable.variable WHERE variable.variable LIKE variable AND variable.variable = variable,1
625,"SELECT AVG(variable.variable), CAST(COUNT(CASE WHEN variable.variable = variable THEN variable ELSE NULL END) AS variable) * variable / COUNT(variable.variable) FROM variable AS variable INNER JOIN variable AS variable ON variable.variable = variable.variable WHERE variable.variable = variable",1
626,"SELECT AVG(variable.variable), variable.variable - AVG(variable.variable) FROM variable AS variable INNER JOIN variable AS variable ON variable.variable = variable.variable WHERE variable.variable = variable GROUP BY variable.variable, variable.variable",1
627,"SELECT AVG(variable.variable), variable.variable FROM variable AS variable INNER JOIN variable AS variable ON variable.variable = variable.variable INNER JOIN variable AS variable ON variable.variable = variable.variable WHERE variable.variable = variable",1
628,"SELECT AVG(variable.variable), variable.variable FROM variable AS variable INNER JOIN variable AS variable ON variable.variable = variable.variable WHERE variable.variable = variable;",1
629,"SELECT AVG(variable.variable), variable.variable, variable.variable FROM variable AS variable INNER JOIN variable AS variable ON variable.variable = variable.variable WHERE variable.variable = variable AND variable.variable = variable GROUP BY variable.variable",1
630,"SELECT AVG(variable.variable), variable.variable, variable.variable FROM variable AS variable LEFT JOIN variable AS variable ON variable.variable = variable.variable LEFT JOIN variable AS variable ON variable.variable = variable.variable WHERE variable.variable = variable",1
631,SELECT CASE WHEN ( SELECT variable FROM variable WHERE variable = ( SELECT variable FROM variable WHERE variable = variable ) AND variable = ( SELECT variable FROM variable WHERE variable = variable ) ) > ( SELECT variable FROM variable WHERE variable = ( SELECT variable FROM variable WHERE variable = variable ) AND variable = ( SELECT variable FROM variable WHERE variable = variable ) ) THEN variable ELSE variable END AS variable FROM variable LIMIT variable,1
632,SELECT CASE WHEN ( SELECT variable FROM variable WHERE variable = variable ) > ( SELECT variable FROM variable WHERE variable = variable ) THEN variable ELSE variable END,1
633,SELECT CASE WHEN (SUM(CASE WHEN `variable` = variable THEN variable ELSE variable END) - SUM(CASE WHEN `variable` = variable THEN variable ELSE variable END)) > variable THEN variable ELSE variable END FROM variable WHERE variable = variable,1
634,SELECT CASE WHEN COUNT(CASE WHEN variable.variable = variable AND variable.variable = variable THEN variable.variable ELSE NULL END) > COUNT(CASE WHEN variable.variable = variable AND variable.variable = variable THEN variable.variable ELSE NULL END) THEN variable ELSE variable END AS variable FROM variable AS variable INNER JOIN variable AS variable ON variable.variable = variable.variable,1
635,SELECT CASE WHEN COUNT(CASE WHEN variable.variable = variable THEN variable ELSE NULL END) - COUNT(CASE WHEN variable.variable = variable THEN variable ELSE NULL END) > variable THEN variable ELSE variable END FROM variable AS variable INNER JOIN variable AS variable ON variable.variable = variable.variable WHERE variable.variable = variable AND variable.variable = variable,1
636,SELECT CASE WHEN COUNT(CASE WHEN variable.variable = variable THEN variable ELSE NULL END) > COUNT(CASE WHEN variable.variable = variable THEN variable ELSE NULL END) THEN variable ELSE variable END AS variable FROM variable AS variable INNER JOIN variable AS variable ON variable.variable = variable.variable INNER JOIN `variable variable` AS variable ON variable.variable = variable.variable WHERE variable.variable = variable,1
637,SELECT CASE WHEN COUNT(variable.variable) >= variable THEN variable ELSE variable END FROM variable AS variable INNER JOIN variable AS variable ON variable.variable = variable.variable INNER JOIN variable AS variable ON variable.variable = variable.variable WHERE variable.variable = variable,1
638,SELECT CASE WHEN MAX(`variable variable`) THEN variable END FROM `variable variable`,1
639,SELECT CASE WHEN MAX(variable) THEN variable END FROM `variable variable`,1
640,SELECT CASE WHEN SUM(CASE WHEN `variable variable` = variable THEN variable END) > SUM(CASE WHEN `variable variable` = variable THEN variable END) THEN variable ELSE variable END FROM variable,1
641,"SELECT CASE WHEN SUM(CASE WHEN variable = variable THEN variable - variable ELSE variable END) - SUM(CASE WHEN variable = variable THEN variable - variable ELSE variable END) > variable THEN variable ELSE variable END FROM variable WHERE variable IN (variable, variable)",1
642,SELECT CASE WHEN SUM(CASE WHEN variable LIKE variable THEN variable ELSE variable END) > SUM(CASE WHEN variable LIKE variable THEN variable ELSE variable END) THEN variable ELSE variable END FROM variable WHERE variable BETWEEN variable AND variable,1
643,SELECT CASE WHEN SUM(CASE WHEN variable.variable = variable THEN variable ELSE variable END) > SUM(CASE WHEN variable.variable = variable THEN variable ELSE variable END) THEN variable ELSE variable END AS variable FROM variable AS variable INNER JOIN variable AS variable ON variable.variable = variable.variable WHERE variable.variable = variable,1
644,SELECT CASE WHEN SUM(CASE WHEN variable.variable = variable THEN variable ELSE variable END) > SUM(CASE WHEN variable.variable = variable THEN variable ELSE variable END) THEN variable ELSE variable END FROM variable AS variable INNER JOIN `variable-variable` AS variable ON variable.variable = variable.variable,1
645,SELECT CASE WHEN SUM(CASE WHEN variable.variable = variable THEN variable.variable ELSE variable END) - SUM(CASE WHEN variable.variable = variable THEN variable.variable ELSE variable END) > variable THEN variable ELSE variable END FROM variable AS variable INNER JOIN variable AS variable ON variable.variable = variable.variable,1
646,SELECT CASE WHEN SUM(CASE WHEN variable.variable = variable THEN variable.variable ELSE variable END) > SUM(CASE WHEN variable.variable = variable THEN variable.variable ELSE variable END) THEN variable WHEN SUM(CASE WHEN variable.variable = variable THEN variable.variable ELSE variable END) < SUM(CASE WHEN variable.variable = variable THEN variable.variable ELSE variable END) THEN variable END variable FROM variable AS variable INNER JOIN variable AS variable ON variable.variable = variable.variable,1
647,"SELECT CASE WHEN SUM(CAST(strftime(variable, variable.variable) AS variable) - CAST(strftime(variable, variable.variable) AS variable)) = variable THEN variable END FROM variable AS variable INNER JOIN `variable-variable` AS variable ON variable.variable = variable.variable WHERE variable.variable = variable AND variable.variable = variable AND variable.variable = variable",1
648,SELECT CASE WHEN variable = variable THEN variable ELSE variable END FROM variable WHERE variable = variable,1
649,SELECT CASE WHEN variable IS NULL THEN variable ELSE variable END AS variable FROM variable WHERE variable = variable AND variable = variable,1
650,"SELECT CASE WHEN variable.`variable variable variable?` IN (NULL, variable, variable) THEN variable ELSE variable END FROM variable AS variable INNER JOIN variable AS variable ON variable.variable = variable.variable WHERE variable.variable = variable AND variable.variable = variable AND variable.`variable variable` = variable",1
651,"SELECT CASE WHEN variable.`variable variable variable?` IN (NULL, variable, variable) THEN variable ELSE variable END FROM variable AS variable INNER JOIN variable AS variable ON variable.variable = variable.variable WHERE variable.variable = variable AND variable.variable = variable AND variable.variable = variable AND variable.variable = variable AND variable.`variable variable` = variable",1
652,SELECT CASE WHEN variable.variable = variable THEN variable ELSE variable END AS variable FROM variable AS variable INNER JOIN variable AS variable ON variable.variable = variable.variable WHERE variable.variable = variable AND variable.variable = variable,1
653,SELECT CASE WHEN variable.variable = variable THEN variable ELSE variable END AS variable FROM variable AS variable INNER JOIN variable AS variable ON variable.variable = variable.variable WHERE variable.variable = variable;,1
654,SELECT CASE WHEN variable.variable = variable THEN variable.variable ELSE variable.variable END variable FROM variable AS variable INNER JOIN variable AS variable ON variable.variable = variable.variable WHERE variable.variable = variable ORDER BY variable.variable + variable.variable DESC LIMIT variable,1
655,SELECT CASE WHEN variable.variable = variable THEN variable.variable END FROM variable AS variable INNER JOIN variable AS variable ON variable.variable = variable.variable INNER JOIN variable AS variable ON variable.variable = variable.variable WHERE variable.variable = variable,1
656,SELECT CASE WHEN variable.variable = variable THEN variable.variable WHEN variable.variable = variable THEN variable.variable END variable FROM variable AS variable INNER JOIN variable AS variable ON variable.variable = variable.variable WHERE variable.variable = variable AND variable.variable = variable,1
657,SELECT CASE WHEN variable.variable IS NOT NULL THEN variable END + CASE WHEN variable.variable IS NOT NULL THEN variable END + CASE WHEN variable.variable IS NOT NULL THEN variable END + CASE WHEN variable.variable IS NOT NULL THEN variable END AS variable FROM `variable-variable` AS variable INNER JOIN variable AS variable ON variable.variable = variable.variable WHERE variable.variable = variable AND variable.variable = variable,1
658,SELECT CASE WHEN variable.variable IS NULL THEN variable ELSE variable.variable END FROM variable AS variable LEFT JOIN variable AS variable ON variable.variable = variable.variable WHERE variable.variable = ( SELECT MAX(variable) FROM variable ),1
659,SELECT CASE WHEN variable.variable LIKE variable THEN variable ELSE variable END AS variable FROM variable AS variable INNER JOIN variable AS variable ON variable.variable = variable.variable INNER JOIN variable AS variable ON variable.variable = variable.variable WHERE variable.variable = variable AND variable.variable = variable AND variable.variable = variable,1
660,SELECT CAST( SUM(CASE WHEN variable.variable LIKE variable THEN variable ELSE variable END) AS variable) / variable FROM variable AS variable INNER JOIN variable AS variable ON variable.variable = variable.variable INNER JOIN `variable variable` AS variable ON variable.variable = variable.variable WHERE variable.variable = variable,1
661,SELECT CAST(( SELECT COUNT(*) FROM variable WHERE variable = variable AND variable IN ( SELECT variable FROM variable WHERE variable = ( SELECT MAX(variable) FROM variable ) ) ) AS variable) * variable  / COUNT(variable.variable) FROM variable AS variable INNER JOIN variable AS variable ON variable.variable = variable.variable WHERE variable.variable = variable,1
662,SELECT CAST(( SELECT COUNT(variable) FROM variable ) AS variable ) / ( SELECT COUNT(variable) FROM variable ),1
663,SELECT CAST((( SELECT COUNT(variable) FROM variable ) - ( SELECT COUNT(DISTINCT variable) FROM variable )) AS variable) * variable / ( SELECT COUNT(variable) FROM variable ),1
664,SELECT CAST((MAX(variable.variable) - MIN(variable.variable)) AS variable) / MIN(variable.variable) FROM variable AS variable INNER JOIN variable AS variable ON variable.variable = variable.variable WHERE variable.variable = variable,1
665,SELECT CAST((SUM(CASE WHEN variable.`variable` = variable THEN variable.variable * variable ELSE variable END) - SUM(CASE WHEN variable.`variable` = variable THEN variable.variable * variable ELSE variable END)) AS variable) * variable / SUM(CASE WHEN variable.`variable` = variable THEN variable.variable * variable ELSE variable END) FROM variable AS variable INNER JOIN variable AS variable ON variable.variable = variable.variable WHERE variable.variable = variable,1
666,SELECT CAST((SUM(CASE WHEN variable.variable = variable THEN variable ELSE variable END) - SUM(CASE WHEN variable.variable = variable THEN variable ELSE variable END)) AS variable) * variable / COUNT(variable.variable) FROM variable AS variable INNER JOIN variable AS variable ON variable.variable = variable.variable WHERE variable.variable = variable AND variable.variable = variable;,1
667,SELECT CAST((SUM(CASE WHEN variable.variable = variable THEN variable ELSE variable END) - SUM(CASE WHEN variable.variable = variable THEN variable ELSE variable END)) AS variable) * variable / SUM(CASE WHEN variable.variable = variable THEN variable ELSE variable END) FROM variable AS variable INNER JOIN variable AS variable ON variable.variable = variable.variable,1
668,SELECT CAST((SUM(CASE WHEN variable.variable = variable THEN variable.variable ELSE variable END) - SUM(CASE WHEN variable.variable = variable THEN variable.variable ELSE variable END)) AS variable) * variable / SUM(CASE WHEN variable.variable = variable THEN variable.variable ELSE variable END) FROM variable AS variable INNER JOIN `variable` AS variable ON variable.variable = variable.variable INNER JOIN variable AS variable ON variable.variable = variable.variable,1
669,SELECT CAST((SUM(CASE WHEN variable.variable = variable THEN variable.variable ELSE variable END) - SUM(CASE WHEN variable.variable = variable THEN variable.variable ELSE variable END)) AS variable) * variable / SUM(CASE WHEN variable.variable = variable THEN variable.variable ELSE variable END) FROM variable AS variable INNER JOIN variable AS variable ON variable.variable = variable.variable,1
670,SELECT CAST((SUM(CASE WHEN variable.variable = variable THEN variable.variable ELSE variable END) - SUM(CASE WHEN variable.variable = variable THEN variable.variable ELSE variable END)) AS variable) * variable / SUM(CASE WHEN variable.variable = variable THEN variable.variable ELSE variable END) FROM variable AS variable INNER JOIN variable AS variable ON variable.variable = variable.variable WHERE variable.variable = variable AND variable.variable = variable,1
671,SELECT CAST((SUM(CASE WHEN variable.variable = variable THEN variable.variable END) - SUM(CASE WHEN variable.variable = variable THEN variable.variable END)) AS variable) * variable / SUM(CASE WHEN variable.variable = variable THEN variable.variable END) FROM variable AS variable INNER JOIN variable AS variable ON variable.variable = variable.variable INNER JOIN variable AS variable ON variable.variable = variable.variable WHERE variable.variable = variable,1
672,"SELECT CAST((SUM(variable(variable.variable = variable, variable.variable, variable)) - SUM(variable(variable.variable = variable, variable.variable, variable))) AS variable) * variable / SUM(variable(variable.variable = variable, variable.variable, variable)) FROM variable AS variable INNER JOIN variable AS variable ON variable.variable = variable.variable INNER JOIN variable AS variable ON variable.variable = variable.variable",1
673,"SELECT CAST((SUM(variable(variable.variable IS NOT NULL AND variable.variable = variable, variable, variable)) - SUM(variable(variable.variable IS NULL AND variable.variable = variable, variable, variable))) AS variable) * variable / COUNT(variable.variable), variable(SUM(variable(variable.variable IS NOT NULL AND variable.variable = variable, variable, variable)) - SUM(variable(variable.variable IS NULL AND variable.variable = variable, variable, variable)) > variable, variable, variable) AS variable FROM variable AS variable LEFT JOIN variable AS variable ON variable.variable = variable.variable",1
674,SELECT CAST((SUM(variable.variable) - SUM(variable.variable)) AS variable) * variable / SUM(variable.variable) FROM variable AS variable INNER JOIN variable AS variable ON variable.variable = variable.variable WHERE variable.variable = variable,1
675,SELECT CAST((variable.variable - variable.variable) AS variable) / variable.variable FROM variable AS variable INNER JOIN variable AS variable ON variable.variable = variable.variable WHERE variable.variable = variable,1
676,SELECT CAST(COUNT(*) AS variable) / COUNT(DISTINCT variable.variable) AS variable FROM variable AS variable INNER JOIN variable AS variable ON variable.variable = variable.variable WHERE variable.variable = variable,1
677,"SELECT CAST(COUNT(CASE WHEN CAST(REPLACE(trim(variable.variable, variable), variable, variable) AS variable) > variable THEN variable.variable ELSE NULL END) AS variable) * variable / COUNT(variable.variable) FROM variable AS variable INNER JOIN variable AS variable ON variable.variable = variable.variable WHERE variable.variable = variable",1
678,SELECT CAST(COUNT(CASE WHEN variable < variable THEN variable ELSE NULL END) AS variable) * variable / COUNT(CASE WHEN variable = variable THEN variable ELSE NULL END) AS variable FROM variable,1
679,SELECT CAST(COUNT(CASE WHEN variable = variable THEN variable ELSE NULL END) AS variable) * variable / COUNT(variable) FROM `variable`,1
680,SELECT CAST(COUNT(CASE WHEN variable = variable THEN variable ELSE NULL END) AS variable) * variable / COUNT(variable) FROM variable WHERE variable = variable,1
681,SELECT CAST(COUNT(CASE WHEN variable = variable THEN variable ELSE NULL END) AS variable) * variable / COUNT(variable) FROM variable WHERE variable LIKE variable,1
682,SELECT CAST(COUNT(CASE WHEN variable = variable THEN variable ELSE NULL END) AS variable) / COUNT(CASE WHEN variable = variable THEN variable ELSE NULL END) FROM variable,1
683,SELECT CAST(COUNT(CASE WHEN variable = variable THEN variable END) AS variable) * variable / COUNT(variable) FROM variable,1
684,SELECT CAST(COUNT(CASE WHEN variable > variable THEN variable ELSE NULL END) AS variable) * variable / COUNT(variable) FROM variable,1
685,"SELECT CAST(COUNT(CASE WHEN variable IN (variable, variable, variable, variable) THEN variable ELSE NULL END) AS variable) * variable / COUNT(variable) FROM variable WHERE variable = variable",1
686,SELECT CAST(COUNT(CASE WHEN variable.`variable variable` = variable THEN variable ELSE NULL END) AS variable) * variable / COUNT(variable.variable) FROM variable AS variable INNER JOIN variable AS variable ON variable.variable = variable.variable WHERE variable.variable = variable,1
687,SELECT CAST(COUNT(CASE WHEN variable.variable < variable THEN variable ELSE NULL END) AS variable) * variable / COUNT(variable.variable) FROM variable AS variable INNER JOIN variable AS variable ON variable.variable = variable.variable WHERE variable.variable = variable,1
688,SELECT CAST(COUNT(CASE WHEN variable.variable < variable THEN variable END) AS variable) * variable / COUNT(variable.variable) FROM variable AS variable INNER JOIN variable AS variable ON variable.variable = variable.variable WHERE variable.variable = variable,1
689,SELECT CAST(COUNT(CASE WHEN variable.variable < variable THEN variable.variable ELSE NULL END) AS variable) * variable / COUNT(variable.variable) FROM variable AS variable INNER JOIN variable AS variable ON variable.variable = variable.variable WHERE variable.variable = variable,1
690,SELECT CAST(COUNT(CASE WHEN variable.variable = variable AND variable.variable > variable THEN variable END) AS variable) * variable / COUNT(variable.variable) FROM variable AS variable INNER JOIN variable AS variable ON variable.variable = variable.variable INNER JOIN variable AS variable ON variable.variable = variable.variable WHERE variable.variable = variable,1
691,SELECT CAST(COUNT(CASE WHEN variable.variable = variable AND variable.variable > variable THEN variable.variable ELSE NULL END) AS variable) * variable / COUNT(variable.variable) FROM variable AS variable INNER JOIN variable AS variable ON variable.variable = variable.variable,1
692,SELECT CAST(COUNT(CASE WHEN variable.variable = variable THEN variable ELSE NULL END) AS variable) * variable / COUNT(variable.variable) FROM `variable` AS variable INNER JOIN variable AS variable ON variable.variable = variable.variable,1
693,SELECT CAST(COUNT(CASE WHEN variable.variable = variable THEN variable ELSE NULL END) AS variable) * variable / COUNT(variable.variable) FROM variable AS variable INNER JOIN `variable` AS variable ON variable.variable = variable.variable INNER JOIN variable AS variable ON variable.variable = variable.variable WHERE variable.variable LIKE variable,1
694,SELECT CAST(COUNT(CASE WHEN variable.variable = variable THEN variable ELSE NULL END) AS variable) * variable / COUNT(variable.variable) FROM variable AS variable INNER JOIN `variable` AS variable ON variable.variable = variable.variable WHERE variable.variable = variable,1
695,SELECT CAST(COUNT(CASE WHEN variable.variable = variable THEN variable ELSE NULL END) AS variable) * variable / COUNT(variable.variable) FROM variable AS variable INNER JOIN variable AS variable ON variable.variable = variable.variable INNER JOIN variable AS variable ON variable.variable = variable.variable INNER JOIN variable AS variable ON variable.variable = variable.variable INNER JOIN variable AS variable ON variable.variable = variable.variable WHERE variable.variable = variable,1
696,SELECT CAST(COUNT(CASE WHEN variable.variable = variable THEN variable ELSE NULL END) AS variable) * variable / COUNT(variable.variable) FROM variable AS variable INNER JOIN variable AS variable ON variable.variable = variable.variable INNER JOIN variable AS variable ON variable.variable = variable.variable INNER JOIN variable AS variable ON variable.variable = variable.variable WHERE variable.variable = variable,1
697,SELECT CAST(COUNT(CASE WHEN variable.variable = variable THEN variable ELSE NULL END) AS variable) * variable / COUNT(variable.variable) FROM variable AS variable INNER JOIN variable AS variable ON variable.variable = variable.variable INNER JOIN variable AS variable ON variable.variable = variable.variable INNER JOIN variable AS variable ON variable.variable = variable.variable WHERE variable.variable LIKE variable,1
698,SELECT CAST(COUNT(CASE WHEN variable.variable = variable THEN variable ELSE NULL END) AS variable) * variable / COUNT(variable.variable) FROM variable AS variable INNER JOIN variable AS variable ON variable.variable = variable.variable INNER JOIN variable AS variable ON variable.variable = variable.variable WHERE variable.variable = variable AND variable.variable < variable,1
699,SELECT CAST(COUNT(CASE WHEN variable.variable = variable THEN variable ELSE NULL END) AS variable) * variable / COUNT(variable.variable) FROM variable AS variable INNER JOIN variable AS variable ON variable.variable = variable.variable WHERE variable.variable = variable AND variable.variable = variable,1
700,"SELECT CAST(COUNT(CASE WHEN variable.variable = variable THEN variable ELSE NULL END) AS variable) / COUNT(CASE WHEN variable.variable = variable THEN variable ELSE NULL END) AS variable , COUNT(CASE WHEN variable.variable = variable THEN variable ELSE NULL END) AS variable FROM variable AS variable INNER JOIN variable AS variable ON variable.variable = variable.variable INNER JOIN variable AS variable ON variable.variable = variable.variable WHERE variable.variable = variable",1
701,SELECT CAST(COUNT(CASE WHEN variable.variable = variable THEN variable ELSE NULL END) AS variable) / COUNT(CASE WHEN variable.variable = variable THEN variable ELSE NULL END) FROM variable AS variable INNER JOIN variable AS variable ON variable.variable = variable.variable INNER JOIN variable AS variable ON variable.variable = variable.variable WHERE variable.variable = variable,1
702,SELECT CAST(COUNT(CASE WHEN variable.variable = variable THEN variable END) AS variable) * variable / COUNT(variable.variable) FROM variable AS variable INNER JOIN variable AS variable ON variable.variable = variable.variable WHERE variable.variable = variable,1
703,SELECT CAST(COUNT(CASE WHEN variable.variable = variable THEN variable.variable ELSE NULL END) AS variable) * variable / COUNT(CASE WHEN variable.variable = variable THEN variable.variable ELSE NULL END) FROM `variable` AS variable INNER JOIN variable AS variable ON variable.variable = variable.variable,1
704,SELECT CAST(COUNT(CASE WHEN variable.variable = variable THEN variable.variable ELSE NULL END) AS variable) * variable / COUNT(variable.variable) FROM variable AS variable INNER JOIN variable AS variable ON variable.variable = variable.variable INNER JOIN variable AS variable ON variable.variable = variable.variable,1
705,SELECT CAST(COUNT(CASE WHEN variable.variable = variable THEN variable.variable ELSE NULL END) AS variable) * variable / COUNT(variable.variable) FROM variable AS variable INNER JOIN variable AS variable ON variable.variable = variable.variable WHERE variable.variable = variable,1
706,SELECT CAST(COUNT(CASE WHEN variable.variable = variable THEN variable.variable ELSE NULL END) AS variable) * variable / COUNT(variable.variable) FROM variable AS variable INNER JOIN variable AS variable ON variable.variable = variable.variable WHERE variable.variable = variable AND variable = variable,1
707,SELECT CAST(COUNT(CASE WHEN variable.variable = variable THEN variable.variable ELSE NULL END) AS variable) * variable / COUNT(variable.variable) FROM variable AS variable INNER JOIN variable AS variable ON variable.variable = variable.variable WHERE variable.variable = variable AND variable.variable = variable,1
708,"SELECT CAST(COUNT(CASE WHEN variable.variable = variable THEN variable.variable ELSE NULL END) AS variable) * variable / COUNT(variable.variable), variable(variable.variable), variable(variable.variable) FROM variable AS variable INNER JOIN variable AS variable ON variable.variable = variable.variable WHERE SUBSTR(variable.variable, variable(variable.variable) - variable, variable(variable.variable)) BETWEEN variable AND variable",1
709,SELECT CAST(COUNT(CASE WHEN variable.variable = variable THEN variable.variable ELSE NULL END) AS variable) * variable/ COUNT(variable.variable) FROM variable AS variable INNER JOIN variable AS variable ON variable.variable = variable.variable INNER JOIN variable AS variable ON variable.variable = variable.variable INNER JOIN variable AS variable ON variable.variable = variable.variable WHERE variable.variable = variable,1
710,SELECT CAST(COUNT(CASE WHEN variable.variable = variable THEN variable.variable ELSE NULL END) AS variable) / COUNT(CASE WHEN variable.variable = variable THEN variable.variable ELSE NULL END) variable FROM variable AS variable INNER JOIN variable AS variable ON variable.variable = variable.variable,1
711,SELECT CAST(COUNT(CASE WHEN variable.variable = variable THEN variable.variable ELSE NULL END) AS variable) / COUNT(variable.variable) FROM variable AS variable INNER JOIN variable AS variable ON variable.variable = variable.variable INNER JOIN variable AS variable ON variable.variable = variable.variable,1
712,SELECT CAST(COUNT(CASE WHEN variable.variable = variable THEN variable.variable END) AS variable) * variable / COUNT(variable.variable) FROM variable AS variable INNER JOIN variable AS variable ON variable.variable = variable.variable INNER JOIN variable AS variable ON variable.variable = variable.variable WHERE variable.variable = variable,1
713,SELECT CAST(COUNT(CASE WHEN variable.variable = variable THEN variable.variable END) AS variable) * variable / COUNT(variable.variable) FROM variable AS variable INNER JOIN variable AS variable ON variable.variable = variable.variable WHERE variable.variable = variable AND variable.variable = variable,1
714,"SELECT CAST(COUNT(CASE WHEN variable.variable = variable THEN variable.variable END) AS variable) * variable / COUNT(variable.variable), COUNT(CASE WHEN variable.variable = variable AND variable.variable = variable THEN variable.variable END) AS variable FROM variable AS variable INNER JOIN variable AS variable ON variable.variable = variable.variable WHERE variable.variable = variable AND variable.variable = variable",1
715,SELECT CAST(COUNT(CASE WHEN variable.variable > variable AND variable.variable = variable THEN variable ELSE NULL END) AS variable) * variable / COUNT(variable.variable) FROM variable AS variable INNER JOIN variable AS variable ON variable.variable = variable.variable,1
716,SELECT CAST(COUNT(CASE WHEN variable.variable > variable THEN variable ELSE NULL END) AS variable) * variable / COUNT(variable.variable) FROM variable AS variable INNER JOIN variable AS variable ON variable.variable = variable.variable INNER JOIN variable AS variable ON variable.variable = variable.variable WHERE variable.variable = variable,1
717,SELECT CAST(COUNT(CASE WHEN variable.variable > variable THEN variable ELSE NULL END) AS variable) * variable / COUNT(variable.variable) FROM variable AS variable INNER JOIN variable AS variable ON variable.variable = variable.variable INNER JOIN variable AS variable ON variable.variable = variable.variable WHERE variable.variable = variable AND variable.variable = variable,1
718,SELECT CAST(COUNT(CASE WHEN variable.variable > variable THEN variable ELSE NULL END) AS variable) * variable / COUNT(variable.variable) FROM variable AS variable INNER JOIN variable AS variable ON variable.variable = variable.variable WHERE variable.variable = variable,1
719,SELECT CAST(COUNT(CASE WHEN variable.variable > variable THEN variable END) AS variable) * variable / COUNT(variable.variable) FROM variable AS variable INNER JOIN variable AS variable ON variable.variable = variable.variable WHERE variable.variable = variable,1
720,SELECT CAST(COUNT(CASE WHEN variable.variable > variable THEN variable.variable ELSE NULL END) AS variable) * variable / COUNT(variable.variable) FROM variable AS variable INNER JOIN variable AS variable ON variable.variable = variable.variable,1
721,"SELECT CAST(COUNT(CASE WHEN variable.variable >= variable THEN variable.variable ELSE NULL END) AS variable) * variable / COUNT(variable.variable) FROM variable AS variable INNER JOIN ( SELECT variable, MAX(variable) AS variable FROM variable GROUP BY variable ) AS variable ON variable.variable = variable.variable UNION ALL SELECT variable.variable FROM variable AS variable INNER JOIN ( SELECT variable, MAX(variable) AS variable FROM variable variable GROUP BY variable ) AS variable ON variable.variable = variable.variable AND variable.variable >= variable",1
722,SELECT CAST(COUNT(CASE WHEN variable.variable LIKE variable THEN variable.variable END) AS variable) * variable / COUNT(variable.variable) FROM variable AS variable INNER JOIN variable AS variable ON variable.variable = variable.variable INNER JOIN variable AS variable ON variable.variable = variable.variable WHERE variable.variable = variable,1
723,SELECT CAST(COUNT(DISTINCT CASE WHEN variable.variable = variable THEN variable.variable ELSE NULL END) AS variable) * variable / COUNT(DISTINCT variable.variable) FROM variable AS variable INNER JOIN variable AS variable ON variable.variable = variable.variable,1
724,SELECT CAST(COUNT(variable) AS variable) * variable / ( SELECT COUNT(variable) FROM variable ) FROM variable WHERE variable = variable,1
725,SELECT CAST(COUNT(variable) AS variable) * variable / COUNT(DISTINCT variable) FROM variable,1
726,SELECT CAST(COUNT(variable) AS variable) / variable FROM variable WHERE variable BETWEEN variable AND variable AND variable = variable,1
727,"SELECT CAST(COUNT(variable.`variable variable`) AS variable) / variable AS variable FROM variable AS variable INNER JOIN variable AS variable ON variable.variable = variable.variable WHERE strftime(variable, variable.`variable variable`) BETWEEN variable AND variable AND variable.variable = variable AND variable.variable = variable",1
728,SELECT CAST(COUNT(variable.variable) AS variable) * variable / ( SELECT COUNT(variable.variable) FROM variable AS variable INNER JOIN variable AS variable ON variable.variable = variable.variable WHERE variable.variable < variable ) FROM variable AS variable INNER JOIN variable AS variable ON variable.variable = variable.variable WHERE variable.variable < variable AND variable.variable = variable,1
729,SELECT CAST(COUNT(variable.variable) AS variable) * variable / COUNT(variable.variable) FROM variable AS variable INNER JOIN variable AS variable ON variable.variable = variable.variable INNER JOIN variable AS variable ON variable.variable = variable.variable LEFT JOIN variable AS variable ON variable.variable = variable.variable WHERE variable.variable = variable AND variable.variable = variable,1
730,SELECT CAST(COUNT(variable.variable) AS variable) * variable / COUNT(variable.variable) FROM variable AS variable LEFT JOIN variable AS variable ON variable.`variable` = variable.`variable` WHERE variable.variable = variable,1
731,SELECT CAST(COUNT(variable.variable) AS variable) * variable / COUNT(variable.variable) FROM variable AS variable LEFT JOIN variable AS variable ON variable.variable = variable.variable WHERE variable.variable = variable,1
732,SELECT CAST(COUNT(variable.variable) AS variable) / ( SELECT COUNT(variable.variable) FROM variable AS variable INNER JOIN variable AS variable ON variable.variable = variable.variable WHERE variable.variable = variable ) FROM variable AS variable INNER JOIN variable AS variable ON variable.variable = variable.variable WHERE variable.variable = variable,1
733,SELECT CAST(COUNT(variable.variable) AS variable) / (variable - variable + variable) FROM variable AS variable INNER JOIN variable AS variable ON variable.variable = variable.variable WHERE variable.variable = variable AND variable.variable = variable AND variable.variable BETWEEN variable AND variable,1
734,SELECT CAST(COUNT(variable.variable) AS variable) / COUNT(DISTINCT variable.variable) AS variable FROM variable AS variable INNER JOIN variable AS variable ON variable.variable = variable.variable WHERE variable.variable = variable,1
735,SELECT CAST(COUNT(variable.variable) AS variable) / COUNT(DISTINCT variable.variable) FROM variable AS variable,1
736,SELECT CAST(COUNT(variable.variable) AS variable) / COUNT(DISTINCT variable.variable) FROM variable AS variable INNER JOIN `variable-variable` AS variable ON variable.variable = variable.variable WHERE variable.variable = variable,1
737,SELECT CAST(COUNT(variable.variable) AS variable) / COUNT(DISTINCT variable.variable) FROM variable AS variable INNER JOIN `variable-variable` AS variable ON variable.variable = variable.variable WHERE variable.variable IS NOT NULL,1
738,SELECT CAST(COUNT(variable.variable) AS variable) / COUNT(DISTINCT variable.variable) FROM variable AS variable INNER JOIN variable AS variable ON variable.variable = variable.variable,1
739,SELECT CAST(COUNT(variable.variable) AS variable) / COUNT(DISTINCT variable.variable) FROM variable AS variable INNER JOIN variable AS variable ON variable.variable = variable.variable INNER JOIN variable AS variable ON variable.variable = variable.variable,1
740,SELECT CAST(COUNT(variable.variable) AS variable) / COUNT(DISTINCT variable.variable) FROM variable AS variable INNER JOIN variable AS variable ON variable.variable = variable.variable INNER JOIN variable AS variable ON variable.variable = variable.variable WHERE variable.variable = variable,1
741,SELECT CAST(COUNT(variable.variable) AS variable) / COUNT(DISTINCT variable.variable) FROM variable AS variable INNER JOIN variable AS variable ON variable.variable = variable.variable WHERE variable.variable = variable AND variable.variable = variable,1
742,SELECT CAST(COUNT(variable.variable) AS variable) / COUNT(DISTINCT variable.variable) FROM variable AS variable INNER JOIN variable AS variable ON variable.variable = variable.variable WHERE variable.variable = variable AND variable.variable >= variable AND variable.variable <= variable,1
743,SELECT CAST(COUNT(variable.variable) AS variable) / COUNT(DISTINCT variable.variable) FROM variable AS variable INNER JOIN variable AS variable ON variable.variable = variable.variable WHERE variable.variable = variable AND variable.variable BETWEEN variable AND variable,1
744,SELECT CAST(COUNT(variable.variable) AS variable) / variable FROM variable AS variable INNER JOIN `variable` AS variable ON variable.variable = variable.variable INNER JOIN variable AS variable ON variable.variable = variable.variable WHERE variable.variable LIKE variable AND variable.variable = variable,1
745,SELECT CAST(COUNT(variable.variable) AS variable) / variable FROM variable AS variable INNER JOIN variable AS variable ON variable.variable = variable.variable WHERE variable.variable BETWEEN variable AND variable UNION ALL SELECT DISTINCT variable.variable FROM variable AS variable INNER JOIN variable AS variable ON variable.variable = variable.variable WHERE variable.variable BETWEEN variable AND variable AND variable.variable < variable,1
746,SELECT CAST(COUNT(variable.variable) AS variable) / variable FROM variable AS variable INNER JOIN variable AS variable ON variable.variable = variable.variable WHERE variable.variable LIKE variable AND variable.variable = variable,1
747,"SELECT CAST(REPLACE(SUBSTR(variable.variable, variable), variable, variable) AS variable) - CAST(REPLACE(SUBSTR(variable.variable, variable), variable, variable) AS variable) AS variable FROM variable AS variable  INNER JOIN variable AS variable  ON variable.variable = variable.variable WHERE variable.variable = variable AND variable.variable = variable",1
748,SELECT CAST(SUM(CASE  WHEN variable = variable THEN variable ELSE variable END) AS variable) * variable / COUNT(*) AS variable FROM variable,1
749,SELECT CAST(SUM(CASE  WHEN variable = variable THEN variable ELSE variable END) AS variable) * variable / SUM(CASE  WHEN variable = variable THEN variable ELSE variable END) AS variable FROM variable,1
750,SELECT CAST(SUM(CASE  WHEN variable = variable THEN variable ELSE variable END) AS variable) * variable / SUM(CASE  WHEN variable = variable THEN variable ELSE variable END) FROM variable,1
751,SELECT CAST(SUM(CASE  WHEN variable.variable = variable THEN variable ELSE variable END) AS variable) * variable / COUNT(*) FROM variable AS variable INNER JOIN variable AS variable ON variable.`variable variable` = variable.`variable variable` WHERE variable.variable = variable,1
752,SELECT CAST(SUM(CASE  WHEN variable.variable = variable THEN variable ELSE variable END) AS variable) * variable / COUNT(*) FROM variable AS variable INNER JOIN variable AS variable ON variable.`variable variable` = variable.`variable variable` WHERE variable.variable = variable AND variable.variable = variable,1
753,SELECT CAST(SUM(CASE  WHEN variable.variable LIKE variable THEN variable ELSE variable END) AS variable) * variable / COUNT(variable.variable) FROM variable AS variable INNER JOIN variable AS variable ON variable.variable = variable.variable WHERE variable.variable = variable,1
754,SELECT CAST(SUM(CASE  WHEN variable.variable LIKE variable THEN variable ELSE variable END) AS variable) * variable / COUNT(variable.variable) FROM variable AS variable INNER JOIN variable AS variable ON variable.variable = variable.variable WHERE variable.variable LIKE variable,1
755,"SELECT CAST(SUM(CASE WHEN REPLACE(variable.`variable variable`, variable, variable) - REPLACE(variable.`variable variable`, variable, variable) > variable THEN variable ELSE variable END) AS variable) * variable / COUNT(variable.variable) FROM `variable variable` AS variable INNER JOIN `variable variable` AS variable ON variable.variable = variable.variable WHERE variable.`variable variable` = variable",1
756,"SELECT CAST(SUM(CASE WHEN STRFTIME(variable, variable) = variable THEN variable ELSE variable END) AS variable) * variable / COUNT(variable) FROM variable",1
757,"SELECT CAST(SUM(CASE WHEN STRFTIME(variable, variable.variable) = variable THEN variable ELSE variable END) AS variable) * variable / COUNT(*) FROM variable AS variable INNER JOIN variable AS variable ON variable.variable = variable.variable INNER JOIN variable AS variable ON variable.variable = variable.variable WHERE variable.variable = variable",1
758,"SELECT CAST(SUM(CASE WHEN SUBSTR(variable, -variable) > variable THEN variable ELSE variable END) AS variable) * variable / COUNT(variable) variable FROM variable WHERE variable = variable AND variable >= variable",1
759,SELECT CAST(SUM(CASE WHEN variable < variable AND variable = variable THEN variable ELSE variable END) AS variable) / COUNT(variable) FROM variable,1
760,SELECT CAST(SUM(CASE WHEN variable = variable OR variable = variable THEN variable ELSE variable END) AS variable) * variable / COUNT(variable) FROM variable WHERE variable = variable,1
761,SELECT CAST(SUM(CASE WHEN variable = variable THEN variable ELSE variable END) AS variable) * variable / COUNT(*) FROM `variable-variable` WHERE variable = variable,1
762,SELECT CAST(SUM(CASE WHEN variable = variable THEN variable ELSE variable END) AS variable) * variable / COUNT(variable) AS variable FROM variable;,1
763,"SELECT CAST(SUM(CASE WHEN variable = variable THEN variable ELSE variable END) AS variable) * variable / COUNT(variable) FROM variable WHERE STRFTIME(variable, variable) > variable",1
764,"SELECT CAST(SUM(CASE WHEN variable = variable THEN variable ELSE variable END) AS variable) * variable / COUNT(variable) FROM variable WHERE SUBSTR(variable, variable, variable) = variable AND variable = variable",1
765,SELECT CAST(SUM(CASE WHEN variable = variable THEN variable ELSE variable END) AS variable) * variable / COUNT(variable) FROM variable WHERE variable = variable AND variable BETWEEN variable AND variable,1
766,"SELECT CAST(SUM(CASE WHEN variable = variable THEN variable ELSE variable END) AS variable) * variable / COUNT(variable.variable) FROM ( SELECT variable.variable, variable.variable FROM variable AS variable INNER JOIN `variable-variable` AS variable ON variable.variable = variable.variable GROUP BY variable.variable HAVING COUNT(variable.variable) > variable ) variable",1
767,SELECT CAST(SUM(CASE WHEN variable = variable THEN variable ELSE variable END) AS variable) / SUM(CASE WHEN variable = variable THEN variable ELSE variable END) AS variable FROM variable WHERE variable = variable,1
768,SELECT CAST(SUM(CASE WHEN variable = variable THEN variable ELSE variable END) AS variable) / SUM(CASE WHEN variable = variable THEN variable ELSE variable END) FROM variable WHERE variable BETWEEN variable AND variable AND variable > variable,1
769,SELECT CAST(SUM(CASE WHEN variable > variable THEN variable ELSE variable END) AS variable) * variable / COUNT(variable) FROM variable,1
770,SELECT CAST(SUM(CASE WHEN variable > variable THEN variable ELSE variable END) AS variable) * variable / COUNT(variable) FROM variable WHERE variable = variable AND variable = variable,1
771,SELECT CAST(SUM(CASE WHEN variable IS NOT NULL THEN variable ELSE variable END) AS variable) * variable / COUNT(variable) FROM variable,1
772,SELECT CAST(SUM(CASE WHEN variable IS NULL THEN variable ELSE variable END) AS variable) / COUNT(*) FROM variable,1
773,SELECT CAST(SUM(CASE WHEN variable.`variable variable variable` > variable THEN variable ELSE variable END) AS variable) * variable / COUNT(variable.`variable variable variable`) FROM variable AS variable INNER JOIN variable AS variable ON variable.variable = variable.variable INNER JOIN variable AS variable ON variable.variable = variable.variable WHERE variable.variable = variable,1
774,SELECT CAST(SUM(CASE WHEN variable.`variable variable` = variable THEN variable ELSE variable END) AS variable) * variable / COUNT(variable.`variable variable`) FROM variable AS variable INNER JOIN variable AS variable ON variable.variable = variable.variable INNER JOIN variable AS variable ON variable.variable = variable.variable WHERE variable.variable = variable,1
775,SELECT CAST(SUM(CASE WHEN variable.`variable variable` = variable THEN variable ELSE variable END) AS variable) * variable / COUNT(variable.variable) FROM `variable variable` AS variable INNER JOIN `variable variable` AS variable ON variable.variable = variable.variable,1
776,SELECT CAST(SUM(CASE WHEN variable.variable < variable AND variable.variable = variable THEN variable ELSE variable END) AS variable) * variable / COUNT(*) FROM variable AS variable INNER JOIN variable AS variable ON variable.variable = variable.variable,1
777,SELECT CAST(SUM(CASE WHEN variable.variable < variable THEN variable ELSE variable END) AS variable) * variable / COUNT(*) FROM `variable variable` AS variable INNER JOIN variable AS variable ON variable.variable = variable.variable WHERE variable.variable LIKE variable,1
778,SELECT CAST(SUM(CASE WHEN variable.variable < variable.variable THEN variable ELSE variable END) AS variable) * variable / COUNT(*) FROM variable AS variable INNER JOIN variable AS variable ON variable.variable = variable.variable WHERE variable.variable LIKE variable AND variable.variable IS NOT NULL AND variable.variable IS NOT NULL,1
779,SELECT CAST(SUM(CASE WHEN variable.variable = variable AND variable.variable = variable THEN variable ELSE variable END) AS variable) * variable / COUNT(variable.variable) FROM variable AS variable INNER JOIN variable AS variable ON variable.variable = variable.variable,1
780,SELECT CAST(SUM(CASE WHEN variable.variable = variable AND variable.variable = variable THEN variable ELSE variable END) AS variable) * variable / COUNT(variable.variable) FROM variable AS variable INNER JOIN variable AS variable ON variable.variable = variable.variable WHERE variable.variable = variable,1
781,SELECT CAST(SUM(CASE WHEN variable.variable = variable AND variable.variable = variable THEN variable ELSE variable END) AS variable) / COUNT(variable.variable) FROM variable AS variable INNER JOIN variable AS variable ON variable.variable = variable.variable,1
782,SELECT CAST(SUM(CASE WHEN variable.variable = variable THEN variable * variable ELSE variable END) AS variable) * variable / SUM(variable) FROM variable AS variable INNER JOIN variable AS variable ON variable.variable = variable.variable WHERE variable.`variable` = variable,1
783,SELECT CAST(SUM(CASE WHEN variable.variable = variable THEN variable ELSE variable END) - SUM(CASE WHEN variable.variable = variable THEN variable ELSE variable END) AS variable) * variable / COUNT(variable.variable) FROM variable AS variable INNER JOIN variable AS variable ON variable.variable = variable.variable,1
784,SELECT CAST(SUM(CASE WHEN variable.variable = variable THEN variable ELSE variable END) AS variable ) * variable / COUNT(variable.variable) FROM variable AS variable INNER JOIN variable AS variable ON variable.variable = variable.variable WHERE variable.variable = variable,1
785,SELECT CAST(SUM(CASE WHEN variable.variable = variable THEN variable ELSE variable END) AS variable) * variable / COUNT(*) AS variable FROM variable AS variable INNER JOIN variable AS variable ON variable.variable = variable.variable INNER JOIN variable AS variable ON variable.variable = variable.variable WHERE variable.variable = variable AND variable.variable = variable,1
786,SELECT CAST(SUM(CASE WHEN variable.variable = variable THEN variable ELSE variable END) AS variable) * variable / COUNT(*) FROM variable AS variable INNER JOIN variable AS variable ON variable.variable = variable.variable INNER JOIN variable AS variable ON variable.variable = variable.variable,1
787,SELECT CAST(SUM(CASE WHEN variable.variable = variable THEN variable ELSE variable END) AS variable) * variable / COUNT(*) FROM variable AS variable INNER JOIN variable AS variable ON variable.variable = variable.variable WHERE variable.variable = variable AND variable.variable IS NOT NULL AND variable.variable = variable,1
788,SELECT CAST(SUM(CASE WHEN variable.variable = variable THEN variable ELSE variable END) AS variable) * variable / COUNT(*) FROM variable AS variable INNER JOIN variable AS variable ON variable.variable = variable.variable WHERE variable.variable > variable AND variable.variable = variable;,1
789,SELECT CAST(SUM(CASE WHEN variable.variable = variable THEN variable ELSE variable END) AS variable) * variable / COUNT(*) FROM variable AS variable INNER JOIN variable AS variable ON variable.variable = variable.variable WHERE variable.variable LIKE variable,1
790,SELECT CAST(SUM(CASE WHEN variable.variable = variable THEN variable ELSE variable END) AS variable) * variable / COUNT(variable) FROM variable AS variable INNER JOIN variable AS variable ON variable.variable = variable.variable WHERE variable.variable = variable,1
791,"SELECT CAST(SUM(CASE WHEN variable.variable = variable THEN variable ELSE variable END) AS variable) * variable / COUNT(variable), ( SELECT variable.variable FROM variable AS variable INNER JOIN variable AS variable ON variable.variable = variable.variable WHERE variable.variable = variable GROUP BY variable.variable ORDER BY SUM(variable.variable) DESC LIMIT variable ) variable FROM variable AS variable INNER JOIN variable AS variable ON variable.variable = variable.variable",1
792,SELECT CAST(SUM(CASE WHEN variable.variable = variable THEN variable ELSE variable END) AS variable) * variable / COUNT(variable.variable) AS variable FROM variable AS variable INNER JOIN variable AS variable ON variable.variable = variable.variable INNER JOIN variable AS variable ON variable.variable = variable.variable WHERE variable.variable = variable,1
793,"SELECT CAST(SUM(CASE WHEN variable.variable = variable THEN variable ELSE variable END) AS variable) * variable / COUNT(variable.variable) AS variable FROM variable AS variable INNER JOIN variable AS variable ON variable.variable = variable.variable WHERE strftime(variable, variable.variable) = variable",1
794,SELECT CAST(SUM(CASE WHEN variable.variable = variable THEN variable ELSE variable END) AS variable) * variable / COUNT(variable.variable) AS variable FROM variable AS variable INNER JOIN variable ON variable.variable = variable.variable INNER JOIN variable AS variable ON variable.variable = variable.variable WHERE variable.variable LIKE variable AND variable.variable LIKE variable,1
795,SELECT CAST(SUM(CASE WHEN variable.variable = variable THEN variable ELSE variable END) AS variable) * variable / COUNT(variable.variable) FROM `variable variable` AS variable INNER JOIN `variable variable` AS variable ON variable.variable = variable.variable WHERE variable.variable = variable,1
796,SELECT CAST(SUM(CASE WHEN variable.variable = variable THEN variable ELSE variable END) AS variable) * variable / COUNT(variable.variable) FROM `variable variable` AS variable INNER JOIN `variable variable` AS variable ON variable.variable = variable.variable WHERE variable.variable LIKE variable,1
797,SELECT CAST(SUM(CASE WHEN variable.variable = variable THEN variable ELSE variable END) AS variable) * variable / COUNT(variable.variable) FROM variable AS variable INNER JOIN variable AS variable ON variable.`variable variable` = variable.variable INNER JOIN variable AS variable ON variable.variable = variable.variable INNER JOIN variable AS variable ON variable.variable = variable.variable WHERE variable.variable = variable,1
798,SELECT CAST(SUM(CASE WHEN variable.variable = variable THEN variable ELSE variable END) AS variable) * variable / COUNT(variable.variable) FROM variable AS variable INNER JOIN variable AS variable ON variable.variable = variable.variable INNER JOIN variable AS variable ON variable.variable = variable.variable WHERE variable.variable < variable AND variable.variable = variable,1
799,SELECT CAST(SUM(CASE WHEN variable.variable = variable THEN variable ELSE variable END) AS variable) * variable / COUNT(variable.variable) FROM variable AS variable INNER JOIN variable AS variable ON variable.variable = variable.variable INNER JOIN variable AS variable ON variable.variable = variable.variable WHERE variable.variable = variable AND variable.variable = variable,1
800,SELECT CAST(SUM(CASE WHEN variable.variable = variable THEN variable ELSE variable END) AS variable) * variable / COUNT(variable.variable) FROM variable AS variable INNER JOIN variable AS variable ON variable.variable = variable.variable INNER JOIN variable AS variable ON variable.variable = variable.variable WHERE variable.variable = variable OR variable.variable = variable,1
801,SELECT CAST(SUM(CASE WHEN variable.variable = variable THEN variable ELSE variable END) AS variable) * variable / COUNT(variable.variable) FROM variable AS variable INNER JOIN variable AS variable ON variable.variable = variable.variable INNER JOIN variable AS variable ON variable.variable = variable.variable WHERE variable.variable LIKE variable,1
802,"SELECT CAST(SUM(CASE WHEN variable.variable = variable THEN variable ELSE variable END) AS variable) * variable / COUNT(variable.variable) FROM variable AS variable INNER JOIN variable AS variable ON variable.variable = variable.variable WHERE strftime(variable, variable.variable) = variable AND variable.variable = variable",1
803,SELECT CAST(SUM(CASE WHEN variable.variable = variable THEN variable ELSE variable END) AS variable) * variable / COUNT(variable.variable) FROM variable AS variable INNER JOIN variable AS variable ON variable.variable = variable.variable WHERE variable.`variable variable` = variable,1
804,SELECT CAST(SUM(CASE WHEN variable.variable = variable THEN variable ELSE variable END) AS variable) * variable / COUNT(variable.variable) FROM variable AS variable INNER JOIN variable AS variable ON variable.variable = variable.variable WHERE variable.variable BETWEEN variable AND variable,1
805,SELECT CAST(SUM(CASE WHEN variable.variable = variable THEN variable ELSE variable END) AS variable) * variable / COUNT(variable.variable) FROM variable AS variable INNER JOIN variable AS variable ON variable.variable = variable.variable WHERE variable.variable LIKE variable,1
806,"SELECT CAST(SUM(CASE WHEN variable.variable = variable THEN variable ELSE variable END) AS variable) * variable / COUNT(variable.variable), SUM(CASE WHEN variable.variable = variable THEN variable ELSE variable END) FROM variable AS variable INNER JOIN variable AS variable ON variable.variable = variable.variable WHERE strftime(variable, variable.variable) = variable",1
807,"SELECT CAST(SUM(CASE WHEN variable.variable = variable THEN variable ELSE variable END) AS variable) * variable / COUNT(variable.variable), variable.variable FROM variable AS variable INNER JOIN variable AS variable ON variable.variable = variable.variable",1
808,SELECT CAST(SUM(CASE WHEN variable.variable = variable THEN variable ELSE variable END) AS variable) * variable / SUM(CASE WHEN variable.variable = variable THEN variable ELSE variable END) FROM variable AS variable INNER JOIN variable AS variable ON variable.variable = variable.variable,1
809,SELECT CAST(SUM(CASE WHEN variable.variable = variable THEN variable ELSE variable END) AS variable) * variable / SUM(CASE WHEN variable.variable = variable THEN variable ELSE variable END) FROM variable AS variable INNER JOIN variable AS variable ON variable.variable = variable.variable WHERE variable.variable = variable,1
810,SELECT CAST(SUM(CASE WHEN variable.variable = variable THEN variable ELSE variable END) AS variable) / COUNT(*) FROM variable AS variable INNER JOIN variable AS variable ON variable.variable = variable.variable INNER JOIN variable AS variable ON variable.variable = variable.variable WHERE variable.variable = variable,1
811,"SELECT CAST(SUM(CASE WHEN variable.variable = variable THEN variable ELSE variable END) AS variable) / COUNT(variable.variable) , SUM(CASE WHEN variable.variable = variable THEN variable ELSE variable END) * variable / COUNT(variable.variable) FROM variable AS variable INNER JOIN variable AS variable ON variable.variable = variable.variable WHERE variable.variable = variable",1
812,"SELECT CAST(SUM(CASE WHEN variable.variable = variable THEN variable ELSE variable END) AS variable) / COUNT(variable.variable) AS variable, variable.variable FROM variable AS variable INNER JOIN variable AS variable ON variable.variable = variable.variable GROUP BY variable.variable HAVING variable != variable",1
813,"SELECT CAST(SUM(CASE WHEN variable.variable = variable THEN variable ELSE variable END) AS variable) / COUNT(variable.variable) FROM variable AS variable INNER JOIN variable AS variable ON variable.variable = variable.variable WHERE strftime(variable, variable.variable) BETWEEN variable AND variable",1
814,"SELECT CAST(SUM(CASE WHEN variable.variable = variable THEN variable ELSE variable END) AS variable) / COUNT(variable.variable), variable.variable, variable.variable FROM variable AS variable INNER JOIN variable AS variable ON variable.variable = variable.variable",1
815,"SELECT CAST(SUM(CASE WHEN variable.variable = variable THEN variable END) - SUM(CASE WHEN variable.variable = variable THEN variable END) AS variable) * variable / SUM(CASE WHEN variable.variable = variable THEN variable END) FROM variable AS variable INNER JOIN variable AS variable ON variable.variable = variable.variable WHERE STRFTIME(variable, variable.variable) = variable",1
816,SELECT CAST(SUM(CASE WHEN variable.variable = variable THEN variable.variable ELSE variable END) AS variable) * variable / SUM(CASE WHEN variable.variable = variable THEN variable.variable ELSE variable END) FROM variable AS variable INNER JOIN variable AS variable ON variable.variable = variable.variable,1
817,SELECT CAST(SUM(CASE WHEN variable.variable = variable THEN variable.variable ELSE variable END) AS variable) * variable / SUM(variable.variable) FROM variable AS variable INNER JOIN variable AS variable ON variable.variable = variable.variable,1
818,SELECT CAST(SUM(CASE WHEN variable.variable = variable THEN variable.variable ELSE variable END) AS variable) * variable / SUM(variable.variable) FROM variable AS variable INNER JOIN variable AS variable ON variable.variable = variable.variable WHERE variable.variable = variable AND variable.variable = variable,1
819,SELECT CAST(SUM(CASE WHEN variable.variable = variable THEN variable.variable ELSE variable END) AS variable) / SUM(CASE WHEN variable.variable = variable THEN variable.variable ELSE variable END) FROM variable AS variable INNER JOIN variable AS variable ON variable.variable = variable.variable WHERE variable.variable = variable,1
820,SELECT CAST(SUM(CASE WHEN variable.variable = variable THEN variable.variable ELSE variable END) AS variable) / SUM(CASE WHEN variable.variable = variable THEN variable.variable ELSE variable END) FROM variable AS variable INNER JOIN variable AS variable ON variable.variable = variable.variable WHERE variable.variable = variable AND variable.variable = variable AND variable.variable = variable,1
821,"SELECT CAST(SUM(CASE WHEN variable.variable > variable AND variable.variable <= variable THEN variable * strftime(variable, variable) + strftime(variable, variable) + strftime(variable, variable) / variable ELSE variable END) AS variable) / SUM(CASE WHEN variable.variable > variable AND variable.variable <= variable THEN variable ELSE variable END) AS variable, CAST(SUM(CASE WHEN variable.variable > variable AND variable.variable <= variable THEN variable * strftime(variable, variable) + strftime(variable, variable) + strftime(variable, variable) / variable ELSE variable END) AS variable) / SUM(CASE WHEN variable.variable > variable AND variable.variable <= variable THEN variable ELSE variable END) AS variable , CAST(SUM(CASE WHEN variable.variable > variable THEN variable * strftime(variable, variable) + strftime(variable, variable) + strftime(variable, variable) / variable ELSE variable END) AS variable) / SUM(CASE WHEN variable.variable > variable THEN variable ELSE variable END) AS variable FROM variable AS variable INNER JOIN variable AS variable ON variable.variable = variable.`variable variable`",1
822,SELECT CAST(SUM(CASE WHEN variable.variable > variable THEN variable ELSE variable END) AS variable) * variable / COUNT(*) FROM variable AS variable INNER JOIN variable AS variable ON variable.variable = variable.variable INNER JOIN variable AS variable ON variable.variable = variable.variable INNER JOIN variable AS variable ON variable.variable = variable.variable WHERE variable.variable = variable,1
823,SELECT CAST(SUM(CASE WHEN variable.variable > variable THEN variable ELSE variable END) AS variable) * variable / COUNT(*) FROM variable AS variable INNER JOIN variable AS variable ON variable.variable = variable.variable WHERE variable.variable = variable,1
824,SELECT CAST(SUM(CASE WHEN variable.variable > variable THEN variable ELSE variable END) AS variable) * variable / COUNT(*) FROM variable AS variable INNER JOIN variable AS variable ON variable.variable = variable.variable WHERE variable.variable = variable;,1
825,SELECT CAST(SUM(CASE WHEN variable.variable > variable THEN variable ELSE variable END) AS variable) * variable / COUNT(variable.`variable variable`) FROM variable AS variable INNER JOIN variable AS variable ON variable.variable = variable.variable WHERE variable.`variable variable` = variable,1
826,SELECT CAST(SUM(CASE WHEN variable.variable > variable THEN variable ELSE variable END) AS variable) * variable / COUNT(variable.variable) FROM variable AS variable INNER JOIN variable AS variable ON variable.variable = variable.variable,1
827,SELECT CAST(SUM(CASE WHEN variable.variable > variable THEN variable ELSE variable END) AS variable) * variable / COUNT(variable.variable) FROM variable AS variable INNER JOIN variable AS variable ON variable.variable = variable.variable INNER JOIN variable AS variable ON variable.variable = variable.variable WHERE variable.variable = variable,1
828,SELECT CAST(SUM(CASE WHEN variable.variable > variable THEN variable ELSE variable END) AS variable) * variable / COUNT(variable.variable) FROM variable AS variable INNER JOIN variable AS variable ON variable.variable = variable.variable WHERE variable.variable = variable AND variable.variable = variable AND variable = variable,1
829,SELECT CAST(SUM(CASE WHEN variable.variable >= variable THEN variable ELSE variable END) AS variable) * variable / COUNT(*) FROM variable AS variable INNER JOIN variable AS variable ON variable.variable = variable.variable INNER JOIN variable AS variable ON variable.variable = variable.variable WHERE variable.variable = variable,1
830,"SELECT CAST(SUM(CASE WHEN variable.variable >= variable THEN variable ELSE variable END) AS variable) * variable / COUNT(*) FROM variable AS variable INNER JOIN variable AS variable ON variable.variable = variable.variable WHERE variable.variable = variable AND STRFTIME(variable, variable.variable) = variable",1
831,SELECT CAST(SUM(CASE WHEN variable.variable BETWEEN variable AND variable AND variable.variable BETWEEN variable AND variable THEN variable ELSE variable END) AS variable) * variable / COUNT(variable.variable) FROM variable AS variable INNER JOIN variable AS variable ON variable.variable = variable.variable WHERE variable.variable LIKE variable,1
832,SELECT CAST(SUM(CASE WHEN variable.variable BETWEEN variable AND variable THEN variable ELSE variable END) AS variable) * variable / COUNT(variable.variable) FROM variable AS variable INNER JOIN variable AS variable ON variable.variable = variable.variable WHERE variable.variable > variable,1
833,"SELECT CAST(SUM(CASE WHEN variable.variable IN (variable, variable) THEN variable ELSE variable END) AS variable) * variable / COUNT(variable.variable) FROM variable AS variable INNER JOIN variable AS variable ON variable.variable = variable.variable",1
834,"SELECT CAST(SUM(CASE WHEN variable.variable IS NULL THEN strftime(variable, variable.variable) - strftime(variable, variable.variable) ELSE strftime(variable, variable.variable) - strftime(variable, variable.variable) END) AS variable) / COUNT(DISTINCT variable.variable) FROM variable AS variable INNER JOIN variable AS variable ON variable.variable = variable.variable WHERE variable.variable = variable",1
835,SELECT CAST(SUM(CASE WHEN variable.variable IS NULL THEN variable ELSE variable END) AS variable) * variable / COUNT(*) FROM `variable-variable` AS variable INNER JOIN variable AS variable ON variable.variable = variable.variable WHERE variable.variable = variable,1
836,SELECT CAST(SUM(CASE WHEN variable.variable LIKE variable THEN variable ELSE variable END) AS variable) * variable / COUNT(variable) FROM variable AS variable INNER JOIN variable AS variable ON variable.variable = variable.variable WHERE variable.variable LIKE variable,1
837,SELECT CAST(SUM(CASE WHEN variable.variable LIKE variable THEN variable ELSE variable END) AS variable) * variable / COUNT(variable.variable) FROM variable AS variable INNER JOIN variable AS variable ON variable.variable = variable.`variable variable` WHERE variable.variable = variable,1
838,"SELECT CAST(SUM(strftime(variable, variable.variable) - strftime(variable, variable.variable)) AS variable) / COUNT(variable.variable) FROM variable AS variable INNER JOIN variable AS variable ON variable.variable = variable.variable WHERE variable.variable = variable AND variable.variable = variable AND variable.variable = variable",1
839,"SELECT CAST(SUM(strftime(variable, variable.variable) - strftime(variable, variable.variable)) AS variable) / COUNT(variable.variable) FROM variable AS variable INNER JOIN variable AS variable ON variable.variable = variable.variable WHERE variable.variable = variable AND variable.variable = variable AND variable.variable = variable AND variable.variable = variable",1
840,"SELECT CAST(SUM(variable * (STRFTIME(variable, variable.variable) - STRFTIME(variable, variable.variable)) + variable * (STRFTIME(variable, variable.variable) - STRFTIME(variable, variable.variable)) + STRFTIME(variable, variable.variable) - STRFTIME(variable, variable.variable)) AS variable) / COUNT(variable.variable) FROM variable AS variable INNER JOIN variable AS variable ON variable.variable = variable.variable WHERE variable.variable = variable AND variable.variable IS NOT NULL",1
841,SELECT CAST(SUM(variable = variable) AS variable) / SUM(variable = variable) FROM variable WHERE variable = variable,1
842,"SELECT CAST(SUM(variable(`variable` = variable, variable, variable)) AS variable) / SUM(variable(`variable` = variable, variable, variable)) FROM variable",1
843,"SELECT CAST(SUM(variable(variable < variable, variable, variable)) AS variable) * variable / COUNT(variable) FROM variable",1
844,"SELECT CAST(SUM(variable(variable = variable, variable, variable)) AS variable) / SUM(variable(variable = variable, variable, variable)) FROM variable WHERE variable = variable",1
845,"SELECT CAST(SUM(variable(variable = variable, variable, variable)) AS variable) / SUM(variable(variable = variable, variable, variable)) FROM variable WHERE variable = variable AND variable = variable",1
846,"SELECT CAST(SUM(variable(variable > variable, variable, variable)) AS variable) * variable / COUNT(variable) FROM variable",1
847,"SELECT CAST(SUM(variable(variable.variable < ( SELECT AVG(variable.variable) FROM variable ), variable, variable)) AS variable) * variable / COUNT(variable.variable) FROM variable AS variable INNER JOIN variable AS variable ON variable.variable = variable.variable INNER JOIN variable AS variable ON variable.variable = variable.variable WHERE variable.variable = variable",1
848,"SELECT CAST(SUM(variable(variable.variable = variable AND variable.variable = variable AND variable.variable = variable, variable, variable)) AS variable) * variable / COUNT(variable.variable) FROM variable AS variable INNER JOIN variable AS variable ON variable.variable = variable.variable INNER JOIN variable AS variable ON variable.variable = variable.variable WHERE variable.variable = variable",1
849,"SELECT CAST(SUM(variable(variable.variable = variable AND variable.variable = variable, variable, variable)) AS variable) * variable / SUM(variable(variable.variable = variable AND variable.variable = variable, variable, variable)) FROM variable AS variable INNER JOIN variable AS variable ON variable.variable = variable.variable",1
850,"SELECT CAST(SUM(variable(variable.variable = variable AND variable.variable = variable, variable.variable, variable)) AS variable) * variable / SUM(variable.variable) FROM variable AS variable INNER JOIN variable AS variable ON variable.variable = variable.variable",1
851,"SELECT CAST(SUM(variable(variable.variable = variable AND variable.variable IS NULL, variable, variable)) AS variable) / COUNT(variable.variable) FROM variable AS variable INNER JOIN variable AS variable ON variable.variable = variable.variable INNER JOIN variable AS variable ON variable.variable = variable.variable LEFT JOIN variable AS variable ON variable.variable = variable.variable",1
852,"SELECT CAST(SUM(variable(variable.variable = variable, variable, variable)) AS variable) * variable / COUNT(variable.variable) FROM variable AS variable INNER JOIN variable AS variable ON variable.`variable` = variable.`variable` WHERE variable.variable = variable",1
853,"SELECT CAST(SUM(variable(variable.variable = variable, variable, variable)) AS variable) * variable / COUNT(variable.variable) FROM variable AS variable INNER JOIN variable AS variable ON variable.variable = variable.variable INNER JOIN variable AS variable ON variable.variable = variable.variable INNER JOIN variable AS variable ON variable.variable = variable.variable",1
854,"SELECT CAST(SUM(variable(variable.variable = variable, variable, variable)) AS variable) * variable / COUNT(variable.variable) FROM variable AS variable INNER JOIN variable AS variable ON variable.variable = variable.variable WHERE variable.variable < variable",1
855,"SELECT CAST(SUM(variable(variable.variable = variable, variable, variable)) AS variable) * variable / SUM(variable(variable.variable = variable, variable, variable)) FROM variable AS variable INNER JOIN variable AS variable ON variable.`variable` = variable.`variable` WHERE variable.variable = variable",1
856,"SELECT CAST(SUM(variable(variable.variable = variable, variable, variable)) AS variable) / SUM(variable(variable.variable = variable, variable, variable)) FROM variable AS variable INNER JOIN variable AS variable ON variable.variable = variable.variable",1
857,"SELECT CAST(SUM(variable(variable.variable = variable, variable, variable)) AS variable) / SUM(variable(variable.variable = variable, variable, variable)) FROM variable AS variable INNER JOIN variable AS variable ON variable.variable = variable.variable INNER JOIN variable AS variable ON variable.variable = variable.variable WHERE variable.variable = variable",1
858,"SELECT CAST(SUM(variable(variable.variable = variable, variable.variable, variable)) AS variable) * variable / SUM(variable.variable) FROM variable AS variable INNER JOIN variable AS variable ON variable.variable = variable.variable",1
859,"SELECT CAST(SUM(variable(variable.variable > variable, variable, variable)) AS variable) * variable / COUNT(variable.variable) FROM variable AS variable INNER JOIN variable AS variable ON variable.variable = variable.variable",1
860,"SELECT CAST(SUM(variable(variable.variable > variable, variable, variable)) AS variable) * variable / COUNT(variable.variable) FROM variable AS variable RIGHT JOIN variable AS variable ON variable.variable = variable.variable WHERE variable.variable = variable",1
861,"SELECT CAST(SUM(variable(variable.variable > variable.variable, variable, variable)) AS variable) * variable / COUNT(variable.variable) FROM variable AS variable INNER JOIN variable AS variable ON variable.variable = variable.variable WHERE variable.variable = variable",1
862,"SELECT CAST(SUM(variable(variable.variable >= variable, variable, variable)) AS variable) * variable / COUNT(variable.variable) FROM variable AS variable INNER JOIN variable AS variable ON variable.variable = variable.variable INNER JOIN variable AS variable ON variable.variable = variable.variable WHERE variable.variable = variable",1
863,"SELECT CAST(SUM(variable(variable.variable BETWEEN variable AND variable, variable, variable)) AS variable) * variable / COUNT(variable.variable) FROM variable AS variable INNER JOIN variable AS variable ON variable.variable = variable.variable WHERE variable.variable BETWEEN variable AND variable",1
864,"SELECT CAST(SUM(variable(variable.variable IS NULL, variable, variable)) AS variable) * variable / COUNT(variable.variable) FROM variable AS variable LEFT JOIN variable AS variable ON variable.variable = variable.variable",1
865,"SELECT CAST(SUM(variable(variable.variable IS NULL, variable, variable)) AS variable) * variable / COUNT(variable.variable), CAST(SUM(variable(variable.variable IS NOT NULL, variable, variable)) AS variable) * variable / COUNT(variable.variable) FROM variable AS variable LEFT JOIN variable AS variable ON variable.variable = variable.variable WHERE variable.variable = variable",1
866,"SELECT CAST(SUM(variable(variable.variable IS NULL, variable, variable)) AS variable) / COUNT(variable.variable) FROM variable AS variable INNER JOIN variable AS variable ON variable.variable = variable.variable LEFT JOIN variable AS variable ON variable.variable = variable.variable WHERE variable.variable = variable",1
867,SELECT CAST(SUM(variable) AS variable) * variable / SUM(variable) FROM variable WHERE variable = variable,1
868,SELECT CAST(SUM(variable) AS variable) / COUNT(variable) AS variable FROM variable WHERE variable LIKE variable,1
869,"SELECT CAST(SUM(variable) AS variable) / COUNT(variable) FROM ( SELECT variable, COUNT(variable) AS variable FROM variable GROUP BY variable )",1
870,SELECT CAST(SUM(variable) AS variable) / COUNT(variable) FROM variable,1
871,SELECT CAST(SUM(variable) AS variable) / COUNT(variable) FROM variable WHERE variable = ( SELECT MAX(variable) FROM variable ),1
872,SELECT CAST(SUM(variable) AS variable) / COUNT(variable) FROM variable WHERE variable = variable,1
873,SELECT CAST(SUM(variable) AS variable) / COUNT(variable) FROM variable WHERE variable = variable AND variable > variable AND variable < variable AND variable = variable,1
874,SELECT CAST(SUM(variable) AS variable) / COUNT(variable) FROM variable WHERE variable = variable AND variable >= variable AND variable < variable,1
875,SELECT CAST(SUM(variable) AS variable) / variable FROM variable WHERE variable = variable,1
876,SELECT CAST(SUM(variable.`Order variable`) AS variable) / variable FROM variable AS variable INNER JOIN `variable variable` AS variable ON variable.variable = variable.variable WHERE variable.`variable variable` = variable AND variable.variable LIKE variable,1
877,SELECT CAST(SUM(variable.variable * variable.variable) AS variable) / SUM(variable.variable) FROM variable AS variable INNER JOIN variable AS variable ON variable.variable = variable.variable WHERE variable.variable = variable;,1
878,SELECT CAST(SUM(variable.variable - variable.variable) AS variable) / COUNT(variable.variable) FROM variable AS variable INNER JOIN variable AS variable ON variable.variable = variable.variable,1
879,SELECT CAST(SUM(variable.variable - variable.variable) AS variable) / COUNT(variable.variable) FROM variable AS variable INNER JOIN variable AS variable ON variable.variable = variable.variable WHERE variable.variable = variable,1
880,SELECT CAST(SUM(variable.variable) AS variable) * variable / SUM(variable.variable) FROM variable AS variable INNER JOIN variable AS variable ON variable.variable = variable.variable WHERE variable.variable LIKE variable,1
881,SELECT CAST(SUM(variable.variable) AS variable) / COUNT(*) FROM variable AS variable INNER JOIN variable AS variable ON variable.variable = variable.variable INNER JOIN variable AS variable ON variable.variable = variable.variable WHERE variable.variable = variable,1
882,SELECT CAST(SUM(variable.variable) AS variable) / COUNT(variable.`variable`) FROM variable AS variable INNER JOIN variable AS variable ON variable.variable = variable.variable INNER JOIN variable AS variable ON variable.variable = variable.variable WHERE variable.variable = variable AND variable.variable = variable AND variable.variable > variable,1
883,SELECT CAST(SUM(variable.variable) AS variable) / COUNT(variable.variable) AS variable FROM variable AS variable INNER JOIN variable AS variable ON variable.variable = variable.variable INNER JOIN variable AS variable ON variable.variable = variable.variable WHERE variable.variable = variable,1
884,SELECT CAST(SUM(variable.variable) AS variable) / COUNT(variable.variable) AS variable FROM variable AS variable INNER JOIN variable AS variable ON variable.variable = variable.variable INNER JOIN variable AS variable ON variable.variable = variable.variable WHERE variable.variable LIKE variable AND variable.variable LIKE variable,1
885,SELECT CAST(SUM(variable.variable) AS variable) / COUNT(variable.variable) AS variable FROM variable AS variable INNER JOIN variable AS variable ON variable.variable = variable.variable WHERE variable.variable = variable,1
886,SELECT CAST(SUM(variable.variable) AS variable) / COUNT(variable.variable) AS variable FROM variable AS variable INNER JOIN variable AS variable ON variable.variable = variable.variable WHERE variable.variable = variable AND variable.variable LIKE variable,1
887,SELECT CAST(SUM(variable.variable) AS variable) / COUNT(variable.variable) FROM variable AS variable INNER JOIN ( SELECT variable.variable FROM variable AS variable INNER JOIN variable AS variable ON variable.variable = variable.variable WHERE variable.variable = variable AND variable.variable = variable ) AS variable ON variable.variable = variable.variable INNER JOIN variable AS variable ON variable.variable = variable.variable WHERE variable.variable = variable,1
888,SELECT CAST(SUM(variable.variable) AS variable) / COUNT(variable.variable) FROM variable AS variable INNER JOIN variable AS variable ON variable.variable = variable.variable AND variable.variable = variable.variable WHERE variable.variable = variable,1
889,SELECT CAST(SUM(variable.variable) AS variable) / COUNT(variable.variable) FROM variable AS variable INNER JOIN variable AS variable ON variable.variable = variable.variable INNER JOIN variable AS variable ON variable.variable = variable.variable INNER JOIN variable AS variable ON variable.variable = variable.variable WHERE variable.variable LIKE variable AND variable.variable LIKE variable,1
890,SELECT CAST(SUM(variable.variable) AS variable) / COUNT(variable.variable) FROM variable AS variable INNER JOIN variable AS variable ON variable.variable = variable.variable INNER JOIN variable AS variable ON variable.variable = variable.variable WHERE variable.variable = variable,1
891,SELECT CAST(SUM(variable.variable) AS variable) / COUNT(variable.variable) FROM variable AS variable INNER JOIN variable AS variable ON variable.variable = variable.variable WHERE variable.variable < variable,1
892,SELECT CAST(SUM(variable.variable) AS variable) / COUNT(variable.variable) FROM variable AS variable INNER JOIN variable AS variable ON variable.variable = variable.variable WHERE variable.variable = ( SELECT MAX(variable) FROM variable ),1
893,SELECT CAST(SUM(variable.variable) AS variable) / COUNT(variable.variable) FROM variable AS variable INNER JOIN variable AS variable ON variable.variable = variable.variable WHERE variable.variable = variable AND variable.variable = variable,1
894,SELECT CAST(SUM(variable.variable) AS variable) / COUNT(variable.variable) FROM variable AS variable INNER JOIN variable AS variable ON variable.variable = variable.variable WHERE variable.variable = variable AND variable.variable = variable AND variable.variable = variable,1
895,SELECT CAST(SUM(variable.variable) AS variable) / SUM(variable.variable) FROM variable AS variable INNER JOIN variable AS variable ON variable.variable = variable.variable WHERE variable.variable = variable AND variable.variable = variable,1
896,"SELECT CAST(SUM(variable.variable) AS variable) / variable FROM ( SELECT variable FROM variable GROUP BY variable ORDER BY COUNT(variable) DESC LIMIT variable ) AS variable INNER JOIN variable AS variable ON variable.variable = variable.variable WHERE SUBSTR(variable.`variable`, variable, variable) = variable",1
897,"SELECT CAST(SUM(variable.variable) AS variable) / variable FROM variable AS variable INNER JOIN variable AS variable ON variable.variable = variable.variable WHERE variable.variable = variable AND STRFTIME(variable, variable.variable) = variable",1
898,SELECT CAST(SUM(variable.variable) AS variable) / variable FROM variable AS variable LEFT JOIN variable AS variable ON variable.variable = variable.variable WHERE variable.variable = variable,1
899,SELECT CAST(variable AS variable) / ( SELECT variable FROM variable WHERE variable = ( SELECT variable FROM variable WHERE variable = variable ) AND variable = ( SELECT variable FROM variable WHERE variable = variable ) ) FROM variable WHERE variable = ( SELECT variable FROM variable WHERE variable = variable ) AND variable = ( SELECT variable FROM variable WHERE variable = variable ),1
900,SELECT CAST(variable AS variable) / variable  FROM variable WHERE variable = variable AND variable = variable AND variable = variable AND variable LIKE variable AND variable LIKE variable,1
901,SELECT CAST(variable AS variable) / variable FROM variable WHERE variable = variable AND variable = variable,1
902,SELECT CAST(variable.variable AS variable) / (CAST(variable.variable AS variable) / variable * (CAST(variable.variable AS variable) / variable)) FROM variable AS variable INNER JOIN variable AS variable ON variable.variable = variable.variable INNER JOIN variable AS variable ON variable.variable = variable.variable WHERE variable.variable = variable,1
903,SELECT CAST(variable.variable AS variable) / (variable.variable * variable.variable) FROM variable AS variable INNER JOIN variable AS variable ON variable.variable = variable.variable WHERE variable.variable = variable,1
904,SELECT CAST(variable.variable AS variable) / variable.variable FROM variable AS variable INNER JOIN variable AS variable ON variable.variable = variable.variable WHERE variable.variable = variable,1
905,SELECT CAST(variable.variable AS variable) / variable.variable FROM variable AS variable INNER JOIN variable AS variable ON variable.variable = variable.variable WHERE variable.variable = variable AND variable.variable <> variable ORDER BY variable DESC LIMIT variable,1
906,"SELECT CAST(variable.variable AS variable) / variable.variable, variable.variable FROM variable AS variable INNER JOIN variable AS variable ON variable.variable = variable.variable AND variable.variable = variable.variable WHERE variable.variable = variable AND variable.variable = variable GROUP BY variable.variable / variable.variable, variable.variable ORDER BY SUM(variable.variable) DESC LIMIT variable",1
907,SELECT COUNT(*) FROM ( SELECT COUNT(DISTINCT variable.variable) AS variable FROM variable AS variable INNER JOIN variable AS variable ON variable.variable = variable.variable INNER JOIN variable AS variable ON variable.variable = variable.variable WHERE variable.variable = variable AND variable.variable = variable GROUP BY variable.variable ) variable,1
908,SELECT COUNT(*) FROM ( SELECT COUNT(variable) FROM variable GROUP BY variable HAVING COUNT(variable) > variable ),1
909,SELECT COUNT(*) FROM ( SELECT COUNT(variable.variable) FROM variable AS variable INNER JOIN variable AS variable ON variable.variable = variable.variable WHERE variable.variable = variable GROUP BY variable.variable HAVING COUNT(DISTINCT variable.variable) <= variable ),1
910,SELECT COUNT(*) FROM ( SELECT DISTINCT variable.variable FROM variable AS variable INNER JOIN variable AS variable ON variable.variable = variable.variable INNER JOIN variable AS variable ON variable.variable = variable.variable WHERE variable.variable = variable GROUP BY variable.variable HAVING AVG(variable.variable) > variable ) AS variable,1
911,"SELECT COUNT(*) FROM ( SELECT SUM(variable) FROM variable WHERE variable IN ( SELECT variable FROM variable WHERE variable = variable ) GROUP BY variable, variable HAVING SUM(variable) > variable )",1
912,SELECT COUNT(*) FROM ( SELECT variable FROM variable AS variable INNER JOIN variable AS variable ON variable.variable = variable.variable WHERE variable.variable = variable GROUP BY variable.variable HAVING COUNT(DISTINCT variable.variable) > variable ) AS variable,1
913,SELECT COUNT(*) FROM ( SELECT variable.variable AS variable FROM variable AS variable INNER JOIN variable AS variable ON variable.variable = variable.variable GROUP BY variable.variable HAVING COUNT(variable.variable) > variable ),1
914,SELECT COUNT(*) FROM ( SELECT variable.variable FROM variable AS variable INNER JOIN variable AS variable ON variable.variable = variable.variable INNER JOIN variable AS variable ON variable.variable = variable.variable WHERE variable.variable = variable AND variable.variable = variable AND variable.variable = variable UNION SELECT variable.variable FROM variable AS variable INNER JOIN variable AS variable ON variable.variable = variable.variable INNER JOIN variable AS variable ON variable.variable = variable.variable WHERE variable.variable = variable AND variable.variable = variable AND variable.variable = variable ),1
915,SELECT COUNT(*) FROM ( SELECT variable.variable FROM variable AS variable INNER JOIN variable AS variable ON variable.variable = variable.variable WHERE variable.variable = variable GROUP BY variable.variable HAVING COUNT(variable.variable) > variable ),1
916,SELECT COUNT(*) FROM ( SELECT variable.variable FROM variable AS variable WHERE variable.variable LIKE variable ),1
917,"SELECT COUNT(*) FROM ( SELECT variable.variable, SUM(variable.variable) FROM variable AS variable INNER JOIN variable AS variable ON variable.variable = variable.variable AND variable.variable = variable.variable WHERE variable.variable = variable GROUP BY variable.variable HAVING SUM(variable) >= variable ) AS variable",1
918,SELECT COUNT(*) FROM `variable variable` AS variable INNER JOIN variable AS variable ON variable.variable = variable.variable WHERE variable.variable LIKE variable AND variable.variable > variable,1
919,SELECT COUNT(*) FROM `variable-variable` AS variable INNER JOIN variable AS variable ON variable.variable = variable.variable WHERE variable.variable IS NULL,1
920,SELECT COUNT(*) FROM `variable-variable` WHERE variable = variable,1
921,SELECT COUNT(*) FROM `variable-variable` WHERE variable = variable AND variable = variable AND end LIKE variable,1
922,SELECT COUNT(*) FROM `variable-variable` WHERE variable IS NOT NULL AND variable <> variable,1
923,SELECT COUNT(*) FROM variable AS variable  INNER JOIN variable AS variable  ON variable.variable = variable.variable INNER JOIN variable AS variable  ON variable.variable = variable.variable WHERE variable.variable = variable AND variable.variable = variable AND variable.variable = variable,1
924,"SELECT COUNT(*) FROM variable AS variable  INNER JOIN variable AS variable  ON variable.variable = variable.variable WHERE CAST(REPLACE(SUBSTR(variable.variable, variable), variable, variable) AS variable) > variable AND variable.variable = variable",1
925,SELECT COUNT(*) FROM variable AS variable  INNER JOIN variable AS variable  ON variable.variable = variable.variable WHERE variable.variable = variable,1
926,SELECT COUNT(*) FROM variable AS variable INNER JOIN `variable variable` AS variable ON variable.variable = variable.variable WHERE variable.variable = variable AND variable.variable = variable AND variable.variable = variable,1
927,SELECT COUNT(*) FROM variable AS variable INNER JOIN `variable variable` AS variable ON variable.variable = variable.variable WHERE variable.variable = variable AND variable.variable = variable AND variable.variable > variable,1
928,"SELECT COUNT(*) FROM variable AS variable INNER JOIN `variable-variable` AS variable ON variable.variable = variable.variable WHERE STRFTIME(variable, variable.variable) = variable AND variable.variable = variable AND variable.variable = variable",1
929,SELECT COUNT(*) FROM variable AS variable INNER JOIN `variable-variable` AS variable ON variable.variable = variable.variable WHERE variable.variable = variable,1
930,SELECT COUNT(*) FROM variable AS variable INNER JOIN `variable-variable` AS variable ON variable.variable = variable.variable WHERE variable.variable = variable AND variable.variable = variable,1
931,SELECT COUNT(*) FROM variable AS variable INNER JOIN variable AS variable  ON variable.variable = variable.variable WHERE variable.variable = variable AND variable.variable = variable,1
932,SELECT COUNT(*) FROM variable AS variable INNER JOIN variable AS variable ON variable.variable = variable.variable AND variable.variable = variable.variable WHERE variable.variable = variable AND variable.variable > variable AND variable.variable = variable,1
933,SELECT COUNT(*) FROM variable AS variable INNER JOIN variable AS variable ON variable.variable = variable.variable GROUP BY variable.variable ORDER BY variable.variable ASC LIMIT variable,1
934,SELECT COUNT(*) FROM variable AS variable INNER JOIN variable AS variable ON variable.variable = variable.variable INNER JOIN `variable variable` AS variable ON variable.variable = variable.variable WHERE variable.variable = variable AND variable.variable = variable,1
935,SELECT COUNT(*) FROM variable AS variable INNER JOIN variable AS variable ON variable.variable = variable.variable INNER JOIN variable AS variable ON variable.variable = variable.variable INNER JOIN variable AS variable ON variable.variable = variable.variable WHERE variable.variable = variable AND variable.variable = variable AND variable.variable = variable,1
936,SELECT COUNT(*) FROM variable AS variable INNER JOIN variable AS variable ON variable.variable = variable.variable INNER JOIN variable AS variable ON variable.variable = variable.variable INNER JOIN variable AS variable ON variable.variable = variable.variable WHERE variable.variable = variable AND variable.variable = variable AND variable.variable > variable,1
937,"SELECT COUNT(*) FROM variable AS variable INNER JOIN variable AS variable ON variable.variable = variable.variable INNER JOIN variable AS variable ON variable.variable = variable.variable WHERE variable.variable = variable AND STRFTIME(variable, variable.variable) = variable",1
938,SELECT COUNT(*) FROM variable AS variable INNER JOIN variable AS variable ON variable.variable = variable.variable INNER JOIN variable AS variable ON variable.variable = variable.variable WHERE variable.variable = variable AND variable.`variable variable` = variable,1
939,"SELECT COUNT(*) FROM variable AS variable INNER JOIN variable AS variable ON variable.variable = variable.variable INNER JOIN variable AS variable ON variable.variable = variable.variable WHERE variable.variable = variable AND variable.variable = variable AND STRFTIME(variable, variable.variable) = variable AND variable.variable = variable",1
940,"SELECT COUNT(*) FROM variable AS variable INNER JOIN variable AS variable ON variable.variable = variable.variable INNER JOIN variable AS variable ON variable.variable = variable.variable WHERE variable.variable = variable AND variable.variable = variable AND variable.variable = variable AND STRFTIME(variable, variable.variable) = variable",1
941,SELECT COUNT(*) FROM variable AS variable INNER JOIN variable AS variable ON variable.variable = variable.variable INNER JOIN variable AS variable ON variable.variable = variable.variable WHERE variable.variable = variable AND variable.variable = variable AND variable.variable > variable,1
942,SELECT COUNT(*) FROM variable AS variable INNER JOIN variable AS variable ON variable.variable = variable.variable INNER JOIN variable AS variable ON variable.variable = variable.variable WHERE variable.variable = variable AND variable.variable > variable,1
943,SELECT COUNT(*) FROM variable AS variable INNER JOIN variable AS variable ON variable.variable = variable.variable INNER JOIN variable AS variable ON variable.variable = variable.variable WHERE variable.variable = variable AND variable.variable > variable AND variable.variable = variable,1
944,SELECT COUNT(*) FROM variable AS variable INNER JOIN variable AS variable ON variable.variable = variable.variable INNER JOIN variable AS variable ON variable.variable = variable.variable WHERE variable.variable = variable AND variable.variable >= variable AND variable.variable = variable,1
945,SELECT COUNT(*) FROM variable AS variable INNER JOIN variable AS variable ON variable.variable = variable.variable LEFT JOIN variable AS variable ON variable.variable = variable.variable WHERE variable.variable = variable AND variable.variable IS NULL,1
946,"SELECT COUNT(*) FROM variable AS variable INNER JOIN variable AS variable ON variable.variable = variable.variable WHERE CAST(REPLACE(REPLACE(variable.variable, variable, variable), variable, variable) AS variable) = ( SELECT MAX(CAST(REPLACE(REPLACE(variable, variable, variable), variable, variable) AS variable)) FROM variable)",1
947,"SELECT COUNT(*) FROM variable AS variable INNER JOIN variable AS variable ON variable.variable = variable.variable WHERE STRFTIME(variable, variable.variable) = variable AND variable.variable = variable",1
948,"SELECT COUNT(*) FROM variable AS variable INNER JOIN variable AS variable ON variable.variable = variable.variable WHERE STRFTIME(variable, variable.variable) = variable AND variable.variable = variable AND variable.variable = variable",1
949,SELECT COUNT(*) FROM variable AS variable INNER JOIN variable AS variable ON variable.variable = variable.variable WHERE STRFTIME(variable.variable) > variable AND variable.variable = variable;,1
950,"SELECT COUNT(*) FROM variable AS variable INNER JOIN variable AS variable ON variable.variable = variable.variable WHERE SUBSTR(variable.variable, variable, variable) = variable AND variable.variable = variable AND variable.variable > variable;",1
951,"SELECT COUNT(*) FROM variable AS variable INNER JOIN variable AS variable ON variable.variable = variable.variable WHERE variable.variable = variable AND STRFTIME(variable, variable.variable) = variable AND variable.variable BETWEEN variable AND variable",1
952,SELECT COUNT(*) FROM variable AS variable INNER JOIN variable AS variable ON variable.variable = variable.variable WHERE variable.variable = variable AND variable.variable < variable;,1
953,"SELECT COUNT(*) FROM variable AS variable INNER JOIN variable AS variable ON variable.variable = variable.variable WHERE variable.variable = variable AND variable.variable = variable AND SUBSTR(variable.variable, variable, variable) = variable AND variable.variable = variable;",1
954,SELECT COUNT(*) FROM variable AS variable INNER JOIN variable AS variable ON variable.variable = variable.variable WHERE variable.variable = variable AND variable.variable = variable AND variable.variable < variable,1
955,SELECT COUNT(*) FROM variable AS variable INNER JOIN variable AS variable ON variable.variable = variable.variable WHERE variable.variable = variable AND variable.variable = variable AND variable.variable = variable AND variable.variable = variable;,1
956,SELECT COUNT(*) FROM variable AS variable INNER JOIN variable AS variable ON variable.variable = variable.variable WHERE variable.variable = variable AND variable.variable = variable AND variable.variable BETWEEN variable AND variable,1
957,SELECT COUNT(*) FROM variable AS variable INNER JOIN variable AS variable ON variable.variable = variable.variable WHERE variable.variable = variable AND variable.variable = variable.variable,1
958,SELECT COUNT(*) FROM variable AS variable INNER JOIN variable AS variable ON variable.variable = variable.variable WHERE variable.variable = variable AND variable.variable BETWEEN variable AND variable AND variable.variable = variable,1
959,SELECT COUNT(*) FROM variable AS variable INNER JOIN variable AS variable ON variable.variable = variable.variable WHERE variable.variable = variable;,1
960,SELECT COUNT(*) FROM variable AS variable INNER JOIN variable AS variable ON variable.variable = variable.variable WHERE variable.variable > variable AND variable.variable > variable,1
961,SELECT COUNT(*) FROM variable AS variable INNER JOIN variable AS variable ON variable.variable = variable.variable WHERE variable.variable > variable AND variable.variable BETWEEN variable AND variable,1
962,SELECT COUNT(*) FROM variable WHERE (variable IS NULL OR variable = variable) AND variable = variable,1
963,"SELECT COUNT(*) FROM variable WHERE CAST(REPLACE(SUBSTR(variable, variable), variable, variable) AS variable) < variable",1
964,"SELECT COUNT(*) FROM variable WHERE SUBSTR(variable, variable, variable) - SUBSTR(variable, variable, variable) > variable",1
965,"SELECT COUNT(*) FROM variable WHERE strftime(variable, variable) > variable AND variable IS NULL",1
966,SELECT COUNT(*) FROM variable WHERE variable < variable AND variable < variable,1
967,SELECT COUNT(*) FROM variable WHERE variable < variable OR variable > variable,1
968,SELECT COUNT(*) FROM variable WHERE variable <> variable,1
969,"SELECT COUNT(*) FROM variable WHERE variable = ( SELECT variable.variable FROM ( SELECT variable.variable, variable.variable FROM variable AS variable INNER JOIN variable AS variable ON variable.variable = variable.variable INNER JOIN variable AS variable ON variable.variable = variable.variable WHERE variable.variable = variable AND variable.variable = variable AND variable.variable = variable ORDER BY variable DESC LIMIT variable ) AS variable ORDER BY variable ASC LIMIT variable )",1
970,"SELECT COUNT(*) FROM variable WHERE variable = variable AND CAST(REPLACE(SUBSTR(variable, variable), variable, variable) AS variable) > variable",1
971,SELECT COUNT(*) FROM variable WHERE variable = variable AND variable <= variable,1
972,SELECT COUNT(*) FROM variable WHERE variable = variable AND variable <= variable AND variable = variable AND variable = variable,1
973,SELECT COUNT(*) FROM variable WHERE variable = variable AND variable = variable AND variable < variable,1
974,SELECT COUNT(*) FROM variable WHERE variable = variable AND variable = variable AND variable = variable,1
975,SELECT COUNT(*) FROM variable WHERE variable = variable OR variable = variable,1
976,SELECT COUNT(*) FROM variable WHERE variable = variable OR variable IS NULL,1
977,SELECT COUNT(*) FROM variable WHERE variable > variable,1
978,SELECT COUNT(*) FROM variable WHERE variable > variable AND variable < variable,1
979,SELECT COUNT(*) FROM variable WHERE variable > variable AND variable = variable,1
980,SELECT COUNT(*) FROM variable WHERE variable > variable AND variable > variable,1
981,SELECT COUNT(*) FROM variable WHERE variable > variable.variable,1
982,SELECT COUNT(*) FROM variable WHERE variable IN ( SELECT variable.variable FROM variable AS variable INNER JOIN variable AS variable ON variable.variable = variable.variable WHERE variable.variable = variable GROUP BY variable.variable HAVING COUNT(DISTINCT variable.variable) > variable ),1
983,SELECT COUNT(*) FROM variable WHERE variable IS NOT NULL AND variable IS NOT NULL,1
984,"SELECT COUNT(*) FROM variable WHERE variable IS NULL AND strftime(variable, variable) < variable",1
985,SELECT COUNT(*) FROM variable WHERE variable IS NULL OR variable = variable,1
986,SELECT COUNT(*) FROM variable WHERE variable LIKE variable AND variable = variable,1
987,SELECT COUNT(CASE  WHEN variable.variable IS NULL THEN variable.variable END) AS variable FROM variable AS variable LEFT JOIN variable AS variable ON variable.variable = variable.variable,1
988,SELECT COUNT(CASE WHEN variable = variable AND variable = variable THEN variable END) FROM variable,1
989,SELECT COUNT(CASE WHEN variable.variable = variable THEN variable ELSE NULL END) - COUNT(CASE WHEN variable.variable = variable THEN variable ELSE NULL END) AS variable FROM variable AS variable INNER JOIN variable AS variable ON variable.variable = variable.variable WHERE variable.variable = variable,1
990,SELECT COUNT(CASE WHEN variable.variable = variable THEN variable ELSE NULL END) - COUNT(CASE WHEN variable.variable = variable THEN variable ELSE NULL END) FROM variable AS variable INNER JOIN variable AS variable ON variable.variable = variable.variable WHERE variable.variable = variable AND variable.variable = variable,1
991,SELECT COUNT(CASE WHEN variable.variable = variable THEN variable.variable ELSE NULL END) - COUNT(CASE WHEN variable.variable = variable THEN variable.variable ELSE NULL END) AS variable FROM variable AS variable INNER JOIN `variable` AS variable ON variable.variable = variable.variable INNER JOIN variable AS variable ON variable.variable = variable.variable,1
992,SELECT COUNT(CASE WHEN variable.variable = variable THEN variable.variable ELSE NULL END) - COUNT(CASE WHEN variable.variable = variable THEN variable.variable ELSE NULL END) AS variable FROM variable AS variable INNER JOIN variable AS variable ON variable.variable = variable.variable,1
993,SELECT COUNT(CASE WHEN variable.variable = variable THEN variable.variable ELSE NULL END) - COUNT(CASE WHEN variable.variable = variable THEN variable.variable ELSE NULL END) FROM variable AS variable INNER JOIN variable AS variable ON variable.variable = variable.variable INNER JOIN variable AS variable ON variable.variable = variable.variable INNER JOIN variable AS variable ON variable.variable = variable.variable WHERE variable.variable = variable,1
994,SELECT COUNT(CASE WHEN variable.variable = variable THEN variable.variable END) * variable / COUNT(variable.variable) AS variable FROM variable AS variable INNER JOIN variable AS variable ON variable.variable = variable.variable INNER JOIN variable AS variable ON variable.variable = variable.variable WHERE variable.variable = variable,1
995,SELECT COUNT(CASE WHEN variable.variable = variable THEN variable.variable END) - COUNT(CASE WHEN variable.variable = variable THEN variable.variable END) AS variable FROM variable AS variable INNER JOIN variable AS variable ON variable.variable = variable.variable WHERE variable.variable = variable AND variable.variable = variable,1
996,"SELECT COUNT(CASE WHEN variable.variable = variable THEN variable.variable END) AS variable , COUNT(CASE WHEN variable.variable = variable THEN variable.variable END) AS variable FROM variable AS variable INNER JOIN variable AS variable ON variable.variable = variable.variable",1
997,"SELECT COUNT(DISTINCT CASE WHEN variable.variable = variable THEN variable.variable END) AS variable , COUNT(DISTINCT CASE WHEN variable.variable = variable THEN variable.variable END) AS variable FROM variable AS variable INNER JOIN variable AS variable ON variable.variable = variable.variable WHERE variable.variable = variable",1
998,SELECT COUNT(DISTINCT `Order variable`) FROM variable WHERE variable > variable AND `variable variable` = variable,1
999,SELECT COUNT(DISTINCT `variable`) AS variable FROM variable WHERE variable < variable(variable),1
1000,SELECT COUNT(DISTINCT `variable`) FROM variable WHERE variable > variable,1
1001,SELECT COUNT(DISTINCT variable) FROM ( SELECT CASE  WHEN `variable variable` = variable AND variable = variable AND `variable variable` = variable THEN variable ELSE NULL END AS variable FROM `variable variable` ) WHERE variable IS NOT NULL,1
1002,SELECT COUNT(DISTINCT variable) FROM variable,1
1003,SELECT COUNT(DISTINCT variable) FROM variable AS variable INNER JOIN variable AS variable ON variable.variable = variable.variable AND variable.variable = variable.variable INNER JOIN variable AS variable ON variable.variable = variable.variable WHERE variable.variable = variable,1
1004,SELECT COUNT(DISTINCT variable) FROM variable AS variable INNER JOIN variable AS variable ON variable.variable = variable.variable AND variable.variable = variable.variable WHERE variable.variable = variable,1
1005,SELECT COUNT(DISTINCT variable) FROM variable AS variable INNER JOIN variable AS variable ON variable.variable = variable.variable INNER JOIN variable AS variable ON variable.variable = variable.variable WHERE variable.variable = variable AND variable.variable <> variable AND variable.variable IS NOT NULL,1
1006,SELECT COUNT(DISTINCT variable) FROM variable AS variable INNER JOIN variable AS variable ON variable.variable = variable.variable WHERE variable.variable = variable,1
1007,SELECT COUNT(DISTINCT variable) FROM variable WHERE CAST(variable AS variable) * variable / variable > variable AND variable BETWEEN variable AND variable,1
1008,"SELECT COUNT(DISTINCT variable) FROM variable WHERE STRFTIME(variable, `variable`) = variable AND variable = ( SELECT MAX(variable) FROM variable WHERE STRFTIME(variable, `variable`) = variable )",1
1009,SELECT COUNT(DISTINCT variable) FROM variable WHERE variable < variable,1
1010,SELECT COUNT(DISTINCT variable) FROM variable WHERE variable = variable AND variable > variable,1
1011,SELECT COUNT(DISTINCT variable) FROM variable WHERE variable > variable,1
1012,SELECT COUNT(DISTINCT variable) FROM variable WHERE variable > variable;,1
1013,SELECT COUNT(DISTINCT variable) FROM variable WHERE variable BETWEEN variable AND variable,1
1014,SELECT COUNT(DISTINCT variable) FROM variable WHERE variable BETWEEN variable AND variable AND variable <= variable,1
1015,SELECT COUNT(DISTINCT variable) FROM variable WHERE variable BETWEEN variable AND variable AND variable = variable,1
1016,SELECT COUNT(DISTINCT variable) FROM variable WHERE variable BETWEEN variable AND variable AND variable = variable AND variable IN ( SELECT variable FROM variable WHERE variable BETWEEN variable AND variable AND variable = variable ),1
1017,SELECT COUNT(DISTINCT variable.`Order variable`) FROM variable AS variable INNER JOIN variable AS variable ON variable.`variable variable` = variable.`variable variable` INNER JOIN variable AS variable ON variable.`variable variable` = variable.`variable variable` WHERE variable.`variable variable` = variable AND variable.`variable variable` = variable,1
1018,SELECT COUNT(DISTINCT variable.`Order variable`) FROM variable AS variable INNER JOIN variable AS variable ON variable.`variable variable` = variable.`variable variable` INNER JOIN variable AS variable ON variable.`variable variable` = variable.`variable variable` WHERE variable.variable = variable AND variable.`variable variable` = variable,1
1019,SELECT COUNT(DISTINCT variable.`Order variable`) FROM variable AS variable INNER JOIN variable AS variable ON variable.`variable variable` = variable.`variable variable` WHERE variable.`variable variable` = variable,1
1020,SELECT COUNT(DISTINCT variable.`Order variable`) FROM variable AS variable INNER JOIN variable AS variable ON variable.`variable variable` = variable.`variable variable` WHERE variable.`variable variable` = variable AND variable.variable = variable AND variable.`variable variable` = variable,1
1021,SELECT COUNT(DISTINCT variable.`Order variable`) FROM variable AS variable INNER JOIN variable AS variable ON variable.`variable variable` = variable.`variable variable` WHERE variable.variable = variable,1
1022,SELECT COUNT(DISTINCT variable.`variable variable`) FROM variable AS variable INNER JOIN variable AS variable ON variable.`variable variable` = variable.`variable variable` INNER JOIN variable AS variable ON variable.`variable variable` = variable.`variable variable` WHERE variable.`variable variable` = variable AND variable.variable = variable AND variable.variable > variable,1
1023,"SELECT COUNT(DISTINCT variable.`variable variable`) FROM variable AS variable INNER JOIN variable AS variable ON variable.`variable variable` = variable.`variable variable` WHERE variable.`variable-variable` = variable AND variable.variable = variable AND STRFTIME(variable, variable.`Order variable`) = variable",1
1024,"SELECT COUNT(DISTINCT variable.variable) AS variable FROM variable AS variable INNER JOIN variable AS variable ON variable.variable = variable.variable WHERE SUBSTR(`variable`, variable, variable) = variable AND variable = variable",1
1025,"SELECT COUNT(DISTINCT variable.variable) FROM ( SELECT variable.variable, SUM(variable.variable) FROM variable AS variable INNER JOIN variable AS variable ON variable.variable = variable.variable AND variable.variable = variable.variable INNER JOIN variable AS variable ON variable.variable = variable.variable WHERE variable.variable = variable GROUP BY variable.variable HAVING SUM(variable.variable) >= variable ) AS variable",1
1026,SELECT COUNT(DISTINCT variable.variable) FROM variable AS variable INNER JOIN `variable-variable` AS variable ON variable.variable = variable.variable WHERE variable.variable IS NOT NULL AND variable.variable IS NOT NULL,1
1027,SELECT COUNT(DISTINCT variable.variable) FROM variable AS variable INNER JOIN variable AS variable ON variable.variable = variable.variable AND variable.variable = variable.variable INNER JOIN variable AS variable ON variable.variable = variable.variable WHERE variable.variable = variable AND variable.variable IS NOT NULL,1
1028,SELECT COUNT(DISTINCT variable.variable) FROM variable AS variable INNER JOIN variable AS variable ON variable.variable = variable.variable AND variable.variable = variable.variable WHERE CAST(variable.variable AS variable) * variable / CAST(variable.variable AS variable) > variable AND variable.variable = variable,1
1029,SELECT COUNT(DISTINCT variable.variable) FROM variable AS variable INNER JOIN variable AS variable ON variable.variable = variable.variable INNER JOIN variable AS variable ON variable.variable = variable.variable AND variable.variable = variable.variable WHERE variable.variable = variable AND variable.variable IS NOT NULL,1
1030,SELECT COUNT(DISTINCT variable.variable) FROM variable AS variable INNER JOIN variable AS variable ON variable.variable = variable.variable INNER JOIN variable AS variable ON variable.variable = variable.variable INNER JOIN variable AS variable ON variable.variable = variable.variable WHERE variable.variable = variable,1
1031,SELECT COUNT(DISTINCT variable.variable) FROM variable AS variable INNER JOIN variable AS variable ON variable.variable = variable.variable INNER JOIN variable AS variable ON variable.variable = variable.variable INNER JOIN variable AS variable ON variable.variable = variable.variable WHERE variable.variable = variable AND variable.variable = variable,1
1032,SELECT COUNT(DISTINCT variable.variable) FROM variable AS variable INNER JOIN variable AS variable ON variable.variable = variable.variable INNER JOIN variable AS variable ON variable.variable = variable.variable INNER JOIN variable AS variable ON variable.variable = variable.variable WHERE variable.variable > variable AND variable.variable > variable,1
1033,SELECT COUNT(DISTINCT variable.variable) FROM variable AS variable INNER JOIN variable AS variable ON variable.variable = variable.variable INNER JOIN variable AS variable ON variable.variable = variable.variable WHERE variable.variable = variable AND variable.variable <= variable,1
1034,SELECT COUNT(DISTINCT variable.variable) FROM variable AS variable INNER JOIN variable AS variable ON variable.variable = variable.variable INNER JOIN variable AS variable ON variable.variable = variable.variable WHERE variable.variable = variable AND variable.variable = variable AND variable,1
1035,SELECT COUNT(DISTINCT variable.variable) FROM variable AS variable INNER JOIN variable AS variable ON variable.variable = variable.variable INNER JOIN variable AS variable ON variable.variable = variable.variable WHERE variable.variable = variable AND variable.variable = variable AND variable.variable > variable AND variable.variable = variable,1
1036,SELECT COUNT(DISTINCT variable.variable) FROM variable AS variable INNER JOIN variable AS variable ON variable.variable = variable.variable INNER JOIN variable AS variable ON variable.variable = variable.variable WHERE variable.variable > variable AND variable.variable = variable,1
1037,SELECT COUNT(DISTINCT variable.variable) FROM variable AS variable INNER JOIN variable AS variable ON variable.variable = variable.variable INNER JOIN variable AS variable ON variable.variable = variable.variable WHERE variable.variable IS NOT NULL AND variable.variable > variable,1
1038,"SELECT COUNT(DISTINCT variable.variable) FROM variable AS variable INNER JOIN variable AS variable ON variable.variable = variable.variable WHERE STRFTIME(variable, variable.`variable`) = variable AND variable.variable IN (variable, variable, variable, variable)",1
1039,"SELECT COUNT(DISTINCT variable.variable) FROM variable AS variable INNER JOIN variable AS variable ON variable.variable = variable.variable WHERE strftime(variable, variable.variable) = variable AND variable.variable < variable;",1
1040,"SELECT COUNT(DISTINCT variable.variable) FROM variable AS variable INNER JOIN variable AS variable ON variable.variable = variable.variable WHERE strftime(variable, variable.variable) = variable AND variable.variable > variable;",1
1041,"SELECT COUNT(DISTINCT variable.variable) FROM variable AS variable INNER JOIN variable AS variable ON variable.variable = variable.variable WHERE variable = variable AND strftime(variable, variable.variable) LIKE variable",1
1042,SELECT COUNT(DISTINCT variable.variable) FROM variable AS variable INNER JOIN variable AS variable ON variable.variable = variable.variable WHERE variable.variable * variable.variable > variable AND variable.variable = variable,1
1043,"SELECT COUNT(DISTINCT variable.variable) FROM variable AS variable INNER JOIN variable AS variable ON variable.variable = variable.variable WHERE variable.variable < variable AND STRFTIME(variable, variable.variable) = variable",1
1044,"SELECT COUNT(DISTINCT variable.variable) FROM variable AS variable INNER JOIN variable AS variable ON variable.variable = variable.variable WHERE variable.variable = ( SELECT variable FROM variable ORDER BY variable DESC LIMIT variable, variable )",1
1045,SELECT COUNT(DISTINCT variable.variable) FROM variable AS variable INNER JOIN variable AS variable ON variable.variable = variable.variable WHERE variable.variable = variable AND (variable.variable = variable OR variable.variable = variable),1
1046,SELECT COUNT(DISTINCT variable.variable) FROM variable AS variable INNER JOIN variable AS variable ON variable.variable = variable.variable WHERE variable.variable = variable AND variable.`variable` = variable,1
1047,SELECT COUNT(DISTINCT variable.variable) FROM variable AS variable INNER JOIN variable AS variable ON variable.variable = variable.variable WHERE variable.variable = variable AND variable.variable < variable AND variable.variable = variable,1
1048,SELECT COUNT(DISTINCT variable.variable) FROM variable AS variable INNER JOIN variable AS variable ON variable.variable = variable.variable WHERE variable.variable = variable AND variable.variable <= variable AND variable.variable = variable,1
1049,"SELECT COUNT(DISTINCT variable.variable) FROM variable AS variable INNER JOIN variable AS variable ON variable.variable = variable.variable WHERE variable.variable = variable AND variable.variable = variable AND strftime(variable, variable.variable) = variable",1
1050,"SELECT COUNT(DISTINCT variable.variable) FROM variable AS variable INNER JOIN variable AS variable ON variable.variable = variable.variable WHERE variable.variable = variable AND variable.variable = variable AND strftime(variable, variable.variable) = variable AND strftime(variable, variable.variable) - strftime(variable, variable.variable) = variable",1
1051,SELECT COUNT(DISTINCT variable.variable) FROM variable AS variable INNER JOIN variable AS variable ON variable.variable = variable.variable WHERE variable.variable = variable AND variable.variable = variable AND variable.variable <= variable,1
1052,"SELECT COUNT(DISTINCT variable.variable) FROM variable AS variable INNER JOIN variable AS variable ON variable.variable = variable.variable WHERE variable.variable = variable AND variable.variable = variable AND variable.variable = variable AND strftime(variable, variable.variable) = variable",1
1053,SELECT COUNT(DISTINCT variable.variable) FROM variable AS variable INNER JOIN variable AS variable ON variable.variable = variable.variable WHERE variable.variable = variable AND variable.variable = variable AND variable.variable = variable AND variable.variable = variable,1
1054,SELECT COUNT(DISTINCT variable.variable) FROM variable AS variable INNER JOIN variable AS variable ON variable.variable = variable.variable WHERE variable.variable = variable AND variable.variable = variable AND variable.variable = variable AND variable.variable = variable AND variable.variable = variable,1
1055,SELECT COUNT(DISTINCT variable.variable) FROM variable AS variable INNER JOIN variable AS variable ON variable.variable = variable.variable WHERE variable.variable = variable AND variable.variable = variable AND variable.variable = variable AND variable.variable > variable,1
1056,SELECT COUNT(DISTINCT variable.variable) FROM variable AS variable INNER JOIN variable AS variable ON variable.variable = variable.variable WHERE variable.variable = variable AND variable.variable = variable AND variable.variable BETWEEN variable AND variable,1
1057,SELECT COUNT(DISTINCT variable.variable) FROM variable AS variable INNER JOIN variable AS variable ON variable.variable = variable.variable WHERE variable.variable = variable AND variable.variable = variable.variable,1
1058,SELECT COUNT(DISTINCT variable.variable) FROM variable AS variable INNER JOIN variable AS variable ON variable.variable = variable.variable WHERE variable.variable = variable AND variable.variable IS NOT NULL,1
1059,SELECT COUNT(DISTINCT variable.variable) FROM variable AS variable INNER JOIN variable AS variable ON variable.variable = variable.variable WHERE variable.variable = variable AND variable.variable IS NOT NULL AND variable.variable IS NULL,1
1060,SELECT COUNT(DISTINCT variable.variable) FROM variable AS variable INNER JOIN variable AS variable ON variable.variable = variable.variable WHERE variable.variable = variable AND variable.variable IS NULL,1
1061,SELECT COUNT(DISTINCT variable.variable) FROM variable AS variable INNER JOIN variable AS variable ON variable.variable = variable.variable WHERE variable.variable = variable;,1
1062,SELECT COUNT(DISTINCT variable.variable) FROM variable AS variable INNER JOIN variable AS variable ON variable.variable = variable.variable WHERE variable.variable BETWEEN variable AND variable,1
1063,"SELECT COUNT(DISTINCT variable.variable) FROM variable AS variable INNER JOIN variable AS variable ON variable.variable = variable.variable WHERE variable.variable IN (variable, variable)",1
1064,"SELECT COUNT(DISTINCT variable.variable), COUNT(DISTINCT variable.variable) FROM variable AS variable INNER JOIN variable AS variable ON variable.variable = variable.variable WHERE variable.variable = variable",1
1065,"SELECT COUNT(DISTINCT variable.variable), variable.variable FROM variable AS variable INNER JOIN variable AS variable ON variable.variable = variable.variable INNER JOIN variable AS variable ON variable.variable = variable.variable WHERE variable.variable = variable AND variable.variable = variable GROUP BY variable.variable",1
1066,SELECT COUNT(`variable variable?`) FROM variable WHERE `variable variable?` = variable AND `variable variable?` = variable,1
1067,"SELECT COUNT(`variable`) FROM variable WHERE STRFTIME(variable, `variable`) = variable AND variable = variable",1
1068,SELECT COUNT(variable)  FROM variable WHERE variable = variable,1
1069,"SELECT COUNT(variable) / (strftime(variable, variable) - variable.variable) FROM variable AS variable INNER JOIN variable AS variable ON variable.variable = variable.variable WHERE variable.variable = variable",1
1070,SELECT COUNT(variable) AS variable FROM variable WHERE variable BETWEEN variable AND variable,1
1071,"SELECT COUNT(variable) FROM ( SELECT COUNT(variable.variable) AS variable FROM variable AS variable INNER JOIN variable AS variable ON variable.variable = variable.variable WHERE STRFTIME(variable, variable.variable) = variable AND variable.variable > variable GROUP BY variable.variable HAVING COUNT(variable.variable) >= variable ) variable",1
1072,"SELECT COUNT(variable) FROM ( SELECT variable FROM variable WHERE STRFTIME(variable, variable) >= variable AND STRFTIME(variable, variable) <= variable GROUP BY variable HAVING COUNT(variable) > variable ) variable",1
1073,SELECT COUNT(variable) FROM ( SELECT variable.variable AS variable FROM variable AS variable INNER JOIN `variable-variable` AS variable ON variable.variable = variable.variable WHERE variable.variable = variable GROUP BY variable.variable HAVING COUNT(variable.variable) > variable ),1
1074,SELECT COUNT(variable) FROM ( SELECT variable.variable AS variable FROM variable AS variable INNER JOIN `variable-variable` AS variable ON variable.variable = variable.variable WHERE variable.variable >= variable GROUP BY variable.variable HAVING COUNT(variable.variable) > variable ),1
1075,SELECT COUNT(variable) FROM ( SELECT variable.variable AS variable FROM variable AS variable INNER JOIN variable AS variable ON variable.variable = variable.variable INNER JOIN variable AS variable ON variable.variable = variable.variable WHERE variable.variable = variable ),1
1076,SELECT COUNT(variable) FROM `variable-variable` WHERE variable IS NULL,1
1077,"SELECT COUNT(variable) FROM `variable` WHERE SUBSTR(`variable`, variable, variable) = variable AND variable = variable",1
1078,"SELECT COUNT(variable) FROM `variable` WHERE SUBSTR(variable, variable, variable) = variable AND SUBSTR(variable, variable, variable) = variable",1
1079,SELECT COUNT(variable) FROM `variable` WHERE variable = variable AND variable = variable,1
1080,SELECT COUNT(variable) FROM `variable` WHERE variable = variable AND variable LIKE variable,1
1081,"SELECT COUNT(variable) FROM variable AS variable INNER JOIN variable AS variable ON variable.variable = variable.variable WHERE SUBSTR(variable, INSTR(variable, variable) + variable, variable) = variable AND variable.variable = variable",1
1082,SELECT COUNT(variable) FROM variable GROUP BY variable,1
1083,SELECT COUNT(variable) FROM variable WHERE CAST(variable AS variable) * variable / variable <= variable AND variable = variable,1
1084,"SELECT COUNT(variable) FROM variable WHERE STRFTIME(variable, variable) = variable AND variable = variable AND variable = variable",1
1085,"SELECT COUNT(variable) FROM variable WHERE SUBSTR(variable, variable, variable) = variable;",1
1086,SELECT COUNT(variable) FROM variable WHERE `variable` = variable AND variable < variable AND variable IN ( SELECT variable FROM variable GROUP BY variable HAVING COUNT(variable) = variable ),1
1087,"SELECT COUNT(variable) FROM variable WHERE strftime(variable, variable) = variable",1
1088,"SELECT COUNT(variable) FROM variable WHERE strftime(variable, variable) > variable",1
1089,"SELECT COUNT(variable) FROM variable WHERE strftime(variable, variable) BETWEEN variable AND variable",1
1090,SELECT COUNT(variable) FROM variable WHERE variable * variable > variable,1
1091,SELECT COUNT(variable) FROM variable WHERE variable - variable > ( SELECT AVG(variable - variable) FROM variable ),1
1092,SELECT COUNT(variable) FROM variable WHERE variable < variable AND variable <= variable,1
1093,SELECT COUNT(variable) FROM variable WHERE variable < variable;,1
1094,SELECT COUNT(variable) FROM variable WHERE variable = ( SELECT variable FROM variable GROUP BY variable ORDER BY COUNT(variable) DESC LIMIT variable ),1
1095,SELECT COUNT(variable) FROM variable WHERE variable = ( SELECT variable.variable FROM variable AS variable INNER JOIN variable AS variable ON variable.variable = variable.variable WHERE variable.variable = variable ),1
1096,SELECT COUNT(variable) FROM variable WHERE variable = -variable,1
1097,"SELECT COUNT(variable) FROM variable WHERE variable = variable AND SUBSTR(variable, variable, variable) = variable AND variable = variable;",1
1098,"SELECT COUNT(variable) FROM variable WHERE variable = variable AND SUBSTR(variable, variable, variable) > variable;",1
1099,SELECT COUNT(variable) FROM variable WHERE variable = variable AND `group` = variable,1
1100,"SELECT COUNT(variable) FROM variable WHERE variable = variable AND strftime(variable, variable) = variable",1
1101,"SELECT COUNT(variable) FROM variable WHERE variable = variable AND variable = variable AND CAST(SUBSTR(variable, INSTR(variable, variable) + variable) AS variable) BETWEEN variable AND variable",1
1102,SELECT COUNT(variable) FROM variable WHERE variable = variable AND variable = variable AND `variable` = variable,1
1103,SELECT COUNT(variable) FROM variable WHERE variable = variable AND variable = variable AND variable = ( SELECT MIN(variable) FROM variable WHERE variable = variable AND variable = variable ),1
1104,SELECT COUNT(variable) FROM variable WHERE variable = variable AND variable = variable;,1
1105,SELECT COUNT(variable) FROM variable WHERE variable = variable AND variable BETWEEN variable AND variable,1
1106,SELECT COUNT(variable) FROM variable WHERE variable = variable AND variable IN ( SELECT variable FROM variable WHERE variable > variable AND variable IN ( SELECT variable FROM variable WHERE variable = variable ) ),1
1107,SELECT COUNT(variable) FROM variable WHERE variable = variable AND variable IS NOT NULL,1
1108,SELECT COUNT(variable) FROM variable WHERE variable = variable AND variable LIKE variable AND variable LIKE variable,1
1109,SELECT COUNT(variable) FROM variable WHERE variable = variable GROUP BY variable ORDER BY variable DESC LIMIT variable,1
1110,SELECT COUNT(variable) FROM variable WHERE variable = variable LIMIT variable,1
1111,SELECT COUNT(variable) FROM variable WHERE variable > ( SELECT variable FROM variable WHERE variable = variable AND variable = variable ),1
1112,SELECT COUNT(variable) FROM variable WHERE variable > variable AND variable = variable;,1
1113,SELECT COUNT(variable) FROM variable WHERE variable > variable;,1
1114,SELECT COUNT(variable) FROM variable WHERE variable >= variable,1
1115,SELECT COUNT(variable) FROM variable WHERE variable >= variable AND variable <= variable,1
1116,SELECT COUNT(variable) FROM variable WHERE variable BETWEEN variable AND variable AND variable = variable AND variable = variable,1
1117,SELECT COUNT(variable) FROM variable WHERE variable BETWEEN variable AND variable AND variable > variable,1
1118,SELECT COUNT(variable) FROM variable WHERE variable IN ( SELECT DISTINCT variable.variable FROM variable AS variable INNER JOIN variable AS variable ON variable.variable = variable.variable WHERE variable.variable = variable GROUP BY variable.variable HAVING SUM(variable.variable) / COUNT(variable.variable) < variable ),1
1119,SELECT COUNT(variable) FROM variable WHERE variable IN ( SELECT variable FROM variable WHERE variable = ( SELECT MAX(variable) FROM variable ) ),1
1120,SELECT COUNT(variable) FROM variable WHERE variable IN ( SELECT variable FROM variable WHERE variable = variable ),1
1121,"SELECT COUNT(variable) FROM variable WHERE variable IN ( variable,  variable,  variable,  variable,  variable,  variable ) AND variable = variable AND variable = variable;",1
1122,"SELECT COUNT(variable) FROM variable WHERE variable IN (variable, variable) AND variable NOT IN ( SELECT variable FROM variable )",1
1123,"SELECT COUNT(variable) FROM variable WHERE variable IN (variable, variable, variable)",1
1124,SELECT COUNT(variable) FROM variable WHERE variable IS NOT NULL,1
1125,SELECT COUNT(variable) FROM variable WHERE variable IS NOT NULL AND variable IS NOT NULL,1
1126,SELECT COUNT(variable) FROM variable WHERE variable IS NOT NULL AND variable IS NOT NULL AND variable IS NOT NULL,1
1127,SELECT COUNT(variable) FROM variable WHERE variable IS NULL AND variable = variable,1
1128,SELECT COUNT(variable) FROM variable WHERE variable LIKE variable AND variable IS NOT NULL,1
1129,SELECT COUNT(variable) FROM variable WHERE variable LIKE variable AND variable LIKE variable AND variable LIKE variable,1
1130,SELECT COUNT(variable) FROM variable WHERE variable LIKE variable GROUP BY variable ORDER BY COUNT(variable) DESC LIMIT variable,1
1131,SELECT COUNT(variable) FROM variable WHERE variable LIKE variable OR variable LIKE variable,1
1132,SELECT COUNT(variable) FROM variable WHERE variable LIKE variable OR variable LIKE variable;,1
1133,SELECT COUNT(variable) FROM variable WHERE variable LIKE variable UNION SELECT variable FROM variable WHERE variable LIKE variable,1
1134,SELECT COUNT(variable) FROM variable WHERE variable NOT IN ( SELECT variable FROM variable ) AND variable NOT IN ( SELECT variable FROM variable ),1
1135,SELECT COUNT(variable) FROM variable WHERE variable NOT LIKE variable,1
1136,"SELECT COUNT(variable) variable FROM variable WHERE STRFTIME(variable, variable) = variable UNION ALL SELECT variable FROM variable WHERE STRFTIME(variable, variable) = variable",1
1137,SELECT COUNT(variable) variable FROM variable WHERE variable = variable,1
1138,SELECT COUNT(variable) variable FROM variable WHERE variable = variable AND variable BETWEEN variable AND variable,1
1139,"SELECT COUNT(variable), ( SELECT COUNT(variable) FROM variable WHERE variable BETWEEN variable AND variable AND variable LIKE variable AND variable LIKE variable ) FROM variable WHERE variable BETWEEN variable AND variable AND variable LIKE variable AND variable LIKE variable",1
1140,SELECT COUNT(variable.`Order variable`) FROM variable AS variable INNER JOIN variable AS variable ON variable.`variable variable` = variable.`variable variable` WHERE variable.`variable variable` = variable AND variable.variable = variable,1
1141,"SELECT COUNT(variable.`variable variable`) FROM variable AS variable INNER JOIN variable AS variable ON variable.`variable variable` = variable.`variable variable` WHERE strftime(variable, variable.`variable variable`) = variable AND variable.`variable variable?` = variable AND variable.`variable variable variable variable` = variable",1
1142,"SELECT COUNT(variable.`variable variable`) FROM variable AS variable INNER JOIN variable AS variable ON variable.`variable variable` = variable.`variable variable` WHERE variable.`variable variable` = variable AND strftime(variable, variable.`variable variable`) = variable",1
1143,SELECT COUNT(variable.`variable variable`) FROM variable AS variable INNER JOIN variable AS variable ON variable.`variable variable` = variable.`variable variable` WHERE variable.variable < variable AND variable.variable = variable AND variable.`variable variable` = variable AND variable.`variable variable variable variable` = variable,1
1144,SELECT COUNT(variable.`variable variable`) FROM variable AS variable INNER JOIN variable AS variable ON variable.`variable variable` = variable.`variable variable` WHERE variable.variable = variable AND variable.variable = variable,1
1145,SELECT COUNT(variable.`variable variable`) FROM variable AS variable INNER JOIN variable AS variable ON variable.`variable variable` = variable.variable INNER JOIN variable AS variable ON variable.`variable variable` = variable.`variable variable` WHERE variable.variable = variable AND variable.variable BETWEEN variable AND variable AND variable.`variable variable?` = variable,1
1146,SELECT COUNT(variable.`variable variable`) FROM variable AS variable INNER JOIN variable AS variable ON variable.variable = variable.`variable variable` WHERE variable.variable = variable AND variable.variable = variable,1
1147,SELECT COUNT(variable.`variable variable`) FROM variable AS variable INNER JOIN variable AS variable ON variable.variable = variable.variable WHERE variable.variable = variable AND variable.variable = variable AND variable.`variable variable` != variable,1
1148,SELECT COUNT(variable.variable)  FROM variable AS variable INNER JOIN variable AS variable ON variable.variable = variable.variable WHERE variable.variable = variable,1
1149,SELECT COUNT(variable.variable)  FROM variable AS variable INNER JOIN variable AS variable ON variable.variable = variable.variable WHERE variable.variable = variable AND variable.variable = variable AND variable.variable = variable AND variable.variable > variable,1
1150,"SELECT COUNT(variable.variable) , CAST(COUNT(CASE WHEN variable.variable = variable THEN variable ELSE NULL END) AS variable) * variable / COUNT(variable.variable) FROM variable AS variable INNER JOIN variable AS variable ON variable.variable = variable.variable INNER JOIN variable AS variable ON variable.variable = variable.variable INNER JOIN variable AS variable ON variable.variable = variable.variable WHERE variable.variable = variable",1
1151,"SELECT COUNT(variable.variable) , CAST(SUM(CASE WHEN variable.variable = variable THEN variable ELSE variable END) AS variable) * variable / COUNT(variable.variable) FROM variable AS variable INNER JOIN variable AS variable ON variable.variable = variable.variable WHERE variable.variable = variable AND variable.variable = variable AND strftime(variable, variable.variable) BETWEEN variable AND variable",1
1152,"SELECT COUNT(variable.variable) , strftime(variable, variable) - variable.variable FROM variable AS variable INNER JOIN variable AS variable ON variable.variable = variable.variable WHERE variable.variable = variable",1
1153,"SELECT COUNT(variable.variable) - SUM(variable(variable.variable IS NULL, variable, variable)) AS variable FROM variable AS variable LEFT JOIN variable AS variable ON variable.variable = variable.variable",1
1154,SELECT COUNT(variable.variable) / variable FROM `variable variable` AS variable INNER JOIN variable AS variable ON variable.variable = variable.variable WHERE (variable.variable LIKE variable AND variable.`variable variable` = variable) OR (variable.variable LIKE variable AND variable.`variable variable` = variable) OR (variable.variable LIKE variable AND variable.`variable variable` = variable),1
1155,"SELECT COUNT(variable.variable) AS variable, COUNT(DISTINCT variable.variable) AS variable FROM variable AS variable INNER JOIN variable AS variable ON variable.variable = variable.variable WHERE variable != variable AND variable.variable = variable",1
1156,"SELECT COUNT(variable.variable) FROM ( SELECT COUNT(DISTINCT variable.variable) AS variable, COUNT(variable.variable) AS variable FROM variable AS variable INNER JOIN variable AS variable ON variable.variable = variable.variable GROUP BY variable.variable ) variable WHERE variable.variable > variable",1
1157,SELECT COUNT(variable.variable) FROM ( SELECT DISTINCT variable FROM variable WHERE variable = ( SELECT variable FROM variable ORDER BY variable DESC LIMIT variable ) ) variable,1
1158,SELECT COUNT(variable.variable) FROM ( SELECT variable FROM variable ORDER BY variable DESC LIMIT variable ) AS variable INNER JOIN variable AS variable ON variable.variable = variable.variable,1
1159,SELECT COUNT(variable.variable) FROM ( SELECT variable.variable FROM `variable-variable` AS variable INNER JOIN variable AS variable ON variable.variable = variable.variable WHERE variable = variable AND `variable-variable` = variable GROUP BY variable.variable ) AS variable,1
1160,SELECT COUNT(variable.variable) FROM ( SELECT variable.variable FROM `variable` AS variable INNER JOIN variable AS variable ON variable.variable = variable.variable WHERE variable.variable = variable AND variable.variable = variable GROUP BY variable.variable ) variable,1
1161,SELECT COUNT(variable.variable) FROM ( SELECT variable.variable FROM variable AS variable INNER JOIN `variable variable` AS variable ON variable.variable = variable.variable WHERE variable.variable = variable GROUP BY variable.variable ) variable,1
1162,SELECT COUNT(variable.variable) FROM ( SELECT variable.variable FROM variable AS variable INNER JOIN `variable-variable` AS variable ON variable.variable = variable.variable WHERE variable.variable = variable AND (variable.variable IS NULL OR variable.variable = variable) GROUP BY variable.variable ) variable,1
1163,SELECT COUNT(variable.variable) FROM ( SELECT variable.variable FROM variable AS variable INNER JOIN `variable-variable` AS variable ON variable.variable = variable.variable WHERE variable.variable = variable AND variable.variable = variable AND variable.variable = variable GROUP BY variable.variable ) AS variable,1
1164,SELECT COUNT(variable.variable) FROM ( SELECT variable.variable FROM variable AS variable INNER JOIN `variable-variable` AS variable ON variable.variable = variable.variable WHERE variable.variable = variable AND variable.variable = variable AND variable.variable = variable GROUP BY variable.variable ) variable,1
1165,SELECT COUNT(variable.variable) FROM ( SELECT variable.variable FROM variable AS variable INNER JOIN `variable-variable` AS variable ON variable.variable = variable.variable WHERE variable.variable = variable GROUP BY variable.variable ) variable,1
1166,SELECT COUNT(variable.variable) FROM ( SELECT variable.variable FROM variable AS variable INNER JOIN variable AS variable ON variable.variable = variable.variable INNER JOIN variable AS variable ON variable.variable = variable.variable INNER JOIN variable AS variable ON variable.variable = variable.variable WHERE variable.variable = variable GROUP BY variable.variable ) variable,1
1167,SELECT COUNT(variable.variable) FROM ( SELECT variable.variable FROM variable AS variable INNER JOIN variable AS variable ON variable.variable = variable.variable INNER JOIN variable AS variable ON variable.variable = variable.variable WHERE variable.variable = variable AND variable.variable LIKE variable GROUP BY variable.variable ) variable,1
1168,SELECT COUNT(variable.variable) FROM ( SELECT variable.variable FROM variable AS variable INNER JOIN variable AS variable ON variable.variable = variable.variable WHERE variable = variable GROUP BY variable.variable ) variable,1
1169,SELECT COUNT(variable.variable) FROM ( SELECT variable.variable FROM variable AS variable INNER JOIN variable AS variable ON variable.variable = variable.variable WHERE variable.variable = variable AND variable.variable = variable GROUP BY variable.variable ) variable,1
1170,"SELECT COUNT(variable.variable) FROM ( SELECT variable.variable, COUNT(DISTINCT variable.variable) FROM variable AS variable INNER JOIN variable AS variable ON variable.variable = variable.variable INNER JOIN variable AS variable ON variable.variable = variable.variable INNER JOIN variable AS variable ON variable.variable = variable.variable WHERE variable.variable = variable GROUP BY variable.variable HAVING COUNT(DISTINCT variable.variable) > variable ) variable",1
1171,SELECT COUNT(variable.variable) FROM `variable variable` AS variable INNER JOIN `variable variable` AS variable ON variable.variable = variable.variable WHERE variable.variable = variable AND variable.variable BETWEEN variable AND variable GROUP BY variable.variable HAVING COUNT(variable.variable),1
1172,SELECT COUNT(variable.variable) FROM `variable variable` AS variable INNER JOIN `variable variable` AS variable ON variable.variable = variable.variable WHERE variable.variable BETWEEN variable AND variable,1
1173,SELECT COUNT(variable.variable) FROM `variable` AS variable INNER JOIN variable AS variable ON variable.variable = variable.variable WHERE variable.variable = variable AND variable.variable < variable,1
1174,SELECT COUNT(variable.variable) FROM `variable` AS variable INNER JOIN variable AS variable ON variable.variable = variable.variable WHERE variable.variable = variable AND variable.variable = variable,1
1175,SELECT COUNT(variable.variable) FROM `variable` AS variable INNER JOIN variable AS variable ON variable.variable = variable.variable WHERE variable.variable = variable AND variable.variable = variable AND variable.variable BETWEEN variable AND variable,1
1176,SELECT COUNT(variable.variable) FROM variable AS variable INNER JOIN ( SELECT variable.variable FROM variable AS variable INNER JOIN variable AS variable ON variable.variable = variable.variable WHERE variable.variable = variable AND variable.variable = variable AND variable.variable LIKE variable ) AS variable ON variable.variable = variable.variable WHERE variable.variable = variable AND variable.variable = variable AND variable.variable LIKE variable,1
1177,SELECT COUNT(variable.variable) FROM variable AS variable INNER JOIN `variable variable` AS variable ON variable.variable = variable.variable WHERE variable.`variable variable` = variable AND variable.variable LIKE variable,1
1178,SELECT COUNT(variable.variable) FROM variable AS variable INNER JOIN `variable variable` AS variable ON variable.variable = variable.variable WHERE variable.variable = variable AND variable.variable = variable,1
1179,"SELECT COUNT(variable.variable) FROM variable AS variable INNER JOIN `variable-variable` AS variable ON variable.variable = variable.variable WHERE variable.`variable-variable` = variable AND SUBSTR(variable, INSTR(variable, variable) + variable) > variable",1
1180,SELECT COUNT(variable.variable) FROM variable AS variable INNER JOIN `variable-variable` AS variable ON variable.variable = variable.variable WHERE variable.variable = ( SELECT MIN(variable) FROM variable ),1
1181,SELECT COUNT(variable.variable) FROM variable AS variable INNER JOIN `variable-variable` AS variable ON variable.variable = variable.variable WHERE variable.variable = variable AND variable.variable = variable,1
1182,SELECT COUNT(variable.variable) FROM variable AS variable INNER JOIN `variable` AS variable ON variable.variable = variable.variable INNER JOIN variable AS variable ON variable.variable = variable.variable INNER JOIN variable AS variable ON variable.variable = variable.variable WHERE variable.variable = variable AND variable.variable = variable AND variable.variable = variable AND variable.variable = variable,1
1183,SELECT COUNT(variable.variable) FROM variable AS variable INNER JOIN `variable` AS variable ON variable.variable = variable.variable INNER JOIN variable AS variable ON variable.variable = variable.variable INNER JOIN variable AS variable ON variable.variable = variable.variable WHERE variable.variable = variable AND variable.variable = variable AND variable.variable LIKE variable,1
1184,SELECT COUNT(variable.variable) FROM variable AS variable INNER JOIN `variable` AS variable ON variable.variable = variable.variable INNER JOIN variable AS variable ON variable.variable = variable.variable WHERE variable.variable = variable AND variable.variable = variable AND variable.variable = variable,1
1185,SELECT COUNT(variable.variable) FROM variable AS variable INNER JOIN `variable` AS variable ON variable.variable = variable.variable INNER JOIN variable AS variable ON variable.variable = variable.variable WHERE variable.variable = variable AND variable.variable = variable AND variable.variable = variable AND variable.variable = variable,1
1186,SELECT COUNT(variable.variable) FROM variable AS variable INNER JOIN `variable` AS variable ON variable.variable = variable.variable INNER JOIN variable AS variable ON variable.variable = variable.variable WHERE variable.variable LIKE variable AND variable.variable = variable,1
1187,SELECT COUNT(variable.variable) FROM variable AS variable INNER JOIN `variable` AS variable ON variable.variable = variable.variable WHERE variable.`variable` = variable AND variable.variable = variable,1
1188,"SELECT COUNT(variable.variable) FROM variable AS variable INNER JOIN `variable` AS variable ON variable.variable = variable.variable WHERE variable.variable = variable AND STRFTIME(variable, variable.variable) = variable",1
1189,SELECT COUNT(variable.variable) FROM variable AS variable INNER JOIN `variable` AS variable ON variable.variable = variable.variable WHERE variable.variable = variable AND variable.variable = variable,1
1190,SELECT COUNT(variable.variable) FROM variable AS variable INNER JOIN `variable` AS variable ON variable.variable = variable.variable WHERE variable.variable = variable AND variable.variable = variable AND variable.variable = variable AND variable.variable BETWEEN variable AND variable,1
1191,SELECT COUNT(variable.variable) FROM variable AS variable INNER JOIN `variable` AS variable ON variable.variable = variable.variable WHERE variable.variable = variable AND variable.variable = variable AND variable.variable BETWEEN variable AND variable,1
1192,SELECT COUNT(variable.variable) FROM variable AS variable INNER JOIN variable AS variable ON variable.`variable` = variable.`variable` WHERE variable.`variable` = variable,1
1193,SELECT COUNT(variable.variable) FROM variable AS variable INNER JOIN variable AS variable ON variable.`variable` = variable.`variable` WHERE variable.`variable` > variable,1
1194,SELECT COUNT(variable.variable) FROM variable AS variable INNER JOIN variable AS variable ON variable.`variable` = variable.`variable` WHERE variable.`variable` >= variable,1
1195,SELECT COUNT(variable.variable) FROM variable AS variable INNER JOIN variable AS variable ON variable.variable = variable.variable AND variable.variable = variable AND variable.variable = variable,1
1196,SELECT COUNT(variable.variable) FROM variable AS variable INNER JOIN variable AS variable ON variable.variable = variable.variable AND variable.variable = variable.variable WHERE variable.variable = variable AND variable.variable > variable,1
1197,"SELECT COUNT(variable.variable) FROM variable AS variable INNER JOIN variable AS variable ON variable.variable = variable.variable INNER JOIN ( SELECT variable, MAX(variable) AS variable FROM variable GROUP BY variable ) AS variable ON variable.variable = variable.variable WHERE variable.variable = variable AND variable.variable = variable.variable AND variable.variable = variable",1
1198,SELECT COUNT(variable.variable) FROM variable AS variable INNER JOIN variable AS variable ON variable.variable = variable.variable INNER JOIN `variable` AS variable ON variable.variable = variable.variable WHERE variable.variable = variable,1
1199,SELECT COUNT(variable.variable) FROM variable AS variable INNER JOIN variable AS variable ON variable.variable = variable.variable INNER JOIN variable AS variable ON variable.variable = variable.variable INNER JOIN variable AS variable ON variable.variable = variable.variable INNER JOIN variable AS variable ON variable.variable = variable.variable INNER JOIN variable AS variable ON variable.variable = variable.variable WHERE variable.variable = variable AND variable.variable = variable AND variable.variable * variable / (variable.variable * variable.variable) BETWEEN variable AND variable,1
1200,SELECT COUNT(variable.variable) FROM variable AS variable INNER JOIN variable AS variable ON variable.variable = variable.variable INNER JOIN variable AS variable ON variable.variable = variable.variable INNER JOIN variable AS variable ON variable.variable = variable.variable INNER JOIN variable AS variable ON variable.variable = variable.variable WHERE variable.variable = variable,1
1201,SELECT COUNT(variable.variable) FROM variable AS variable INNER JOIN variable AS variable ON variable.variable = variable.variable INNER JOIN variable AS variable ON variable.variable = variable.variable INNER JOIN variable AS variable ON variable.variable = variable.variable WHERE variable.variable = variable AND variable.variable = variable AND variable.variable = variable AND variable.variable = variable AND variable.variable = variable,1
1202,SELECT COUNT(variable.variable) FROM variable AS variable INNER JOIN variable AS variable ON variable.variable = variable.variable INNER JOIN variable AS variable ON variable.variable = variable.variable INNER JOIN variable AS variable ON variable.variable = variable.variable WHERE variable.variable = variable AND variable.variable LIKE variable,1
1203,SELECT COUNT(variable.variable) FROM variable AS variable INNER JOIN variable AS variable ON variable.variable = variable.variable INNER JOIN variable AS variable ON variable.variable = variable.variable INNER JOIN variable AS variable ON variable.variable = variable.variable WHERE variable.variable = variable AND variable.variable LIKE variable AND variable.variable = variable,1
1204,SELECT COUNT(variable.variable) FROM variable AS variable INNER JOIN variable AS variable ON variable.variable = variable.variable INNER JOIN variable AS variable ON variable.variable = variable.variable WHERE variable.variable != variable,1
1205,SELECT COUNT(variable.variable) FROM variable AS variable INNER JOIN variable AS variable ON variable.variable = variable.variable INNER JOIN variable AS variable ON variable.variable = variable.variable WHERE variable.variable < variable AND variable.variable = variable AND variable.variable = variable AND variable.variable = variable,1
1206,SELECT COUNT(variable.variable) FROM variable AS variable INNER JOIN variable AS variable ON variable.variable = variable.variable INNER JOIN variable AS variable ON variable.variable = variable.variable WHERE variable.variable = variable AND variable.variable = ( SELECT MAX(variable) FROM variable ),1
1207,"SELECT COUNT(variable.variable) FROM variable AS variable INNER JOIN variable AS variable ON variable.variable = variable.variable INNER JOIN variable AS variable ON variable.variable = variable.variable WHERE variable.variable = variable AND variable.variable = variable AND STRFTIME(variable, variable.variable) BETWEEN variable AND variable",1
1208,SELECT COUNT(variable.variable) FROM variable AS variable INNER JOIN variable AS variable ON variable.variable = variable.variable INNER JOIN variable AS variable ON variable.variable = variable.variable WHERE variable.variable = variable AND variable.variable = variable AND variable.variable < variable,1
1209,SELECT COUNT(variable.variable) FROM variable AS variable INNER JOIN variable AS variable ON variable.variable = variable.variable INNER JOIN variable AS variable ON variable.variable = variable.variable WHERE variable.variable = variable AND variable.variable = variable AND variable.variable = ( SELECT variable FROM variable ORDER BY variable DESC LIMIT variable ),1
1210,SELECT COUNT(variable.variable) FROM variable AS variable INNER JOIN variable AS variable ON variable.variable = variable.variable INNER JOIN variable AS variable ON variable.variable = variable.variable WHERE variable.variable = variable AND variable.variable = variable AND variable.variable > variable,1
1211,"SELECT COUNT(variable.variable) FROM variable AS variable INNER JOIN variable AS variable ON variable.variable = variable.variable INNER JOIN variable AS variable ON variable.variable = variable.variable WHERE variable.variable = variable AND variable.variable = variable AND variable.variable IN (variable, variable, variable)",1
1212,SELECT COUNT(variable.variable) FROM variable AS variable INNER JOIN variable AS variable ON variable.variable = variable.variable INNER JOIN variable AS variable ON variable.variable = variable.variable WHERE variable.variable = variable AND variable.variable LIKE variable AND variable.variable = variable AND variable.variable = variable AND variable.variable = variable,1
1213,SELECT COUNT(variable.variable) FROM variable AS variable INNER JOIN variable AS variable ON variable.variable = variable.variable INNER JOIN variable AS variable ON variable.variable = variable.variable WHERE variable.variable > variable AND variable.variable = variable,1
1214,SELECT COUNT(variable.variable) FROM variable AS variable INNER JOIN variable AS variable ON variable.variable = variable.variable INNER JOIN variable AS variable ON variable.variable = variable.variable WHERE variable.variable LIKE variable AND variable.variable LIKE variable AND variable.variable = variable,1
1215,"SELECT COUNT(variable.variable) FROM variable AS variable INNER JOIN variable AS variable ON variable.variable = variable.variable WHERE STRFTIME(variable, variable.variable) = variable GROUP BY variable.variable",1
1216,"SELECT COUNT(variable.variable) FROM variable AS variable INNER JOIN variable AS variable ON variable.variable = variable.variable WHERE SUBSTR(variable.variable, variable, variable) = variable AND variable.variable LIKE variable;",1
1217,"SELECT COUNT(variable.variable) FROM variable AS variable INNER JOIN variable AS variable ON variable.variable = variable.variable WHERE strftime(variable, variable.`variable variable`) = variable AND variable.variable = variable AND variable.variable = variable",1
1218,"SELECT COUNT(variable.variable) FROM variable AS variable INNER JOIN variable AS variable ON variable.variable = variable.variable WHERE strftime(variable, variable.variable) = variable AND variable.variable = variable",1
1219,SELECT COUNT(variable.variable) FROM variable AS variable INNER JOIN variable AS variable ON variable.variable = variable.variable WHERE variable = variable,1
1220,"SELECT COUNT(variable.variable) FROM variable AS variable INNER JOIN variable AS variable ON variable.variable = variable.variable WHERE variable = variable AND STRFTIME(variable, variable.variable) = variable",1
1221,SELECT COUNT(variable.variable) FROM variable AS variable INNER JOIN variable AS variable ON variable.variable = variable.variable WHERE variable(variable.variable) - variable(variable.variable) = variable AND variable.variable = variable,1
1222,SELECT COUNT(variable.variable) FROM variable AS variable INNER JOIN variable AS variable ON variable.variable = variable.variable WHERE variable.`variable` = variable AND variable.variable = variable AND variable.variable = variable,1
1223,SELECT COUNT(variable.variable) FROM variable AS variable INNER JOIN variable AS variable ON variable.variable = variable.variable WHERE variable.variable != variable.variable AND variable.variable = variable,1
1224,SELECT COUNT(variable.variable) FROM variable AS variable INNER JOIN variable AS variable ON variable.variable = variable.variable WHERE variable.variable - variable.variable > variable,1
1225,SELECT COUNT(variable.variable) FROM variable AS variable INNER JOIN variable AS variable ON variable.variable = variable.variable WHERE variable.variable < variable,1
1226,SELECT COUNT(variable.variable) FROM variable AS variable INNER JOIN variable AS variable ON variable.variable = variable.variable WHERE variable.variable < variable AND variable.variable = variable AND variable.variable = ( SELECT MAX(variable) FROM variable WHERE variable = variable ),1
1227,SELECT COUNT(variable.variable) FROM variable AS variable INNER JOIN variable AS variable ON variable.variable = variable.variable WHERE variable.variable < variable AND variable.variable = variable AND variable.variable = variable,1
1228,SELECT COUNT(variable.variable) FROM variable AS variable INNER JOIN variable AS variable ON variable.variable = variable.variable WHERE variable.variable < variable AND variable.variable > variable,1
1229,SELECT COUNT(variable.variable) FROM variable AS variable INNER JOIN variable AS variable ON variable.variable = variable.variable WHERE variable.variable = ( SELECT variable FROM variable WHERE variable = variable ) AND variable.variable = ( SELECT variable FROM variable WHERE variable = variable ),1
1230,SELECT COUNT(variable.variable) FROM variable AS variable INNER JOIN variable AS variable ON variable.variable = variable.variable WHERE variable.variable = variable AND (variable.variable BETWEEN variable AND variable),1
1231,"SELECT COUNT(variable.variable) FROM variable AS variable INNER JOIN variable AS variable ON variable.variable = variable.variable WHERE variable.variable = variable AND SUBSTR(`variable`, variable, variable) = variable AND variable.variable = variable",1
1232,"SELECT COUNT(variable.variable) FROM variable AS variable INNER JOIN variable AS variable ON variable.variable = variable.variable WHERE variable.variable = variable AND SUBSTR(variable.variable, variable, variable) < variable",1
1233,"SELECT COUNT(variable.variable) FROM variable AS variable INNER JOIN variable AS variable ON variable.variable = variable.variable WHERE variable.variable = variable AND strftime(variable, variable.`variable variable`) = variable AND variable.variable = variable",1
1234,"SELECT COUNT(variable.variable) FROM variable AS variable INNER JOIN variable AS variable ON variable.variable = variable.variable WHERE variable.variable = variable AND strftime(variable, variable.variable) = variable",1
1235,SELECT COUNT(variable.variable) FROM variable AS variable INNER JOIN variable AS variable ON variable.variable = variable.variable WHERE variable.variable = variable AND variable.`variable variable` LIKE variable AND variable.variable = variable,1
1236,SELECT COUNT(variable.variable) FROM variable AS variable INNER JOIN variable AS variable ON variable.variable = variable.variable WHERE variable.variable = variable AND variable.`variable` = variable,1
1237,SELECT COUNT(variable.variable) FROM variable AS variable INNER JOIN variable AS variable ON variable.variable = variable.variable WHERE variable.variable = variable AND variable.variable <= variable AND variable.variable = variable,1
1238,SELECT COUNT(variable.variable) FROM variable AS variable INNER JOIN variable AS variable ON variable.variable = variable.variable WHERE variable.variable = variable AND variable.variable = ( SELECT variable FROM variable ORDER BY variable DESC LIMIT variable ),1
1239,SELECT COUNT(variable.variable) FROM variable AS variable INNER JOIN variable AS variable ON variable.variable = variable.variable WHERE variable.variable = variable AND variable.variable = ( SELECT variable FROM variable WHERE variable = variable AND variable = variable AND variable = variable AND variable = variable ),1
1240,"SELECT COUNT(variable.variable) FROM variable AS variable INNER JOIN variable AS variable ON variable.variable = variable.variable WHERE variable.variable = variable AND variable.variable = variable AND strftime(variable, variable.variable) = variable",1
1241,SELECT COUNT(variable.variable) FROM variable AS variable INNER JOIN variable AS variable ON variable.variable = variable.variable WHERE variable.variable = variable AND variable.variable = variable AND variable = variable,1
1242,SELECT COUNT(variable.variable) FROM variable AS variable INNER JOIN variable AS variable ON variable.variable = variable.variable WHERE variable.variable = variable AND variable.variable = variable AND variable(variable.variable) BETWEEN variable AND variable,1
1243,SELECT COUNT(variable.variable) FROM variable AS variable INNER JOIN variable AS variable ON variable.variable = variable.variable WHERE variable.variable = variable AND variable.variable = variable AND variable.variable = variable AND variable.variable <= variable,1
1244,SELECT COUNT(variable.variable) FROM variable AS variable INNER JOIN variable AS variable ON variable.variable = variable.variable WHERE variable.variable = variable AND variable.variable = variable AND variable.variable = variable AND variable.variable = variable AND variable.variable = variable,1
1245,SELECT COUNT(variable.variable) FROM variable AS variable INNER JOIN variable AS variable ON variable.variable = variable.variable WHERE variable.variable = variable AND variable.variable = variable AND variable.variable = variable AND variable.variable > variable,1
1246,SELECT COUNT(variable.variable) FROM variable AS variable INNER JOIN variable AS variable ON variable.variable = variable.variable WHERE variable.variable = variable AND variable.variable = variable AND variable.variable = variable AND variable.variable BETWEEN variable AND variable,1
1247,SELECT COUNT(variable.variable) FROM variable AS variable INNER JOIN variable AS variable ON variable.variable = variable.variable WHERE variable.variable = variable AND variable.variable = variable AND variable.variable = variable AND variable.variable LIKE variable,1
1248,SELECT COUNT(variable.variable) FROM variable AS variable INNER JOIN variable AS variable ON variable.variable = variable.variable WHERE variable.variable = variable AND variable.variable = variable AND variable.variable BETWEEN variable AND variable,1
1249,SELECT COUNT(variable.variable) FROM variable AS variable INNER JOIN variable AS variable ON variable.variable = variable.variable WHERE variable.variable = variable AND variable.variable = variable AND variable.variable IS NULL,1
1250,SELECT COUNT(variable.variable) FROM variable AS variable INNER JOIN variable AS variable ON variable.variable = variable.variable WHERE variable.variable = variable AND variable.variable = variable GROUP BY variable.variable HAVING COUNT(variable.variable) = variable,1
1251,SELECT COUNT(variable.variable) FROM variable AS variable INNER JOIN variable AS variable ON variable.variable = variable.variable WHERE variable.variable = variable AND variable.variable > variable AND variable.variable >= variable AND variable.variable <= variable,1
1252,SELECT COUNT(variable.variable) FROM variable AS variable INNER JOIN variable AS variable ON variable.variable = variable.variable WHERE variable.variable = variable AND variable.variable >= variable,1
1253,SELECT COUNT(variable.variable) FROM variable AS variable INNER JOIN variable AS variable ON variable.variable = variable.variable WHERE variable.variable = variable AND variable.variable BETWEEN variable AND variable AND variable.variable LIKE variable,1
1254,"SELECT COUNT(variable.variable) FROM variable AS variable INNER JOIN variable AS variable ON variable.variable = variable.variable WHERE variable.variable = variable AND variable.variable IN (variable, variable)",1
1255,SELECT COUNT(variable.variable) FROM variable AS variable INNER JOIN variable AS variable ON variable.variable = variable.variable WHERE variable.variable = variable AND variable.variable IS NOT NULL,1
1256,SELECT COUNT(variable.variable) FROM variable AS variable INNER JOIN variable AS variable ON variable.variable = variable.variable WHERE variable.variable = variable AND variable.variable LIKE variable AND variable.variable = variable,1
1257,SELECT COUNT(variable.variable) FROM variable AS variable INNER JOIN variable AS variable ON variable.variable = variable.variable WHERE variable.variable = variable AND variable.variable LIKE variable AND variable.variable > variable,1
1258,SELECT COUNT(variable.variable) FROM variable AS variable INNER JOIN variable AS variable ON variable.variable = variable.variable WHERE variable.variable = variable OR variable.variable = variable,1
1259,SELECT COUNT(variable.variable) FROM variable AS variable INNER JOIN variable AS variable ON variable.variable = variable.variable WHERE variable.variable = variable ORDER BY variable.variable DESC LIMIT variable,1
1260,SELECT COUNT(variable.variable) FROM variable AS variable INNER JOIN variable AS variable ON variable.variable = variable.variable WHERE variable.variable = variable UNION ALL SELECT DISTINCT variable.variable FROM variable AS variable INNER JOIN variable AS variable ON variable.variable = variable.variable WHERE variable.variable = variable,1
1261,SELECT COUNT(variable.variable) FROM variable AS variable INNER JOIN variable AS variable ON variable.variable = variable.variable WHERE variable.variable = variable.variable,1
1262,SELECT COUNT(variable.variable) FROM variable AS variable INNER JOIN variable AS variable ON variable.variable = variable.variable WHERE variable.variable > variable,1
1263,"SELECT COUNT(variable.variable) FROM variable AS variable INNER JOIN variable AS variable ON variable.variable = variable.variable WHERE variable.variable > variable AND strftime(variable, variable.variable) = variable",1
1264,SELECT COUNT(variable.variable) FROM variable AS variable INNER JOIN variable AS variable ON variable.variable = variable.variable WHERE variable.variable > variable AND variable.variable < variable,1
1265,SELECT COUNT(variable.variable) FROM variable AS variable INNER JOIN variable AS variable ON variable.variable = variable.variable WHERE variable.variable >= variable AND variable.variable < variable AND variable.variable = variable,1
1266,SELECT COUNT(variable.variable) FROM variable AS variable INNER JOIN variable AS variable ON variable.variable = variable.variable WHERE variable.variable >= variable AND variable.variable = variable,1
1267,SELECT COUNT(variable.variable) FROM variable AS variable INNER JOIN variable AS variable ON variable.variable = variable.variable WHERE variable.variable BETWEEN variable AND variable AND variable.variable <= variable,1
1268,SELECT COUNT(variable.variable) FROM variable AS variable INNER JOIN variable AS variable ON variable.variable = variable.variable WHERE variable.variable BETWEEN variable AND variable AND variable.variable LIKE variable,1
1269,SELECT COUNT(variable.variable) FROM variable AS variable INNER JOIN variable AS variable ON variable.variable = variable.variable WHERE variable.variable IN ( SELECT variable FROM variable GROUP BY variable HAVING COUNT(variable) > variable ) AND variable.variable > variable,1
1270,"SELECT COUNT(variable.variable) FROM variable AS variable INNER JOIN variable AS variable ON variable.variable = variable.variable WHERE variable.variable IN (variable, variable)",1
1271,"SELECT COUNT(variable.variable) FROM variable AS variable INNER JOIN variable AS variable ON variable.variable = variable.variable WHERE variable.variable IN (variable, variable, variable) AND variable.variable LIKE variable AND variable.variable = variable",1
1272,"SELECT COUNT(variable.variable) FROM variable AS variable INNER JOIN variable AS variable ON variable.variable = variable.variable WHERE variable.variable IN (variable, variable, variable, variable) AND variable.variable = variable",1
1273,SELECT COUNT(variable.variable) FROM variable AS variable INNER JOIN variable AS variable ON variable.variable = variable.variable WHERE variable.variable IS NULL AND variable.variable BETWEEN variable AND variable,1
1274,SELECT COUNT(variable.variable) FROM variable AS variable INNER JOIN variable AS variable ON variable.variable = variable.variable WHERE variable.variable LIKE variable AND variable.variable < ( SELECT AVG(variable.variable) FROM variable AS variable INNER JOIN variable AS variable ON variable.variable = variable.variable WHERE variable.variable LIKE variable ),1
1275,SELECT COUNT(variable.variable) FROM variable AS variable INNER JOIN variable AS variable ON variable.variable = variable.variable WHERE variable.variable LIKE variable AND variable.variable = variable AND variable.variable = variable,1
1276,SELECT COUNT(variable.variable) FROM variable AS variable INNER JOIN variable AS variable ON variable.variable = variable.variable WHERE variable.variable LIKE variable AND variable.variable > variable,1
1277,"SELECT COUNT(variable.variable) FROM variable AS variable INNER JOIN variable AS variable ON variable.variable = variable.variable WHERE variable.variable NOT IN (variable, variable, variable)",1
1278,SELECT COUNT(variable.variable) FROM variable AS variable INNER JOIN variable AS variable USING (variable) INNER JOIN variable AS variable ON variable.variable = variable.variable WHERE variable.variable = variable AND variable.variable = variable,1
1279,SELECT COUNT(variable.variable) FROM variable AS variable INNER JOIN variable ON variable.variable = variable.variable INNER JOIN variable AS variable ON variable.variable = variable.variable WHERE variable.variable < variable AND variable.variable LIKE variable,1
1280,SELECT COUNT(variable.variable) FROM variable AS variable INNER JOIN variable ON variable.variable = variable.variable INNER JOIN variable AS variable ON variable.variable = variable.variable WHERE variable.variable = variable AND variable.variable LIKE variable,1
1281,SELECT COUNT(variable.variable) FROM variable AS variable INNER JOIN variable ON variable.variable = variable.variable INNER JOIN variable AS variable ON variable.variable = variable.variable WHERE variable.variable LIKE variable AND variable.variable < variable,1
1282,SELECT COUNT(variable.variable) FROM variable AS variable LEFT JOIN variable AS variable ON variable.variable = variable.variable INNER JOIN variable AS variable ON variable.variable = variable.variable,1
1283,SELECT COUNT(variable.variable) FROM variable AS variable LEFT JOIN variable AS variable ON variable.variable = variable.variable WHERE variable.variable = variable,1
1284,SELECT COUNT(variable.variable) FROM variable AS variable WHERE variable.variable = variable,1
1285,SELECT COUNT(variable.variable) FROM variable variable WHERE variable.variable = variable,1
1286,"SELECT COUNT(variable.variable), AVG(variable.variable) FROM variable AS variable INNER JOIN variable AS variable ON variable.variable = variable.variable WHERE variable.variable = variable",1
1287,"SELECT COUNT(variable.variable), AVG(variable.variable) FROM variable AS variable INNER JOIN variable AS variable ON variable.variable = variable.variable WHERE variable.variable = variable AND variable.variable = variable",1
1288,"SELECT COUNT(variable.variable), variable.`variable variable` FROM `variable variable` AS variable INNER JOIN `variable variable` AS variable ON variable.variable = variable.variable WHERE variable.variable LIKE variable AND variable.variable LIKE variable GROUP BY variable.`variable variable` ORDER BY COUNT(variable.variable) DESC LIMIT variable",1
1289,"SELECT COUNT(variable.variable), variable.`variable variable` FROM `variable variable` AS variable INNER JOIN `variable variable` AS variable ON variable.variable = variable.variable WHERE variable.variable LIKE variable GROUP BY variable.`variable variable` ORDER BY COUNT(variable.variable) DESC LIMIT variable",1
1290,"SELECT COUNT(variable.variable), variable.variable FROM variable AS variable INNER JOIN variable AS variable ON variable.variable = variable.variable WHERE variable.variable = variable AND variable.variable = variable AND variable.variable = variable",1
1291,"SELECT COUNT(variable.variable), variable.variable FROM variable AS variable INNER JOIN variable AS variable ON variable.variable = variable.variable WHERE variable.variable BETWEEN variable AND variable AND variable.variable = variable",1
1292,"SELECT COUNT(variable.variable), variable.variable, variable.variable FROM variable AS variable INNER JOIN variable AS variable ON variable.variable = variable.variable WHERE variable.variable = variable GROUP BY variable.variable, variable.variable",1
1293,SELECT DISTINCT (variable.variable / (variable - variable.variable)) * variable.variable - variable FROM variable AS variable INNER JOIN variable AS variable ON variable.`variable variable` = variable.`variable variable` INNER JOIN variable AS variable ON variable.`variable variable` = variable.`variable variable` WHERE variable.`variable variable` = variable AND variable.`variable variable` = variable AND variable.`Order variable` = variable,1
1294,SELECT DISTINCT CASE WHEN variable.variable = variable THEN variable ELSE variable END AS variable FROM variable AS variable INNER JOIN variable AS variable ON variable.variable = variable.variable INNER JOIN variable AS variable ON variable.variable = variable.variable WHERE variable.variable = variable,1
1295,SELECT DISTINCT CASE WHEN variable.variable LIKE variable THEN variable ELSE variable END FROM variable AS variable INNER JOIN variable AS variable ON variable.variable = variable.variable WHERE variable.variable = variable,1
1296,"SELECT DISTINCT SUBSTR(SUBSTR(variable, INSTR(variable, variable) + variable), variable, INSTR(SUBSTR(variable, INSTR(variable, variable) + variable), variable) - variable) variable FROM variable WHERE variable = variable",1
1297,"SELECT DISTINCT `variable variable`, `variable variable` FROM ( SELECT variable.`variable variable`, variable.`variable variable` , REPLACE(variable.`variable variable`, variable, variable) - REPLACE(variable.`variable variable`, variable, variable) AS variable FROM variable variable INNER JOIN `variable variable` variable ON variable.variable = variable.variable INNER JOIN variable variable ON variable.variable = variable.variable ) WHERE variable > variable",1
1298,"SELECT DISTINCT `variable variable`, variable FROM ( SELECT variable.`variable variable`, variable.variable , SUM(REPLACE(variable.`variable variable`, variable, variable) - REPLACE(variable.`variable variable`, variable, variable)) AS variable FROM `variable variable` variable INNER JOIN variable variable ON variable.variable = variable.variable WHERE variable.`variable variable` = variable GROUP BY variable.variable ) WHERE variable > variable",1
1299,"SELECT DISTINCT `variable variable`, variable, variable FROM `variable variable` WHERE variable = variable",1
1300,"SELECT DISTINCT strftime(variable, `variable variable`) - strftime(variable, `Order variable`) AS variable FROM variable WHERE `Order variable` = variable",1
1301,SELECT DISTINCT variable FROM ( SELECT CASE  WHEN `variable variable` = variable AND `variable variable` = variable THEN variable ELSE NULL END AS variable FROM `variable variable` ) WHERE variable IS NOT NULL,1
1302,SELECT DISTINCT variable FROM ( SELECT CASE  WHEN variable > variable THEN variable ELSE NULL END AS variable FROM `variable variable` ) WHERE variable IS NOT NULL,1
1303,"SELECT DISTINCT variable FROM ( SELECT variable(variable = variable, `variable variable`, NULL) AS variable FROM `variable variable` ) WHERE variable IS NOT NULL",1
1304,SELECT DISTINCT variable FROM variable AS variable INNER JOIN variable AS variable ON variable.variable = variable.variable WHERE variable = variable,1
1305,SELECT DISTINCT variable FROM variable GROUP BY variable HAVING AVG(variable) = variable,1
1306,SELECT DISTINCT variable FROM variable LIMIT variable,1
1307,SELECT DISTINCT variable FROM variable WHERE variable != variable,1
1308,SELECT DISTINCT variable FROM variable WHERE variable - variable < variable,1
1309,SELECT DISTINCT variable FROM variable WHERE variable - variable > variable,1
1310,SELECT DISTINCT variable FROM variable WHERE variable = variable AND variable = variable AND variable = variable AND variable = ( SELECT variable FROM variable GROUP BY variable ORDER BY SUM(variable) DESC LIMIT variable ),1
1311,SELECT DISTINCT variable FROM variable WHERE variable = variable AND variable IS NOT NULL,1
1312,SELECT DISTINCT variable FROM variable WHERE variable = variable GROUP BY variable ORDER BY COUNT(variable) DESC LIMIT variable,1
1313,SELECT DISTINCT variable FROM variable WHERE variable = variable;,1
1314,SELECT DISTINCT variable FROM variable WHERE variable > ( SELECT DISTINCT variable.variable FROM variable AS variable INNER JOIN variable AS variable ON variable.variable = variable.variable INNER JOIN variable AS variable ON variable.variable = variable.variable WHERE variable.variable = variable ),1
1315,SELECT DISTINCT variable FROM variable WHERE variable > variable AND `variable variable` = variable,1
1316,SELECT DISTINCT variable FROM variable WHERE variable >= variable AND variable < variable AND variable = variable,1
1317,"SELECT DISTINCT variable FROM variable WHERE variable IN ( SELECT variable FROM variable AS variable INNER JOIN variable AS variable ON variable.variable = variable.variable WHERE variable.variable IS NOT NULL GROUP BY variable.variable, variable.variable HAVING COUNT(*) > variable )",1
1318,SELECT DISTINCT variable FROM variable WHERE variable IS NOT NULL AND variable IS NOT NULL,1
1319,SELECT DISTINCT variable FROM variable WHERE variable LIKE variable AND variable > variable AND variable IS NOT NULL AND variable = variable,1
1320,"SELECT DISTINCT variable(COUNT(variable.variable) > variable, variable.`variable variable`, NULL) FROM `variable variable` AS variable INNER JOIN variable AS variable ON variable.variable = variable.variable WHERE variable.variable LIKE variable GROUP BY variable.variable HAVING COUNT(variable.variable)",1
1321,"SELECT DISTINCT variable, `variable variable` FROM ( SELECT variable(variable.variable = variable, variable.variable, NULL) AS variable , variable(variable.variable = variable, variable.`variable variable`, NULL) AS variable FROM variable variable INNER JOIN `variable variable` variable ON variable.variable = variable.variable ) WHERE variable IS NOT NULL AND `variable variable` IS NOT NULL",1
1322,"SELECT DISTINCT variable, `variable variable` FROM variable WHERE `variable variable` LIKE variable ORDER BY `variable variable` DESC",1
1323,"SELECT DISTINCT variable, variable FROM variable GROUP BY variable, variable ORDER BY COUNT(variable) DESC LIMIT variable",1
1324,"SELECT DISTINCT variable, variable FROM variable WHERE variable = ( SELECT MAX(variable) FROM variable )",1
1325,"SELECT DISTINCT variable, variable FROM variable WHERE variable = variable;",1
1326,"SELECT DISTINCT variable, variable FROM variable WHERE variable IN ( SELECT variable FROM variable WHERE CAST(SUBSTR(variable, -variable, variable) AS variable) < variable )",1
1327,"SELECT DISTINCT variable, variable, variable FROM variable LIMIT variable",1
1328,"SELECT DISTINCT variable, variable, variable.variable FROM variable AS variable INNER JOIN variable AS variable ON variable.variable = variable.variable INNER JOIN variable AS variable ON variable.variable = variable.variable WHERE variable.variable = variable AND variable.variable IS NOT NULL AND variable.variable = variable",1
1329,"SELECT DISTINCT variable, variable, variable.variable FROM variable AS variable INNER JOIN variable AS variable ON variable.variable = variable.variable INNER JOIN variable AS variable ON variable.variable = variable.variable WHERE variable.variable IS NOT NULL AND variable.variable IS NOT NULL AND variable.variable = variable AND variable.variable = variable",1
1330,SELECT DISTINCT variable.`Order variable` FROM variable AS variable INNER JOIN variable AS variable ON variable.`variable variable` = variable.`variable variable` WHERE variable.`variable variable` = variable AND variable.`Order variable` = variable,1
1331,SELECT DISTINCT variable.`variable variable` FROM `variable variable` AS variable INNER JOIN `variable variable` AS variable ON variable.variable = variable.variable WHERE variable.variable = variable AND variable.`Order variable` > variable,1
1332,SELECT DISTINCT variable.`variable variable` FROM variable AS variable INNER JOIN `variable variable` AS variable ON variable.variable = variable.variable INNER JOIN `variable variable` AS variable ON variable.variable = variable.variable WHERE variable.`variable variable` = variable,1
1333,SELECT DISTINCT variable.`variable variable` FROM variable AS variable INNER JOIN `variable variable` AS variable ON variable.variable = variable.variable WHERE variable.variable = variable AND variable.`variable variable` = variable,1
1334,"SELECT DISTINCT variable.`variable variable` FROM variable AS variable INNER JOIN variable AS variable ON variable.`variable variable` = variable.`variable variable` INNER JOIN variable AS variable ON variable.`variable variable` = variable.`variable variable` WHERE variable.`variable variable` = variable AND STRFTIME(variable, variable.`Order variable`) = variable",1
1335,"SELECT DISTINCT variable.`variable variable` FROM variable AS variable INNER JOIN variable AS variable ON variable.`variable variable` = variable.`variable variable` INNER JOIN variable AS variable ON variable.`variable variable` = variable.`variable variable` WHERE variable.`variable variable` = variable AND STRFTIME(variable, variable.`variable variable`) = variable",1
1336,SELECT DISTINCT variable.`variable variable` FROM variable AS variable INNER JOIN variable AS variable ON variable.`variable variable` = variable.`variable variable` INNER JOIN variable AS variable ON variable.`variable variable` = variable.`variable variable` WHERE variable.`variable variable` = variable AND variable.`Order variable` = variable AND variable.variable = variable,1
1337,SELECT DISTINCT variable.`variable variable` FROM variable AS variable INNER JOIN variable AS variable ON variable.`variable variable` = variable.`variable variable` INNER JOIN variable AS variable ON variable.`variable variable` = variable.`variable variable` WHERE variable.variable = variable,1
1338,SELECT DISTINCT variable.`variable variable` FROM variable AS variable INNER JOIN variable AS variable ON variable.`variable variable` = variable.`variable variable` INNER JOIN variable AS variable ON variable.`variable variable` = variable.`variable variable` WHERE variable.variable = variable AND variable.`variable variable` = variable,1
1339,"SELECT DISTINCT variable.`variable variable` FROM variable AS variable INNER JOIN variable AS variable ON variable.`variable variable` = variable.`variable variable` WHERE STRFTIME(variable, variable.`Order variable`) = variable GROUP BY variable.`variable variable` HAVING COUNT(variable.`variable variable`) > variable",1
1340,"SELECT DISTINCT variable.`variable variable` FROM variable AS variable INNER JOIN variable AS variable ON variable.`variable variable` = variable.`variable variable` WHERE strftime(variable, variable.`variable variable`) = variable",1
1341,SELECT DISTINCT variable.`variable variable` FROM variable AS variable INNER JOIN variable AS variable ON variable.`variable variable` = variable.`variable variable` WHERE variable.`Order variable` = variable,1
1342,SELECT DISTINCT variable.`variable variable` FROM variable AS variable INNER JOIN variable AS variable ON variable.`variable variable` = variable.`variable variable` WHERE variable.`Order variable` = variable AND variable.variable = variable,1
1343,SELECT DISTINCT variable.`variable variable` FROM variable AS variable INNER JOIN variable AS variable ON variable.`variable variable` = variable.`variable variable` WHERE variable.`Order variable` = variable AND variable.variable = variable AND variable.variable = variable,1
1344,SELECT DISTINCT variable.`variable variable` FROM variable AS variable INNER JOIN variable AS variable ON variable.`variable variable` = variable.`variable variable` WHERE variable.`variable variable` = variable,1
1345,SELECT DISTINCT variable.`variable variable` FROM variable AS variable INNER JOIN variable AS variable ON variable.`variable variable` = variable.`variable variable` WHERE variable.`variable variable` = variable AND variable.variable >= variable,1
1346,SELECT DISTINCT variable.`variable variable` FROM variable AS variable INNER JOIN variable AS variable ON variable.`variable variable` = variable.`variable variable` WHERE variable.variable = variable AND variable.`variable variable` = variable AND variable * variable.variable / ( SELECT AVG(variable) FROM variable ) > variable,1
1347,SELECT DISTINCT variable.`variable variable` FROM variable AS variable INNER JOIN variable AS variable ON variable.`variable variable` = variable.`variable variable` WHERE variable.variable = variable AND variable.`variable variable` = variable LIMIT variable,1
1348,SELECT DISTINCT variable.`variable variable` FROM variable AS variable INNER JOIN variable AS variable ON variable.`variable variable` = variable.`variable variable` WHERE variable.variable = variable AND variable.variable / (variable - variable.variable) * variable.variable - variable.variable > variable,1
1349,SELECT DISTINCT variable.`variable variable` FROM variable AS variable INNER JOIN variable AS variable ON variable.`variable variable` = variable.`variable variable` WHERE variable.variable = variable AND variable.variable < variable,1
1350,SELECT DISTINCT variable.`variable variable` FROM variable AS variable INNER JOIN variable AS variable ON variable.`variable variable` = variable.`variable variable` WHERE variable.variable = variable AND variable.variable = variable,1
1351,SELECT DISTINCT variable.`variable variable` FROM variable AS variable INNER JOIN variable AS variable ON variable.`variable variable` = variable.`variable variable` WHERE variable.variable = variable AND variable.variable > ( SELECT AVG(variable) * variable FROM variable ),1
1352,SELECT DISTINCT variable.`variable variable` FROM variable AS variable INNER JOIN variable AS variable ON variable.variable = variable.variable INNER JOIN variable AS variable ON variable.`variable variable` = variable.`variable variable` WHERE variable.variable BETWEEN variable AND variable AND variable.variable = variable,1
1353,SELECT DISTINCT variable.`variable variable` FROM variable AS variable INNER JOIN variable AS variable ON variable.variable = variable.variable WHERE variable.variable = variable AND variable.variable = variable,1
1354,SELECT DISTINCT variable.`variable variable` FROM variable AS variable INNER JOIN variable AS variable ON variable.variable = variable.variable WHERE variable.variable LIKE variable,1
1355,"SELECT DISTINCT variable.`variable variable`, variable.`variable variable` FROM variable AS variable INNER JOIN `variable variable` AS variable ON variable.variable = variable.variable INNER JOIN `variable variable` AS variable ON variable.variable = variable.variable INNER JOIN variable AS variable ON variable.variable = variable.variable WHERE variable.`variable variable` = variable AND variable.`variable variable` = variable",1
1356,"SELECT DISTINCT variable.`variable variable`, variable.`variable variable` FROM variable AS variable INNER JOIN variable AS variable ON variable.`variable variable` = variable.`variable variable` INNER JOIN variable AS variable ON variable.`variable variable` = variable.`variable variable` WHERE variable.`variable variable` = variable",1
1357,"SELECT DISTINCT variable.`variable variable`, variable.variable, variable.variable FROM variable AS variable INNER JOIN variable AS variable ON variable.`variable variable` = variable.`variable variable` INNER JOIN variable AS variable ON variable.`variable variable` = variable.`variable variable` WHERE variable.`variable variable` = variable",1
1358,SELECT DISTINCT variable.`variable-variable` FROM variable AS variable INNER JOIN variable AS variable ON variable.variable = variable.variable WHERE variable.variable = variable AND variable.variable = variable AND variable.variable = variable AND variable.variable = variable,1
1359,SELECT DISTINCT variable.variable / (variable - variable.variable) FROM variable AS variable INNER JOIN variable AS variable ON variable.`variable variable` = variable.`variable variable` INNER JOIN variable AS variable ON variable.`variable variable` = variable.`variable variable` WHERE variable.`variable variable` = variable AND variable.`variable variable` = variable AND variable.`Order variable` = variable,1
1360,"SELECT DISTINCT variable.variable FROM ( SELECT variable.variable, variable.variable, variable() OVER (PARTITION BY variable.variable ORDER BY variable.variable) AS variable FROM ( SELECT DISTINCT variable, STRFTIME(variable, `variable`) AS variable FROM variable AS variable INNER JOIN variable AS variable ON variable.variable = variable.variable WHERE variable.variable = variable ) AS variable ) AS variable GROUP BY variable.variable, variable(variable.variable || variable, variable || (variable.variable - variable) || variable) HAVING COUNT(variable.variable) = variable",1
1361,SELECT DISTINCT variable.variable FROM variable AS variable INNER JOIN `variable-variable` AS variable ON variable.variable = variable.variable WHERE variable.variable = variable,1
1362,SELECT DISTINCT variable.variable FROM variable AS variable INNER JOIN `variable` AS variable ON variable.variable = variable.variable INNER JOIN variable AS variable ON variable.variable = variable.variable INNER JOIN variable AS variable ON variable.variable = variable.variable WHERE variable.variable = variable AND variable.variable = variable AND variable.variable = variable,1
1363,SELECT DISTINCT variable.variable FROM variable AS variable INNER JOIN `variable` AS variable ON variable.variable = variable.variable WHERE variable.`variable` = variable AND variable.variable = variable,1
1364,SELECT DISTINCT variable.variable FROM variable AS variable INNER JOIN `variable` AS variable ON variable.variable = variable.variable WHERE variable.variable = variable AND variable.variable = variable AND variable.variable = variable,1
1365,SELECT DISTINCT variable.variable FROM variable AS variable INNER JOIN variable AS variable ON lower(variable.variable) = lower(variable.variable) WHERE variable.variable = CAST(variable AS variable),1
1366,SELECT DISTINCT variable.variable FROM variable AS variable INNER JOIN variable AS variable ON lower(variable.variable) = lower(variable.variable) WHERE variable.variable = variable,1
1367,SELECT DISTINCT variable.variable FROM variable AS variable INNER JOIN variable AS variable ON variable.`variable variable` = variable.`variable variable` INNER JOIN variable AS variable ON variable.`variable variable` = variable.`variable variable` LEFT JOIN variable AS variable ON variable.`variable variable` = variable.`variable variable` WHERE variable.`variable variable` = variable,1
1368,SELECT DISTINCT variable.variable FROM variable AS variable INNER JOIN variable AS variable ON variable.`variable variable` = variable.`variable variable` INNER JOIN variable AS variable ON variable.`variable variable` = variable.`variable variable` WHERE variable.`variable variable` = variable AND variable.`Order variable` = variable AND variable.variable = variable,1
1369,SELECT DISTINCT variable.variable FROM variable AS variable INNER JOIN variable AS variable ON variable.`variable variable` = variable.`variable variable` WHERE variable.`variable variable` = variable AND variable.`variable variable?` = variable,1
1370,SELECT DISTINCT variable.variable FROM variable AS variable INNER JOIN variable AS variable ON variable.`variable variable` = variable.`variable variable` WHERE variable.variable = variable AND variable.`Order variable` = variable,1
1371,SELECT DISTINCT variable.variable FROM variable AS variable INNER JOIN variable AS variable ON variable.`variable variable` = variable.`variable variable` WHERE variable.variable = variable AND variable.`variable variable` LIKE variable,1
1372,SELECT DISTINCT variable.variable FROM variable AS variable INNER JOIN variable AS variable ON variable.`variable` = variable.`variable`,1
1373,SELECT DISTINCT variable.variable FROM variable AS variable INNER JOIN variable AS variable ON variable.variable = variable.variable AND variable.variable = variable.variable INNER JOIN variable AS variable ON variable.variable = variable.variable AND variable.variable = variable.variable WHERE variable.variable = variable,1
1374,SELECT DISTINCT variable.variable FROM variable AS variable INNER JOIN variable AS variable ON variable.variable = variable.variable AND variable.variable = variable.variable INNER JOIN variable AS variable ON variable.variable = variable.variable WHERE variable.variable = variable,1
1375,SELECT DISTINCT variable.variable FROM variable AS variable INNER JOIN variable AS variable ON variable.variable = variable.variable AND variable.variable = variable.variable WHERE variable.variable = variable AND variable.variable = variable AND variable.variable BETWEEN variable AND variable,1
1376,SELECT DISTINCT variable.variable FROM variable AS variable INNER JOIN variable AS variable ON variable.variable = variable.variable AND variable.variable = variable.variable WHERE variable.variable = variable AND variable.variable BETWEEN variable AND variable ORDER BY variable.variable DESC LIMIT variable,1
1377,SELECT DISTINCT variable.variable FROM variable AS variable INNER JOIN variable AS variable ON variable.variable = variable.variable GROUP BY variable.variable ORDER BY SUM(variable.variable * variable.variable / variable) DESC LIMIT variable,1
1378,SELECT DISTINCT variable.variable FROM variable AS variable INNER JOIN variable AS variable ON variable.variable = variable.variable INNER JOIN variable AS variable ON variable.variable = variable.variable AND variable.variable = variable.variable WHERE variable.variable = variable AND variable.variable = variable LIMIT variable,1
1379,SELECT DISTINCT variable.variable FROM variable AS variable INNER JOIN variable AS variable ON variable.variable = variable.variable INNER JOIN variable AS variable ON variable.variable = variable.variable INNER JOIN variable AS variable ON variable.variable = variable.variable INNER JOIN variable AS variable ON variable.variable = variable.variable WHERE variable.variable = variable AND variable.variable = variable,1
1380,SELECT DISTINCT variable.variable FROM variable AS variable INNER JOIN variable AS variable ON variable.variable = variable.variable INNER JOIN variable AS variable ON variable.variable = variable.variable INNER JOIN variable AS variable ON variable.variable = variable.variable WHERE variable.variable < variable AND variable.variable = variable AND variable.variable = variable,1
1381,SELECT DISTINCT variable.variable FROM variable AS variable INNER JOIN variable AS variable ON variable.variable = variable.variable INNER JOIN variable AS variable ON variable.variable = variable.variable INNER JOIN variable AS variable ON variable.variable = variable.variable WHERE variable.variable = variable AND variable.variable = variable,1
1382,SELECT DISTINCT variable.variable FROM variable AS variable INNER JOIN variable AS variable ON variable.variable = variable.variable INNER JOIN variable AS variable ON variable.variable = variable.variable INNER JOIN variable AS variable ON variable.variable = variable.variable WHERE variable.variable = variable AND variable.variable = variable AND variable.variable = variable,1
1383,SELECT DISTINCT variable.variable FROM variable AS variable INNER JOIN variable AS variable ON variable.variable = variable.variable INNER JOIN variable AS variable ON variable.variable = variable.variable INNER JOIN variable AS variable ON variable.variable = variable.variable WHERE variable.variable = variable AND variable.variable = variable AND variable.variable = variable AND variable.variable = variable AND variable.variable BETWEEN variable AND variable AND variable.variable = variable,1
1384,SELECT DISTINCT variable.variable FROM variable AS variable INNER JOIN variable AS variable ON variable.variable = variable.variable INNER JOIN variable AS variable ON variable.variable = variable.variable INNER JOIN variable AS variable ON variable.variable = variable.variable WHERE variable.variable = variable AND variable.variable = variable AND variable.variable >= variable LIMIT variable,1
1385,SELECT DISTINCT variable.variable FROM variable AS variable INNER JOIN variable AS variable ON variable.variable = variable.variable INNER JOIN variable AS variable ON variable.variable = variable.variable INNER JOIN variable AS variable ON variable.variable = variable.variable WHERE variable.variable = variable GROUP BY variable.variable HAVING COUNT(variable) = variable,1
1386,SELECT DISTINCT variable.variable FROM variable AS variable INNER JOIN variable AS variable ON variable.variable = variable.variable INNER JOIN variable AS variable ON variable.variable = variable.variable INNER JOIN variable AS variable ON variable.variable = variable.variable WHERE variable.variable > variable,1
1387,SELECT DISTINCT variable.variable FROM variable AS variable INNER JOIN variable AS variable ON variable.variable = variable.variable INNER JOIN variable AS variable ON variable.variable = variable.variable INNER JOIN variable AS variable ON variable.variable = variable.variable WHERE variable.variable LIKE variable,1
1388,"SELECT DISTINCT variable.variable FROM variable AS variable INNER JOIN variable AS variable ON variable.variable = variable.variable INNER JOIN variable AS variable ON variable.variable = variable.variable WHERE CAST(REPLACE(trim(variable.variable, variable), variable, variable) AS variable) > variable",1
1389,"SELECT DISTINCT variable.variable FROM variable AS variable INNER JOIN variable AS variable ON variable.variable = variable.variable INNER JOIN variable AS variable ON variable.variable = variable.variable WHERE strftime(variable, variable.variable) = variable AND variable.variable = variable AND variable.variable = variable",1
1390,SELECT DISTINCT variable.variable FROM variable AS variable INNER JOIN variable AS variable ON variable.variable = variable.variable INNER JOIN variable AS variable ON variable.variable = variable.variable WHERE variable.`variable` = variable AND variable.variable = variable AND variable.variable = variable,1
1391,SELECT DISTINCT variable.variable FROM variable AS variable INNER JOIN variable AS variable ON variable.variable = variable.variable INNER JOIN variable AS variable ON variable.variable = variable.variable WHERE variable.variable * variable > variable AND variable.variable = variable,1
1392,SELECT DISTINCT variable.variable FROM variable AS variable INNER JOIN variable AS variable ON variable.variable = variable.variable INNER JOIN variable AS variable ON variable.variable = variable.variable WHERE variable.variable < variable AND variable.variable = variable,1
1393,SELECT DISTINCT variable.variable FROM variable AS variable INNER JOIN variable AS variable ON variable.variable = variable.variable INNER JOIN variable AS variable ON variable.variable = variable.variable WHERE variable.variable = ( SELECT variable FROM variable WHERE variable = variable ORDER BY variable DESC LIMIT variable ),1
1394,SELECT DISTINCT variable.variable FROM variable AS variable INNER JOIN variable AS variable ON variable.variable = variable.variable INNER JOIN variable AS variable ON variable.variable = variable.variable WHERE variable.variable = variable AND variable.variable * variable * variable < ( SELECT AVG(variable.variable * variable) * variable FROM variable AS variable INNER JOIN variable AS variable ON variable.variable = variable.variable WHERE variable.variable = variable ),1
1395,SELECT DISTINCT variable.variable FROM variable AS variable INNER JOIN variable AS variable ON variable.variable = variable.variable INNER JOIN variable AS variable ON variable.variable = variable.variable WHERE variable.variable = variable AND variable.variable * variable > ( SELECT AVG(variable) FROM variable ) * variable,1
1396,SELECT DISTINCT variable.variable FROM variable AS variable INNER JOIN variable AS variable ON variable.variable = variable.variable INNER JOIN variable AS variable ON variable.variable = variable.variable WHERE variable.variable = variable AND variable.variable * variable > ( SELECT AVG(variable) FROM variable WHERE variable = variable ) * variable,1
1397,SELECT DISTINCT variable.variable FROM variable AS variable INNER JOIN variable AS variable ON variable.variable = variable.variable INNER JOIN variable AS variable ON variable.variable = variable.variable WHERE variable.variable = variable AND variable.variable = variable AND variable.variable = variable AND variable.variable = variable AND variable.variable = variable,1
1398,SELECT DISTINCT variable.variable FROM variable AS variable INNER JOIN variable AS variable ON variable.variable = variable.variable INNER JOIN variable AS variable ON variable.variable = variable.variable WHERE variable.variable = variable AND variable.variable BETWEEN variable AND variable AND variable.variable = variable AND variable.variable = variable,1
1399,SELECT DISTINCT variable.variable FROM variable AS variable INNER JOIN variable AS variable ON variable.variable = variable.variable INNER JOIN variable AS variable ON variable.variable = variable.variable WHERE variable.variable = variable AND variable.variable LIKE variable,1
1400,SELECT DISTINCT variable.variable FROM variable AS variable INNER JOIN variable AS variable ON variable.variable = variable.variable INNER JOIN variable AS variable ON variable.variable = variable.variable WHERE variable.variable = variable LIMIT variable,1
1401,SELECT DISTINCT variable.variable FROM variable AS variable INNER JOIN variable AS variable ON variable.variable = variable.variable INNER JOIN variable AS variable ON variable.variable = variable.variable WHERE variable.variable > variable AND variable.variable BETWEEN variable AND variable,1
1402,SELECT DISTINCT variable.variable FROM variable AS variable INNER JOIN variable AS variable ON variable.variable = variable.variable INNER JOIN variable AS variable ON variable.variable = variable.variable WHERE variable.variable >= variable AND variable.variable < variable AND variable.variable = variable AND variable.variable = ( SELECT MAX(variable) FROM variable ),1
1403,SELECT DISTINCT variable.variable FROM variable AS variable INNER JOIN variable AS variable ON variable.variable = variable.variable INNER JOIN variable AS variable ON variable.variable = variable.variable WHERE variable.variable BETWEEN variable AND variable,1
1404,SELECT DISTINCT variable.variable FROM variable AS variable INNER JOIN variable AS variable ON variable.variable = variable.variable INNER JOIN variable AS variable ON variable.variable = variable.variable WHERE variable.variable LIKE variable AND variable.variable BETWEEN variable AND variable,1
1405,SELECT DISTINCT variable.variable FROM variable AS variable INNER JOIN variable AS variable ON variable.variable = variable.variable INNER JOIN variable AS variable ON variable.variable = variable.variable WHERE variable.variable LIKE variable AND variable.variable LIKE variable AND variable.variable LIKE variable,1
1406,SELECT DISTINCT variable.variable FROM variable AS variable INNER JOIN variable AS variable ON variable.variable = variable.variable ORDER BY (CAST(variable.variable * variable.variable AS variable) / variable) DESC LIMIT variable,1
1407,SELECT DISTINCT variable.variable FROM variable AS variable INNER JOIN variable AS variable ON variable.variable = variable.variable WHERE (variable.variable = variable OR variable.variable = variable) AND variable.variable = variable,1
1408,"SELECT DISTINCT variable.variable FROM variable AS variable INNER JOIN variable AS variable ON variable.variable = variable.variable WHERE STRFTIME(variable, variable.variable) = variable",1
1409,"SELECT DISTINCT variable.variable FROM variable AS variable INNER JOIN variable AS variable ON variable.variable = variable.variable WHERE STRFTIME(variable, variable.variable) = variable AND variable.variable < variable.variable",1
1410,"SELECT DISTINCT variable.variable FROM variable AS variable INNER JOIN variable AS variable ON variable.variable = variable.variable WHERE SUBSTR(CAST(variable.variable AS variable), INSTR(variable.variable, variable) + variable) - SUBSTR(CAST(variable.variable AS variable), INSTR(variable.variable, variable) - variable) <> SUBSTR(CAST(variable.variable AS variable), INSTR(variable.variable, variable) + variable) - SUBSTR(CAST(variable.variable AS variable), INSTR(variable.variable, variable) - variable)",1
1411,"SELECT DISTINCT variable.variable FROM variable AS variable INNER JOIN variable AS variable ON variable.variable = variable.variable WHERE SUBSTR(variable.variable, variable, variable) = variable AND variable.variable < variable;",1
1412,"SELECT DISTINCT variable.variable FROM variable AS variable INNER JOIN variable AS variable ON variable.variable = variable.variable WHERE SUBSTR(variable.variable, variable, variable) BETWEEN variable AND variable;",1
1413,"SELECT DISTINCT variable.variable FROM variable AS variable INNER JOIN variable AS variable ON variable.variable = variable.variable WHERE strftime(variable, variable.variable) = variable AND variable.variable = variable",1
1414,SELECT DISTINCT variable.variable FROM variable AS variable INNER JOIN variable AS variable ON variable.variable = variable.variable WHERE variable = ( SELECT variable FROM variable ORDER BY variable ASC LIMIT variable ),1
1415,SELECT DISTINCT variable.variable FROM variable AS variable INNER JOIN variable AS variable ON variable.variable = variable.variable WHERE variable = variable,1
1416,SELECT DISTINCT variable.variable FROM variable AS variable INNER JOIN variable AS variable ON variable.variable = variable.variable WHERE variable.variable != variable,1
1417,SELECT DISTINCT variable.variable FROM variable AS variable INNER JOIN variable AS variable ON variable.variable = variable.variable WHERE variable.variable * variable > variable,1
1418,SELECT DISTINCT variable.variable FROM variable AS variable INNER JOIN variable AS variable ON variable.variable = variable.variable WHERE variable.variable < ( SELECT AVG(variable) FROM variable ),1
1419,SELECT DISTINCT variable.variable FROM variable AS variable INNER JOIN variable AS variable ON variable.variable = variable.variable WHERE variable.variable < ( SELECT SUM(variable) / COUNT(variable) FROM variable ),1
1420,SELECT DISTINCT variable.variable FROM variable AS variable INNER JOIN variable AS variable ON variable.variable = variable.variable WHERE variable.variable < variable AND variable.variable = variable,1
1421,SELECT DISTINCT variable.variable FROM variable AS variable INNER JOIN variable AS variable ON variable.variable = variable.variable WHERE variable.variable = ( SELECT MAX(variable) FROM variable ),1
1422,SELECT DISTINCT variable.variable FROM variable AS variable INNER JOIN variable AS variable ON variable.variable = variable.variable WHERE variable.variable = ( SELECT MAX(variable) FROM variable ) LIMIT variable,1
1423,SELECT DISTINCT variable.variable FROM variable AS variable INNER JOIN variable AS variable ON variable.variable = variable.variable WHERE variable.variable = variable AND (variable.variable IS NULL OR variable.variable = variable),1
1424,"SELECT DISTINCT variable.variable FROM variable AS variable INNER JOIN variable AS variable ON variable.variable = variable.variable WHERE variable.variable = variable AND STRFTIME(variable, variable) = variable",1
1425,"SELECT DISTINCT variable.variable FROM variable AS variable INNER JOIN variable AS variable ON variable.variable = variable.variable WHERE variable.variable = variable AND strftime(variable, variable.variable) = variable",1
1426,"SELECT DISTINCT variable.variable FROM variable AS variable INNER JOIN variable AS variable ON variable.variable = variable.variable WHERE variable.variable = variable AND strftime(variable, variable.variable) = variable AND variable.variable > variable * ( SELECT AVG(variable) FROM variable )",1
1427,SELECT DISTINCT variable.variable FROM variable AS variable INNER JOIN variable AS variable ON variable.variable = variable.variable WHERE variable.variable = variable AND variable.`variable` = variable,1
1428,SELECT DISTINCT variable.variable FROM variable AS variable INNER JOIN variable AS variable ON variable.variable = variable.variable WHERE variable.variable = variable AND variable.variable != variable,1
1429,SELECT DISTINCT variable.variable FROM variable AS variable INNER JOIN variable AS variable ON variable.variable = variable.variable WHERE variable.variable = variable AND variable.variable <= variable,1
1430,SELECT DISTINCT variable.variable FROM variable AS variable INNER JOIN variable AS variable ON variable.variable = variable.variable WHERE variable.variable = variable AND variable.variable = ( SELECT MAX(variable) FROM variable ),1
1431,SELECT DISTINCT variable.variable FROM variable AS variable INNER JOIN variable AS variable ON variable.variable = variable.variable WHERE variable.variable = variable AND variable.variable = variable AND variable.variable != variable,1
1432,SELECT DISTINCT variable.variable FROM variable AS variable INNER JOIN variable AS variable ON variable.variable = variable.variable WHERE variable.variable = variable AND variable.variable = variable AND variable.variable <> variable,1
1433,SELECT DISTINCT variable.variable FROM variable AS variable INNER JOIN variable AS variable ON variable.variable = variable.variable WHERE variable.variable = variable AND variable.variable = variable AND variable.variable = ( SELECT MAX(variable.variable) FROM variable AS variable INNER JOIN variable AS variable ON variable.variable = variable.variable WHERE variable.variable = variable AND variable.variable = variable ),1
1434,SELECT DISTINCT variable.variable FROM variable AS variable INNER JOIN variable AS variable ON variable.variable = variable.variable WHERE variable.variable = variable AND variable.variable = variable AND variable.variable = variable AND variable.variable = variable;,1
1435,SELECT DISTINCT variable.variable FROM variable AS variable INNER JOIN variable AS variable ON variable.variable = variable.variable WHERE variable.variable = variable AND variable.variable = variable AND variable.variable = variable AND variable.variable LIKE variable,1
1436,SELECT DISTINCT variable.variable FROM variable AS variable INNER JOIN variable AS variable ON variable.variable = variable.variable WHERE variable.variable = variable AND variable.variable = variable AND variable.variable > variable;,1
1437,SELECT DISTINCT variable.variable FROM variable AS variable INNER JOIN variable AS variable ON variable.variable = variable.variable WHERE variable.variable = variable AND variable.variable = variable ORDER BY variable.variable,1
1438,SELECT DISTINCT variable.variable FROM variable AS variable INNER JOIN variable AS variable ON variable.variable = variable.variable WHERE variable.variable = variable AND variable.variable = variable ORDER BY variable.variable LIMIT variable,1
1439,SELECT DISTINCT variable.variable FROM variable AS variable INNER JOIN variable AS variable ON variable.variable = variable.variable WHERE variable.variable = variable AND variable.variable > variable,1
1440,SELECT DISTINCT variable.variable FROM variable AS variable INNER JOIN variable AS variable ON variable.variable = variable.variable WHERE variable.variable = variable AND variable.variable > variable AND variable.variable = variable,1
1441,SELECT DISTINCT variable.variable FROM variable AS variable INNER JOIN variable AS variable ON variable.variable = variable.variable WHERE variable.variable = variable AND variable.variable > variable AND variable.variable > variable AND variable.variable <= variable;,1
1442,SELECT DISTINCT variable.variable FROM variable AS variable INNER JOIN variable AS variable ON variable.variable = variable.variable WHERE variable.variable = variable AND variable.variable LIKE variable,1
1443,SELECT DISTINCT variable.variable FROM variable AS variable INNER JOIN variable AS variable ON variable.variable = variable.variable WHERE variable.variable = variable ORDER BY variable.variable DESC,1
1444,SELECT DISTINCT variable.variable FROM variable AS variable INNER JOIN variable AS variable ON variable.variable = variable.variable WHERE variable.variable > ( SELECT AVG(variable) FROM variable ),1
1445,SELECT DISTINCT variable.variable FROM variable AS variable INNER JOIN variable AS variable ON variable.variable = variable.variable WHERE variable.variable > variable * ( SELECT AVG(variable) FROM variable );,1
1446,SELECT DISTINCT variable.variable FROM variable AS variable INNER JOIN variable AS variable ON variable.variable = variable.variable WHERE variable.variable > variable AND variable.variable = variable,1
1447,SELECT DISTINCT variable.variable FROM variable AS variable INNER JOIN variable AS variable ON variable.variable = variable.variable WHERE variable.variable > variable AND variable.variable = variable AND variable.variable = variable AND variable.variable = variable,1
1448,SELECT DISTINCT variable.variable FROM variable AS variable INNER JOIN variable AS variable ON variable.variable = variable.variable WHERE variable.variable > variable AND variable.variable = variable AND variable.variable = variable;,1
1449,SELECT DISTINCT variable.variable FROM variable AS variable INNER JOIN variable AS variable ON variable.variable = variable.variable WHERE variable.variable > variable.variable / variable,1
1450,SELECT DISTINCT variable.variable FROM variable AS variable INNER JOIN variable AS variable ON variable.variable = variable.variable WHERE variable.variable >= variable AND variable.variable < variable AND variable.variable = variable AND variable.variable < variable,1
1451,SELECT DISTINCT variable.variable FROM variable AS variable INNER JOIN variable AS variable ON variable.variable = variable.variable WHERE variable.variable >= variable AND variable.variable <= variable,1
1452,SELECT DISTINCT variable.variable FROM variable AS variable INNER JOIN variable AS variable ON variable.variable = variable.variable WHERE variable.variable BETWEEN variable AND variable AND variable.variable = variable,1
1453,SELECT DISTINCT variable.variable FROM variable AS variable INNER JOIN variable AS variable ON variable.variable = variable.variable WHERE variable.variable BETWEEN variable AND variable AND variable.variable > variable;,1
1454,"SELECT DISTINCT variable.variable FROM variable AS variable INNER JOIN variable AS variable ON variable.variable = variable.variable WHERE variable.variable IN (variable, variable);",1
1455,SELECT DISTINCT variable.variable FROM variable AS variable INNER JOIN variable AS variable ON variable.variable = variable.variable WHERE variable.variable IS NOT NULL AND variable.variable IS NOT NULL,1
1456,SELECT DISTINCT variable.variable FROM variable AS variable INNER JOIN variable AS variable ON variable.variable = variable.variable WHERE variable.variable LIKE variable AND variable.variable = variable LIMIT variable,1
1457,SELECT DISTINCT variable.variable FROM variable AS variable INNER JOIN variable AS variable ON variable.variable = variable.variable WHERE variable.variable LIKE variable AND variable.variable = variable;,1
1458,"SELECT DISTINCT variable.variable, variable FROM variable AS variable INNER JOIN variable AS variable ON variable.variable = variable.variable WHERE variable.variable = variable",1
1459,"SELECT DISTINCT variable.variable, variable.`variable variable` FROM `variable variable` AS variable INNER JOIN `variable variable` AS variable ON variable.variable = variable.variable WHERE variable.`variable variable` = variable",1
1460,"SELECT DISTINCT variable.variable, variable.`variable variable` FROM `variable variable` AS variable INNER JOIN variable AS variable ON variable.variable = variable.variable WHERE variable.`variable variable` = variable",1
1461,"SELECT DISTINCT variable.variable, variable.`variable variable` FROM variable AS variable INNER JOIN `variable variable` AS variable ON variable.variable = variable.variable INNER JOIN `variable variable` AS variable ON variable.variable = variable.variable WHERE variable.`variable variable` = variable",1
1462,"SELECT DISTINCT variable.variable, variable.`variable variable`, variable.variable, variable.variable FROM variable AS variable INNER JOIN `variable variable` AS variable ON variable.variable = variable.variable WHERE variable.variable = variable OR variable.variable = variable",1
1463,"SELECT DISTINCT variable.variable, variable.variable FROM `variable variable` AS variable INNER JOIN variable AS variable ON variable.variable = variable.variable WHERE variable.`variable variable` = variable",1
1464,"SELECT DISTINCT variable.variable, variable.variable FROM variable AS variable INNER JOIN `variable variable` AS variable ON variable.variable = variable.variable WHERE variable.variable = variable",1
1465,"SELECT DISTINCT variable.variable, variable.variable FROM variable AS variable INNER JOIN `variable` AS variable ON variable.variable = variable.variable INNER JOIN variable AS variable ON variable.variable = variable.variable WHERE variable.variable = variable AND variable.variable = variable AND variable.variable LIKE variable",1
1466,"SELECT DISTINCT variable.variable, variable.variable FROM variable AS variable INNER JOIN variable AS variable ON variable.variable = variable.variable AND variable.variable = variable.variable INNER JOIN variable AS variable ON variable.variable = variable.variable WHERE variable.variable = variable GROUP BY variable.variable, variable.variable ORDER BY SUM(variable.variable) DESC LIMIT variable",1
1467,"SELECT DISTINCT variable.variable, variable.variable FROM variable AS variable INNER JOIN variable AS variable ON variable.variable = variable.variable GROUP BY variable.variable, variable.variable HAVING COUNT(variable.variable) > variable",1
1468,"SELECT DISTINCT variable.variable, variable.variable FROM variable AS variable INNER JOIN variable AS variable ON variable.variable = variable.variable GROUP BY variable.variable, variable.variable HAVING SUM(variable.variable) > variable",1
1469,"SELECT DISTINCT variable.variable, variable.variable FROM variable AS variable INNER JOIN variable AS variable ON variable.variable = variable.variable INNER JOIN ( SELECT variable, variable FROM variable WHERE variable = variable ORDER BY variable / (variable + variable) DESC LIMIT variable ) AS variable ON variable.variable = variable.variable AND variable.variable = variable.variable",1
1470,"SELECT DISTINCT variable.variable, variable.variable FROM variable AS variable INNER JOIN variable AS variable ON variable.variable = variable.variable INNER JOIN variable AS variable ON variable.variable = variable.variable INNER JOIN variable AS variable ON variable.variable = variable.variable INNER JOIN variable AS variable ON variable.variable = variable.variable WHERE variable.variable = ( SELECT MAX(variable) FROM variable )",1
1471,"SELECT DISTINCT variable.variable, variable.variable FROM variable AS variable INNER JOIN variable AS variable ON variable.variable = variable.variable INNER JOIN variable AS variable ON variable.variable = variable.variable INNER JOIN variable AS variable ON variable.variable = variable.variable WHERE variable.variable = variable AND variable.variable = variable AND strftime(variable, variable.variable) = variable",1
1472,"SELECT DISTINCT variable.variable, variable.variable FROM variable AS variable INNER JOIN variable AS variable ON variable.variable = variable.variable INNER JOIN variable AS variable ON variable.variable = variable.variable WHERE STRFTIME(variable, variable.variable) = variable ORDER BY variable.variable DESC LIMIT variable",1
1473,"SELECT DISTINCT variable.variable, variable.variable FROM variable AS variable INNER JOIN variable AS variable ON variable.variable = variable.variable INNER JOIN variable AS variable ON variable.variable = variable.variable WHERE variable.variable * variable < ( SELECT AVG(variable) FROM variable ) * variable",1
1474,"SELECT DISTINCT variable.variable, variable.variable FROM variable AS variable INNER JOIN variable AS variable ON variable.variable = variable.variable INNER JOIN variable AS variable ON variable.variable = variable.variable WHERE variable.variable < variable",1
1475,"SELECT DISTINCT variable.variable, variable.variable FROM variable AS variable INNER JOIN variable AS variable ON variable.variable = variable.variable INNER JOIN variable AS variable ON variable.variable = variable.variable WHERE variable.variable = variable AND variable * CAST(variable.variable AS variable) / ( SELECT AVG(variable) FROM variable ) > variable",1
1476,"SELECT DISTINCT variable.variable, variable.variable FROM variable AS variable INNER JOIN variable AS variable ON variable.variable = variable.variable INNER JOIN variable AS variable ON variable.variable = variable.variable WHERE variable.variable = variable AND variable.variable = variable AND strftime(variable, variable.variable) = variable",1
1477,"SELECT DISTINCT variable.variable, variable.variable FROM variable AS variable INNER JOIN variable AS variable ON variable.variable = variable.variable INNER JOIN variable AS variable ON variable.variable = variable.variable WHERE variable.variable = variable AND variable.variable = variable AND variable.variable = variable",1
1478,"SELECT DISTINCT variable.variable, variable.variable FROM variable AS variable INNER JOIN variable AS variable ON variable.variable = variable.variable INNER JOIN variable AS variable ON variable.variable = variable.variable WHERE variable.variable = variable AND variable.variable = variable AND variable.variable > ( SELECT AVG(variable) * variable FROM variable WHERE variable = variable AND variable = variable )",1
1479,"SELECT DISTINCT variable.variable, variable.variable FROM variable AS variable INNER JOIN variable AS variable ON variable.variable = variable.variable INNER JOIN variable AS variable ON variable.variable = variable.variable WHERE variable.variable = variable AND variable.variable >= variable AND variable.variable <= variable",1
1480,"SELECT DISTINCT variable.variable, variable.variable FROM variable AS variable INNER JOIN variable AS variable ON variable.variable = variable.variable INNER JOIN variable AS variable ON variable.variable = variable.variable WHERE variable.variable > variable * ( SELECT AVG(variable) FROM variable )",1
1481,"SELECT DISTINCT variable.variable, variable.variable FROM variable AS variable INNER JOIN variable AS variable ON variable.variable = variable.variable INNER JOIN variable AS variable ON variable.variable = variable.variable WHERE variable.variable > variable AND variable.variable = variable AND variable.variable = variable",1
1482,"SELECT DISTINCT variable.variable, variable.variable FROM variable AS variable INNER JOIN variable AS variable ON variable.variable = variable.variable ORDER BY variable.variable",1
1483,"SELECT DISTINCT variable.variable, variable.variable FROM variable AS variable INNER JOIN variable AS variable ON variable.variable = variable.variable WHERE strftime(variable, variable.variable) = variable AND variable.variable = variable",1
1484,"SELECT DISTINCT variable.variable, variable.variable FROM variable AS variable INNER JOIN variable AS variable ON variable.variable = variable.variable WHERE variable.variable * variable > ( SELECT AVG(variable) * variable FROM variable )",1
1485,"SELECT DISTINCT variable.variable, variable.variable FROM variable AS variable INNER JOIN variable AS variable ON variable.variable = variable.variable WHERE variable.variable < variable AND variable.variable = variable",1
1486,"SELECT DISTINCT variable.variable, variable.variable FROM variable AS variable INNER JOIN variable AS variable ON variable.variable = variable.variable WHERE variable.variable = ( SELECT MAX(variable) FROM variable )",1
1487,"SELECT DISTINCT variable.variable, variable.variable FROM variable AS variable INNER JOIN variable AS variable ON variable.variable = variable.variable WHERE variable.variable = variable AND (variable.variable = variable OR variable.variable = variable)",1
1488,"SELECT DISTINCT variable.variable, variable.variable FROM variable AS variable INNER JOIN variable AS variable ON variable.variable = variable.variable WHERE variable.variable = variable AND strftime(variable, variable.variable) >= variable",1
1489,"SELECT DISTINCT variable.variable, variable.variable FROM variable AS variable INNER JOIN variable AS variable ON variable.variable = variable.variable WHERE variable.variable = variable AND variable.variable != variable",1
1490,"SELECT DISTINCT variable.variable, variable.variable FROM variable AS variable INNER JOIN variable AS variable ON variable.variable = variable.variable WHERE variable.variable = variable AND variable.variable = ( SELECT MAX(variable.variable) FROM variable AS variable INNER JOIN variable AS variable ON variable.variable = variable.variable WHERE variable.variable = variable )",1
1491,"SELECT DISTINCT variable.variable, variable.variable FROM variable AS variable INNER JOIN variable AS variable ON variable.variable = variable.variable WHERE variable.variable = variable AND variable.variable = variable AND variable.variable = variable",1
1492,"SELECT DISTINCT variable.variable, variable.variable FROM variable AS variable INNER JOIN variable AS variable ON variable.variable = variable.variable WHERE variable.variable = variable AND variable.variable = variable AND variable.variable = variable AND variable.variable <> variable",1
1493,"SELECT DISTINCT variable.variable, variable.variable FROM variable AS variable INNER JOIN variable AS variable ON variable.variable = variable.variable WHERE variable.variable = variable AND variable.variable = variable AND variable.variable BETWEEN variable AND variable",1
1494,"SELECT DISTINCT variable.variable, variable.variable FROM variable AS variable INNER JOIN variable AS variable ON variable.variable = variable.variable WHERE variable.variable = variable AND variable.variable BETWEEN variable AND variable",1
1495,"SELECT DISTINCT variable.variable, variable.variable FROM variable AS variable INNER JOIN variable AS variable ON variable.variable = variable.variable WHERE variable.variable = variable AND variable.variable LIKE variable AND variable.variable = variable AND variable.variable > variable ORDER BY variable.variable ASC",1
1496,"SELECT DISTINCT variable.variable, variable.variable FROM variable AS variable INNER JOIN variable AS variable ON variable.variable = variable.variable WHERE variable.variable = variable;",1
1497,"SELECT DISTINCT variable.variable, variable.variable FROM variable AS variable INNER JOIN variable AS variable ON variable.variable = variable.variable WHERE variable.variable > ( SELECT AVG(variable.variable) FROM variable AS variable LEFT JOIN variable AS variable ON variable.variable = variable.variable )",1
1498,"SELECT DISTINCT variable.variable, variable.variable FROM variable AS variable INNER JOIN variable AS variable ON variable.variable = variable.variable WHERE variable.variable > variable AND variable.variable = variable",1
1499,"SELECT DISTINCT variable.variable, variable.variable FROM variable AS variable INNER JOIN variable AS variable ON variable.variable = variable.variable WHERE variable.variable > variable AND variable.variable = variable AND variable.variable BETWEEN variable AND variable",1
1500,"SELECT DISTINCT variable.variable, variable.variable FROM variable AS variable INNER JOIN variable AS variable ON variable.variable = variable.variable WHERE variable.variable >= variable AND variable.variable LIKE variable",1
1501,"SELECT DISTINCT variable.variable, variable.variable FROM variable AS variable INNER JOIN variable AS variable ON variable.variable = variable.variable WHERE variable.variable BETWEEN variable AND variable",1
1502,"SELECT DISTINCT variable.variable, variable.variable FROM variable AS variable INNER JOIN variable AS variable ON variable.variable = variable.variable WHERE variable.variable IS NOT NULL AND variable.variable = ( SELECT MIN(variable) FROM variable )",1
1503,"SELECT DISTINCT variable.variable, variable.variable FROM variable AS variable INNER JOIN variable AS variable ON variable.variable = variable.variable WHERE variable.variable LIKE variable",1
1504,"SELECT DISTINCT variable.variable, variable.variable FROM variable AS variable JOIN variable AS variable ON variable.variable = variable.variable WHERE variable.variable = variable AND variable.variable BETWEEN variable AND variable",1
1505,"SELECT DISTINCT variable.variable, variable.variable, COUNT(variable.variable) FROM variable AS variable INNER JOIN `variable` AS variable ON variable.variable = variable.variable WHERE variable.variable = -variable AND variable.variable = variable GROUP BY variable.variable, variable.variable, variable.variable, variable.variable",1
1506,"SELECT DISTINCT variable.variable, variable.variable, variable.variable FROM variable AS variable INNER JOIN ( SELECT variable, variable FROM variable WHERE CAST(variable AS variable) / variable > variable ) AS variable ON variable.variable = variable.variable",1
1507,"SELECT DISTINCT variable.variable, variable.variable, variable.variable FROM variable AS variable INNER JOIN `variable` AS variable ON variable.variable = variable.variable INNER JOIN variable AS variable ON variable.variable = variable.variable WHERE variable.variable = variable AND variable.variable = variable",1
1508,"SELECT DISTINCT variable.variable, variable.variable, variable.variable FROM variable AS variable INNER JOIN variable AS variable ON variable.variable = variable.variable INNER JOIN variable AS variable ON variable.variable = variable.variable INNER JOIN variable AS variable ON variable.variable = variable.variable WHERE variable.variable = variable AND variable.variable = variable AND variable.variable = variable AND variable.variable = variable",1
1509,"SELECT DISTINCT variable.variable, variable.variable, variable.variable FROM variable AS variable INNER JOIN variable AS variable ON variable.variable = variable.variable INNER JOIN variable AS variable ON variable.variable = variable.variable WHERE variable.variable = variable AND variable.variable = variable",1
1510,"SELECT DISTINCT variable.variable, variable.variable, variable.variable FROM variable AS variable INNER JOIN variable AS variable ON variable.variable = variable.variable INNER JOIN variable AS variable ON variable.variable = variable.variable WHERE variable.variable = variable ORDER BY variable.variable DESC LIMIT variable;",1
1511,"SELECT DISTINCT variable.variable, variable.variable, variable.variable FROM variable AS variable INNER JOIN variable AS variable ON variable.variable = variable.variable INNER JOIN variable AS variable ON variable.variable = variable.variable WHERE variable.variable > ( SELECT AVG(variable) FROM variable ) * variable",1
1512,"SELECT DISTINCT variable.variable, variable.variable, variable.variable FROM variable AS variable INNER JOIN variable AS variable ON variable.variable = variable.variable WHERE CAST(variable.variable AS variable) * variable / variable.variable > variable",1
1513,"SELECT DISTINCT variable.variable, variable.variable, variable.variable FROM variable AS variable INNER JOIN variable AS variable ON variable.variable = variable.variable WHERE variable.variable = variable AND strftime(variable, variable.variable) = variable",1
1514,"SELECT DISTINCT variable.variable, variable.variable, variable.variable FROM variable AS variable INNER JOIN variable AS variable ON variable.variable = variable.variable WHERE variable.variable = variable AND variable.`variable` = variable LIMIT variable",1
1515,"SELECT DISTINCT variable.variable, variable.variable, variable.variable FROM variable AS variable INNER JOIN variable AS variable ON variable.variable = variable.variable WHERE variable.variable = variable AND variable.variable != variable AND variable.variable != -variable LIMIT variable",1
1516,"SELECT DISTINCT variable.variable, variable.variable, variable.variable FROM variable AS variable INNER JOIN variable AS variable ON variable.variable = variable.variable WHERE variable.variable = variable AND variable.variable BETWEEN variable AND variable AND variable.variable = variable",1
1517,"SELECT DISTINCT variable.variable, variable.variable, variable.variable FROM variable AS variable INNER JOIN variable AS variable ON variable.variable = variable.variable WHERE variable.variable = variable AND variable.variable LIKE variable",1
1518,"SELECT DISTINCT variable.variable, variable.variable, variable.variable FROM variable AS variable INNER JOIN variable AS variable ON variable.variable = variable.variable WHERE variable.variable = variable ORDER BY variable.variable DESC LIMIT variable",1
1519,"SELECT DISTINCT variable.variable, variable.variable, variable.variable FROM variable AS variable INNER JOIN variable AS variable ON variable.variable = variable.variable WHERE variable.variable = variable;",1
1520,"SELECT DISTINCT variable.variable, variable.variable, variable.variable FROM variable AS variable INNER JOIN variable AS variable ON variable.variable = variable.variable WHERE variable.variable > ( SELECT CAST(SUM(variable) AS variable) / COUNT(variable) FROM variable )",1
1521,"SELECT DISTINCT variable.variable, variable.variable, variable.variable FROM variable AS variable INNER JOIN variable AS variable ON variable.variable = variable.variable WHERE variable.variable LIKE variable AND variable.variable < ( SELECT CAST(SUM(variable.variable) AS variable) / COUNT(variable.variable) FROM variable AS variable INNER JOIN variable AS variable ON variable.variable = variable.variable )",1
1522,"SELECT DISTINCT variable.variable, variable.variable, variable.variable, variable.variable FROM variable AS variable INNER JOIN variable AS variable ON variable.variable = variable.variable INNER JOIN variable AS variable ON variable.variable = variable.variable WHERE variable.variable = variable",1
1523,"SELECT DISTINCT variable.variable, variable.variable, variable.variable, variable.variable FROM variable AS variable INNER JOIN variable AS variable ON variable.variable = variable.variable WHERE variable.variable = variable;",1
1524,"SELECT DISTINCT variable.variable, variable.variable, variable.variable, variable.variable FROM variable AS variable INNER JOIN variable AS variable ON variable.variable = variable.variable WHERE variable.variable > variable AND variable = variable",1
1525,"SELECT DISTINCT variable.variable, variable.variable, variable.variable, variable.variable, variable.variable FROM variable AS variable INNER JOIN variable AS variable ON variable.variable = variable.variable INNER JOIN variable AS variable ON variable.variable = variable.variable INNER JOIN variable AS variable ON variable.variable = variable.variable INNER JOIN variable AS variable ON variable.variable = variable.variable WHERE variable.variable = variable",1
1526,"SELECT DISTINCT variable.variable,variable.variable FROM variable AS variable INNER JOIN variable AS variable ON variable.variable = variable.variable WHERE variable.variable = variable AND variable.variable = variable",1
1527,"SELECT MAX(strftime(variable, `variable variable`) - strftime(variable, `Order variable`)) AS variable FROM variable AS variable INNER JOIN variable AS variable ON variable.`variable variable` = variable.`variable variable` WHERE variable.`variable variable` = variable",1
1528,SELECT MAX(variable * variable) - AVG(variable) FROM variable WHERE variable IN ( SELECT variable FROM variable WHERE variable = variable ),1
1529,SELECT MAX(variable) - MIN(variable) + variable FROM variable WHERE variable = variable,1
1530,SELECT MAX(variable) - MIN(variable) FROM variable;,1
1531,SELECT MAX(variable) FROM variable ORDER BY variable DESC LIMIT variable,1
1532,SELECT MAX(variable) FROM variable WHERE variable LIKE variable AND variable LIKE variable,1
1533,"SELECT MAX(variable), CAST(MAX(variable) AS variable) / variable FROM variable",1
1534,SELECT MAX(variable.variable / variable.variable) FROM variable AS variable INNER JOIN variable AS variable ON variable.variable = variable.variable WHERE variable.variable < variable,1
1535,SELECT MAX(variable.variable) - MIN(variable.variable) FROM variable AS variable INNER JOIN variable AS variable ON variable.variable = variable.variable INNER JOIN variable AS variable ON variable.variable = variable.variable WHERE variable.variable = variable,1
1536,SELECT MAX(variable.variable) - MIN(variable.variable) FROM variable AS variable INNER JOIN variable AS variable ON variable.variable = variable.variable WHERE variable.variable = variable AND variable.variable = variable,1
1537,SELECT MAX(variable.variable) - SUM(variable.variable) / COUNT(variable.variable) FROM variable AS variable INNER JOIN variable AS variable ON variable.variable = variable.variable INNER JOIN variable AS variable ON variable.variable = variable.variable WHERE variable.variable = variable AND variable.variable = variable,1
1538,SELECT MAX(variable.variable) FROM variable AS variable INNER JOIN variable AS variable ON variable.`variable variable` = variable.`variable variable` WHERE variable.`variable variable` = variable,1
1539,SELECT MAX(variable.variable) FROM variable AS variable INNER JOIN variable AS variable ON variable.`variable variable` = variable.`variable variable` WHERE variable.variable = variable,1
1540,SELECT MAX(variable.variable) FROM variable AS variable INNER JOIN variable AS variable ON variable.variable = variable.variable,1
1541,SELECT MAX(variable.variable) FROM variable AS variable INNER JOIN variable AS variable ON variable.variable = variable.variable AND variable.variable = variable.variable WHERE variable.variable BETWEEN variable AND variable AND variable.variable = variable,1
1542,SELECT MAX(variable.variable) FROM variable AS variable INNER JOIN variable AS variable ON variable.variable = variable.variable INNER JOIN variable AS variable ON variable.variable = variable.variable WHERE variable.variable = variable,1
1543,SELECT MAX(variable.variable) FROM variable AS variable INNER JOIN variable AS variable ON variable.variable = variable.variable INNER JOIN variable AS variable ON variable.variable = variable.variable WHERE variable.variable IS NOT NULL,1
1544,SELECT MAX(variable.variable) FROM variable AS variable INNER JOIN variable AS variable ON variable.variable = variable.variable WHERE variable.variable = variable AND variable.variable = variable AND variable.variable = variable,1
1545,SELECT MAX(variable.variable) FROM variable AS variable INNER JOIN variable AS variable ON variable.variable = variable.variable WHERE variable.variable > variable,1
1546,SELECT MAX(variable.variable) FROM variable AS variable INNER JOIN variable AS variable ON variable.variable = variable.variable WHERE variable.variable >= variable AND variable.variable < variable AND variable.variable LIKE variable AND variable.variable = variable,1
1547,"SELECT MAX(variable.variable), MIN(variable.variable) , ( SELECT variable.variable FROM variable AS variable INNER JOIN variable AS variable ON variable.variable = variable.variable WHERE variable.variable = variable ORDER BY variable.variable LIMIT variable ) AS variable FROM variable AS variable INNER JOIN variable AS variable ON variable.variable = variable.variable WHERE variable.variable = variable",1
1548,"SELECT MAX(variable.variable), MIN(variable.variable) FROM variable AS variable INNER JOIN variable AS variable ON variable.variable = variable.variable WHERE variable.variable BETWEEN variable AND variable AND variable.variable = variable AND variable.variable = variable",1
1549,"SELECT MAX(variable.variable), variable.variable FROM variable AS variable INNER JOIN variable AS variable ON variable.variable = variable.variable WHERE variable.variable = variable AND variable.variable = variable",1
1550,"SELECT MAX(variable.variable), variable.variable FROM variable AS variable INNER JOIN variable AS variable ON variable.variable = variable.variable WHERE variable.variable = variable AND variable.variable > variable GROUP BY variable.variable",1
1551,"SELECT MIN(CAST(variable AS variable) / (variable * variable)) , MAX(CAST(variable AS variable) / (variable * variable)) FROM variable",1
1552,SELECT MIN(variable) FROM variable,1
1553,SELECT MIN(variable) FROM variable AS variable INNER JOIN variable AS variable ON variable.variable = variable.variable WHERE variable.variable = variable AND variable.`variable` LIKE variable,1
1554,SELECT MIN(variable) FROM variable WHERE `variable variable` = variable,1
1555,SELECT MIN(variable) FROM variable WHERE variable + variable > variable,1
1556,SELECT MIN(variable) FROM variable WHERE variable <> variable,1
1557,"SELECT MIN(variable.variable) FROM variable AS variable INNER JOIN variable AS variable ON variable.variable = variable.variable WHERE variable.variable = variable AND strftime(variable, variable.variable) = variable",1
1558,SELECT MIN(variable.variable) FROM variable AS variable INNER JOIN variable AS variable ON variable.variable = variable.variable WHERE variable.variable = variable AND variable.variable = variable,1
1559,SELECT MIN(variable.variable) FROM variable variable,1
1560,"SELECT MIN(variable.variable), variable.variable FROM variable AS variable INNER JOIN variable AS variable ON variable.variable = variable.variable WHERE variable.variable = variable",1
1561,"SELECT MIN(variable.variable), variable.variable FROM variable AS variable INNER JOIN variable AS variable ON variable.variable = variable.variable WHERE variable.variable LIKE variable AND variable.variable = variable AND variable.variable = -variable",1
1562,SELECT Min FROM variable WHERE variable = variable AND variable = variable,1
1563,"SELECT STRFTIME(variable, variable) FROM variable GROUP BY STRFTIME(variable, variable) ORDER BY COUNT(variable) DESC LIMIT variable",1
1564,"SELECT STRFTIME(variable, variable.`variable variable`) , CAST(SUM(CASE WHEN variable.`variable variable variable variable` = variable THEN variable ELSE variable END) AS variable) / COUNT(variable.`variable variable`) AS variable FROM variable AS variable INNER JOIN variable AS variable ON variable.`variable variable` = variable.variable INNER JOIN variable AS variable ON variable.`variable variable` = variable.`variable variable` WHERE variable.variable = variable GROUP BY strftime(variable, variable.`variable variable`)",1
1565,"SELECT STRFTIME(variable, variable.variable) FROM variable AS variable INNER JOIN variable AS variable ON variable.variable = variable.variable INNER JOIN variable AS variable ON variable.variable = variable.variable INNER JOIN variable AS variable ON variable.variable = variable.variable WHERE variable.variable = variable GROUP BY STRFTIME(variable, variable.variable) ORDER BY COUNT(variable.variable) DESC LIMIT variable",1
1566,"SELECT STRFTIME(variable, variable.variable), COUNT(variable.variable) FROM variable AS variable WHERE variable.variable < variable GROUP BY STRFTIME(variable, variable.variable)",1
1567,"SELECT SUBSTR(CAST(variable AS variable), -variable) FROM variable GROUP BY SUBSTR(CAST(variable AS variable), -variable) ORDER BY SUM(CASE WHEN variable LIKE variable OR variable LIKE variable THEN variable ELSE variable END) DESC LIMIT variable",1
1568,"SELECT SUBSTR(CAST(variable.variable AS variable), INSTR(variable.variable, variable), -variable) FROM variable AS variable INNER JOIN variable AS variable ON variable.variable = variable.variable WHERE variable.variable = variable GROUP BY variable.variable ORDER BY COUNT(variable.variable) DESC LIMIT variable",1
1569,"SELECT SUBSTR(variable, INSTR(variable, variable) + variable, variable(variable) - INSTR(variable, variable)) AS variable FROM variable GROUP BY SUBSTR(variable, INSTR(variable, variable) + variable, variable(variable) - INSTR(variable, variable)) ORDER BY COUNT(*) DESC LIMIT variable",1
1570,"SELECT SUBSTR(variable.variable, variable, variable) + variable - SUBSTR(variable.variable, variable, variable) AS variable FROM variable AS variable INNER JOIN variable AS variable ON variable.variable = variable.variable WHERE variable.variable = variable AND variable.variable = variable",1
1571,"SELECT SUM((variable.variable / (variable - variable.variable)) * variable.variable - variable.variable) AS variable FROM variable AS variable INNER JOIN variable AS variable ON variable.`variable variable` = variable.`variable variable` INNER JOIN variable AS variable ON variable.`variable variable` = variable.`variable variable` AND variable.variable = variable.variable WHERE variable.variable = variable AND variable.`variable variable` = variable AND strftime(variable, variable.`Order variable`) = variable",1
1572,"SELECT SUM(CASE WHEN SUBSTR(variable, variable, variable) = variable THEN variable ELSE variable END) FROM `variable` WHERE SUBSTR(variable, variable, variable) = variable",1
1573,SELECT SUM(CASE WHEN `Order variable` = variable AND `variable variable` = variable THEN variable ELSE variable END) FROM `variable variable`,1
1574,SELECT SUM(CASE WHEN `variable-variable`.variable LIKE variable THEN variable ELSE variable END) - ( SELECT SUM(CASE WHEN variable LIKE variable THEN variable ELSE variable END) FROM `variable-variable` ) FROM `variable-variable`,1
1575,SELECT SUM(CASE WHEN `variable` = variable THEN variable ELSE variable END) - SUM(CASE WHEN `variable` = variable THEN variable ELSE variable END) FROM variable,1
1576,"SELECT SUM(CASE WHEN strftime(variable, variable.variable) = variable THEN variable.variable END) - SUM(CASE WHEN strftime(variable, variable.variable) = variable THEN variable.variable END) AS variable , variable.variable FROM variable AS variable INNER JOIN variable AS variable ON variable.variable = variable.variable WHERE variable.variable = variable AND variable.variable = variable AND variable.variable = variable",1
1577,SELECT SUM(CASE WHEN variable < variable AND variable = variable AND `variable variable` = variable THEN variable ELSE variable END) FROM `variable variable`,1
1578,SELECT SUM(CASE WHEN variable < variable THEN variable ELSE variable END) FROM variable WHERE variable != variable,1
1579,SELECT SUM(CASE WHEN variable <= variable THEN variable ELSE variable END) * variable / COUNT(*) FROM variable WHERE variable = variable AND (variable != variable OR variable IS NULL),1
1580,SELECT SUM(CASE WHEN variable = ( SELECT variable FROM variable WHERE variable = variable ) THEN variable ELSE variable END) FROM `variable`,1
1581,"SELECT SUM(CASE WHEN variable = variable AND SUBSTR(variable, -variable) < variable THEN variable ELSE variable END) variable FROM variable",1
1582,"SELECT SUM(CASE WHEN variable = variable AND SUBSTR(variable, -variable) = variable THEN variable ELSE variable END) FROM variable UNION SELECT variable FROM variable WHERE variable = variable AND SUBSTR(variable, -variable) = variable",1
1583,SELECT SUM(CASE WHEN variable = variable AND variable = variable THEN variable ELSE variable END) FROM `variable variable`,1
1584,"SELECT SUM(CASE WHEN variable = variable OR variable = variable THEN variable ELSE variable END) FROM `variable` WHERE SUBSTR(variable, variable, variable) = variable",1
1585,SELECT SUM(CASE WHEN variable = variable THEN variable ELSE variable END) * variable / COUNT(variable) variable FROM variable WHERE variable = variable,1
1586,"SELECT SUM(CASE WHEN variable = variable THEN variable ELSE variable END) , SUM(CASE WHEN variable = variable THEN variable ELSE variable END) - SUM(CASE WHEN variable = variable THEN variable ELSE variable END) AS variable FROM variable",1
1587,SELECT SUM(CASE WHEN variable = variable THEN variable ELSE variable END) - SUM(CASE WHEN variable = variable THEN variable ELSE variable END) AS variable FROM variable WHERE variable = variable,1
1588,SELECT SUM(CASE WHEN variable = variable THEN variable ELSE variable END) - SUM(CASE WHEN variable = variable THEN variable ELSE variable END) AS variable FROM variable WHERE variable > variable,1
1589,SELECT SUM(CASE WHEN variable = variable THEN variable ELSE variable END) - SUM(CASE WHEN variable = variable THEN variable ELSE variable END) FROM variable,1
1590,"SELECT SUM(CASE WHEN variable = variable THEN variable ELSE variable END) AS variable , SUM(CASE WHEN variable = variable THEN variable ELSE variable END) AS variable , SUM(CASE WHEN variable = variable THEN variable ELSE variable END) AS variable FROM variable WHERE variable = variable AND variable = variable",1
1591,"SELECT SUM(CASE WHEN variable = variable THEN variable ELSE variable END) AS variable , SUM(CASE WHEN variable = variable THEN variable ELSE variable END) AS variable FROM variable WHERE variable = variable",1
1592,SELECT SUM(CASE WHEN variable = variable THEN variable ELSE variable END) FROM `variable` AS variable INNER JOIN variable AS variable ON variable.variable = variable.variable WHERE variable BETWEEN variable AND variable,1
1593,SELECT SUM(CASE WHEN variable = variable THEN variable ELSE variable END) FROM variable WHERE variable LIKE variable AND variable = variable AND variable = variable,1
1594,"SELECT SUM(CASE WHEN variable = variable THEN variable ELSE variable END), SUM(CASE WHEN variable = variable THEN variable ELSE variable END) variable FROM variable WHERE variable = variable",1
1595,"SELECT SUM(CASE WHEN variable > variable THEN variable ELSE variable END) AS variable FROM variable AS variable INNER JOIN variable AS variable ON variable.variable = variable.variable INNER JOIN variable AS variable ON variable.variable = variable.variable WHERE variable.variable = variable AND SUBSTR(variable.`variable`, variable, variable) = variable AND variable.variable = variable AND variable > variable",1
1596,SELECT SUM(CASE WHEN variable LIKE variable THEN variable ELSE variable END) FROM `variable`,1
1597,SELECT SUM(CASE WHEN variable LIKE variable THEN variable ELSE variable END) FROM `variable` AS variable INNER JOIN variable AS variable ON variable.variable = variable.variable WHERE variable.variable = variable,1
1598,SELECT SUM(CASE WHEN variable LIKE variable THEN variable ELSE variable END) FROM variable WHERE variable = variable,1
1599,SELECT SUM(CASE WHEN variable.`Order variable` > variable AND variable.`variable variable` = variable THEN variable ELSE variable END) FROM `variable variable` AS variable INNER JOIN variable AS variable ON variable.variable = variable.variable,1
1600,SELECT SUM(CASE WHEN variable.`variable variable` = variable AND variable.`variable variable` = variable AND variable.variable LIKE variable THEN variable ELSE variable END) FROM `variable variable` AS variable INNER JOIN variable AS variable ON variable.variable = variable.variable,1
1601,SELECT SUM(CASE WHEN variable.`variable variable` = variable AND variable.`variable variable` = variable THEN variable ELSE variable END) FROM `variable variable` AS variable INNER JOIN variable AS variable ON variable.variable = variable.variable,1
1602,"SELECT SUM(CASE WHEN variable.`variable variable` = variable THEN variable ELSE variable END) AS variable , SUM(CASE WHEN variable.`variable variable` = variable THEN variable ELSE variable END) AS variable FROM `variable variable` AS variable INNER JOIN variable AS variable ON variable.variable = variable.variable",1
1603,SELECT SUM(CASE WHEN variable.`variable variable` = variable THEN variable ELSE variable END) FROM `variable variable` AS variable INNER JOIN `variable variable` AS variable ON variable.variable = variable.variable,1
1604,SELECT SUM(CASE WHEN variable.`variable variable` = variable THEN variable ELSE variable END) FROM variable AS variable INNER JOIN `variable variable` AS variable ON variable.variable = variable.variable,1
1605,"SELECT SUM(CASE WHEN variable.`variable variable` = variable THEN variable ELSE variable END), SUM(CASE WHEN variable.`variable variable` = variable THEN variable ELSE variable END) FROM `variable variable` AS variable INNER JOIN variable AS variable ON variable.variable = variable.variable",1
1606,"SELECT SUM(CASE WHEN variable.`variable variable` = variable THEN variable.`Order variable` ELSE variable END), CAST(SUM(CASE WHEN variable.`variable variable` = variable THEN variable.`Order variable` ELSE variable END) AS variable) * variable / SUM(variable.`Order variable`) FROM variable AS variable INNER JOIN `variable variable` AS variable ON variable.variable = variable.variable INNER JOIN `variable variable` AS variable ON variable.variable = variable.variable",1
1607,SELECT SUM(CASE WHEN variable.variable < variable THEN variable ELSE variable END) - SUM(CASE WHEN variable.variable > variable THEN variable ELSE variable END) AS variable FROM variable AS variable INNER JOIN variable AS variable ON variable.variable = variable.variable WHERE variable.variable < variable,1
1608,SELECT SUM(CASE WHEN variable.variable < variable THEN variable ELSE variable END) AS variable FROM variable AS variable INNER JOIN variable AS variable ON variable.variable = variable.variable INNER JOIN `variable variable` AS variable ON variable.variable = variable.variable WHERE variable.variable = variable AND variable.variable = variable,1
1609,SELECT SUM(CASE WHEN variable.variable < variable THEN variable ELSE variable END) AS variable FROM variable AS variable INNER JOIN variable AS variable ON variable.variable = variable.variable WHERE variable.variable = variable,1
1610,SELECT SUM(CASE WHEN variable.variable < variable THEN variable ELSE variable END) FROM variable AS variable INNER JOIN variable AS variable ON variable.variable = variable.variable WHERE variable.variable = variable,1
1611,SELECT SUM(CASE WHEN variable.variable = variable AND variable LIKE variable THEN variable ELSE variable END) FROM `variable variable` AS variable INNER JOIN `variable variable` AS variable ON variable.variable = variable.variable,1
1612,SELECT SUM(CASE WHEN variable.variable = variable AND variable.`variable variable` = variable THEN variable ELSE variable END) FROM `variable variable` AS variable INNER JOIN `variable variable` AS variable ON variable.variable = variable.variable,1
1613,"SELECT SUM(CASE WHEN variable.variable = variable THEN variable ELSE NULL END) / COUNT(CASE WHEN variable.variable = variable THEN variable ELSE variable END) AS variable , SUM(CASE WHEN variable = variable THEN variable ELSE NULL END) / COUNT(CASE WHEN variable = variable THEN variable ELSE NULL END) AS variable FROM variable AS variable INNER JOIN variable AS variable ON variable.variable = variable.variable WHERE variable.variable IN (variable, variable)",1
1614,"SELECT SUM(CASE WHEN variable.variable = variable THEN variable ELSE variable END) , SUM(CASE WHEN variable.variable = variable THEN variable ELSE variable END) FROM variable AS variable INNER JOIN variable AS variable ON variable.variable = variable.variable",1
1615,SELECT SUM(CASE WHEN variable.variable = variable THEN variable ELSE variable END) - SUM(CASE WHEN variable.variable = variable THEN variable ELSE variable END) AS variable FROM variable AS variable INNER JOIN variable AS variable ON variable.variable = variable.variable,1
1616,SELECT SUM(CASE WHEN variable.variable = variable THEN variable ELSE variable END) - SUM(CASE WHEN variable.variable = variable THEN variable ELSE variable END) AS variable FROM variable AS variable INNER JOIN variable AS variable ON variable.variable = variable.variable INNER JOIN variable AS variable ON variable.variable = variable.variable WHERE variable.variable = variable AND variable.variable = variable,1
1617,SELECT SUM(CASE WHEN variable.variable = variable THEN variable ELSE variable END) - SUM(CASE WHEN variable.variable = variable THEN variable ELSE variable END) AS variable FROM variable AS variable INNER JOIN variable AS variable ON variable.variable = variable.variable WHERE variable.variable = variable,1
1618,SELECT SUM(CASE WHEN variable.variable = variable THEN variable ELSE variable END) - SUM(CASE WHEN variable.variable = variable THEN variable ELSE variable END) FROM `variable` AS variable INNER JOIN variable AS variable ON variable.variable = variable.variable,1
1619,"SELECT SUM(CASE WHEN variable.variable = variable THEN variable ELSE variable END) - SUM(CASE WHEN variable.variable = variable THEN variable ELSE variable END) FROM variable AS variable INNER JOIN `variable-variable` AS variable ON variable.variable = variable.variable WHERE variable.variable = variable AND strftime(variable, variable.variable) BETWEEN variable AND variable",1
1620,SELECT SUM(CASE WHEN variable.variable = variable THEN variable ELSE variable END) - SUM(CASE WHEN variable.variable = variable THEN variable ELSE variable END) FROM variable AS variable INNER JOIN variable AS variable ON variable.variable = variable.variable,1
1621,SELECT SUM(CASE WHEN variable.variable = variable THEN variable ELSE variable END) - SUM(CASE WHEN variable.variable = variable THEN variable ELSE variable END) FROM variable AS variable INNER JOIN variable AS variable ON variable.variable = variable.variable WHERE variable.`variable` LIKE variable,1
1622,SELECT SUM(CASE WHEN variable.variable = variable THEN variable ELSE variable END) - SUM(CASE WHEN variable.variable = variable THEN variable ELSE variable END) FROM variable AS variable INNER JOIN variable AS variable ON variable.variable = variable.variable WHERE variable.variable < variable,1
1623,SELECT SUM(CASE WHEN variable.variable = variable THEN variable ELSE variable END) - SUM(CASE WHEN variable.variable = variable THEN variable ELSE variable END) FROM variable AS variable INNER JOIN variable AS variable ON variable.variable = variable.variable WHERE variable.variable = variable OR variable.variable = variable,1
1624,SELECT SUM(CASE WHEN variable.variable = variable THEN variable ELSE variable END) - SUM(CASE WHEN variable.variable > variable THEN variable ELSE variable END) FROM variable AS variable INNER JOIN variable AS variable ON variable.variable = variable.variable INNER JOIN variable AS variable ON variable.variable = variable.variable WHERE variable.variable = variable,1
1625,SELECT SUM(CASE WHEN variable.variable = variable THEN variable ELSE variable END) AS variable FROM variable AS variable INNER JOIN `variable-variable` AS variable ON variable.variable = variable.variable WHERE variable.variable = variable AND variable.variable = variable,1
1626,SELECT SUM(CASE WHEN variable.variable = variable THEN variable ELSE variable END) AS variable FROM variable AS variable INNER JOIN `variable-variable` AS variable ON variable.variable = variable.variable WHERE variable.variable IS NULL OR variable.variable = variable,1
1627,SELECT SUM(CASE WHEN variable.variable = variable THEN variable ELSE variable END) AS variable FROM variable AS variable INNER JOIN variable AS variable ON variable.variable = variable.variable,1
1628,SELECT SUM(CASE WHEN variable.variable = variable THEN variable ELSE variable END) AS variable FROM variable AS variable INNER JOIN variable AS variable ON variable.variable = variable.variable INNER JOIN `variable variable` AS variable ON variable.variable = variable.variable WHERE variable.variable = variable,1
1629,SELECT SUM(CASE WHEN variable.variable = variable THEN variable ELSE variable END) AS variable FROM variable AS variable INNER JOIN variable AS variable ON variable.variable = variable.variable INNER JOIN `variable variable` AS variable ON variable.variable = variable.variable WHERE variable.variable = variable AND variable.variable = variable,1
1630,SELECT SUM(CASE WHEN variable.variable = variable THEN variable ELSE variable END) AS variable FROM variable AS variable INNER JOIN variable AS variable ON variable.variable = variable.variable INNER JOIN variable AS variable ON variable.variable = variable.variable WHERE variable.variable = variable,1
1631,SELECT SUM(CASE WHEN variable.variable = variable THEN variable ELSE variable END) AS variable FROM variable AS variable INNER JOIN variable AS variable ON variable.variable = variable.variable WHERE variable.variable = variable,1
1632,SELECT SUM(CASE WHEN variable.variable = variable THEN variable ELSE variable END) FROM `variable` AS variable INNER JOIN variable AS variable ON variable.variable = variable.variable,1
1633,SELECT SUM(CASE WHEN variable.variable = variable THEN variable ELSE variable END) FROM `variable` AS variable INNER JOIN variable AS variable ON variable.variable = variable.variable OR variable.variable = variable.variable WHERE variable.variable = variable,1
1634,SELECT SUM(CASE WHEN variable.variable = variable THEN variable ELSE variable END) FROM variable AS variable INNER JOIN variable AS variable ON variable.variable = variable.variable GROUP BY variable.variable HAVING COUNT(variable.variable) > variable,1
1635,SELECT SUM(CASE WHEN variable.variable = variable THEN variable ELSE variable END) FROM variable AS variable INNER JOIN variable AS variable ON variable.variable = variable.variable INNER JOIN variable AS variable ON variable.variable = variable.variable,1
1636,SELECT SUM(CASE WHEN variable.variable = variable THEN variable ELSE variable END) FROM variable AS variable INNER JOIN variable AS variable ON variable.variable = variable.variable INNER JOIN variable AS variable ON variable.variable = variable.variable GROUP BY variable.variable HAVING COUNT(variable.variable) > variable,1
1637,SELECT SUM(CASE WHEN variable.variable = variable THEN variable ELSE variable END) FROM variable AS variable INNER JOIN variable AS variable ON variable.variable = variable.variable INNER JOIN variable AS variable ON variable.variable = variable.variable INNER JOIN variable AS variable ON variable.variable = variable.variable WHERE variable.variable = variable,1
1638,SELECT SUM(CASE WHEN variable.variable = variable THEN variable ELSE variable END) FROM variable AS variable INNER JOIN variable AS variable ON variable.variable = variable.variable INNER JOIN variable AS variable ON variable.variable = variable.variable INNER JOIN variable AS variable ON variable.variable = variable.variable WHERE variable.variable IS NULL,1
1639,SELECT SUM(CASE WHEN variable.variable = variable THEN variable ELSE variable END) FROM variable AS variable INNER JOIN variable AS variable ON variable.variable = variable.variable WHERE variable.variable = variable AND variable.variable = variable AND variable = variable AND variable.variable = variable,1
1640,SELECT SUM(CASE WHEN variable.variable = variable THEN variable ELSE variable END) FROM variable AS variable INNER JOIN variable AS variable ON variable.variable = variable.variable WHERE variable.variable = variable AND variable.variable = variable AND variable.variable = variable,1
1641,SELECT SUM(CASE WHEN variable.variable = variable THEN variable ELSE variable END) FROM variable AS variable INNER JOIN variable AS variable ON variable.variable = variable.variable WHERE variable.variable IS NULL AND variable.variable = variable AND variable LIKE variable,1
1642,SELECT SUM(CASE WHEN variable.variable = variable THEN variable ELSE variable END) FROM variable AS variable INNER JOIN variable AS variable ON variable.variable = variable.variable WHERE variable.variable LIKE variable,1
1643,SELECT SUM(CASE WHEN variable.variable = variable THEN variable ELSE variable END) FROM variable AS variable INNER JOIN variable AS variable ON variable.variable = variable.variable WHERE variable.variable LIKE variable AND variable.variable = variable,1
1644,"SELECT SUM(CASE WHEN variable.variable = variable THEN variable ELSE variable END), SUM(CASE WHEN variable.variable = variable THEN variable ELSE variable END) FROM variable AS variable INNER JOIN variable AS variable ON variable.variable = variable.variable WHERE variable.variable = variable",1
1645,"SELECT SUM(CASE WHEN variable.variable = variable THEN variable ELSE variable END)as variable FROM variable AS variable INNER JOIN ( SELECT variable, COUNT(variable) AS variable FROM variable GROUP BY variable ) AS variable ON variable.variable = variable.variable WHERE variable.variable >= variable",1
1646,"SELECT SUM(CASE WHEN variable.variable = variable THEN variable ELSE variable END)as variable FROM variable AS variable INNER JOIN ( SELECT variable, COUNT(variable) FROM variable WHERE variable = variable GROUP BY variable HAVING COUNT(variable) = variable ) AS variable ON variable.variable = variable.variable",1
1647,SELECT SUM(CASE WHEN variable.variable = variable THEN variable ELSE variable END)as variable FROM variable AS variable INNER JOIN variable AS variable ON variable.variable = variable.variable WHERE variable.variable = variable,1
1648,SELECT SUM(CASE WHEN variable.variable = variable THEN variable.variable ELSE variable END) - SUM(CASE WHEN variable.variable = variable THEN variable.variable ELSE variable END) AS variable FROM variable AS variable INNER JOIN variable AS variable ON variable.variable = variable.variable INNER JOIN variable AS variable ON variable.variable = variable.variable,1
1649,SELECT SUM(CASE WHEN variable.variable = variable THEN variable.variable ELSE variable END) - SUM(CASE WHEN variable.variable = variable THEN variable.variable ELSE variable END) AS variable FROM variable AS variable INNER JOIN variable AS variable ON variable.variable = variable.variable WHERE variable.variable = variable;,1
1650,SELECT SUM(CASE WHEN variable.variable = variable THEN variable.variable ELSE variable END) - SUM(CASE WHEN variable.variable = variable THEN variable.variable ELSE variable END) AS variable FROM variable AS variable INNER JOIN variable AS variable ON variable.variable = variable.variable;,1
1651,SELECT SUM(CASE WHEN variable.variable = variable THEN variable.variable ELSE variable END) - SUM(CASE WHEN variable.variable = variable THEN variable.variable ELSE variable END) FROM variable AS variable INNER JOIN variable AS variable ON variable.variable = variable.variable WHERE variable.`variable` = variable,1
1652,SELECT SUM(CASE WHEN variable.variable = variable THEN variable.variable ELSE variable END) - SUM(CASE WHEN variable.variable = variable THEN variable.variable ELSE variable END) FROM variable AS variable INNER JOIN variable AS variable ON variable.variable = variable.variable WHERE variable.variable = variable,1
1653,SELECT SUM(CASE WHEN variable.variable = variable THEN variable.variable ELSE variable END) - SUM(CASE WHEN variable.variable = variable THEN variable.variable ELSE variable END) FROM variable variable,1
1654,SELECT SUM(CASE WHEN variable.variable = variable THEN variable.variable ELSE variable END) / SUM(CASE WHEN variable.variable = variable THEN variable.variable ELSE variable END) FROM variable AS variable INNER JOIN variable AS variable ON variable.variable = variable.variable,1
1655,SELECT SUM(CASE WHEN variable.variable = variable THEN variable.variable ELSE variable END) AS variable FROM variable AS variable INNER JOIN variable AS variable ON variable.variable = variable.variable,1
1656,"SELECT SUM(CASE WHEN variable.variable = variable THEN variable.variable ELSE variable END), SUM(CASE WHEN variable.variable = variable THEN variable.variable ELSE variable END), SUM(CASE WHEN variable.variable = variable THEN variable.variable ELSE variable END) FROM variable AS variable INNER JOIN variable AS variable ON variable.variable = variable.variable WHERE variable.variable = variable AND variable.variable = variable AND variable.variable = variable",1
1657,SELECT SUM(CASE WHEN variable.variable = variable then variable ELSE variable END)as variable FROM variable AS variable INNER JOIN variable AS variable ON variable.variable = variable.variable WHERE variable.variable = variable,1
1658,"SELECT SUM(CASE WHEN variable.variable > variable AND variable.variable <= variable THEN variable ELSE variable END), SUM(CASE WHEN variable.variable > variable AND variable.variable <= variable THEN variable ELSE variable END) AS variable , SUM(CASE WHEN variable.variable > variable THEN variable ELSE variable END) AS variable FROM variable AS variable INNER JOIN variable AS variable ON variable.variable = variable.variable WHERE variable.variable = variable",1
1659,SELECT SUM(CASE WHEN variable.variable > variable THEN variable ELSE variable END) - SUM(CASE WHEN variable.variable = variable THEN variable ELSE variable END) AS variable FROM variable AS variable INNER JOIN variable AS variable ON variable.variable = variable.variable WHERE variable.variable = variable,1
1660,SELECT SUM(CASE WHEN variable.variable > variable THEN variable ELSE variable END) AS variable FROM variable AS variable INNER JOIN variable AS variable ON variable.variable = variable.variable INNER JOIN variable AS variable ON variable.variable = variable.variable WHERE variable.variable = variable AND variable.variable = variable,1
1661,"SELECT SUM(CASE WHEN variable.variable IN (variable, variable) THEN variable ELSE variable end)as variable FROM variable AS variable INNER JOIN variable AS variable ON variable.variable = variable.variable WHERE variable.variable = variable",1
1662,"SELECT SUM(CASE WHEN variable.variable LIKE variable THEN variable ELSE variable END) AS variable , CAST(SUM(CASE WHEN variable.variable LIKE variable THEN variable ELSE variable END) AS variable) * variable / COUNT(variable.variable) FROM variable AS variable INNER JOIN variable AS variable ON variable.variable = variable.variable INNER JOIN variable AS variable ON variable.variable = variable.variable",1
1663,SELECT SUM(CASE WHEN variable.variable LIKE variable THEN variable ELSE variable END) AS variable FROM variable AS variable INNER JOIN variable AS variable ON variable.variable = variable.variable WHERE variable.variable = variable,1
1664,SELECT SUM(CASE WHEN variable.variable LIKE variable THEN variable ELSE variable END) FROM variable AS variable INNER JOIN variable AS variable ON variable.variable = variable.variable WHERE variable.variable = variable,1
1665,"SELECT SUM(CAST(REPLACE(SUBSTR(variable.variable, variable), variable, variable) AS variable)) / variable AS variable, variable.variable, variable.variable , variable.variable, variable.variable FROM variable AS variable  INNER JOIN variable AS variable  ON variable.variable = variable.variable INNER JOIN variable AS variable  ON variable.variable = variable.variable WHERE CAST(REPLACE(SUBSTR(variable.variable, variable), variable, variable) AS variable) = ( SELECT MAX(CAST(REPLACE(SUBSTR(variable.variable, variable), variable, variable) AS variable)) FROM variable AS variable  INNER JOIN variable AS variable  ON variable.variable = variable.variable INNER JOIN variable AS variable  ON variable.variable = variable.variable )",1
1666,"SELECT SUM(CAST(REPLACE(trim(variable, variable), variable, variable) AS variable)) / SUM(CAST(REPLACE(trim(variable, variable), variable, variable) AS variable)) FROM variable WHERE SUBSTR(variable, variable(variable) - variable, variable(variable)) = variable GROUP BY SUBSTR(variable, variable(variable) - variable, variable(variable)) = variable",1
1667,"SELECT SUM(CAST(REPLACE(trim(variable.variable, variable), variable, variable) AS variable)) / COUNT(variable.variable) FROM `variable-variable` AS variable INNER JOIN variable AS variable ON variable.variable = variable.variable WHERE variable.`variable-variable` = variable",1
1668,SELECT SUM(CAST(variable * variable AS variable) / variable) FROM variable WHERE variable = variable,1
1669,SELECT SUM(CAST(variable * variable AS variable) / variable) FROM variable WHERE variable BETWEEN variable AND variable AND variable = variable,1
1670,SELECT SUM(DISTINCT variable.variable) FROM variable AS variable INNER JOIN variable AS variable ON variable.variable = variable.variable WHERE variable.variable = variable,1
1671,"SELECT SUM(REPLACE(variable.`variable variable`, variable, variable) - REPLACE(variable.`variable variable`, variable, variable)) / COUNT(variable.variable) FROM `variable variable` AS variable INNER JOIN variable AS variable ON variable.variable = variable.variable WHERE variable.`variable variable` = variable AND variable.`Order variable` > variable",1
1672,"SELECT SUM(REPLACE(variable.`variable variable`, variable, variable) - REPLACE(variable.`variable variable`, variable, variable)) / COUNT(variable.variable) FROM `variable variable` AS variable INNER JOIN variable AS variable ON variable.variable = variable.variable WHERE variable.`variable variable` = variable AND variable.`variable variable` = variable",1
1673,"SELECT SUM(REPLACE(variable.`variable variable`, variable, variable) - REPLACE(variable.`variable variable`, variable, variable)) FROM `variable variable` AS variable INNER JOIN variable AS variable ON variable.variable = variable.variable WHERE variable.variable LIKE variable AND variable.`variable variable` = variable",1
1674,SELECT SUM(`variable variable variable and variable`) / SUM(variable) * variable FROM variable WHERE variable = variable,1
1675,"SELECT SUM(variable(STRFTIME(variable, variable) = variable, variable, variable)) - SUM(variable(STRFTIME(variable, variable) = variable, variable, variable)) FROM variable WHERE variable = variable",1
1676,"SELECT SUM(variable(`Order variable` > variable, variable, variable)) FROM `variable variable`",1
1677,"SELECT SUM(variable(variable = variable AND variable = variable, variable - variable, variable)) FROM variable",1
1678,"SELECT SUM(variable(variable = variable, variable, variable)) , SUM(variable(variable = variable, variable, variable)) , CAST(SUM(variable(variable = variable, variable, variable)) AS variable) * variable / COUNT(*) , CAST(SUM(variable(variable = variable, variable, variable)) AS variable) * variable / COUNT(*), ( SELECT variable FROM variable WHERE variable = variable ) , ( SELECT variable FROM variable WHERE variable = variable ) FROM variable WHERE variable IN ( SELECT variable FROM variable WHERE variable = variable )",1
1679,"SELECT SUM(variable(variable = variable, variable, variable)) - SUM(variable(variable = variable, variable, variable)) AS variable FROM `variable variable`",1
1680,"SELECT SUM(variable(variable = variable, variable, variable)) - SUM(variable(variable = variable, variable, variable)) AS variable FROM variable WHERE variable < variable",1
1681,"SELECT SUM(variable(variable = variable, variable, variable)) - SUM(variable(variable = variable, variable, variable)) FROM variable WHERE variable > variable",1
1682,"SELECT SUM(variable(variable = variable, variable, variable)) FROM `variable variable`",1
1683,"SELECT SUM(variable(variable = variable, variable, variable)) FROM variable",1
1684,"SELECT SUM(variable(variable LIKE variable AND `variable variable` = variable, variable, variable)) FROM `variable variable`",1
1685,"SELECT SUM(variable(variable.`group` = variable, variable, variable)) / COUNT(variable.variable) AS variable FROM variable AS variable INNER JOIN variable AS variable ON variable.variable = variable.variable WHERE variable.variable = variable",1
1686,"SELECT SUM(variable(variable.variable = variable, variable, variable)) * variable / COUNT(variable.variable) AS variable FROM variable AS variable INNER JOIN variable AS variable ON variable.variable = variable.variable",1
1687,"SELECT SUM(variable(variable.variable = variable, variable, variable)) + SUM(variable(variable.variable = variable, variable, variable)) + SUM(variable(variable.variable = variable, variable, variable)) AS variable FROM variable AS variable INNER JOIN variable AS variable ON variable.variable = variable.variable",1
1688,"SELECT SUM(variable(variable.variable = variable, variable, variable)) , variable.variable, variable.variable FROM variable AS variable INNER JOIN variable AS variable ON variable.variable = variable.variable INNER JOIN variable AS variable ON variable.variable = variable.variable WHERE variable.variable = variable GROUP BY variable.variable, variable.variable",1
1689,"SELECT SUM(variable(variable.variable = variable, variable, variable)) - SUM(variable(variable.variable = variable, variable, variable)) AS variable FROM variable AS variable INNER JOIN variable AS variable ON variable.variable = variable.variable",1
1690,"SELECT SUM(variable(variable.variable = variable, variable, variable)) - SUM(variable(variable.variable = variable, variable, variable)) AS variable FROM variable AS variable INNER JOIN variable AS variable ON variable.variable = variable.variable WHERE variable.variable = variable",1
1691,"SELECT SUM(variable(variable.variable = variable, variable, variable)) / SUM(variable(variable.variable = variable, variable, variable)) AS variable FROM variable AS variable INNER JOIN variable AS variable ON variable.variable = variable.variable",1
1692,"SELECT SUM(variable(variable.variable = variable, variable, variable)) / SUM(variable(variable.variable = variable, variable, variable)) AS variable FROM variable AS variable INNER JOIN variable AS variable ON variable.variable = variable.variable WHERE variable.variable = variable AND variable.variable = variable",1
1693,"SELECT SUM(variable(variable.variable IS NULL, variable, variable)) AS variable FROM variable AS variable INNER JOIN variable AS variable ON variable.variable = variable.variable LEFT JOIN variable AS variable ON variable.variable = variable.variable WHERE variable.variable = variable",1
1694,SELECT SUM(variable) FROM variable AS variable INNER JOIN variable AS variable ON variable.variable = variable.variable INNER JOIN variable AS variable ON variable.variable = variable.variable WHERE variable.variable = variable AND variable.variable = variable AND variable.variable < variable,1
1695,SELECT SUM(variable) FROM variable GROUP BY variable ORDER BY SUM(variable) DESC LIMIT variable,1
1696,"SELECT SUM(variable) FROM variable WHERE SUBSTR(`variable`, variable, variable) = variable AND SUBSTR(`variable`, variable, variable) = variable AND variable = variable AND variable = variable",1
1697,"SELECT SUM(variable) FROM variable WHERE SUBSTR(variable, variable, variable) = variable",1
1698,SELECT SUM(variable) FROM variable WHERE variable = variable AND variable = variable GROUP BY variable ORDER BY SUM(variable) DESC LIMIT variable,1
1699,SELECT SUM(variable) FROM variable WHERE variable BETWEEN variable AND variable,1
1700,"SELECT SUM(variable) FROM variable WHERE variable IN (variable, variable)",1
1701,SELECT SUM(variable) FROM variable WHERE variable LIKE variable AND variable = variable AND variable = variable,1
1702,"SELECT SUM(variable), variable FROM variable GROUP BY variable, variable ORDER BY SUM(variable) DESC LIMIT variable",1
1703,SELECT SUM(variable.variable * variable) / COUNT(variable.variable) FROM variable AS variable INNER JOIN variable AS variable ON variable.variable = variable.variable INNER JOIN variable AS variable ON variable.variable = variable.variable WHERE variable.variable = variable,1
1704,SELECT SUM(variable.variable * variable) FROM variable AS variable WHERE variable.variable = variable,1
1705,"SELECT SUM(variable.variable * variable.variable) / COUNT(variable.variable) FROM variable AS variable INNER JOIN variable AS variable ON variable.variable = variable.variable INNER JOIN variable AS variable ON variable.variable = variable.variable WHERE variable.variable = variable AND STRFTIME(variable, variable.variable) = variable",1
1706,SELECT SUM(variable.variable * variable.variable) FROM variable AS variable INNER JOIN variable AS variable ON variable.variable = variable.variable INNER JOIN variable AS variable ON variable.variable = variable.variable INNER JOIN variable AS variable ON variable.variable = variable.variable WHERE variable.variable = variable AND variable.variable = variable AND variable.variable = variable,1
1707,SELECT SUM(variable.variable * variable.variable) FROM variable AS variable INNER JOIN variable AS variable ON variable.variable = variable.variable INNER JOIN variable AS variable ON variable.variable = variable.variable WHERE variable.variable = variable,1
1708,SELECT SUM(variable.variable * variable.variable) FROM variable AS variable INNER JOIN variable AS variable ON variable.variable = variable.variable INNER JOIN variable AS variable ON variable.variable = variable.variable WHERE variable.variable = variable AND variable.variable = variable AND variable.variable = variable AND variable.variable = variable,1
1709,SELECT SUM(variable.variable * variable.variable) FROM variable AS variable INNER JOIN variable AS variable ON variable.variable = variable.variable INNER JOIN variable AS variable ON variable.variable = variable.variable WHERE variable.variable = variable AND variable.variable BETWEEN variable AND variable,1
1710,SELECT SUM(variable.variable * variable.variable) FROM variable AS variable INNER JOIN variable AS variable ON variable.variable = variable.variable WHERE variable.variable BETWEEN variable AND variable,1
1711,SELECT SUM(variable.variable * variable.variable) FROM variable variable WHERE variable.variable = variable,1
1712,SELECT SUM(variable.variable - variable.variable) / COUNT(*) FROM variable AS variable INNER JOIN variable AS variable ON variable.variable = variable.variable WHERE variable.variable = variable,1
1713,SELECT SUM(variable.variable - variable.variable) / COUNT(variable.variable) FROM variable AS variable INNER JOIN variable AS variable ON variable.variable = variable.variable INNER JOIN variable AS variable ON variable.variable = variable.variable WHERE variable.variable = variable,1
1714,SELECT SUM(variable.variable - variable.variable) FROM variable AS variable INNER JOIN variable AS variable ON variable.variable = variable.variable WHERE variable.variable = variable AND variable.variable LIKE variable,1
1715,SELECT SUM(variable.variable / variable.variable) / SUM(variable.variable + variable.variable) FROM variable AS variable INNER JOIN variable AS variable ON variable.variable = variable.variable AND variable.variable = variable.variable WHERE variable.variable = variable,1
1716,SELECT SUM(variable.variable) * variable / variable FROM variable AS variable INNER JOIN variable AS variable ON variable.variable = variable.variable INNER JOIN variable AS variable ON variable.variable = variable.variable WHERE variable.variable = variable,1
1717,SELECT SUM(variable.variable) * variable AS variable FROM variable AS variable INNER JOIN variable AS variable ON variable.variable = variable.variable WHERE variable.variable = variable,1
1718,SELECT SUM(variable.variable) * variable FROM variable variable,1
1719,"SELECT SUM(variable.variable) , CAST(SUM(variable.variable) AS variable) * variable / SUM(variable.variable) FROM variable AS variable INNER JOIN variable AS variable ON variable.variable = variable.variable WHERE STRFTIME(variable, variable.variable) = variable",1
1720,"SELECT SUM(variable.variable) , SUM(variable.variable * variable.variable) / SUM(variable.variable) FROM variable AS variable INNER JOIN variable AS variable ON variable.variable = variable.variable WHERE variable.variable = variable",1
1721,SELECT SUM(variable.variable) - SUM(CAST(variable.variable * variable.variable AS variable) / variable) FROM variable AS variable INNER JOIN variable AS variable ON variable.variable = variable.variable WHERE variable.variable = variable AND variable.variable BETWEEN variable AND variable,1
1722,SELECT SUM(variable.variable) - SUM(CAST(variable.variable * variable.variable AS variable) / variable) FROM variable AS variable INNER JOIN variable AS variable ON variable.variable = variable.variable WHERE variable.variable BETWEEN variable AND variable AND variable.variable = variable,1
1723,SELECT SUM(variable.variable) / COUNT(*) FROM variable AS variable INNER JOIN variable AS variable ON variable.variable = variable.variable INNER JOIN variable AS variable ON variable.variable = variable.variable WHERE variable.variable = variable AND variable.variable = variable,1
1724,SELECT SUM(variable.variable) / COUNT(variable.variable) AS variable FROM variable AS variable INNER JOIN variable AS variable ON variable.variable = variable.variable WHERE variable.variable = variable,1
1725,SELECT SUM(variable.variable) / COUNT(variable.variable) FROM variable AS variable INNER JOIN ( SELECT DISTINCT variable FROM variable WHERE variable = variable AND variable > variable ) AS variable ON variable.variable = variable.variable WHERE variable.variable = variable,1
1726,SELECT SUM(variable.variable) / COUNT(variable.variable) FROM variable AS variable INNER JOIN variable AS variable ON variable.variable = variable.variable,1
1727,SELECT SUM(variable.variable) / COUNT(variable.variable) FROM variable AS variable INNER JOIN variable AS variable ON variable.variable = variable.variable INNER JOIN variable AS variable ON variable.variable = variable.variable INNER JOIN variable AS variable ON variable.variable = variable.variable WHERE variable.variable = variable AND variable.variable = variable,1
1728,SELECT SUM(variable.variable) / COUNT(variable.variable) FROM variable AS variable INNER JOIN variable AS variable ON variable.variable = variable.variable INNER JOIN variable AS variable ON variable.variable = variable.variable WHERE variable.variable = variable,1
1729,SELECT SUM(variable.variable) / COUNT(variable.variable) FROM variable AS variable INNER JOIN variable AS variable ON variable.variable = variable.variable INNER JOIN variable AS variable ON variable.variable = variable.variable WHERE variable.variable = variable AND variable.variable = variable,1
1730,SELECT SUM(variable.variable) / COUNT(variable.variable) FROM variable AS variable INNER JOIN variable AS variable ON variable.variable = variable.variable WHERE variable.variable = variable AND variable.variable = variable,1
1731,SELECT SUM(variable.variable) / COUNT(variable.variable) FROM variable AS variable INNER JOIN variable AS variable ON variable.variable = variable.variable WHERE variable.variable = variable AND variable.variable = variable AND variable.variable = variable,1
1732,SELECT SUM(variable.variable) FROM `variable` AS variable INNER JOIN variable AS variable ON variable.variable = variable.variable WHERE variable.variable = variable AND variable.variable = variable AND variable.variable BETWEEN variable AND variable,1
1733,"SELECT SUM(variable.variable) FROM variable AS variable INNER JOIN ( SELECT variable, variable FROM variable WHERE variable = variable ORDER BY variable LIMIT variable ) AS variable ON variable.variable = variable.variable AND variable.variable < variable.variable",1
1734,SELECT SUM(variable.variable) FROM variable AS variable INNER JOIN ( SELECT variable.variable FROM variable AS variable ORDER BY variable.variable - variable.variable DESC LIMIT variable ) AS variable ON variable.variable = variable.variable,1
1735,SELECT SUM(variable.variable) FROM variable AS variable INNER JOIN variable AS variable ON variable.`variable variable` = variable.`variable variable` INNER JOIN variable AS variable ON variable.`variable variable` = variable.`variable variable` WHERE variable.`variable variable` = variable AND variable.`variable variable` = variable,1
1736,"SELECT SUM(variable.variable) FROM variable AS variable INNER JOIN variable AS variable ON variable.`variable variable` = variable.`variable variable` WHERE STRFTIME(variable, variable.`Order variable`) = variable AND variable.variable = variable",1
1737,SELECT SUM(variable.variable) FROM variable AS variable INNER JOIN variable AS variable ON variable.`variable variable` = variable.`variable variable` WHERE variable.`variable variable` = variable,1
1738,SELECT SUM(variable.variable) FROM variable AS variable INNER JOIN variable AS variable ON variable.variable = variable.variable AND variable.variable = variable.variable WHERE variable.variable = variable AND variable.variable = variable AND variable.variable = variable,1
1739,SELECT SUM(variable.variable) FROM variable AS variable INNER JOIN variable AS variable ON variable.variable = variable.variable GROUP BY variable.variable ORDER BY COUNT(variable.variable) DESC LIMIT variable,1
1740,SELECT SUM(variable.variable) FROM variable AS variable INNER JOIN variable AS variable ON variable.variable = variable.variable INNER JOIN variable AS variable ON variable.variable = variable.variable INNER JOIN variable AS variable ON variable.variable = variable.variable INNER JOIN variable AS variable ON variable.variable = variable.variable WHERE variable.variable = variable,1
1741,SELECT SUM(variable.variable) FROM variable AS variable INNER JOIN variable AS variable ON variable.variable = variable.variable INNER JOIN variable AS variable ON variable.variable = variable.variable INNER JOIN variable AS variable ON variable.variable = variable.variable WHERE variable.variable = variable,1
1742,SELECT SUM(variable.variable) FROM variable AS variable INNER JOIN variable AS variable ON variable.variable = variable.variable INNER JOIN variable AS variable ON variable.variable = variable.variable INNER JOIN variable AS variable ON variable.variable = variable.variable WHERE variable.variable = variable AND variable.variable = variable,1
1743,"SELECT SUM(variable.variable) FROM variable AS variable INNER JOIN variable AS variable ON variable.variable = variable.variable INNER JOIN variable AS variable ON variable.variable = variable.variable WHERE CAST(REPLACE(REPLACE(variable.variable, variable, variable), variable, variable) AS variable) > variable AND variable.variable < variable AND variable.variable = variable",1
1744,"SELECT SUM(variable.variable) FROM variable AS variable INNER JOIN variable AS variable ON variable.variable = variable.variable INNER JOIN variable AS variable ON variable.variable = variable.variable WHERE strftime(variable, variable.variable) = variable AND variable.variable = variable",1
1745,SELECT SUM(variable.variable) FROM variable AS variable INNER JOIN variable AS variable ON variable.variable = variable.variable INNER JOIN variable AS variable ON variable.variable = variable.variable WHERE variable.`variable` = variable,1
1746,"SELECT SUM(variable.variable) FROM variable AS variable INNER JOIN variable AS variable ON variable.variable = variable.variable INNER JOIN variable AS variable ON variable.variable = variable.variable WHERE variable.variable = variable AND variable.variable = variable AND STRFTIME(variable, variable.variable) = variable",1
1747,SELECT SUM(variable.variable) FROM variable AS variable INNER JOIN variable AS variable ON variable.variable = variable.variable INNER JOIN variable AS variable ON variable.variable = variable.variable WHERE variable.variable = variable AND variable.variable = variable AND variable.variable = variable AND variable.variable = variable,1
1748,"SELECT SUM(variable.variable) FROM variable AS variable INNER JOIN variable AS variable ON variable.variable = variable.variable INNER JOIN variable AS variable ON variable.variable = variable.variable WHERE variable.variable IN (variable, variable)",1
1749,SELECT SUM(variable.variable) FROM variable AS variable INNER JOIN variable AS variable ON variable.variable = variable.variable WHERE  variable.variable = variable AND variable.variable = variable AND variable.variable = variable,1
1750,"SELECT SUM(variable.variable) FROM variable AS variable INNER JOIN variable AS variable ON variable.variable = variable.variable WHERE SUBSTR(variable.variable, variable, variable) = variable",1
1751,"SELECT SUM(variable.variable) FROM variable AS variable INNER JOIN variable AS variable ON variable.variable = variable.variable WHERE variable.variable = variable AND STRFTIME(variable, variable.variable) = variable",1
1752,"SELECT SUM(variable.variable) FROM variable AS variable INNER JOIN variable AS variable ON variable.variable = variable.variable WHERE variable.variable = variable AND variable.variable = variable AND SUBSTR(variable.variable, variable, variable) = variable",1
1753,SELECT SUM(variable.variable) FROM variable AS variable INNER JOIN variable AS variable ON variable.variable = variable.variable WHERE variable.variable = variable AND variable.variable = variable AND variable.variable = variable AND variable.variable = variable,1
1754,SELECT SUM(variable.variable) FROM variable AS variable INNER JOIN variable AS variable ON variable.variable = variable.variable WHERE variable.variable = variable AND variable.variable = variable AND variable.variable = variable AND variable.variable = variable AND variable.variable = variable,1
1755,SELECT SUM(variable.variable) FROM variable AS variable INNER JOIN variable AS variable ON variable.variable = variable.variable WHERE variable.variable = variable AND variable.variable = variable AND variable.variable BETWEEN variable AND variable;,1
1756,SELECT SUM(variable.variable) FROM variable AS variable INNER JOIN variable AS variable ON variable.variable = variable.variable WHERE variable.variable = variable AND variable.variable = variable;,1
1757,SELECT SUM(variable.variable) FROM variable AS variable INNER JOIN variable AS variable ON variable.variable = variable.variable WHERE variable.variable = variable AND variable.variable LIKE variable,1
1758,"SELECT SUM(variable.variable) FROM variable AS variable INNER JOIN variable AS variable ON variable.variable = variable.variable WHERE variable.variable = variable GROUP BY variable.variable, variable.variable ORDER BY variable.variable DESC LIMIT variable",1
1759,SELECT SUM(variable.variable) FROM variable AS variable INNER JOIN variable AS variable ON variable.variable = variable.variable WHERE variable.variable = variable;,1
1760,SELECT SUM(variable.variable) FROM variable AS variable INNER JOIN variable AS variable ON variable.variable = variable.variable WHERE variable.variable BETWEEN variable AND variable,1
1761,SELECT SUM(variable.variable) FROM variable AS variable INNER JOIN variable AS variable ON variable.variable = variable.variable WHERE variable.variable BETWEEN variable AND variable AND variable.variable = variable,1
1762,SELECT SUM(variable.variable) FROM variable variable WHERE variable.variable = variable,1
1763,"SELECT SUM(variable.variable), STRFTIME(variable, variable) - variable.variable FROM variable AS variable INNER JOIN variable AS variable ON variable.variable = variable.variable WHERE variable.variable = variable GROUP BY variable.variable",1
1764,"SELECT SUM(variable.variable), variable, variable FROM variable AS variable INNER JOIN variable AS variable ON variable.variable = variable.variable INNER JOIN variable AS variable ON variable.variable = variable.variable WHERE variable.variable = variable AND variable.variable = variable",1
1765,"SELECT SUM(variable.variable), variable.variable FROM variable AS variable INNER JOIN variable AS variable ON variable.variable = variable.variable AND variable.variable = variable.variable WHERE variable.variable = variable AND variable.variable = variable AND variable.variable = variable GROUP BY variable.variable",1
1766,"SELECT SUM(variable.variable), variable.variable FROM variable AS variable INNER JOIN variable AS variable ON variable.variable = variable.variable WHERE variable.variable IN (variable, variable, variable) GROUP BY variable.variable",1
1767,"SELECT SUM(variable.variable), variable.variable, variable.variable FROM variable AS variable INNER JOIN variable AS variable ON variable.variable = variable.variable WHERE variable.variable = variable GROUP BY variable.variable, variable.variable ORDER BY SUM(variable.variable) DESC LIMIT variable",1
1768,SELECT `Order variable` FROM variable WHERE variable < variable LIMIT variable,1
1769,SELECT `group` FROM variable WHERE variable = variable,1
1770,SELECT `variable variable` FROM ( SELECT variable.`variable variable` FROM `variable variable` AS variable INNER JOIN `variable variable` AS variable ON variable.variable = variable.variable ORDER BY variable.`variable variable` DESC LIMIT variable ) GROUP BY `variable variable` ORDER BY COUNT(`variable variable`) DESC LIMIT variable,1
1771,"SELECT `variable variable` FROM ( SELECT variable.`variable variable`, variable.`variable variable` - variable.`variable variable` AS variable FROM variable variable INNER JOIN `variable variable` variable ON variable.variable = variable.variable ) ORDER BY `variable variable` DESC LIMIT variable",1
1772,SELECT `variable variable` FROM `variable variable` ORDER BY variable DESC LIMIT variable,1
1773,SELECT `variable variable` FROM `variable variable` WHERE variable LIKE variable GROUP BY `variable variable` ORDER BY COUNT(`variable variable`) DESC LIMIT variable,1
1774,SELECT `variable variable` FROM variable ORDER BY variable DESC LIMIT variable,1
1775,"SELECT `variable variable` FROM variable WHERE strftime(variable, `variable variable variable variable`) - strftime(variable, `variable variable`) = ( SELECT MAX(strftime(variable, `variable variable variable variable`) - strftime(variable, `variable variable`)) FROM variable WHERE `variable variable variable variable` = variable ) AND `variable variable variable variable` = variable",1
1776,SELECT `variable variable` FROM variable WHERE variable = ( SELECT MAX(variable) FROM variable ),1
1777,"SELECT `variable variable`, `variable variable` FROM `variable variable` WHERE variable = variable ORDER BY variable DESC LIMIT variable",1
1778,"SELECT `variable variable`, variable, variable FROM variable WHERE strftime(variable, `variable variable`) = variable AND variable = variable",1
1779,SELECT `variable-variable` FROM `variable-variable` WHERE variable = variable AND variable = variable,1
1780,SELECT `variable/variable` FROM variable WHERE variable = variable AND variable = variable,1
1781,SELECT `variable` FROM variable WHERE variable = variable,1
1782,"SELECT `variable` FROM variable WHERE variable = variable AND CAST(SUBSTR(`variable`, variable, variable) AS variable) BETWEEN variable AND variable ORDER BY variable DESC LIMIT variable",1
1783,SELECT `variable` FROM variable WHERE variable = variable AND variable > variable,1
1784,"SELECT strftime(variable, `variable variable`), COUNT(`variable variable`) FROM variable WHERE variable = variable AND variable = variable GROUP BY strftime(variable, `variable variable`) HAVING COUNT(`variable variable`)",1
1785,"SELECT strftime(variable, variable) FROM variable GROUP BY strftime(variable, variable) ORDER BY COUNT(strftime(variable, variable)) DESC LIMIT variable",1
1786,"SELECT strftime(variable, variable.variable) - strftime(variable, variable.variable) AS variable , variable.variable FROM variable AS variable INNER JOIN variable AS variable ON variable.variable = variable.variable WHERE variable.variable = variable AND variable.variable = variable ORDER BY variable.variable DESC LIMIT variable",1
1787,"SELECT strftime(variable, variable.variable) - strftime(variable, variable.variable) AS variable FROM variable AS variable INNER JOIN variable AS variable ON variable.variable = variable.variable WHERE variable.variable = variable AND variable = variable AND variable.variable = variable",1
1788,"SELECT strftime(variable, variable.variable) - strftime(variable, variable.variable) AS variable FROM variable AS variable INNER JOIN variable AS variable ON variable.variable = variable.variable WHERE variable.variable = variable AND variable.variable = variable AND variable.variable = variable AND variable.variable = variable",1
1789,"SELECT strftime(variable, variable.variable) - strftime(variable, variable.variable) AS variable FROM variable AS variable INNER JOIN variable AS variable ON variable.variable = variable.variable WHERE variable.variable = variable AND variable.variable = variable AND variable.variable LIKE variable",1
1790,"SELECT strftime(variable, variable.variable) - strftime(variable, variable.variable) FROM variable AS variable INNER JOIN variable AS variable ON variable.variable = variable.variable WHERE variable.variable = variable",1
1791,"SELECT variable * (STRFTIME(variable, variable) - STRFTIME(variable, variable)) + variable * (STRFTIME(variable, variable) - STRFTIME(variable, variable)) + STRFTIME(variable, variable) - STRFTIME(variable, variable) FROM variable WHERE variable = variable",1
1792,"SELECT variable * (SUM(CASE WHEN strftime(variable, variable.`variable variable`) = variable THEN variable ELSE variable END) - SUM(CASE WHEN strftime(variable, variable.`variable variable`) = variable THEN variable ELSE variable END)) / SUM(CASE WHEN strftime(variable, variable.`variable variable`) = variable THEN variable ELSE variable END) FROM variable AS variable INNER JOIN variable AS variable ON variable.variable = variable.variable WHERE variable.variable = variable",1
1793,"SELECT variable * (strftime(variable, variable.`variable variable variable variable`) - strftime(variable, variable.`variable variable`)) + variable * (strftime(variable, variable.`variable variable variable variable`) - strftime(variable, variable.`variable variable`)) + (strftime(variable, variable.`variable variable variable variable`) - strftime(variable, variable.`variable variable`)) AS variable FROM variable AS variable INNER JOIN variable AS variable ON variable.variable = variable.variable WHERE variable.`variable variable` = variable AND variable.variable = variable AND variable.variable = variable AND variable.variable = variable AND variable.variable = variable",1
1794,"SELECT variable * (strftime(variable, variable.`variable variable variable variable`) - strftime(variable, variable.`variable variable`)) + variable * (strftime(variable, variable.`variable variable variable variable`) - strftime(variable, variable.`variable variable`)) + (strftime(variable, variable.`variable variable variable variable`) - strftime(variable, variable.`variable variable`)) FROM variable AS variable INNER JOIN variable AS variable ON variable.variable = variable.variable WHERE variable.variable = variable AND variable.variable = variable AND variable.`variable variable` = variable",1
1795,SELECT variable * (variable - variable) FROM variable WHERE variable IS NOT NULL ORDER BY variable LIMIT variable,1
1796,SELECT variable * (variable.variable - variable.variable) FROM variable AS variable INNER JOIN variable AS variable ON variable.variable = variable.variable WHERE variable.variable = variable AND variable.variable = variable AND variable.variable = variable AND variable.variable = variable,1
1797,SELECT variable * SUM(CASE WHEN variable.variable = variable THEN variable ELSE variable END) / COUNT(variable.variable) FROM variable AS variable INNER JOIN variable AS variable ON variable.variable = variable.variable,1
1798,SELECT variable * SUM(CASE WHEN variable.variable > variable THEN variable.variable ELSE variable END) AS variable FROM variable AS variable INNER JOIN variable AS variable ON variable.variable = variable.variable WHERE variable.variable = variable,1
1799,"SELECT variable * variable, variable FROM variable WHERE variable = variable AND variable = variable",1
1800,"SELECT variable , ( SELECT MAX(variable) - MIN(variable) FROM ( SELECT COUNT(variable.variable) AS variable FROM variable AS variable INNER JOIN variable AS variable ON variable.variable = variable.variable WHERE variable.variable IN (variable, variable) GROUP BY variable.variable ) ORDER BY variable DESC LIMIT variable ) FROM ( SELECT variable.variable AS variable, COUNT(variable.variable) AS variable FROM variable AS variable INNER JOIN variable AS variable ON variable.variable = variable.variable WHERE variable.variable IN (variable, variable) GROUP BY variable.variable ) ORDER BY variable DESC LIMIT variable",1
1801,"SELECT variable , CAST(COUNT(variable) AS variable) * variable / variable FROM variable WHERE variable LIKE variable GROUP BY variable",1
1802,"SELECT variable , variable , variable, variable, variable FROM variable WHERE variable IS NULL ORDER BY variable DESC, variable DESC, variable DESC LIMIT variable",1
1803,"SELECT variable , variable(variable = variable, variable, variable) AS variable FROM variable WHERE variable = variable",1
1804,"SELECT variable , variable(variable, variable) - variable(variable) FROM variable ORDER BY variable LIMIT variable",1
1805,SELECT variable - ( SELECT variable FROM variable WHERE variable = ( SELECT variable FROM variable WHERE variable = variable ) AND variable = ( SELECT variable FROM variable WHERE variable = variable ) ) AS variable FROM variable WHERE variable = variable,1
1806,SELECT variable - (CAST(SUM(CASE WHEN variable = variable THEN variable ELSE variable END) AS variable)) * variable / COUNT(variable) FROM variable,1
1807,"SELECT variable - STRFTIME(variable, variable.variable), variable.variable FROM variable AS variable INNER JOIN variable AS variable ON variable.variable = variable.variable WHERE variable.variable = variable ORDER BY variable - STRFTIME(variable, variable.variable) DESC LIMIT variable",1
1808,"SELECT variable - SUBSTR(variable, variable, variable) FROM variable WHERE variable = variable",1
1809,"SELECT variable - strftime(variable, variable) FROM variable AS variable INNER JOIN variable AS variable ON variable.variable = variable.variable WHERE variable.variable = variable AND variable.variable = variable AND variable = variable",1
1810,"SELECT variable - strftime(variable, variable) FROM variable WHERE variable = variable",1
1811,SELECT variable - variable AS variable FROM variable WHERE variable = variable AND `variable` = variable,1
1812,SELECT variable - variable FROM variable ORDER BY variable - variable DESC LIMIT variable,1
1813,SELECT variable - variable FROM variable ORDER BY variable DESC LIMIT variable,1
1814,"SELECT variable - variable, variable, variable FROM variable ORDER BY variable - variable DESC LIMIT variable",1
1815,SELECT variable / variable AS variable FROM variable WHERE variable = variable,1
1816,SELECT variable / variable.variable FROM variable AS variable INNER JOIN variable AS variable ON variable.variable = variable.variable WHERE variable.variable = variable,1
1817,SELECT variable FROM ( SELECT CASE  WHEN variable BETWEEN variable AND variable THEN `variable variable` ELSE NULL END AS variable FROM variable ) WHERE variable IS NOT NULL,1
1818,SELECT variable FROM ( SELECT CASE  WHEN variable.`variable variable` = variable THEN variable.`variable variable` ELSE NULL END AS variable FROM variable variable INNER JOIN `variable variable` variable ON variable.variable = variable.variable ) WHERE variable IS NOT NULL,1
1819,SELECT variable FROM ( SELECT DISTINCT CASE  WHEN SUM(variable.`Order variable`) > variable THEN variable.`variable variable` END AS variable FROM `variable variable` variable INNER JOIN variable variable ON variable.variable = variable.variable WHERE variable.variable = variable GROUP BY variable.variable ) WHERE variable IS NOT NULL,1
1820,SELECT variable FROM ( SELECT DISTINCT CASE  WHEN `variable variable` = variable THEN variable ELSE NULL END AS variable FROM `variable variable` ) WHERE variable IS NOT NULL,1
1821,SELECT variable FROM ( SELECT DISTINCT CASE  WHEN variable.`variable variable` = variable AND variable.`variable variable` = variable THEN variable.`variable variable` ELSE NULL END AS variable FROM `variable variable` variable INNER JOIN `variable variable` variable ON variable.variable = variable.variable INNER JOIN `variable variable` variable ON variable.variable = variable.variable INNER JOIN variable variable ON variable.variable = variable.variable ) WHERE variable IS NOT NULL,1
1822,SELECT variable FROM ( SELECT DISTINCT CASE  WHEN variable.`variable variable` = variable AND variable.`variable variable` = variable THEN variable.`variable variable` ELSE NULL END AS variable FROM variable variable INNER JOIN `variable variable` variable ON variable.variable = variable.variable INNER JOIN `variable variable` variable ON variable.variable = variable.variable ) WHERE variable IS NOT NULL,1
1823,SELECT variable FROM ( SELECT DISTINCT CASE  WHEN variable.`variable variable` = variable AND variable.`variable variable` = variable THEN variable.`variable variable` END AS variable FROM variable variable INNER JOIN `variable variable` variable ON variable.variable = variable.variable INNER JOIN variable variable ON variable.variable = variable.variable ) WHERE variable IS NOT NULL,1
1824,SELECT variable FROM ( SELECT DISTINCT CASE  WHEN variable.`variable variable` = variable THEN variable.`variable variable` END AS variable FROM variable variable INNER JOIN `variable variable` variable ON variable.variable = variable.variable ) WHERE variable IS NOT NULL,1
1825,SELECT variable FROM ( SELECT DISTINCT CASE  WHEN variable.`variable variable` = variable THEN variable.variable ELSE NULL END AS variable FROM `variable variable` variable INNER JOIN `variable variable` variable ON variable.variable = variable.variable ) WHERE variable IS NOT NULL,1
1826,SELECT variable FROM ( SELECT DISTINCT CASE  WHEN variable.`variable variable` = variable THEN variable.variable END AS variable FROM `variable variable` variable INNER JOIN `variable variable` variable ON variable.variable = variable.variable ) WHERE variable IS NOT NULL,1
1827,SELECT variable FROM ( SELECT DISTINCT CASE  WHEN variable.`variable variable` > variable THEN variable.`variable variable` END AS variable FROM variable variable INNER JOIN `variable variable` variable ON variable.variable = variable.variable ) WHERE variable IS NOT NULL,1
1828,SELECT variable FROM ( SELECT DISTINCT CASE  WHEN variable.variable = variable AND variable.`variable variable` = variable AND variable.`variable variable` = variable THEN variable.variable END AS variable FROM `variable variable` variable INNER JOIN `variable variable` variable ON variable.variable = variable.variable ) WHERE variable IS NOT NULL,1
1829,SELECT variable FROM ( SELECT DISTINCT CASE  WHEN variable.variable = variable THEN variable.`variable variable` ELSE NULL END AS variable FROM `variable variable` variable INNER JOIN `variable variable` variable ON variable.variable = variable.variable ) WHERE variable IS NOT NULL,1
1830,SELECT variable FROM ( SELECT DISTINCT CASE  WHEN variable.variable = variable THEN variable.`variable variable` ELSE NULL END AS variable FROM variable variable INNER JOIN `variable variable` variable ON variable.variable = variable.variable ) WHERE variable IS NOT NULL,1
1831,SELECT variable FROM ( SELECT DISTINCT CASE  WHEN variable.variable = variable THEN variable.variable END AS variable FROM variable variable INNER JOIN `variable variable` variable ON variable.variable = variable.variable ) WHERE variable IS NOT NULL,1
1832,SELECT variable FROM ( SELECT DISTINCT CASE  WHEN variable.variable = variable THEN variable.variable END AS variable FROM variable variable INNER JOIN `variable variable` variable ON variable.variable = variable.variable INNER JOIN `variable variable` variable ON variable.variable = variable.variable ) WHERE variable IS NOT NULL,1
1833,SELECT variable FROM ( SELECT DISTINCT CASE  WHEN variable.variable LIKE variable AND variable.`variable variable` = variable THEN variable.`variable variable` END AS variable FROM variable variable INNER JOIN `variable variable` variable ON variable.variable = variable.variable INNER JOIN variable variable ON variable.variable = variable.variable ) WHERE variable IS NOT NULL,1
1834,SELECT variable FROM ( SELECT DISTINCT CASE WHEN variable.variable > variable THEN variable.variable ELSE NULL END AS variable FROM variable variable INNER JOIN variable variable ON variable.variable = variable.variable WHERE variable.variable = variable AND variable.variable = variable AND variable.variable = variable ) WHERE variable IS NOT NULL,1
1835,"SELECT variable FROM ( SELECT DISTINCT variable(variable.`variable variable` = variable, variable.variable, NULL) AS variable FROM `variable variable` variable INNER JOIN variable variable ON variable.variable = variable.variable ) WHERE variable IS NOT NULL",1
1836,"SELECT variable FROM ( SELECT variable(`variable variable` LIKE variable, `variable variable`, NULL) AS variable FROM variable ) WHERE variable IS NOT NULL",1
1837,"SELECT variable FROM ( SELECT variable(variable = variable, variable, NULL) AS variable FROM variable ) WHERE variable IS NOT NULL",1
1838,"SELECT variable FROM ( SELECT variable, COUNT(variable) AS variable FROM variable GROUP BY variable ) variable ORDER BY variable.variable DESC LIMIT variable",1
1839,"SELECT variable FROM ( SELECT variable.variable, COUNT(variable.variable) FROM variable AS variable GROUP BY variable.variable ORDER BY COUNT(variable.variable) DESC LIMIT variable )",1
1840,SELECT variable FROM `variable variable` GROUP BY variable ORDER BY COUNT(DISTINCT `variable variable`) DESC LIMIT variable,1
1841,SELECT variable FROM `variable variable` WHERE variable = variable,1
1842,SELECT variable FROM `variable variable` WHERE variable LIKE variable,1
1843,SELECT variable FROM `variable variable` WHERE variable LIKE variable GROUP BY variable ORDER BY COUNT(variable) DESC LIMIT variable,1
1844,SELECT variable FROM `variable-variable` WHERE variable = variable AND variable = variable AND end = variable AND variable = variable,1
1845,SELECT variable FROM `variable-variable` WHERE variable = variable GROUP BY variable,1
1846,SELECT variable FROM `variable` GROUP BY variable ORDER BY COUNT(variable) LIMIT variable,1
1847,SELECT variable FROM `variable` ORDER BY variable DESC LIMIT variable,1
1848,"SELECT variable FROM `variable` WHERE SUBSTR(variable, variable, variable) = variable",1
1849,SELECT variable FROM `variable` WHERE variable = ( SELECT variable FROM variable WHERE variable = variable ) OR variable = ( SELECT variable FROM variable WHERE variable = variable ) ORDER BY variable ASC LIMIT variable,1
1850,SELECT variable FROM variable AS variable INNER JOIN `variable-variable` AS variable ON variable.variable = variable.variable WHERE variable.`variable-variable` = variable GROUP BY variable ORDER BY COUNT(variable) DESC LIMIT variable,1
1851,SELECT variable FROM variable AS variable INNER JOIN variable AS variable ON variable.variable = variable.variable AND variable.variable = variable.variable INNER JOIN variable AS variable ON variable.variable = variable.variable AND variable.variable = variable.variable WHERE variable.variable = variable AND variable = variable,1
1852,SELECT variable FROM variable AS variable INNER JOIN variable AS variable ON variable.variable = variable.variable AND variable.variable = variable.variable WHERE variable.variable = variable GROUP BY variable.variable ORDER BY SUM(variable.variable) DESC LIMIT variable,1
1853,SELECT variable FROM variable AS variable INNER JOIN variable AS variable ON variable.variable = variable.variable GROUP BY variable.variable ORDER BY COUNT(variable.variable) DESC LIMIT variable,1
1854,SELECT variable FROM variable AS variable INNER JOIN variable AS variable ON variable.variable = variable.variable WHERE variable = variable,1
1855,SELECT variable FROM variable AS variable INNER JOIN variable AS variable ON variable.variable = variable.variable WHERE variable.variable = variable GROUP BY variable,1
1856,SELECT variable FROM variable AS variable INNER JOIN variable AS variable ON variable.variable = variable.variable WHERE variable.variable = variable GROUP BY variable.variable ORDER BY SUM(variable.variable) DESC LIMIT variable,1
1857,"SELECT variable FROM variable AS variable INNER JOIN variable AS variable ON variable.variable = variable.variable WHERE variable.variable = variable GROUP BY variable.variable, variable.variable ORDER BY COUNT(variable.variable) DESC LIMIT variable",1
1858,SELECT variable FROM variable GROUP BY variable ORDER BY COUNT(DISTINCT variable) DESC LIMIT variable,1
1859,"SELECT variable FROM variable GROUP BY variable, variable, variable, variable HAVING CAST(variable AS variable) * variable / (variable + variable) > variable",1
1860,"SELECT variable FROM variable ORDER BY SUBSTR(variable, variable(variable) - variable, variable(variable)) ASC LIMIT variable",1
1861,"SELECT variable FROM variable ORDER BY SUBSTR(variable, variable(variable) - variable, variable(variable)) DESC LIMIT variable",1
1862,SELECT variable FROM variable ORDER BY variable * (variable - variable) LIMIT variable,1
1863,SELECT variable FROM variable ORDER BY variable * variable DESC LIMIT variable,1
1864,SELECT variable FROM variable ORDER BY variable - variable LIMIT variable,1
1865,SELECT variable FROM variable ORDER BY variable - variable.variable DESC LIMIT variable,1
1866,SELECT variable FROM variable ORDER BY variable / variable DESC LIMIT variable,1
1867,SELECT variable FROM variable ORDER BY variable ASC LIMIT variable;,1
1868,SELECT variable FROM variable ORDER BY variable LIMIT variable;,1
1869,SELECT variable FROM variable ORDER BY variable(variable) DESC LIMIT variable,1
1870,"SELECT variable FROM variable WHERE CAST(STRFTIME(variable, variable) AS variable) < variable LIMIT variable",1
1871,"SELECT variable FROM variable WHERE CAST(STRFTIME(variable, variable) AS variable) = variable",1
1872,SELECT variable FROM variable WHERE CAST(variable AS variable) * variable / (variable + variable) < variable,1
1873,SELECT variable FROM variable WHERE CAST(variable AS variable) * variable / variable > variable,1
1874,"SELECT variable FROM variable WHERE STRFTIME(variable, variable) = variable",1
1875,"SELECT variable FROM variable WHERE STRFTIME(variable, variable) = variable ORDER BY variable LIMIT variable",1
1876,"SELECT variable FROM variable WHERE STRFTIME(variable, variable) BETWEEN variable AND variable",1
1877,"SELECT variable FROM variable WHERE SUBSTR(`variable`, variable, variable) = variable AND SUBSTR(`variable`, variable, variable) = variable AND variable < variable GROUP BY variable HAVING COUNT(DISTINCT `variable`) = ( SELECT COUNT(DISTINCT `variable`) FROM variable WHERE SUBSTR(`variable`, variable, variable) = variable AND SUBSTR(`variable`, variable, variable) = variable AND variable < variable GROUP BY variable ORDER BY COUNT(`variable`) DESC LIMIT variable )",1
1878,"SELECT variable FROM variable WHERE SUBSTR(variable, variable, variable) < variable;",1
1879,"SELECT variable FROM variable WHERE SUBSTR(variable, variable, variable) = variable AND variable = variable;",1
1880,SELECT variable FROM variable WHERE `variable` = ( SELECT MAX(variable) FROM variable ),1
1881,"SELECT variable FROM variable WHERE strftime(variable, variable) = variable ORDER BY variable DESC LIMIT variable",1
1882,SELECT variable FROM variable WHERE variable != variable,1
1883,SELECT variable FROM variable WHERE variable != variable GROUP BY variable HAVING COUNT(variable) = variable,1
1884,SELECT variable FROM variable WHERE variable < ( SELECT variable FROM variable WHERE variable = variable ),1
1885,SELECT variable FROM variable WHERE variable < variable AND variable != variable,1
1886,SELECT variable FROM variable WHERE variable < variable AND variable > variable,1
1887,SELECT variable FROM variable WHERE variable < variable ORDER BY variable / variable DESC LIMIT variable,1
1888,SELECT variable FROM variable WHERE variable <= ( SELECT MAX(variable) - MAX(variable) * variable FROM variable ),1
1889,SELECT variable FROM variable WHERE variable <= variable,1
1890,SELECT variable FROM variable WHERE variable = ( SELECT CASE WHEN variable = variable THEN variable ELSE variable END FROM variable WHERE variable = variable ),1
1891,SELECT variable FROM variable WHERE variable = ( SELECT MAX( variable) FROM variable ),1
1892,SELECT variable FROM variable WHERE variable = ( SELECT MAX(variable) FROM variable );,1
1893,SELECT variable FROM variable WHERE variable = ( SELECT MAX(variable) FROM variable WHERE variable = variable ),1
1894,SELECT variable FROM variable WHERE variable = ( SELECT MIN(variable) FROM variable ) ORDER BY variable * variable DESC LIMIT variable,1
1895,SELECT variable FROM variable WHERE variable = ( SELECT variable FROM `variable` ORDER BY variable ASC LIMIT variable ),1
1896,SELECT variable FROM variable WHERE variable = ( SELECT variable FROM variable ORDER BY variable ASC LIMIT variable ),1
1897,SELECT variable FROM variable WHERE variable = ( SELECT variable FROM variable WHERE variable = variable ) LIMIT variable,1
1898,SELECT variable FROM variable WHERE variable = ( SELECT variable FROM variable WHERE variable = variable GROUP BY variable ORDER BY COUNT(variable) DESC LIMIT variable ),1
1899,SELECT variable FROM variable WHERE variable = ( SELECT variable FROM variable WHERE variable = variable GROUP BY variable ORDER BY SUM(variable + variable) DESC LIMIT variable ),1
1900,SELECT variable FROM variable WHERE variable = variable AND (variable = variable OR variable = variable) ORDER BY variable DESC LIMIT variable,1
1901,"SELECT variable FROM variable WHERE variable = variable AND CAST(REPLACE(SUBSTR(variable, variable), variable, variable) AS variable) > variable",1
1902,SELECT variable FROM variable WHERE variable = variable AND CAST(variable AS variable) * variable / variable > variable,1
1903,"SELECT variable FROM variable WHERE variable = variable AND STRFTIME(variable, variable) >= variable AND variable IN ( SELECT variable FROM variable ) ORDER BY variable LIMIT variable",1
1904,SELECT variable FROM variable WHERE variable = variable AND `variable` LIKE variable,1
1905,SELECT variable FROM variable WHERE variable = variable AND variable = ( SELECT MIN(variable) FROM variable WHERE variable = variable ),1
1906,SELECT variable FROM variable WHERE variable = variable AND variable = variable AND variable = ( SELECT MAX(variable) FROM variable WHERE variable = variable AND variable = variable ),1
1907,SELECT variable FROM variable WHERE variable = variable AND variable = variable AND variable = variable GROUP BY variable ORDER BY COUNT(variable) DESC LIMIT variable,1
1908,SELECT variable FROM variable WHERE variable = variable AND variable = variable AND variable LIKE variable LIMIT variable;,1
1909,SELECT variable FROM variable WHERE variable = variable AND variable = variable GROUP BY variable,1
1910,SELECT variable FROM variable WHERE variable = variable AND variable = variable ORDER BY variable DESC LIMIT variable;,1
1911,"SELECT variable FROM variable WHERE variable = variable AND variable IN (variable, variable, variable) ORDER BY variable DESC LIMIT variable",1
1912,SELECT variable FROM variable WHERE variable = variable AND variable LIKE variable,1
1913,"SELECT variable FROM variable WHERE variable = variable GROUP BY variable HAVING MAX(SUBSTR(variable, variable, variable)) - MIN(SUBSTR(variable, variable, variable)) >= variable",1
1914,SELECT variable FROM variable WHERE variable = variable GROUP BY variable HAVING MAX(variable) - MIN(variable) > variable,1
1915,SELECT variable FROM variable WHERE variable = variable GROUP BY variable ORDER BY COUNT(*) DESC LIMIT variable,1
1916,SELECT variable FROM variable WHERE variable = variable GROUP BY variable ORDER BY SUM(variable) DESC LIMIT variable,1
1917,"SELECT variable FROM variable WHERE variable = variable GROUP BY variable, variable ORDER BY CAST(SUM(variable) AS variable) / variable DESC LIMIT variable",1
1918,"SELECT variable FROM variable WHERE variable = variable GROUP BY variable, variable ORDER BY SUM(variable) DESC LIMIT variable",1
1919,SELECT variable FROM variable WHERE variable = variable OR variable = variable GROUP BY variable ORDER BY COUNT(variable) DESC LIMIT variable,1
1920,SELECT variable FROM variable WHERE variable = variable OR variable = variable ORDER BY variable ASC LIMIT variable,1
1921,"SELECT variable FROM variable WHERE variable = variable ORDER BY CAST(REPLACE(REPLACE(variable, variable, variable), variable, variable) AS variable) DESC LIMIT variable",1
1922,"SELECT variable FROM variable WHERE variable = variable ORDER BY CAST(REPLACE(trim(variable, variable), variable, variable) AS variable) DESC LIMIT variable",1
1923,SELECT variable FROM variable WHERE variable = variable ORDER BY CAST(variable AS variable) / (variable + variable) DESC LIMIT variable,1
1924,SELECT variable FROM variable WHERE variable = variable ORDER BY variable - variable DESC LIMIT variable,1
1925,SELECT variable FROM variable WHERE variable = variable ORDER BY variable ASC,1
1926,SELECT variable FROM variable WHERE variable = variable ORDER BY variable ASC LIMIT variable,1
1927,"SELECT variable FROM variable WHERE variable = variable ORDER BY variable DESC LIMIT variable, variable",1
1928,SELECT variable FROM variable WHERE variable = variable UNION ALL SELECT CAST(SUM(variable < variable) AS variable) * variable / COUNT(*) FROM variable WHERE variable = variable,1
1929,SELECT variable FROM variable WHERE variable > ( SELECT AVG(variable) FROM variable ),1
1930,SELECT variable FROM variable WHERE variable > variable + variable * variable AND variable > variable,1
1931,SELECT variable FROM variable WHERE variable > variable LIMIT variable,1
1932,SELECT variable FROM variable WHERE variable > variable;,1
1933,SELECT variable FROM variable WHERE variable >= variable AND variable <= variable,1
1934,SELECT variable FROM variable WHERE variable BETWEEN variable AND variable AND variable = variable,1
1935,SELECT variable FROM variable WHERE variable BETWEEN variable AND variable AND variable = variable ORDER BY variable DESC LIMIT variable,1
1936,SELECT variable FROM variable WHERE variable BETWEEN variable AND variable AND variable LIKE variable,1
1937,"SELECT variable FROM variable WHERE variable BETWEEN variable AND variable GROUP BY variable, variable HAVING COUNT(variable) = variable",1
1938,SELECT variable FROM variable WHERE variable BETWEEN variable AND variable LIMIT variable;,1
1939,SELECT variable FROM variable WHERE variable BETWEEN variable AND variable ORDER BY CAST(variable AS variable) / variable DESC LIMIT variable,1
1940,SELECT variable FROM variable WHERE variable BETWEEN variable AND variable ORDER BY variable DESC,1
1941,SELECT variable FROM variable WHERE variable IN ( SELECT variable FROM variable GROUP BY variable HAVING COUNT(variable) > variable ) AND variable / variable <= variable,1
1942,SELECT variable FROM variable WHERE variable IN ( SELECT variable FROM variable WHERE variable < variable ) AND variable = variable,1
1943,SELECT variable FROM variable WHERE variable IN ( SELECT variable FROM variable WHERE variable = ( SELECT MAX(variable) FROM variable ) ),1
1944,"SELECT variable FROM variable WHERE variable IN (( SELECT MAX(variable) FROM variable ), ( SELECT MIN(variable) FROM variable ))",1
1945,"SELECT variable FROM variable WHERE variable IN (variable, variable)",1
1946,"SELECT variable FROM variable WHERE variable IN (variable, variable) AND variable NOT IN ( SELECT variable FROM variable )",1
1947,"SELECT variable FROM variable WHERE variable IN (variable, variable) GROUP BY variable",1
1948,"SELECT variable FROM variable WHERE variable IN (variable, variable) GROUP BY variable ORDER BY COUNT(variable) DESC LIMIT variable",1
1949,"SELECT variable FROM variable WHERE variable IN (variable, variable) ORDER BY variable LIMIT variable",1
1950,"SELECT variable FROM variable WHERE variable IN (variable, variable, variable);",1
1951,"SELECT variable FROM variable WHERE variable IN (variable, variable, variable, variable, variable)",1
1952,SELECT variable FROM variable WHERE variable IS NOT NULL AND variable = variable,1
1953,SELECT variable FROM variable WHERE variable IS NOT NULL ORDER BY variable ASC LIMIT variable;,1
1954,SELECT variable FROM variable WHERE variable IS NOT NULL;,1
1955,SELECT variable FROM variable WHERE variable IS NULL,1
1956,SELECT variable FROM variable WHERE variable IS NULL AND variable = variable,1
1957,SELECT variable FROM variable WHERE variable IS NULL OR variable = variable,1
1958,SELECT variable FROM variable WHERE variable LIKE variable AND variable != variable,1
1959,SELECT variable FROM variable WHERE variable LIKE variable AND variable BETWEEN variable AND variable ORDER BY variable DESC LIMIT variable,1
1960,SELECT variable FROM variable WHERE variable LIKE variable AND variable LIKE variable,1
1961,SELECT variable FROM variable WHERE variable LIKE variable AND variable LIKE variable AND variable = variable AND variable = variable AND variable = ( SELECT MAX(variable) FROM variable WHERE variable LIKE variable AND variable LIKE variable AND variable = variable AND variable = variable ),1
1962,SELECT variable FROM variable WHERE variable LIKE variable OR variable LIKE variable OR variable LIKE variable,1
1963,SELECT variable FROM variable WHERE variable LIKE variable ORDER BY variable LIMIT variable,1
1964,SELECT variable FROM variable WHERE variable NOT IN ( SELECT variable.variable FROM variable AS variable INNER JOIN variable AS variable ON variable.variable = variable.variable ),1
1965,"SELECT variable FROM variable WHERE variable(variable) - variable(replace(variable, variable, variable)) = variable",1
1966,SELECT variable end FROM variable WHERE variable = variable,1
1967,"SELECT variable(CAST(COUNT(CASE WHEN variable.variable = variable THEN variable.variable END) AS variable) / CAST(COUNT(DISTINCT CASE WHEN variable.variable = variable THEN variable.variable END) AS variable) - CAST(COUNT(CASE WHEN variable.variable = variable THEN variable.variable END) AS variable) / CAST(COUNT(DISTINCT CASE WHEN variable.variable = variable THEN variable.variable END) AS variable), variable) AS variable FROM variable AS variable INNER JOIN variable AS variable ON variable.variable = variable.variable INNER JOIN variable AS variable ON variable.variable = variable.variable",1
1968,"SELECT variable(SUM(CASE WHEN variable.variable = variable THEN variable.variable ELSE variable END) > SUM(CASE WHEN variable.variable = variable THEN variable.variable ELSE variable END), variable, variable) FROM variable AS variable INNER JOIN variable AS variable ON variable.variable = variable.variable WHERE variable.variable = variable AND variable.variable = variable AND variable.variable = variable",1
1969,"SELECT variable(SUM(variable(variable = variable, variable, variable)) - SUM(variable(variable = variable, variable, variable)), variable, variable) AS variable FROM variable WHERE variable = variable",1
1970,"SELECT variable(SUM(variable(variable.variable = variable, variable, variable)) - SUM(variable(variable.variable = variable, variable, variable)) > variable, variable, variable) AS variable FROM variable AS variable INNER JOIN variable AS variable ON variable.variable = variable.variable",1
1971,"SELECT variable(SUM(variable(variable.variable = variable, variable, variable)) - SUM(variable(variable.variable = variable, variable, variable)) > variable, variable, variable) AS variable FROM variable AS variable INNER JOIN variable AS variable ON variable.variable = variable.variable WHERE variable.variable = variable",1
1972,"SELECT variable(SUM(variable(variable.variable = variable, variable.variable, variable)) - SUM(variable(variable.variable = variable, variable.variable, variable)) > variable, variable, variable) FROM variable AS variable INNER JOIN variable AS variable ON variable.variable = variable.variable",1
1973,SELECT variable(variable) - variable(variable) FROM variable ORDER BY variable(variable) - variable(variable) DESC LIMIT variable,1
1974,"SELECT variable(variable.variable = variable, variable, variable) AS variable FROM ( SELECT COUNT(variable) AS variable FROM variable WHERE variable = variable ) variable",1
1975,"SELECT variable(variable.variable = variable, variable, variable) FROM variable AS variable RIGHT JOIN variable AS variable ON variable.variable = variable.variable WHERE variable.variable = variable",1
1976,"SELECT variable(variable.variable IS NULL, variable, variable) AS variable , variable.variable FROM variable AS variable LEFT JOIN variable AS variable ON variable.variable = variable.variable WHERE variable.variable = variable",1
1977,"SELECT variable(variable.variable IS NULL, variable, variable) FROM variable AS variable LEFT JOIN variable AS variable ON variable.variable = variable.variable WHERE variable.variable = variable",1
1978,SELECT variable(variable.variable) - variable(variable.variable) FROM variable AS variable INNER JOIN variable AS variable ON variable.variable = variable.variable WHERE variable.variable = variable AND variable.variable = variable,1
1979,"SELECT variable(variable.variable) - variable(variable.variable), variable.variable FROM variable AS variable INNER JOIN variable AS variable ON variable.variable = variable.variable WHERE variable.variable = variable",1
1980,SELECT variable(variable.variable) FROM variable AS variable INNER JOIN variable AS variable ON variable.variable = variable.variable WHERE variable.variable = variable AND variable.variable = variable,1
1981,"SELECT variable, COUNT(variable) FROM variable GROUP BY variable",1
1982,"SELECT variable, COUNT(variable) FROM variable WHERE variable = variable AND variable BETWEEN variable AND variable GROUP BY variable",1
1983,"SELECT variable, COUNT(variable), ( SELECT variable FROM variable GROUP BY variable ORDER BY COUNT(variable) ASC LIMIT variable ), ( SELECT COUNT(variable) FROM variable GROUP BY variable ORDER BY COUNT(variable) ASC LIMIT variable ) FROM variable GROUP BY variable ORDER BY COUNT(variable) DESC LIMIT variable",1
1984,"SELECT variable, SUM(variable) FROM variable WHERE variable = variable",1
1985,"SELECT variable, variable * variable * variable FROM variable WHERE variable > variable",1
1986,"SELECT variable, variable / variable FROM variable WHERE variable = variable",1
1987,"SELECT variable, variable FROM ( SELECT variable , CASE  WHEN `variable variable` LIKE variable THEN `variable variable` ELSE NULL END AS variable FROM variable ) WHERE variable IS NOT NULL ORDER BY variable DESC",1
1988,"SELECT variable, variable FROM `variable` WHERE SUBSTR(`variable`, variable, variable) = variable",1
1989,"SELECT variable, variable FROM variable ORDER BY variable DESC LIMIT variable, variable",1
1990,"SELECT variable, variable FROM variable WHERE (variable = variable OR variable = variable) AND variable LIKE variable",1
1991,"SELECT variable, variable FROM variable WHERE CAST((variable - variable) AS variable) * variable / variable > variable",1
1992,"SELECT variable, variable FROM variable WHERE CAST(REPLACE(SUBSTR(variable, variable), variable, variable) AS variable) = ( SELECT MAX(CAST(REPLACE(SUBSTR(variable, variable), variable, variable) AS variable)) FROM variable )",1
1993,"SELECT variable, variable FROM variable WHERE STRFTIME(variable, variable) < variable",1
1994,"SELECT variable, variable FROM variable WHERE SUBSTR(variable, variable(variable) - variable, variable(variable)) = variable",1
1995,"SELECT variable, variable FROM variable WHERE `variable` = ( SELECT MAX(variable) FROM variable )",1
1996,"SELECT variable, variable FROM variable WHERE variable != variable ORDER BY variable",1
1997,"SELECT variable, variable FROM variable WHERE variable < variable AND variable > variable",1
1998,"SELECT variable, variable FROM variable WHERE variable = ( SELECT MAX(variable) FROM variable WHERE variable IS NOT NULL AND variable IS NOT variable )",1
1999,"SELECT variable, variable FROM variable WHERE variable = ( SELECT variable FROM variable ORDER BY variable DESC LIMIT variable )",1
2000,"SELECT variable, variable FROM variable WHERE variable = ( SELECT variable FROM variable WHERE variable = variable ) AND variable = variable",1
2001,"SELECT variable, variable FROM variable WHERE variable = variable AND SUBSTR(variable, variable, variable) = variable;",1
2002,"SELECT variable, variable FROM variable WHERE variable = variable AND `variable` = variable",1
2003,"SELECT variable, variable FROM variable WHERE variable = variable AND variable != variable",1
2004,"SELECT variable, variable FROM variable WHERE variable = variable AND variable = ( SELECT variable FROM variable WHERE variable = variable AND variable = variable )",1
2005,"SELECT variable, variable FROM variable WHERE variable = variable AND variable = variable AND variable = variable AND variable = variable",1
2006,"SELECT variable, variable FROM variable WHERE variable = variable AND variable = variable GROUP BY variable, variable",1
2007,"SELECT variable, variable FROM variable WHERE variable = variable AND variable > variable ORDER BY variable ASC LIMIT variable",1
2008,"SELECT variable, variable FROM variable WHERE variable = variable AND variable >= variable;",1
2009,"SELECT variable, variable FROM variable WHERE variable = variable AND variable IS NOT NULL",1
2010,"SELECT variable, variable FROM variable WHERE variable = variable AND variable LIKE variable ORDER BY variable DESC LIMIT variable",1
2011,"SELECT variable, variable FROM variable WHERE variable = variable ORDER BY variable",1
2012,"SELECT variable, variable FROM variable WHERE variable = variable ORDER BY variable DESC LIMIT variable, variable",1
2013,"SELECT variable, variable FROM variable WHERE variable = variable ORDER BY variable DESC LIMIT variable;",1
2014,"SELECT variable, variable FROM variable WHERE variable >= variable AND variable < variable AND variable = variable",1
2015,"SELECT variable, variable FROM variable WHERE variable BETWEEN variable AND variable ORDER BY variable DESC LIMIT variable",1
2016,"SELECT variable, variable FROM variable WHERE variable IN ( SELECT variable FROM variable WHERE variable = variable AND variable = variable )",1
2017,"SELECT variable, variable FROM variable WHERE variable IN ( variable,  variable,  variable,  variable,  variable,  variable,  variable,  variable )",1
2018,"SELECT variable, variable FROM variable WHERE variable IS NOT NULL AND variable IS NOT NULL",1
2019,"SELECT variable, variable FROM variable WHERE variable IS NOT NULL ORDER BY variable ASC LIMIT variable",1
2020,"SELECT variable, variable FROM variable WHERE variable IS NULL",1
2021,"SELECT variable, variable FROM variable WHERE variable IS NULL OR variable = variable",1
2022,"SELECT variable, variable(variable) FROM variable GROUP BY variable HAVING COUNT(DISTINCT variable) > variable",1
2023,"SELECT variable, variable, variable - variable FROM variable WHERE variable IS NULL AND variable IS NOT NULL",1
2024,"SELECT variable, variable, variable FROM `variable variable` WHERE `variable variable` = variable",1
2025,"SELECT variable, variable, variable FROM variable ORDER BY variable ASC LIMIT variable",1
2026,"SELECT variable, variable, variable FROM variable ORDER BY variable DESC LIMIT variable",1
2027,"SELECT variable, variable, variable FROM variable ORDER BY variable DESC, variable DESC, variable DESC LIMIT variable",1
2028,"SELECT variable, variable, variable FROM variable ORDER BY variable LIMIT variable",1
2029,"SELECT variable, variable, variable FROM variable WHERE STRFTIME(variable,variable) = variable AND variable = variable",1
2030,"SELECT variable, variable, variable FROM variable WHERE variable != variable",1
2031,"SELECT variable, variable, variable FROM variable WHERE variable = ( SELECT MAX(variable) FROM variable ) LIMIT variable",1
2032,"SELECT variable, variable, variable FROM variable WHERE variable = variable AND variable = variable AND variable = variable",1
2033,"SELECT variable, variable, variable FROM variable WHERE variable = variable ORDER BY variable ASC LIMIT variable",1
2034,"SELECT variable, variable, variable FROM variable WHERE variable = variable ORDER BY variable DESC LIMIT variable",1
2035,"SELECT variable, variable, variable FROM variable WHERE variable IS NOT NULL AND variable IS NOT NULL",1
2036,"SELECT variable, variable, variable FROM variable WHERE variable IS NULL AND variable LIKE variable",1
2037,"SELECT variable, variable, variable FROM variable WHERE variable LIKE variable",1
2038,"SELECT variable, variable, variable, variable FROM variable WHERE variable IN ( SELECT variable FROM variable WHERE variable = variable AND variable = ( SELECT MAX(variable) FROM variable ) )",1
2039,"SELECT variable, variable, variable, variable, variable , variable, variable FROM variable WHERE variable > variable ORDER BY variable DESC",1
2040,SELECT variable.`Order variable` FROM variable AS variable INNER JOIN variable AS variable ON variable.`variable variable` = variable.`variable variable` WHERE variable.variable = variable AND variable.`variable variable` = variable,1
2041,SELECT variable.`Order variable` FROM variable AS variable INNER JOIN variable AS variable ON variable.`variable variable` = variable.`variable variable` WHERE variable.variable = variable AND variable.variable = variable ORDER BY variable.variable DESC LIMIT variable,1
2042,"SELECT variable.`Order variable`, variable.`variable variable` FROM variable AS variable INNER JOIN variable AS variable ON variable.`variable variable` = variable.`variable variable` WHERE variable.`Order variable` = variable AND variable.variable = variable",1
2043,SELECT variable.`group` FROM variable AS variable INNER JOIN variable AS variable ON variable.variable = variable.variable WHERE variable.variable = variable AND variable.variable = variable,1
2044,SELECT variable.`variable (variable)` FROM variable AS variable INNER JOIN variable AS variable ON variable.variable = variable.variable WHERE variable.`variable variable` = variable,1
2045,SELECT variable.`variable variable variable` FROM variable AS variable INNER JOIN variable AS variable ON variable.variable = variable.variable WHERE variable.`variable variable` = variable,1
2046,"SELECT variable.`variable variable` FROM `variable variable` AS variable INNER JOIN `variable variable` AS variable ON variable.variable = variable.variable WHERE REPLACE(variable.`variable variable`, variable, variable) = ( SELECT REPLACE(variable.`variable variable`, variable, variable) FROM `variable variable` AS variable INNER JOIN `variable variable` AS variable ON variable.variable = variable.variable ORDER BY REPLACE(variable.`variable variable`, variable, variable) DESC LIMIT variable ) ORDER BY REPLACE(variable.`variable variable`, variable, variable) DESC LIMIT variable",1
2047,SELECT variable.`variable variable` FROM `variable variable` AS variable INNER JOIN `variable variable` AS variable ON variable.variable = variable.variable WHERE variable.variable LIKE variable GROUP BY variable.`variable variable` ORDER BY COUNT(variable.variable) ASC LIMIT variable,1
2048,"SELECT variable.`variable variable` FROM `variable variable` AS variable INNER JOIN variable AS variable ON variable.variable = variable.variable WHERE variable.`Order variable` > variable AND variable LIKE variable ORDER BY REPLACE(variable.`variable variable`, variable, variable) - REPLACE(variable.`variable variable`, variable, variable) ASC LIMIT variable",1
2049,SELECT variable.`variable variable` FROM `variable variable` AS variable INNER JOIN variable AS variable ON variable.variable = variable.variable WHERE variable.variable LIKE variable GROUP BY variable.variable ORDER BY COUNT(variable.variable) DESC LIMIT variable,1
2050,"SELECT variable.`variable variable` FROM variable AS variable INNER JOIN `variable variable` AS variable ON variable.variable = variable.variable INNER JOIN `variable variable` AS variable ON variable.variable = variable.variable WHERE variable.`variable variable` = variable AND variable.variable LIKE variable ORDER BY REPLACE(variable.`variable variable`, variable, variable) - REPLACE(variable.`variable variable`, variable, variable) DESC LIMIT variable",1
2051,SELECT variable.`variable variable` FROM variable AS variable INNER JOIN `variable variable` AS variable ON variable.variable = variable.variable INNER JOIN `variable variable` AS variable ON variable.variable = variable.variable WHERE variable.`variable variable` = variable GROUP BY variable.`variable variable` ORDER BY COUNT(variable.`variable variable`) ASC LIMIT variable,1
2052,"SELECT variable.`variable variable` FROM variable AS variable INNER JOIN variable AS variable ON variable.`variable variable` = variable.`variable variable` GROUP BY variable.`Order variable`, variable.`variable variable` ORDER BY SUM((variable.variable / (variable - variable.variable)) * variable.variable - variable.variable) DESC LIMIT variable",1
2053,SELECT variable.`variable variable` FROM variable AS variable INNER JOIN variable AS variable ON variable.`variable variable` = variable.`variable variable` INNER JOIN variable AS variable ON variable.`variable variable` = variable.`variable variable` WHERE variable.`variable variable` = variable AND variable.variable = variable ORDER BY variable.variable DESC LIMIT variable,1
2054,SELECT variable.`variable variable` FROM variable AS variable INNER JOIN variable AS variable ON variable.`variable variable` = variable.`variable variable` INNER JOIN variable AS variable ON variable.`variable variable` = variable.`variable variable` WHERE variable.`variable variable` = variable GROUP BY variable.`variable variable` ORDER BY COUNT(variable.`variable variable`) DESC LIMIT variable,1
2055,SELECT variable.`variable variable` FROM variable AS variable INNER JOIN variable AS variable ON variable.`variable variable` = variable.`variable variable` ORDER BY (variable.variable / (variable - variable.variable)) DESC LIMIT variable,1
2056,SELECT variable.`variable variable` FROM variable AS variable INNER JOIN variable AS variable ON variable.`variable variable` = variable.`variable variable` WHERE variable.`Order variable` = variable AND variable.`variable variable` = variable AND variable.variable = variable,1
2057,SELECT variable.`variable variable` FROM variable AS variable INNER JOIN variable AS variable ON variable.`variable variable` = variable.`variable variable` WHERE variable.`variable variable` = variable AND variable.`variable variable` LIKE variable,1
2058,SELECT variable.`variable variable` FROM variable AS variable INNER JOIN variable AS variable ON variable.`variable variable` = variable.`variable variable` WHERE variable.`variable variable` = variable AND variable.variable = variable,1
2059,SELECT variable.`variable variable` FROM variable AS variable INNER JOIN variable AS variable ON variable.`variable variable` = variable.`variable variable` WHERE variable.`variable variable` = variable AND variable.variable = variable AND variable.`Order variable` = variable,1
2060,"SELECT variable.`variable variable` FROM variable AS variable INNER JOIN variable AS variable ON variable.`variable variable` = variable.`variable variable` WHERE variable.variable = variable AND STRFTIME(variable, variable.`Order variable`) = variable ORDER BY variable.variable ASC LIMIT variable",1
2061,"SELECT variable.`variable variable` FROM variable AS variable INNER JOIN variable AS variable ON variable.`variable variable` = variable.`variable variable` WHERE variable.variable = variable AND variable.variable = variable AND variable.variable = variable AND STRFTIME(variable, variable.`Order variable`) = variable GROUP BY variable.`variable variable` ORDER BY COUNT(variable.`variable variable`) DESC LIMIT variable",1
2062,SELECT variable.`variable variable` FROM variable AS variable INNER JOIN variable AS variable ON variable.`variable variable` = variable.`variable variable` WHERE variable.variable = variable AND variable.variable = variable ORDER BY variable.variable DESC LIMIT variable,1
2063,SELECT variable.`variable variable` FROM variable AS variable INNER JOIN variable AS variable ON variable.`variable variable` = variable.variable INNER JOIN variable AS variable ON variable.`variable variable` = variable.`variable variable` WHERE variable.variable = variable GROUP BY variable.`variable variable` ORDER BY COUNT(variable.`variable variable`) DESC LIMIT variable,1
2064,SELECT variable.`variable variable` FROM variable AS variable INNER JOIN variable AS variable ON variable.variable = variable.variable INNER JOIN variable AS variable ON variable.variable = variable.variable WHERE variable.variable = variable AND variable.variable = variable,1
2065,SELECT variable.`variable variable` FROM variable AS variable INNER JOIN variable AS variable ON variable.variable = variable.variable WHERE variable.variable = variable AND variable.variable = variable,1
2066,SELECT variable.`variable variable` FROM variable AS variable INNER JOIN variable AS variable ON variable.variable = variable.variable WHERE variable.variable = variable AND variable.variable = variable ORDER BY variable.variable DESC LIMIT variable,1
2067,SELECT variable.`variable variable` FROM variable AS variable INNER JOIN variable AS variable ON variable.variable = variable.variable WHERE variable.variable = variable ORDER BY variable.variable DESC LIMIT variable,1
2068,"SELECT variable.`variable variable`, variable.variable FROM `variable variable` AS variable INNER JOIN `variable variable` AS variable ON variable.variable = variable.variable WHERE variable.variable = variable",1
2069,"SELECT variable.`variable variable`, variable.variable FROM variable AS variable INNER JOIN `variable variable` AS variable ON variable.variable = variable.variable INNER JOIN variable AS variable ON variable.variable = variable.variable WHERE variable.`variable variable` = variable AND variable.`variable variable` = variable AND variable.variable LIKE variable",1
2070,"SELECT variable.`variable variable`, variable.variable FROM variable AS variable INNER JOIN variable AS variable ON variable.variable = variable.variable INNER JOIN variable AS variable ON variable.variable = variable.variable WHERE variable.variable = variable ORDER BY variable.variable DESC LIMIT variable",1
2071,SELECT variable.`variable-variable` FROM `variable-variable` AS variable INNER JOIN variable AS variable ON variable.variable = variable.variable WHERE variable.variable = variable AND variable.variable = variable.variable,1
2072,SELECT variable.`variable-variable` FROM variable AS variable INNER JOIN `variable-variable` AS variable INNER JOIN variable AS variable ON variable.variable = variable.variable AND variable.variable = variable.variable WHERE variable.variable = variable AND variable.variable = variable AND variable.`variable-variable` != variable GROUP BY variable.`variable-variable`,1
2073,SELECT variable.`variable-variable` FROM variable AS variable INNER JOIN `variable-variable` AS variable ON variable.variable = variable.variable WHERE variable.variable = variable,1
2074,SELECT variable.`variable-variable` FROM variable AS variable INNER JOIN `variable-variable` AS variable ON variable.variable = variable.variable WHERE variable.variable = variable AND variable.variable = variable.variable,1
2075,SELECT variable.`variable-variable` FROM variable AS variable INNER JOIN variable AS variable ON variable.variable = variable.variable WHERE variable.variable = variable AND variable.variable = variable AND variable.`variable variable` = variable,1
2076,"SELECT variable.`variable-variable`, variable.variable FROM `variable-variable` AS variable INNER JOIN variable AS variable ON variable.variable = variable.variable INNER JOIN variable AS variable ON variable.variable = variable.variable WHERE variable.variable = variable",1
2077,SELECT variable.`variable` FROM variable AS variable INNER JOIN `variable` AS variable ON variable.variable = variable.variable WHERE variable.variable = variable,1
2078,SELECT variable.`variable` FROM variable AS variable INNER JOIN variable AS variable ON variable.variable = variable.variable INNER JOIN variable AS variable ON variable.variable = variable.variable WHERE variable.variable = variable,1
2079,SELECT variable.`variable` FROM variable AS variable INNER JOIN variable AS variable ON variable.variable = variable.variable WHERE variable.variable = variable ORDER BY variable.variable DESC LIMIT variable,1
2080,"SELECT variable.`variable`, variable.variable, variable.variable FROM variable AS variable INNER JOIN variable AS variable ON variable.variable = variable.variable WHERE variable.variable = variable",1
2081,"SELECT variable.`variable`, variable.variable, variable.variable, variable.variable FROM variable AS variable INNER JOIN variable AS variable ON variable.variable = variable.variable WHERE variable.variable = variable",1
2082,SELECT variable.variable * (variable - variable.variable) - variable.variable * variable.variable AS variable FROM variable AS variable INNER JOIN variable AS variable ON variable.variable = variable.variable INNER JOIN variable AS variable ON variable.variable = variable.variable WHERE variable.variable = variable AND variable.variable = variable AND variable.variable = variable,1
2083,SELECT variable.variable * (variable - variable.variable) FROM variable AS variable INNER JOIN variable AS variable ON variable.variable = variable.variable WHERE variable.variable = variable AND variable.variable = variable,1
2084,"SELECT variable.variable * (variable - variable.variable), variable.variable FROM variable AS variable INNER JOIN variable AS variable ON variable.variable = variable.variable INNER JOIN variable AS variable ON variable.variable = variable.variable WHERE variable.variable = variable AND variable.variable = variable",1
2085,SELECT variable.variable * variable AS variable FROM variable AS variable INNER JOIN variable AS variable ON variable.variable = variable.variable WHERE variable.variable = variable AND variable.variable = variable,1
2086,SELECT variable.variable * variable FROM variable AS variable INNER JOIN variable AS variable ON variable.variable = variable.variable WHERE variable.variable = variable AND variable.variable = variable,1
2087,SELECT variable.variable * variable.variable * variable FROM variable AS variable INNER JOIN variable AS variable ON variable.variable = variable.variable WHERE variable.variable = variable AND variable.variable = variable,1
2088,SELECT variable.variable * variable.variable * variable.variable FROM variable AS variable INNER JOIN variable AS variable ON variable.variable = variable.variable WHERE variable.variable = variable,1
2089,SELECT variable.variable * variable.variable FROM variable AS variable INNER JOIN variable AS variable ON variable.variable = variable.variable INNER JOIN variable AS variable ON variable.variable = variable.variable INNER JOIN variable AS variable ON variable.variable = variable.variable WHERE variable.variable = variable,1
2090,SELECT variable.variable * variable.variable FROM variable AS variable INNER JOIN variable AS variable ON variable.variable = variable.variable INNER JOIN variable AS variable ON variable.variable = variable.variable WHERE variable.variable = variable AND variable.variable = variable,1
2091,SELECT variable.variable * variable.variable FROM variable AS variable INNER JOIN variable AS variable ON variable.variable = variable.variable WHERE variable = ( SELECT variable.variable FROM variable AS variable INNER JOIN variable AS variable ON variable.variable = variable.variable INNER JOIN variable AS variable ON variable.variable = variable.variable INNER JOIN variable AS variable ON variable.variable = variable.variable WHERE variable.variable = variable AND variable.variable = variable ORDER BY variable.variable DESC LIMIT variable ) AND variable.variable = variable,1
2092,SELECT variable.variable * variable.variable FROM variable AS variable INNER JOIN variable AS variable ON variable.variable = variable.variable WHERE variable.variable = variable AND variable.variable = variable AND variable.variable = variable AND variable.variable = variable,1
2093,SELECT variable.variable * variable.variable FROM variable AS variable INNER JOIN variable AS variable ON variable.variable = variable.variable WHERE variable.variable IS NOT NULL ORDER BY variable.variable ASC LIMIT variable,1
2094,"SELECT variable.variable * variable.variable, variable.variable, variable.variable FROM variable AS variable INNER JOIN variable AS variable ON variable.variable = variable.variable INNER JOIN variable AS variable ON variable.variable = variable.variable WHERE variable.variable = variable",1
2095,"SELECT variable.variable , CAST(SUM(CASE WHEN variable = variable THEN variable ELSE variable END) AS variable) * variable / SUM(variable) FROM variable AS variable INNER JOIN variable AS variable ON variable.variable = variable.variable WHERE variable.variable = variable GROUP BY variable.variable",1
2096,"SELECT variable.variable , CAST(SUM(CASE WHEN variable.variable = variable THEN variable ELSE variable END) * variable / SUM(CASE WHEN variable.variable IS NOT NULL THEN variable ELSE variable END) AS variable) FROM variable AS variable INNER JOIN variable AS variable ON variable.variable = variable.variable WHERE variable.variable = variable",1
2097,"SELECT variable.variable , CAST(SUM(CASE WHEN variable.variable = variable THEN variable ELSE variable END) AS variable) * variable / COUNT(variable.variable) AS variable , CAST(SUM(CASE WHEN variable.variable = variable THEN variable ELSE variable END) AS variable) * variable / COUNT(variable.variable) FROM variable AS variable INNER JOIN variable AS variable ON variable.variable = variable.variable GROUP BY variable.variable ORDER BY COUNT(variable.variable) DESC LIMIT variable",1
2098,"SELECT variable.variable - CAST(SUBSTR(variable.variable, variable, variable) AS variable) AS variable FROM variable AS variable INNER JOIN variable AS variable ON variable.variable = variable.variable WHERE variable.variable = variable AND variable.variable = variable AND variable.variable = variable;",1
2099,"SELECT variable.variable - variable.variable AS variable FROM ( SELECT variable.variable, variable.variable AS variable FROM variable AS variable INNER JOIN variable AS variable ON variable.variable = variable.variable WHERE variable.variable = variable AND variable.variable = variable AND variable.variable = variable ) AS variable INNER JOIN ( SELECT variable.variable, variable.variable AS variable FROM variable AS variable INNER JOIN variable AS variable ON variable.variable = variable.variable WHERE variable.variable = variable AND variable.variable = variable AND variable.variable = variable ) AS variable ON variable.variable = variable.variable",1
2100,SELECT variable.variable - variable.variable AS variable FROM variable AS variable INNER JOIN variable AS variable ON variable.variable = variable.variable WHERE variable.variable = variable,1
2101,SELECT variable.variable - variable.variable AS variable FROM variable AS variable INNER JOIN variable AS variable ON variable.variable = variable.variable WHERE variable.variable = variable AND variable.`variable` = variable,1
2102,SELECT variable.variable - variable.variable AS variable FROM variable AS variable INNER JOIN variable AS variable ON variable.variable = variable.variable WHERE variable.variable = variable AND variable.variable = variable AND variable.variable = variable AND variable.variable = variable ORDER BY variable.variable LIMIT variable,1
2103,SELECT variable.variable - variable.variable AS variable FROM variable AS variable INNER JOIN variable AS variable ON variable.variable = variable.variable WHERE variable.variable = variable AND variable.variable = variable ORDER BY variable.variable DESC LIMIT variable,1
2104,SELECT variable.variable - variable.variable AS variable FROM variable AS variable INNER JOIN variable AS variable ON variable.variable = variable.variable WHERE variable.variable = variable AND variable.variable LIKE variable AND variable.variable = variable,1
2105,SELECT variable.variable - variable.variable AS variable FROM variable AS variable INNER JOIN variable AS variable ON variable.variable = variable.variable WHERE variable.variable = variable ORDER BY variable.variable DESC LIMIT variable,1
2106,SELECT variable.variable - variable.variable AS variable FROM variable AS variable INNER JOIN variable AS variable ON variable.variable = variable.variable WHERE variable.variable LIKE variable AND variable.variable = variable,1
2107,"SELECT variable.variable - variable.variable AS variable, variable.variable FROM variable AS variable INNER JOIN variable AS variable ON variable.variable = variable.variable WHERE variable.variable = variable AND variable.variable = variable AND variable.variable = variable AND variable.variable = variable AND variable.variable = variable;",1
2108,SELECT variable.variable - variable.variable FROM variable AS variable INNER JOIN variable AS variable ON variable.variable = variable.variable INNER JOIN variable AS variable ON variable.variable = variable.variable WHERE variable.variable = variable AND variable.variable = variable,1
2109,SELECT variable.variable - variable.variable FROM variable AS variable INNER JOIN variable AS variable ON variable.variable = variable.variable WHERE variable.variable = variable AND variable.variable = variable,1
2110,SELECT variable.variable - variable.variable FROM variable AS variable INNER JOIN variable AS variable ON variable.variable = variable.variable WHERE variable.variable = variable AND variable.variable = variable AND variable.variable = variable,1
2111,"SELECT variable.variable - variable.variable FROM variable AS variable INNER JOIN variable AS variable ON variable.variable = variable.variable WHERE variable.variable IS NOT NULL GROUP BY variable.variable, variable.variable ORDER BY SUM(variable) LIMIT variable",1
2112,SELECT variable.variable - variable.variable FROM variable AS variable INNER JOIN variable AS variable ON variable.variable = variable.variable WHERE variable.variable LIKE variable,1
2113,"SELECT variable.variable - variable.variable, variable FROM variable AS variable INNER JOIN variable AS variable ON variable.variable = variable.variable ORDER BY variable.variable - variable.variable DESC LIMIT variable",1
2114,"SELECT variable.variable - variable.variable, variable.variable FROM variable AS variable INNER JOIN variable AS variable ON variable.variable = variable.variable WHERE variable.variable = variable ORDER BY variable.variable DESC LIMIT variable",1
2115,SELECT variable.variable / variable.variable FROM variable AS variable INNER JOIN variable AS variable ON variable.variable = variable.variable INNER JOIN variable AS variable ON variable.variable = variable.variable WHERE variable.variable = variable,1
2116,"SELECT variable.variable / variable.variable, variable.variable FROM variable AS variable INNER JOIN variable AS variable ON variable.variable = variable.variable WHERE variable.variable = variable",1
2117,SELECT variable.variable AS variable FROM variable AS variable INNER JOIN variable AS variable ON variable.variable = variable.variable INNER JOIN variable AS variable ON variable.variable = variable.variable WHERE variable.variable = variable,1
2118,"SELECT variable.variable AS variable, variable.variable AS variable FROM variable AS variable INNER JOIN variable AS variable ON variable.variable = variable.variable INNER JOIN variable AS variable ON variable.variable = variable.variable WHERE variable.variable = variable",1
2119,"SELECT variable.variable FROM ( SELECT variable, variable FROM variable WHERE variable IN (variable, variable) ) AS variable ORDER BY variable DESC LIMIT variable",1
2120,SELECT variable.variable FROM ( SELECT variable.variable FROM variable AS variable INNER JOIN variable AS variable ON variable.variable = variable.variable INNER JOIN variable AS variable ON variable.variable = variable.variable INNER JOIN variable AS variable ON variable.variable = variable.variable INNER JOIN variable AS variable ON variable.variable = variable.variable WHERE variable.variable = variable ORDER BY variable.variable DESC LIMIT variable ) variable,1
2121,SELECT variable.variable FROM ( SELECT variable.variable FROM variable AS variable INNER JOIN variable AS variable ON variable.variable = variable.variable INNER JOIN variable AS variable ON variable.variable = variable.variable INNER JOIN variable AS variable ON variable.variable = variable.variable ORDER BY variable.variable LIMIT variable ) variable,1
2122,"SELECT variable.variable FROM ( SELECT variable.variable, COUNT( variable) AS variable FROM variable AS variable INNER JOIN variable AS variable ON variable.variable = variable.variable WHERE variable.variable = variable GROUP BY variable.variable ) variable ORDER BY variable.variable DESC LIMIT variable",1
2123,"SELECT variable.variable FROM ( SELECT variable.variable, COUNT(DISTINCT variable.variable) FROM variable AS variable INNER JOIN variable AS variable ON variable.variable = variable.variable GROUP BY variable.variable HAVING COUNT(DISTINCT variable.variable) = variable ) variable",1
2124,"SELECT variable.variable FROM ( SELECT variable.variable, COUNT(DISTINCT variable.variable) FROM variable AS variable INNER JOIN variable AS variable ON variable.variable = variable.variable GROUP BY variable.variable ORDER BY COUNT(variable.variable) DESC LIMIT variable ) variable",1
2125,"SELECT variable.variable FROM ( SELECT variable.variable, COUNT(DISTINCT variable.variable) FROM variable AS variable INNER JOIN variable AS variable ON variable.variable = variable.variable INNER JOIN variable AS variable ON variable.variable = variable.variable WHERE variable.variable = variable GROUP BY variable.variable ORDER BY COUNT(DISTINCT variable.variable) DESC LIMIT variable ) variable",1
2126,"SELECT variable.variable FROM ( SELECT variable.variable, COUNT(DISTINCT variable.variable) FROM variable AS variable INNER JOIN variable AS variable ON variable.variable = variable.variable WHERE variable.variable = variable GROUP BY variable.variable ORDER BY COUNT(DISTINCT variable.variable) DESC LIMIT variable ) AS variable",1
2127,"SELECT variable.variable FROM ( SELECT variable.variable, COUNT(variable) FROM variable AS variable GROUP BY variable.variable ORDER BY COUNT(variable.variable) DESC LIMIT variable ) variable",1
2128,"SELECT variable.variable FROM ( SELECT variable.variable, COUNT(variable.variable) AS variable FROM variable AS variable INNER JOIN variable AS variable ON variable.variable = variable.variable GROUP BY variable.variable ) AS variable ORDER BY variable.variable LIMIT variable",1
2129,"SELECT variable.variable FROM ( SELECT variable.variable, COUNT(variable.variable) AS variable FROM variable AS variable INNER JOIN variable AS variable ON variable.variable = variable.variable GROUP BY variable.variable ) variable ORDER BY variable.variable DESC LIMIT variable",1
2130,"SELECT variable.variable FROM ( SELECT variable.variable, COUNT(variable.variable) AS variable FROM variable AS variable INNER JOIN variable AS variable ON variable.variable = variable.variable GROUP BY variable.variable ) variable ORDER BY variable.variable LIMIT variable",1
2131,"SELECT variable.variable FROM ( SELECT variable.variable, COUNT(variable.variable) AS variable FROM variable AS variable INNER JOIN variable AS variable ON variable.variable = variable.variable GROUP BY variable.variable ) variable WHERE variable.variable = variable",1
2132,"SELECT variable.variable FROM ( SELECT variable.variable, COUNT(variable.variable) AS variable FROM variable AS variable INNER JOIN variable AS variable ON variable.variable = variable.variable INNER JOIN variable AS variable ON variable.variable = variable.variable INNER JOIN variable AS variable ON variable.variable = variable.variable INNER JOIN variable AS variable ON variable.variable = variable.variable INNER JOIN variable AS variable ON variable.variable = variable.variable WHERE variable.variable = variable GROUP BY variable.variable ) AS variable ORDER BY variable.variable DESC LIMIT variable",1
2133,"SELECT variable.variable FROM ( SELECT variable.variable, COUNT(variable.variable) AS variable FROM variable AS variable INNER JOIN variable AS variable ON variable.variable = variable.variable INNER JOIN variable AS variable ON variable.variable = variable.variable WHERE variable.variable > variable GROUP BY variable.variable ) AS variable WHERE variable.variable > variable",1
2134,"SELECT variable.variable FROM ( SELECT variable.variable, COUNT(variable.variable) AS variable FROM variable AS variable INNER JOIN variable AS variable ON variable.variable = variable.variable WHERE variable.variable = variable GROUP BY variable.variable ) variable ORDER BY variable.variable DESC LIMIT variable",1
2135,"SELECT variable.variable FROM ( SELECT variable.variable, COUNT(variable.variable) AS variable FROM variable AS variable INNER JOIN variable AS variable ON variable.variable = variable.variable WHERE variable.variable > variable AND variable.variable = variable GROUP BY variable.variable ) AS variable ORDER BY variable.variable DESC LIMIT variable",1
2136,"SELECT variable.variable FROM ( SELECT variable.variable, COUNT(variable.variable) AS variable FROM variable AS variable INNER JOIN variable AS variable ON variable.variable = variable.variable WHERE variable.variable BETWEEN variable AND variable GROUP BY variable.variable ) AS variable ORDER BY variable.variable DESC LIMIT variable",1
2137,"SELECT variable.variable FROM ( SELECT variable.variable, COUNT(variable.variable) FROM variable AS variable INNER JOIN variable AS variable ON variable.variable = variable.variable GROUP BY variable.variable ORDER BY COUNT(variable.variable) ASC LIMIT variable ) variable",1
2138,"SELECT variable.variable FROM ( SELECT variable.variable, COUNT(variable.variable) FROM variable AS variable INNER JOIN variable AS variable ON variable.variable = variable.variable INNER JOIN variable AS variable ON variable.variable = variable.variable INNER JOIN variable AS variable ON variable.variable = variable.variable WHERE variable.variable = variable GROUP BY variable.variable ORDER BY COUNT(variable.variable) DESC LIMIT variable ) variable",1
2139,"SELECT variable.variable FROM ( SELECT variable.variable, COUNT(variable.variable) FROM variable AS variable INNER JOIN variable AS variable ON variable.variable = variable.variable WHERE variable.variable = variable GROUP BY variable.variable ORDER BY COUNT(variable.variable) DESC LIMIT variable ) AS variable",1
2140,"SELECT variable.variable FROM ( SELECT variable.variable, MAX(variable.variable) FROM variable AS variable INNER JOIN variable AS variable ON variable.variable = variable.variable WHERE variable.variable = variable ) variable",1
2141,"SELECT variable.variable FROM ( SELECT variable.variable, SUM(variable.variable) * variable FROM variable AS variable INNER JOIN variable AS variable ON variable.variable = variable.variable INNER JOIN variable AS variable ON variable.variable = variable.variable INNER JOIN variable AS variable ON variable.variable = variable.variable INNER JOIN variable AS variable ON variable.variable = variable.variable WHERE variable.variable = variable GROUP BY variable.variable ORDER BY SUM(variable.variable) * variable DESC LIMIT variable ) variable",1
2142,"SELECT variable.variable FROM ( SELECT variable.variable, SUM(variable.variable) AS variable FROM variable AS variable INNER JOIN variable AS variable ON variable.variable = variable.variable GROUP BY variable.variable ) variable ORDER BY variable.variable DESC LIMIT variable",1
2143,"SELECT variable.variable FROM ( SELECT variable.variable, SUM(variable.variable) AS variable FROM variable AS variable INNER JOIN variable AS variable ON variable.variable = variable.variable WHERE variable.variable < variable GROUP BY variable.variable ) AS variable ORDER BY variable.variable LIMIT variable",1
2144,"SELECT variable.variable FROM ( SELECT variable.variable, SUM(variable.variable) AS variable FROM variable AS variable INNER JOIN variable AS variable ON variable.variable = variable.variable WHERE variable.variable > variable GROUP BY variable.variable ) variable ORDER BY variable.variable DESC LIMIT variable",1
2145,"SELECT variable.variable FROM ( SELECT variable.variable, SUM(variable.variable) FROM variable AS variable INNER JOIN variable AS variable ON variable.variable = variable.variable INNER JOIN variable AS variable ON variable.variable = variable.variable INNER JOIN variable AS variable ON variable.variable = variable.variable GROUP BY variable.variable ORDER BY SUM(variable.variable) DESC LIMIT variable ) variable",1
2146,"SELECT variable.variable FROM ( SELECT variable.variable, SUM(variable.variable) FROM variable AS variable INNER JOIN variable AS variable ON variable.variable = variable.variable INNER JOIN variable AS variable ON variable.variable = variable.variable WHERE strftime(variable, variable.variable) = variable GROUP BY variable.variable ORDER BY SUM(variable.variable) DESC LIMIT variable ) AS variable",1
2147,"SELECT variable.variable FROM ( SELECT variable.variable, SUM(variable.variable) FROM variable AS variable INNER JOIN variable AS variable ON variable.variable = variable.variable WHERE variable.variable = variable GROUP BY variable.variable ORDER BY SUM(variable.variable) DESC LIMIT variable ) variable",1
2148,"SELECT variable.variable FROM ( SELECT variable.variable, SUM(variable.variable) FROM variable AS variable WHERE variable.variable = variable GROUP BY variable.variable ORDER BY SUM(variable.variable) DESC LIMIT variable ) variable",1
2149,"SELECT variable.variable FROM ( SELECT variable.variable, variable.variable FROM variable AS variable INNER JOIN variable AS variable ON variable.variable = variable.variable INNER JOIN variable AS variable ON variable.variable = variable.variable WHERE variable.variable = variable ORDER BY variable.variable DESC ) AS variable WHERE variable.variable = ( SELECT MAX(variable.variable) FROM variable AS variable INNER JOIN variable AS variable ON variable.variable = variable.variable INNER JOIN variable AS variable ON variable.variable = variable.variable WHERE variable.variable = variable )",1
2150,SELECT variable.variable FROM `variable variable` AS variable INNER JOIN `variable variable` AS variable ON variable.variable = variable.variable WHERE variable.variable = variable GROUP BY variable.variable ORDER BY COUNT(variable.variable) DESC LIMIT variable,1
2151,SELECT variable.variable FROM `variable variable` AS variable INNER JOIN variable AS variable ON variable.variable = variable.variable WHERE variable.variable < variable AND variable.variable < variable GROUP BY variable.variable,1
2152,SELECT variable.variable FROM `variable variable` AS variable INNER JOIN variable AS variable ON variable.variable = variable.variable WHERE variable.variable = variable,1
2153,SELECT variable.variable FROM `variable variable` AS variable INNER JOIN variable AS variable ON variable.variable = variable.variable WHERE variable.variable = variable AND variable.variable < ( SELECT AVG(variable) * variable FROM variable ),1
2154,SELECT variable.variable FROM `variable variable` AS variable INNER JOIN variable AS variable ON variable.variable = variable.variable WHERE variable.variable = variable AND variable.variable < ( SELECT AVG(variable) * variable FROM variable ) GROUP BY variable.variable,1
2155,SELECT variable.variable FROM `variable variable` AS variable INNER JOIN variable AS variable ON variable.variable = variable.variable WHERE variable.variable = variable GROUP BY variable.variable ORDER BY COUNT(variable.variable) DESC LIMIT variable,1
2156,SELECT variable.variable FROM `variable-variable` AS variable INNER JOIN `variable-variable` AS variable ON variable.variable = variable.variable WHERE variable.variable = variable GROUP BY variable.variable,1
2157,SELECT variable.variable FROM `variable-variable` AS variable INNER JOIN variable AS variable ON variable.variable = variable.variable WHERE (variable.variable IS NULL OR variable.variable = variable) AND (variable.variable IS NULL OR variable.variable = variable) AND (variable.variable IS NULL OR variable.variable = variable) AND variable.variable IS NOT NULL AND variable.variable != variable,1
2158,SELECT variable.variable FROM `variable-variable` AS variable INNER JOIN variable AS variable ON variable.variable = variable.variable WHERE variable.`variable-variable` = variable,1
2159,"SELECT variable.variable FROM `variable-variable` AS variable INNER JOIN variable AS variable ON variable.variable = variable.variable WHERE variable.`variable-variable` = variable ORDER BY CAST(REPLACE(trim(variable.variable, variable), variable, variable) AS variable) DESC LIMIT variable",1
2160,SELECT variable.variable FROM `variable-variable` AS variable INNER JOIN variable AS variable ON variable.variable = variable.variable WHERE variable.variable IS NOT NULL,1
2161,SELECT variable.variable FROM `variable` AS variable INNER JOIN variable AS variable ON variable.variable = variable.variable GROUP BY variable.variable ORDER BY COUNT(variable.variable) DESC LIMIT variable,1
2162,SELECT variable.variable FROM `variable` AS variable INNER JOIN variable AS variable ON variable.variable = variable.variable INNER JOIN variable AS variable ON variable.variable = variable.variable INNER JOIN variable AS variable ON variable.variable = variable.variable WHERE variable.variable = variable GROUP BY variable.variable ORDER BY COUNT(variable.variable) ASC LIMIT variable,1
2163,SELECT variable.variable FROM `variable` AS variable INNER JOIN variable AS variable ON variable.variable = variable.variable WHERE variable.variable = variable AND variable.variable = variable,1
2164,SELECT variable.variable FROM `variable` AS variable INNER JOIN variable AS variable ON variable.variable = variable.variable WHERE variable.variable = variable GROUP BY variable.variable ORDER BY COUNT(variable.variable) DESC LIMIT variable,1
2165,SELECT variable.variable FROM variable AS variable  INNER JOIN variable AS variable  ON variable.variable = variable.variable INNER JOIN variable AS variable  ON variable.variable = variable.variable WHERE variable.variable = variable AND variable.variable = variable GROUP BY variable.variable ORDER BY COUNT(variable.variable) DESC LIMIT variable,1
2166,SELECT variable.variable FROM variable AS variable  INNER JOIN variable AS variable  ON variable.variable = variable.variable INNER JOIN variable AS variable  ON variable.variable = variable.variable WHERE variable.variable = variable ORDER BY variable.variable DESC LIMIT variable,1
2167,SELECT variable.variable FROM variable AS variable  INNER JOIN variable AS variable  ON variable.variable = variable.variable WHERE variable.variable = variable AND variable.variable = variable AND variable.variable = variable,1
2168,SELECT variable.variable FROM variable AS variable  INNER JOIN variable AS variable  ON variable.variable = variable.variable WHERE variable.variable = variable AND variable.variable = variable GROUP BY variable.variable ORDER BY COUNT(variable.variable) DESC LIMIT variable,1
2169,SELECT variable.variable FROM variable AS variable  INNER JOIN variable AS variable  ON variable.variable = variable.variable WHERE variable.variable = variable GROUP BY variable.variable ORDER BY COUNT(variable.variable) DESC LIMIT variable,1
2170,SELECT variable.variable FROM variable AS variable INNER JOIN ( SELECT * FROM variable WHERE variable = variable AND variable = variable ) AS variable ON variable.variable = variable.variable WHERE variable.variable = variable AND variable.variable = variable ORDER BY (CAST(variable.variable AS variable) / (variable.variable + variable.variable) - (CAST(variable.variable AS variable) / (variable.variable + variable.variable))) DESC LIMIT variable,1
2171,"SELECT variable.variable FROM variable AS variable INNER JOIN ( SELECT variable, COUNT(variable) FROM variable GROUP BY variable ORDER BY COUNT(variable) DESC LIMIT variable ) AS variable ON variable.variable = variable.variable",1
2172,"SELECT variable.variable FROM variable AS variable INNER JOIN ( SELECT variable, MAX(variable) AS variable FROM variable GROUP BY variable ) AS variable ON variable.variable = variable.variable WHERE variable.variable <= variable",1
2173,"SELECT variable.variable FROM variable AS variable INNER JOIN ( SELECT variable, MAX(variable) AS variable FROM variable GROUP BY variable ) AS variable ON variable.variable = variable.variable WHERE variable.variable = variable AND variable.variable < variable",1
2174,"SELECT variable.variable FROM variable AS variable INNER JOIN ( SELECT variable.variable, COUNT(variable.variable) FROM variable AS variable GROUP BY variable.variable ORDER BY COUNT(variable.variable) DESC LIMIT variable ) AS variable ON variable.variable = variable.variable",1
2175,SELECT variable.variable FROM variable AS variable INNER JOIN `variable variable` AS variable ON variable.variable = variable.variable INNER JOIN variable AS variable ON variable.variable = variable.variable WHERE variable.variable = variable AND variable.variable = variable AND variable.variable LIKE variable AND variable.variable LIKE variable,1
2176,SELECT variable.variable FROM variable AS variable INNER JOIN `variable variable` AS variable ON variable.variable = variable.variable WHERE variable.variable = variable AND variable.variable = variable GROUP BY variable.variable,1
2177,"SELECT variable.variable FROM variable AS variable INNER JOIN `variable-variable` AS variable ON variable.variable = variable.variable GROUP BY variable.variable, variable.variable ORDER BY COUNT(variable.variable) DESC LIMIT variable",1
2178,SELECT variable.variable FROM variable AS variable INNER JOIN `variable-variable` AS variable ON variable.variable = variable.variable ORDER BY variable.variable LIMIT variable,1
2179,"SELECT variable.variable FROM variable AS variable INNER JOIN `variable-variable` AS variable ON variable.variable = variable.variable WHERE variable.variable = variable AND strftime(variable, variable.variable) >= variable AND variable.variable = variable AND variable.variable = variable",1
2180,SELECT variable.variable FROM variable AS variable INNER JOIN `variable-variable` AS variable ON variable.variable = variable.variable WHERE variable.variable = variable AND variable.variable = variable AND variable.variable = variable,1
2181,SELECT variable.variable FROM variable AS variable INNER JOIN `variable-variable` AS variable ON variable.variable = variable.variable WHERE variable.variable = variable AND variable.variable = variable GROUP BY variable.variable,1
2182,SELECT variable.variable FROM variable AS variable INNER JOIN `variable-variable` AS variable ON variable.variable = variable.variable WHERE variable.variable = variable GROUP BY variable.variable ORDER BY COUNT(variable.variable) DESC LIMIT variable,1
2183,SELECT variable.variable FROM variable AS variable INNER JOIN `variable-variable` AS variable ON variable.variable = variable.variable WHERE variable.variable IS NOT NULL AND variable.variable IS NOT NULL AND variable.variable IS NOT NULL AND variable.variable IS NOT NULL,1
2184,SELECT variable.variable FROM variable AS variable INNER JOIN `variable-variable` AS variable ON variable.variable = variable.variable WHERE variable.variable IS NOT NULL GROUP BY variable.variable,1
2185,SELECT variable.variable FROM variable AS variable INNER JOIN `variable` AS variable ON variable.variable = variable.variable INNER JOIN variable AS variable ON variable.variable = variable.variable WHERE variable.variable = variable GROUP BY variable.variable ORDER BY COUNT(variable.variable) DESC LIMIT variable,1
2186,SELECT variable.variable FROM variable AS variable INNER JOIN `variable` AS variable ON variable.variable = variable.variable WHERE variable.variable = variable AND variable.variable = variable ORDER BY variable.variable LIMIT variable,1
2187,SELECT variable.variable FROM variable AS variable INNER JOIN `variable` AS variable ON variable.variable = variable.variable WHERE variable.variable = variable GROUP BY variable.variable HAVING COUNT(variable.variable) > variable,1
2188,SELECT variable.variable FROM variable AS variable INNER JOIN variable AS variable ON lower(variable.variable) = lower(variable.variable) WHERE variable.variable = variable,1
2189,SELECT variable.variable FROM variable AS variable INNER JOIN variable AS variable ON variable.`variable variable` = variable.`variable variable` INNER JOIN variable AS variable ON variable.`variable variable` = variable.`variable variable` INNER JOIN variable AS variable ON variable.`variable variable` = variable.`variable variable` INNER JOIN variable AS variable ON variable.`variable variable` = variable.`variable variable` WHERE variable.variable = variable AND variable.variable = variable ORDER BY variable.variable DESC LIMIT variable,1
2190,SELECT variable.variable FROM variable AS variable INNER JOIN variable AS variable ON variable.`variable variable` = variable.`variable variable` INNER JOIN variable AS variable ON variable.`variable variable` = variable.`variable variable` WHERE variable.variable = variable ORDER BY (variable.variable / (variable - variable.variable)) DESC LIMIT variable,1
2191,SELECT variable.variable FROM variable AS variable INNER JOIN variable AS variable ON variable.`variable variable` = variable.`variable variable` ORDER BY variable.variable LIMIT variable,1
2192,"SELECT variable.variable FROM variable AS variable INNER JOIN variable AS variable ON variable.`variable variable` = variable.`variable variable` WHERE strftime(variable, variable.variable) < variable",1
2193,SELECT variable.variable FROM variable AS variable INNER JOIN variable AS variable ON variable.`variable variable` = variable.`variable variable` WHERE variable.variable = ( SELECT MAX(variable) FROM variable ),1
2194,SELECT variable.variable FROM variable AS variable INNER JOIN variable AS variable ON variable.`variable variable` = variable.`variable variable` WHERE variable.variable = variable AND variable.`variable variable` = variable,1
2195,SELECT variable.variable FROM variable AS variable INNER JOIN variable AS variable ON variable.`variable` = variable.`variable` INNER JOIN variable AS variable ON variable.variable = variable.variable AND variable.variable = variable.variable WHERE variable.variable = variable AND variable.variable LIKE variable OR variable OR variable GROUP BY variable.variable ORDER BY variable.variable DESC LIMIT variable,1
2196,SELECT variable.variable FROM variable AS variable INNER JOIN variable AS variable ON variable.`variable` = variable.`variable` WHERE variable.`variable` = variable,1
2197,SELECT variable.variable FROM variable AS variable INNER JOIN variable AS variable ON variable.`variable` = variable.`variable` WHERE variable.variable = variable,1
2198,SELECT variable.variable FROM variable AS variable INNER JOIN variable AS variable ON variable.`variable` = variable.`variable` WHERE variable.variable = variable AND variable.`variable` = variable,1
2199,SELECT variable.variable FROM variable AS variable INNER JOIN variable AS variable ON variable.`variable` = variable.`variable` WHERE variable.variable = variable ORDER BY variable.`variable` DESC LIMIT variable,1
2200,SELECT variable.variable FROM variable AS variable INNER JOIN variable AS variable ON variable.variable <> variable.variable,1
2201,SELECT variable.variable FROM variable AS variable INNER JOIN variable AS variable ON variable.variable = variable.`variable variable` WHERE variable.variable = ( SELECT MAX(variable) FROM variable ),1
2202,SELECT variable.variable FROM variable AS variable INNER JOIN variable AS variable ON variable.variable = variable.`variable variable` WHERE variable.variable = variable AND variable.variable = variable,1
2203,SELECT variable.variable FROM variable AS variable INNER JOIN variable AS variable ON variable.variable = variable.`variable variable` WHERE variable.variable = variable AND variable.variable = variable AND variable.`variable variable` = variable,1
2204,SELECT variable.variable FROM variable AS variable INNER JOIN variable AS variable ON variable.variable = variable.`variable variable` WHERE variable.variable = variable LIMIT variable,1
2205,SELECT variable.variable FROM variable AS variable INNER JOIN variable AS variable ON variable.variable = variable.`variable variable` WHERE variable.variable > variable AND variable.variable = variable,1
2206,SELECT variable.variable FROM variable AS variable INNER JOIN variable AS variable ON variable.variable = variable.`variable variable` WHERE variable.variable LIKE variable,1
2207,"SELECT variable.variable FROM variable AS variable INNER JOIN variable AS variable ON variable.variable = variable.variable AND CAST(SUBSTR(variable, INSTR(variable, variable) + variable) AS variable) BETWEEN variable AND variable GROUP BY variable.variable",1
2208,SELECT variable.variable FROM variable AS variable INNER JOIN variable AS variable ON variable.variable = variable.variable AND variable = variable WHERE variable.variable = variable AND variable.variable = variable,1
2209,"SELECT variable.variable FROM variable AS variable INNER JOIN variable AS variable ON variable.variable = variable.variable AND variable.variable = SUBSTR(CAST(variable.variable AS variable), variable, INSTR(variable.variable, variable) - variable) WHERE variable.variable LIKE variable AND variable.variable = variable AND variable.variable = variable AND variable.variable = ( SELECT MIN(variable.variable) FROM variable AS variable INNER JOIN variable AS variable ON variable.variable = variable.variable AND variable.variable = SUBSTR(CAST(variable.variable AS variable), variable, INSTR(variable.variable, variable) - variable) WHERE variable.variable LIKE variable AND variable.variable = variable AND variable.variable = variable )",1
2210,SELECT variable.variable FROM variable AS variable INNER JOIN variable AS variable ON variable.variable = variable.variable AND variable.variable = variable.variable GROUP BY variable.variable ORDER BY SUM(variable.variable) DESC LIMIT variable,1
2211,SELECT variable.variable FROM variable AS variable INNER JOIN variable AS variable ON variable.variable = variable.variable AND variable.variable = variable.variable INNER JOIN variable AS variable ON variable.variable = variable.variable WHERE variable.variable = variable,1
2212,SELECT variable.variable FROM variable AS variable INNER JOIN variable AS variable ON variable.variable = variable.variable AND variable.variable = variable.variable INNER JOIN variable AS variable ON variable.variable = variable.variable WHERE variable.variable = variable AND variable.variable = variable AND variable.variable = variable,1
2213,SELECT variable.variable FROM variable AS variable INNER JOIN variable AS variable ON variable.variable = variable.variable AND variable.variable = variable.variable INNER JOIN variable AS variable ON variable.variable = variable.variable WHERE variable.variable = variable AND variable.variable = variable ORDER BY variable.variable DESC LIMIT variable,1
2214,SELECT variable.variable FROM variable AS variable INNER JOIN variable AS variable ON variable.variable = variable.variable AND variable.variable = variable.variable INNER JOIN variable AS variable ON variable.variable = variable.variable WHERE variable.variable = variable AND variable.variable IS NOT NULL ORDER BY variable.variable DESC LIMIT variable,1
2215,SELECT variable.variable FROM variable AS variable INNER JOIN variable AS variable ON variable.variable = variable.variable AND variable.variable = variable.variable INNER JOIN variable AS variable ON variable.variable = variable.variable WHERE variable.variable = variable ORDER BY variable.variable DESC LIMIT variable,1
2216,SELECT variable.variable FROM variable AS variable INNER JOIN variable AS variable ON variable.variable = variable.variable AND variable.variable = variable.variable WHERE variable.variable = variable AND variable.variable = ( SELECT DISTINCT variable FROM variable WHERE variable = variable ) AND variable.variable = ( SELECT DISTINCT variable FROM variable WHERE variable = variable ),1
2217,SELECT variable.variable FROM variable AS variable INNER JOIN variable AS variable ON variable.variable = variable.variable AND variable.variable = variable.variable WHERE variable.variable = variable AND variable.variable > variable.variable,1
2218,SELECT variable.variable FROM variable AS variable INNER JOIN variable AS variable ON variable.variable = variable.variable AND variable.variable = variable.variable WHERE variable.variable = variable GROUP BY variable.variable ORDER BY SUM(variable + variable) DESC LIMIT variable,1
2219,SELECT variable.variable FROM variable AS variable INNER JOIN variable AS variable ON variable.variable = variable.variable AND variable.variable BETWEEN variable AND variable AND variable.variable BETWEEN variable AND variable ORDER BY variable.variable DESC LIMIT variable,1
2220,SELECT variable.variable FROM variable AS variable INNER JOIN variable AS variable ON variable.variable = variable.variable GROUP BY variable.variable HAVING COUNT(variable.variable) > ( SELECT COUNT(variable.variable) FROM variable AS variable ) * variable,1
2221,SELECT variable.variable FROM variable AS variable INNER JOIN variable AS variable ON variable.variable = variable.variable GROUP BY variable.variable ORDER BY COUNT(*) DESC LIMIT variable;,1
2222,SELECT variable.variable FROM variable AS variable INNER JOIN variable AS variable ON variable.variable = variable.variable GROUP BY variable.variable ORDER BY COUNT(DISTINCT variable.variable) DESC LIMIT variable,1
2223,SELECT variable.variable FROM variable AS variable INNER JOIN variable AS variable ON variable.variable = variable.variable GROUP BY variable.variable ORDER BY COUNT(variable) DESC LIMIT variable,1
2224,"SELECT variable.variable FROM variable AS variable INNER JOIN variable AS variable ON variable.variable = variable.variable GROUP BY variable.variable ORDER BY COUNT(variable.variable) ASC LIMIT variable, variable",1
2225,"SELECT variable.variable FROM variable AS variable INNER JOIN variable AS variable ON variable.variable = variable.variable GROUP BY variable.variable ORDER BY COUNT(variable.variable) DESC LIMIT variable, variable",1
2226,"SELECT variable.variable FROM variable AS variable INNER JOIN variable AS variable ON variable.variable = variable.variable GROUP BY variable.variable ORDER BY COUNT(variable.variable) LIMIT variable, variable",1
2227,SELECT variable.variable FROM variable AS variable INNER JOIN variable AS variable ON variable.variable = variable.variable GROUP BY variable.variable ORDER BY SUM(variable.variable) ASC LIMIT variable,1
2228,"SELECT variable.variable FROM variable AS variable INNER JOIN variable AS variable ON variable.variable = variable.variable GROUP BY variable.variable ORDER BY SUM(variable.variable) DESC LIMIT variable, variable",1
2229,"SELECT variable.variable FROM variable AS variable INNER JOIN variable AS variable ON variable.variable = variable.variable GROUP BY variable.variable, variable.variable HAVING COUNT(variable.variable) > variable",1
2230,SELECT variable.variable FROM variable AS variable INNER JOIN variable AS variable ON variable.variable = variable.variable INNER JOIN ( SELECT AVG(variable) * variable AS variable FROM variable ) AS variable WHERE variable.variable > variable.variable,1
2231,"SELECT variable.variable FROM variable AS variable INNER JOIN variable AS variable ON variable.variable = variable.variable INNER JOIN ( SELECT variable, `variable` FROM variable ORDER BY variable DESC LIMIT variable ) AS variable ON variable.variable = variable.variable",1
2232,SELECT variable.variable FROM variable AS variable INNER JOIN variable AS variable ON variable.variable = variable.variable INNER JOIN ( SELECT variable.variable FROM variable AS variable INNER JOIN variable AS variable ON variable.variable = variable.variable GROUP BY variable.variable ORDER BY COUNT(variable.variable) DESC LIMIT variable ) AS variable ON variable.variable = variable.variable WHERE variable.variable = variable GROUP BY variable.variable ORDER BY COUNT(variable.variable) DESC LIMIT variable,1
2233,SELECT variable.variable FROM variable AS variable INNER JOIN variable AS variable ON variable.variable = variable.variable INNER JOIN `variable variable` AS variable ON variable.variable = variable.variable WHERE variable.variable = variable AND variable.variable = variable AND variable.variable = variable,1
2234,SELECT variable.variable FROM variable AS variable INNER JOIN variable AS variable ON variable.variable = variable.variable INNER JOIN `variable variable` AS variable ON variable.variable = variable.variable WHERE variable.variable = variable AND variable.variable = variable GROUP BY variable.variable ORDER BY COUNT(variable.variable) DESC LIMIT variable,1
2235,SELECT variable.variable FROM variable AS variable INNER JOIN variable AS variable ON variable.variable = variable.variable INNER JOIN variable AS variable ON variable.`variable variable` = variable.`variable variable` WHERE variable.variable = variable AND variable.variable = variable AND variable.variable = variable AND variable.variable = variable,1
2236,SELECT variable.variable FROM variable AS variable INNER JOIN variable AS variable ON variable.variable = variable.variable INNER JOIN variable AS variable ON variable.variable = variable.variable,1
2237,SELECT variable.variable FROM variable AS variable INNER JOIN variable AS variable ON variable.variable = variable.variable INNER JOIN variable AS variable ON variable.variable = variable.variable GROUP BY variable.variable HAVING COUNT(variable.variable) > variable,1
2238,SELECT variable.variable FROM variable AS variable INNER JOIN variable AS variable ON variable.variable = variable.variable INNER JOIN variable AS variable ON variable.variable = variable.variable GROUP BY variable.variable ORDER BY COUNT(variable.variable = variable) DESC LIMIT variable,1
2239,SELECT variable.variable FROM variable AS variable INNER JOIN variable AS variable ON variable.variable = variable.variable INNER JOIN variable AS variable ON variable.variable = variable.variable GROUP BY variable.variable ORDER BY SUM(variable.variable) DESC LIMIT variable,1
2240,"SELECT variable.variable FROM variable AS variable INNER JOIN variable AS variable ON variable.variable = variable.variable INNER JOIN variable AS variable ON variable.variable = variable.variable GROUP BY variable.variable ORDER BY variable.variable ASC, variable.variable DESC LIMIT variable",1
2241,SELECT variable.variable FROM variable AS variable INNER JOIN variable AS variable ON variable.variable = variable.variable INNER JOIN variable AS variable ON variable.variable = variable.variable INNER JOIN variable AS variable ON variable.variable = variable.variable GROUP BY variable.variable ORDER BY COUNT(variable.variable) DESC LIMIT variable,1
2242,SELECT variable.variable FROM variable AS variable INNER JOIN variable AS variable ON variable.variable = variable.variable INNER JOIN variable AS variable ON variable.variable = variable.variable INNER JOIN variable AS variable ON variable.variable = variable.variable INNER JOIN variable AS variable ON variable.variable = variable.variable WHERE variable.variable != variable GROUP BY variable.variable ORDER BY COUNT(variable.variable) DESC LIMIT variable,1
2243,SELECT variable.variable FROM variable AS variable INNER JOIN variable AS variable ON variable.variable = variable.variable INNER JOIN variable AS variable ON variable.variable = variable.variable INNER JOIN variable AS variable ON variable.variable = variable.variable INNER JOIN variable AS variable ON variable.variable = variable.variable WHERE variable.variable = variable ORDER BY variable.variable DESC LIMIT variable,1
2244,SELECT variable.variable FROM variable AS variable INNER JOIN variable AS variable ON variable.variable = variable.variable INNER JOIN variable AS variable ON variable.variable = variable.variable INNER JOIN variable AS variable ON variable.variable = variable.variable INNER JOIN variable AS variable ON variable.variable = variable.variable WHERE variable.variable LIKE variable AND variable AND variable AND variable AND variable AND variable AND variable AND variable.variable = variable.variable GROUP BY variable.variable,1
2245,SELECT variable.variable FROM variable AS variable INNER JOIN variable AS variable ON variable.variable = variable.variable INNER JOIN variable AS variable ON variable.variable = variable.variable INNER JOIN variable AS variable ON variable.variable = variable.variable ORDER BY variable.variable LIMIT variable,1
2246,SELECT variable.variable FROM variable AS variable INNER JOIN variable AS variable ON variable.variable = variable.variable INNER JOIN variable AS variable ON variable.variable = variable.variable INNER JOIN variable AS variable ON variable.variable = variable.variable WHERE (variable.variable = variable OR variable.variable = variable) AND variable.variable = variable GROUP BY variable.variable,1
2247,SELECT variable.variable FROM variable AS variable INNER JOIN variable AS variable ON variable.variable = variable.variable INNER JOIN variable AS variable ON variable.variable = variable.variable INNER JOIN variable AS variable ON variable.variable = variable.variable WHERE variable.variable != variable GROUP BY variable.variable ORDER BY COUNT(variable.variable) DESC LIMIT variable,1
2248,SELECT variable.variable FROM variable AS variable INNER JOIN variable AS variable ON variable.variable = variable.variable INNER JOIN variable AS variable ON variable.variable = variable.variable INNER JOIN variable AS variable ON variable.variable = variable.variable WHERE variable.variable = variable AND variable.variable < variable AND variable.variable < variable,1
2249,SELECT variable.variable FROM variable AS variable INNER JOIN variable AS variable ON variable.variable = variable.variable INNER JOIN variable AS variable ON variable.variable = variable.variable INNER JOIN variable AS variable ON variable.variable = variable.variable WHERE variable.variable = variable AND variable.variable = variable AND variable.variable = variable AND variable.variable = variable ORDER BY variable.variable DESC LIMIT variable,1
2250,SELECT variable.variable FROM variable AS variable INNER JOIN variable AS variable ON variable.variable = variable.variable INNER JOIN variable AS variable ON variable.variable = variable.variable INNER JOIN variable AS variable ON variable.variable = variable.variable WHERE variable.variable = variable AND variable.variable = variable AND variable.variable = variable.variable,1
2251,SELECT variable.variable FROM variable AS variable INNER JOIN variable AS variable ON variable.variable = variable.variable INNER JOIN variable AS variable ON variable.variable = variable.variable INNER JOIN variable AS variable ON variable.variable = variable.variable WHERE variable.variable = variable AND variable.variable = variable GROUP BY variable.variable,1
2252,SELECT variable.variable FROM variable AS variable INNER JOIN variable AS variable ON variable.variable = variable.variable INNER JOIN variable AS variable ON variable.variable = variable.variable INNER JOIN variable AS variable ON variable.variable = variable.variable WHERE variable.variable = variable AND variable.variable IS NULL,1
2253,SELECT variable.variable FROM variable AS variable INNER JOIN variable AS variable ON variable.variable = variable.variable INNER JOIN variable AS variable ON variable.variable = variable.variable INNER JOIN variable AS variable ON variable.variable = variable.variable WHERE variable.variable = variable AND variable.variable LIKE variable,1
2254,SELECT variable.variable FROM variable AS variable INNER JOIN variable AS variable ON variable.variable = variable.variable INNER JOIN variable AS variable ON variable.variable = variable.variable INNER JOIN variable AS variable ON variable.variable = variable.variable WHERE variable.variable = variable GROUP BY variable.variable ORDER BY SUM(variable.variable) DESC LIMIT variable,1
2255,SELECT variable.variable FROM variable AS variable INNER JOIN variable AS variable ON variable.variable = variable.variable INNER JOIN variable AS variable ON variable.variable = variable.variable INNER JOIN variable AS variable ON variable.variable = variable.variable WHERE variable.variable = variable ORDER BY variable.variable * variable.variable DESC LIMIT variable,1
2256,SELECT variable.variable FROM variable AS variable INNER JOIN variable AS variable ON variable.variable = variable.variable INNER JOIN variable AS variable ON variable.variable = variable.variable INNER JOIN variable AS variable ON variable.variable = variable.variable WHERE variable.variable LIKE variable,1
2257,SELECT variable.variable FROM variable AS variable INNER JOIN variable AS variable ON variable.variable = variable.variable INNER JOIN variable AS variable ON variable.variable = variable.variable INNER JOIN variable AS variable ON variable.variable = variable.variable WHERE variable.variable LIKE variable AND variable.variable < variable,1
2258,SELECT variable.variable FROM variable AS variable INNER JOIN variable AS variable ON variable.variable = variable.variable INNER JOIN variable AS variable ON variable.variable = variable.variable INNER JOIN variable AS variable ON variable.variable = variable.variable WHERE variable.variable LIKE variable AND variable.variable = variable,1
2259,SELECT variable.variable FROM variable AS variable INNER JOIN variable AS variable ON variable.variable = variable.variable INNER JOIN variable AS variable ON variable.variable = variable.variable INNER JOIN variable AS variable ON variable.variable = variable.variable WHERE variable.variable LIKE variable AND variable.variable = variable GROUP BY variable.variable ORDER BY COUNT(variable.variable) DESC LIMIT variable,1
2260,SELECT variable.variable FROM variable AS variable INNER JOIN variable AS variable ON variable.variable = variable.variable INNER JOIN variable AS variable ON variable.variable = variable.variable INNER JOIN variable AS variable ON variable.variable = variable.variable WHERE variable.variable LIKE variable AND variable.variable LIKE variable,1
2261,SELECT variable.variable FROM variable AS variable INNER JOIN variable AS variable ON variable.variable = variable.variable INNER JOIN variable AS variable ON variable.variable = variable.variable INNER JOIN variable AS variable ON variable.variable = variable.variable WHERE variable.variable LIKE variable GROUP BY variable.variable ORDER BY COUNT(variable.variable) DESC LIMIT variable,1
2262,"SELECT variable.variable FROM variable AS variable INNER JOIN variable AS variable ON variable.variable = variable.variable INNER JOIN variable AS variable ON variable.variable = variable.variable ORDER BY variable.variable ASC LIMIT variable, variable",1
2263,"SELECT variable.variable FROM variable AS variable INNER JOIN variable AS variable ON variable.variable = variable.variable INNER JOIN variable AS variable ON variable.variable = variable.variable ORDER BY variable.variable DESC, variable.variable LIMIT variable",1
2264,SELECT variable.variable FROM variable AS variable INNER JOIN variable AS variable ON variable.variable = variable.variable INNER JOIN variable AS variable ON variable.variable = variable.variable WHERE (variable.variable = variable AND variable.variable = variable AND variable.variable = variable) OR (variable.variable = variable AND variable.variable = variable AND variable.variable = variable),1
2265,"SELECT variable.variable FROM variable AS variable INNER JOIN variable AS variable ON variable.variable = variable.variable INNER JOIN variable AS variable ON variable.variable = variable.variable WHERE STRFTIME(variable, variable.variable) > variable AND variable.variable = variable GROUP BY variable.variable ORDER BY COUNT(DISTINCT variable.variable) DESC LIMIT variable",1
2266,"SELECT variable.variable FROM variable AS variable INNER JOIN variable AS variable ON variable.variable = variable.variable INNER JOIN variable AS variable ON variable.variable = variable.variable WHERE SUBSTR(variable.variable, variable, variable) = variable",1
2267,"SELECT variable.variable FROM variable AS variable INNER JOIN variable AS variable ON variable.variable = variable.variable INNER JOIN variable AS variable ON variable.variable = variable.variable WHERE SUBSTR(variable.variable, variable, variable) = variable AND SUBSTR(variable.variable, variable, variable) = variable LIMIT variable",1
2268,SELECT variable.variable FROM variable AS variable INNER JOIN variable AS variable ON variable.variable = variable.variable INNER JOIN variable AS variable ON variable.variable = variable.variable WHERE variable.`variable variable` = variable AND variable.variable > variable,1
2269,"SELECT variable.variable FROM variable AS variable INNER JOIN variable AS variable ON variable.variable = variable.variable INNER JOIN variable AS variable ON variable.variable = variable.variable WHERE variable.`variable variable` = variable ORDER BY CAST(REPLACE(REPLACE(variable.variable, variable, variable), variable, variable) AS variable) DESC LIMIT variable",1
2270,SELECT variable.variable FROM variable AS variable INNER JOIN variable AS variable ON variable.variable = variable.variable INNER JOIN variable AS variable ON variable.variable = variable.variable WHERE variable.`variable` = variable,1
2271,SELECT variable.variable FROM variable AS variable INNER JOIN variable AS variable ON variable.variable = variable.variable INNER JOIN variable AS variable ON variable.variable = variable.variable WHERE variable.`variable` = variable ORDER BY variable.variable LIMIT variable,1
2272,SELECT variable.variable FROM variable AS variable INNER JOIN variable AS variable ON variable.variable = variable.variable INNER JOIN variable AS variable ON variable.variable = variable.variable WHERE variable.variable * variable = variable AND variable.variable = variable,1
2273,SELECT variable.variable FROM variable AS variable INNER JOIN variable AS variable ON variable.variable = variable.variable INNER JOIN variable AS variable ON variable.variable = variable.variable WHERE variable.variable < ( SELECT AVG(variable) FROM variable ),1
2274,SELECT variable.variable FROM variable AS variable INNER JOIN variable AS variable ON variable.variable = variable.variable INNER JOIN variable AS variable ON variable.variable = variable.variable WHERE variable.variable < variable GROUP BY variable.variable,1
2275,SELECT variable.variable FROM variable AS variable INNER JOIN variable AS variable ON variable.variable = variable.variable INNER JOIN variable AS variable ON variable.variable = variable.variable WHERE variable.variable <> variable.variable ORDER BY variable.variable DESC LIMIT variable,1
2276,"SELECT variable.variable FROM variable AS variable INNER JOIN variable AS variable ON variable.variable = variable.variable INNER JOIN variable AS variable ON variable.variable = variable.variable WHERE variable.variable = variable AND CAST(STRFTIME(variable, variable.variable) AS variable) = variable",1
2277,"SELECT variable.variable FROM variable AS variable INNER JOIN variable AS variable ON variable.variable = variable.variable INNER JOIN variable AS variable ON variable.variable = variable.variable WHERE variable.variable = variable AND STRFTIME(variable, variable.variable) - STRFTIME(variable, variable.variable) = variable AND variable.variable IS NOT NULL",1
2278,"SELECT variable.variable FROM variable AS variable INNER JOIN variable AS variable ON variable.variable = variable.variable INNER JOIN variable AS variable ON variable.variable = variable.variable WHERE variable.variable = variable AND STRFTIME(variable, variable.variable) = variable",1
2279,"SELECT variable.variable FROM variable AS variable INNER JOIN variable AS variable ON variable.variable = variable.variable INNER JOIN variable AS variable ON variable.variable = variable.variable WHERE variable.variable = variable AND strftime(variable, variable.variable) = variable GROUP BY variable.variable ORDER BY COUNT(variable.variable) DESC LIMIT variable",1
2280,SELECT variable.variable FROM variable AS variable INNER JOIN variable AS variable ON variable.variable = variable.variable INNER JOIN variable AS variable ON variable.variable = variable.variable WHERE variable.variable = variable AND variable > variable,1
2281,SELECT variable.variable FROM variable AS variable INNER JOIN variable AS variable ON variable.variable = variable.variable INNER JOIN variable AS variable ON variable.variable = variable.variable WHERE variable.variable = variable AND variable.`variable (variable)` BETWEEN variable AND variable AND variable.variable = variable,1
2282,SELECT variable.variable FROM variable AS variable INNER JOIN variable AS variable ON variable.variable = variable.variable INNER JOIN variable AS variable ON variable.variable = variable.variable WHERE variable.variable = variable AND variable.`variable variable variable` = variable,1
2283,SELECT variable.variable FROM variable AS variable INNER JOIN variable AS variable ON variable.variable = variable.variable INNER JOIN variable AS variable ON variable.variable = variable.variable WHERE variable.variable = variable AND variable.`variable variable` = variable,1
2284,SELECT variable.variable FROM variable AS variable INNER JOIN variable AS variable ON variable.variable = variable.variable INNER JOIN variable AS variable ON variable.variable = variable.variable WHERE variable.variable = variable AND variable.`variable variable` = variable AND variable.variable = variable,1
2285,SELECT variable.variable FROM variable AS variable INNER JOIN variable AS variable ON variable.variable = variable.variable INNER JOIN variable AS variable ON variable.variable = variable.variable WHERE variable.variable = variable AND variable.`variable` LIKE variable AND variable = ( SELECT MAX(variable) FROM variable AS variable INNER JOIN variable AS variable ON variable.variable = variable.variable INNER JOIN variable AS variable ON variable.variable = variable.variable WHERE variable.variable = variable AND variable.`variable` LIKE variable ) GROUP BY variable.variable ORDER BY SUM(variable) DESC LIMIT variable,1
2286,SELECT variable.variable FROM variable AS variable INNER JOIN variable AS variable ON variable.variable = variable.variable INNER JOIN variable AS variable ON variable.variable = variable.variable WHERE variable.variable = variable AND variable.`variable` LIKE variable AND variable = variable ORDER BY variable.variable DESC LIMIT variable,1
2287,SELECT variable.variable FROM variable AS variable INNER JOIN variable AS variable ON variable.variable = variable.variable INNER JOIN variable AS variable ON variable.variable = variable.variable WHERE variable.variable = variable AND variable.variable <> variable.variable ORDER BY variable.variable DESC LIMIT variable,1
2288,SELECT variable.variable FROM variable AS variable INNER JOIN variable AS variable ON variable.variable = variable.variable INNER JOIN variable AS variable ON variable.variable = variable.variable WHERE variable.variable = variable AND variable.variable = variable AND variable.variable = variable AND variable.variable = variable;,1
2289,SELECT variable.variable FROM variable AS variable INNER JOIN variable AS variable ON variable.variable = variable.variable INNER JOIN variable AS variable ON variable.variable = variable.variable WHERE variable.variable = variable AND variable.variable = variable AND variable.variable = variable ORDER BY variable.variable DESC LIMIT variable,1
2290,SELECT variable.variable FROM variable AS variable INNER JOIN variable AS variable ON variable.variable = variable.variable INNER JOIN variable AS variable ON variable.variable = variable.variable WHERE variable.variable = variable AND variable.variable = variable AND variable.variable > variable,1
2291,SELECT variable.variable FROM variable AS variable INNER JOIN variable AS variable ON variable.variable = variable.variable INNER JOIN variable AS variable ON variable.variable = variable.variable WHERE variable.variable = variable AND variable.variable = variable AND variable.variable > variable GROUP BY variable.variable ORDER BY COUNT(variable.variable) DESC LIMIT variable,1
2292,SELECT variable.variable FROM variable AS variable INNER JOIN variable AS variable ON variable.variable = variable.variable INNER JOIN variable AS variable ON variable.variable = variable.variable WHERE variable.variable = variable AND variable.variable = variable GROUP BY variable.variable ORDER BY COUNT(variable.variable) DESC LIMIT variable,1
2293,SELECT variable.variable FROM variable AS variable INNER JOIN variable AS variable ON variable.variable = variable.variable INNER JOIN variable AS variable ON variable.variable = variable.variable WHERE variable.variable = variable AND variable.variable = variable GROUP BY variable.variable ORDER BY SUM(variable.variable) DESC LIMIT variable,1
2294,SELECT variable.variable FROM variable AS variable INNER JOIN variable AS variable ON variable.variable = variable.variable INNER JOIN variable AS variable ON variable.variable = variable.variable WHERE variable.variable = variable AND variable.variable = variable LIMIT variable,1
2295,SELECT variable.variable FROM variable AS variable INNER JOIN variable AS variable ON variable.variable = variable.variable INNER JOIN variable AS variable ON variable.variable = variable.variable WHERE variable.variable = variable AND variable.variable = variable ORDER BY variable.variable - variable.variable DESC LIMIT variable,1
2296,SELECT variable.variable FROM variable AS variable INNER JOIN variable AS variable ON variable.variable = variable.variable INNER JOIN variable AS variable ON variable.variable = variable.variable WHERE variable.variable = variable AND variable.variable = variable ORDER BY variable.variable / variable.variable DESC LIMIT variable,1
2297,SELECT variable.variable FROM variable AS variable INNER JOIN variable AS variable ON variable.variable = variable.variable INNER JOIN variable AS variable ON variable.variable = variable.variable WHERE variable.variable = variable AND variable.variable = variable ORDER BY variable.variable ASC LIMIT variable,1
2298,SELECT variable.variable FROM variable AS variable INNER JOIN variable AS variable ON variable.variable = variable.variable INNER JOIN variable AS variable ON variable.variable = variable.variable WHERE variable.variable = variable AND variable.variable = variable.variable,1
2299,SELECT variable.variable FROM variable AS variable INNER JOIN variable AS variable ON variable.variable = variable.variable INNER JOIN variable AS variable ON variable.variable = variable.variable WHERE variable.variable = variable AND variable.variable BETWEEN variable AND variable,1
2300,"SELECT variable.variable FROM variable AS variable INNER JOIN variable AS variable ON variable.variable = variable.variable INNER JOIN variable AS variable ON variable.variable = variable.variable WHERE variable.variable = variable AND variable.variable IN (variable, variable) GROUP BY variable.variable ORDER BY COUNT(variable.variable) DESC LIMIT variable",1
2301,SELECT variable.variable FROM variable AS variable INNER JOIN variable AS variable ON variable.variable = variable.variable INNER JOIN variable AS variable ON variable.variable = variable.variable WHERE variable.variable = variable AND variable.variable IS NULL,1
2302,SELECT variable.variable FROM variable AS variable INNER JOIN variable AS variable ON variable.variable = variable.variable INNER JOIN variable AS variable ON variable.variable = variable.variable WHERE variable.variable = variable GROUP BY variable.variable LIMIT variable,1
2303,SELECT variable.variable FROM variable AS variable INNER JOIN variable AS variable ON variable.variable = variable.variable INNER JOIN variable AS variable ON variable.variable = variable.variable WHERE variable.variable = variable GROUP BY variable.variable ORDER BY COUNT(*) DESC LIMIT variable,1
2304,SELECT variable.variable FROM variable AS variable INNER JOIN variable AS variable ON variable.variable = variable.variable INNER JOIN variable AS variable ON variable.variable = variable.variable WHERE variable.variable = variable GROUP BY variable.variable ORDER BY COUNT(variable.variable) LIMIT variable,1
2305,SELECT variable.variable FROM variable AS variable INNER JOIN variable AS variable ON variable.variable = variable.variable INNER JOIN variable AS variable ON variable.variable = variable.variable WHERE variable.variable = variable ORDER BY variable.`variable (variable)` DESC LIMIT variable,1
2306,SELECT variable.variable FROM variable AS variable INNER JOIN variable AS variable ON variable.variable = variable.variable INNER JOIN variable AS variable ON variable.variable = variable.variable WHERE variable.variable = variable ORDER BY variable.variable / variable.variable DESC LIMIT variable,1
2307,SELECT variable.variable FROM variable AS variable INNER JOIN variable AS variable ON variable.variable = variable.variable INNER JOIN variable AS variable ON variable.variable = variable.variable WHERE variable.variable = variable ORDER BY variable.variable DESC,1
2308,SELECT variable.variable FROM variable AS variable INNER JOIN variable AS variable ON variable.variable = variable.variable INNER JOIN variable AS variable ON variable.variable = variable.variable WHERE variable.variable > ( SELECT CAST(SUM(variable) AS variable) / COUNT(variable) FROM variable ) AND variable.variable = variable ORDER BY variable.variable DESC LIMIT variable,1
2309,SELECT variable.variable FROM variable AS variable INNER JOIN variable AS variable ON variable.variable = variable.variable INNER JOIN variable AS variable ON variable.variable = variable.variable WHERE variable.variable > variable AND variable.variable < variable,1
2310,SELECT variable.variable FROM variable AS variable INNER JOIN variable AS variable ON variable.variable = variable.variable INNER JOIN variable AS variable ON variable.variable = variable.variable WHERE variable.variable > variable AND variable.variable = variable,1
2311,SELECT variable.variable FROM variable AS variable INNER JOIN variable AS variable ON variable.variable = variable.variable INNER JOIN variable AS variable ON variable.variable = variable.variable WHERE variable.variable IS NOT NULL ORDER BY variable.variable ASC LIMIT variable,1
2312,SELECT variable.variable FROM variable AS variable INNER JOIN variable AS variable ON variable.variable = variable.variable INNER JOIN variable AS variable ON variable.variable = variable.variable WHERE variable.variable LIKE variable AND variable.variable LIKE variable AND variable.variable LIKE variable AND variable.variable LIKE variable AND variable.variable = variable,1
2313,SELECT variable.variable FROM variable AS variable INNER JOIN variable AS variable ON variable.variable = variable.variable INNER JOIN variable AS variable ON variable.variable = variable.variable WHERE variable.variable LIKE variable AND variable.variable LIKE variable GROUP BY variable.variable,1
2314,SELECT variable.variable FROM variable AS variable INNER JOIN variable AS variable ON variable.variable = variable.variable INNER JOIN variable AS variable ON variable.variable = variable.variable WHERE variable.variable LIKE variable GROUP BY variable.variable ORDER BY COUNT(variable.variable) DESC LIMIT variable,1
2315,SELECT variable.variable FROM variable AS variable INNER JOIN variable AS variable ON variable.variable = variable.variable INNER JOIN variable AS variable ON variable.variable = variable.variable WHERE variable.variable LIKE variable ORDER BY variable.variable DESC LIMIT variable,1
2316,SELECT variable.variable FROM variable AS variable INNER JOIN variable AS variable ON variable.variable = variable.variable INNER JOIN variable AS variable ON variable.variable = variable.variable WHERE variable.variable LIKE variable ORDER BY variable.variable LIMIT variable,1
2317,SELECT variable.variable FROM variable AS variable INNER JOIN variable AS variable ON variable.variable = variable.variable LEFT JOIN variable AS variable ON variable.variable = variable.variable WHERE variable.variable IS NULL,1
2318,SELECT variable.variable FROM variable AS variable INNER JOIN variable AS variable ON variable.variable = variable.variable LIMIT variable,1
2319,"SELECT variable.variable FROM variable AS variable INNER JOIN variable AS variable ON variable.variable = variable.variable OR variable.variable = variable.variable INNER JOIN variable AS variable ON variable.variable = variable.variable WHERE SUBSTR(variable.variable, variable, variable) = variable AND variable.variable = variable LIMIT variable",1
2320,"SELECT variable.variable FROM variable AS variable INNER JOIN variable AS variable ON variable.variable = variable.variable OR variable.variable = variable.variable WHERE variable.variable = variable GROUP BY variable.variable, variable.variable",1
2321,"SELECT variable.variable FROM variable AS variable INNER JOIN variable AS variable ON variable.variable = variable.variable ORDER BY CAST(REPLACE(trim(variable.variable, variable), variable, variable) AS variable) ASC LIMIT variable",1
2322,SELECT variable.variable FROM variable AS variable INNER JOIN variable AS variable ON variable.variable = variable.variable ORDER BY variable ASC LIMIT variable,1
2323,SELECT variable.variable FROM variable AS variable INNER JOIN variable AS variable ON variable.variable = variable.variable ORDER BY variable DESC LIMIT variable,1
2324,"SELECT variable.variable FROM variable AS variable INNER JOIN variable AS variable ON variable.variable = variable.variable ORDER BY variable.variable - SUBSTR(variable.variable, variable, variable) LIMIT variable",1
2325,"SELECT variable.variable FROM variable AS variable INNER JOIN variable AS variable ON variable.variable = variable.variable ORDER BY variable.variable ASC LIMIT variable, variable",1
2326,"SELECT variable.variable FROM variable AS variable INNER JOIN variable AS variable ON variable.variable = variable.variable ORDER BY variable.variable DESC LIMIT variable, variable",1
2327,"SELECT variable.variable FROM variable AS variable INNER JOIN variable AS variable ON variable.variable = variable.variable ORDER BY variable.variable DESC, variable.variable DESC LIMIT variable;",1
2328,SELECT variable.variable FROM variable AS variable INNER JOIN variable AS variable ON variable.variable = variable.variable ORDER BY variable.variable LIMIT variable;,1
2329,"SELECT variable.variable FROM variable AS variable INNER JOIN variable AS variable ON variable.variable = variable.variable WHERE CAST(STRFTIME(variable, variable.variable) AS variable) = variable",1
2330,"SELECT variable.variable FROM variable AS variable INNER JOIN variable AS variable ON variable.variable = variable.variable WHERE CAST(SUBSTR(variable.variable, INSTR(variable.variable, variable) + variable) AS variable) BETWEEN variable AND variable ORDER BY CAST(REPLACE(SUBSTR(variable.variable, variable), variable, variable) AS variable) DESC LIMIT variable",1
2331,"SELECT variable.variable FROM variable AS variable INNER JOIN variable AS variable ON variable.variable = variable.variable WHERE STRFTIME(variable, variable.`variable`) = variable AND variable.variable = variable",1
2332,"SELECT variable.variable FROM variable AS variable INNER JOIN variable AS variable ON variable.variable = variable.variable WHERE STRFTIME(variable, variable.variable) - STRFTIME(variable, variable.variable) = variable",1
2333,"SELECT variable.variable FROM variable AS variable INNER JOIN variable AS variable ON variable.variable = variable.variable WHERE STRFTIME(variable, variable.variable) = variable",1
2334,"SELECT variable.variable FROM variable AS variable INNER JOIN variable AS variable ON variable.variable = variable.variable WHERE STRFTIME(variable, variable.variable) = variable AND variable.variable IS NULL",1
2335,"SELECT variable.variable FROM variable AS variable INNER JOIN variable AS variable ON variable.variable = variable.variable WHERE STRFTIME(variable, variable.variable) = variable GROUP BY variable.variable, variable.variable ORDER BY COUNT(variable.variable) DESC LIMIT variable",1
2336,"SELECT variable.variable FROM variable AS variable INNER JOIN variable AS variable ON variable.variable = variable.variable WHERE STRFTIME(variable, variable.variable) = variable OR STRFTIME(variable, variable.variable) = variable ORDER BY variable.variable * variable.variable DESC LIMIT variable",1
2337,"SELECT variable.variable FROM variable AS variable INNER JOIN variable AS variable ON variable.variable = variable.variable WHERE SUBSTR(variable.variable, variable, variable) = variable",1
2338,"SELECT variable.variable FROM variable AS variable INNER JOIN variable AS variable ON variable.variable = variable.variable WHERE SUBSTR(variable.variable, variable, variable) = variable AND SUBSTR(variable.variable, variable, variable) = variable AND variable.variable IS NULL",1
2339,"SELECT variable.variable FROM variable AS variable INNER JOIN variable AS variable ON variable.variable = variable.variable WHERE SUBSTR(variable.variable, variable, variable) = variable AND variable.variable = variable AND variable.variable > variable;",1
2340,"SELECT variable.variable FROM variable AS variable INNER JOIN variable AS variable ON variable.variable = variable.variable WHERE SUBSTR(variable.variable, variable, variable) = variable AND variable.variable = variable;",1
2341,"SELECT variable.variable FROM variable AS variable INNER JOIN variable AS variable ON variable.variable = variable.variable WHERE SUBSTR(variable.variable, variable, variable) = variable ORDER BY variable.variable DESC LIMIT variable;",1
2342,SELECT variable.variable FROM variable AS variable INNER JOIN variable AS variable ON variable.variable = variable.variable WHERE variable = ( SELECT MIN(variable) FROM variable WHERE `variable` = variable AND variable = variable ) AND variable.`variable` = variable AND variable.variable = variable,1
2343,SELECT variable.variable FROM variable AS variable INNER JOIN variable AS variable ON variable.variable = variable.variable WHERE variable = variable AND variable LIKE variable,1
2344,SELECT variable.variable FROM variable AS variable INNER JOIN variable AS variable ON variable.variable = variable.variable WHERE variable = variable AND variable LIKE variable AND variable.variable LIKE variable,1
2345,SELECT variable.variable FROM variable AS variable INNER JOIN variable AS variable ON variable.variable = variable.variable WHERE variable IS NOT NULL AND variable.`variable` LIKE variable AND variable.variable IN ( SELECT variable FROM variable GROUP BY variable HAVING COUNT(variable) = variable ) ORDER BY variable LIMIT variable,1
2346,SELECT variable.variable FROM variable AS variable INNER JOIN variable AS variable ON variable.variable = variable.variable WHERE variable IS NOT NULL GROUP BY variable.variable ORDER BY COUNT(variable) DESC LIMIT variable,1
2347,SELECT variable.variable FROM variable AS variable INNER JOIN variable AS variable ON variable.variable = variable.variable WHERE variable.`group` = variable,1
2348,SELECT variable.variable FROM variable AS variable INNER JOIN variable AS variable ON variable.variable = variable.variable WHERE variable.`group` = variable AND variable.variable = variable LIMIT variable,1
2349,SELECT variable.variable FROM variable AS variable INNER JOIN variable AS variable ON variable.variable = variable.variable WHERE variable.`variable variable?` = variable AND variable.variable = variable,1
2350,SELECT variable.variable FROM variable AS variable INNER JOIN variable AS variable ON variable.variable = variable.variable WHERE variable.`variable-variable` = variable GROUP BY variable.variable ORDER BY COUNT(variable.variable) DESC LIMIT variable,1
2351,SELECT variable.variable FROM variable AS variable INNER JOIN variable AS variable ON variable.variable = variable.variable WHERE variable.`variable` = ( SELECT MIN(`variable`) FROM variable WHERE variable = variable AND variable = variable ) AND variable.variable = variable AND variable.variable = variable,1
2352,SELECT variable.variable FROM variable AS variable INNER JOIN variable AS variable ON variable.variable = variable.variable WHERE variable.`variable` = variable AND variable = variable,1
2353,SELECT variable.variable FROM variable AS variable INNER JOIN variable AS variable ON variable.variable = variable.variable WHERE variable.`variable` = variable AND variable.variable = variable AND variable.variable = variable,1
2354,SELECT variable.variable FROM variable AS variable INNER JOIN variable AS variable ON variable.variable = variable.variable WHERE variable.variable != variable AND variable.variable = variable AND variable.variable != variable,1
2355,SELECT variable.variable FROM variable AS variable INNER JOIN variable AS variable ON variable.variable = variable.variable WHERE variable.variable != variable;,1
2356,SELECT variable.variable FROM variable AS variable INNER JOIN variable AS variable ON variable.variable = variable.variable WHERE variable.variable * variable > ( SELECT AVG(variable) * variable FROM variable ),1
2357,SELECT variable.variable FROM variable AS variable INNER JOIN variable AS variable ON variable.variable = variable.variable WHERE variable.variable - variable.variable > variable,1
2358,"SELECT variable.variable FROM variable AS variable INNER JOIN variable AS variable ON variable.variable = variable.variable WHERE variable.variable - variable.variable > variable AND STRFTIME(variable, variable.variable) >= variable",1
2359,SELECT variable.variable FROM variable AS variable INNER JOIN variable AS variable ON variable.variable = variable.variable WHERE variable.variable - variable.variable > variable GROUP BY variable.variable,1
2360,SELECT variable.variable FROM variable AS variable INNER JOIN variable AS variable ON variable.variable = variable.variable WHERE variable.variable < variable AND variable.variable < variable,1
2361,SELECT variable.variable FROM variable AS variable INNER JOIN variable AS variable ON variable.variable = variable.variable WHERE variable.variable < variable AND variable.variable = variable AND variable.variable = variable,1
2362,SELECT variable.variable FROM variable AS variable INNER JOIN variable AS variable ON variable.variable = variable.variable WHERE variable.variable < variable AND variable.variable = variable LIMIT variable,1
2363,SELECT variable.variable FROM variable AS variable INNER JOIN variable AS variable ON variable.variable = variable.variable WHERE variable.variable < variable ORDER BY variable.variable DESC LIMIT variable,1
2364,SELECT variable.variable FROM variable AS variable INNER JOIN variable AS variable ON variable.variable = variable.variable WHERE variable.variable < variable ORDER BY variable.variable LIMIT variable,1
2365,SELECT variable.variable FROM variable AS variable INNER JOIN variable AS variable ON variable.variable = variable.variable WHERE variable.variable <= variable AND variable.variable = variable AND variable.variable = variable,1
2366,SELECT variable.variable FROM variable AS variable INNER JOIN variable AS variable ON variable.variable = variable.variable WHERE variable.variable <> variable.variable,1
2367,SELECT variable.variable FROM variable AS variable INNER JOIN variable AS variable ON variable.variable = variable.variable WHERE variable.variable = ( SELECT MAX(variable) FROM variable ) LIMIT variable,1
2368,SELECT variable.variable FROM variable AS variable INNER JOIN variable AS variable ON variable.variable = variable.variable WHERE variable.variable = ( SELECT MAX(variable.variable) FROM variable variable ),1
2369,SELECT variable.variable FROM variable AS variable INNER JOIN variable AS variable ON variable.variable = variable.variable WHERE variable.variable = ( SELECT MIN(variable) FROM variable ),1
2370,SELECT variable.variable FROM variable AS variable INNER JOIN variable AS variable ON variable.variable = variable.variable WHERE variable.variable = ( SELECT MIN(variable) FROM variable ) ORDER BY variable.variable DESC LIMIT variable;,1
2371,"SELECT variable.variable FROM variable AS variable INNER JOIN variable AS variable ON variable.variable = variable.variable WHERE variable.variable = ( SELECT variable FROM variable ORDER BY CAST(variable AS variable) / variable LIMIT variable, variable ) ORDER BY variable.variable DESC LIMIT variable",1
2372,SELECT variable.variable FROM variable AS variable INNER JOIN variable AS variable ON variable.variable = variable.variable WHERE variable.variable = ( SELECT variable FROM variable ORDER BY variable ASC LIMIT variable ),1
2373,"SELECT variable.variable FROM variable AS variable INNER JOIN variable AS variable ON variable.variable = variable.variable WHERE variable.variable = ( SELECT variable FROM variable ORDER BY variable DESC LIMIT variable, variable ) GROUP BY variable.variable ORDER BY variable.variable * variable.variable DESC LIMIT variable",1
2374,SELECT variable.variable FROM variable AS variable INNER JOIN variable AS variable ON variable.variable = variable.variable WHERE variable.variable = ( SELECT variable FROM variable WHERE variable = variable ),1
2375,SELECT variable.variable FROM variable AS variable INNER JOIN variable AS variable ON variable.variable = variable.variable WHERE variable.variable = ( SELECT variable FROM variable WHERE variable = variable ) GROUP BY variable.variable,1
2376,SELECT variable.variable FROM variable AS variable INNER JOIN variable AS variable ON variable.variable = variable.variable WHERE variable.variable = ( SELECT variable.variable FROM variable variable ORDER BY variable.variable DESC LIMIT variable ),1
2377,SELECT variable.variable FROM variable AS variable INNER JOIN variable AS variable ON variable.variable = variable.variable WHERE variable.variable = variable AND (variable.variable IS NULL OR variable.variable = variable),1
2378,"SELECT variable.variable FROM variable AS variable INNER JOIN variable AS variable ON variable.variable = variable.variable WHERE variable.variable = variable AND STRFTIME(variable, variable.variable) = variable",1
2379,"SELECT variable.variable FROM variable AS variable INNER JOIN variable AS variable ON variable.variable = variable.variable WHERE variable.variable = variable AND STRFTIME(variable, variable.variable) BETWEEN variable AND variable ORDER BY variable.variable DESC LIMIT variable",1
2380,"SELECT variable.variable FROM variable AS variable INNER JOIN variable AS variable ON variable.variable = variable.variable WHERE variable.variable = variable AND STRFTIME(variable,variable.variable) = variable",1
2381,"SELECT variable.variable FROM variable AS variable INNER JOIN variable AS variable ON variable.variable = variable.variable WHERE variable.variable = variable AND SUBSTR(variable.variable, variable(variable.variable) - variable, variable(variable.variable)) < variable",1
2382,"SELECT variable.variable FROM variable AS variable INNER JOIN variable AS variable ON variable.variable = variable.variable WHERE variable.variable = variable AND SUBSTR(variable.variable, variable, variable) = variable AND variable.variable = variable;",1
2383,"SELECT variable.variable FROM variable AS variable INNER JOIN variable AS variable ON variable.variable = variable.variable WHERE variable.variable = variable AND SUBSTR(variable.variable, variable, variable) = variable;",1
2384,SELECT variable.variable FROM variable AS variable INNER JOIN variable AS variable ON variable.variable = variable.variable WHERE variable.variable = variable AND variable.`variable` = variable,1
2385,SELECT variable.variable FROM variable AS variable INNER JOIN variable AS variable ON variable.variable = variable.variable WHERE variable.variable = variable AND variable.`variable` LIKE variable AND variable.variable = variable AND variable >= variable,1
2386,SELECT variable.variable FROM variable AS variable INNER JOIN variable AS variable ON variable.variable = variable.variable WHERE variable.variable = variable AND variable.variable != variable AND variable.variable = variable,1
2387,SELECT variable.variable FROM variable AS variable INNER JOIN variable AS variable ON variable.variable = variable.variable WHERE variable.variable = variable AND variable.variable != variable.variable GROUP BY variable.variable HAVING COUNT(variable.variable) > variable,1
2388,SELECT variable.variable FROM variable AS variable INNER JOIN variable AS variable ON variable.variable = variable.variable WHERE variable.variable = variable AND variable.variable * variable < ( SELECT AVG(variable) * variable FROM variable WHERE variable = variable ),1
2389,SELECT variable.variable FROM variable AS variable INNER JOIN variable AS variable ON variable.variable = variable.variable WHERE variable.variable = variable AND variable.variable <= variable,1
2390,SELECT variable.variable FROM variable AS variable INNER JOIN variable AS variable ON variable.variable = variable.variable WHERE variable.variable = variable AND variable.variable <> variable,1
2391,SELECT variable.variable FROM variable AS variable INNER JOIN variable AS variable ON variable.variable = variable.variable WHERE variable.variable = variable AND variable.variable = ( SELECT MAX(variable) FROM variable WHERE variable = variable ),1
2392,SELECT variable.variable FROM variable AS variable INNER JOIN variable AS variable ON variable.variable = variable.variable WHERE variable.variable = variable AND variable.variable = ( SELECT MIN(variable) FROM variable ),1
2393,"SELECT variable.variable FROM variable AS variable INNER JOIN variable AS variable ON variable.variable = variable.variable WHERE variable.variable = variable AND variable.variable = variable AND STRFTIME(variable, variable.variable) = variable",1
2394,"SELECT variable.variable FROM variable AS variable INNER JOIN variable AS variable ON variable.variable = variable.variable WHERE variable.variable = variable AND variable.variable = variable AND STRFTIME(variable, variable.variable) BETWEEN variable AND variable GROUP BY variable.variable ORDER BY COUNT(variable.variable) DESC LIMIT variable",1
2395,"SELECT variable.variable FROM variable AS variable INNER JOIN variable AS variable ON variable.variable = variable.variable WHERE variable.variable = variable AND variable.variable = variable AND strftime(variable, variable.variable) = variable",1
2396,SELECT variable.variable FROM variable AS variable INNER JOIN variable AS variable ON variable.variable = variable.variable WHERE variable.variable = variable AND variable.variable = variable AND variable IS NOT NULL,1
2397,SELECT variable.variable FROM variable AS variable INNER JOIN variable AS variable ON variable.variable = variable.variable WHERE variable.variable = variable AND variable.variable = variable AND variable.`variable` LIKE variable GROUP BY variable.variable ORDER BY SUM(variable.variable) DESC LIMIT variable,1
2398,SELECT variable.variable FROM variable AS variable INNER JOIN variable AS variable ON variable.variable = variable.variable WHERE variable.variable = variable AND variable.variable = variable AND variable.variable <= variable,1
2399,SELECT variable.variable FROM variable AS variable INNER JOIN variable AS variable ON variable.variable = variable.variable WHERE variable.variable = variable AND variable.variable = variable AND variable.variable <> -variable,1
2400,SELECT variable.variable FROM variable AS variable INNER JOIN variable AS variable ON variable.variable = variable.variable WHERE variable.variable = variable AND variable.variable = variable AND variable.variable <> variable,1
2401,SELECT variable.variable FROM variable AS variable INNER JOIN variable AS variable ON variable.variable = variable.variable WHERE variable.variable = variable AND variable.variable = variable AND variable.variable = variable AND variable.variable != variable,1
2402,SELECT variable.variable FROM variable AS variable INNER JOIN variable AS variable ON variable.variable = variable.variable WHERE variable.variable = variable AND variable.variable = variable AND variable.variable = variable AND variable.variable = ( SELECT MAX(variable.variable) FROM variable AS variable INNER JOIN variable AS variable ON variable.variable = variable.variable WHERE variable.variable = variable AND variable.variable = variable AND variable.variable = variable ),1
2403,SELECT variable.variable FROM variable AS variable INNER JOIN variable AS variable ON variable.variable = variable.variable WHERE variable.variable = variable AND variable.variable = variable AND variable.variable = variable AND variable.variable = variable AND variable.variable = variable,1
2404,SELECT variable.variable FROM variable AS variable INNER JOIN variable AS variable ON variable.variable = variable.variable WHERE variable.variable = variable AND variable.variable = variable AND variable.variable = variable AND variable.variable = variable;,1
2405,SELECT variable.variable FROM variable AS variable INNER JOIN variable AS variable ON variable.variable = variable.variable WHERE variable.variable = variable AND variable.variable = variable AND variable.variable = variable ORDER BY variable.variable ASC LIMIT variable,1
2406,SELECT variable.variable FROM variable AS variable INNER JOIN variable AS variable ON variable.variable = variable.variable WHERE variable.variable = variable AND variable.variable = variable AND variable.variable >= variable AND variable.variable <= variable,1
2407,SELECT variable.variable FROM variable AS variable INNER JOIN variable AS variable ON variable.variable = variable.variable WHERE variable.variable = variable AND variable.variable = variable AND variable.variable BETWEEN variable AND variable,1
2408,SELECT variable.variable FROM variable AS variable INNER JOIN variable AS variable ON variable.variable = variable.variable WHERE variable.variable = variable AND variable.variable = variable AND variable.variable IS NOT NULL ORDER BY variable.variable ASC LIMIT variable,1
2409,SELECT variable.variable FROM variable AS variable INNER JOIN variable AS variable ON variable.variable = variable.variable WHERE variable.variable = variable AND variable.variable = variable GROUP BY variable.variable ORDER BY COUNT(variable) LIMIT variable,1
2410,SELECT variable.variable FROM variable AS variable INNER JOIN variable AS variable ON variable.variable = variable.variable WHERE variable.variable = variable AND variable.variable = variable GROUP BY variable.variable ORDER BY SUM(variable.variable) DESC LIMIT variable,1
2411,"SELECT variable.variable FROM variable AS variable INNER JOIN variable AS variable ON variable.variable = variable.variable WHERE variable.variable = variable AND variable.variable = variable GROUP BY variable.variable, variable.variable ORDER BY SUM(variable.variable) DESC LIMIT variable",1
2412,SELECT variable.variable FROM variable AS variable INNER JOIN variable AS variable ON variable.variable = variable.variable WHERE variable.variable = variable AND variable.variable = variable ORDER BY variable.variable DESC LIMIT variable;,1
2413,SELECT variable.variable FROM variable AS variable INNER JOIN variable AS variable ON variable.variable = variable.variable WHERE variable.variable = variable AND variable.variable = variable.variable,1
2414,SELECT variable.variable FROM variable AS variable INNER JOIN variable AS variable ON variable.variable = variable.variable WHERE variable.variable = variable AND variable.variable > variable AND variable.variable < variable,1
2415,SELECT variable.variable FROM variable AS variable INNER JOIN variable AS variable ON variable.variable = variable.variable WHERE variable.variable = variable AND variable.variable > variable AND variable.variable = variable,1
2416,SELECT variable.variable FROM variable AS variable INNER JOIN variable AS variable ON variable.variable = variable.variable WHERE variable.variable = variable AND variable.variable > variable GROUP BY variable.variable,1
2417,SELECT variable.variable FROM variable AS variable INNER JOIN variable AS variable ON variable.variable = variable.variable WHERE variable.variable = variable AND variable.variable > variable GROUP BY variable.variable ORDER BY COUNT(variable.variable) DESC LIMIT variable,1
2418,SELECT variable.variable FROM variable AS variable INNER JOIN variable AS variable ON variable.variable = variable.variable WHERE variable.variable = variable AND variable.variable > variable ORDER BY variable.variable DESC LIMIT variable,1
2419,SELECT variable.variable FROM variable AS variable INNER JOIN variable AS variable ON variable.variable = variable.variable WHERE variable.variable = variable AND variable.variable > variable;,1
2420,SELECT variable.variable FROM variable AS variable INNER JOIN variable AS variable ON variable.variable = variable.variable WHERE variable.variable = variable AND variable.variable >= variable ORDER BY variable.variable DESC LIMIT variable,1
2421,SELECT variable.variable FROM variable AS variable INNER JOIN variable AS variable ON variable.variable = variable.variable WHERE variable.variable = variable AND variable.variable BETWEEN variable AND variable,1
2422,SELECT variable.variable FROM variable AS variable INNER JOIN variable AS variable ON variable.variable = variable.variable WHERE variable.variable = variable AND variable.variable BETWEEN variable AND variable AND variable.variable != variable;,1
2423,SELECT variable.variable FROM variable AS variable INNER JOIN variable AS variable ON variable.variable = variable.variable WHERE variable.variable = variable AND variable.variable BETWEEN variable AND variable UNION ALL SELECT AVG(variable.variable) FROM variable AS variable INNER JOIN variable AS variable ON variable.variable = variable.variable WHERE variable.variable = variable AND variable.variable BETWEEN variable AND variable,1
2424,SELECT variable.variable FROM variable AS variable INNER JOIN variable AS variable ON variable.variable = variable.variable WHERE variable.variable = variable AND variable.variable IN ( SELECT variable FROM variable WHERE variable > variable AND variable = variable ),1
2425,"SELECT variable.variable FROM variable AS variable INNER JOIN variable AS variable ON variable.variable = variable.variable WHERE variable.variable = variable AND variable.variable IN (variable, variable)",1
2426,"SELECT variable.variable FROM variable AS variable INNER JOIN variable AS variable ON variable.variable = variable.variable WHERE variable.variable = variable AND variable.variable IN (variable, variable) GROUP BY variable.variable ORDER BY COUNT(variable.variable) DESC LIMIT variable",1
2427,"SELECT variable.variable FROM variable AS variable INNER JOIN variable AS variable ON variable.variable = variable.variable WHERE variable.variable = variable AND variable.variable IN (variable, variable) ORDER BY variable.variable DESC LIMIT variable",1
2428,SELECT variable.variable FROM variable AS variable INNER JOIN variable AS variable ON variable.variable = variable.variable WHERE variable.variable = variable AND variable.variable IS NOT NULL ORDER BY variable.variable LIMIT variable,1
2429,SELECT variable.variable FROM variable AS variable INNER JOIN variable AS variable ON variable.variable = variable.variable WHERE variable.variable = variable AND variable.variable IS NULL GROUP BY variable.variable,1
2430,SELECT variable.variable FROM variable AS variable INNER JOIN variable AS variable ON variable.variable = variable.variable WHERE variable.variable = variable AND variable.variable LIKE variable AND variable.variable < variable,1
2431,SELECT variable.variable FROM variable AS variable INNER JOIN variable AS variable ON variable.variable = variable.variable WHERE variable.variable = variable AND variable.variable LIKE variable AND variable.variable = variable,1
2432,SELECT variable.variable FROM variable AS variable INNER JOIN variable AS variable ON variable.variable = variable.variable WHERE variable.variable = variable AND variable.variable LIKE variable ORDER BY variable.variable DESC LIMIT variable,1
2433,SELECT variable.variable FROM variable AS variable INNER JOIN variable AS variable ON variable.variable = variable.variable WHERE variable.variable = variable GROUP BY variable.variable HAVING COUNT(DISTINCT variable.variable) > variable,1
2434,SELECT variable.variable FROM variable AS variable INNER JOIN variable AS variable ON variable.variable = variable.variable WHERE variable.variable = variable GROUP BY variable.variable HAVING COUNT(variable.variable) >= variable,1
2435,SELECT variable.variable FROM variable AS variable INNER JOIN variable AS variable ON variable.variable = variable.variable WHERE variable.variable = variable GROUP BY variable.variable HAVING SUM(variable.variable) = variable,1
2436,SELECT variable.variable FROM variable AS variable INNER JOIN variable AS variable ON variable.variable = variable.variable WHERE variable.variable = variable GROUP BY variable.variable ORDER BY AVG(variable.variable) LIMIT variable,1
2437,SELECT variable.variable FROM variable AS variable INNER JOIN variable AS variable ON variable.variable = variable.variable WHERE variable.variable = variable GROUP BY variable.variable ORDER BY CAST(SUM(variable.variable) AS variable) / COUNT(variable.variable) DESC LIMIT variable,1
2438,SELECT variable.variable FROM variable AS variable INNER JOIN variable AS variable ON variable.variable = variable.variable WHERE variable.variable = variable GROUP BY variable.variable ORDER BY COUNT(variable.variable) ASC LIMIT variable,1
2439,SELECT variable.variable FROM variable AS variable INNER JOIN variable AS variable ON variable.variable = variable.variable WHERE variable.variable = variable GROUP BY variable.variable ORDER BY SUM(variable) DESC LIMIT variable,1
2440,SELECT variable.variable FROM variable AS variable INNER JOIN variable AS variable ON variable.variable = variable.variable WHERE variable.variable = variable GROUP BY variable.variable ORDER BY SUM(variable.variable) / COUNT(variable.variable) DESC LIMIT variable,1
2441,SELECT variable.variable FROM variable AS variable INNER JOIN variable AS variable ON variable.variable = variable.variable WHERE variable.variable = variable GROUP BY variable.variable ORDER BY variable.variable DESC LIMIT variable,1
2442,"SELECT variable.variable FROM variable AS variable INNER JOIN variable AS variable ON variable.variable = variable.variable WHERE variable.variable = variable GROUP BY variable.variable, variable.variable ORDER BY COUNT(variable) DESC LIMIT variable",1
2443,"SELECT variable.variable FROM variable AS variable INNER JOIN variable AS variable ON variable.variable = variable.variable WHERE variable.variable = variable GROUP BY variable.variable, variable.variable ORDER BY variable.variable ASC LIMIT variable",1
2444,"SELECT variable.variable FROM variable AS variable INNER JOIN variable AS variable ON variable.variable = variable.variable WHERE variable.variable = variable GROUP BY variable.variable, variable.variable ORDER BY variable.variable DESC LIMIT variable",1
2445,SELECT variable.variable FROM variable AS variable INNER JOIN variable AS variable ON variable.variable = variable.variable WHERE variable.variable = variable LIMIT variable;,1
2446,SELECT variable.variable FROM variable AS variable INNER JOIN variable AS variable ON variable.variable = variable.variable WHERE variable.variable = variable OR variable OR variable,1
2447,SELECT variable.variable FROM variable AS variable INNER JOIN variable AS variable ON variable.variable = variable.variable WHERE variable.variable = variable OR variable.variable = variable ORDER BY variable DESC LIMIT variable,1
2448,"SELECT variable.variable FROM variable AS variable INNER JOIN variable AS variable ON variable.variable = variable.variable WHERE variable.variable = variable ORDER BY CAST(REPLACE(trim(variable.variable, variable), variable, variable) AS variable) DESC LIMIT variable",1
2449,SELECT variable.variable FROM variable AS variable INNER JOIN variable AS variable ON variable.variable = variable.variable WHERE variable.variable = variable ORDER BY variable - CAST(variable.variable AS variable) / variable.variable DESC LIMIT variable,1
2450,SELECT variable.variable FROM variable AS variable INNER JOIN variable AS variable ON variable.variable = variable.variable WHERE variable.variable = variable ORDER BY variable DESC LIMIT variable,1
2451,SELECT variable.variable FROM variable AS variable INNER JOIN variable AS variable ON variable.variable = variable.variable WHERE variable.variable = variable ORDER BY variable(variable.variable) DESC LIMIT variable,1
2452,SELECT variable.variable FROM variable AS variable INNER JOIN variable AS variable ON variable.variable = variable.variable WHERE variable.variable = variable ORDER BY variable.variable - variable.variable DESC LIMIT variable,1
2453,SELECT variable.variable FROM variable AS variable INNER JOIN variable AS variable ON variable.variable = variable.variable WHERE variable.variable = variable ORDER BY variable.variable / variable.variable ASC LIMIT variable,1
2454,SELECT variable.variable FROM variable AS variable INNER JOIN variable AS variable ON variable.variable = variable.variable WHERE variable.variable = variable and variable.variable = variable AND variable.variable = variable,1
2455,SELECT variable.variable FROM variable AS variable INNER JOIN variable AS variable ON variable.variable = variable.variable WHERE variable.variable = variable.variable AND variable.variable <> variable,1
2456,SELECT variable.variable FROM variable AS variable INNER JOIN variable AS variable ON variable.variable = variable.variable WHERE variable.variable = variable.variable GROUP BY variable.variable,1
2457,SELECT variable.variable FROM variable AS variable INNER JOIN variable AS variable ON variable.variable = variable.variable WHERE variable.variable > ( SELECT AVG(variable) FROM variable ),1
2458,SELECT variable.variable FROM variable AS variable INNER JOIN variable AS variable ON variable.variable = variable.variable WHERE variable.variable > ( SELECT AVG(variable) FROM variable ) * variable,1
2459,SELECT variable.variable FROM variable AS variable INNER JOIN variable AS variable ON variable.variable = variable.variable WHERE variable.variable > ( SELECT AVG(variable.variable) * variable FROM variable AS variable ),1
2460,SELECT variable.variable FROM variable AS variable INNER JOIN variable AS variable ON variable.variable = variable.variable WHERE variable.variable > variable * ( SELECT AVG(variable) FROM variable ),1
2461,SELECT variable.variable FROM variable AS variable INNER JOIN variable AS variable ON variable.variable = variable.variable WHERE variable.variable > variable AND variable.variable < variable,1
2462,SELECT variable.variable FROM variable AS variable INNER JOIN variable AS variable ON variable.variable = variable.variable WHERE variable.variable > variable AND variable.variable = ( SELECT MAX(variable.variable) FROM variable AS variable INNER JOIN variable AS variable ON variable.variable = variable.variable WHERE variable.variable > variable ),1
2463,SELECT variable.variable FROM variable AS variable INNER JOIN variable AS variable ON variable.variable = variable.variable WHERE variable.variable > variable AND variable.variable = variable;,1
2464,SELECT variable.variable FROM variable AS variable INNER JOIN variable AS variable ON variable.variable = variable.variable WHERE variable.variable > variable AND variable.variable > variable AND variable.variable = variable,1
2465,SELECT variable.variable FROM variable AS variable INNER JOIN variable AS variable ON variable.variable = variable.variable WHERE variable.variable > variable AND variable.variable IS NOT NULL,1
2466,SELECT variable.variable FROM variable AS variable INNER JOIN variable AS variable ON variable.variable = variable.variable WHERE variable.variable > variable LIMIT variable,1
2467,SELECT variable.variable FROM variable AS variable INNER JOIN variable AS variable ON variable.variable = variable.variable WHERE variable.variable > variable ORDER BY variable.variable ASC LIMIT variable,1
2468,SELECT variable.variable FROM variable AS variable INNER JOIN variable AS variable ON variable.variable = variable.variable WHERE variable.variable > variable ORDER BY variable.variable LIMIT variable,1
2469,SELECT variable.variable FROM variable AS variable INNER JOIN variable AS variable ON variable.variable = variable.variable WHERE variable.variable >= variable AND variable.variable <= variable AND variable.variable = variable,1
2470,SELECT variable.variable FROM variable AS variable INNER JOIN variable AS variable ON variable.variable = variable.variable WHERE variable.variable >= variable AND variable.variable <= variable ORDER BY variable.variable DESC LIMIT variable,1
2471,SELECT variable.variable FROM variable AS variable INNER JOIN variable AS variable ON variable.variable = variable.variable WHERE variable.variable >= variable AND variable.variable = variable,1
2472,SELECT variable.variable FROM variable AS variable INNER JOIN variable AS variable ON variable.variable = variable.variable WHERE variable.variable >= variable AND variable.variable = variable ORDER BY variable.variable DESC LIMIT variable,1
2473,SELECT variable.variable FROM variable AS variable INNER JOIN variable AS variable ON variable.variable = variable.variable WHERE variable.variable BETWEEN variable AND variable AND variable.variable = variable AND variable.variable LIKE variable GROUP BY variable.variable ORDER BY COUNT(variable.variable) DESC LIMIT variable,1
2474,SELECT variable.variable FROM variable AS variable INNER JOIN variable AS variable ON variable.variable = variable.variable WHERE variable.variable BETWEEN variable AND variable AND variable.variable = variable ORDER BY variable.variable DESC LIMIT variable,1
2475,SELECT variable.variable FROM variable AS variable INNER JOIN variable AS variable ON variable.variable = variable.variable WHERE variable.variable BETWEEN variable AND variable AND variable.variable LIKE variable GROUP BY variable.variable ORDER BY COUNT(variable.variable) DESC LIMIT variable,1
2476,SELECT variable.variable FROM variable AS variable INNER JOIN variable AS variable ON variable.variable = variable.variable WHERE variable.variable BETWEEN variable AND variable AND variable.variable LIKE variable ORDER BY variable.variable DESC LIMIT variable,1
2477,SELECT variable.variable FROM variable AS variable INNER JOIN variable AS variable ON variable.variable = variable.variable WHERE variable.variable BETWEEN variable AND variable GROUP BY variable.variable ORDER BY CAST(SUM(variable.variable * variable.variable) AS variable) / variable DESC LIMIT variable,1
2478,SELECT variable.variable FROM variable AS variable INNER JOIN variable AS variable ON variable.variable = variable.variable WHERE variable.variable BETWEEN variable AND variable GROUP BY variable.variable ORDER BY COUNT(variable.variable) DESC LIMIT variable,1
2479,"SELECT variable.variable FROM variable AS variable INNER JOIN variable AS variable ON variable.variable = variable.variable WHERE variable.variable BETWEEN variable AND variable ORDER BY variable.variable - variable.variable DESC LIMIT variable, variable",1
2480,SELECT variable.variable FROM variable AS variable INNER JOIN variable AS variable ON variable.variable = variable.variable WHERE variable.variable BETWEEN variable AND variable ORDER BY variable.variable DESC LIMIT variable,1
2481,"SELECT variable.variable FROM variable AS variable INNER JOIN variable AS variable ON variable.variable = variable.variable WHERE variable.variable IN ( variable, variable, variable, variable, variable, variable, variable, variable ) AND variable.variable = variable AND variable.variable = variable AND variable.variable = variable ORDER BY variable.variable DESC LIMIT variable",1
2482,"SELECT variable.variable FROM variable AS variable INNER JOIN variable AS variable ON variable.variable = variable.variable WHERE variable.variable IN ( variable, variable, variable, variable, variable, variable, variable, variable ) AND variable.variable = variable GROUP BY variable.variable ORDER BY SUM(variable.variable) DESC LIMIT variable",1
2483,"SELECT variable.variable FROM variable AS variable INNER JOIN variable AS variable ON variable.variable = variable.variable WHERE variable.variable IN ( variable, variable, variable, variable, variable, variable, variable, variable ) GROUP BY variable.variable ORDER BY SUM(variable.variable) ASC LIMIT variable",1
2484,"SELECT variable.variable FROM variable AS variable INNER JOIN variable AS variable ON variable.variable = variable.variable WHERE variable.variable IN (variable, variable)",1
2485,"SELECT variable.variable FROM variable AS variable INNER JOIN variable AS variable ON variable.variable = variable.variable WHERE variable.variable IN (variable, variable) AND variable.variable = variable GROUP BY variable.variable ORDER BY COUNT(variable.variable) DESC LIMIT variable",1
2486,"SELECT variable.variable FROM variable AS variable INNER JOIN variable AS variable ON variable.variable = variable.variable WHERE variable.variable IN (variable, variable) AND variable.variable > variable GROUP BY variable.variable ORDER BY COUNT(variable.variable) DESC LIMIT variable",1
2487,"SELECT variable.variable FROM variable AS variable INNER JOIN variable AS variable ON variable.variable = variable.variable WHERE variable.variable IN (variable, variable) AND variable.variable LIKE variable GROUP BY variable.variable ORDER BY COUNT(variable.variable) DESC LIMIT variable",1
2488,"SELECT variable.variable FROM variable AS variable INNER JOIN variable AS variable ON variable.variable = variable.variable WHERE variable.variable IN (variable, variable, variable, variable, variable)",1
2489,SELECT variable.variable FROM variable AS variable INNER JOIN variable AS variable ON variable.variable = variable.variable WHERE variable.variable IS NOT NULL AND variable.variable IS NOT NULL ORDER BY variable.variable - variable.variable ASC LIMIT variable,1
2490,SELECT variable.variable FROM variable AS variable INNER JOIN variable AS variable ON variable.variable = variable.variable WHERE variable.variable IS NOT NULL GROUP BY variable.variable,1
2491,"SELECT variable.variable FROM variable AS variable INNER JOIN variable AS variable ON variable.variable = variable.variable WHERE variable.variable IS NOT NULL ORDER BY strftime(variable, variable.variable) - strftime(variable, variable.variable) DESC LIMIT variable",1
2492,SELECT variable.variable FROM variable AS variable INNER JOIN variable AS variable ON variable.variable = variable.variable WHERE variable.variable IS NOT NULL ORDER BY variable.variable LIMIT variable,1
2493,"SELECT variable.variable FROM variable AS variable INNER JOIN variable AS variable ON variable.variable = variable.variable WHERE variable.variable IS NULL ORDER BY CAST(REPLACE(trim(variable.variable, variable), variable, variable) AS variable) DESC LIMIT variable",1
2494,"SELECT variable.variable FROM variable AS variable INNER JOIN variable AS variable ON variable.variable = variable.variable WHERE variable.variable LIKE variable AND variable.variable = ( SELECT MAX(variable) FROM variable WHERE STRFTIME(variable, variable) = variable )",1
2495,SELECT variable.variable FROM variable AS variable INNER JOIN variable AS variable ON variable.variable = variable.variable WHERE variable.variable LIKE variable AND variable.variable = variable AND variable.variable = variable,1
2496,SELECT variable.variable FROM variable AS variable INNER JOIN variable AS variable ON variable.variable = variable.variable WHERE variable.variable LIKE variable AND variable.variable = variable AND variable.variable = variable AND variable.variable <= variable GROUP BY variable.variable,1
2497,SELECT variable.variable FROM variable AS variable INNER JOIN variable AS variable ON variable.variable = variable.variable WHERE variable.variable LIKE variable AND variable.variable = variable AND variable.variable = variable AND variable.variable = variable,1
2498,SELECT variable.variable FROM variable AS variable INNER JOIN variable AS variable ON variable.variable = variable.variable WHERE variable.variable LIKE variable AND variable.variable = variable AND variable.variable = variable AND variable.variable = variable AND variable.variable = variable GROUP BY variable.variable ORDER BY COUNT(variable.variable) DESC LIMIT variable,1
2499,SELECT variable.variable FROM variable AS variable INNER JOIN variable AS variable ON variable.variable = variable.variable WHERE variable.variable LIKE variable AND variable.variable = variable ORDER BY variable.variable LIMIT variable,1
2500,SELECT variable.variable FROM variable AS variable INNER JOIN variable AS variable ON variable.variable = variable.variable WHERE variable.variable LIKE variable AND variable.variable > variable,1
2501,SELECT variable.variable FROM variable AS variable INNER JOIN variable AS variable ON variable.variable = variable.variable WHERE variable.variable LIKE variable AND variable.variable > variable GROUP BY variable.variable,1
2502,SELECT variable.variable FROM variable AS variable INNER JOIN variable AS variable ON variable.variable = variable.variable WHERE variable.variable LIKE variable AND variable.variable LIKE variable,1
2503,SELECT variable.variable FROM variable AS variable INNER JOIN variable AS variable ON variable.variable = variable.variable WHERE variable.variable LIKE variable AND variable.variable LIKE variable GROUP BY variable.variable ORDER BY COUNT(variable.variable) DESC LIMIT variable,1
2504,SELECT variable.variable FROM variable AS variable INNER JOIN variable AS variable ON variable.variable = variable.variable WHERE variable.variable LIKE variable AND variable.variable LIKE variable LIMIT variable,1
2505,SELECT variable.variable FROM variable AS variable INNER JOIN variable AS variable ON variable.variable = variable.variable WHERE variable.variable LIKE variable GROUP BY variable.variable ORDER BY COUNT(variable) DESC LIMIT variable,1
2506,"SELECT variable.variable FROM variable AS variable INNER JOIN variable AS variable ON variable.variable = variable.variable WHERE variable.variable LIKE variable GROUP BY variable.variable, variable.variable ORDER BY SUM(variable.variable) DESC LIMIT variable",1
2507,SELECT variable.variable FROM variable AS variable INNER JOIN variable AS variable ON variable.variable = variable.variable WHERE variable.variable LIKE variable LIMIT variable,1
2508,SELECT variable.variable FROM variable AS variable INNER JOIN variable AS variable ON variable.variable = variable.variable WHERE variable.variable LIKE variable ORDER BY variable.variable ASC LIMIT variable,1
2509,SELECT variable.variable FROM variable AS variable INNER JOIN variable AS variable ON variable.variable = variable.variable WHERE variable.variable LIKE variable ORDER BY variable.variable DESC LIMIT variable,1
2510,SELECT variable.variable FROM variable AS variable INNER JOIN variable AS variable ON variable.variable=variable.variable WHERE variable.variable = variable LIMIT variable,1
2511,SELECT variable.variable FROM variable AS variable INNER JOIN variable AS variable ON variable.variable=variable.variable WHERE variable.variable = variable ORDER BY variable.variable DESC LIMIT variable,1
2512,SELECT variable.variable FROM variable AS variable INNER JOIN variable AS variable USING (variable) INNER JOIN variable AS variable USING (variable) WHERE variable.variable LIKE variable AND variable.variable = variable,1
2513,SELECT variable.variable FROM variable AS variable INNER JOIN variable AS variable USING (variable) WHERE variable.variable = variable,1
2514,SELECT variable.variable FROM variable AS variable INNER JOIN variable AS variable USING (variable) WHERE variable.variable = variable GROUP BY variable.variable,1
2515,SELECT variable.variable FROM variable AS variable INNER JOIN variable AS variable WHERE variable.variable = variable AND variable.variable = variable.variable,1
2516,SELECT variable.variable FROM variable AS variable INNER JOIN variable ON variable.variable = variable.variable INNER JOIN variable AS variable ON variable.variable = variable.variable WHERE variable.variable = variable AND variable.variable LIKE variable,1
2517,SELECT variable.variable FROM variable AS variable INNER JOIN variable ON variable.variable = variable.variable INNER JOIN variable AS variable ON variable.variable = variable.variable WHERE variable.variable LIKE variable AND variable.variable LIKE variable,1
2518,SELECT variable.variable FROM variable AS variable INNER JOIN variable ON variable.variable = variable.variable INNER JOIN variable AS variable ON variable.variable = variable.variable WHERE variable.variable LIKE variable AND variable.variable LIKE variable AND variable.variable LIKE variable GROUP BY variable.variable,1
2519,SELECT variable.variable FROM variable AS variable INNER JOIN variable ON variable.variable = variable.variable INNER JOIN variable AS variable ON variable.variable = variable.variable WHERE variable.variable LIKE variable AND variable.variable NOT LIKE variable,1
2520,SELECT variable.variable FROM variable AS variable LEFT JOIN variable AS variable ON variable.variable = variable.variable WHERE variable.variable IS NULL AND variable.variable = variable LIMIT variable,1
2521,SELECT variable.variable FROM variable AS variable RIGHT JOIN variable AS variable ON variable.variable = variable.variable WHERE variable.variable = variable,1
2522,SELECT variable.variable FROM variable AS variable RIGHT JOIN variable AS variable ON variable.variable = variable.variable WHERE variable.variable = variable ORDER BY variable.variable DESC LIMIT variable,1
2523,SELECT variable.variable FROM variable AS variable WHERE variable.variable = ( SELECT variable.variable FROM variable AS variable WHERE variable.variable = variable ),1
2524,SELECT variable.variable FROM variable AS variable WHERE variable.variable BETWEEN variable AND variable,1
2525,SELECT variable.variable FROM variable AS variable WHERE variable.variable LIKE variable,1
2526,SELECT variable.variable FROM variable variable WHERE variable.variable = variable,1
2527,"SELECT variable.variable, (variable.variable - variable.variable) * variable.variable FROM variable AS variable INNER JOIN variable AS variable ON variable.variable = variable.variable INNER JOIN variable AS variable ON variable.variable = variable.variable INNER JOIN variable AS variable ON variable.variable = variable.variable GROUP BY variable.variable, variable.variable, variable.variable, variable.variable ORDER BY (variable.variable - variable.variable) * variable.variable DESC LIMIT variable",1
2528,"SELECT variable.variable, AVG(variable.variable) FROM variable AS variable INNER JOIN `variable` AS variable ON variable.variable = variable.variable INNER JOIN variable AS variable ON variable.variable = variable.variable GROUP BY variable.variable ORDER BY COUNT(variable.variable) DESC LIMIT variable",1
2529,"SELECT variable.variable, AVG(variable.variable) FROM variable AS variable INNER JOIN variable AS variable ON variable.variable = variable.variable GROUP BY variable.variable ORDER BY COUNT(variable.variable) DESC LIMIT variable",1
2530,"SELECT variable.variable, AVG(variable.variable) FROM variable AS variable INNER JOIN variable AS variable ON variable.variable = variable.variable WHERE variable.variable != variable GROUP BY variable.variable",1
2531,"SELECT variable.variable, AVG(variable.variable) FROM variable AS variable INNER JOIN variable AS variable ON variable.variable = variable.variable WHERE variable.variable = variable GROUP BY variable.variable",1
2532,"SELECT variable.variable, AVG(variable.variable), AVG(variable.variable) FROM variable AS variable INNER JOIN variable AS variable ON variable.variable = variable.variable WHERE variable.variable = variable GROUP BY variable.variable",1
2533,"SELECT variable.variable, CAST(COUNT(variable.variable) AS variable) / COUNT(DISTINCT variable.variable) FROM variable AS variable INNER JOIN variable AS variable ON variable.variable = variable.variable GROUP BY variable.variable ORDER BY COUNT(variable.variable) DESC LIMIT variable",1
2534,"SELECT variable.variable, CAST(SUM(variable.variable) AS variable) / SUM(variable.variable) FROM variable AS variable INNER JOIN variable AS variable ON variable.variable = variable.variable WHERE variable.variable = variable GROUP BY variable.variable",1
2535,"SELECT variable.variable, CAST(variable.variable AS variable) * variable / variable.variable FROM variable AS variable INNER JOIN ( SELECT variable.variable , variable.variable FROM variable AS variable INNER JOIN variable AS variable ON variable.variable = variable.variable WHERE variable.variable = variable ORDER BY variable.variable DESC LIMIT variable, variable ) AS variable ON variable.variable = variable.variable",1
2536,"SELECT variable.variable, CAST(variable.variable AS variable) * variable / variable.variable FROM variable AS variable INNER JOIN variable AS variable ON variable.variable = variable.variable INNER JOIN variable AS variable ON variable.variable = variable.variable ORDER BY variable.variable DESC LIMIT variable",1
2537,"SELECT variable.variable, COUNT(DISTINCT variable.`variable-variable`) FROM `variable-variable` AS variable INNER JOIN variable AS variable ON variable.variable = variable.variable GROUP BY variable.variable ORDER BY COUNT(DISTINCT variable.`variable-variable`) DESC LIMIT variable",1
2538,"SELECT variable.variable, COUNT(variable.variable) FROM variable AS variable INNER JOIN variable AS variable ON variable.`variable` = variable.`variable` GROUP BY variable.variable ORDER BY COUNT(variable.variable) DESC LIMIT variable",1
2539,"SELECT variable.variable, COUNT(variable.variable) FROM variable AS variable INNER JOIN variable AS variable ON variable.variable = variable.variable GROUP BY variable.variable",1
2540,"SELECT variable.variable, COUNT(variable.variable) FROM variable AS variable INNER JOIN variable AS variable ON variable.variable = variable.variable INNER JOIN variable AS variable ON variable.variable = variable.variable WHERE variable.variable = variable",1
2541,"SELECT variable.variable, COUNT(variable.variable) FROM variable AS variable INNER JOIN variable AS variable ON variable.variable = variable.variable WHERE variable.variable = variable AND CAST(variable AS variable) < -variable",1
2542,"SELECT variable.variable, COUNT(variable.variable) FROM variable AS variable INNER JOIN variable AS variable ON variable.variable = variable.variable WHERE variable.variable = variable AND variable.variable >= variable",1
2543,"SELECT variable.variable, COUNT(variable.variable) FROM variable AS variable INNER JOIN variable AS variable ON variable.variable = variable.variable WHERE variable.variable = variable GROUP BY variable.variable",1
2544,"SELECT variable.variable, MAX(variable.variable) FROM ( SELECT variable, COUNT(variable) AS variable FROM variable WHERE variable = variable GROUP BY variable ) variable",1
2545,"SELECT variable.variable, MAX(variable.variable) FROM variable AS variable INNER JOIN variable AS variable ON variable.variable = variable.variable INNER JOIN variable AS variable ON variable.variable = variable.variable GROUP BY variable.variable",1
2546,"SELECT variable.variable, MAX(variable.variable) FROM variable AS variable INNER JOIN variable AS variable ON variable.variable = variable.variable WHERE variable.variable = variable ORDER BY variable.variable DESC LIMIT variable",1
2547,"SELECT variable.variable, MAX(variable.variable) FROM variable AS variable INNER JOIN variable AS variable ON variable.variable = variable.variable WHERE variable.variable BETWEEN variable AND variable GROUP BY variable.variable",1
2548,"SELECT variable.variable, MAX(variable.variable), MAX(variable.variable) FROM variable AS variable INNER JOIN variable AS variable ON variable.variable = variable.variable WHERE variable.variable = variable",1
2549,"SELECT variable.variable, SUM(variable.variable * variable.variable) FROM variable AS variable INNER JOIN ( SELECT variable, variable FROM variable ORDER BY variable - variable DESC LIMIT variable ) AS variable ON variable.variable = variable.variable UNION SELECT variable.variable, SUM(variable * variable) FROM variable AS variable INNER JOIN ( SELECT variable, variable FROM variable ORDER BY variable - variable ASC LIMIT variable ) AS variable ON variable.variable = variable.variable",1
2550,"SELECT variable.variable, SUM(variable.variable * variable.variable) FROM variable AS variable INNER JOIN variable AS variable ON variable.variable = variable.variable GROUP BY variable.variable, variable.variable ORDER BY SUM(variable.variable) DESC LIMIT variable",1
2551,"SELECT variable.variable, SUM(variable.variable) * variable FROM variable AS variable GROUP BY variable ORDER BY SUM(variable.variable) * variable DESC LIMIT variable",1
2552,"SELECT variable.variable, SUM(variable.variable) AS variable FROM variable AS variable INNER JOIN variable AS variable ON variable.variable = variable.variable INNER JOIN variable AS variable ON variable.variable = variable.variable WHERE variable.variable = variable GROUP BY variable.variable",1
2553,"SELECT variable.variable, SUM(variable.variable) FROM variable AS variable INNER JOIN variable AS variable ON variable.variable = variable.variable INNER JOIN `variable` AS variable ON variable.variable = variable.variable WHERE variable.variable = variable AND variable.variable = variable GROUP BY variable.variable",1
2554,"SELECT variable.variable, SUM(variable.variable) FROM variable AS variable INNER JOIN variable AS variable ON variable.variable = variable.variable INNER JOIN variable AS variable ON variable.variable = variable.variable WHERE STRFTIME(variable, variable.variable) = variable GROUP BY variable.variable ORDER BY SUM(variable.variable) DESC LIMIT variable",1
2555,"SELECT variable.variable, variable FROM ( SELECT variable.variable, COUNT(variable.variable) AS variable FROM variable AS variable LEFT JOIN variable AS variable ON variable.variable = variable.variable GROUP BY variable.variable ) variable ORDER BY variable.variable DESC LIMIT variable",1
2556,"SELECT variable.variable, variable.`end`, variable.variable FROM variable AS variable INNER JOIN `variable-variable` AS variable ON variable.variable = variable.variable WHERE variable.variable = variable AND variable.variable = variable AND variable.variable = variable",1
2557,"SELECT variable.variable, variable.`variable variable variable` FROM variable AS variable INNER JOIN variable AS variable ON variable.variable = variable.variable INNER JOIN variable AS variable ON variable.variable = variable.variable WHERE variable.variable = variable AND variable.`variable (variable)` BETWEEN variable AND variable",1
2558,"SELECT variable.variable, variable.`variable variable` FROM variable AS variable INNER JOIN variable AS variable ON variable.variable = variable.variable WHERE variable.`variable variable variable variable` = variable",1
2559,"SELECT variable.variable, variable.`variable-variable` FROM `variable-variable` AS variable INNER JOIN variable AS variable ON variable.variable = variable.variable INNER JOIN variable AS variable ON variable.variable = variable.variable WHERE variable.variable = variable",1
2560,"SELECT variable.variable, variable.`variable-variable` FROM variable AS variable INNER JOIN `variable-variable` AS variable ON variable.variable = variable.variable WHERE variable.variable = variable",1
2561,"SELECT variable.variable, variable.variable * variable.variable * variable FROM variable AS variable INNER JOIN variable AS variable ON variable.variable = variable.variable WHERE variable.variable = variable OR variable.variable = variable",1
2562,"SELECT variable.variable, variable.variable + variable.variable + variable.variable FROM variable AS variable INNER JOIN variable AS variable ON variable.variable = variable.variable INNER JOIN variable AS variable ON variable.variable = variable.variable WHERE variable.variable = variable",1
2563,"SELECT variable.variable, variable.variable + variable.variable + variable.variable FROM variable AS variable INNER JOIN variable AS variable ON variable.variable = variable.variable ORDER BY variable.variable DESC LIMIT variable",1
2564,"SELECT variable.variable, variable.variable , CASE WHEN variable.variable IS NULL THEN strftime(variable, variable.variable) - strftime(variable, variable.variable) ELSE strftime(variable, variable.variable) - strftime(variable, variable.variable) END AS variable FROM variable AS variable INNER JOIN variable AS variable ON variable.variable = variable.variable WHERE variable.variable = variable AND variable.variable = variable AND variable.variable = variable AND strftime(variable, variable.variable) = variable",1
2565,"SELECT variable.variable, variable.variable , STRFTIME(variable, variable) - STRFTIME(variable, variable) FROM variable AS variable INNER JOIN variable AS variable ON variable.variable = variable.variable INNER JOIN variable AS variable ON variable.variable = variable.variable WHERE variable.variable = variable ORDER BY STRFTIME(variable, variable) - STRFTIME(variable, variable) DESC LIMIT variable",1
2566,"SELECT variable.variable, variable.variable , strftime(variable, variable.variable) - strftime(variable, variable.variable) AS variable , CASE WHEN variable.variable IS NULL THEN variable ELSE variable END FROM variable AS variable INNER JOIN variable AS variable ON variable.variable = variable.variable WHERE variable.variable = variable",1
2567,"SELECT variable.variable, variable.variable , variable.variable FROM variable AS variable INNER JOIN variable AS variable ON variable.variable = variable.variable WHERE variable.variable >= variable",1
2568,"SELECT variable.variable, variable.variable , variable.variable, STRFTIME(variable, variable) - variable FROM variable AS variable INNER JOIN variable AS variable ON variable.variable = variable.variable WHERE variable.variable = variable AND variable.variable >= variable AND variable.variable <= variable GROUP BY variable.variable",1
2569,"SELECT variable.variable, variable.variable - variable.variable AS variable FROM variable AS variable INNER JOIN variable AS variable ON variable.variable = variable.variable WHERE variable.variable = variable AND variable.variable BETWEEN variable AND variable",1
2570,"SELECT variable.variable, variable.variable - variable.variable FROM variable AS variable INNER JOIN variable AS variable ON variable.variable = variable.variable GROUP BY variable.variable, variable.variable - variable.variable ORDER BY SUM(variable.variable) DESC LIMIT variable",1
2571,"SELECT variable.variable, variable.variable - variable.variable FROM variable AS variable INNER JOIN variable AS variable ON variable.variable = variable.variable ORDER BY variable.variable DESC LIMIT variable",1
2572,"SELECT variable.variable, variable.variable - variable.variable FROM variable AS variable INNER JOIN variable AS variable ON variable.variable = variable.variable WHERE variable.variable = variable",1
2573,"SELECT variable.variable, variable.variable - variable.variable FROM variable AS variable WHERE variable.variable = variable ORDER BY variable.variable - variable.variable DESC LIMIT variable",1
2574,"SELECT variable.variable, variable.variable / variable.variable AS variable FROM variable AS variable INNER JOIN variable AS variable ON variable.variable = variable.variable WHERE variable.variable = variable",1
2575,"SELECT variable.variable, variable.variable = variable FROM variable AS variable INNER JOIN variable AS variable ON variable.variable = variable.variable AND variable.variable = variable.variable WHERE variable.variable = variable ORDER BY variable.variable DESC LIMIT variable",1
2576,"SELECT variable.variable, variable.variable FROM ( SELECT variable FROM variable WHERE variable IS NOT NULL ORDER BY variable ASC LIMIT variable ) AS variable INNER JOIN ( SELECT DISTINCT variable, variable FROM variable WHERE variable BETWEEN variable AND variable ) AS variable ON variable.variable = variable.variable",1
2577,"SELECT variable.variable, variable.variable FROM ( SELECT variable.variable, COUNT(variable.variable) FROM variable AS variable WHERE strftime(variable, variable.variable) = variable GROUP BY variable.variable ORDER BY COUNT(variable.variable) DESC LIMIT variable ) AS variable INNER JOIN variable AS variable ON variable.variable = variable.variable",1
2578,"SELECT variable.variable, variable.variable FROM ( SELECT variable.variable, variable.variable, COUNT(variable.variable) AS variable FROM variable AS variable INNER JOIN variable AS variable ON variable.variable = variable.variable INNER JOIN variable AS variable ON variable.variable = variable.variable GROUP BY variable.variable, variable.variable ) AS variable ORDER BY variable.variable DESC LIMIT variable",1
2579,"SELECT variable.variable, variable.variable FROM ( SELECT variable.variable, variable.variable, COUNT(variable.variable) AS variable FROM variable AS variable INNER JOIN variable AS variable ON variable.variable = variable.variable INNER JOIN variable AS variable ON variable.variable = variable.variable INNER JOIN variable AS variable ON variable.variable = variable.variable INNER JOIN variable AS variable ON variable.variable = variable.variable GROUP BY variable.variable, variable.variable ) AS variable WHERE variable.variable > variable",1
2580,"SELECT variable.variable, variable.variable FROM ( SELECT variable.variable, variable.variable, COUNT(variable.variable) AS variable FROM variable AS variable INNER JOIN variable AS variable ON variable.variable = variable.variable INNER JOIN variable AS variable ON variable.variable = variable.variable INNER JOIN variable AS variable ON variable.variable = variable.variable WHERE variable.variable = variable GROUP BY variable.variable, variable.variable ) AS variable ORDER BY variable.variable DESC LIMIT variable",1
2581,"SELECT variable.variable, variable.variable FROM ( SELECT variable.variable, variable.variable, COUNT(variable.variable) AS variable FROM variable AS variable INNER JOIN variable AS variable ON variable.variable = variable.variable WHERE (variable.variable = variable AND variable.variable = variable) OR (variable.variable = variable AND variable.variable = variable) GROUP BY variable.variable, variable.variable ) AS variable ORDER BY variable.variable DESC LIMIT variable",1
2582,"SELECT variable.variable, variable.variable FROM ( SELECT variable.variable, variable.variable, SUM(variable.variable) FROM variable AS variable INNER JOIN variable AS variable ON variable.variable = variable.variable INNER JOIN variable AS variable ON variable.variable = variable.variable GROUP BY variable.variable, variable.variable ORDER BY SUM(variable.variable) DESC LIMIT variable ) variable",1
2583,"SELECT variable.variable, variable.variable FROM ( SELECT variable.variable, variable.variable, variable.variable FROM variable AS variable INNER JOIN variable AS variable ON variable.variable = variable.variable GROUP BY variable.variable HAVING COUNT(variable) > variable ) variable ORDER BY variable.variable DESC LIMIT variable",1
2584,"SELECT variable.variable, variable.variable FROM ( SELECT variable.variable, variable.variable, variable.variable, COUNT(variable.variable) FROM variable AS variable INNER JOIN variable AS variable ON variable.variable = variable.variable GROUP BY variable.variable, variable.variable, variable.variable ORDER BY COUNT(variable.variable) DESC LIMIT variable ) AS variable",1
2585,"SELECT variable.variable, variable.variable FROM `variable variable` AS variable INNER JOIN `variable variable` AS variable ON variable.variable = variable.variable WHERE variable.variable = variable",1
2586,"SELECT variable.variable, variable.variable FROM `variable variable` AS variable INNER JOIN `variable variable` AS variable ON variable.variable = variable.variable WHERE variable.variable = variable GROUP BY variable.variable ORDER BY COUNT(variable.variable) ASC LIMIT variable",1
2587,"SELECT variable.variable, variable.variable FROM `variable variable` AS variable INNER JOIN variable AS variable ON variable.variable = variable.variable ORDER BY variable.variable ASC LIMIT variable",1
2588,"SELECT variable.variable, variable.variable FROM `variable-variable` AS variable INNER JOIN variable AS variable ON variable.variable = variable.variable WHERE variable.variable = variable AND variable.variable = variable GROUP BY variable.variable",1
2589,"SELECT variable.variable, variable.variable FROM `variable-variable` AS variable INNER JOIN variable AS variable ON variable.variable = variable.variable WHERE variable.variable IS NOT NULL AND variable.variable LIKE variable",1
2590,"SELECT variable.variable, variable.variable FROM `variable` AS variable INNER JOIN variable AS variable ON variable.variable = variable.variable INNER JOIN variable AS variable ON variable.variable = variable.variable INNER JOIN variable AS variable ON variable.variable = variable.variable ORDER BY variable.variable DESC LIMIT variable",1
2591,"SELECT variable.variable, variable.variable FROM `variable` AS variable INNER JOIN variable AS variable ON variable.variable = variable.variable INNER JOIN variable AS variable ON variable.variable = variable.variable WHERE variable.variable = variable",1
2592,"SELECT variable.variable, variable.variable FROM `variable` AS variable INNER JOIN variable AS variable ON variable.variable = variable.variable WHERE variable.variable = variable",1
2593,"SELECT variable.variable, variable.variable FROM variable AS variable  INNER JOIN variable AS variable  ON variable.variable = variable.variable WHERE (variable.variable = variable AND variable.variable = variable) OR (variable.variable = variable AND variable.variable = variable) ORDER BY variable.variable DESC LIMIT variable",1
2594,"SELECT variable.variable, variable.variable FROM variable AS variable  INNER JOIN variable AS variable  ON variable.variable = variable.variable WHERE variable.variable = variable",1
2595,"SELECT variable.variable, variable.variable FROM variable AS variable  INNER JOIN variable AS variable  ON variable.variable = variable.variable WHERE variable.variable = variable ORDER BY variable.variable DESC LIMIT variable",1
2596,"SELECT variable.variable, variable.variable FROM variable AS variable INNER JOIN ( SELECT * FROM variable WHERE variable = variable ) AS variable on variable.variable = variable.variable WHERE variable.variable = variable and variable.variable > variable.variable",1
2597,"SELECT variable.variable, variable.variable FROM variable AS variable INNER JOIN ( SELECT variable FROM variable WHERE variable = variable GROUP BY variable ORDER BY COUNT(variable) DESC LIMIT variable ) AS variable ON variable.variable = variable.variable",1
2598,"SELECT variable.variable, variable.variable FROM variable AS variable INNER JOIN ( SELECT variable, COUNT(*) AS variable FROM ( SELECT *, variable(variable, variable || variable || variable) AS variable FROM ( SELECT variable, variable, variable() OVER (PARTITION BY variable ORDER BY variable) AS variable FROM ( SELECT DISTINCT variable, variable(variable) AS variable FROM variable ) ) ) GROUP BY variable, variable HAVING variable = variable ) AS variable ON variable.variable = variable.variable",1
2599,"SELECT variable.variable, variable.variable FROM variable AS variable INNER JOIN `variable-variable` AS variable ON variable.variable = variable.variable WHERE variable.`variable-variable` = variable AND CAST(REPLACE(trim(variable.variable, variable), variable, variable) AS variable) * variable / CAST(REPLACE(trim(variable.variable, variable), variable, variable) AS variable) * variable < variable",1
2600,"SELECT variable.variable, variable.variable FROM variable AS variable INNER JOIN `variable-variable` AS variable ON variable.variable = variable.variable WHERE variable.variable = variable AND CAST(variable.variable AS variable) <= variable AND CAST(variable.variable AS variable) >= variable",1
2601,"SELECT variable.variable, variable.variable FROM variable AS variable INNER JOIN `variable-variable` AS variable ON variable.variable = variable.variable WHERE variable.variable = variable AND variable.variable = variable",1
2602,"SELECT variable.variable, variable.variable FROM variable AS variable INNER JOIN `variable-variable` AS variable ON variable.variable = variable.variable WHERE variable.variable = variable AND variable.variable = variable AND variable.variable = variable",1
2603,"SELECT variable.variable, variable.variable FROM variable AS variable INNER JOIN `variable-variable` AS variable ON variable.variable = variable.variable WHERE variable.variable IS NOT NULL AND variable.variable < variable",1
2604,"SELECT variable.variable, variable.variable FROM variable AS variable INNER JOIN `variable-variable` AS variable ON variable.variable = variable.variable WHERE variable.variable IS NULL",1
2605,"SELECT variable.variable, variable.variable FROM variable AS variable INNER JOIN `variable-variable` AS variable ON variable.variable = variable.variable WHERE variable.variable LIKE variable",1
2606,"SELECT variable.variable, variable.variable FROM variable AS variable INNER JOIN `variable` AS variable ON variable.variable = variable.variable INNER JOIN variable AS variable ON variable.variable = variable.variable INNER JOIN variable AS variable ON variable.variable = variable.variable WHERE variable.variable = variable",1
2607,"SELECT variable.variable, variable.variable FROM variable AS variable INNER JOIN `variable` AS variable ON variable.variable = variable.variable WHERE STRFTIME(variable, variable.variable) = variable GROUP BY variable.variable ORDER BY COUNT(variable.variable) DESC LIMIT variable",1
2608,"SELECT variable.variable, variable.variable FROM variable AS variable INNER JOIN variable AS variable ON variable.`variable` = variable.`variable` WHERE variable.variable = variable LIMIT variable",1
2609,"SELECT variable.variable, variable.variable FROM variable AS variable INNER JOIN variable AS variable ON variable.variable = variable.variable AND variable.variable = SUBSTR(CAST(variable.variable AS variable), variable, INSTR(variable.variable, variable) - variable) WHERE variable.variable = variable AND variable.variable > variable AND variable.variable = variable AND variable.variable = variable AND variable.variable = variable AND variable.variable = variable",1
2610,"SELECT variable.variable, variable.variable FROM variable AS variable INNER JOIN variable AS variable ON variable.variable = variable.variable AND variable.variable = variable.variable INNER JOIN variable AS variable ON variable.variable = variable.variable AND variable.variable = variable.variable WHERE variable.variable = variable AND variable.variable = variable",1
2611,"SELECT variable.variable, variable.variable FROM variable AS variable INNER JOIN variable AS variable ON variable.variable = variable.variable AND variable.variable = variable.variable WHERE variable.variable = variable",1
2612,"SELECT variable.variable, variable.variable FROM variable AS variable INNER JOIN variable AS variable ON variable.variable = variable.variable GROUP BY variable.variable ORDER BY COUNT(*) DESC LIMIT variable",1
2613,"SELECT variable.variable, variable.variable FROM variable AS variable INNER JOIN variable AS variable ON variable.variable = variable.variable GROUP BY variable.variable, variable.variable, variable.variable ORDER BY COUNT(variable.variable) DESC LIMIT variable",1
2614,"SELECT variable.variable, variable.variable FROM variable AS variable INNER JOIN variable AS variable ON variable.variable = variable.variable INNER JOIN variable AS variable ON variable.variable = variable.variable INNER JOIN variable AS variable ON variable.variable = variable.variable INNER JOIN variable AS variable ON variable.variable = variable.variable WHERE variable.variable = variable AND variable.variable = variable",1
2615,"SELECT variable.variable, variable.variable FROM variable AS variable INNER JOIN variable AS variable ON variable.variable = variable.variable INNER JOIN variable AS variable ON variable.variable = variable.variable INNER JOIN variable AS variable ON variable.variable = variable.variable ORDER BY variable.variable DESC LIMIT variable",1
2616,"SELECT variable.variable, variable.variable FROM variable AS variable INNER JOIN variable AS variable ON variable.variable = variable.variable INNER JOIN variable AS variable ON variable.variable = variable.variable INNER JOIN variable AS variable ON variable.variable = variable.variable ORDER BY variable.variable LIMIT variable",1
2617,"SELECT variable.variable, variable.variable FROM variable AS variable INNER JOIN variable AS variable ON variable.variable = variable.variable INNER JOIN variable AS variable ON variable.variable = variable.variable INNER JOIN variable AS variable ON variable.variable = variable.variable WHERE STRFTIME(variable, variable.variable) = variable AND variable.variable = variable",1
2618,"SELECT variable.variable, variable.variable FROM variable AS variable INNER JOIN variable AS variable ON variable.variable = variable.variable INNER JOIN variable AS variable ON variable.variable = variable.variable INNER JOIN variable AS variable ON variable.variable = variable.variable WHERE variable.variable = variable GROUP BY variable.variable, variable.variable",1
2619,"SELECT variable.variable, variable.variable FROM variable AS variable INNER JOIN variable AS variable ON variable.variable = variable.variable INNER JOIN variable AS variable ON variable.variable = variable.variable INNER JOIN variable AS variable ON variable.variable = variable.variable WHERE variable.variable LIKE variable AND variable.variable = variable",1
2620,"SELECT variable.variable, variable.variable FROM variable AS variable INNER JOIN variable AS variable ON variable.variable = variable.variable INNER JOIN variable AS variable ON variable.variable = variable.variable WHERE (variable.variable = variable OR variable.variable = variable) AND (variable.variable = variable OR variable.variable = variable) AND variable.variable = variable ORDER BY variable.variable DESC LIMIT variable",1
2621,"SELECT variable.variable, variable.variable FROM variable AS variable INNER JOIN variable AS variable ON variable.variable = variable.variable INNER JOIN variable AS variable ON variable.variable = variable.variable WHERE STRFTIME(variable, variable.variable) < variable ORDER BY variable.variable LIMIT variable, variable",1
2622,"SELECT variable.variable, variable.variable FROM variable AS variable INNER JOIN variable AS variable ON variable.variable = variable.variable INNER JOIN variable AS variable ON variable.variable = variable.variable WHERE STRFTIME(variable, variable.variable) = variable",1
2623,"SELECT variable.variable, variable.variable FROM variable AS variable INNER JOIN variable AS variable ON variable.variable = variable.variable INNER JOIN variable AS variable ON variable.variable = variable.variable WHERE variable.variable = ( SELECT variable FROM variable GROUP BY variable ORDER BY SUM(variable) DESC LIMIT variable ) GROUP BY variable.variable, variable.variable ORDER BY SUM(variable.variable) ASC LIMIT variable",1
2624,"SELECT variable.variable, variable.variable FROM variable AS variable INNER JOIN variable AS variable ON variable.variable = variable.variable INNER JOIN variable AS variable ON variable.variable = variable.variable WHERE variable.variable = ( SELECT variable FROM variable ORDER BY variable DESC LIMIT variable )",1
2625,"SELECT variable.variable, variable.variable FROM variable AS variable INNER JOIN variable AS variable ON variable.variable = variable.variable INNER JOIN variable AS variable ON variable.variable = variable.variable WHERE variable.variable = variable AND variable.variable < variable AND variable.variable = variable",1
2626,"SELECT variable.variable, variable.variable FROM variable AS variable INNER JOIN variable AS variable ON variable.variable = variable.variable INNER JOIN variable AS variable ON variable.variable = variable.variable WHERE variable.variable = variable AND variable.variable <> variable",1
2627,"SELECT variable.variable, variable.variable FROM variable AS variable INNER JOIN variable AS variable ON variable.variable = variable.variable INNER JOIN variable AS variable ON variable.variable = variable.variable WHERE variable.variable = variable AND variable.variable = variable AND variable.variable = variable AND variable.variable = variable AND variable.variable = variable",1
2628,"SELECT variable.variable, variable.variable FROM variable AS variable INNER JOIN variable AS variable ON variable.variable = variable.variable INNER JOIN variable AS variable ON variable.variable = variable.variable WHERE variable.variable = variable AND variable.variable = variable LIMIT variable",1
2629,"SELECT variable.variable, variable.variable FROM variable AS variable INNER JOIN variable AS variable ON variable.variable = variable.variable INNER JOIN variable AS variable ON variable.variable = variable.variable WHERE variable.variable = variable AND variable.variable > variable ORDER BY variable.variable DESC LIMIT variable",1
2630,"SELECT variable.variable, variable.variable FROM variable AS variable INNER JOIN variable AS variable ON variable.variable = variable.variable INNER JOIN variable AS variable ON variable.variable = variable.variable WHERE variable.variable = variable AND variable.variable IS NULL",1
2631,"SELECT variable.variable, variable.variable FROM variable AS variable INNER JOIN variable AS variable ON variable.variable = variable.variable INNER JOIN variable AS variable ON variable.variable = variable.variable WHERE variable.variable = variable GROUP BY variable.variable, variable.variable",1
2632,"SELECT variable.variable, variable.variable FROM variable AS variable INNER JOIN variable AS variable ON variable.variable = variable.variable INNER JOIN variable AS variable ON variable.variable = variable.variable WHERE variable.variable > ( SELECT variable * COUNT(CASE WHEN variable = variable THEN variable ELSE NULL END) / COUNT(variable) FROM variable )",1
2633,"SELECT variable.variable, variable.variable FROM variable AS variable INNER JOIN variable AS variable ON variable.variable = variable.variable INNER JOIN variable AS variable ON variable.variable = variable.variable WHERE variable.variable > variable AND variable.variable = variable",1
2634,"SELECT variable.variable, variable.variable FROM variable AS variable INNER JOIN variable AS variable ON variable.variable = variable.variable INNER JOIN variable AS variable ON variable.variable = variable.variable WHERE variable.variable > variable AND variable.variable BETWEEN variable AND variable",1
2635,"SELECT variable.variable, variable.variable FROM variable AS variable INNER JOIN variable AS variable ON variable.variable = variable.variable INNER JOIN variable AS variable ON variable.variable = variable.variable WHERE variable.variable > variable GROUP BY variable.variable, variable.variable",1
2636,"SELECT variable.variable, variable.variable FROM variable AS variable INNER JOIN variable AS variable ON variable.variable = variable.variable INNER JOIN variable AS variable ON variable.variable = variable.variable WHERE variable.variable >= variable AND variable.variable <= variable AND variable.variable = variable",1
2637,"SELECT variable.variable, variable.variable FROM variable AS variable INNER JOIN variable AS variable ON variable.variable = variable.variable INNER JOIN variable AS variable ON variable.variable = variable.variable WHERE variable.variable >= variable AND variable.variable <= variable ORDER BY variable.variable DESC LIMIT variable",1
2638,"SELECT variable.variable, variable.variable FROM variable AS variable INNER JOIN variable AS variable ON variable.variable = variable.variable INNER JOIN variable AS variable ON variable.variable = variable.variable WHERE variable.variable BETWEEN variable AND variable",1
2639,"SELECT variable.variable, variable.variable FROM variable AS variable INNER JOIN variable AS variable ON variable.variable = variable.variable INNER JOIN variable AS variable ON variable.variable = variable.variable WHERE variable.variable BETWEEN variable AND variable AND variable.variable = variable",1
2640,"SELECT variable.variable, variable.variable FROM variable AS variable INNER JOIN variable AS variable ON variable.variable = variable.variable INNER JOIN variable AS variable ON variable.variable = variable.variable WHERE variable.variable IS NULL AND variable.variable = variable",1
2641,"SELECT variable.variable, variable.variable FROM variable AS variable INNER JOIN variable AS variable ON variable.variable = variable.variable WHERE STRFTIME(variable, variable.variable) = variable AND variable.variable * variable > ( SELECT AVG(variable) FROM variable ) * variable",1
2642,"SELECT variable.variable, variable.variable FROM variable AS variable INNER JOIN variable AS variable ON variable.variable = variable.variable WHERE STRFTIME(variable, variable.variable) = variable GROUP BY variable.variable, variable.variable ORDER BY COUNT(*) DESC LIMIT variable",1
2643,"SELECT variable.variable, variable.variable FROM variable AS variable INNER JOIN variable AS variable ON variable.variable = variable.variable WHERE STRFTIME(variable, variable.variable) > variable ORDER BY variable.variable LIMIT variable",1
2644,"SELECT variable.variable, variable.variable FROM variable AS variable INNER JOIN variable AS variable ON variable.variable = variable.variable WHERE STRFTIME(variable, variable.variable) >= variable AND variable.variable = variable",1
2645,"SELECT variable.variable, variable.variable FROM variable AS variable INNER JOIN variable AS variable ON variable.variable = variable.variable WHERE variable = variable",1
2646,"SELECT variable.variable, variable.variable FROM variable AS variable INNER JOIN variable AS variable ON variable.variable = variable.variable WHERE variable = variable ORDER BY CAST(variable.variable AS variable) / variable.variable DESC LIMIT variable",1
2647,"SELECT variable.variable, variable.variable FROM variable AS variable INNER JOIN variable AS variable ON variable.variable = variable.variable WHERE variable = variable ORDER BY variable * variable DESC LIMIT variable",1
2648,"SELECT variable.variable, variable.variable FROM variable AS variable INNER JOIN variable AS variable ON variable.variable = variable.variable WHERE variable.`variable variable?` = variable AND variable.`variable variable?` = variable",1
2649,"SELECT variable.variable, variable.variable FROM variable AS variable INNER JOIN variable AS variable ON variable.variable = variable.variable WHERE variable.`variable variable` = variable AND variable.`variable variable` = variable",1
2650,"SELECT variable.variable, variable.variable FROM variable AS variable INNER JOIN variable AS variable ON variable.variable = variable.variable WHERE variable.`variable` = variable AND variable.variable = variable",1
2651,"SELECT variable.variable, variable.variable FROM variable AS variable INNER JOIN variable AS variable ON variable.variable = variable.variable WHERE variable.variable * variable <= variable",1
2652,"SELECT variable.variable, variable.variable FROM variable AS variable INNER JOIN variable AS variable ON variable.variable = variable.variable WHERE variable.variable * variable > ( SELECT variable * AVG(variable) FROM variable )",1
2653,"SELECT variable.variable, variable.variable FROM variable AS variable INNER JOIN variable AS variable ON variable.variable = variable.variable WHERE variable.variable < variable AND variable.variable >= variable AND variable.variable <= variable",1
2654,"SELECT variable.variable, variable.variable FROM variable AS variable INNER JOIN variable AS variable ON variable.variable = variable.variable WHERE variable.variable = ( SELECT MAX(variable) FROM variable )",1
2655,"SELECT variable.variable, variable.variable FROM variable AS variable INNER JOIN variable AS variable ON variable.variable = variable.variable WHERE variable.variable = ( SELECT MAX(variable) FROM variable WHERE variable = variable ) LIMIT variable",1
2656,"SELECT variable.variable, variable.variable FROM variable AS variable INNER JOIN variable AS variable ON variable.variable = variable.variable WHERE variable.variable = ( SELECT MAX(variable.variable) FROM variable AS variable INNER JOIN variable AS variable ON variable.variable = variable.variable )",1
2657,"SELECT variable.variable, variable.variable FROM variable AS variable INNER JOIN variable AS variable ON variable.variable = variable.variable WHERE variable.variable = ( SELECT MIN(variable) FROM variable )",1
2658,"SELECT variable.variable, variable.variable FROM variable AS variable INNER JOIN variable AS variable ON variable.variable = variable.variable WHERE variable.variable = ( SELECT variable FROM variable WHERE variable = variable )",1
2659,"SELECT variable.variable, variable.variable FROM variable AS variable INNER JOIN variable AS variable ON variable.variable = variable.variable WHERE variable.variable = ( SELECT variable FROM variable WHERE variable = variable ORDER BY variable ASC LIMIT variable, variable ) AND variable.variable = variable",1
2660,"SELECT variable.variable, variable.variable FROM variable AS variable INNER JOIN variable AS variable ON variable.variable = variable.variable WHERE variable.variable = variable AND CAST((strftime(variable, variable.variable) - strftime(variable, variable.variable)) AS variable) / variable < variable",1
2661,"SELECT variable.variable, variable.variable FROM variable AS variable INNER JOIN variable AS variable ON variable.variable = variable.variable WHERE variable.variable = variable AND strftime(variable, variable.variable) - strftime(variable, variable.variable) > variable",1
2662,"SELECT variable.variable, variable.variable FROM variable AS variable INNER JOIN variable AS variable ON variable.variable = variable.variable WHERE variable.variable = variable AND variable((strftime(variable, variable.variable) - strftime(variable, variable.variable)) / variable) = variable",1
2663,"SELECT variable.variable, variable.variable FROM variable AS variable INNER JOIN variable AS variable ON variable.variable = variable.variable WHERE variable.variable = variable AND variable.variable < variable",1
2664,"SELECT variable.variable, variable.variable FROM variable AS variable INNER JOIN variable AS variable ON variable.variable = variable.variable WHERE variable.variable = variable AND variable.variable = -variable",1
2665,"SELECT variable.variable, variable.variable FROM variable AS variable INNER JOIN variable AS variable ON variable.variable = variable.variable WHERE variable.variable = variable AND variable.variable = variable AND variable.variable = variable AND variable.variable = variable",1
2666,"SELECT variable.variable, variable.variable FROM variable AS variable INNER JOIN variable AS variable ON variable.variable = variable.variable WHERE variable.variable = variable AND variable.variable = variable AND variable.variable = variable;",1
2667,"SELECT variable.variable, variable.variable FROM variable AS variable INNER JOIN variable AS variable ON variable.variable = variable.variable WHERE variable.variable = variable AND variable.variable = variable AND variable.variable IS NOT NULL AND variable.variable IS NOT NULL",1
2668,"SELECT variable.variable, variable.variable FROM variable AS variable INNER JOIN variable AS variable ON variable.variable = variable.variable WHERE variable.variable = variable AND variable.variable = variable AND variable.variable LIKE variable",1
2669,"SELECT variable.variable, variable.variable FROM variable AS variable INNER JOIN variable AS variable ON variable.variable = variable.variable WHERE variable.variable = variable AND variable.variable = variable GROUP BY variable.variable, variable.variable",1
2670,"SELECT variable.variable, variable.variable FROM variable AS variable INNER JOIN variable AS variable ON variable.variable = variable.variable WHERE variable.variable = variable AND variable.variable = variable GROUP BY variable.variable, variable.variable ORDER BY COUNT(variable.variable) DESC LIMIT variable",1
2671,"SELECT variable.variable, variable.variable FROM variable AS variable INNER JOIN variable AS variable ON variable.variable = variable.variable WHERE variable.variable = variable AND variable.variable = variable ORDER BY variable.variable LIMIT variable",1
2672,"SELECT variable.variable, variable.variable FROM variable AS variable INNER JOIN variable AS variable ON variable.variable = variable.variable WHERE variable.variable = variable AND variable.variable = variable;",1
2673,"SELECT variable.variable, variable.variable FROM variable AS variable INNER JOIN variable AS variable ON variable.variable = variable.variable WHERE variable.variable = variable AND variable.variable BETWEEN variable AND variable",1
2674,"SELECT variable.variable, variable.variable FROM variable AS variable INNER JOIN variable AS variable ON variable.variable = variable.variable WHERE variable.variable = variable AND variable.variable LIKE variable AND variable.variable LIKE variable",1
2675,"SELECT variable.variable, variable.variable FROM variable AS variable INNER JOIN variable AS variable ON variable.variable = variable.variable WHERE variable.variable = variable GROUP BY variable.variable ORDER BY SUM(variable.`+/-`) DESC LIMIT variable",1
2676,"SELECT variable.variable, variable.variable FROM variable AS variable INNER JOIN variable AS variable ON variable.variable = variable.variable WHERE variable.variable = variable GROUP BY variable.variable ORDER BY SUM(variable.variable - variable.variable) DESC LIMIT variable",1
2677,"SELECT variable.variable, variable.variable FROM variable AS variable INNER JOIN variable AS variable ON variable.variable = variable.variable WHERE variable.variable = variable GROUP BY variable.variable ORDER BY SUM(variable.variable) DESC LIMIT variable",1
2678,"SELECT variable.variable, variable.variable FROM variable AS variable INNER JOIN variable AS variable ON variable.variable = variable.variable WHERE variable.variable = variable GROUP BY variable.variable, variable.variable ORDER BY COUNT(variable.variable) DESC LIMIT variable",1
2679,"SELECT variable.variable, variable.variable FROM variable AS variable INNER JOIN variable AS variable ON variable.variable = variable.variable WHERE variable.variable = variable GROUP BY variable.variable, variable.variable ORDER BY variable.variable ASC LIMIT variable",1
2680,"SELECT variable.variable, variable.variable FROM variable AS variable INNER JOIN variable AS variable ON variable.variable = variable.variable WHERE variable.variable = variable LIMIT variable",1
2681,"SELECT variable.variable, variable.variable FROM variable AS variable INNER JOIN variable AS variable ON variable.variable = variable.variable WHERE variable.variable = variable OR variable.variable = variable",1
2682,"SELECT variable.variable, variable.variable FROM variable AS variable INNER JOIN variable AS variable ON variable.variable = variable.variable WHERE variable.variable = variable ORDER BY CAST(variable.variable AS variable) / (variable.variable + variable.variable) DESC LIMIT variable",1
2683,"SELECT variable.variable, variable.variable FROM variable AS variable INNER JOIN variable AS variable ON variable.variable = variable.variable WHERE variable.variable = variable ORDER BY variable.variable - variable.variable DESC LIMIT variable",1
2684,"SELECT variable.variable, variable.variable FROM variable AS variable INNER JOIN variable AS variable ON variable.variable = variable.variable WHERE variable.variable = variable ORDER BY variable.variable DESC LIMIT variable, variable",1
2685,"SELECT variable.variable, variable.variable FROM variable AS variable INNER JOIN variable AS variable ON variable.variable = variable.variable WHERE variable.variable = variable ORDER BY variable.variable LIMIT variable;",1
2686,"SELECT variable.variable, variable.variable FROM variable AS variable INNER JOIN variable AS variable ON variable.variable = variable.variable WHERE variable.variable = variable.variable",1
2687,"SELECT variable.variable, variable.variable FROM variable AS variable INNER JOIN variable AS variable ON variable.variable = variable.variable WHERE variable.variable > ( SELECT AVG(variable) FROM variable )",1
2688,"SELECT variable.variable, variable.variable FROM variable AS variable INNER JOIN variable AS variable ON variable.variable = variable.variable WHERE variable.variable > ( SELECT AVG(variable) FROM variable ) * variable",1
2689,"SELECT variable.variable, variable.variable FROM variable AS variable INNER JOIN variable AS variable ON variable.variable = variable.variable WHERE variable.variable > variable AND variable.variable < variable",1
2690,"SELECT variable.variable, variable.variable FROM variable AS variable INNER JOIN variable AS variable ON variable.variable = variable.variable WHERE variable.variable > variable AND variable.variable < variable AND variable.variable = variable",1
2691,"SELECT variable.variable, variable.variable FROM variable AS variable INNER JOIN variable AS variable ON variable.variable = variable.variable WHERE variable.variable > variable AND variable.variable = variable",1
2692,"SELECT variable.variable, variable.variable FROM variable AS variable INNER JOIN variable AS variable ON variable.variable = variable.variable WHERE variable.variable >= variable AND variable.variable <= variable AND variable.variable = variable",1
2693,"SELECT variable.variable, variable.variable FROM variable AS variable INNER JOIN variable AS variable ON variable.variable = variable.variable WHERE variable.variable >= variable AND variable.variable <= variable GROUP BY variable.variable HAVING COUNT(DISTINCT variable.variable) > variable",1
2694,"SELECT variable.variable, variable.variable FROM variable AS variable INNER JOIN variable AS variable ON variable.variable = variable.variable WHERE variable.variable BETWEEN variable AND variable AND variable.variable < variable",1
2695,"SELECT variable.variable, variable.variable FROM variable AS variable INNER JOIN variable AS variable ON variable.variable = variable.variable WHERE variable.variable BETWEEN variable AND variable AND variable.variable IN ( SELECT DISTINCT variable.variable FROM variable AS variable INNER JOIN variable AS variable INNER JOIN variable AS variable ON variable.variable = variable.variable AND variable.variable = variable.variable AND variable.variable - variable.variable = variable AND variable.variable - variable.variable = variable WHERE variable.variable = variable AND variable.variable BETWEEN variable AND variable )",1
2696,"SELECT variable.variable, variable.variable FROM variable AS variable INNER JOIN variable AS variable ON variable.variable = variable.variable WHERE variable.variable BETWEEN variable AND variable GROUP BY variable.variable ORDER BY COUNT(variable.variable) DESC LIMIT variable",1
2697,"SELECT variable.variable, variable.variable FROM variable AS variable INNER JOIN variable AS variable ON variable.variable = variable.variable WHERE variable.variable IN (variable, variable) GROUP BY variable.variable HAVING COUNT(DISTINCT variable.variable) > variable",1
2698,"SELECT variable.variable, variable.variable FROM variable AS variable INNER JOIN variable AS variable ON variable.variable = variable.variable WHERE variable.variable IS NULL",1
2699,"SELECT variable.variable, variable.variable FROM variable AS variable INNER JOIN variable AS variable ON variable.variable = variable.variable WHERE variable.variable LIKE variable AND variable.variable = variable",1
2700,"SELECT variable.variable, variable.variable FROM variable AS variable INNER JOIN variable AS variable ON variable.variable = variable.variable WHERE variable.variable LIKE variable ORDER BY variable.variable DESC LIMIT variable",1
2701,"SELECT variable.variable, variable.variable FROM variable AS variable INNER JOIN variable AS variable USING (variable) WHERE variable.variable = variable GROUP BY variable.variable, variable.variable",1
2702,"SELECT variable.variable, variable.variable FROM variable AS variable INNER JOIN variable ON variable.variable = variable.variable INNER JOIN variable AS variable ON variable.variable = variable.variable INNER JOIN variable AS variable ON variable.variable = variable.variable INNER JOIN variable AS variable ON variable.variable = variable.variable WHERE variable.variable LIKE variable AND variable.variable LIKE variable AND variable.variable LIKE variable AND variable.variable LIKE variable",1
2703,"SELECT variable.variable, variable.variable, SUM(variable.variable) FROM variable AS variable INNER JOIN variable AS variable ON variable.variable = variable.variable INNER JOIN variable AS variable ON variable.variable = variable.variable INNER JOIN variable AS variable ON variable.variable = variable.variable INNER JOIN variable AS variable ON variable.variable = variable.variable WHERE variable.variable = variable GROUP BY variable.variable, variable.variable",1
2704,"SELECT variable.variable, variable.variable, variable FROM ( SELECT variable.variable, variable.variable, COUNT(variable.variable) AS variable FROM variable AS variable INNER JOIN variable AS variable ON variable.variable = variable.variable INNER JOIN variable AS variable ON variable.variable = variable.variable GROUP BY variable.variable, variable.variable ) AS variable ORDER BY variable.variable DESC LIMIT variable",1
2705,"SELECT variable.variable, variable.variable, variable FROM variable AS variable INNER JOIN variable AS variable ON variable.variable = variable.variable WHERE variable.variable = variable ORDER BY variable.variable DESC LIMIT variable",1
2706,"SELECT variable.variable, variable.variable, variable FROM variable AS variable INNER JOIN variable AS variable ON variable.variable = variable.variable WHERE variable.variable IS NOT NULL ORDER BY variable.variable DESC LIMIT variable",1
2707,"SELECT variable.variable, variable.variable, variable.`variable-variable` FROM variable AS variable INNER JOIN variable AS variable ON variable.`variable variable` = variable.`variable variable` WHERE variable.`Order variable` = variable AND variable.variable = variable",1
2708,"SELECT variable.variable, variable.variable, variable.variable , variable - strftime(variable, variable.variable) FROM variable AS variable JOIN variable AS variable ON variable.variable = variable.variable WHERE variable.variable = variable AND variable.variable = variable",1
2709,"SELECT variable.variable, variable.variable, variable.variable - variable.variable FROM variable AS variable INNER JOIN variable AS variable ON variable.variable = variable.variable WHERE variable.variable = variable",1
2710,"SELECT variable.variable, variable.variable, variable.variable FROM `variable-variable` AS variable INNER JOIN variable AS variable ON variable.variable = variable.variable INNER JOIN variable AS variable ON variable.variable = variable.variable WHERE variable.`variable-variable` = variable",1
2711,"SELECT variable.variable, variable.variable, variable.variable FROM `variable` AS variable INNER JOIN variable AS variable ON variable.variable = variable.variable WHERE variable.variable = variable",1
2712,"SELECT variable.variable, variable.variable, variable.variable FROM variable AS variable INNER JOIN variable AS variable ON variable.variable = variable.`variable variable` WHERE variable.`variable variable` = variable AND variable.variable = variable",1
2713,"SELECT variable.variable, variable.variable, variable.variable FROM variable AS variable INNER JOIN variable AS variable ON variable.variable = variable.`variable variable` WHERE variable.variable = variable AND variable.`variable variable` = variable",1
2714,"SELECT variable.variable, variable.variable, variable.variable FROM variable AS variable INNER JOIN variable AS variable ON variable.variable = variable.variable AND variable.variable = variable WHERE variable.variable = variable AND variable.variable = variable",1
2715,"SELECT variable.variable, variable.variable, variable.variable FROM variable AS variable INNER JOIN variable AS variable ON variable.variable = variable.variable AND variable.variable = variable.variable WHERE variable.variable = variable AND variable.variable > variable",1
2716,"SELECT variable.variable, variable.variable, variable.variable FROM variable AS variable INNER JOIN variable AS variable ON variable.variable = variable.variable AND variable.variable = variable.variable WHERE variable.variable >= variable ORDER BY variable.variable DESC LIMIT variable",1
2717,"SELECT variable.variable, variable.variable, variable.variable FROM variable AS variable INNER JOIN variable AS variable ON variable.variable = variable.variable AND variable.variable = variable.variable WHERE variable.variable BETWEEN variable AND variable AND variable.variable = variable",1
2718,"SELECT variable.variable, variable.variable, variable.variable FROM variable AS variable INNER JOIN variable AS variable ON variable.variable = variable.variable GROUP BY variable.variable ORDER BY SUM(variable) LIMIT variable",1
2719,"SELECT variable.variable, variable.variable, variable.variable FROM variable AS variable INNER JOIN variable AS variable ON variable.variable = variable.variable INNER JOIN variable AS variable ON variable.variable = variable.variable AND variable.variable = variable.variable WHERE variable.variable IS NOT NULL AND variable.variable = variable AND variable.variable = variable AND variable.variable = variable",1
2720,"SELECT variable.variable, variable.variable, variable.variable FROM variable AS variable INNER JOIN variable AS variable ON variable.variable = variable.variable INNER JOIN variable AS variable ON variable.variable = variable.variable INNER JOIN variable AS variable ON variable.variable = variable.variable INNER JOIN variable AS variable ON variable.variable = variable.variable GROUP BY variable.variable, variable.variable, variable.variable",1
2721,"SELECT variable.variable, variable.variable, variable.variable FROM variable AS variable INNER JOIN variable AS variable ON variable.variable = variable.variable INNER JOIN variable AS variable ON variable.variable = variable.variable INNER JOIN variable AS variable ON variable.variable = variable.variable INNER JOIN variable AS variable ON variable.variable = variable.variable INNER JOIN variable AS variable ON variable.variable = variable.variable WHERE variable.variable = variable",1
2722,"SELECT variable.variable, variable.variable, variable.variable FROM variable AS variable INNER JOIN variable AS variable ON variable.variable = variable.variable INNER JOIN variable AS variable ON variable.variable = variable.variable INNER JOIN variable AS variable ON variable.variable = variable.variable WHERE variable.variable = variable AND variable.variable = variable",1
2723,"SELECT variable.variable, variable.variable, variable.variable FROM variable AS variable INNER JOIN variable AS variable ON variable.variable = variable.variable INNER JOIN variable AS variable ON variable.variable = variable.variable ORDER BY variable.variable ASC LIMIT variable",1
2724,"SELECT variable.variable, variable.variable, variable.variable FROM variable AS variable INNER JOIN variable AS variable ON variable.variable = variable.variable INNER JOIN variable AS variable ON variable.variable = variable.variable WHERE variable.variable * variable.variable > variable",1
2725,"SELECT variable.variable, variable.variable, variable.variable FROM variable AS variable INNER JOIN variable AS variable ON variable.variable = variable.variable INNER JOIN variable AS variable ON variable.variable = variable.variable WHERE variable.variable = variable AND SUBSTR(variable.variable, variable(variable.variable) - variable, variable(variable.variable)) = variable",1
2726,"SELECT variable.variable, variable.variable, variable.variable FROM variable AS variable INNER JOIN variable AS variable ON variable.variable = variable.variable INNER JOIN variable AS variable ON variable.variable = variable.variable WHERE variable.variable = variable AND variable.variable = variable;",1
2727,"SELECT variable.variable, variable.variable, variable.variable FROM variable AS variable INNER JOIN variable AS variable ON variable.variable = variable.variable INNER JOIN variable AS variable ON variable.variable = variable.variable WHERE variable.variable = variable LIMIT variable",1
2728,"SELECT variable.variable, variable.variable, variable.variable FROM variable AS variable INNER JOIN variable AS variable ON variable.variable = variable.variable INNER JOIN variable AS variable ON variable.variable = variable.variable WHERE variable.variable = variable ORDER BY variable.variable DESC LIMIT variable",1
2729,"SELECT variable.variable, variable.variable, variable.variable FROM variable AS variable INNER JOIN variable AS variable ON variable.variable = variable.variable INNER JOIN variable AS variable ON variable.variable = variable.variable WHERE variable.variable IS NOT NULL",1
2730,"SELECT variable.variable, variable.variable, variable.variable FROM variable AS variable INNER JOIN variable AS variable ON variable.variable = variable.variable INNER JOIN variable AS variable ON variable.variable = variable.variable WHERE variable.variable IS NULL OR variable.variable = variable",1
2731,"SELECT variable.variable, variable.variable, variable.variable FROM variable AS variable INNER JOIN variable AS variable ON variable.variable = variable.variable ORDER BY STRFTIME(variable, variable.variable) - STRFTIME(variable, variable.variable) DESC LIMIT variable, variable",1
2732,"SELECT variable.variable, variable.variable, variable.variable FROM variable AS variable INNER JOIN variable AS variable ON variable.variable = variable.variable WHERE CAST(variable.variable AS variable) / variable.variable IS NOT NULL ORDER BY CAST(variable.variable AS variable) / variable.variable LIMIT variable",1
2733,"SELECT variable.variable, variable.variable, variable.variable FROM variable AS variable INNER JOIN variable AS variable ON variable.variable = variable.variable WHERE STRFTIME(variable, variable.variable) = variable",1
2734,"SELECT variable.variable, variable.variable, variable.variable FROM variable AS variable INNER JOIN variable AS variable ON variable.variable = variable.variable WHERE variable.`variable variable variable variable` = variable",1
2735,"SELECT variable.variable, variable.variable, variable.variable FROM variable AS variable INNER JOIN variable AS variable ON variable.variable = variable.variable WHERE variable.variable != variable",1
2736,"SELECT variable.variable, variable.variable, variable.variable FROM variable AS variable INNER JOIN variable AS variable ON variable.variable = variable.variable WHERE variable.variable < variable AND variable.variable = variable",1
2737,"SELECT variable.variable, variable.variable, variable.variable FROM variable AS variable INNER JOIN variable AS variable ON variable.variable = variable.variable WHERE variable.variable = ( SELECT MAX(variable) FROM variable )",1
2738,"SELECT variable.variable, variable.variable, variable.variable FROM variable AS variable INNER JOIN variable AS variable ON variable.variable = variable.variable WHERE variable.variable = ( SELECT variable FROM variable ORDER BY variable ASC LIMIT variable )",1
2739,"SELECT variable.variable, variable.variable, variable.variable FROM variable AS variable INNER JOIN variable AS variable ON variable.variable = variable.variable WHERE variable.variable = ( SELECT variable.variable FROM variable AS variable INNER JOIN variable AS variable ON variable.variable = variable.variable GROUP BY variable.variable ORDER BY COUNT(variable.variable) DESC LIMIT variable ) GROUP BY variable.variable, variable.variable, variable.variable",1
2740,"SELECT variable.variable, variable.variable, variable.variable FROM variable AS variable INNER JOIN variable AS variable ON variable.variable = variable.variable WHERE variable.variable = variable AND STRFTIME(variable, variable.variable) = variable",1
2741,"SELECT variable.variable, variable.variable, variable.variable FROM variable AS variable INNER JOIN variable AS variable ON variable.variable = variable.variable WHERE variable.variable = variable AND variable.`variable variable variable?` != variable AND variable.`variable variable variable?` IS NOT NULL AND variable.`variable variable variable?` != variable",1
2742,"SELECT variable.variable, variable.variable, variable.variable FROM variable AS variable INNER JOIN variable AS variable ON variable.variable = variable.variable WHERE variable.variable = variable AND variable.`variable variable variable?` IN (NULL, variable, variable) LIMIT variable",1
2743,"SELECT variable.variable, variable.variable, variable.variable FROM variable AS variable INNER JOIN variable AS variable ON variable.variable = variable.variable WHERE variable.variable = variable AND variable.variable != variable AND variable.variable = variable",1
2744,"SELECT variable.variable, variable.variable, variable.variable FROM variable AS variable INNER JOIN variable AS variable ON variable.variable = variable.variable WHERE variable.variable = variable AND variable.variable = variable AND variable.variable = variable AND variable.variable = variable",1
2745,"SELECT variable.variable, variable.variable, variable.variable FROM variable AS variable INNER JOIN variable AS variable ON variable.variable = variable.variable WHERE variable.variable = variable AND variable.variable = variable AND variable.variable = variable AND variable.variable = variable AND variable.variable = variable",1
2746,"SELECT variable.variable, variable.variable, variable.variable FROM variable AS variable INNER JOIN variable AS variable ON variable.variable = variable.variable WHERE variable.variable = variable AND variable.variable = variable AND variable.variable = variable GROUP BY variable.variable, variable.variable, variable.variable ORDER BY COUNT(variable.variable) DESC LIMIT variable",1
2747,"SELECT variable.variable, variable.variable, variable.variable FROM variable AS variable INNER JOIN variable AS variable ON variable.variable = variable.variable WHERE variable.variable = variable AND variable.variable = variable ORDER BY variable.variable DESC LIMIT variable",1
2748,"SELECT variable.variable, variable.variable, variable.variable FROM variable AS variable INNER JOIN variable AS variable ON variable.variable = variable.variable WHERE variable.variable = variable AND variable.variable = variable ORDER BY variable.variable LIMIT variable",1
2749,"SELECT variable.variable, variable.variable, variable.variable FROM variable AS variable INNER JOIN variable AS variable ON variable.variable = variable.variable WHERE variable.variable = variable AND variable.variable > variable.variable",1
2750,"SELECT variable.variable, variable.variable, variable.variable FROM variable AS variable INNER JOIN variable AS variable ON variable.variable = variable.variable WHERE variable.variable = variable ORDER BY variable.variable",1
2751,"SELECT variable.variable, variable.variable, variable.variable FROM variable AS variable INNER JOIN variable AS variable ON variable.variable = variable.variable WHERE variable.variable > ( SELECT AVG(variable) FROM variable ) GROUP BY variable.variable HAVING COUNT(variable.variable) >= variable",1
2752,"SELECT variable.variable, variable.variable, variable.variable FROM variable AS variable INNER JOIN variable AS variable ON variable.variable = variable.variable WHERE variable.variable > variable",1
2753,"SELECT variable.variable, variable.variable, variable.variable FROM variable AS variable INNER JOIN variable AS variable ON variable.variable = variable.variable WHERE variable.variable BETWEEN variable AND variable AND variable.variable = variable AND variable.`variable variable` = variable",1
2754,"SELECT variable.variable, variable.variable, variable.variable FROM variable AS variable INNER JOIN variable AS variable ON variable.variable = variable.variable WHERE variable.variable LIKE variable AND variable.variable = variable AND variable.variable = variable ORDER BY variable.variable DESC LIMIT variable",1
2755,"SELECT variable.variable, variable.variable, variable.variable FROM variable AS variable INNER JOIN variable AS variable USING (variable) WHERE variable.variable = variable GROUP BY variable.variable, variable.variable, variable.variable",1
2756,"SELECT variable.variable, variable.variable, variable.variable FROM variable AS variable LEFT JOIN variable AS variable ON variable.variable = variable.variable WHERE variable.variable = ( SELECT MAX(variable.variable) FROM variable AS variable LEFT JOIN variable AS variable ON variable.variable = variable.variable )",1
2757,"SELECT variable.variable, variable.variable, variable.variable, AVG(variable.variable) FROM variable AS variable INNER JOIN variable AS variable ON variable.variable = variable.variable WHERE variable.variable = ( SELECT variable FROM variable GROUP BY variable ORDER BY COUNT(variable) DESC LIMIT variable ) GROUP BY variable.variable, variable.variable, variable.variable",1
2758,"SELECT variable.variable, variable.variable, variable.variable, variable - CAST(SUBSTR(variable.variable, variable, variable) AS variable) AS variable FROM variable AS variable INNER JOIN variable AS variable ON variable.variable = variable.variable WHERE variable.variable IS NOT NULL ORDER BY variable.variable LIMIT variable;",1
2759,"SELECT variable.variable, variable.variable, variable.variable, variable.variable FROM variable AS variable  INNER JOIN variable AS variable  ON variable.variable = variable.variable GROUP BY variable.variable, variable.variable, variable.variable, variable.variable ORDER BY COUNT(*) DESC LIMIT variable",1
2760,"SELECT variable.variable, variable.variable, variable.variable, variable.variable FROM variable AS variable  INNER JOIN variable AS variable  ON variable.variable = variable.variable WHERE variable.variable = variable",1
2761,"SELECT variable.variable, variable.variable, variable.variable, variable.variable FROM variable AS variable  INNER JOIN variable AS variable  ON variable.variable = variable.variable WHERE variable.variable = variable AND variable.variable = variable",1
2762,"SELECT variable.variable, variable.variable, variable.variable, variable.variable FROM variable AS variable INNER JOIN variable AS variable ON variable.variable = variable.variable GROUP BY variable.variable, variable.variable, variable.variable, variable.variable ORDER BY COUNT(variable.variable) LIMIT variable",1
2763,"SELECT variable.variable, variable.variable, variable.variable, variable.variable FROM variable AS variable INNER JOIN variable AS variable ON variable.variable = variable.variable INNER JOIN variable AS variable ON variable.variable = variable.variable INNER JOIN variable AS variable ON variable.variable = variable.variable INNER JOIN variable AS variable ON variable.variable = variable.variable WHERE variable.variable = variable AND variable.variable = variable",1
2764,"SELECT variable.variable, variable.variable, variable.variable, variable.variable FROM variable AS variable INNER JOIN variable AS variable ON variable.variable = variable.variable INNER JOIN variable AS variable ON variable.variable = variable.variable WHERE variable.variable = variable AND variable.variable = variable AND variable.variable = variable",1
2765,"SELECT variable.variable, variable.variable, variable.variable, variable.variable FROM variable AS variable INNER JOIN variable AS variable ON variable.variable = variable.variable INNER JOIN variable AS variable ON variable.variable = variable.variable WHERE variable.variable = variable AND variable.variable = variable ORDER BY variable.variable DESC LIMIT variable",1
2766,"SELECT variable.variable, variable.variable, variable.variable, variable.variable FROM variable AS variable INNER JOIN variable AS variable ON variable.variable = variable.variable INNER JOIN variable AS variable ON variable.variable = variable.variable WHERE variable.variable = variable GROUP BY variable.variable, variable.variable, variable.variable, variable.variable",1
2767,"SELECT variable.variable, variable.variable, variable.variable, variable.variable FROM variable AS variable INNER JOIN variable AS variable ON variable.variable = variable.variable INNER JOIN variable AS variable ON variable.variable = variable.variable WHERE variable.variable = variable ORDER BY variable.variable LIMIT variable",1
2768,"SELECT variable.variable, variable.variable, variable.variable, variable.variable FROM variable AS variable INNER JOIN variable AS variable ON variable.variable = variable.variable ORDER BY variable.variable ASC LIMIT variable",1
2769,"SELECT variable.variable, variable.variable, variable.variable, variable.variable FROM variable AS variable INNER JOIN variable AS variable ON variable.variable = variable.variable ORDER BY variable.variable DESC LIMIT variable",1
2770,"SELECT variable.variable, variable.variable, variable.variable, variable.variable FROM variable AS variable INNER JOIN variable AS variable ON variable.variable = variable.variable ORDER BY variable.variable LIMIT variable",1
2771,"SELECT variable.variable, variable.variable, variable.variable, variable.variable FROM variable AS variable INNER JOIN variable AS variable ON variable.variable = variable.variable WHERE SUBSTR(variable.variable, variable, variable) = variable AND SUBSTR(variable.variable, variable, variable) = variable GROUP BY variable.variable ORDER BY COUNT(variable.variable) DESC LIMIT variable",1
2772,"SELECT variable.variable, variable.variable, variable.variable, variable.variable FROM variable AS variable INNER JOIN variable AS variable ON variable.variable = variable.variable WHERE variable.`variable variable` = variable",1
2773,"SELECT variable.variable, variable.variable, variable.variable, variable.variable FROM variable AS variable INNER JOIN variable AS variable ON variable.variable = variable.variable WHERE variable.variable BETWEEN variable AND variable AND SUBSTR(variable.variable, variable, variable) = variable AND variable.variable = variable;",1
2774,"SELECT variable.variable, variable.variable, variable.variable, variable.variable FROM variable AS variable INNER JOIN variable AS variable ON variable.variable = variable.variable WHERE variable.variable IS NOT NULL",1
2775,"SELECT variable.variable, variable.variable, variable.variable, variable.variable FROM variable AS variable INNER JOIN variable AS variable USING (variable) WHERE variable.variable = variable",1
2776,"SELECT variable.variable, variable.variable, variable.variable, variable.variable, variable.variable FROM ( SELECT CAST(SUM(CASE WHEN variable.variable = variable THEN variable ELSE variable END) AS variable) / SUM(CASE WHEN variable.variable IN (variable, variable) THEN variable ELSE variable END) AS variable , variable.variable, variable.variable, variable.variable, variable.variable FROM variable AS variable INNER JOIN variable AS variable ON variable.variable = variable.variable WHERE SUBSTR(variable.variable, variable, variable) = variable ) AS variable INNER JOIN variable AS variable INNER JOIN variable AS variable ON variable.variable = variable.variable WHERE variable.variable = variable AND variable.variable = variable;",1
2777,"SELECT variable.variable, variable.variable, variable.variable, variable.variable, variable.variable FROM variable AS variable  INNER JOIN variable AS variable  ON variable.variable = variable.variable INNER JOIN variable AS variable  ON variable.variable = variable.variable WHERE variable.variable = variable",1
2778,"SELECT variable.variable, variable.variable, variable.variable, variable.variable, variable.variable FROM variable AS variable  INNER JOIN variable AS variable  ON variable.variable = variable.variable INNER JOIN variable AS variable  ON variable.variable = variable.variable WHERE variable.variable = variable AND variable.variable = variable",1
2779,"SELECT variable.variable, variable.variable, variable.variable, variable.variable, variable.variable FROM variable AS variable INNER JOIN variable AS variable ON variable.variable = variable.variable INNER JOIN variable AS variable ON variable.variable = variable.variable ORDER BY variable.variable DESC LIMIT variable, variable",1
2780,"SELECT variable.variable, variable.variable, variable.variable, variable.variable, variable.variable FROM variable AS variable INNER JOIN variable AS variable ON variable.variable = variable.variable WHERE variable.variable = variable ORDER BY variable.variable DESC, variable.variable DESC, variable.variable DESC LIMIT variable",1
2781,"SELECT variable.variable,variable.variable FROM variable AS variable INNER JOIN variable AS variable ON variable.variable=variable.variable WHERE variable.variable = variable and variable.variable = variable",1
