index,generalized_template,count
1,"ALTER TABLE variable
ADD COLUMN variable NOT EXISTS variable variable DEFAULT variable;
UPDATE variable
SET variable = variable
WHERE variable IN (
    SELECT variable
    FROM variable
    WHERE variable > variable
      AND variable IN (variable, variable)
      AND variable = variable
);",1
2,"ALTER TABLE variable
ADD COLUMN variable NOT EXISTS variable variable(variable,variable);",1
3,"ALTER TABLE variable
ADD COLUMN variable NOT EXISTS variable variable;
DROP TRIGGER variable EXISTS variable ON variable;
CREATE TRIGGER variable
variable INSERT OR UPDATE ON variable
variable variable variable",1
4,"ALTER TABLE variable
ADD COLUMN variable NOT EXISTS variable variable;
WITH variable AS (
    SELECT
        variable AS variable,
        AVG(variable) AS variable 
    FROM variable
    WHERE variable IS NOT NULL AND variable IS NOT NULL
    GROUP BY variable
)
UPDATE variable variable
SET variable =
    CASE
        WHEN variable.variable < variable THEN variable
        WHEN variable.variable < variable THEN variable
        ELSE variable
    END
FROM variable variable
WHERE variable.variable = variable.variable;",1
5,"ALTER TABLE variable
ADD COLUMN variable variable;
UPDATE variable
SET variable = variable || variable || variable
WHERE variable IS NOT NULL
  AND variable IS NOT NULL
  AND variable <> variable;",1
6,"ALTER TABLE variable
ADD CONSTRAINT variable
CHECK (variable >= variable AND variable <= variable);",1
7,"ALTER TABLE variable
ADD CONSTRAINT variable CHECK (variable BETWEEN variable AND variable);",1
8,"ALTER TABLE variable 
ADD COLUMN variable variable;",1
9,"ALTER TABLE variable ADD COLUMN variable NOT EXISTS variable variable(variable, variable);
WITH variable AS (
    SELECT
        variable,
        CASE variable ->> variable
            WHEN variable THEN variable
            WHEN variable THEN variable
            WHEN variable THEN variable
            ELSE variable 
        END AS variable
    FROM variable
)
UPDATE variable variable
SET variable = variable.variable variable variable
WHERE variable.variable = variable.variable;",1
10,"ALTER TABLE variable ADD COLUMN variable NOT EXISTS variable variable(variable,variable);
UPDATE variable AS variable
SET variable = variable(variable.variable / variable.variable * variable, variable)
FROM variable AS variable
WHERE variable.variable = variable.variable;",1
11,"ALTER TABLE variable ADD COLUMN variable NOT EXISTS variable variable;
UPDATE variable
SET variable = 
    CASE 
        WHEN variable = variable 
             AND variable = variable 
             AND variable = variable
             AND (variable/variable * variable/variable * (variable + CAST(variable AS variable)/variable)) > variable
        THEN variable
        ELSE variable
    END;",1
12,"ALTER TABLE variable ADD COLUMN variable NOT EXISTS variable variable;
UPDATE variable 
SET variable = variable(
    CAST((variable AS variable)/ variable(variable, variable)) * variable 
    - CAST((variable AS variable)/ variable(variable, variable)) * variable 
    + (variable * variable), 
    variable
)
WHERE variable > variable;",1
13,"ALTER TABLE variable ADD COLUMN variable NOT EXISTS variable variable;
WITH variable AS (
    SELECT
        variable.variable,
        MAX(variable.variable) AS variable 
    FROM variable variable
    LEFT JOIN variable variable ON variable.variable = variable.variable
    LEFT JOIN variable variable ON variable.variable = variable.variable
    LEFT JOIN variable variable ON variable.variable = variable.variable
    LEFT JOIN variable variable ON variable.variable = variable.variable
    LEFT JOIN variable variable ON variable.variable = variable.variable
    WHERE ( 
        variable * COALESCE(variable.variable, variable) +
        variable * COALESCE(variable.variable, variable) +
        variable * COALESCE((variable.variable ->> CAST(variable) AS variable), variable)
    ) > variable
    GROUP BY variable.variable
    HAVING MAX(variable.variable) IS NULL OR MAX(variable.variable) < (variable - variable variable) 
),
variable AS (
    SELECT
        variable.variable,
        MAX(variable.variable) as variable 
    FROM variable variable
    JOIN variable variable ON variable.variable = variable.variable
    JOIN variable variable ON variable.variable = variable.variable
    JOIN variable variable ON variable.variable = variable.variable
    JOIN variable variable ON variable.variable = variable.variable
    JOIN variable variable ON variable.variable = variable.variable 
    GROUP BY variable.variable
)
UPDATE variable variable
SET variable = variable
FROM variable variable
JOIN variable variable ON variable.variable = variable.variable
WHERE variable.variable = variable.variable
  AND variable.variable - variable variable)",1
14,"ALTER TABLE variable ADD COLUMN variable NOT EXISTS variable variable;
WITH variable AS (
    SELECT DISTINCT ON (variable.variable)
        variable.variable,
        variable.variable,
        variable.variable,
        variable.variable
    FROM variable variable
    JOIN variable variable ON variable.variable = variable.variable
    JOIN variable variable ON variable.variable = variable.variable
    ORDER BY variable.variable, variable.variable DESC
),
variable AS (
    SELECT
        variable.variable
    FROM variable variable
    WHERE
        variable.variable IN (variable, variable)
        OR
        (COALESCE((variable.variable -> variable ->> CAST(variable) AS variable), variable) > variable)
        OR
        (COALESCE((variable.variable -> variable ->> CAST(variable) AS variable), variable) > variable)
)
UPDATE variable variable
SET variable = variable
FROM variable variable
WHERE variable.variable = variable.variable;",1
15,"ALTER TABLE variable ADD COLUMN variable variable;
UPDATE variable
SET variable = (
    SELECT variable
    FROM variable
    WHERE variable.variable = variable.variable
);       
CREATE INDEX variable ON variable (
    (variable/variable * variable/variable * (variable + CAST(variable AS variable)/variable) * (variable - variable/variable))
);",1
16,"ALTER TABLE variable.variable
ADD COLUMN variable variable(variable, variable);
UPDATE variable.variable
SET variable = (COALESCE(variable, variable) / variable + COALESCE(variable, variable) / variable + COALESCE(variable, variable) / variable) * (COALESCE(variable, variable) / variable) * variable
WHERE variable IS NOT NULL OR variable IS NOT NULL OR variable IS NOT NULL OR variable IS NOT NULL;",1
17,"BEGIN;
ALTER TABLE variable ADD COLUMN variable NOT EXISTS variable variable;
UPDATE variable
SET variable = (variable * variable) / variable(variable, variable)
WHERE variable > variable;
COMMIT;",1
18,"BEGIN;
CREATE TABLE variable AS
SELECT 
    variable.*,
    (variable(variable(variable.variable, variable), variable) / variable) * 
    CASE 
        WHEN variable.variable = variable THEN variable
        WHEN variable.variable = variable THEN variable
        ELSE variable
    END AS variable
FROM 
    variable variable
    JOIN variable variable ON variable.variable = variable.variable;
DELETE FROM variable
WHERE variable IN (SELECT variable FROM variable);
COMMIT;",1
19,CALL variable();,1
20,"CREATE INDEX variable
  ON variable  (variable);",1
21,"CREATE INDEX variable NOT EXISTS variable
  ON variable ((variable->>variable));",1
22,"CREATE INDEX variable ON variable 
    ((variable * CASE 
        WHEN variable = variable THEN variable
        WHEN variable = variable THEN variable
        WHEN variable = variable THEN variable
        ELSE variable
    END));",1
23,"CREATE OR REPLACE VIEW variable AS
SELECT
    variable.variable,
    variable.variable,
    variable.variable,
    variable(variable.variable, variable),
    variable(COALESCE(variable.variable / variable(variable.variable, variable), variable), variable) AS variable,
    variable(COALESCE((variable.variable -> variable ->> CAST(variable) AS variable), variable), variable) AS variable,
    variable.variable -> variable ->> variable AS variable
FROM
    variable variable
WHERE
    (
        variable(COALESCE((variable.variable -> variable ->> CAST(variable) AS variable), variable), variable) > variable
        AND (variable.variable -> variable ->> variable) = variable 
    )
    OR
    (
        variable(COALESCE(variable.variable / variable(variable.variable, variable), variable), variable) > variable
    );",1
24,"CREATE OR REPLACE VIEW variable AS
SELECT
    variable.variable,
    variable.variable,
    variable.variable,
    variable.variable,
    CASE
        WHEN variable.variable IS NULL OR (variable - variable.variable) <= variable THEN NULL
        ELSE (variable - variable.variable) / (variable - variable.variable)
    END AS variable,
    variable() OVER (ORDER BY
        CASE
            WHEN variable.variable IS NULL OR (variable - variable.variable) <= variable THEN NULL
            ELSE (variable - variable.variable) / (variable - variable.variable)
        END
    DESC variable variable) AS variable
FROM
    variable variable;
COMMENT ON VIEW variable IS variable;",1
25,"CREATE OR REPLACE VIEW variable AS
SELECT
    variable.variable,
    variable.variable,
    variable.variable,
    variable.variable,
    variable.variable,
    variable.variable,
    variable.variable,
    variable.variable,
    variable.variable
FROM
    variable.variable variable
LEFT JOIN 
    variable.variable variable ON variable.variable = variable.variable AND variable.variable = variable.variable 
WHERE
    variable.variable <= variable AND variable.variable >= variable
    AND variable.variable >= variable AND variable.variable >= variable
    AND variable.variable < variable;",1
26,"CREATE OR REPLACE VIEW variable AS
SELECT 
    variable.variable,
    variable.variable * (variable.variable/variable) * (variable - variable.variable/variable) AS variable,
    CASE
        WHEN variable.variable * (variable.variable/variable) * (variable - variable.variable/variable) < variable 
            THEN variable
        WHEN variable.variable * (variable.variable/variable) * (variable - variable.variable/variable) < variable 
            THEN variable
        ELSE variable
    END AS variable
FROM variable variable
WHERE variable.variable IS NOT NULL;",1
27,"CREATE OR REPLACE VIEW variable AS
SELECT 
    variable.variable,
    variable.variable,
    variable((variable.variable / variable.variable) * variable, variable) AS variable,
    variable(variable.variable * variable.variable * (variable.variable - variable), variable) AS variable,
    variable( ((variable.variable / variable.variable) * variable) + ((variable.variable * variable.variable * (variable.variable - variable)) / variable.variable), variable) AS variable
FROM 
    variable AS variable
INNER JOIN 
    variable AS variable ON variable.variable = variable.variable
INNER JOIN 
    variable AS variable ON variable.variable = variable.variable;",1
28,"CREATE OR REPLACE VIEW variable AS
WITH variable AS (
    SELECT
        variable.variable,
        variable.variable,
        variable.variable,
        COALESCE(variable.variable, variable) AS variable,
        COALESCE(variable.variable, variable) AS variable,
        COALESCE(variable.variable, variable) AS variable
    FROM variable variable
    LEFT JOIN variable variable ON variable.variable = variable.variable
    LEFT JOIN variable variable ON variable.variable = variable.variable
    LEFT JOIN variable variable ON variable.variable = variable.variable
    LEFT JOIN variable variable ON variable.variable = variable.variable
),
variable AS (
    SELECT
        variable,
        variable,
        variable,
        variable((variable * variable + variable * CAST((variable AS variable)/ variable) + variable * CAST((variable AS variable)/ variable)), variable) AS variable
    FROM variable
)
SELECT
    variable,
    variable,
    variable,
    variable,
    variable(variable) OVER (ORDER BY variable) as variable, 
    CASE variable(variable) OVER (ORDER BY variable) 
        WHEN variable THEN variable
        WHEN variable THEN variable
        WHEN variable THEN variable
        WHEN variable THEN variable
        ELSE variable 
    END AS variable
FROM variable;",1
29,"CREATE OR REPLACE VIEW variable AS
WITH variable AS (
  SELECT
    variable.variable,
    variable.variable,
    variable.variable,
    variable.variable,
    variable.variable,
    variable.variable,
    variable.variable,
    variable.variable,
    (variable.variable * (variable - variable.variable/variable) * (variable - variable * variable.variable)) AS variable,
    ((variable - variable.variable/variable) * (variable - variable.variable)) AS variable
  FROM variable variable
  INNER JOIN variable variable ON variable.variable = variable.variable
  INNER JOIN variable variable ON variable.variable = variable.variable
)
SELECT
  variable,
  variable,
  variable,
  variable,
  variable,
  variable * (variable - variable) * (CASE WHEN variable < variable THEN variable ELSE variable/variable END) AS variable
FROM variable;",1
30,"CREATE TABLE variable (
    variable variable NOT NULL,
    variable variable NOT NULL,
    variable variable NOT NULL,
    variable variable(variable,variable) NOT NULL,
    variable variable(variable,variable) NOT NULL,
    variable variable NOT NULL,
    variable variable(variable,variable),
    variable variable NOT NULL,
    variable variable NOT NULL
) PARTITION BY variable (variable);
CREATE TABLE variable PARTITION variable variable 
    variable VALUES IN (variable);
CREATE TABLE variable PARTITION variable variable 
    variable VALUES IN (variable);
CREATE TABLE variable PARTITION variable variable 
    variable VALUES IN (variable, variable);
ALTER TABLE variable 
ADD CONSTRAINT variable 
CHECK (
    (variable = variable) OR 
    (variable > variable AND variable < variable AND variable >= variable 
     AND (variable IS NULL OR variable < variable))
);",1
31,"CREATE TABLE variable (
    variable variable PRIMARY KEY,  
    variable variable NOT NULL, 
    variable variable,             
    variable variable DEFAULT variable() 
);",1
32,"CREATE TABLE variable (
    variable variable,
    variable variable(variable) NOT NULL,
    variable variable NOT NULL,
    variable variable(variable),
    variable variable,
    variable variable,
    variable variable,
    variable variable,
    variable variable,
    variable variable NOT NULL,
    PRIMARY KEY (variable, variable)  
) PARTITION BY variable (variable);
CREATE TABLE variable PARTITION variable variable
    variable VALUES FROM (variable) variable (variable);
CREATE TABLE variable PARTITION variable variable
    variable VALUES FROM (variable) variable (variable);
CREATE TABLE variable PARTITION variable variable
    variable VALUES FROM (variable) variable (variable);",1
33,"CREATE TABLE variable NOT EXISTS variable (
    variable variable PRIMARY KEY,
    variable variable NOT NULL,
    variable variable NOT NULL,
    variable variable,
    variable variable,
    variable variable DEFAULT variable(),
    variable variable
);
WITH variable AS (
    SELECT
        variable.variable,
        variable.variable,
        variable.variable,
        variable.variable,
        variable.variable,
        variable.variable
    FROM variable variable
    JOIN variable variable ON variable.variable = variable.variable
)
INSERT INTO variable (variable, variable, variable, variable, variable)
SELECT
    variable.variable,
    variable.variable,
    variable.variable,
    variable.variable,
    variable
FROM variable variable
WHERE
    (
        COALESCE((variable.variable -> variable ->> CAST(variable) AS variable), variable) > variable
        OR
        COALESCE((variable.variable -> variable ->> CAST(variable) AS variable), variable) > variable
    )
    AND
    variable.variable IN (variable, variable);",1
34,"CREATE TABLE variable NOT EXISTS variable (
    variable variable PRIMARY KEY,
    variable variable,
    variable variable DEFAULT variable,
    variable variable,
    variable variable
);
WITH variable AS (
    SELECT
        variable AS variable,
        SUM(
            CAST(COALESCE((variable->>variable) AS variable), variable) +
            CAST(COALESCE((variable->>variable) AS variable), variable) +
            CAST(COALESCE((variable->>variable) AS variable), variable) +
            CAST(COALESCE((variable->>variable) AS variable), variable)
        ) AS variable 
    FROM variable
    WHERE variable IS NOT NULL AND variable IS NOT NULL
    GROUP BY variable
)
INSERT INTO variable (variable, variable, variable) 
SELECT
    variable,
    variable || CAST(variable AS variable),
    variable 
FROM variable
WHERE variable > variable;",1
35,"CREATE TABLE variable NOT EXISTS variable (
    variable variable PRIMARY KEY,
    variable variable,
    variable variable,
    variable variable,
    variable variable
);
INSERT INTO variable (variable, variable, variable, variable)
SELECT 
    variable,
    variable,
    variable,
    variable(
        variable, (variable * variable) + (variable * variable) + (variable * variable),
        variable, variable,
        variable, variable,
        variable, variable
    )
FROM variable
WHERE variable < variable
  AND variable > variable
  AND variable >= variable
  AND ((variable * variable) + (variable * variable) + (variable * variable)) > variable;",1
36,"CREATE TABLE variable NOT EXISTS variable (
    variable variable PRIMARY KEY,
    variable variable,
    variable variable,
    variable variable,
    variable variable DEFAULT variable,
    FOREIGN KEY (variable) REFERENCES variable(variable)
);
WITH variable AS (
    SELECT
        variable AS variable,
        variable,
        variable,
        variable
    FROM variable
    WHERE variable IS NOT NULL AND variable IS NOT NULL AND variable IS NOT NULL AND variable IS NOT NULL
),
variable AS (
    SELECT
        variable,
        variable * (variable / (variable + variable)) AS variable,
        (variable / (variable + variable)) AS variable,
        variable
    FROM variable
),
variable AS (
    SELECT
        variable,
        SUM(variable) / SUM(variable) AS variable, 
        MIN(variable) AS variable 
    FROM variable
    GROUP BY variable
)
INSERT INTO variable (variable, variable, variable, variable)
SELECT
    variable.variable,
    CASE
        WHEN variable.variable > variable AND variable.variable < variable THEN variable
        WHEN variable.variable > variable OR variable.variable < variable THEN variable
        ELSE variable
    END AS variable,
    variable.variable,
    variable.variable,
    variable
FROM variable variable
ON variable (variable) DO UPDATE SET
    variable = variable.variable
    variable = variable.variable,
    variable = variable.variable,
    variable = variable.variable;",1
37,"CREATE TABLE variable NOT EXISTS variable (
    variable variable PRIMARY KEY,
    variable variable, 
    variable variable DEFAULT variable,
    variable variable,
    variable variable,
    variable variable[] 
);
WITH variable AS (
    SELECT
        variable.variable as variable, 
        variable.variable,          
        variable.variable,
        variable.variable
    FROM variable variable
    JOIN variable variable ON variable.variable = variable.variable
    JOIN variable variable ON variable.variable = variable.variable
    JOIN variable variable ON variable.variable = variable.variable
    JOIN variable variable ON variable.variable = variable.variable
    WHERE variable.variable = variable
      AND variable.variable > variable
)
INSERT INTO variable (variable, variable, variable, variable)
SELECT
    variable.variable,
    COUNT(DISTINCT variable.variable),
    MAX(variable.variable), 
    variable(DISTINCT variable.variable) 
FROM variable variable
GROUP BY variable.variable
HAVING COUNT(DISTINCT variable.variable) > variable;",1
38,"CREATE TABLE variable NOT EXISTS variable (
    variable variable(variable) PRIMARY KEY,
    variable variable DEFAULT variable(),
    variable variable,
    variable variable,
    variable variable
);
WITH variable AS (
    SELECT
        variable,
        variable,
        variable,
        CASE
            WHEN (variable + variable) = variable THEN NULL 
            ELSE variable / (variable + variable) 
        END AS variable
    FROM variable
)
INSERT INTO variable (variable, variable, variable, variable, variable)
SELECT
    variable.variable,
    variable.variable
    variable.variable,
    variable.variable,
    variable() 
FROM variable variable
ON variable (variable)
DO UPDATE SET
    variable = variable.variable,
    variable = variable.variable,
    variable = variable.variable,
    variable = variable.variable;",1
39,"CREATE TABLE variable NOT EXISTS variable (
   variable variable PRIMARY KEY,
   variable variable,
   variable variable
);
WITH variable AS (
    SELECT
        variable.variable,
        (variable - COALESCE(variable.variable, variable) / variable)
        * (variable - COALESCE(variable.variable, variable) / variable)
        * COALESCE(variable.variable, variable) AS variable,
        variable() as variable
        , variable() OVER(PARTITION BY variable.variable ORDER BY variable.variable DESC variable variable, variable.variable DESC) as variable
    FROM
        variable variable
)
INSERT INTO variable (variable, variable, variable)
SELECT
    variable,
    variable,
    variable
FROM variable
WHERE variable IS NOT NULL AND variable = variable
ON variable (variable)
DO UPDATE SET
    variable = variable.variable,
    variable = variable.variable;",1
40,"CREATE TEMP TABLE variable(
    variable variable,
    variable variable,
    variable variable,
    variable variable(variable,variable)
);
WITH variable AS (
    SELECT
        variable.variable,
        variable.variable,
        (variable - variable.variable) * variable +
        (variable(variable) - CAST(variable.variable) AS variable)/ variable * variable +
        (CASE variable.variable
            WHEN variable THEN variable
            WHEN variable THEN variable
            WHEN variable THEN variable
            WHEN variable THEN variable
         END) * variable AS variable,
        (variable(variable) - CAST(variable.variable) AS variable),
        variable.variable
    FROM variable variable
    JOIN variable variable ON variable.variable = variable.variable
    JOIN variable variable ON variable.variable = variable.variable
    JOIN variable variable ON variable.variable = variable.variable
    JOIN variable variable ON variable.variable = variable.variable
    JOIN variable variable ON variable.variable = variable.variable
    WHERE variable.variable IS NOT NULL
)
INSERT INTO variable
SELECT
    variable,
    CASE
        WHEN variable > variable THEN variable
        WHEN variable > variable THEN variable
        ELSE variable
    END AS variable,
    variable,
    variable
FROM variable
WHERE variable > variable
  AND variable > variable
  AND variable < variable;
UPDATE variable variable
SET variable = variable
FROM variable variable
JOIN variable variable ON variable.variable = variable.variable
JOIN variable variable ON variable.variable = variable.variable
JOIN variable variable ON variable.variable = variable.variable
WHERE variable.variable = variable.variable
AND variable.variable IN (SELECT variable FROM variable);",1
41,"CREATE TRIGGER variable
variable INSERT ON variable
variable variable variable",1
42,"CREATE TRIGGER variable
variable UPDATE ON variable
variable variable variable",1
43,"CREATE VIEW variable AS
SELECT
    variable.variable,
    variable.variable,
    variable.variable,
    variable.variable,
    CASE
        WHEN (variable.variable -> variable ->> variable) IS NOT NULL THEN (variable.variable -> variable ->> CAST(variable) AS variable)(variable.variable -> variable ->> CAST(variable) AS variable).variable = (variable.variable -> variable ->> variable) 
WHERE variable.variable > (
    CASE
        WHEN (variable.variable -> variable ->> variable) IS NOT NULL THEN (variable.variable -> variable ->> CAST(variable) AS variable)(variable.variable -> variable ->> CAST(variable) AS variable)* variable 
);",1
44,"CREATE VIEW variable AS
SELECT 
    variable,
    variable(variable - variable * ABS(variable - variable) - 
    variable(ABS(variable - variable) / variable, variable) - 
    variable / (variable + variable), variable) AS variable
FROM variable;",1
45,"CREATE variable VIEW variable AS
SELECT
    variable.variable,
    variable.variable,
    variable.variable,
    variable.variable,
    variable.variable,
    variable.variable,
    variable.variable 
FROM variable variable
JOIN variable variable ON variable.variable = variable.variable
JOIN variable variable ON variable.variable = variable.variable
LEFT JOIN variable variable ON variable.variable = variable.variable 
WHERE variable.variable <> variable.variable
  AND CAST((variable.variable AS variable)= variable OR CAST(variable.variable AS variable)= variable)",1
46,"CREATE variable VIEW variable AS
SELECT
    variable.variable,
    variable.variable,
    variable.variable,
    variable.variable,
    variable.variable,
    variable.variable,
    variable.variable,
    CAST((variable.variable AS variable)/ variable(variable.variable, variable) / variable(variable.variable, variable)) * variable AS variable
FROM variable variable
WHERE 
    CAST((variable.variable AS variable)/ variable(variable.variable, variable) / variable(variable.variable, variable)) * variable > variable AND
    variable.variable < variable AND
    variable.variable < variable;",1
47,"CREATE variable VIEW variable AS
SELECT 
    variable.variable,
    variable.variable,
    variable.variable,
    variable(
        (variable.variable * (variable - (variable.variable / variable)) + (variable - variable.variable) * variable), 
        variable
    ) AS variable,
    CASE 
        WHEN (variable.variable * (variable - (variable.variable / variable)) + (variable - variable.variable) * variable) < variable 
        THEN variable
        WHEN (variable.variable * (variable - (variable.variable / variable)) + (variable - variable.variable) * variable) BETWEEN variable AND variable 
        THEN variable
        ELSE variable
    END AS variable
FROM 
    variable variable
    JOIN variable variable ON variable.variable = variable.variable
WITH variable;",1
48,"CREATE variable VIEW variable AS
SELECT 
    variable.variable, variable.variable, variable.variable,
    CAST((variable.variable AS variable)/ variable) * (variable - variable.variable / variable) * variable AS variable,
    CAST((variable.variable AS variable)/ variable) * (variable + (CASE WHEN variable.variable THEN variable ELSE variable CAST(END) AS variable)/ variable) * 
    (variable - ABS(variable.variable - CAST(variable) AS variable)/ variable) * variable AS variable,
    CASE WHEN CAST((variable.variable AS variable)/ variable) * (variable - variable.variable / variable) * variable > variable 
         AND variable.variable >= variable AND variable.variable >= variable 
         THEN variable ELSE variable END AS variable
FROM variable variable
JOIN variable variable ON variable.variable = variable.variable
JOIN variable variable ON variable.variable = variable.variable
WHERE variable.variable = CAST(variable AS variable);",1
49,"CREATE variable VIEW variable AS
WITH variable AS (
    SELECT
        variable.variable,
        MAX(COALESCE(variable(variable.variable -> variable ->> variable, variable), CAST(variable) AS variable)) AS variable,
        MAX(COALESCE(variable.variable, variable)) AS variable,
        MAX(COALESCE(variable(variable.variable -> variable ->> variable, variable), CAST(variable) AS variable)) AS variable
    FROM variable variable
    LEFT JOIN variable variable ON variable.variable = variable.variable
    LEFT JOIN variable variable ON variable.variable = variable.variable
    LEFT JOIN variable variable ON variable.variable = variable.variable
    LEFT JOIN variable variable ON variable.variable = variable.variable
    LEFT JOIN variable variable ON variable.variable = variable.variable
    GROUP BY variable.variable 
),
variable AS (
    SELECT
        variable,
        (variable * COALESCE(variable,variable) + variable * COALESCE(variable,variable) + variable * COALESCE(variable,variable)) AS variable
    FROM variable
)
SELECT
    variable,
    variable,
    variable() OVER (ORDER BY variable DESC variable variable) as variable
FROM variable",1
50,"CREATE variable VIEW variable NOT EXISTS variable AS
WITH variable AS (
    SELECT
        variable AS variable,
        AVG(variable) AS variable, 
        AVG(variable) AS variable 
    FROM variable
    WHERE variable IS NOT NULL AND variable IS NOT NULL AND variable IS NOT NULL
    GROUP BY variable
),
variable AS (
    SELECT
        variable AS variable,
        MAX(variable) AS variable 
    FROM variable
    WHERE variable IS NOT NULL AND variable IS NOT NULL
    GROUP BY variable
)
SELECT
    variable.variable,
    COUNT(DISTINCT variable.variable) AS variable,
    CAST(variable(AVG(variable.variable) AS variable), variable) AS variable,
    CAST(variable(AVG(variable.variable) AS variable), variable) AS variable,
    CAST(variable(AVG(variable.variable) AS variable), variable) AS variable
FROM variable variable
LEFT JOIN variable variable ON variable.variable = variable.variable
LEFT JOIN variable variable ON variable.variable = variable.variable
WHERE variable.variable IS NOT NULL
GROUP BY variable.variable;
variable variable VIEW variable;",1
51,"DELETE FROM variable
WHERE variable IN (
    SELECT variable 
    FROM variable 
    WHERE variable = variable
);",1
52,"DELETE FROM variable
WHERE variable IN (
    SELECT variable.variable
    FROM variable variable
    JOIN variable variable ON variable.variable = variable.variable
    JOIN variable variable ON variable.variable = variable.variable
    JOIN variable variable ON variable.variable = variable.variable
    WHERE 
        (variable * variable.variable + variable * (variable - (variable.variable / variable(variable.variable * variable, variable))) > variable
        AND (variable.variable > variable OR variable.variable > variable)
        AND variable.variable < variable));",1
53,"DELETE FROM variable
variable (
    WITH variable AS (
        SELECT variable.variable,
               variable.variable,
               variable.variable,
               variable.variable,
               variable.variable,
               variable.variable,
               variable.variable,
               (variable(variable, variable.variable * variable) / variable(variable, variable.variable) * variable) AS variable
        FROM variable variable
        JOIN variable variable variable (variable)
        WHERE variable.variable < variable OR variable.variable < variable
    ),
    variable AS (
        SELECT variable,
               variable,
               variable,
               variable,
               variable(variable/variable, variable) * 
               ((variable * (variable + variable/variable * (variable - variable/variable)))/variable) *
               variable(variable - variable/variable, variable) AS variable,
               variable() OVER (
                   PARTITION BY variable 
                   ORDER BY 
                       CASE WHEN variable >= variable AND variable >= variable THEN variable 
                            ELSE variable END,
                       variable(variable/variable, variable) * 
                       ((variable * (variable + variable/variable * (variable - variable/variable)))/variable) *
                       variable(variable - variable/variable, variable) DESC
               ) AS variable
        FROM variable
    )
    SELECT variable
    FROM variable
    WHERE variable > variable  
) variable
WHERE variable.variable = variable.variable
variable variable.variable, variable.variable;",1
54,"DELETE FROM variable variable
USING variable variable
WHERE variable.variable = variable.variable
  AND ((variable.variable + variable.variable + variable.variable) / variable.variable) > variable;",1
55,"SELECT
    variable,
    variable,
    variable(
        (CAST(variable AS variable) / variable) + 
        (variable * variable) + 
        (variable * variable) + 
        (variable * variable) - 
        (CAST(variable AS variable) / variable), 
        variable
    ) AS variable
FROM
    variable
ORDER BY
    variable DESC;",1
56,"SELECT
    variable.variable AS variable,
    variable.variable AS variable,
    variable(
        AVG(
            variable - variable * ABS(variable.variable - variable) -
            variable(ABS((variable.variable - variable) / variable), variable) -
            variable / (variable.variable + variable)
        ),
        variable
    ) AS variable
FROM variable variable
JOIN variable variable ON variable.variable = variable.variable
GROUP BY variable.variable, variable.variable;",1
57,"SELECT
    variable.variable AS variable,
    variable.variable AS variable,
    variable(
        AVG(
            variable(variable / (variable(variable, variable.variable * variable) / variable(variable, variable.variable)) * variable, variable) *
            (variable.variable / variable) *
            variable(variable - variable.variable / variable, variable)
        ),
        variable
    ) AS variable
FROM variable variable
JOIN variable variable ON variable.variable = variable.variable
JOIN variable variable ON variable.variable = variable.variable
GROUP BY variable.variable, variable.variable
ORDER BY variable DESC;",1
58,"SELECT
    variable.variable AS variable,
    variable.variable AS variable,
    variable(
        CAST(
            (variable * COALESCE(variable.variable, variable)) +
            (variable * COALESCE(variable.variable, variable)) +
            (variable * COALESCE(variable.variable, variable)) +
            (variable * COALESCE(variable.variable, variable)) -
            (variable * variable(COALESCE(variable.variable, variable)))
        AS variable), 
        variable
    ) AS variable
FROM variable variable
LEFT JOIN (
    SELECT
        variable.variable,
        AVG(
            (variable.variable * variable) + 
            (variable.variable * variable) + 
            (variable.variable * (variable + variable.variable / variable * (variable - variable.variable / variable)) * variable) - 
            (variable * variable(variable.variable / variable))
        ) AS variable
    FROM variable variable
    JOIN variable variable ON variable.variable = variable.variable
    LEFT JOIN (
        SELECT 
            variable.variable,
            AVG(variable(variable / (variable(variable, variable.variable * variable) / variable(variable, variable.variable)) * variable, variable) *
                (variable.variable * (variable + variable.variable / variable * (variable - variable.variable / variable)) / variable) *
                variable(variable - variable.variable / variable, variable)) AS variable
        FROM variable variable
        GROUP BY variable.variable
    ) variable ON variable.variable = variable.variable
    LEFT JOIN (
        SELECT 
            variable.variable,
            AVG((variable.variable / (variable.variable * variable.variable * variable.variable) * variable) * 
                (variable.variable / (variable(variable.variable) * variable.variable) * variable / variable) * 
                (variable + variable(-variable.variable))) AS variable
        FROM variable variable
        WHERE variable.variable > variable AND variable.variable > variable AND variable.variable > variable
        GROUP BY variable.variable
    ) variable ON variable.variable = variable.variable
    GROUP BY variable.variable
) variable ON variable.variable = variable.variable
LEFT JOIN (
    SELECT
        variable.variable,
        AVG((variable.variable / (variable.variable * variable.variable * variable.variable) * variable) * 
            (variable.variable / (variable(variable.variable) * variable.variable) * variable / variable) * 
            (variable + variable(-variable.variable))) AS variable
    FROM variable variable
    WHERE variable.variable > variable AND variable.variable > variable AND variable.variable > variable
    GROUP BY variable.variable
) variable ON variable.variable = variable.variable
LEFT JOIN (
    SELECT
        variable.variable,
        AVG(variable.variable / (variable.variable * variable(variable + variable.variable / variable.variable))) AS variable
    FROM variable variable
    JOIN variable variable ON variable.variable = variable.variable
    JOIN variable variable ON variable.variable = variable.variable
    WHERE variable.variable > variable
    GROUP BY variable.variable
) variable ON variable.variable = variable.variable
LEFT JOIN (
    SELECT
        variable.variable,
        AVG(variable.variable * (variable + variable.variable / variable * (variable - variable.variable / variable))) AS variable
    FROM variable variable
    JOIN variable variable ON variable.variable = variable.variable
    GROUP BY variable.variable
) variable ON variable.variable = variable.variable
LEFT JOIN (
    SELECT
        variable.variable,
        AVG(variable.variable / variable.variable) AS variable
    FROM variable variable
    JOIN variable variable ON variable.variable = variable.variable
    JOIN variable variable ON variable.variable = variable.variable
    WHERE variable.variable > variable
    GROUP BY variable.variable
) variable ON variable.variable = variable.variable
ORDER BY variable DESC;",1
59,"SELECT
    variable.variable AS variable,
    variable.variable AS variable,
    variable.variable AS variable,
    variable.variable AS variable,
    CASE
        WHEN variable.variable IN (variable, variable) AND variable.variable <> variable THEN variable
        ELSE variable
    END AS variable
FROM variable variable
LEFT JOIN variable variable ON variable.variable = variable.variable;",1
60,"SELECT
    variable.variable AS variable,
    variable.variable AS variable,
    variable.variable AS variable,
    variable.variable AS variable,
    variable(
        (variable.variable / (variable.variable * variable(variable + variable.variable / variable.variable))),
        variable
    ) AS variable,
    variable.variable,
    CASE
        WHEN (variable.variable / (variable.variable * variable(variable + variable.variable / variable.variable))) > variable
             AND variable.variable LIKE variable THEN variable
        WHEN (variable.variable / (variable.variable * variable(variable + variable.variable / variable.variable))) BETWEEN variable AND variable THEN variable
        ELSE variable
    END AS variable
FROM variable variable
JOIN variable variable ON variable.variable = variable.variable;",1
61,"SELECT
    variable.variable AS variable,
    variable.variable AS variable,
    variable.variable AS variable,
    variable.variable AS variable,
    variable(variable.variable) AS variable,
    variable(variable.variable, variable) AS variable,
    CASE WHEN 
        variable.variable AND 
        variable.variable >= variable AND 
        variable.variable >= variable AND 
        variable.variable > variable 
    THEN variable ELSE variable END AS variable
FROM variable variable
JOIN variable variable ON variable.variable = variable.variable
JOIN (
    SELECT variable, (variable / variable) * (variable - variable / variable) * variable AS variable
    FROM variable
) variable ON variable.variable = variable.variable
JOIN (
    SELECT variable.variable, (variable.variable / variable) * (variable + (CASE WHEN variable.variable THEN variable ELSE variable END) / variable) * 
           (variable - ABS(variable.variable - variable) / variable) * variable AS variable
    FROM variable variable
) variable ON variable.variable = variable.variable
WHERE variable.variable = variable
ORDER BY variable DESC, variable DESC;",1
62,"SELECT
    variable.variable,
    variable(
        (variable.variable / variable.variable) * 
        variable.variable * 
        (variable - variable.variable / variable) * variable,
    variable) AS variable,
    CASE
        WHEN (variable.variable / variable.variable) * variable.variable * (variable - variable.variable / variable) * variable < variable 
             AND variable.variable = variable 
             AND variable.variable > variable 
        THEN variable
        ELSE variable
    END AS variable
FROM
    variable variable
JOIN
    variable variable ON variable.variable = variable.variable
JOIN
    variable variable ON variable.variable = variable.variable
ORDER BY
    variable;",1
63,"SELECT
    variable.variable,
    variable.variable,
    variable(variable.variable * variable + variable.variable * variable + variable.variable * variable, variable) AS variable,
    CASE
        WHEN variable.variable = variable 
             AND variable.variable < variable 
             AND (variable.variable * variable + variable.variable * variable + variable.variable * variable) < variable
        THEN variable
        ELSE variable
    END AS variable
FROM
    variable variable
JOIN
    variable variable ON variable.variable = variable.variable
ORDER BY
    variable;",1
64,"SELECT
    variable.variable,
    variable.variable,
    variable.variable,
    variable(
        (variable.variable / variable.variable) * 
        (variable - variable.variable / variable) - 
        (variable.variable / variable.variable),
    variable) AS variable,
    CASE
        WHEN variable.variable > variable 
             AND variable.variable = variable 
             AND ((variable.variable / variable.variable) * (variable - variable.variable / variable) - (variable.variable / variable.variable)) < variable 
        THEN variable
        ELSE variable
    END AS variable
FROM
    variable variable
JOIN
    variable variable ON variable.variable = variable.variable
JOIN
    variable variable ON variable.variable = variable.variable
ORDER BY
    variable;",1
65,"SELECT
    variable.variable,
    variable.variable,
    variable.variable,
    variable((variable.variable / variable.variable) * variable, variable) AS variable,
    variable.variable
FROM
    variable variable
JOIN
    variable variable ON variable.variable = variable.variable
WHERE
    (variable.variable / variable.variable) < variable
    AND variable.variable IN (variable, variable)
ORDER BY
    variable;",1
66,"SELECT
    variable.variable,
    variable.variable,
    variable.variable,
    variable.variable,
    variable.variable,
    variable.variable,
    variable((variable.variable / variable) * (variable - (variable.variable + variable.variable) / variable) * variable, variable) AS variable
FROM variable variable
JOIN variable variable ON variable.variable = variable.variable
WHERE (variable.variable / variable) * (variable - (variable.variable + variable.variable) / variable) * variable > variable
  AND variable.variable IN (variable, variable) 
ORDER BY variable DESC;",1
67,"SELECT
  variable,
  variable(
    CASE variable 
      WHEN variable THEN variable 
      WHEN variable THEN variable 
      WHEN variable THEN variable 
      ELSE variable 
    END * variable
    + (variable * variable)
    + CAST((variable AS variable)/ variable * variable)
    - CAST((variable AS variable)/ variable * variable),
    variable
  ) AS variable
FROM variable
WHERE variable > variable
ORDER BY variable DESC;",1
68,"SELECT
  variable.variable,
  variable.variable,
  variable(
    (CAST(variable.variable->variable->>variable AS variable) /
     (variable.variable / variable)) *
    (CAST(variable.variable->variable->>variable AS variable) / variable),
  variable) AS variable
FROM variable variable
JOIN variable variable ON variable.variable = variable.variable
JOIN variable variable ON variable.variable = variable.variable
WHERE variable.variable IN (variable, variable);",1
69,"SELECT
  variable.variable,
  variable.variable,
  variable.variable,
  variable.variable,
  variable.variable,
  variable.variable,
  variable((variable - variable.variable / variable) * (variable.variable / variable) * (variable - variable.variable / variable) * variable, variable) AS variable
FROM variable variable
JOIN variable variable ON variable.variable = variable.variable
WHERE (variable - variable.variable / variable) * (variable.variable / variable) * (variable - variable.variable / variable) * variable > variable
ORDER BY variable DESC;",1
70,"SELECT 
    CASE 
        WHEN variable.variable * (variable - variable.variable) * variable.variable * (variable + variable.variable/variable) < variable THEN variable
        WHEN variable.variable * (variable - variable.variable) * variable.variable * (variable + variable.variable/variable) < variable THEN variable
        ELSE variable
    END AS variable,
    COUNT(*) AS variable,
    AVG(variable.variable/(variable.variable * variable)) AS variable,
    variable(variable.variable) AS variable
FROM variable variable
JOIN variable variable ON variable.variable = variable.variable
GROUP BY variable;",1
71,"SELECT 
    CASE 
        WHEN variable.variable IS NULL THEN variable
        ELSE CAST(variable.variable AS variable),
    COUNT(*) AS variable,
    AVG(variable.variable) AS variable,
    AVG(variable.variable + 
        CASE 
            WHEN variable.variable->>variable = variable THEN 
                CAST((COALESCE((variable.variable->variable->>variable) AS variable),variable)/variable) / variable.variable
            WHEN variable.variable->>variable = variable THEN 
                CAST((COALESCE((variable.variable->>variable) AS variable),variable)) / variable.variable
            ELSE variable
        END) AS variable,
    percentile_cont(variable.variable, variable) AS variable
FROM variable variable
JOIN variable variable ON variable.variable = variable.variable
LEFT JOIN variable variable ON variable.variable = variable.variable
GROUP BY variable(variable.variable)
HAVING COUNT(*) > variable
ORDER BY variable DESC;",1
72,"SELECT 
    variable AS variable,
    COUNT(*) AS variable,
    SUM(CASE WHEN variable.variable = variable THEN variable ELSE variable END) AS variable,
    SUM(CASE WHEN variable.variable = CAST(variable THEN variable ELSE variable END) AS variable)/ 
    variable(COUNT(*),variable) AS variable
FROM variable
LEFT JOIN variable variable ON variable.variable = variable.variable
GROUP BY variable
ORDER BY variable;",1
73,"SELECT 
    variable AS variable,
    variable AS variable,
    variable AS variable,
    variable((variable * variable) / (variable * variable), variable) AS variable
FROM variable
JOIN variable ON variable.variable = variable.variable
WHERE (variable * variable) / (variable * variable) > variable
ORDER BY variable DESC;",1
74,"SELECT 
    variable AS variable,                           
    variable,                                              
    CAST((variable->>variable) AS variable),  
    CAST((variable->>variable) AS variable),  
    variable * (variable - CAST(((variable->>variable) AS variable)/ variable)) * CAST(((variable->>variable) AS variable)) AS variable  
FROM variable;",1
75,"SELECT 
    variable(
        variable, variable.variable, 
        variable, variable((variable.variable * 
            CASE 
                WHEN variable.variable = variable THEN variable 
                WHEN variable.variable = variable THEN variable 
                ELSE variable 
            CAST(END) AS variable), variable), 
        variable, 
            CASE 
                WHEN variable.variable = variable AND variable.variable = variable THEN variable 
                WHEN variable.variable = variable OR variable.variable = variable THEN variable 
                ELSE variable 
            END
    ) AS variable
FROM variable variable
LEFT JOIN variable variable 
    ON variable.variable = variable.variable
WHERE variable.variable * 
    CASE 
        WHEN variable.variable = variable THEN variable 
        WHEN variable.variable = variable THEN variable 
        ELSE variable 
    END > variable 
    AND CASE 
        WHEN variable.variable = variable AND variable.variable = variable THEN variable 
        WHEN variable.variable = variable OR variable.variable = variable THEN variable 
        ELSE variable 
    END < variable
ORDER BY variable.variable * 
    CASE 
        WHEN variable.variable = variable THEN variable 
        WHEN variable.variable = variable THEN variable 
        ELSE variable 
    END DESC
LIMIT variable",1
76,"SELECT 
    variable(variable FROM variable(variable, variable.variable)) AS variable,
    AVG(variable.variable / variable.variable * variable) AS variable,
    COUNT(*) AS variable
FROM variable variable
JOIN variable variable ON variable.variable = variable.variable
JOIN variable variable ON variable.variable = variable.variable
GROUP BY variable
ORDER BY variable;",1
77,"SELECT 
    variable,
    ((variable + variable)/variable) * (variable - variable/variable) AS variable,
    variable * (((variable + variable)/variable) * (variable - variable/variable)) * variable AS variable
FROM variable.variable
WHERE variable * (((variable + variable)/variable) * (variable - variable/variable)) * variable > variable;",1
78,"SELECT 
    variable, 
    variable,
    variable((json_extract(variable, variable)) AS variable), variable) AS variable,
    variable((json_extract(variable, variable)) AS variable), variable) AS variable,
    variable(
        CASE 
            WHEN variable = variable THEN variable 
            WHEN variable = variable THEN variable 
            WHEN variable = variable THEN variable 
            ELSE variable 
        END * (variable - (json_extract(variable, variable)) AS variable)/variable), 
        variable
    ) AS variable,
    variable(
        CASE 
            WHEN (json_extract(variable, variable)) AS variable)(CASE 
                    WHEN variable = variable THEN variable 
                    WHEN variable = variable THEN variable 
                    WHEN variable = variable THEN variable 
                    ELSE variable 
                END)
                * (variable + variable * ((json_extract(variable, variable)) AS variable)/variable))
                * (variable - variable * (variable - (json_extract(variable, variable)) AS variable)))
            ELSE NULL 
        END, 
        variable
    ) AS variable
FROM variable.variable;",1
79,"SELECT 
    variable, 
    variable,
    variable,
    variable,
    CASE 
        WHEN variable = variable THEN variable * (variable - variable/variable)
        WHEN variable = variable THEN variable * (variable - variable/variable)
        ELSE variable 
    END AS variable
FROM variable.variable;",1
80,"SELECT 
    variable, 
    variable, 
    variable,
    CASE 
        WHEN variable IN (variable, variable) THEN variable * variable
        WHEN variable = variable THEN variable * variable
        WHEN variable = variable THEN variable * variable
        WHEN variable = variable THEN variable * variable
        ELSE variable 
    END AS variable
FROM variable.variable;",1
81,"SELECT 
    variable.variable AS variable,
    variable.variable AS variable,
    CAST(variable(AVG(variable.variable) AS variable), variable) AS variable,
    CAST(variable(AVG(variable.variable) AS variable), variable) AS variable,
    CAST(variable(AVG(variable.variable) AS variable), variable) AS variable,
    CAST(variable(AVG(variable.variable) AS variable), variable) AS variable,
    variable(
        AVG(
            variable.variable * variable(variable, COALESCE(variable.variable, variable)) /
            (variable.variable * (variable.variable + variable.variable) / variable)
        CAST() AS variable),
        variable
    ) AS variable,
    CASE 
        WHEN AVG(
            variable.variable * variable(variable, COALESCE(variable.variable, variable)) /
            (variable.variable * (variable.variable + variable.variable) / variable)
        ) < variable THEN variable
        ELSE variable
    END AS variable,
    COUNT(*) AS variable
FROM variable variable
JOIN variable variable ON variable.variable = variable.variable
LEFT JOIN variable variable ON variable.variable = variable.variable
WHERE variable.variable > variable AND (variable.variable + variable.variable) > variable
GROUP BY variable.variable, variable.variable
ORDER BY 
    CASE 
        WHEN AVG(
            variable.variable * variable(variable, COALESCE(variable.variable, variable)) /
            (variable.variable * (variable.variable + variable.variable) / variable)
        ) < variable THEN variable
        ELSE variable
    END,
    variable;",1
82,"SELECT 
    variable.variable AS variable,
    variable.variable AS variable,
    variable.variable AS variable,  
    CAST((variable.variable->variable->>variable) AS variable),  
    CAST((variable.variable->variable->>variable) AS variable),  
    variable(
        CAST(((variable.variable->variable->>variable) AS variable)*
         (variable + variable.variable * (variable - variable.variable) / variable) *
         (variable / CAST(((variable.variable->variable->>variable) AS variable)))
        ), variable
    ) AS variable  
FROM variable variable
INNER JOIN variable variable ON variable.variable = variable.variable
INNER JOIN variable variable ON variable.variable = variable.variable;",1
83,"SELECT 
    variable.variable AS variable,                                                        
    variable.variable AS variable,                                        
    variable.variable AS variable,                                        
    variable(variable FROM variable(variable.variable)) AS variable,               
    variable(((variable.variable - variable.variable) / variable(variable(variable FROM variable(variable.variable)), variable) * variable), variable) AS variable  
FROM variable variable
INNER JOIN variable variable ON variable.variable = variable.variable                      
INNER JOIN variable ON variable.variable = variable.variable;",1
84,"SELECT 
    variable.variable,
    (CASE variable.variable 
        WHEN variable THEN variable 
        WHEN variable THEN variable 
        ELSE variable 
     END * variable) +
    (variable.variable * variable) +
    (CASE variable.variable
        WHEN variable THEN variable
        WHEN variable THEN variable
        WHEN variable THEN variable
        ELSE variable
     END * variable) +
    (variable.variable * variable) +
    (variable.variable/variable) AS variable
FROM variable variable
WHERE variable.variable > variable
ORDER BY variable DESC;",1
85,"SELECT 
    variable.variable,
    (variable.variable / variable) * (variable.variable / (variable.variable + variable)) AS variable,
    CASE 
        WHEN (variable.variable / variable) * (variable.variable / (variable.variable + variable)) > variable THEN variable
        WHEN (variable.variable / variable) * (variable.variable / (variable.variable + variable)) < variable THEN variable
        ELSE variable
    END AS variable
FROM 
    variable variable
ORDER BY 
    variable DESC;",1
86,"SELECT 
    variable.variable,
    ABS(variable.variable - variable.variable) / variable(variable.variable, variable) * variable.variable AS variable,
    variable.variable,
    variable(variable.variable) FILTER (WHERE variable.variable IS NOT NULL) AS variable
FROM variable variable
INNER JOIN variable variable ON variable.variable = variable.variable
WHERE 
    ABS(variable.variable - variable.variable) / variable(variable.variable, variable) * variable.variable > variable
    AND variable.variable > variable
GROUP BY variable.variable, variable.variable, variable.variable, variable.variable, variable.variable
ORDER BY variable DESC
LIMIT variable",1
87,"SELECT 
    variable.variable,
    AVG(variable.variable * variable.variable * (variable.variable - variable)) AS variable
FROM variable variable
JOIN variable variable ON variable.variable = variable.variable
GROUP BY variable.variable;",1
88,"SELECT 
    variable.variable,
    COUNT(*) AS variable,
    AVG(variable.variable * (variable + (variable - ABS(variable.variable)/(variable.variable*variable)) * 
        variable.variable/(variable + variable.variable/variable)) *
        CASE 
            WHEN variable.variable = variable THEN variable
            WHEN variable.variable = variable THEN variable
            ELSE variable
        END) AS variable,
    AVG(variable.variable) AS variable,
    variable(
        variable.variable,
        variable(
            variable, variable.variable * (variable + (variable - ABS(variable.variable)/(variable.variable*variable)) * 
                   variable.variable/(variable + variable.variable/variable)) *
                   CASE 
                       WHEN variable.variable = variable THEN variable
                       WHEN variable.variable = variable THEN variable
                       ELSE variable
                   END,
            variable, variable.variable
        )
    ) AS variable
FROM variable variable
WHERE variable.variable IS NOT NULL
GROUP BY variable.variable
HAVING COUNT(*) > variable;",1
89,"SELECT 
    variable.variable,
    COUNT(*) AS variable,
    variable(AVG(variable - CAST(variable.variable) AS variable), variable) AS variable,
    CAST(variable(AVG(variable.variable) AS variable), variable) AS variable,
    CAST(variable(AVG(variable.variable) AS variable), variable) AS variable,
    variable(AVG(
        (variable - variable.variable) * variable + 
        (variable - variable.variable)/variable * variable + 
        CASE
            WHEN variable.variable = variable THEN variable
            WHEN variable.variable = variable THEN variable
            WHEN variable.variable = variable THEN variable
            WHEN variable.variable = variable THEN variable
        END
    CAST() AS variable), variable) AS variable
FROM 
    variable variable
    JOIN variable variable ON variable.variable = variable.variable
    JOIN variable variable ON variable.variable = variable.variable
    JOIN variable variable ON variable.variable = variable.variable
    JOIN variable variable ON variable.variable = variable.variable
GROUP BY 
    variable.variable;",1
90,"SELECT 
    variable.variable,
    variable.variable,
    (
        SELECT AVG(
            CASE 
                WHEN variable.variable = variable THEN variable
                WHEN variable.variable = variable THEN variable
                WHEN variable.variable = variable THEN variable
            END)
        FROM variable variable 
        WHERE variable.variable = variable.variable
    ) AS variable,
    (
        SELECT variable(variable(variable, variable, variable, variable))
        FROM (
            SELECT 
                variable AS variable, variable.variable AS variable FROM variable variable WHERE variable.variable = variable.variable AND variable.variable = variable
            UNION ALL
            SELECT variable, variable.variable FROM variable variable WHERE variable.variable = variable.variable AND variable.variable = variable
        ) variable
    ) AS variable
FROM variable variable
WHERE (
    SELECT AVG(
        CASE 
            WHEN variable.variable = variable THEN variable
            WHEN variable.variable = variable THEN variable
            WHEN variable.variable = variable THEN variable
        END)
    FROM variable variable 
    WHERE variable.variable = variable.variable
) > variable
ORDER BY variable DESC;",1
91,"SELECT 
    variable.variable,
    variable.variable,
    (variable.variable + COALESCE(variable.variable, variable)) AS variable
FROM 
    variable variable
    JOIN variable variable ON variable.variable = variable.variable
    LEFT JOIN variable variable ON variable.variable = variable.variable
WHERE 
    (COALESCE(variable.variable, variable) > variable OR variable.variable > variable)
    AND (variable.variable IS NULL OR variable.variable > variable - variable variable)
ORDER BY 
    variable DESC;",1
92,"SELECT 
    variable.variable,
    variable.variable,
    AVG((variable - variable.variable/variable) * (variable - variable.variable)) AS variable,
    SUM(CASE WHEN (variable - variable.variable/variable THEN variable ELSE variable END) * (variable - variable.variable) > variable) AS variable
FROM variable variable
GROUP BY variable.variable, variable.variable
ORDER BY variable DESC;",1
93,"SELECT 
    variable.variable,
    variable.variable,
    CAST((variable.variable->variable->>variable) AS variable),
    CAST((variable.variable->variable->>variable) AS variable),
    CAST((variable.variable->variable->>variable) AS variable),
    CASE
        WHEN CAST((variable.variable->variable->>variable) AS variable)> variable
         AND CAST((variable.variable->variable->>variable) AS variable)> variable
         AND CAST((variable.variable->variable->>variable) AS variable)> variable
        THEN variable
        WHEN CAST((variable.variable->variable->>variable) AS variable)> variable
         AND CAST((variable.variable->variable->>variable) AS variable)> variable
        THEN variable
        ELSE variable
    END AS variable
FROM 
    variable variable
    JOIN variable variable ON variable.variable = variable.variable
    JOIN variable variable ON variable.variable = variable.variable
    JOIN variable variable ON variable.variable = variable.variable
WHERE 
    CAST((variable.variable->variable->>variable) AS variable), variable DESC;",1
94,"SELECT 
    variable.variable,
    variable.variable,
    COUNT(DISTINCT variable.variable) AS variable,
    variable(DISTINCT variable.variable) AS variable,
    CAST(variable(AVG(variable.variable) AS variable), variable) AS variable
FROM 
    variable variable
    JOIN variable variable ON variable.variable = variable.variable
    JOIN variable variable ON variable.variable = variable.variable
    JOIN variable variable ON variable.variable = variable.variable
    JOIN variable variable ON variable.variable = variable.variable
WHERE 
    variable.variable > variable 
GROUP BY 
    variable.variable, variable.variable
HAVING 
    COUNT(DISTINCT variable.variable) >= variable 
ORDER BY 
    variable DESC, variable DESC;",1
95,"SELECT 
    variable.variable,
    variable.variable,
    variable((variable.variable * variable + variable.variable/variable * variable + variable.variable/variable * variable + variable.variable/variable * CAST(variable) AS variable), variable) AS variable,
    variable((variable.variable * (variable + variable.variable/variable * CAST(variable)) AS variable), variable) AS variable,
    CASE
        WHEN variable.variable >= variable 
         AND (variable.variable * variable + variable.variable/variable * variable + variable.variable/variable * variable + variable.variable/variable * variable) > variable
         AND variable.variable * (variable + variable.variable/variable * variable) > variable
        THEN variable
        ELSE variable
    END AS variable
FROM 
    variable variable
    JOIN variable variable ON variable.variable = variable.variable
    JOIN variable variable ON variable.variable = variable.variable
WHERE 
    variable.variable = variable OR variable.variable = variable
ORDER BY 
    variable DESC, variable DESC;",1
96,"SELECT 
    variable.variable,
    variable.variable,
    variable.variable AS variable,
    CAST((variable.variable AS variable)/variable.variable * variable) - 
    CAST((variable.variable AS variable)/variable.variable * variable) + 
    (variable.variable * variable) AS variable
FROM variable variable
JOIN variable variable ON variable.variable = variable.variable
WHERE variable IN (variable, variable)
  AND CAST((variable.variable AS variable)/variable.variable) < variable
  AND variable.variable > variable
  AND CAST(((variable.variable AS variable)/variable.variable * variable) - 
       CAST((variable.variable AS variable)/variable.variable * variable) + 
       (variable.variable * variable)) > variable
ORDER BY variable DESC;",1
97,"SELECT 
    variable.variable,
    variable.variable,
    variable.variable,
    variable.variable,
    CASE 
        WHEN (SELECT MAX(variable.variable) 
             FROM variable variable
             JOIN variable variable ON variable.variable = variable.variable
             JOIN variable variable ON variable.variable = variable.variable
             WHERE variable.variable = variable.variable) > 
             CASE variable.variable 
                 WHEN variable THEN variable 
                 WHEN variable THEN variable 
                 ELSE variable 
             END THEN variable
        ELSE variable
    END AS variable
FROM variable variable
JOIN variable variable ON variable.variable = variable.variable
WHERE variable.variable IN (variable, variable);",1
98,"SELECT 
    variable.variable,
    variable.variable,
    variable.variable,
    variable.variable,
    CASE 
        WHEN variable.variable < variable AND variable.variable < variable 
        THEN variable
        WHEN variable.variable < variable AND variable.variable < variable 
        THEN variable
        ELSE variable
    END AS variable
FROM variable variable
CROSS JOIN variable (
    SELECT (variable.variable/(variable.variable * variable)) AS variable
) AS variable
WHERE 
    variable.variable < variable AND
    variable.variable < variable;",1
99,"SELECT 
    variable.variable,
    variable.variable,
    variable.variable,
    variable.variable,
    variable(
        variable.variable * (variable - variable.variable / variable) + (variable - variable.variable) * variable,
        variable
    ) AS variable,
    CASE 
        WHEN variable.variable * (variable - variable.variable / variable) + (variable - variable.variable) * variable < variable THEN variable
        WHEN variable.variable * (variable - variable.variable / variable) + (variable - variable.variable) * variable < variable THEN variable
        ELSE variable
    END AS variable
FROM 
    variable variable
JOIN 
    variable variable ON variable.variable = variable.variable
ORDER BY 
    variable;",1
100,"SELECT 
    variable.variable, 
    (variable - ((variable.variable + variable.variable)/variable)) * (variable.variable/variable) * (variable.variable/variable) AS variable
FROM variable.variable variable
LEFT JOIN variable.variable variable ON variable.variable = variable.variable;",1
101,"SELECT 
  CASE 
    WHEN variable BETWEEN variable AND variable THEN variable
    WHEN variable BETWEEN variable AND variable THEN variable
    WHEN variable BETWEEN variable AND variable THEN variable
    WHEN variable BETWEEN variable AND variable THEN variable
    WHEN variable BETWEEN variable AND variable THEN variable
    ELSE variable
  END AS variable,
  COUNT(*) AS variable,
  variable(AVG(variable), variable) AS variable
FROM variable
GROUP BY variable;",1
102,"SELECT 
  variable
FROM variable
WHERE (variable->>variable = variable OR variable->>variable = variable)
  AND variable->>variable = variable;",1
103,"SELECT 
  variable AS variable,
  variable,
  variable,
  variable - variable AS variable,
  variable() OVER (ORDER BY (variable - variable) DESC) AS variable
FROM variable
ORDER BY variable DESC
LIMIT variable;",1
104,"SELECT 
  variable(variable, variable) AS variable, 
  variable,
  COUNT(*) AS variable,
  COUNT(*) * variable / SUM(COUNT(*)) OVER (PARTITION BY variable(variable, variable)) AS variable
FROM variable
GROUP BY variable, variable
ORDER BY variable, variable;",1
105,"SELECT 
  variable.variable AS variable,
  variable.variable,
  variable.variable,
  (variable.variable / variable(variable.variable, variable)) AS variable,
  variable.variable,
  variable.variable,
  CASE 
    WHEN (variable.variable / variable(variable.variable, variable)) > variable 
         AND variable.variable > variable 
         THEN variable
    ELSE variable
  END AS variable
FROM variable variable
INNER JOIN variable variable
  ON variable.variable = variable.variable;",1
106,"SELECT 
  variable.variable,
  variable.variable - variable.variable AS variable,
  variable(
    variable,
    variable * (variable - variable.variable) +
    variable * (variable.variable / (variable.variable * variable)) +
    variable * (variable.variable / (variable.variable * variable)) +
    variable * (variable.variable / (variable.variable * variable))
  ) AS variable
FROM variable variable
INNER JOIN variable variable
  ON variable.variable = variable.variable
INNER JOIN variable variable
  ON variable.variable = variable.variable;",1
107,"SELECT 
  variable.variable,
  variable.variable,
  variable.variable,
  CAST((variable.variable->variable->>variable) AS variable),
  CAST(variable.variable AS variable),
  CAST(((variable.variable->variable->>variable) AS variable)/ CAST(variable.variable AS variable)* variable) AS variable
FROM variable variable
JOIN variable variable ON variable.variable = variable.variable
JOIN variable variable ON variable.variable = variable.variable;",1
108,"SELECT 
  variable.variable,
  variable.variable,
  variable.variable,
  variable.variable->variable AS variable
FROM variable variable
JOIN variable variable ON variable.variable = (
  SELECT variable FROM variable 
  WHERE variable = (
    SELECT MAX(variable) FROM variable
  )
)
WHERE (
  (variable.variable = variable AND variable.variable > variable * CAST((variable.variable->variable->>variable) AS variable)) OR
  (variable.variable = variable AND variable.variable > variable * CAST((variable.variable->variable->>variable) AS variable))
);",1
109,"SELECT DISTINCT variable
FROM variable
WHERE variable > variable OR variable > variable;",1
110,"SET variable = variable;
DELETE FROM variable
WHERE variable IN (
    SELECT variable.variable 
    FROM variable variable
    JOIN variable variable ON variable.variable = variable.variable
    JOIN variable variable ON variable.variable = variable.variable
    JOIN variable variable ON variable.variable = variable.variable
    JOIN variable variable ON variable.variable = variable.variable
    WHERE (variable - variable.variable) > variable
    AND variable.variable < variable
    AND (
        (variable - variable.variable) * variable + 
        ((variable - variable.variable) / variable) * variable + 
        (CASE 
            WHEN variable.variable = variable THEN variable
            WHEN variable.variable = variable THEN variable
            WHEN variable.variable = variable THEN variable
            WHEN variable.variable = variable THEN variable
        END) * variable
    ) > variable
)
variable variable, variable, variable, variable;",1
111,"SET variable = variable;
WITH variable AS (
    SELECT variable.variable, variable.variable, variable.variable, variable.variable,
           (variable - variable.variable/variable) * (variable.variable/variable) * (variable - variable.variable/variable) * variable AS variable
    FROM variable variable
),
variable AS (
    SELECT variable.variable 
    FROM variable variable
    WHERE variable.variable <= variable 
       OR variable.variable >= variable
       OR variable.variable <= variable
       OR variable(variable.variable FROM variable) IS NULL
       OR variable(variable.variable FROM variable(variable) AS variable)> variable
       OR variable(variable.variable FROM variable) IS NULL
       OR variable(variable.variable FROM variable(variable) AS variable)< variable
)
DELETE FROM variable
WHERE variable IN (SELECT variable FROM variable)
variable variable, variable, variable;",1
112,"UPDATE variable
SET variable = variable
FROM variable variable
JOIN variable variable ON variable.variable = variable.variable
JOIN variable variable ON variable.variable = variable.variable
WHERE 
    variable.variable = variable.variable
    AND variable.variable >= variable  
    AND variable.variable > variable     
    AND (variable.variable * (variable + CAST((variable.variable AS variable)/variable) * variable) * (variable + (
        SELECT COALESCE(AVG(variable.variable), variable) / variable * variable
        FROM variable variable
        WHERE variable.variable = variable.variable
    ))) > variable;",1
113,"UPDATE variable
SET variable = variable
WHERE (variable - variable * ABS(variable)) < variable;",1
114,"UPDATE variable
SET variable = variable
WHERE EXISTS (
    SELECT variable
    FROM variable variable
    WHERE variable.variable = variable.variable
      AND (variable - variable.variable / variable) * (variable - variable.variable) > variable
);",1
115,"UPDATE variable
SET variable = variable(
    variable,
    variable,
    variable(
      CAST((((variable->variable->>variable) AS variable)-
         CAST((variable->variable->>variable) AS variable)) /
         CAST((variable->variable->>variable) AS variable)) * variable
    )
)
WHERE variable ? variable;",1
116,"UPDATE variable variable
SET variable = COALESCE(variable.variable || variable, variable)
               || variable 
               || variable(variable(),variable)
FROM variable variable
WHERE variable.variable = variable.variable
  AND variable.variable = variable
  AND variable.variable = variable;",1
117,"UPDATE variable variable
SET variable = variable
WHERE CAST((variable.variable AS variable)/ (variable.variable + variable)) > variable
  AND variable.variable < variable
  AND variable.variable NOT IN (variable, variable);",1
118,"UPDATE variable variable
SET variable = variable 
FROM variable variable
WHERE variable.variable = variable.variable 
  AND variable.variable > variable;",1
119,"UPDATE variable variable
SET variable = variable * variable
WHERE variable IN (
    SELECT variable.variable FROM variable variable
    JOIN variable variable ON variable.variable = variable.variable
    JOIN variable variable ON variable.variable = variable.variable
    WHERE CAST((variable.variable->>variable) AS variable)CAST((variable.variable->>variable) AS variable)> variable
    AND CAST((variable.variable->>variable) AS variable)< variable
    AND variable.variable != variable
    AND variable.variable != variable
);",1
120,"UPDATE variable variable
SET variable = variable(
    variable(
        variable.variable,
        variable, 
        CAST((coalesce((variable.variable->variable->>variable) AS variable), variable) + CAST(variable) AS variable)::variable
    ),
    variable, 
    CAST((coalesce((variable.variable->variable->>variable) AS variable), variable) + CAST(variable) AS variable)::variable
)
FROM variable variable
JOIN variable variable ON variable.variable = variable.variable
WHERE 
    variable.variable = variable.variable
    AND (variable.variable / variable.variable) * variable.variable * 
        (variable - (variable.variable / variable)) * variable < variable;",1
121,"UPDATE variable variable
SET variable = variable(variable, 
    variable * (COALESCE(variable.variable ->> variable, CAST(variable) AS variable)/ variable) +
    variable * (COALESCE(variable.variable ->> variable, CAST(variable) AS variable)/ variable) +
    variable * (COALESCE(variable.variable ->> variable, CAST(variable) AS variable)) +
    variable * (CASE COALESCE(variable.variable ->> variable, variable)
              WHEN variable THEN variable
              WHEN variable THEN variable
              ELSE variable
           END) +
    variable * (CASE COALESCE(variable.variable ->> variable, variable)
              WHEN variable THEN variable
              WHEN variable THEN variable
              ELSE variable
           END)
)
FROM variable variable
WHERE variable.variable = variable.variable
  AND variable(variable FROM variable.variable) >= variable;",1
122,"UPDATE variable variable
SET variable = variable,
    variable = variable()
WHERE (
    CASE
        WHEN variable.variable IS NOT NULL AND variable.variable > variable AND variable.variable IS NOT NULL AND variable.variable IS NOT NULL AND variable.variable IS NOT NULL
        THEN (ABS(variable.variable - variable.variable) / variable.variable) * variable.variable
        ELSE variable 
    END
) > variable AND variable.variable > variable
AND variable.variable NOT IN (variable, variable);",1
123,"WITH variable 
        variable.variable,
        variable(variable.variable * (variable - CAST((variable.variable->>variable) AS variable)/ variable), variable) AS variable  
    FROM variable variable
    INNER JOIN variable variable ON variable.variable = variable.variable                  
    INNER JOIN variable variable ON variable.variable = variable.variable                 
)
SELECT 
    variable.variable AS variable,
    variable.variable AS variable, 
    variable.variable AS variable,
    variable(variable.variable * CAST(((variable.variable->variable->>variable) AS variable)/ variable), variable) AS variable,  
    variable(variable.variable * (variable.variable / variable), variable) AS variable,             
    variable.variable AS variable,                                                   
    variable(
         (variable.variable * CAST(((variable.variable->variable->>variable) AS variable)/ variable)) +
         (variable.variable * (variable.variable / variable)) +
         variable.variable, variable
    ) AS variable  
FROM variable variable
INNER JOIN variable variable ON variable.variable = variable.variable                        
INNER JOIN variable variable ON variable.variable = variable.variable             
INNER JOIN variable ON variable.variable = variable.variable;",1
124,"WITH variable AS (
    SELECT
        variable AS variable,
        COUNT(*) AS variable,
        SUM(CASE WHEN variable.variable IS NOT NULL THEN variable ELSE variable END) AS variable
    FROM variable variable
    LEFT JOIN variable variable ON variable.variable = variable.variable
    GROUP BY variable
    HAVING SUM(CASE WHEN variable.variable IS NOT NULL THEN variable ELSE variable CAST(END) AS variable)/ COUNT(*) > variable 
), variable AS (
    SELECT
        variable.variable
    FROM variable variable
    JOIN variable variable ON variable.variable = variable.variable
    WHERE (variable.variable -> variable ->> variable) = variable 
), variable AS (
     SELECT DISTINCT
        variable.variable AS variable
     FROM variable variable
     JOIN variable variable ON variable.variable = variable.variable
     JOIN variable variable ON variable.variable = variable.variable
     WHERE ABS(variable.variable - variable.variable) > variable 
), variable AS (
    SELECT
        variable.variable,
        variable.variable / variable(variable - variable.variable, variable) AS variable 
    FROM variable variable
    JOIN variable variable ON variable.variable = variable.variable
    WHERE variable.variable < variable 
)
SELECT
    variable(AVG(variable), variable) AS variable
FROM
    variable LIMIT variable",1
125,"WITH variable AS (
    SELECT
        variable,
        (variable ->> CAST(variable) AS variable),
        variable(variable, (variable -> variable ->> CAST(variable) AS variable)) AS variable 
    FROM variable
), variable AS (
    SELECT
        variable,
        variable / variable AS variable 
    FROM variable
), variable AS (
    SELECT DISTINCT
      variable.variable as variable,
      CASE WHEN ABS(variable.variable - variable.variable) < variable AND variable.variable > variable THEN variable ELSE variable END as variable 
    FROM variable variable
    JOIN variable variable ON variable.variable = variable.variable
)
SELECT
    COALESCE(variable.variable) AS variable,
    variable(AVG(variable.variable), variable) AS variable
FROM
    variable variable
LEFT JOIN 
    variable variable ON variable.variable = variable.variable
GROUP BY
    COALESCE(variable.variable) LIMIT variable",1
126,"WITH variable AS (
    SELECT
        variable,
        CASE (variable->>variable)
            WHEN variable THEN variable
            WHEN variable THEN variable
            WHEN variable THEN variable
            ELSE variable
        END AS variable
    FROM variable
    WHERE variable->>variable IS NOT NULL
), variable AS (
    SELECT
        variable.variable,
        COUNT(*) AS variable,
        SUM(CASE WHEN variable.variable IN (variable, variable THEN variable ELSE variable END)) AS variable
    FROM variable variable
    JOIN variable variable ON variable.variable = variable.variable
    JOIN variable variable ON variable.variable = variable.variable
    WHERE variable.variable IS NOT NULL
    GROUP BY variable.variable
), variable AS (
    SELECT
        variable.variable,
        variable.variable
        CASE
            WHEN variable.variable> variable THEN CAST((variable.variable)/ variable.variable
            ELSE variable
        END AS variable 
    FROM variable variable
    LEFT JOIN variable variable ON variable.variable = variable.variable
), variable AS (
    SELECT
        AVG(variable) AS variable 
    FROM variable
)
SELECT
    (SELECT variable FROM variable) AS variable, 
    variable(variable, variable) AS variable
FROM variable
WHERE variable > variable",1
127,"WITH variable AS (
    SELECT
        variable,
        CASE (variable->>variable)
            WHEN variable THEN variable
            WHEN variable THEN variable
            WHEN variable THEN variable
            ELSE variable
        END AS variable
    FROM variable
    WHERE variable->>variable IS NOT NULL
), variable AS (
    SELECT variable
    FROM variable
    WHERE variable >= variable
), variable AS (
    SELECT
        variable.variable AS variable,
        variable.variable,
        variable.variable,
        COALESCE(variable.variable, variable) AS variable,
        COALESCE(variable.variable, variable) AS variable,
        variable.variable
    FROM variable variable
    LEFT JOIN variable variable ON variable.variable = variable.variable
    WHERE variable.variable IS NOT NULL 
      AND variable.variable IN (SELECT variable FROM variable)
), variable AS (
    SELECT
        variable,
        variable,
        SUM(variable) / variable(COUNT(DISTINCT variable), CAST(variable) AS variable),
        SUM(variable) / variable(COUNT(DISTINCT variable), CAST(variable) AS variable), variable
), variable AS (
    SELECT
        variable,
        variable,
        variable,
        variable,
        variable(variable / (variable + variable + variable), variable) AS variable
    FROM variable
)
SELECT
    variable,
    variable,
    variable,
    variable() OVER (PARTITION BY variable ORDER BY variable DESC, variable) AS variable
FROM variable
ORDER BY variable, variable
LIMIT variable",1
128,"WITH variable AS (
    SELECT
        variable,
        variable,
        (variable + variable + variable - variable) / variable AS variable,
        CASE variable
             WHEN variable        THEN variable
             WHEN variable THEN variable
             WHEN variable     THEN variable
             ELSE variable
        END                                 AS variable,
        variable,
        variable
    FROM variable
),
variable AS (
    SELECT
        variable,
        variable,
        variable,
        (variable * variable(variable)) / variable   AS variable            
    FROM variable
)
SELECT 
    variable,
    variable(variable(variable)) AS variable
FROM variable
GROUP BY variable;",1
129,"WITH variable AS (
    SELECT
        variable,
        variable,
        variable,
        CASE
            WHEN variable > variable THEN
                (CAST(variable AS variable) / variable * variable) - (CAST(variable AS variable) / variable * variable) + (variable * variable)
            ELSE variable
        END AS variable
    FROM variable
),
variable AS (
    SELECT
        variable.variable,
        variable.variable,
        variable.variable,
        variable.variable,
        variable AS variable 
    FROM variable variable
    LEFT JOIN variable variable ON variable.variable = variable.variable
)
SELECT
    variable.variable,
    variable.variable,
    variable.variable,
    (variable.variable+
    (CAST(variable.variable AS variable) / variable) +
    (variable.variable * variable) -
    (variable - CASE variable.variable 
            WHEN variable THEN variable
            WHEN variable THEN variable
            WHEN variable THEN variable
            WHEN variable THEN variable
            ELSE variable 
         END) * variable AS variable
FROM
    variable variable
WHERE
    (variable.variable+ (CAST(variable.variable AS variable) / variable) + (variable.variable * variable) - (variable - CASE variable.variable WHEN variable THEN variable WHEN variable THEN variable WHEN variable THEN variable WHEN variable THEN variable ELSE variable END) * variable > variable
ORDER BY
    variable DESC;",1
130,"WITH variable AS (
    SELECT
        variable.variable
    FROM variable variable
    JOIN variable variable ON variable.variable = variable.variable 
    WHERE variable.variable IS NOT NULL AND variable(variable, variable.variable) >= variable variable 
),
variable AS (
    SELECT variable.variable
    FROM variable variable
    JOIN variable variable ON variable.variable = variable.variable
    WHERE variable.variable < variable 
)
DELETE FROM variable variable
USING variable variable
WHERE variable.variable = variable.variable
variable variable.variable;",1
131,"WITH variable AS (
    SELECT
        variable.variable AS variable,
        variable.variable,
        variable.variable AS variable,
        variable.variable->>variable AS variable,
        variable.variable->>variable AS variable,
        CASE (variable.variable->>variable)
            WHEN variable THEN variable
            WHEN variable THEN variable
            WHEN variable THEN variable
            WHEN variable THEN variable
            ELSE NULL
        END AS variable
    FROM variable variable
    JOIN variable variable ON variable.variable = variable.variable
    WHERE variable.variable IS NOT NULL
), variable AS (
    SELECT
        variable,
        variable,
        variable,
        variable,
        variable,
        variable(variable, variable) OVER (PARTITION BY variable ORDER BY variable) AS variable
    FROM variable
)
SELECT
    variable,
    COUNT(*) AS variable,
    CAST(variable(AVG(variable) AS variable), variable) AS variable,
    CAST(variable(AVG(variable) AS variable), variable) AS variable,
    variable(AVG(CASE 
        WHEN variable IS NOT NULL 
        THEN variable - variable 
    CAST(END) AS variable), variable) AS variable
FROM variable
WHERE variable IS NOT NULL
GROUP BY variable ORDER by variable DESC",1
132,"WITH variable AS (
    SELECT
        variable.variable AS variable,
        variable.variable,
        variable.variable,
        CAST((variable.variable->variable->>variable) AS variable),
        CAST((variable.variable->variable->>variable) AS variable),
        variable AS variable
    FROM variable variable
    JOIN variable variable ON variable.variable = variable.variable
    WHERE variable.variable IN (variable, variable)
       OR CAST((variable.variable->variable->>variable) AS variable)> variable
       OR CAST((variable.variable->variable->>variable) AS variable)> variable
), variable AS (
    SELECT
        variable,
        variable,
        variable
    FROM variable
    WHERE variable = variable OR variable = variable
), variable AS (
    SELECT
        variable.variable,
        variable.variable AS variable,
        CASE (variable.variable->>variable)
            WHEN variable THEN variable
            WHEN variable THEN variable
            WHEN variable THEN variable
            WHEN variable THEN variable
            ELSE variable
        END AS variable
    FROM variable variable
    JOIN variable variable ON variable.variable = variable.variable
    WHERE variable.variable IS NOT NULL
), variable AS (
    SELECT
        variable,
        variable(AVG(variable)) AS variable 
    FROM variable
    GROUP BY variable
), variable AS (
    SELECT
        variable.variable,
        variable.variable,
        variable.variable,
        variable.variable,
        variable.variable,
        variable() OVER(PARTITION BY variable.variable ORDER BY variable.variable DESC) as variable
    FROM variable variable
    JOIN variable variable ON variable.variable = variable.variable 
)
SELECT
    variable.variable,
    variable.variable,
    variable.variable AS variable,
    variable.variable, 
    variable.variable,
    variable.variable
FROM variable variable
JOIN variable variable ON variable.variable = variable.variable
LEFT JOIN variable variable ON variable.variable = variable.variable 
WHERE variable.variable = variable 
  AND variable.variable  AND variable.variable IS NOT NULL 
ORDER BY variable.variable DESC
LIMIT variable",1
133,"WITH variable AS (
    SELECT
        variable.variable AS variable,
        variable.variable,
        variable.variable,
        variable.variable,
        CASE
            WHEN variable.variable > variable AND variable.variable > variable THEN variable.variable / (variable.variable * variable.variable)
            ELSE variable  
        END AS variable
    FROM variable variable
    LEFT JOIN variable variable ON variable.variable = variable.variable
    LEFT JOIN variable variable ON variable.variable = variable.variable
    LEFT JOIN variable variable ON variable.variable = variable.variable
),
variable AS (
    SELECT
        variable.variable,
        variable.variable,
        variable.variable,
        variable.variable,
        CASE
            WHEN variable.variable > variable THEN (variable.variable + variable.variable) / (variable.variable * variable(variable.variable)) * variable
            ELSE variable  
        END AS variable
    FROM variable variable
    JOIN variable variable ON variable.variable = variable.variable
)
SELECT
    variable,
    CAST(variable(AVG(variable) AS variable), variable) AS variable,
    CAST(variable(AVG(variable) AS variable), variable) AS variable
FROM variable
GROUP BY variable
ORDER BY variable DESC;",1
134,"WITH variable AS (
    SELECT
        variable.variable,
        CASE
            WHEN COUNT(variable.variable) > variable THEN SUM(CASE WHEN variable.variable IN (variable, CAST(variable THEN variable ELSE variable END)) AS variable)/ COUNT(variable.variable)
            ELSE variable
        END AS variable
    FROM variable variable
    JOIN variable variable ON variable.variable = variable.variable
    JOIN variable variable ON variable.variable = variable.variable
    WHERE variable.variable IS NOT NULL
    GROUP BY variable.variable
), variable AS (
    SELECT
        variable.variable,
        COUNT(DISTINCT variable.variable) AS variable
    FROM variable variable
    WHERE variable.variable IS NOT NULL
    GROUP BY variable.variable
), variable AS (
    SELECT
        variable.variable,
        COALESCE(SUM(COALESCE(variable.variable, variable)) / variable(variable.variable variable), variable) AS variable,
        COALESCE(SUM(COALESCE(variable.variable, variable)) / variable(variable.variable variable), variable) AS variable
    FROM variable variable
    LEFT JOIN variable variable ON variable.variable = variable.variable
    JOIN variable variable ON variable.variable = variable.variable
    WHERE variable.variable IS NOT NULL
    GROUP BY variable.variable, variable.variable), variable AS (
    SELECT
        variable,
        variable,
        variable,
        variable / (variable + variable + variable) AS variable
    FROM variable
), variable AS (
    SELECT
        variable.variable,
        variable.variable,
        variable.variable
    FROM variable variable
    JOIN variable variable ON variable.variable = variable.variable
), variable AS (
    SELECT
        percentile_cont(variable, variable) AS variable,
        percentile_cont(variable, variable) AS variable
    FROM variable
)
SELECT
    variable.variable,
    variable(variable.variable, variable) AS variable,
    variable(variable.variable, variable) AS variable,
    CASE
        WHEN variable.variable >= variable.variable AND variable.variable >= variable.variable THEN variable
        WHEN variable.variable >= variable.variable AND variable.variable < variable.variable THEN variable
        WHEN variable.variable < variable.variable AND variable.variable >= variable.variable THEN variable
        ELSE variable
    END AS variable
FROM variable variable, variable variable
ORDER BY variable, variable.variable
LIMIT variable",1
135,"WITH variable AS (
    SELECT
        variable.variable,
        CASE
            WHEN variable.variable = variable OR variable.variable = variable OR variable.variable = variable
            THEN variable
            ELSE variable
        END AS variable,
        COALESCE(variable.variable, variable) AS variable
    FROM variable variable
    variable JOIN variable variable ON variable.variable = variable.variable  
)
SELECT
    variable,
    variable,
    variable,
    variable(variable.variable) AS variable
FROM variable variable
LEFT JOIN variable variable ON variable.variable = variable.variable
WHERE variable = variable
GROUP BY variable, variable, variable
ORDER BY variable DESC
LIMIT variable",1
136,"WITH variable AS (
    SELECT
        variable.variable,
        COALESCE(variable.variable, variable) *
        CASE variable.variable
            WHEN variable THEN variable
            WHEN variable THEN variable
            WHEN variable THEN variable
            ELSE variable
        END AS variable
    FROM variable variable
)
UPDATE variable variable
SET variable = variable
FROM variable variable
WHERE
    variable.variable = variable.variable
    AND variable.variable > variable
    AND (
        CASE
            WHEN CAST(variable.variable AS variable)= variable AND variable.variable = variable THEN variable
            WHEN CAST(variable.variable AS variable)= variable OR variable.variable = variable THEN variable
            ELSE variable
        END
    ) < variable
    AND variable.variable <> variable
variable *;",1
137,"WITH variable AS (
    SELECT
        variable.variable,
        COUNT(*) AS variable,
        SUM(CASE WHEN variable.variable IN (variable, variable THEN variable ELSE variable END)) AS variable,
        CASE
            WHEN COUNT(*) > variable THEN (COUNT(*) FILTER (WHERE variable.variable IN (variable, CAST(variable)) AS variable)* variable / COUNT(*)) 
            ELSE variable
        END AS variable
    FROM variable variable
    JOIN variable variable ON variable.variable = variable.variable
    JOIN variable variable ON variable.variable = variable.variable
    WHERE variable.variable IS NOT NULL
    GROUP BY variable.variable
), variable AS (
    SELECT variable
    FROM variable
    WHERE variable > variable
), variable AS (
    SELECT
        variable.variable,
        variable(AVG(CASE variable.variable
               WHEN variable THEN variable
               WHEN variable THEN variable
               WHEN variable THEN variable
               ELSE variable 
             END)) AS variable
    FROM variable variable
    JOIN variable variable ON variable.variable = variable.variable
    JOIN variable variable ON variable.variable = variable.variable
    WHERE variable.variable IN (SELECT variable FROM variable) 
      AND variable.variable IS NOT NULL
    GROUP BY variable.variable
), variable AS (
    SELECT 
        variable.variable AS variable,
        variable(AVG(CASE (variable.variable->>variable)
            WHEN variable THEN variable
            WHEN variable THEN variable
            WHEN variable THEN variable
            ELSE variable
        END)) AS variable
    FROM variable variable
    WHERE variable.variable IN (SELECT variable FROM variable)
      AND variable.variable->>variable IS NOT NULL
    GROUP BY variable.variable
)
SELECT
    variable.variable,
    variable.variable,
    variable.variable,
    (variable.variable - variable.variable) AS variable
FROM variable variable
JOIN variable variable ON variable.variable = variable.variable
JOIN variable variable ON variable.variable = variable.variable
ORDER BY variable DESC LIMIT variable",1
138,"WITH variable AS (
    SELECT
        variable.variable,
        variable.variable
    FROM
        variable variable
    JOIN
        variable variable ON variable.variable = variable.variable 
    WHERE
        variable.variable > variable 
        AND variable.variable IS NOT NULL
        AND variable.variable IN (variable, variable)
        AND ((variable * variable.variable) + (variable * variable.variable)) > variable 
), variable AS (
    SELECT
        variable.variable,
        variable.variable 
    FROM
        variable variable
    JOIN
        variable variable ON variable.variable = variable.variable
)
SELECT
    variable,
    COUNT(*) AS variable
FROM
    variable
GROUP BY
    variable
ORDER BY
    variable DESC LIMIT variable",1
139,"WITH variable AS (
    SELECT
        variable.variable,
        variable.variable / variable(variable.variable, variable) AS variable,
        (variable.variable -> variable ->> CAST(variable) AS variable),
        (variable.variable -> variable ->> variable) AS variable
    FROM variable variable
), variable AS (
    SELECT variable FROM variable
    WHERE variable > variable AND variable = variable OR variable > variable
), variable AS (
    SELECT DISTINCT
        variable.variable AS variable
    FROM variable variable
    LEFT JOIN variable ( 
        SELECT variable.variable / variable(variable - variable.variable, variable) AS variable
    ) AS variable ON variable.variable < variable
    WHERE
        (variable.variable ->> variable) = variable 
        OR ( (variable.variable ->> CAST(variable) AS variable)> variable 
             AND COALESCE(variable.variable, variable) > variable ) 
), variable AS (
    SELECT variable.variable FROM variable variable
    variable
    SELECT variable.variable FROM variable variable
), variable AS (
    SELECT
        variable.variable AS variable,
        AVG(ABS(variable.variable - variable.variable)) AS variable, 
        AVG(variable.variable) AS variable 
    FROM variable variable
    JOIN variable variable ON variable.variable = variable.variable
    GROUP BY variable.variable
)
SELECT
    variable(AVG(variable.variable / variable(variable, variable.variable)), variable) AS variable 
FROM
    variable variable
WHERE
    variable.variable IN (SELECT variable FROM variable) LIMIT variable",1
140,"WITH variable AS (
    SELECT
        variable.variable,
        variable.variable / variable(variable.variable, variable) AS variable, 
        (variable.variable -> variable ->> CAST(variable) AS variable), 
        (variable.variable -> variable ->> variable) AS variable
    FROM
        variable variable
), variable AS (
    SELECT
        variable
    FROM
        variable
    WHERE
        variable > variable AND variable = variable OR variable > variable 
), variable AS (
    SELECT DISTINCT
        variable.variable AS variable
    FROM
        variable variable
    JOIN
        variable variable ON variable.variable = variable.variable
    JOIN
        variable variable ON variable.variable = variable.variable
    WHERE
        (variable.variable IN (variable, variable) OR variable.variable = variable OR variable.variable = variable) 
        AND variable.variable >= (variable - variable variable) 
)
SELECT
    variable.variable
FROM
    variable variable
INNER JOIN
    variable variable ON variable.variable = variable.variable LIMIT variable",1
141,"WITH variable AS (
    SELECT
        variable.variable,
        variable.variable as variable
    FROM variable variable
    JOIN variable variable ON variable.variable = variable.variable
    JOIN variable variable ON variable.variable = (SELECT variable FROM variable WHERE variable = (SELECT variable FROM variable WHERE variable = variable.variable ORDER BY variable DESC LIMIT variable)) 
    WHERE variable.variable = variable
      AND variable.variable IN (variable, variable) 
), variable AS (
    SELECT
        variable AS variable,
        variable(AVG(variable)) AS variable
    FROM variable
    WHERE variable IS NOT NULL
    GROUP BY variable
), variable AS (
    SELECT
        variable.variable AS variable,
        variable.variable,
        (CASE variable.variable WHEN variable THEN variable WHEN variable THEN variable WHEN variable THEN variable ELSE variable END +
         CASE variable.variable WHEN variable THEN variable WHEN variable THEN variable WHEN variable THEN variable WHEN variable THEN variable ELSE variable END) AS variable
    FROM variable variable
    JOIN variable variable ON variable.variable = variable.variable
), variable AS (
    SELECT DISTINCT ON (variable.variable)
        variable.variable,
        variable.variable
    FROM variable variable
    JOIN variable variable ON variable.variable = variable.variable
    JOIN variable variable ON variable.variable = variable.variable AND variable.variable = variable.variable
    ORDER BY variable.variable, variable.variable DESC
)
SELECT
    variable.variable,
    variable.variable,
    variable.variable
FROM variable variable
JOIN variable variable ON variable.variable = variable.variable
JOIN variable variable ON variable.variable = variable.variable
WHERE variable.variable > variable 
   OR variable.variable < variable",1
142,"WITH variable AS (
    SELECT
        variable.variable,
        variable.variable,
        CASE (variable.variable->>variable)
            WHEN variable THEN variable
            WHEN variable THEN variable
            WHEN variable THEN variable
            WHEN variable THEN variable
            ELSE variable
        END AS variable
    FROM variable variable
    JOIN variable variable ON variable.variable = variable.variable
    WHERE variable.variable IS NOT NULL AND variable.variable IS NOT NULL
), variable AS (
    SELECT
        variable,
        variable(AVG(variable), variable) AS variable 
    FROM variable
    GROUP BY variable
), variable AS (
    SELECT
        variable.variable,
        variable.variable,
        CASE variable.variable
            WHEN variable THEN variable
            WHEN variable THEN variable
            WHEN variable THEN variable
            ELSE variable
        END AS variable,
        CASE WHEN variable.variable IN (variable, variable) THEN variable ELSE variable END AS variable 
    FROM variable variable
    JOIN variable variable ON variable.variable = variable.variable
    JOIN variable variable ON variable.variable = variable.variable
    WHERE variable.variable IS NOT NULL
), variable AS (
    SELECT
        variable,
        AVG(variable) AS variable,
        CASE
            WHEN COUNT(*) > variable THEN CAST(SUM(variable) AS variable)/ COUNT(*)
            ELSE variable
        END AS variable, 
        variable(
            (AVG(variable) * CASE WHEN COUNT(*) > variable THEN CAST(SUM(variable) AS variable)/ COUNT(*) ELSE variable END), 
            variable
        ) AS variable 
    FROM variable
    GROUP BY variable
)
SELECT
    variable.variable,
    variable.variable,
    variable.variable
FROM variable variable
JOIN variable variable ON variable.variable = variable.variable
WHERE variable.variable > variable 
  AND variable.variable < variable
ORDER BY variable.variable LIMIT variable",1
143,"WITH variable AS (
    SELECT
        variable.variable,
        variable.variable,
        SUM(variable.variable + variable.variable + variable.variable) AS variable,
        AVG(variable.variable) as variable
    FROM variable variable
    JOIN variable variable ON variable.variable = variable.variable
    GROUP BY variable.variable, variable.variable
),
variable AS (
    SELECT
        variable,
        variable,
        variable / variable AS variable, 
        variable / variable AS variable 
    FROM variable
)
SELECT
    variable,
    variable,
    variable,
    variable / variable AS variable 
FROM variable;",1
144,"WITH variable AS (
    SELECT
        variable.variable,
        variable.variable,
        variable.variable AS variable,
        variable.variable AS variable,
        variable.variable AS variable,
        variable(variable FROM variable(variable, variable.variable)) AS variable
    FROM variable variable
    JOIN variable ON variable.variable = variable.variable
    WHERE variable.variable IS NOT NULL
),
variable AS (
    SELECT
        variable.variable,
        variable.variable     variable.variable      variable.variable,
        variable.variable       variable.variable,
        CAST((variable.variable->variable->>variable) AS variable),
        CAST((variable.variable->variable->>variable) AS variable),
        variable(variable FROM variable(variable.variable, variable.variable variable,
        variable() OVER (PARTITION BY variable.variable ORDER BY variable.variable DESC) AS variable
    FROM variable variable
    JOIN variable variable ON variable.variable = variable.variable
    WHERE variable.variable IS NOT NULL
),
variable AS (
    SELECT
        variable.variable,
        variable.variable     variable.variable      variable.variable,
        variable.variable       variable.variable,
        variable.variable,
        CASE
            WHEN variable.variable
                (variable.variable.variable) / variable.variable     ELSE NULL
        END AS variable
    FROM variable variable
    WHERE variable.variable = variable  
),
variable AS (
    SELECT
        variable.variable,
        variable.variable     variable.variable      variable.variable,
        variable.variable       variable.variable,
        variable.variable,
        variable.variable,
        CASE
            WHEN variable.variable > variable THEN variable.variable / variable.variable
            ELSE NULL
        END AS variable
    FROM variable variable
)
SELECT
    variable.variable,
    variable.variable AS variable,
    variable(variable.variable) AS variable,
    variable.variable   variable(variable.variable) AS variable,
    variable(variable.variable, variable) AS variable,
    variable(variable.variable, variable) AS variable,
    variable(variable.variable * variable, variable) AS variable,
    variable(variable.variable, variable) AS variable,
    CASE
        WHEN variable.variable > variable THEN variable
        WHEN variable.variable > variable THEN variable
        ELSE variable
    END AS variable
FROM variable variable;",1
145,"WITH variable AS (
    SELECT
        variable.variable,
        variable.variable,
        variable.variable,
        (variable - CAST(COALESCE(variable.variable AS variable)/ variable, variable)) *
        (variable - CAST(COALESCE(variable.variable AS variable)/ variable, variable)) AS variable,
        COALESCE(AVG(
            (variable - CAST(COALESCE(variable.variable AS variable)/ variable, variable)) *
            (variable - CAST(COALESCE(variable.variable AS variable)/ variable, variable)) *
            COALESCE(variable.variable, variable)
        ), variable) AS variable
    FROM variable variable
    INNER JOIN variable variable ON variable.variable = variable.variable
    WHERE variable.variable >= variable - variable variable
    GROUP BY variable.variable, variable.variable, variable.variable, variable.variable, variable.variable
)
SELECT
    variable,
    CAST(variable(AVG(variable) AS variable), variable) AS variable,
    variable(
        variable(variable) FILTER (WHERE variable > variable AND variable > variable),
        variable
    ) AS variable,
    SUM(CASE WHEN variable > variable AND variable > variable THEN variable ELSE variable END) AS variable
FROM variable
GROUP BY variable
HAVING AVG(variable) > variable
ORDER BY variable DESC
LIMIT variable;",1
146,"WITH variable AS (
    SELECT
        variable.variable,
        variable.variable,
        variable.variable,
        AVG(variable.variable) OVER (PARTITION BY variable.variable) as variable,
        variable(variable.variable) OVER (PARTITION BY variable.variable) as variable
    FROM variable variable
    JOIN variable variable ON variable.variable = variable.variable
    JOIN variable variable ON variable.variable = variable.variable
    WHERE variable.variable IS NOT NULL 
)
UPDATE variable variable
SET
    variable = CASE
                   WHEN COALESCE(variable.variable THEN variable 
                   ELSE (variable.variable - variable.variable.variable      END
FROM variable variable
WHERE variable.variable = variable.variable
  AND variable.variable IS NOT NULL
variable variable.variable, variable.variable;",1
147,"WITH variable AS (
    SELECT
        variable.variable,
        variable.variable,
        variable.variable,
        CASE
            WHEN variable.variable = variable THEN variable
            ELSE variable
        END + CASE
            WHEN variable.variable = variable THEN variable
            ELSE variable
        END AS variable
    FROM variable variable
    WHERE variable.variable = variable
        OR variable.variable = variable
)
SELECT
    variable,
    variable AS variable,
    TRIM(variable variable FROM variable(variable,
      CASE WHEN variable   = variable THEN variable        END,
      CASE WHEN variable = variable THEN variable END
    )) as variable
FROM variable
ORDER BY variable DESC",1
148,"WITH variable AS (
    SELECT
        variable.variable,
        variable.variable,
        variable.variable,
        variable.* 
    FROM
        variable variable
    INNER JOIN
        variable variable ON variable.variable = variable.variable
), variable AS (
    SELECT
        variable,
        variable,
        variable,
        variable, 
        variable,   
        variable,  
        variable    
    FROM
        variable
    WHERE
        variable > variable 
        AND variable IS NOT NULL 
        AND variable IN (variable, variable) 
), variable AS (
    SELECT
        variable.*,
        ABS(variable.variable - variable.variable) AS variable, 
        variable.variable * (variable + ABS(variable.variable - variable.variable)) AS variable 
    FROM
        variable variable
), variable AS (
    SELECT
        variable.*,
        variable(variable.variable * variable.variable, variable) AS variable 
    FROM
        variable variable
)
SELECT
    variable,
    variable,
    variable,
    variable,
    variable
FROM
    variable
WHERE
    variable > variable LIMIT variable",1
149,"WITH variable AS (
    SELECT
        variable.variable,
        variable.variable,
        variable.variable,
        variable.variable / variable(variable.variable, variable) AS variable, 
        (variable.variable -> variable ->> CAST(variable) AS variable)), variable AS (
    SELECT
        variable,
        AVG(variable / variable(variable - variable, variable)) AS variable 
    FROM
        variable
    WHERE
        variable < variable 
    GROUP BY
        variable
), variable AS (
    SELECT
        variable.variable,
        AVG(variable.variable / variable(variable, variable.variable / variable)) AS variable, 
        AVG(CASE variable.variable 
            WHEN variable THEN variable
            WHEN variable THEN variable
            WHEN variable THEN variable
            WHEN variable THEN variable
            ELSE variable 
        END) AS variable
    FROM
        variable variable
    JOIN
        variable variable ON variable.variable = variable.variable
    JOIN
        variable variable ON variable.variable = variable.variable 
    GROUP BY
        variable.variable
), variable AS (
    SELECT
        variable.variable,
        variable.variable,
        (variable.variable * variable.variable * COALESCE(variable.variable, variable)) AS variable, 
        variable / (variable + COALESCE(variable.variable, variable) * COALESCE(variable.variable)) AS variable 
    FROM
        variable variable
    LEFT JOIN
        variable variable ON variable.variable = variable.variable
    LEFT JOIN
        variable variable ON variable.variable = variable.variable
)
SELECT
    variable,
    variable(AVG(variable), variable) AS variable,
    variable(AVG(variable), variable) AS variable
FROM
    variable
GROUP BY
    variable
ORDER BY
    variable DESC LIMIT variable",1
150,"WITH variable AS (
    SELECT
        variable.variable,
        variable.variable,
        variable.variable,
        variable.variable,
        AVG(variable.variable / variable.variable) OVER (
            PARTITION BY variable.variable
        ) as variable 
    FROM variable variable
),
variable AS (
    SELECT
        variable.variable,
        variable.variable,
        variable.variable,
        variable.variable,
        variable.variable,
        variable(
            variable.variable,
            variable,
            variable.variable - variable variable
        ) OVER (
            PARTITION BY variable.variable
            ORDER BY variable.variable
        ) as variable
    FROM variable variable
)
SELECT
    variable.variable,
    variable.variable,
    variable.variable,
    variable.variable,
    variable.variable
FROM variable variable
WHERE variable.variable > variable
OR variable.variable > variable
OR (
    variable.variable * variable.variable
) > variable
OR variable.variable - variable.variable > variable variable;",1
151,"WITH variable AS (
    SELECT
        variable.variable,
        variable.variable,
        variable.variable,
        variable.variable,
        variable() OVER(PARTITION BY variable.variable ORDER BY variable.variable DESC variable variable, variable.variable DESC) as variable
    FROM
        variable variable
), variable AS (
    SELECT
        variable.variable,
        variable.variable AS variable, 
        CASE
            WHEN variable.variable IS NOT NULL AND variable.variable > variable AND variable.variable IS NOT NULL
            THEN (variable.variable * variable) / variable.variable
            ELSE variable 
        END AS variable,
        CASE
            WHEN variable.variable IS NOT NULL THEN 
                (variable - COALESCE(variable.variable, variable) / variable)
                * (variable - COALESCE(variable.variable, variable) / variable)
                * COALESCE(variable.variable, variable)
            ELSE NULL 
        END AS variable
    FROM
        variable variable
    JOIN
        variable variable ON variable.variable = variable.variable
    LEFT JOIN
        variable variable ON variable.variable = variable.variable AND variable.variable = variable
)
UPDATE variable variable
SET variable = variable
FROM variable variable
WHERE variable.variable = variable.variable
  AND variable.variable> variable
  AND variable.variable NOT NULL 
  AND variable.variable> variable
  AND variable.variable = variable;",1
152,"WITH variable AS (
    SELECT
        variable.variable,
        variable.variable,
        variable.variable,
        variable.variable,
        variable.variable,
        CASE
            WHEN variable.variable = variable THEN variable
            WHEN variable.variable = variable THEN variable
            WHEN variable.variable = variable THEN variable
            ELSE variable
        END AS variable
    FROM
        variable variable
    JOIN
        variable variable ON variable.variable = variable.variable AND variable.variable = variable.variable
),
variable AS (
    SELECT
        variable.variable,
        variable.variable,
        variable.variable,
        variable.variable,
        variable.variable,
        variable.variable     variable.variable,
        variable.variable,
        variable(
            variable.variable * 
            (variable + (variable.variable / variable)) * 
            (variable - ((variable - variable.variable) / variable)) * 
            variable.variable     variable) AS variable
    FROM
        variable variable
    JOIN
        variable variable ON variable.variable = variable.variable
)
SELECT
    variable.variable,
    variable.variable,
    CASE
        WHEN variable.variable < variable 
             AND variable.variable < variable 
             AND variable.variable < variable
        THEN variable
        ELSE variable
    END AS variable,
    variable.variable->variable->>variable AS variable
FROM
    variable variable
JOIN
    variable variable ON variable.variable = variable.variable
ORDER BY
    variable.variable;",1
153,"WITH variable AS (
    SELECT
        variable.variable,
        variable.variable,
        variable.variable,
        variable.variable,
        variable.variable,
        COALESCE(variable.variable * (variable - COALESCE(variable.variable, variable) / variable), variable) AS variable
    FROM variable variable
)
SELECT
    variable,
    CAST(variable(variable AS variable), variable) AS variable,
    variable(
        (variable - CAST(variable) AS variable),
        (variable - CAST(variable) AS variable),
        variable
    ) AS variable,
    variable AS variable
FROM variable
WHERE variable < variable 
  AND (variable > variable OR variable > variable)
  AND variable IS NOT NULL
ORDER BY variable DESC
LIMIT variable",1
154,"WITH variable AS (
    SELECT
        variable.variable,
        variable.variable,
        variable.variable,
        variable.variable,
        variable.variable,
        variable.variable,
        variable.variable,
        CASE
            WHEN variable.variable = variable THEN variable
            WHEN variable.variable = variable THEN variable
            WHEN variable.variable = variable THEN variable
            ELSE variable
        END AS variable,
        (variable.variable * variable) + 
        (CASE
            WHEN variable.variable = variable THEN variable
            WHEN variable.variable = variable THEN variable
            WHEN variable.variable = variable THEN variable
            ELSE variable
        END * variable) + 
        (variable.variable * variable) AS variable
    FROM
        variable variable
    JOIN
        variable variable ON variable.variable = variable.variable AND variable.variable = variable.variable
),
variable AS (
    SELECT
        variable.*,
        variable((variable.variable / variable) * variable.variable.variable + variable) / variable), variable) AS variable,
        CASE
            WHEN variable.variable = variable AND variable.variable = variable AND variable.variable > variable 
            THEN variable
            WHEN (variable.variable / variable) * variable.variable.variable + variable) / variable) > variable 
                 AND variable.variable = variable
                 AND NOT (variable.variable = variable AND variable.variable = variable AND variable.variable > variable)
            THEN variable
            ELSE variable
        END AS variable
    FROM
        variable variable
    JOIN
        variable variable ON variable.variable = variable.variable
)
SELECT
    variable.variable,
    variable.variable,
    variable.variable,
    variable.variable   variable() OVER (PARTITION BY variable.variable BY variable.variable DESC) AS variable
FROM
    variable variable
ORDER BY
    variable.variable   variable.variable DESC;",1
155,"WITH variable AS (
    SELECT
        variable.variable,
        variable.variable,
        variable.variable, 
        variable.variable / variable(variable.variable, variable) AS variable,
        (variable.variable -> variable ->> CAST(variable) AS variable),
        (variable.variable -> variable ->> variable) AS variable
    FROM variable variable
), variable AS (
    SELECT variable, variable, variable FROM variable
    WHERE variable > variable AND variable = variable OR variable > variable
), variable AS (
    SELECT variable, variable FROM variable WHERE variable = variable
), variable AS (
    SELECT
        variable.variable,
        variable.variable, 
        variable.variable / variable(variable.variable, variable) AS variable, 
        CASE WHEN variable.variable IN (variable, variable) OR variable.variable = variable OR variable.variable = variable
             THEN variable ELSE variable END AS variable 
    FROM variable variable
    JOIN variable variable ON variable.variable = variable.variable
    JOIN variable variable ON variable.variable = variable.variable
    JOIN variable variable ON variable.variable = variable.variable
), variable AS (
    SELECT variable, variable FROM variable
    WHERE variable = variable AND variable > variable
), variable AS (
    SELECT variable.variable, variable.variable FROM variable variable
)
SELECT
    variable,
    variable 
FROM
    variable",1
156,"WITH variable AS (
    SELECT
        variable.variable,
        variable.variable, 
        (variable.variable / variable(variable.variable, variable)) AS variable, 
        (variable.variable -> variable ->> CAST(variable) AS variable), 
        (variable.variable / variable(variable - variable.variable, variable)) AS variable 
    FROM variable variable
    JOIN variable variable ON variable.variable = variable.variable
    WHERE variable.variable < variable
), variable AS (
    SELECT
        variable.variable,
        variable.variable ->> variable AS variable, 
        (variable.variable * variable.variable * variable.variable) AS variable, 
        (
            (variable * (variable.variable ->> CAST(variable) AS variable)/ variable) +
            (variable * (variable.variable ->> CAST(variable) AS variable)/ variable) +
            (variable * (variable.variable ->> CAST(variable) AS variable)) +
            (variable * CASE variable.variable ->> variable WHEN variable THEN variable WHEN variable THEN variable ELSE variable END) +
            (variable * CASE variable.variable ->> variable WHEN variable THEN variable WHEN variable THEN variable ELSE variable END)
        ) AS variable 
    FROM variable variable
), variable AS (
    SELECT
        variable.variable,
        variable.variable        (variable.variable * variable.variable) AS variable 
    FROM variable variable
    WHERE variable.variable (variable, variable) 
)
SELECT
    variable,
    variable(AVG(variable), variable) AS variable
FROM
    variable
GROUP BY
    variable",1
157,"WITH variable AS (
    SELECT 
        (variable->variable->>variable) AS variable,
        CAST(((variable->variable->>variable) AS variable)- 
         CAST((variable->variable->>variable) AS variable)) / 
        CAST((variable->variable->>variable) AS variable)* variable AS variable,
        variable
    FROM variable
),
variable AS (
    SELECT 
        variable,
        (variable->variable->>variable) AS variable,
        CAST((variable->variable->>variable) AS variable))
SELECT 
    variable.variable,
    variable.variable,
    variable.variable,
    variable.variable,
    AVG(variable.variable) OVER (PARTITION BY variable.variable) AS variable,
    variable() OVER (ORDER BY variable.variable) AS variable
FROM variable variable
JOIN variable variable ON variable.variable = variable.variable
ORDER BY variable.variable DESC;",1
158,"WITH variable AS (
    SELECT 
        CASE
            WHEN variable.variable BETWEEN variable AND variable THEN variable
            WHEN variable.variable BETWEEN variable AND variable THEN variable
            WHEN variable.variable BETWEEN variable AND variable THEN variable
            WHEN variable.variable > variable THEN variable
            ELSE variable
        END AS variable,
        variable.variable,
        COALESCE(variable.variable, variable) AS variable
    FROM 
        variable variable
        LEFT JOIN variable variable ON variable.variable = variable.variable
    WHERE 
        variable.variable IN (variable, variable)
)
SELECT 
    variable,
    COUNT(*) AS variable,
    variable(AVG(variable), variable) AS variable,
    variable(AVG(variable), variable) AS variable
FROM variable
GROUP BY variable;",1
159,"WITH variable AS (
    SELECT 
        CAST((variable.variable->variable->>variable) AS variable),
        (variable.variable->variable->>variable) AS variable,
        CAST(((variable.variable->>variable) AS variable)CAST(->>variable) AS variable),
        CAST(((variable.variable->>variable) AS variable)CAST(->>variable) AS variable),
        CAST(((variable.variable->>variable) AS variable)CAST(->>variable) AS variable),
        CAST(((variable.variable->>variable) AS variable)->>variable) AS variable,
        CAST((variable.variable->variable->>variable) AS variable).variable = variable.variable
),
variable AS (
    SELECT 
        variable.*,
        variable(variable, variable) OVER (PARTITION BY variable ORDER BY variable) AS variable,
        variable(variable, variable) OVER (PARTITION BY variable ORDER BY variable) AS variable,
        variable(variable, variable) OVER (PARTITION BY variable ORDER BY variable) AS variable,
        CASE 
            WHEN variable > variable * variable AND variable > variable * variable THEN variable
            WHEN variable > variable * variable AND variable > variable * variable THEN variable
            WHEN variable > variable * variable AND variable > variable * variable THEN variable
            ELSE variable
        END AS variable
    FROM variable variable
)
SELECT 
    variable,
    variable,
    AVG(variable - variable) AS variable,
    AVG(variable - variable) AS variable,
    AVG(variable - variable) AS variable,
    SUM(CASE 
            WHEN (variable > variable AND variable > variable AND variable > variable) OR
                 (variable < variable AND variable < variable AND variable < variable)
            THEN variable ELSE variable 
        CAST(END) AS variable)/ COUNT(*) AS variable
FROM variable
WHERE variable IS NOT NULL
GROUP BY variable, variable, variable
ORDER BY variable DESC;",1
160,"WITH variable AS (
    SELECT 
        variable,
        variable
    FROM 
        variable
)
SELECT 
    variable.variable,
    variable.variable,
    variable.variable,
    variable.variable,
    variable.variable,
    variable.variable,
    (variable.variable/variable * variable.variable/variable * 
     (variable + CAST(variable.variable AS variable)/variable) * 
     (variable - variable.variable/variable)) AS variable
FROM 
    variable variable
JOIN 
    variable variable ON variable.variable = variable.variable
WHERE 
    (variable.variable/variable * variable.variable/variable * 
     (variable + CAST(variable.variable AS variable)/variable) * 
     (variable - variable.variable/variable)) > variable
    AND variable.variable = variable
    AND (variable.variable = variable OR variable.variable < variable)
    AND variable.variable = variable
ORDER BY 
    variable DESC;",1
161,"WITH variable AS (
    SELECT 
        variable,
        variable,
        ((variable + variable) / variable * (variable - variable / CAST(variable)) AS variable)(variable,variable) AS variable,
        variable
    FROM variable
)
SELECT
    variable,
    variable,
    variable,
    variable,
    variable() OVER (PARTITION BY variable ORDER BY variable DESC) AS variable,
    variable() OVER (PARTITION BY variable ORDER BY variable DESC) AS variable,
    ABS(variable() OVER (PARTITION BY variable ORDER BY variable DESC) - 
        variable() OVER (PARTITION BY variable ORDER BY variable DESC)) AS variable
FROM variable
ORDER BY variable, variable DESC;",1
162,"WITH variable AS (
    SELECT 
        variable,
        variable,
        variable * variable(variable) / 
        CASE variable
            WHEN variable THEN variable
            WHEN variable THEN variable
            WHEN variable THEN variable
            ELSE variable
        END AS variable,
        CAST((variable->>variable) AS variable)> variable AND variable > variable
)
SELECT 
    variable,
    AVG(variable) AS variable,
    AVG(variable) AS variable,
    variable(variable, variable) AS variable,
    SUM(CASE WHEN variable < variable THEN variable ELSE variable END) AS variable,
    SUM(CASE WHEN variable BETWEEN variable AND variable THEN variable ELSE variable END) AS variable,
    SUM(CASE WHEN variable > variable THEN variable ELSE variable END) AS variable
FROM variable
GROUP BY variable;",1
163,"WITH variable AS (
    SELECT 
        variable,
        variable,
        variable,
        CASE variable
            WHEN variable THEN variable
            WHEN variable THEN variable
            WHEN variable THEN variable
            WHEN variable THEN variable
            WHEN variable THEN variable
        END AS variable
    FROM variable
)
SELECT 
    variable.variable,
    variable.variable,
    variable.variable,
    ((variable.variable + variable.variable + variable.variable) * (variable - variable.variable)) / variable AS variable
FROM variable variable
JOIN variable variable ON variable.variable = variable.variable
JOIN variable variable ON variable.variable = variable.variable
ORDER BY variable DESC;",1
164,"WITH variable AS (
    SELECT 
        variable,
        variable,
        variable,
        variable,
        variable,
        variable,
        variable,
        variable * 
        CASE variable
            WHEN variable THEN variable
            WHEN variable THEN variable
            WHEN variable THEN variable
            ELSE variable
        END AS variable
    FROM variable
    WHERE variable IS NOT NULL AND variable > variable
),
variable AS (
    SELECT 
        variable,
        variable,
        variable,
        variable,
        variable,
        variable,
        variable,
        variable * 
        CASE variable
            WHEN variable THEN variable
            WHEN variable THEN variable
            ELSE variable
        END *
        CASE variable
            WHEN variable THEN variable
            WHEN variable THEN variable
            WHEN variable THEN variable
            ELSE variable
        END AS variable
    FROM variable
),
variable AS (
    SELECT 
        variable,
        variable->>variable AS variable,
        variable(variable->>variable, variable) AS variable,
        CAST((variable->>variable) AS variable)->>variable IS NOT NULL
)
SELECT 
    variable.variable,
    variable.variable,
    variable.variable,
    CASE 
        WHEN variable.variable < variable THEN variable
        WHEN variable.variable BETWEEN variable AND variable THEN variable
        WHEN variable.variable BETWEEN variable AND variable THEN variable
        WHEN variable.variable BETWEEN variable AND variable THEN variable
        ELSE variable
    END AS variable,
    COUNT(*) AS variable,
    CAST(variable(AVG(variable.variable) AS variable), variable) AS variable,
    CAST(variable(AVG(variable.variable) AS variable), variable) AS variable,
    CAST(variable(AVG(variable.variable) AS variable), variable) AS variable,
    variable(
        variable(DISTINCT variable) FILTER (WHERE variable IS NOT NULL), 
        variable
    ) AS variable
FROM variable variable
LEFT JOIN variable variable ON variable.variable = variable.variable
CROSS JOIN variable variable(variable.variable AS variable
GROUP BY variable.variable, variable.variable, variable.variable, 
         CASE 
             WHEN variable.variable < variable THEN variable
             WHEN variable.variable BETWEEN variable AND variable THEN variable
             WHEN variable.variable BETWEEN variable AND variable THEN variable
             WHEN variable.variable BETWEEN variable AND variable THEN variable
             ELSE variable
         END
HAVING COUNT(*) > variable
ORDER BY variable DESC, variable DESC
LIMIT variable;",1
165,"WITH variable AS (
    SELECT 
        variable.variable AS variable,
        (variable * (variable.variable -> variable ->> CAST(variable) AS variable)+ 
         variable * (variable.variable -> variable ->> CAST(variable) AS variable)+ 
         variable * (variable - variable.variable)) AS variable
    FROM variable variable
    variable JOIN variable variable ON variable.variable = variable.variable
    JOIN variable variable ON variable.variable = variable.variable
),
variable AS (
    SELECT 
        variable.variable,
        variable(AVG(COALESCE(variable, variable)), variable) AS variable,
        COUNT(variable.variable) AS variable
    FROM variable variable
    variable JOIN variable variable ON variable.variable = variable.variable
    GROUP BY variable.variable
    HAVING variable.variable > variable
)
SELECT 
    variable,
    variable,
    variable
FROM variable
WHERE variable > variable
ORDER BY variable DESC LIMIT variable",1
166,"WITH variable AS (
    SELECT 
        variable.variable AS variable,
        CAST(((variable.variable AS variable)/ (variable.variable + variable)) * 
         (variable.variable + variable.variable + variable.variable + variable.variable) * 
         CAST((variable.variable AS variable)/ (variable.variable + variable))) AS variable,
        variable - variable.variable AS variable
    FROM variable variable
    JOIN variable variable 
        ON variable.variable = variable.variable
    JOIN variable variable 
        ON variable.variable = variable.variable
    JOIN variable variable 
        ON variable.variable = variable.variable
    WHERE variable.variable != variable.variable 
        AND variable.variable IS NOT NULL
)
SELECT 
    variable.variable,
    CAST(variable(variable.variable AS variable), variable) AS variable,
    variable.variable
FROM variable variable
WHERE variable.variable > variable 
    AND variable.variable < -variable 
ORDER BY variable.variable DESC, variable.variable DESC
LIMIT variable",1
167,"WITH variable AS (
    SELECT 
        variable.variable AS variable,
        variable.variable AS variable,
        (variable.variable / (variable.variable * variable(variable.variable, variable))) * variable AS variable,
        variable.variable,
        variable.variable,
        CASE 
            WHEN (variable.variable / (variable.variable * variable(variable.variable, variable))) * variable > variable 
                 AND variable.variable < variable 
                 AND variable.variable < variable THEN variable
            ELSE variable
        END AS variable
    FROM variable variable
    WHERE variable.variable > variable AND variable.variable > variable 
)
SELECT 
    variable.variable AS variable,
    variable.variable AS variable,
    COUNT(variable.variable) AS variable,
    SUM(CASE WHEN variable.variable variable ELSE variable END) AS variable,
    variable((SUM(CASE WHEN variable.variable variable ELSE variable CAST(END) AS variable)/ 
           variable(COUNT(variable.variable), variable) * variable), variable) AS variable,
    CAST(variable(AVG(variable.variable) AS variable), variable) AS variable,
    CAST(variable(AVG(variable.variable) AS variable), variable) AS variable,
    CAST(variable(AVG(variable.variable) AS variable), variable) AS variable,
    CASE 
        WHEN COUNT(variable.variable) = variable THEN variable
        WHEN SUM(CASE WHEN variable.variable variable ELSE variable END) > variable THEN variable
        ELSE variable
    END AS variable
FROM variable variable
LEFT JOIN variable variable ON variable.variable = variable.variable
GROUP BY variable.variable, variable.variable
ORDER BY variable DESC, variable DESC;",1
168,"WITH variable AS (
    SELECT 
        variable.variable AS variable,
        variable.variable AS variable,
        variable.variable AS variable,
        SUM(variable.variable) / MAX(variable.variable) AS variable
    FROM variable variable
    JOIN variable variable ON variable.variable = variable.variable
    JOIN variable variable ON variable.variable = variable.variable
    GROUP BY variable.variable, variable.variable, variable.variable
    HAVING SUM(variable.variable) / MAX(variable.variable) > variable 
       AND MAX(variable.variable) > variable
),
variable AS (
    SELECT 
        variable,
        variable,
        variable,
        variable() OVER (PARTITION BY variable ORDER BY variable DESC) AS variable
    FROM variable
)
SELECT 
    variable,
    AVG(variable) AS variable,
    MAX(variable) AS variable
FROM variable
GROUP BY variable ORDER BY variable DESC LIMIT variable",1
169,"WITH variable AS (
    SELECT 
        variable.variable AS variable,
        variable.variable,
        (variable * COALESCE((variable.variable -> variable ->> CAST(variable) AS variable)/ variable, variable) + 
         variable * COALESCE((variable.variable -> variable ->> CAST(variable) AS variable), variable) + 
         variable * (variable - COALESCE(variable.variable, variable))) AS variable
    FROM variable variable
    LEFT JOIN variable variable ON variable.variable = variable.variable
    LEFT JOIN variable variable ON variable.variable = variable.variable
    LEFT JOIN variable variable ON variable.variable = variable.variable
    WHERE variable.variable = variable
)
SELECT 
    variable.variable,
    variable.variable,
    CASE 
        WHEN variable.variable > variable THEN variable
        WHEN variable.variable > variable THEN variable
        ELSE variable
    END AS variable
FROM variable variable
WHERE variable.variable > variable  
ORDER BY variable.variable DESC
LIMIT variable",1
170,"WITH variable AS (
    SELECT 
        variable.variable AS variable,
        variable.variable,
        variable.variable,
        variable.variable,
        variable - variable * ABS(variable.variable - variable) - 
        variable(ABS((variable.variable - variable) / variable), variable) - 
        variable / (variable.variable + variable) AS variable
    FROM variable variable
)
SELECT 
    variable.variable AS variable,
    variable.variable AS variable,
    CAST(variable(AVG(variable.variable) AS variable), variable) AS variable,
    CAST(variable(AVG(variable.variable) AS variable), variable) AS variable,
    CAST(variable(AVG(variable.variable) AS variable), variable) AS variable,
    CAST(variable(AVG(variable.variable) AS variable), variable) AS variable,
    variable(variable) OVER (ORDER BY AVG(variable.variable)) AS variable,
    CASE 
        WHEN AVG(variable.variable) > variable THEN variable
        WHEN AVG(variable.variable) > variable THEN variable
        WHEN AVG(variable.variable) > variable THEN variable
        ELSE variable
    END AS variable,
FROM variable variable
JOIN variable variable ON variable.variable = variable.variable
GROUP BY variable.variable, variable.variable
ORDER BY variable DESC;",1
171,"WITH variable AS (
    SELECT 
        variable.variable,
        (variable - CAST(COALESCE(variable.variable AS variable)/ variable, variable)) * 
        (variable - CAST(COALESCE(variable.variable AS variable)/ variable, variable)) * 
        COALESCE(variable.variable, variable) AS variable,
        COALESCE(
            ABS(variable.variable - variable.variable) / variable(variable.variable, variable) * variable.variable,
            variable
        ) AS variable,
        variable.variable,
        variable.variable,
        variable.variable,
        variable.variable,
        variable.variable,
        variable.variable,
        variable.variable,
        CASE 
            WHEN variable.variable IS NULL THEN variable
            ELSE variable
        END AS variable
    FROM variable variable
    LEFT JOIN variable variable ON variable.variable = variable.variable
    WHERE variable.variable IS NULL OR variable.variable >= variable - variable variable
),
variable AS (
    SELECT 
        variable.variable,
        COALESCE(MAX(variable.variable), variable) AS variable,  
        COALESCE(MAX(variable.variable), variable) AS variable,
        (variable - COALESCE(MAX(variable.variable), variable)) * (variable - COALESCE(variable.variable, variable) / variable) AS variable,
        MAX(variable.variable variable,  
        variable() OVER (ORDER BY (variable - COALESCE(MAX(variable.variable), variable)) * (variable - COALESCE(variable.variable, variable) / variable) DESC) AS variable,
        variable(
            variable, MAX(variable.variable),  
            variable, MAX(variable.variable),      
            variable, MAX(variable.variable),   
            variable, variable.variable,
            variable, MAX(variable.variable)      
        ) AS variable
    FROM variable variable
    LEFT JOIN variable variable ON variable.variable = variable.variable
    GROUP BY variable.variable, variable.variable
)
SELECT 
    variable,
    CAST(variable(variable AS variable), variable) AS variable,
    CAST(variable(variable AS variable), variable) AS variable,
    variable,
    variable,
    variable
FROM variable
WHERE variable > variable OR variable < variable
ORDER BY variable
LIMIT variable",1
172,"WITH variable AS (
    SELECT 
        variable.variable,
        (variable.variable * CAST(variable) AS variable)/ variable(variable.variable, variable) AS variable,
        (variable - CAST(COALESCE(variable.variable AS variable)/ variable, variable)) * 
        (variable - CAST(COALESCE(variable.variable AS variable)/ variable, variable)) * 
        COALESCE(variable.variable, variable) AS variable,
        variable() OVER (ORDER BY 
            (variable.variable * CAST(variable) AS variable)/ variable(variable.variable, variable) DESC variable variable
        ) AS variable
    FROM variable variable
    variable JOIN variable variable ON variable.variable = variable.variable
    INNER JOIN variable variable ON variable.variable = variable.variable
)
SELECT 
    variable,
    CAST(variable(variable AS variable), variable) AS variable,
    CAST(variable(variable AS variable), variable) AS variable,
    variable
FROM variable
WHERE variable > variable AND variable > variable
ORDER BY variable
LIMIT variable",1
173,"WITH variable AS (
    SELECT 
        variable.variable,
        (variable.variable * variable + variable.variable/variable + variable.variable * variable + variable.variable/variable) * 
            (variable - variable.variable) AS variable,
        (variable - variable.variable) * variable.variable * 
            (CASE WHEN variable.variable - variable * ABS(variable.variable) > variable 
                  THEN (variable.variable - variable * ABS(variable.variable))/variable + variable 
                  ELSE variable END) AS variable,
        variable.variable
    FROM variable variable
    JOIN variable variable ON variable.variable = variable.variable
    JOIN variable variable ON variable.variable = variable.variable
    JOIN variable variable ON variable.variable = variable.variable
    JOIN variable variable ON variable.variable = variable.variable
)
SELECT 
    variable,
    COUNT(*) AS variable,
    AVG(variable) AS variable,
    AVG(variable) AS variable,
    SUM(CASE WHEN variable > variable THEN variable ELSE variable END) AS variable,
    SUM(CASE WHEN variable > variable THEN variable ELSE variable END) AS variable,
    SUM(CASE WHEN variable > variable AND variable > variable THEN variable ELSE variable END) AS variable
FROM variable
GROUP BY variable
ORDER BY variable DESC;",1
174,"WITH variable AS (
    SELECT 
        variable.variable,
        (variable.variable + variable.variable + variable.variable + variable.variable) AS variable,
        (variable.variable + variable.variable + variable.variable + variable.variable) * variable.variable AS variable,
        variable[
            (variable || CAST(variable.variable) AS variable),
            (variable || CAST(variable.variable) AS variable),
            (variable || CAST(variable.variable) AS variable),
            (variable || CAST(variable.variable) AS variable)] AS variable
    FROM variable variable
    WHERE variable.variable IS NOT NULL
)
SELECT 
    variable,
    CAST(variable(variable AS variable), variable) AS variable,
    variable(variable) AS variable
FROM variable
WHERE variable > variable
ORDER BY variable DESC
LIMIT variable",1
175,"WITH variable AS (
    SELECT 
        variable.variable,
        (variable.variable / variable.variable) * CASE 
            WHEN variable.variable != variable.variable THEN variable 
            ELSE variable 
        END AS variable,
        ((variable.variable / variable.variable) * CASE 
            WHEN variable.variable != variable.variable THEN variable 
            ELSE variable 
        END) * variable.variable AS variable
    FROM variable variable
    INNER JOIN variable variable 
        ON variable.variable = variable.variable
    INNER JOIN variable variable 
        ON variable.variable = variable.variable
    WHERE variable.variable != variable.variable
)
SELECT 
    variable,
    CAST(variable(variable AS variable), variable) AS variable,
    CAST(variable(variable AS variable), variable) AS variable,
    variable() OVER (ORDER BY variable DESC) AS variable
FROM variable
WHERE variable > variable
ORDER BY variable DESC
LIMIT variable",1
176,"WITH variable AS (
    SELECT 
        variable.variable,
        (variable.variable / variable.variable) * variable.variable * 
        (variable - (variable.variable / variable)) * variable AS variable
    FROM variable variable
    JOIN variable variable ON variable.variable = variable.variable
    JOIN variable variable ON variable.variable = variable.variable AND variable.variable = variable.variable
)
UPDATE variable variable
SET variable = CASE 
        WHEN variable.variable > variable THEN CAST(variable AS variable).variable BETWEEN variable AND variable THEN variable AS variable)CAST(variable AS variable).variable = variable.variable
variable variable.variable, variable.variable, variable.variable;",1
177,"WITH variable AS (
    SELECT 
        variable.variable,
        CASE 
            WHEN variable.variable = variable THEN variable * (variable - variable.variable / variable.variable)
            WHEN variable.variable = variable THEN variable * (variable - variable.variable / variable.variable)
            ELSE variable 
        END AS variable
    FROM variable variable
),
variable AS (
    SELECT 
        variable,
        CASE 
            WHEN variable = variable THEN variable - (variable / variable)
            WHEN variable = variable THEN variable - (variable / variable)
            WHEN variable = variable THEN variable - (variable / variable)
            ELSE variable
        END AS variable
    FROM variable
),
variable AS (
    SELECT 
        variable.variable,
        variable * variable.variable + variable * COALESCE(variable.variable, variable) AS variable
    FROM variable variable
    LEFT JOIN variable variable ON variable.variable = variable.variable
)
SELECT 
    variable.variable,
    variable.variable,
    variable.variable,
    CAST(variable(variable.variable AS variable), variable) AS variable,
    CASE 
        WHEN variable.variable >= variable THEN variable
        WHEN variable.variable >= variable THEN variable
        ELSE variable 
    END AS variable,
    variable(
        variable, variable.variable,
        variable, variable.variable,
        variable, variable.variable
    ) AS variable
FROM variable variable
JOIN variable variable ON variable.variable = variable.variable
JOIN variable variable ON variable.variable = variable.variable
WHERE variable.variable = variable
ORDER BY variable DESC;",1
178,"WITH variable AS (
    SELECT 
        variable.variable,
        CAST((variable.variable AS variable)/ variable.variable) AS variable
    FROM variable variable
    JOIN variable variable ON variable.variable = variable.variable
    JOIN variable variable ON variable.variable = variable.variable
),
variable AS (
    SELECT 
        variable.variable,
        variable(
            CAST(variable((variable.variable->variable->>variable) AS variable), variable) +
            CAST(variable((variable.variable->variable->>variable) AS variable), variable)
        ) AS variable
    FROM variable variable
    JOIN variable variable ON variable.variable = variable.variable
    JOIN variable variable ON variable.variable = variable.variable
    JOIN variable variable ON variable.variable = variable.variable
),
variable AS (
    SELECT 
        variable.variable,
        (variable * CAST(((variable.variable->variable->>variable) AS variable)/ variable) +
         variable * CAST((variable.variable->variable->>variable) AS variable)+
         variable * (variable - variable.variable)) AS variable
    FROM variable variable
    JOIN variable variable ON variable.variable = variable.variable
    JOIN variable variable ON variable.variable = variable.variable
    JOIN variable variable ON variable.variable = variable.variable
    JOIN variable variable ON variable.variable = variable.variable
    JOIN variable variable ON variable.variable = variable.variable
    JOIN variable variable ON variable.variable = variable.variable
    WHERE CAST((variable.variable->variable->>variable) AS variable)> variable
),
variable AS (
    SELECT 
        variable.variable,
        variable((variable * variable.variable +
         variable * variable.variable +
         variable * variable.variable), variable) AS variable,
        variable(variable.variable->variable->>variable) 
            OVER (PARTITION BY variable.variable ORDER BY variable.variable DESC) AS variable
    FROM variable variable
    JOIN variable variable ON variable.variable = variable.variable
    JOIN variable variable ON variable.variable = variable.variable
    JOIN variable variable ON variable.variable = variable.variable
    JOIN variable variable ON variable.variable = variable.variable
    JOIN variable variable ON variable.variable = variable.variable
    JOIN variable variable ON variable.variable = variable.variable
    JOIN variable variable ON variable.variable = variable.variable
    JOIN variable variable ON variable.variable = variable.variable
    JOIN variable variable ON variable.variable = variable.variable
    WHERE CAST((variable.variable->variable->>variable) AS variable)> variable
)
SELECT variable, variable, variable
FROM variable
WHERE variable > variable
ORDER BY variable DESC
LIMIT variable",1
179,"WITH variable AS (
    SELECT 
        variable.variable,
        CAST(COALESCE(variable.variable AS variable)/ variable(variable.variable + variable, variable), variable) AS variable,
        variable.variable
    FROM variable variable
    WHERE variable.variable IS NOT NULL
),
variable AS (
    SELECT 
        variable(variable, variable) AS variable,
        AVG(variable) AS variable,
        variable() OVER (ORDER BY AVG(variable) DESC) AS variable
    FROM variable
    WHERE variable > variable
    GROUP BY variable(variable, variable)
)
SELECT 
    variable,
    CAST(variable(variable AS variable), variable) AS variable,
    variable
FROM variable
WHERE variable <= variable
ORDER BY variable",1
180,"WITH variable AS (
    SELECT 
        variable.variable,
        COALESCE(SUM(variable.variable), variable) AS variable,
        COALESCE(SUM(variable.variable), variable) AS variable
    FROM variable variable
    LEFT JOIN variable variable ON variable.variable = variable.variable
    GROUP BY variable.variable
)
SELECT 
    variable.variable,
    variable.variable,
    variable.variable,
    (variable.variable/variable) * 
    (variable.variable/variable) * 
    (variable - CAST(COALESCE(variable.variable variable)/variable(variable.variable), variable)) * variable AS variable,
    variable.variable->>variable AS variable
FROM variable variable
JOIN variable variable ON variable.variable = variable.variable
ORDER BY variable DESC;",1
181,"WITH variable AS (
    SELECT 
        variable.variable,
        COUNT(variable.variable) AS variable,
        SUM(variable.variable) AS variable
    FROM variable variable
    JOIN variable variable ON variable.variable = variable.variable
    JOIN variable variable ON variable.variable = variable.variable
    JOIN variable variable ON variable.variable = variable.variable
    GROUP BY variable.variable
),
variable AS (
    SELECT 
        variable.variable,
        COALESCE(MAX(
            variable * CAST((variable.variable->variable->>variable) AS variable)+
            variable * (variable - variable.variable) +
            variable * variable.variable
        ), variable) AS variable,
        COALESCE(MAX(variable.variable), variable) AS variable
    FROM variable variable
    JOIN variable variable ON variable.variable = variable.variable
    JOIN variable variable ON variable.variable = variable.variable
    JOIN variable variable ON variable.variable = variable.variable
    LEFT JOIN variable variable ON variable.variable = variable.variable
    LEFT JOIN variable variable ON variable.variable = variable.variable
    LEFT JOIN variable variable ON variable.variable = (
        SELECT variable 
        FROM variable variable 
        WHERE variable.variable = variable.variable 
        LIMIT variable
    )
    GROUP BY variable.variable
)
SELECT 
    variable.variable,
    variable.variable,
    variable.variable AS variable,
    (variable.variable * (variable + variable * variable.variable)) AS variable
FROM variable variable
JOIN variable variable ON variable.variable = variable.variable
WHERE variable.variable > variable OR variable.variable BY variable DESC
LIMIT variable",1
182,"WITH variable AS (
    SELECT 
        variable.variable,
        SUM(
            (variable.variable / variable(variable.variable, variable.variable, variable.variable, variable.variable, variable.variable, variable.variable)) +
            (variable.variable / variable(variable.variable, variable.variable, variable.variable, variable.variable, variable.variable, variable.variable)) +
            (variable.variable / variable(variable.variable, variable.variable, variable.variable, variable.variable, variable.variable, variable.variable)) +
            (variable.variable / variable(variable.variable, variable.variable, variable.variable, variable.variable, variable.variable, variable.variable)) +
            (variable.variable / variable(variable.variable, variable.variable, variable.variable, variable.variable, variable.variable, variable.variable)) +
            (variable.variable / variable(variable.variable, variable.variable, variable.variable, variable.variable, variable.variable, variable.variable)) +
            variable.variable + variable.variable + variable.variable + variable.variable + variable.variable + variable.variable
        ) / (COUNT(*) * variable) AS variable,
        MAX(variable(variable.variable, variable.variable, variable.variable, variable.variable, variable.variable, variable.variable)) AS variable
    FROM variable variable
    GROUP BY variable.variable
),
variable AS (
    SELECT 
        variable.variable,
        MAX(variable.variable) AS variable
    FROM variable variable
    GROUP BY variable.variable
)
SELECT 
    variable.variable,
    variable.variable,
    variable.variable,
    variable.variable,
    variable(variable.variable, variable.variable) OVER () AS variable
FROM variable variable
INNER JOIN variable variable ON variable.variable = variable.variable
WHERE variable.variable > variable AND variable.variable > variable  
  AND variable.variable > variable               
ORDER BY variable.variable DESC
LIMIT variable",1
183,"WITH variable AS (
    SELECT 
        variable.variable,
        SUM(
            CAST(COALESCE((variable->>variable) AS variable), variable) +
            CAST(COALESCE((variable->>variable) AS variable), variable) +
            CAST(COALESCE((variable->>variable) AS variable), variable) +
            CAST(COALESCE((variable->>variable) AS variable), variable)
        ) AS variable
    FROM variable variable
    GROUP BY variable.variable
),
variable AS (
    SELECT 
        variable.variable,
        variable.variable,
        variable() OVER (PARTITION BY variable.variable ORDER BY variable.variable ASC) AS variable
    FROM variable variable
    WHERE variable.variable IS NOT NULL
)
SELECT 
    variable.variable,
    variable.variable,
    variable.variable AS variable
FROM variable variable
INNER JOIN variable variable ON variable.variable = variable.variable
WHERE variable.variable > variable  
AND variable.variable = variable     
AND variable.variable > variable ORDER BY variable.variable DESC LIMIT variable",1
184,"WITH variable AS (
    SELECT 
        variable.variable,
        SUM(
            CAST(COALESCE((variable.variable->>variable) AS variable), variable) +
            CAST(COALESCE((variable.variable->>variable) AS variable), variable) +
            CAST(COALESCE((variable.variable->>variable) AS variable), variable) +
            CAST(COALESCE((variable.variable->>variable) AS variable), variable)
        ) AS variable
    FROM variable variable
    GROUP BY variable.variable
)
SELECT 
    variable.variable AS variable,
    AVG(variable.variable) AS variable,
    MAX(variable.variable) AS variable
FROM variable variable
INNER JOIN variable variable ON variable.variable = variable.variable
WHERE variable.variable > variable  
GROUP BY variable.variable
ORDER BY variable DESC
LIMIT variable",1
185,"WITH variable AS (
    SELECT 
        variable.variable,
        SUM(variable.variable) as variable,
        AVG(variable.variable) as variable,
        SUM(variable.variable)/variable(SUM(variable.variable), variable) as variable,
        variable(DISTINCT variable.variable) as variable
    FROM variable variable
    GROUP BY variable.variable
),
variable AS (
    SELECT 
        variable.variable,
        variable.variable,
        variable.variable,
        variable.variable
        variable(variable.variable variable,
        variable(variable.variable) OVER (
            PARTITION BY variable.variable 
            ORDER BY variable.variable DESC
        ) as variable
    FROM variable variable
    JOIN variable variable ON variable.variable = variable.variable
    JOIN variable variable ON variable.variable = variable.variable
)
SELECT 
    variable.variable,
    variable.variable,
    variable.variable,
    variable.variable,
    variable.variable
    variable.variable,
    variable.variable  CASE 
        WHEN variable.variable < variable AND variable.variable > variable THEN variable
        WHEN variable.variable < variable OR variable.variable > variable THEN variable
        ELSE variable
    END as variable,
    variable() OVER (
        PARTITION BY variable.variable 
        ORDER BY variable.variable DESC
    ) as variable
FROM variable variable
JOIN variable variable ON variable.variable = variable.variable
WHERE variable.variable > variable
ORDER BY variable.variable DESC, variable.variable DESC LIMIT variable",1
186,"WITH variable AS (
    SELECT 
        variable.variable,
        variable((
            (variable - variable.variable) / variable *
            CASE 
                WHEN variable.variable > variable OR variable.variable > variable THEN variable
                WHEN variable.variable > variable OR variable.variable > variable THEN variable
                ELSE variable
            END
        CAST() AS variable), variable) AS variable
    FROM variable variable
)
SELECT 
    variable.variable,
    variable.variable,
    variable.variable,
    variable.variable,
    variable.variable,
    variable.variable,
    CASE 
        WHEN variable.variable > variable 
             AND variable.variable != variable
             AND variable.variable != variable
             AND (variable.variable = variable OR variable.variable = variable)
        THEN variable
        ELSE variable
    END AS variable
FROM variable variable
JOIN variable variable ON variable.variable = variable.variable
LEFT JOIN variable variable ON variable.variable = variable.variable
LEFT JOIN variable variable ON variable.variable = variable.variable
LEFT JOIN variable variable ON variable.variable = variable.variable
LEFT JOIN variable variable ON variable.variable = variable.variable
WHERE variable.variable IS NOT NULL;",1
187,"WITH variable AS (
    SELECT 
        variable.variable,
        variable((variable * CAST((variable.variable->variable->>variable) AS variable)+ 
         variable * variable.variable + 
         variable * CAST((variable.variable->variable->>variable) AS variable)/ variable),variable) AS variable,
        variable() OVER (ORDER BY (variable * CAST((variable.variable->variable->>variable) AS variable)+ 
                              variable * variable.variable + 
                              variable * CAST((variable.variable->variable->>variable) AS variable)/ variable) DESC) AS variable
    FROM variable variable
    JOIN variable variable ON variable.variable = variable.variable
    JOIN variable variable ON variable.variable = variable.variable
    JOIN variable variable ON variable.variable = variable.variable
    JOIN variable variable ON variable.variable = variable.variable
    JOIN variable variable ON variable.variable = variable.variable
)
SELECT 
    variable,
    variable,
    variable
FROM variable
WHERE variable > variable
ORDER BY variable
LIMIT variable",1
188,"WITH variable AS (
    SELECT 
        variable.variable,
        variable(variable, (variable.variable - (variable.variable * variable variable))) AS variable,
        (variable.variable->>variable = variable OR variable.variable->>variable = variable) 
        AND variable.variable->>variable = variable AS variable,
        variable * variable.variable + variable * variable.variable + variable * variable.variable + variable * CAST((variable.variable AS variable)/variable) AS variable
    FROM variable variable
    JOIN variable variable ON variable.variable = variable.variable
    JOIN variable variable ON variable.variable = variable.variable
    WHERE variable.variable IS NOT NULL
)
SELECT 
    variable,
    variable,
    COUNT(*) AS variable,
    AVG(variable) AS variable,
    SUM(CASE WHEN variable > CAST(variable THEN variable ELSE variable END) AS variable)/ COUNT(*) AS variable,
    SUM(CASE WHEN variable AND variable > CAST(variable THEN variable ELSE variable END) AS variable)/ 
        variable(COUNT(*) FILTER (WHERE variable), variable) AS variable
FROM variable
GROUP BY variable, variable
ORDER BY variable, variable DESC;",1
189,"WITH variable AS (
    SELECT 
        variable.variable,
        variable.variable * 
        (variable.variable / variable) * 
        (variable - variable.variable / variable) AS variable
    FROM variable variable
)
SELECT 
    variable.variable,
    variable.variable,
    CAST(variable(AVG(variable.variable) AS variable), variable) AS variable,
    CAST(variable(AVG(variable.variable) AS variable), variable) AS variable,
    SUM(CASE WHEN variable.variable < variable THEN variable ELSE variable END) AS variable,
    CASE 
        WHEN AVG(variable.variable) >= variable THEN variable
        WHEN AVG(variable.variable) >= variable THEN variable
        WHEN AVG(variable.variable) >= variable THEN variable
        WHEN AVG(variable.variable) >= variable THEN variable
        ELSE variable
    END AS variable,
    CASE 
        WHEN AVG(variable.variable) < variable THEN variable
        WHEN AVG(variable.variable) < variable THEN variable
        ELSE variable
    END AS variable
FROM variable variable
JOIN variable variable ON variable.variable = variable.variable
JOIN variable variable ON variable.variable = variable.variable
JOIN variable variable ON variable.variable = variable.variable
GROUP BY variable.variable, variable.variable
ORDER BY variable DESC, variable DESC;",1
190,"WITH variable AS (
    SELECT 
        variable.variable,
        variable.variable * (variable - variable.variable/variable) * (variable - variable * variable.variable) AS variable,  
        variable.variable,
        variable.variable,
        variable.variable,
        CASE WHEN 
            variable.variable * (variable - variable.variable/variable) * (variable - variable * variable.variable) > variable AND
            (variable.variable = variable OR variable.variable = variable) AND
            variable.variable > variable AND
            (variable.variable = variable OR variable.variable = variable)
        THEN variable ELSE variable END AS variable
    FROM 
        variable variable
)
SELECT 
    variable,
    COUNT(*) AS variable,
    CAST(variable(AVG(variable) AS variable), variable) AS variable,
    variable(variable(
        variable, variable,
        variable, CAST(variable(variable AS variable), variable),
        variable, variable(
            variable, variable,
            variable, variable
        ),
        variable, variable
    )) AS variable
FROM 
    variable
GROUP BY 
    variable;",1
191,"WITH variable AS (
    SELECT 
        variable.variable,
        variable.variable - variable * ABS(variable.variable) AS variable,
        variable.variable
    FROM variable variable
    JOIN variable variable ON variable.variable = variable.variable
    JOIN variable variable ON variable.variable = variable.variable
)
SELECT 
    variable,
    AVG(variable) AS variable,
    percentile_cont(variable, variable) AS variable,
    SUM(CASE WHEN variable > variable THEN variable ELSE variable END) AS variable
FROM variable
GROUP BY variable
ORDER BY variable DESC;",1
192,"WITH variable AS (
    SELECT 
        variable.variable,
        variable.variable,
        (variable * (variable - variable.variable) +
         variable * variable.variable +
         variable * (variable - variable.variable)) AS variable
    FROM variable variable
    JOIN variable variable ON variable.variable = variable.variable
),
variable AS (
    SELECT 
        variable.variable,
        variable.variable,
        variable.variable,
        variable.variable,
        CASE 
            WHEN variable.variable > variable THEN variable
            WHEN variable.variable > variable THEN variable
            ELSE variable
        END AS variable,
        variable() OVER (ORDER BY variable.variable DESC) AS variable
    FROM variable variable
    JOIN variable variable ON variable.variable = variable.variable
    WHERE variable.variable > variable
      AND variable.variable > variable
)
SELECT variable, variable, variable, variable, variable
FROM variable
WHERE variable <= variable
ORDER BY variable LIMIT variable",1
193,"WITH variable AS (
    SELECT 
        variable.variable,
        variable.variable,
        (variable - CAST(COALESCE(variable.variable AS variable)/ variable, variable)) * 
        (variable - CAST(COALESCE(variable.variable AS variable)/ variable, variable)) * 
        COALESCE(variable.variable, variable) AS variable,
        ABS(variable.variable - variable.variable) / variable(variable.variable, variable) * COALESCE(variable.variable, variable) AS variable,
        variable.variable,
        (variable - ((variable - CAST(COALESCE(variable.variable AS variable)/ variable, variable)) * 
              (variable - CAST(COALESCE(variable.variable AS variable)/ variable, variable)) * 
              COALESCE(variable.variable, variable))) * 
        (variable - COALESCE(variable.variable, variable) / variable) AS variable
    FROM variable variable
    LEFT JOIN variable variable ON variable.variable = variable.variable
        AND variable.variable >= (SELECT MAX(variable) - variable variable FROM variable)
),
variable AS (
    SELECT 
        variable,
        COALESCE(AVG(variable), variable) AS variable,
        COALESCE(MAX(variable), variable) AS variable,
        COALESCE(MAX(CASE WHEN variable = (SELECT MAX(variable) FROM variable variable 
                          WHERE variable.variable = variable.variable) 
                     THEN variable END), variable) AS variable,
        COALESCE(MAX(CASE WHEN variable = (SELECT MAX(variable) FROM variable variable 
                          WHERE variable.variable = variable.variable) 
                     THEN variable END), variable) AS variable
    FROM variable variable
    GROUP BY variable
)
SELECT 
    variable AS variable,
    CAST(variable(variable AS variable), variable) AS variable,
    CAST(variable(variable AS variable), variable) AS variable,
    CASE 
        WHEN variable > variable OR variable < variable THEN variable 
        WHEN variable < variable OR variable > variable THEN variable 
        WHEN variable >= variable AND variable <= variable THEN variable 
        ELSE variable 
    END AS variable
FROM variable
LIMIT variable",1
194,"WITH variable AS (
    SELECT 
        variable.variable,
        variable.variable,
        (variable - CAST(COALESCE(variable.variable AS variable)/ variable, variable)) * 
        (variable - CAST(COALESCE(variable.variable AS variable)/ variable, variable)) AS variable,
        (variable - CAST(COALESCE(variable.variable AS variable)/ variable, variable)) * 
        (variable - CAST(COALESCE(variable.variable AS variable)/ variable, variable)) * 
        COALESCE(variable.variable, variable) AS variable
    FROM variable variable
    CROSS JOIN variable (
        SELECT * 
        FROM variable variable 
        WHERE variable.variable = variable.variable
        ORDER BY variable.variable DESC
        LIMIT variable
    ) variable
)
SELECT 
    variable,
    variable,
    CAST(variable(variable AS variable), variable) AS variable,
    CAST(variable(variable AS variable), variable) AS variable
FROM variable
WHERE variable > variable AND variable > variable
ORDER BY variable DESC",1
195,"WITH variable AS (
    SELECT 
        variable.variable,
        variable.variable,
        (variable - variable.variable) / 
        variable((variable - CAST(variable.variable) AS variable), variable) AS variable,
        variable() OVER (ORDER BY 
            (variable - variable.variable) / variable((variable - CAST(variable.variable) AS variable), variable) DESC
        ) AS variable
    FROM variable variable
    WHERE variable.variable IS NOT NULL
)
SELECT 
    variable,
    variable,
    CAST(variable(variable AS variable), variable) AS variable,
    variable
FROM variable
WHERE variable > variable AND variable < variable
ORDER BY variable
LIMIT variable",1
196,"WITH variable AS (
    SELECT 
        variable.variable,
        variable.variable,
        (variable.variable -> variable ->> CAST(variable) AS variable),
        (variable.variable -> variable ->> variable) AS variable
    FROM variable variable
)
SELECT 
    variable.variable,
    variable.variable,
    variable.variable    CASE 
        WHEN variable.variable < variable AND variable.variable variable THEN variable
        ELSE variable
    END AS variable
FROM variable variable
LEFT JOIN variable variable ON variable.variable = variable.variable
LEFT JOIN variable variable ON variable.variable = variable.variable
LEFT JOIN variable variable ON variable.variable = variable.variable
WHERE variable.variable < variable AND variable.variable variable
LIMIT variable",1
197,"WITH variable AS (
    SELECT 
        variable.variable,
        variable.variable,
        AVG(variable.variable) AS variable  
    FROM variable variable
    JOIN variable variable ON variable.variable = variable.variable
    GROUP BY variable.variable, variable.variable
),
variable AS (
    SELECT 
        variable.variable,
        MAX(variable.variable) FILTER (WHERE variable.variable = (
            SELECT MIN(variable) FROM variable variable 
            WHERE variable.variable = variable.variable
        )) AS variable  
    FROM variable variable
    GROUP BY variable.variable
),
variable AS (
    SELECT 
        variable.variable,
        (variable(variable FROM (variable.variable - variable.variable)) / (variable * variable * variable)) AS variable  
    FROM variable variable
    JOIN variable variable ON variable.variable = variable.variable
),
variable AS (
    SELECT 
        variable.variable,
        variable.variable,
        variable.variable,
        variable() OVER (PARTITION BY variable.variable ORDER BY variable.variable DESC) AS variable 
    FROM variable variable
)
SELECT 
    variable.variable AS variable,
    AVG(variable.variable) AS variable,  
    MAX(variable.variable) AS variable, 
    AVG(COALESCE(variable.variable, variable)) AS variable,  
    COUNT(DISTINCT variable.variable) AS variable
FROM variable variable
LEFT JOIN variable variable ON variable.variable = variable.variable
INNER JOIN variable variable ON variable.variable = variable.variable
WHERE variable.variable >= variable  
AND COALESCE(variable.variable, variable) > variable  
AND variable.variable > variable  
GROUP BY variable.variable
ORDER BY variable DESC
LIMIT variable",1
198,"WITH variable AS (
    SELECT 
        variable.variable,
        variable.variable,
        COUNT(*) as variable,
        AVG(variable.variable) as variable,      
        variable(variable.variable) as variable,   
        SUM(variable.variable) as variable,         
        SUM(variable.variable)/variable(SUM(variable.variable), variable) as variable  
    FROM variable variable
    GROUP BY variable.variable, variable.variable
),
variable AS (
    SELECT 
        variable.variable,
        COUNT(DISTINCT variable.variable) as variable,
        AVG(variable.variable as variable,   
        SUM(variable.variable) as variable,   
        SUM(variable.variable)/variable(SUM(variable.variable * variable.variable, variable) as variable,  
        variable(DISTINCT variable.variable) as variable
    FROM variable variable
    GROUP BY variable.variable
),
variable AS (
    SELECT 
        variable.variable,
        AVG(variable.variable) as variable,        
        COUNT(DISTINCT variable.variable) as variable,
        variable() OVER (ORDER BY AVG(variable.variable) DESC) as variable  
    FROM variable variable
    GROUP BY variable.variable
)
SELECT 
    variable.variable,
    COUNT(DISTINCT variable.variable) as variable,
    CAST(variable(AVG(variable.variable) AS variable), variable) as variable,   
    CAST(variable(AVG(variable.variable) AS variable), variable) as variable,
    CAST(variable(AVG(variable.variable), variable) as variable,  
    variable(
        variable, (
            SELECT variable 
            FROM variable 
            WHERE variable = variable    
            LIMIT variable
        ),
        variable, (
            SELECT CAST(variable(AVG(variable) AS variable), variable)  
            FROM variable
        )
    ) as variable,
    SUM(CASE WHEN variable.variable < variable AND variable.variable variable ELSE variable END) as variable
FROM variable variable
JOIN variable variable ON variable.variable = variable.variable
GROUP BY variable.variable
HAVING COUNT(*) >= variable
ORDER BY variable DESC    
LIMIT variable",1
199,"WITH variable AS (
    SELECT 
        variable.variable,
        variable.variable,
        variable.variable * (variable - variable.variable) * variable.variable * (variable + variable.variable/variable) AS variable,
        variable.variable/(variable.variable * variable) AS variable
    FROM variable variable
    JOIN variable variable ON variable.variable = variable.variable
    WHERE variable.variable > variable 
      AND variable.variable < variable 
      AND variable.variable < variable
      AND variable.variable/(variable.variable * variable) < variable
)
SELECT 
    variable.variable,
    COUNT(*) AS variable,
    AVG(variable.variable) AS variable,
    AVG(variable.variable) AS variable,
    COUNT(*) * variable / (SELECT COUNT(*) FROM variable) AS variable
FROM variable variable
JOIN variable variable ON variable.variable = variable.variable
GROUP BY variable.variable
ORDER BY variable DESC;",1
200,"WITH variable AS (
    SELECT 
        variable.variable,
        variable.variable,
        variable.variable,
        ((variable.variable + variable.variable + variable.variable) * 
         CASE variable.variable
             WHEN variable THEN variable  
             WHEN variable THEN variable       
             WHEN variable THEN variable       
             WHEN variable THEN variable       
             WHEN variable THEN variable   
         END) / variable AS variable
    FROM variable variable
    JOIN variable variable ON variable.variable = variable.variable
),
variable AS (
    SELECT 
        variable AS variable,
        SUM(CASE WHEN variable = variable THEN variable ELSE variable END) AS variable,
        SUM(CASE WHEN variable = variable THEN variable ELSE variable END) AS variable,
        COUNT(*) AS variable
    FROM variable
    GROUP BY variable
)
SELECT 
    COALESCE(variable.variable, variable) AS variable,
    COUNT(variable.variable) AS variable,
    SUM(variable.variable) AS variable,
    SUM(variable.variable variable,
    SUM(variable.variable,
    SUM(variable.variable * CAST((variable.variable variable)/ variable(variable.variable, variable))) / 
    variable(COUNT(variable.variable), variable) AS variable,
    CASE 
        WHEN SUM(variable.variable * CAST((variable.variable variable)/ variable(variable.variable, variable))) / 
             variable(COUNT(variable.variable), variable) < variable
             AND SUM(CASE WHEN variable.variable = variable AND variable.variable THEN variable ELSE variable END) > variable
        THEN variable
        ELSE variable
    END AS variable
FROM variable variable
JOIN variable variable ON variable.variable = variable.variable
LEFT JOIN variable variable ON variable.variable = variable.variable
GROUP BY variable(variable.variable);",1
201,"WITH variable AS (
    SELECT 
        variable.variable,
        variable.variable,
        variable.variable,
        (variable.variable / variable) * (variable - (variable.variable + variable.variable) / variable) * variable AS variable
    FROM variable variable
    JOIN variable variable ON variable.variable = variable.variable
    WHERE variable.variable = variable
),
variable AS (
    SELECT 
        variable.variable,
        variable.variable,
        variable.variable,
        variable.variable,
        variable.variable
    FROM variable variable
    JOIN variable variable ON variable.variable = variable.variable
    JOIN variable variable ON variable.variable = variable.variable
    WHERE variable.variable = variable
)
SELECT 
    variable.variable AS variable,
    variable.variable AS variable,
    variable(variable.variable, variable) AS variable,
    variable.variable AS variable,
    variable.variable AS variable,
    variable.variable AS variable,
    variable.variable AS variable,
    CASE 
        WHEN variable.variable > variable AND variable.variable > variable AND variable.variable > variable 
             AND variable.variable >= variable AND variable.variable > variable THEN variable
        ELSE variable
    END AS variable
FROM variable variable
JOIN variable variable ON variable.variable = variable.variable
JOIN variable variable ON variable.variable = variable.variable
ORDER BY variable DESC, variable DESC;",1
202,"WITH variable AS (
    SELECT 
        variable.variable,
        variable.variable,
        variable.variable,
        COUNT(*) OVER (PARTITION BY variable.variable) AS variable
    FROM variable variable
    JOIN variable variable ON variable.variable = variable.variable
    JOIN variable variable ON variable.variable = variable.variable
    JOIN variable variable ON variable.variable = variable.variable
    JOIN variable variable ON variable.variable = variable.variable
    WHERE variable.variable = variable
      AND variable.variable > variable  
),
variable AS (
    SELECT 
        variable,
        variable,
        variable,
        variable,
        variable() OVER (ORDER BY variable DESC) AS variable
    FROM variable
    WHERE variable > variable
      AND variable > variable
)
SELECT 
    variable,
    variable,
    variable,
    variable,
    variable
FROM variable
WHERE variable <= variable LIMIT variable",1
203,"WITH variable AS (
    SELECT 
        variable.variable,
        variable.variable,
        variable.variable,
        MAX(variable.variable) AS variable
    FROM variable variable
    JOIN variable variable ON variable.variable = variable.variable
    JOIN variable variable ON variable.variable = variable.variable
    JOIN variable variable ON variable.variable = variable.variable
    JOIN variable variable ON variable.variable = variable.variable
    WHERE variable.variable = variable
    GROUP BY variable.variable, variable.variable, variable.variable
),
variable AS (
    SELECT 
        variable,
        variable,
        variable,
        variable,
        variable(variable) OVER (ORDER BY variable DESC) AS variable
    FROM variable
    WHERE variable < variable
)
SELECT 
    variable,
    variable,
    variable,
    variable
FROM variable
WHERE variable = variable
ORDER BY variable DESC
LIMIT variable",1
204,"WITH variable AS (
    SELECT 
        variable.variable,
        variable.variable,
        variable.variable,
        variable(
            variable, variable.variable,
            variable, variable.variable,
            variable, variable.variable,
            variable, variable.variable,
            variable, variable.variable,
            variable, variable.variable,
            variable, variable.variable
        ) AS variable,
        (
            CASE WHEN variable.variable = variable THEN variable ELSE variable END +
            CASE WHEN variable.variable = variable THEN variable ELSE variable END +
            CASE WHEN variable.variable = variable THEN variable ELSE variable END +
            CASE WHEN variable.variable = variable THEN variable ELSE variable END +
            CASE WHEN variable.variable = variable THEN variable ELSE variable END +
            CASE WHEN variable.variable = variable THEN variable ELSE variable END +
            CASE WHEN variable.variable = variable THEN variable ELSE variable END
        ) AS variable
    FROM 
        variable variable
    JOIN 
        variable variable ON variable.variable = variable.variable
),
variable AS (
    SELECT DISTINCT ON (variable.variable)
        variable.variable,
        variable.variable,
        variable.variable,
        variable.variable
    FROM 
        variable variable
    ORDER BY 
        variable.variable, variable.variable DESC
),
variable AS (
    SELECT 
        variable.variable,
        variable.variable,
        variable.variable variable.variable,
        variable.variable,
        variable.variable,
        (variable.variable * 
         CASE 
            WHEN variable(variable.variable, variable) = variable THEN variable
            WHEN variable(variable.variable, variable) = variable THEN variable
            WHEN variable(variable.variable, variable) = variable THEN variable
         END * 
         variable((variable.variable - variable), variable) * 
         variable.variable) / variable AS variable
    FROM 
        variable variable
    JOIN 
        variable variable ON variable.variable = variable.variable
    JOIN 
        variable variable ON variable.variable = variable.variable
    LEFT JOIN 
        variable variable ON variable.variable = variable.variable
)
SELECT 
    variable.variable,
    variable.variable,
    variable.variable AS variable,
    variable.variable AS variable,
    variable.variable 
        WHEN variable.variable > variable AND variable.variable variable
        ELSE variable
    END AS variable
FROM 
    variable variable;",1
205,"WITH variable AS (
    SELECT 
        variable.variable,
        variable.variable,
        variable.variable,
        variable.variable
    FROM variable variable
    JOIN variable variable ON variable.variable = variable.variable
),
variable AS (
    SELECT 
        variable.variable,
        variable.variable,
        variable.variable,
        variable.variable,
        variable.variable,
        variable.variable,
        variable.variable,
        variable.variable,
        variable.variable,
        variable.variable * variable + variable.variable / variable * variable + variable.variable / variable * variable + variable.variable / variable * variable AS variable
    FROM variable variable
    JOIN variable variable ON variable.variable = variable.variable
),
variable AS (
    SELECT 
        variable.variable,
        variable.variable,
        variable.variable,
        variable.variable,
        variable.variable,
        variable.variable,
        variable.variable,
        CAST((variable.variable->variable->>variable) AS variable),
        CAST((variable.variable->variable->>variable) AS variable),
        CAST((variable.variable->variable->>variable) AS variable),
        CAST((variable.variable->variable->>variable) AS variable),
        variable.variable
    FROM variable variable
    JOIN variable variable ON variable.variable = variable.variable
    JOIN variable variable ON variable.variable = variable.variable
),
variable AS (
    SELECT 
        variable.variable,
        variable.variable,
        variable.variable * (variable.variable / variable) * (variable + variable.variable / variable * variable) AS variable,
        (variable.variable / variable) * (variable.variable * variable) * (COALESCE(variable.variable, variable) + variable) * variable AS variable,
        variable.variable,
        variable.variable,
        variable.variable,
        variable.variable,
        variable.variable
    FROM variable variable
    JOIN variable variable ON variable.variable = variable.variable
)
SELECT 
    variable,
    variable((variable * variable + variable * variable + variable * variable + variable * CAST(variable) AS variable), variable) AS variable,
    variable,
    variable,
    variable
FROM variable
WHERE 
    (variable * variable + variable * variable + variable * variable + variable * variable) > variable
    AND variable = variable
    AND variable > variable
    AND (variable = variable OR variable = variable)
ORDER BY variable DESC;",1
206,"WITH variable AS (
    SELECT 
        variable.variable,
        variable.variable,
        variable.variable,
        variable.variable,
        (variable.variable * variable.variable / variable) AS variable,
        variable.variable,
        variable.variable
    FROM variable variable
    JOIN variable variable ON variable.variable = variable.variable
    JOIN variable variable ON variable.variable = variable.variable
)
SELECT 
    variable,
    variable,
    variable(variable, variable) AS variable,
    variable
FROM variable
WHERE 
    variable > variable
    AND variable < variable
    AND variable IN (variable, variable)
ORDER BY variable DESC;",1
207,"WITH variable AS (
    SELECT 
        variable.variable,
        variable.variable,
        variable.variable,
        variable.variable,
        (variable.variable / variable(variable.variable + variable.variable, variable)) * variable AS variable
    FROM variable variable
    WHERE variable.variable IS NOT NULL AND variable.variable IS NOT NULL
),
variable AS (
    SELECT 
        variable.variable,
        variable.variable,
        variable.variable,
        (variable - ((variable - CAST(COALESCE(variable.variable AS variable)/ variable, variable)) * 
              (variable - CAST(COALESCE(variable.variable AS variable)/ variable, variable)) * 
              COALESCE(variable.variable, variable))) * 
        (variable - COALESCE(variable.variable, variable) / variable) AS variable,
        variable.variable,
        variable.variable,
        variable.variable
    FROM variable variable
    variable JOIN variable variable ON variable.variable = variable.variable
    WHERE variable.variable IS NOT NULL OR variable.variable IS NOT NULL
)
SELECT 
    variable.variable AS variable,
    variable.variable AS variable,
    CAST(variable(variable.variable AS variable), variable) AS variable,
    CAST(COALESCE(variable(MAX(variable.variable) AS variable), variable), variable) AS variable,
    variable.variable AS variable,
    variable.variable AS variable,
    CAST(MAX(variable.variable) AS variable),
    CAST(MAX(variable.variable) AS variable),
    CAST(MAX(variable.variable) AS variable),
    CAST(MAX(variable.variable) AS variable).variable = variable.variable
WHERE variable.variable < variable
GROUP BY variable.variable, variable.variable, variable.variable, variable.variable, variable.variable
HAVING MAX(variable.variable) > variable OR MAX(variable.variable) IS NULL
ORDER BY COALESCE(MAX(variable.variable), variable) DESC
LIMIT variable",1
208,"WITH variable AS (
    SELECT 
        variable.variable,
        variable.variable,
        variable.variable,
        variable.variable,
        (variable.variable / variable) * (variable - variable.variable / variable) * (variable + variable.variable / variable) AS variable
    FROM 
        variable variable
    JOIN 
        variable variable ON variable.variable = variable.variable
    JOIN 
        variable variable ON variable.variable = variable.variable
    JOIN 
        variable variable ON variable.variable = variable.variable
)
SELECT 
    variable,
    CAST(variable(variable AS variable), variable) AS variable,
    CASE WHEN variable > variable AND variable > variable AND variable > variable THEN variable ELSE variable END AS variable
FROM 
    variable
ORDER BY 
    variable DESC;",1
209,"WITH variable AS (
    SELECT 
        variable.variable,
        variable.variable,
        variable.variable,
        variable.variable,
        variable.variable
    FROM variable variable
    RIGHT JOIN variable variable 
        ON variable.variable = variable.variable
    WHERE EXISTS (
        SELECT variable 
        FROM variable variable 
        WHERE variable.variable = variable.variable 
        AND variable.variable != variable.variable
    )
    AND (
        variable.variable = variable 
        OR variable.variable = variable
    )
)
SELECT 
    variable,
    variable,
    variable,
    variable || variable || variable AS variable
FROM variable
ORDER BY variable
LIMIT variable",1
210,"WITH variable AS (
    SELECT 
        variable.variable,
        variable.variable,
        variable.variable,
        variable.variable,
        variable.variable,
        (CASE variable.variable 
             WHEN variable THEN variable 
             WHEN variable THEN variable 
             WHEN variable THEN variable 
             WHEN variable THEN variable 
         END * variable +
         CASE variable.variable 
             WHEN variable THEN variable 
             WHEN variable THEN variable 
             WHEN variable THEN variable 
             WHEN variable THEN variable 
         END * variable +
         variable.variable * variable - variable.variable * variable + 
         variable.variable * variable) AS variable,
        variable.variable
    FROM 
        variable variable
    JOIN 
        variable variable ON variable.variable = variable.variable
)
SELECT 
    variable.variable,
    variable.variable.variable,
    variable.variable
FROM 
    variable variable
JOIN 
    variable variable ON variable.variable = variable.variable
JOIN 
    variable variable ON variable.variable = variable.variable
JOIN 
    variable variable ON variable.variable = variable.variable
WHERE 
    variable.variable.variable = variable
ORDER BY 
    variable.variable",1
211,"WITH variable AS (
    SELECT 
        variable.variable,
        variable.variable,
        variable.variable,
        variable.variable,
        variable.variable,
        COALESCE(variable.variable, variable) AS variable
    FROM variable variable
    JOIN variable variable ON variable.variable = variable.variable
    LEFT JOIN variable variable ON variable.variable = variable.variable
),
variable AS (
    SELECT 
        variable.variable,
        variable.variable,
        variable.variable * variable + 
        variable.variable / variable * variable + 
        variable.variable / variable * variable + 
        variable.variable / variable * variable AS variable,
        variable.variable * (variable + variable.variable / variable * variable) * 
        (variable + variable.variable / variable * variable) AS variable,
        variable.variable
    FROM variable variable
    JOIN variable variable ON variable.variable = variable.variable
),
variable AS (
    SELECT 
        variable.variable,
        variable.variable,
        variable.variable,
        variable.variable,
        CASE 
            WHEN variable.variable = variable THEN variable
            WHEN variable.variable = variable THEN variable
            WHEN variable.variable = variable THEN variable
            WHEN variable.variable = variable THEN variable
        END AS variable
    FROM variable variable
    JOIN variable variable ON variable.variable = variable.variable
),
variable AS (
    SELECT 
        variable,
        variable,
        variable * (variable - variable / variable) * (variable + variable) * variable AS variable
    FROM variable
),
variable AS (
    SELECT
        percentile_cont(variable, variable) AS variable,
        PERCENTILE_CONT(variable) WITHIN GROUP (ORDER BY variable) AS variable,
        PERCENTILE_CONT(variable) WITHIN GROUP (ORDER BY variable) AS variable
    FROM variable
)
SELECT 
    variable.variable,
    variable.variable,
    variable(variable.variable, variable) AS variable,
    CASE 
        WHEN variable.variable > variable.variable THEN variable
        WHEN variable.variable > variable.variable THEN variable
        WHEN variable.variable > variable.variable THEN variable
        ELSE variable
    END AS variable
FROM variable variable, variable variable
ORDER BY variable.variable DESC;",1
212,"WITH variable AS (
    SELECT 
        variable.variable,
        variable.variable,
        variable.variable,
        variable.variable,
        variable.variable,
        variable.variable
    FROM variable variable
    JOIN variable variable ON variable.variable = variable.variable
),
variable AS (
    SELECT
        variable.variable AS variable,
        variable.variable,
        CAST((variable.variable->variable->>variable) AS variable),
        CAST((variable.variable->variable->>variable) AS variable)),
variable AS (
    SELECT 
        variable.variable,
        variable.variable,
        variable.variable * (variable + variable.variable/variable * variable) * (variable + COALESCE(variable.variable, variable)/variable * variable) AS variable,
        variable.variable,
        variable.variable,
        variable.variable,
        COALESCE(variable.variable, CAST(variable) AS variable)/ variable(variable.variable, variable) AS variable,
        variable.variable,
        variable.variable,
        variable.variable,
        variable.variable,
        variable.variable
    FROM variable variable
    JOIN variable variable ON variable.variable = variable.variable
    LEFT JOIN variable variable ON variable.variable = variable.variable
    JOIN variable variable ON variable.variable = variable.variable
    WHERE 
        variable.variable * (variable + variable.variable/variable * variable) * (variable + COALESCE(variable.variable, variable)/variable * variable) > variable 
        AND variable.variable < variable 
        AND COALESCE(variable.variable, CAST(variable) AS variable)/ variable(variable.variable, variable) < variable 
)
SELECT 
    variable,
    variable,
    variable,
    variable,
    variable,
    variable / variable(variable, variable) AS variable,
    CASE
        WHEN variable = variable THEN variable
        WHEN variable = variable THEN variable
        WHEN variable = variable THEN variable
        ELSE variable
    END AS variable
FROM variable
ORDER BY variable DESC;",1
213,"WITH variable AS (
    SELECT 
        variable.variable,
        variable.variable,
        variable.variable,
        variable.variable,
        variable.variable,
        variable.variable,
        (variable.variable * variable.variable) / (variable.variable * variable) AS variable
    FROM variable variable
    JOIN variable variable ON variable.variable = variable.variable
    WHERE variable.variable LIKE variable OR variable.variable LIKE variable
)
SELECT 
    variable AS variable,
    variable AS variable,
    variable AS variable,
    variable AS variable,
    variable AS variable,
    variable(variable, variable) AS variable,
    CASE 
        WHEN variable > variable THEN variable
        WHEN variable BETWEEN variable AND variable THEN variable
        WHEN variable BETWEEN variable AND variable THEN variable
        ELSE variable
    END AS variable,
    variable() OVER(PARTITION BY variable ORDER BY variable) AS variable
FROM variable
ORDER BY variable DESC;",1
214,"WITH variable AS (
    SELECT 
        variable.variable,
        variable.variable,
        variable.variable,
        variable.variable,
        variable.variable,
        variable.variable,
        variable(variable) OVER (ORDER BY variable.variable DESC) AS variable,
        variable(variable) OVER (ORDER BY variable.variable DESC) AS variable
    FROM variable variable
    JOIN variable variable ON variable.variable = variable.variable
    JOIN variable variable ON variable.variable = variable.variable
)
SELECT 
    variable,
    variable,
    variable,
    variable,
    CASE 
        WHEN variable > variable THEN variable
        WHEN variable = variable AND variable = variable THEN variable
        ELSE variable
    END AS variable
FROM variable
WHERE variable = variable AND 
      (variable > variable OR (variable = variable AND variable = variable));",1
215,"WITH variable AS (
    SELECT 
        variable.variable,
        variable.variable,
        variable.variable,
        variable.variable,
        variable.variable,
        variable.variable,
        variable.variable,
        variable.variable * (variable - variable.variable/variable) AS variable,
        variable.variable,
        variable.variable
    FROM variable variable
    JOIN variable variable ON variable.variable = variable.variable
    WHERE variable.variable IS NOT NULL AND variable.variable IS NOT NULL
),
variable AS (
    SELECT 
        variable,
        variable,
        variable,
        variable,
        variable,
        variable,
        variable,
        variable,
        variable,
        variable,
        variable() OVER (ORDER BY variable) AS variable,
        variable() OVER (ORDER BY variable DESC) AS variable,
        variable() OVER (ORDER BY variable DESC) AS variable
    FROM variable
)
SELECT 
    variable AS variable,
    variable AS variable,
    CASE 
        WHEN variable < variable AND variable < variable THEN variable
        WHEN variable < variable AND variable >= variable THEN variable
        WHEN variable >= variable AND variable < variable THEN variable
        WHEN variable >= variable AND variable >= variable THEN variable
        ELSE variable
    END AS variable,
    COUNT(*) AS variable,
    CAST(variable(AVG(variable) AS variable), variable) AS variable,
    CAST(variable(AVG(variable) AS variable), variable) AS variable,
    CAST(variable(AVG(variable) AS variable), variable) AS variable,
    CAST(variable(AVG(variable) AS variable), variable) AS variable,
    CAST(variable(AVG(variable) AS variable), variable) AS variable,
    CAST(variable(AVG(variable) AS variable), variable) AS variable
FROM variable
GROUP BY 
    variable,
    variable,
    CASE 
        WHEN variable < variable AND variable < variable THEN variable
        WHEN variable < variable AND variable >= variable THEN variable
        WHEN variable >= variable AND variable < variable THEN variable
        WHEN variable >= variable AND variable >= variable THEN variable
        ELSE variable
    END
HAVING COUNT(*) > variable
ORDER BY variable, variable DESC;",1
216,"WITH variable AS (
    SELECT 
        variable.variable,
        variable.variable,
        variable.variable,
        variable.variable,
        variable.variable,
        variable.variable,
        variable.variable,
        variable.variable,
        variable.variable * (variable.variable + variable.variable) / variable / 
        (variable.variable * variable * variable(variable.variable + variable)) as variable
    FROM variable variable
    LEFT JOIN variable variable ON variable.variable = variable.variable
),
variable AS (
    SELECT 
        variable.variable,
        variable.variable,
        variable(AVG(variable.variable) OVER (PARTITION BY variable.variable), variable) as variable,
        variable() OVER (ORDER BY variable.variable) as variable,
        variable(
            variable, variable.variable,
            variable, variable.variable,
            variable, variable.variable
        ) as variable
    FROM variable variable
)
SELECT 
    variable,
    CAST(variable(variable AS variable), variable) as variable,
    variable,
    variable,
    CASE 
        WHEN variable < variable THEN variable
        WHEN variable < variable THEN variable
        ELSE variable
    END as variable,
    variable
FROM variable
ORDER BY variable ASC;",1
217,"WITH variable AS (
    SELECT 
        variable.variable,
        variable.variable,
        variable.variable,
        variable.variable,
        variable.variable,
        variable.variable,
        variable.variable,
        variable.variable,
        variable.variable,
        (variable.variable * (variable - variable.variable/variable) * (variable - variable * variable.variable)) AS variable,
        ((variable - variable.variable/variable) * (variable - variable.variable)) AS variable,
        variable[
            CASE WHEN variable.variable != variable THEN variable.variable ELSE NULL END,
            CASE WHEN variable.variable != variable THEN variable.variable ELSE NULL END,
            CASE WHEN variable.variable != variable THEN variable.variable ELSE NULL END
        ] AS variable
    FROM variable variable
    INNER JOIN variable variable ON variable.variable = variable.variable
)
SELECT 
    variable.variable,
    variable.variable,
    (variable.variable * (variable - variable.variable) * (CASE WHEN variable.variable < variable THEN variable ELSE variable/variable.variable END)) AS variable,
    variable(variable(variable.variable), variable) AS variable,
    variable(variable(variable.variable)) AS variable,
    CASE 
        WHEN variable.variable > variable AND variable.variable = variable AND variable.variable = variable 
        THEN variable
        WHEN variable.variable BETWEEN variable AND variable 
        THEN variable
        ELSE variable
    END AS variable
FROM variable variable
ORDER BY variable DESC;",1
218,"WITH variable AS (
    SELECT 
        variable.variable,
        variable.variable,
        variable.variable,
        variable.variable,
        variable.variable,
        variable.variable,
        variable.variable,
        variable.variable,
        variable.variable,
        variable.variable,
        variable.variable,
        variable.variable,
        ((variable - ABS(variable.variable)/(variable.variable * variable)) * 
         (variable.variable/(variable + variable.variable/variable))) AS variable
    FROM variable variable
    INNER JOIN variable variable ON variable.variable = variable.variable
    INNER JOIN variable variable ON variable.variable = variable.variable
)
SELECT 
    variable.variable,
    variable.variable,
    CAST(variable(variable.variable AS variable), variable) AS variable,
    variable(
        CASE 
            WHEN variable = variable THEN variable || variable
            WHEN variable = variable THEN variable || variable
            WHEN variable = variable THEN variable || variable
        END,
        variable ORDER BY variable
    ) AS variable,
    CASE 
        WHEN variable.variable > variable AND 
             variable.variable BETWEEN variable AND variable AND
             variable.variable > variable
        THEN variable
        WHEN variable.variable > variable AND variable.variable BETWEEN variable AND variable
        THEN variable
        ELSE variable
    END AS variable
FROM variable variable
CROSS JOIN variable (
    SELECT variable(variable[variable, variable, variable]) AS variable,
           variable(variable[variable.variable, variable.variable, variable.variable]) AS variable
) AS variable
GROUP BY 
    variable.variable, variable.variable, variable.variable, variable.variable, variable.variable, variable.variable;",1
219,"WITH variable AS (
    SELECT 
        variable.variable,
        variable.variable,
        variable.variable,
        variable.variable,
        variable.variable,
        variable.variable,
        variable.variable,
        variable.variable,
        variable.variable,        
        (variable.variable / variable) * (variable.variable / variable) * (variable + variable.variable / variable) AS variable
    FROM variable variable
    JOIN variable variable ON variable.variable = variable.variable
    JOIN variable variable ON variable.variable = variable.variable
    JOIN variable variable ON variable.variable = variable.variable
)
SELECT 
    variable AS variable,
    variable AS variable,
    variable AS variable,
    variable AS variable,
    variable(variable, variable) AS variable,
    variable AS variable,
    variable AS variable,
    variable AS variable,
    variable(variable, variable) AS variable,
    CASE 
        WHEN variable > variable THEN variable
        WHEN variable BETWEEN variable AND variable THEN variable
        WHEN variable BETWEEN variable AND variable THEN variable
        ELSE variable
    END AS variable
FROM variable
ORDER BY variable DESC;",1
220,"WITH variable AS (
    SELECT 
        variable.variable,
        variable.variable,
        variable.variable,
        variable.variable->>variable AS variable,
        variable.variable->>variable AS variable,
        variable.variable,
        CAST((variable.variable->variable->>variable) AS variable)+ 
        CAST((variable.variable->variable->>variable) AS variable),
        CAST(((variable.variable->variable->>variable) AS variable)+ 
         CAST((variable.variable->variable->>variable) AS variable)) / 
        variable((variable.variable + 
               CAST((variable.variable->variable->>variable) AS variable)+ 
               CAST((variable.variable->variable->>variable) AS variable)), variable) * variable AS variable
    FROM variable variable
    JOIN variable variable ON variable.variable = variable.variable
    JOIN variable variable ON variable.variable = variable.variable
    WHERE (variable.variable->variable->>variable) IS NOT NULL 
      OR (variable.variable->variable->>variable) IS NOT NULL
)
SELECT 
    variable,
    variable,
    COUNT(*) AS variable,
    CAST(variable(variable AS variable), variable) AS variable,
    CAST(variable(SUM(variable) AS variable), variable) AS variable,
    CASE 
        WHEN variable > variable THEN variable
        WHEN variable > variable THEN variable
        ELSE variable
    END AS variable
FROM variable
GROUP BY variable, variable, variable
ORDER BY variable DESC;",1
221,"WITH variable AS (
    SELECT 
        variable.variable, 
        CASE 
            WHEN variable.variable = variable THEN variable 
            WHEN variable.variable = variable THEN variable 
            WHEN variable.variable = variable THEN variable 
            ELSE variable 
        END * 
        CASE 
            WHEN variable.variable = variable THEN variable 
            ELSE variable 
        END AS variable
    FROM variable variable
),
variable AS (
    SELECT 
        CASE 
            WHEN variable < variable THEN variable 
            WHEN variable < variable THEN variable 
            ELSE variable 
        END AS variable
    FROM variable
)
SELECT 
    variable, 
    COUNT(*) AS variable, 
    variable(COUNT(*) * variable / SUM(COUNT(*)) OVER (), variable) AS variable
FROM variable
GROUP BY variable
ORDER BY variable DESC LIMIT variable",1
222,"WITH variable AS (
    SELECT 
        variable.variable, 
        COALESCE(variable.variable / variable(variable.variable, variable), variable) AS variable, 
        COALESCE(variable.variable, variable) * 
            CASE 
                WHEN variable.variable = variable THEN variable 
                WHEN variable.variable = variable THEN variable 
                ELSE variable 
            END AS variable
    FROM variable variable
    LEFT JOIN variable variable 
        ON variable.variable = variable.variable
    LEFT JOIN variable variable 
        ON variable.variable = variable.variable
    WHERE COALESCE(variable.variable / variable(variable.variable, variable), variable) > variable 
        AND COALESCE(variable.variable, variable) * 
            CASE 
                WHEN variable.variable = variable THEN variable 
                WHEN variable.variable = variable THEN variable 
                ELSE variable 
            END > variable
),
variable AS (
    SELECT 
        variable, 
        variable, 
        variable, 
        variable() OVER (ORDER BY variable DESC) AS variable
    FROM variable
)
SELECT 
    variable, 
    CAST(variable(variable AS variable), variable) AS variable, 
    CAST(variable(variable AS variable), variable) AS variable
FROM variable
WHERE variable <= variable
ORDER BY variable
LIMIT variable;",1
223,"WITH variable AS (
    SELECT 
        variable.variable, 
        variable.variable * variable.variable / variable.variable AS variable, 
        COALESCE(variable.variable / variable(variable.variable + variable, variable), variable) AS variable
    FROM variable variable
    WHERE variable.variable * variable.variable / variable.variable > variable 
        AND COALESCE(variable.variable / variable(variable.variable + variable, variable), variable) < variable
)
SELECT 
    variable, 
    CAST(variable(variable AS variable), variable) AS variable, 
    CAST(variable(variable AS variable), variable) AS variable
FROM variable
ORDER BY variable DESC
LIMIT variable",1
224,"WITH variable AS (
    SELECT DISTINCT
        variable.variable AS variable
    FROM
        variable variable
    JOIN
        variable variable ON variable.variable = variable.variable
    WHERE
        ABS(variable.variable - variable.variable) < variable 
        AND variable.variable > variable 
), variable AS (
    SELECT
        variable.variable,
        variable.variable
    FROM
        variable variable
    JOIN
        variable variable ON variable.variable = variable.variable
    WHERE
        variable.variable > variable 
        AND variable.variable > variable 
        AND variable.variable = variable 
), variable AS (
    SELECT DISTINCT
        variable.variable
    FROM
        variable variable
    JOIN
        variable variable ON variable.variable = variable.variable
    JOIN
        variable variable ON variable.variable = variable.variable
), variable AS (
    SELECT
        variable.variable,
        variable((variable * variable.variable) + (variable * variable.variable), variable) AS variable 
    FROM
        variable variable
    JOIN
        variable variable ON variable.variable = variable.variable
)
SELECT
    variable,
    variable
FROM
    variable
ORDER BY
    variable DESC LIMIT variable",1
225,"WITH variable AS (
    SELECT DISTINCT ON (variable.variable)
        variable.variable AS variable,
        variable.variable
    FROM variable variable
    JOIN variable variable ON variable.variable = variable.variable
    JOIN variable variable ON variable.variable = variable.variable
    WHERE variable.variable IS NOT NULL
    ORDER BY variable.variable, variable.variable DESC
), variable AS (
    SELECT
        variable.variable AS variable,
        SUM(COALESCE(variable.variable, variable)) AS variable
    FROM variable variable
    JOIN variable variable ON variable.variable = variable.variable
    GROUP BY variable.variable
), variable AS (
    SELECT COUNT(DISTINCT variable) AS variable FROM variable
)
SELECT
    variable.variable,
    COUNT(DISTINCT variable.variable) AS variable,
    variable(SUM(variable.variable/ variable.variable, variable) AS variable
FROM variable variable
JOIN variable variable ON variable.variable = variable.variable
CROSS JOIN variable variable
GROUP BY variable.variable, variable.variable
ORDER BY variable DESC
LIMIT variable",1
226,"WITH variable AS (
    SELECT DISTINCT ON (variable.variable)
        variable.variable,
        variable.variable,
        variable((variable * variable.variable +
         variable * (variable.variable / variable) +
         variable * (variable.variable / variable)), variable) AS variable,
        variable.variable
    FROM variable variable
    JOIN variable variable ON variable.variable = variable.variable
    JOIN variable variable ON variable.variable = variable.variable
    JOIN variable variable ON variable.variable = variable.variable
    JOIN variable variable ON variable.variable = variable.variable
    WHERE variable.variable > variable
),
variable AS (
    SELECT 
        variable.variable,
        variable.variable,
        variable.variable,
        variable(variable) OVER (ORDER BY variable.variable) AS variable
    FROM variable variable
    WHERE variable.variable > variable
      AND variable.variable >= variable
)
SELECT variable, variable, variable, variable
FROM variable
WHERE variable = variable
ORDER BY variable DESC
LIMIT variable",1
227,"WITH variable AS (
    SELECT DISTINCT variable.variable
    FROM variable variable
    JOIN variable variable ON variable.variable = variable.variable
    JOIN variable variable ON variable.variable = variable.variable
    JOIN variable variable ON variable.variable = variable.variable
    WHERE variable.variable = variable AND variable.variable = variable
),
variable AS (
    SELECT variable.variable
    FROM variable variable
    JOIN variable variable ON variable.variable = variable.variable
    JOIN variable variable ON variable.variable = variable.variable
    WHERE variable.variable IN (SELECT variable FROM variable)
      AND variable(variable.variable) > variable variable
)
DELETE FROM variable
WHERE variable IN (SELECT variable FROM variable);",1
228,"WITH variable AS (
    SELECT variable,
           AVG(variable) as variable,
           SUM(variable)/variable(SUM(variable.variable), variable) as variable  
    FROM variable variable
    JOIN variable variable ON variable.variable = variable.variable
    GROUP BY variable
),
variable AS (
    SELECT variable,
           SUM(variable) as variable,  
           AVG(variable) as variable
    FROM variable
    GROUP BY variable
)
SELECT variable.variable,
       variable.variable,
       variable.variable,
       variable.variable,
       variable.variable
       CASE WHEN variable.variable > variable AND variable.variable > variable THEN variable  
            WHEN variable.variable > variable OR variable.variable > variable THEN variable
            ELSE variable END as variable
FROM variable variable
JOIN variable variable ON variable.variable = variable.variable
JOIN variable variable ON variable.variable = variable.variable
ORDER BY variable.variable DESC, variable.variable DESC LIMIT variable",1
229,"WITH variable AS (
    SELECT variable,
           CAST(AVG((variable->>variable) AS variable)+ 
               CAST((variable->>variable) AS variable)) as variable
    FROM variable
    GROUP BY variable
),
variable AS (
    SELECT variable,
           COUNT(*) as variable
    FROM variable
    GROUP BY variable
)
SELECT variable.variable,
       variable.variable,
       variable.variable       CASE WHEN variable.variable > variable AND variable.variable variable THEN variable
            ELSE variable END as variable
FROM variable variable
JOIN variable variable ON variable.variable = variable.variable
JOIN variable ON variable.variable = variable.variable
ORDER BY variable.variable DESC
LIMIT variable",1
230,"WITH variable AS (
    SELECT variable,
           SUM(variable * (variable/(variable + variable))) / 
           SUM(variable/(variable + variable)) as variable,  
           MIN(variable) as variable  
    FROM variable
    GROUP BY variable
),
variable AS (
    SELECT variable,
           MAX(variable) as variable,  
           COUNT(*) as variable  
    FROM variable
    GROUP BY variable
)
SELECT variable.variable,
       variable.variable,
       variable.variable,
       variable.variable,
       variable.variable       CASE WHEN variable.variable > variable AND variable.variable < variable THEN variable  
            WHEN variable.variable > variable OR variable.variable < variable THEN variable
            ELSE variable END as variable
FROM variable variable
JOIN variable variable ON variable.variable = variable.variable
JOIN variable variable ON variable.variable = variable.variable
WHERE variable.variable > variable
ORDER BY variable.variable DESC, variable.variable ASC LIMIT variable",1
231,"WITH variable AS (
    SELECT variable.variable, AVG(CASE variable.variable WHEN variable THEN variable WHEN variable THEN variable WHEN variable THEN variable ELSE variable END) AS variable
    FROM variable variable JOIN variable variable ON variable.variable = variable.variable JOIN variable variable ON variable.variable = variable.variable WHERE variable.variable IS NOT NULL AND variable.variable IS NOT NULL GROUP BY variable.variable
), variable AS (
    SELECT variable AS variable, CASE (variable->>variable) WHEN variable THEN variable WHEN variable THEN variable WHEN variable THEN variable ELSE variable END AS variable
    FROM variable WHERE variable->>variable IS NOT NULL
), variable AS (
    SELECT variable.variable, variable((variable.variable - variable.variable), variable) AS variable
    FROM variable variable JOIN variable variable ON variable.variable = variable.variable
), variable AS (
    SELECT variable.variable, AVG(CASE (variable.variable->>variable) WHEN variable THEN variable WHEN variable THEN variable WHEN variable THEN variable WHEN variable THEN variable ELSE variable END) AS variable
    FROM variable variable JOIN variable variable ON variable.variable = variable.variable WHERE variable.variable IS NOT NULL AND variable.variable IS NOT NULL GROUP BY variable.variable
), variable AS (
    SELECT variable.variable, CASE WHEN COUNT(variable.variable) > variable THEN SUM(CASE WHEN variable.variable IN (variable, CAST(variable THEN variable ELSE variable END)) AS variable)/ COUNT(variable.variable) ELSE variable END AS variable
    FROM variable variable JOIN variable variable ON variable.variable = variable.variable JOIN variable variable ON variable.variable = variable.variable WHERE variable.variable IS NOT NULL GROUP BY variable.variable
), variable AS (
    SELECT variable.variable, (variable.variable + (variable.variable * variable)) / variable AS variable
    FROM variable variable JOIN variable variable ON variable.variable = variable.variable
), variable AS (
    SELECT variable, AVG(COALESCE(variable, variable)) AS variable
    FROM variable WHERE variable IS NOT NULL GROUP BY variable
), variable AS (
    SELECT variable.variable
    FROM variable variable
    JOIN variable variable ON variable.variable = variable.variable
    WHERE variable.variable < variable AND variable.variable > variable
)
SELECT
    variable.variable,
    variable.variable
FROM variable variable
WHERE variable.variable > variable 
  AND variable.variable IN (SELECT variable FROM variable)
ORDER BY variable.variable DESC
LIMIT variable",1
232,"WITH variable AS (
  SELECT
    variable,
    CAST((variable->variable->>variable) AS variable),
    CAST((variable->variable->>variable) AS variable),
    CAST((variable->variable->>variable) AS variable),
    (variable->variable->>variable) AS variable,
    (variable->variable->>variable) AS variable
  FROM variable
  ORDER BY variable DESC
  LIMIT variable
)
SELECT
  variable,
  variable,
  ((variable - variable) / variable * variable) AS variable
FROM variable;",1
233,"WITH variable AS (
  SELECT
    variable.variable,
    (
      CASE variable WHEN variable THEN variable WHEN variable THEN variable WHEN variable THEN variable ELSE variable END +
      CASE variable WHEN variable THEN variable WHEN variable THEN variable WHEN variable THEN variable ELSE variable END +
      CASE variable WHEN variable THEN variable WHEN variable THEN variable WHEN variable THEN variable ELSE variable END +
      CASE variable WHEN variable THEN variable WHEN variable THEN variable WHEN variable THEN variable ELSE variable END
    ) / variable AS variable
  FROM variable variable
),
variable AS (
  SELECT
    variable.variable AS variable,
    (variable.variable *
     CASE variable.variable WHEN variable THEN variable WHEN variable THEN variable WHEN variable THEN variable ELSE variable END *
     variable.variable) / variable AS variable
  FROM variable variable
  JOIN variable variable ON variable.variable = variable.variable
  JOIN variable variable ON variable.variable = variable.variable
),
variable AS (
  SELECT
    variable.variable AS variable,
    (
      variable.variable *
      (variable.variable - variable)^variable *
      variable.variable *
      variable.variable
    ) / variable AS variable
  FROM variable variable
  JOIN variable variable ON variable.variable = variable.variable
  JOIN variable variable ON variable.variable = variable.variable
  JOIN variable variable ON variable.variable = (
    SELECT variable.variable
    FROM variable variable
    WHERE variable.variable = variable.variable
    LIMIT variable
  )
),
variable AS (
  SELECT
    variable.variable,
    variable((variable.variable + COALESCE(variable.variable, variable) + COALESCE(variable.variable, variable) * CAST(variable) AS variable), variable) AS variable
  FROM variable variable
  LEFT JOIN variable variable ON variable.variable = variable.variable
  LEFT JOIN variable variable ON variable.variable = variable.variable
)
SELECT *
FROM variable
ORDER BY variable DESC
LIMIT variable;",1
234,"WITH variable AS (
  SELECT
    variable.variable,
    variable - ((variable.variable + variable.variable / variable + variable.variable) / variable) AS variable
  FROM variable variable
  JOIN variable variable ON variable.variable = variable.variable
),
variable AS (
  SELECT
    variable,
    (
      (CASE WHEN variable = variable THEN variable ELSE variable END) +
      (CASE WHEN variable = variable THEN variable ELSE variable END) +
      (CASE WHEN variable = variable THEN variable ELSE variable END) +
      (CASE WHEN variable = variable THEN variable ELSE variable END)
    ) AS variable
  FROM variable
)
SELECT DISTINCT variable.variable
FROM variable variable
LEFT JOIN variable variable ON variable.variable = variable.variable
WHERE variable.variable < variable
   OR variable.variable >= variable;",1
235,"WITH variable AS (
  SELECT
    variable.variable,
    variable((
      variable * 
      (variable - CASE variable.variable WHEN variable THEN variable WHEN variable THEN variable ELSE variable END) *
      (variable - CASE variable.variable WHEN variable THEN variable WHEN variable THEN variable ELSE variable END) *
      (variable - CASE variable.variable WHEN variable THEN variable WHEN variable THEN variable ELSE variable END)
    ) / variable, variable) AS variable
  FROM variable variable
),
variable AS (
  SELECT
    variable.variable,
    AVG(variable.variable *
        CASE variable.variable WHEN variable THEN variable WHEN variable THEN variable ELSE variable END *
        variable.variable / variable
    ) AS variable
  FROM variable variable
  JOIN variable variable ON variable.variable = variable.variable
  JOIN variable variable ON variable  
  GROUP BY variable.variable
),
variable AS (
  SELECT
    variable.variable,
    ((variable.variable + variable.variable + variable.variable) *
     (variable - CASE variable.variable
           WHEN variable THEN variable WHEN variable THEN variable
           WHEN variable THEN variable WHEN variable THEN variable ELSE variable END)
    ) / variable + variable AS variable
  FROM variable variable
  JOIN variable variable ON variable.variable = variable.variable
)
SELECT 
  variable.variable,
  variable.variable,
  variable.variable,
  variable.variable,
  variable.variable,
  variable(
    (variable.variable - variable.variable) *
    COALESCE(variable.variable, variable) *
    variable.variable / variable,
    variable
  ) AS variable,
  CASE 
    WHEN 
      (variable.variable - variable.variable) *
      COALESCE(variable.variable, variable) *
      variable.variable / variable < variable 
    THEN variable
    ELSE variable
  END AS variable
FROM variable variable
JOIN variable variable ON variable.variable = variable.variable
JOIN variable variable ON variable.variable = variable.variable
JOIN variable variable ON variable.variable = variable.variable
JOIN variable variable ON variable.variable = variable.variable
LEFT JOIN variable variable ON variable.variable = variable.variable
WHERE variable.variable = variable;",1
236,"WITH variable AS (
  SELECT
    variable.variable,
    variable.variable AS variable,
    variable.variable,
    SUM(variable.variable + variable.variable + variable.variable) AS variable,
    SUM(variable.variable) AS variable,
    CASE WHEN variable.variable > variable 
         THEN SUM(variable.variable + variable.variable + variable.variable) / variable.variable
         ELSE NULL END AS variable
  FROM variable variable
  JOIN variable variable ON variable.variable = variable.variable
  GROUP BY variable.variable, variable.variable, variable.variable
),
variable AS (
  SELECT
    variable.variable,
    variable.variable,
    variable.variable,
    variable.variable.variable variable.variable,
    CASE WHEN variable.variable > variable 
         THEN variable.variable.variable
         ELSE NULL END AS variable
  FROM variable variable
),
variable AS (
  SELECT
    variable.*,
    CASE WHEN variable.variable > variable 
         THEN variable.variable / variable.variable
         ELSE NULL END AS variable
  FROM variable variable
),
variable AS (
  SELECT
    variable.variable,
    variable(DISTINCT variable.variable, variable) AS variable,
    variable(DISTINCT variable.variable) AS variable,
    COUNT(*) AS variable,
    EXISTS (SELECT variable FROM variable(variable(variable.variable)) AS variable WHERE variable = variable) AS variable
  FROM variable variable
  GROUP BY variable.variable
)
SELECT
  variable.variable,
  variable(variable.variable, variable) AS variable,
  variable(variable.variable variable,
  variable(variable.variable) AS variable,
  variable(variable.variable, variable) AS variable,
  variable(variable.variable, variable) AS variable,
  variable(variable.variable, variable) AS variable,
  CASE
    WHEN variable.variable.variable > variable THEN variable
    WHEN variable.variable variable
    WHEN variable.variable > variable THEN variable
    ELSE variable
  END AS variable
FROM variable
LEFT JOIN variable variable ON variable.variable = variable.variable
ORDER BY 
  CASE
    WHEN variable.variable.variable > variable THEN variable
    WHEN variable.variable variable
    WHEN variable.variable > variable THEN variable
    ELSE variable
  END,
  variable.variable DESC variable variable;",1
237,"WITH variable AS (
  SELECT
    variable.variable,
    variable.variable,
    variable.variable,
    variable.variable,
    variable.variable,
    (variable.variable * variable) + 
    (variable.variable * variable) + 
    (variable.variable * variable) - 
    (variable.variable * variable) - 
    (variable.variable * variable) AS variable
  FROM variable variable
)
SELECT
  variable.variable,             
  variable.variable.variable,                
  variable.variable               
FROM variable variable
JOIN variable variable ON variable.variable = variable.variable
JOIN variable variable ON variable.variable = variable.variable
WHERE 
  variable.variable    
  AND variable.variable < variable                 
  AND variable.variable > variable               
  AND variable.variable >= variable            
ORDER BY variable.variable",1
238,"WITH variable AS (
  SELECT
    variable.variable,
    variable.variable,
    variable.variable,
    variable.variable,
    variable.variable,
    variable.variable,
    variable.variable,
    variable.variable * (variable - variable.variable/variable) AS variable,
    AVG(variable.variable) OVER(PARTITION BY variable.variable) AS variable  
  FROM variable variable
  JOIN variable variable ON variable.variable = variable.variable
)
SELECT 
  variable,
  variable,
  variable,
  variable,
  variable / variable(variable, variable) AS variable  
FROM variable
WHERE variable IS NOT NULL;",1
239,"WITH variable AS (
  SELECT 
    CAST((variable->variable->>variable) AS variable),
    CAST((variable->variable->>variable) AS variable),
    CAST((variable->variable->>variable) AS variable),
    variable->variable->>variable AS variable
  FROM variable
)
SELECT 
  variable,
  variable,
  variable,
  variable,
  ((ABS(variable - variable) + ABS(variable) + (variable * variable)) / variable) *
    CASE 
      WHEN variable = variable THEN variable 
      WHEN variable = variable THEN -variable 
      ELSE variable 
    END AS variable
FROM variable;",1
240,"WITH variable AS (
  SELECT 
    SUM(CASE WHEN variable > variable THEN variable ELSE variable END) AS variable,
    SUM(CASE WHEN variable < variable THEN variable ELSE variable END) AS variable
  FROM variable
)
SELECT 
  variable,
  variable,
  CASE 
    WHEN variable = variable THEN NULL
    ELSE variable / ABS(variable)
  END AS variable
FROM variable;",1
241,"WITH variable AS (
  SELECT 
    variable,
    CAST((variable->>variable) AS variable),
    CAST((variable->variable->>variable) AS variable),
    CASE 
      WHEN CAST((variable->>variable) AS variable)> variable THEN 
           ( CAST((variable->variable->>variable) AS variable)/ 
             CAST((variable->>variable) AS variable))
      ELSE NULL
    END AS variable
  FROM variable
  WHERE variable IS NOT NULL
)
SELECT 
  variable AS variable, 
  variable, 
  variable, 
  variable(variable, variable) AS variable
FROM variable
WHERE variable IS NOT NULL
ORDER BY variable DESC;",1
242,"WITH variable AS (
  SELECT 
    variable,
    CAST((variable->variable->>variable) AS variable)),
variable AS (
  SELECT CAST(variable AS variable))
SELECT 
  variable.variable,
  variable.variable,
  variable.variable,
  (variable.variable * variable.variable * variable) AS variable
FROM variable variable
CROSS JOIN variable;",1
243,"WITH variable AS (
  SELECT 
    variable,
    CAST(variable AS variable),
    variable() OVER (PARTITION BY variable ORDER BY variable DESC) AS variable
  FROM variable
)
SELECT 
  variable.variable,
  CAST(variable.variable AS variable),
  variable.variable,
  CAST(((variable.variable AS variable)- variable.variable) / CAST(variable.variable AS variable)* variable) AS variable
FROM variable variable
JOIN variable variable 
  ON variable.variable = variable.variable
WHERE variable.variable = variable;",1
244,"WITH variable AS (
  SELECT 
    variable,
    CAST(variable AS variable), 
    variable,
    variable,
    variable,
    (variable * CAST(variable AS variable)) / variable AS variable  
  FROM variable
)
SELECT 
  variable,
  variable,
  AVG(variable) OVER(PARTITION BY variable) AS variable
FROM variable
WHERE variable > (
  SELECT AVG((variable * CAST(variable AS variable)CAST()/variable) AS variable))
ORDER BY variable;",1
245,"WITH variable AS (
  SELECT 
    variable,
    variable,
    variable,
    variable
  FROM variable
)
SELECT 
  variable,
  variable,
  variable,
  variable,
  (variable + variable) * (variable / variable) AS variable  
FROM variable
ORDER BY variable DESC
LIMIT variable;",1
246,"WITH variable AS (
  SELECT 
    variable, 
    ((variable / variable) + (variable / variable) + (variable / variable)) * (variable / variable) * variable AS variable, 
    variable, 
    variable, 
    variable
  FROM variable
)
SELECT
  variable.variable,
  variable(variable.variable, variable) AS variable,
  CASE 
    WHEN COALESCE(variable.variable, variable) = variable THEN variable
    WHEN COALESCE(variable.variable, variable) = variable THEN variable
    WHEN COALESCE(variable.variable, variable) = variable THEN variable
    WHEN COALESCE(variable.variable, variable) = variable THEN variable
    ELSE variable
  END AS variable,
  CASE 
    WHEN COALESCE(variable.variable, variable) = variable THEN variable
    WHEN COALESCE(variable.variable, variable) = variable THEN variable
    WHEN COALESCE(variable.variable, variable) = variable THEN variable
    WHEN COALESCE(variable.variable, variable) = variable THEN variable
    ELSE variable
  END AS variable,
  variable.variable,
  variable(
    variable.variable * 
    (variable + (CASE 
            WHEN COALESCE(variable.variable, variable) = variable THEN variable
            WHEN COALESCE(variable.variable, variable) = variable THEN variable
            WHEN COALESCE(variable.variable, variable) = variable THEN variable
            WHEN COALESCE(variable.variable, variable) = variable THEN variable
            ELSE variable
          END + 
          CASE 
            WHEN COALESCE(variable.variable, variable) = variable THEN variable
            WHEN COALESCE(variable.variable, variable) = variable THEN variable
            WHEN COALESCE(variable.variable, variable) = variable THEN variable
            WHEN COALESCE(variable.variable, variable) = variable THEN variable
            ELSE variable
          END) / variable) * 
    (variable - (variable - variable.variable) / variable), 
    variable
  ) AS variable
FROM variable variable
WHERE 
  variable.variable * 
  (variable + (CASE 
          WHEN COALESCE(variable.variable, variable) = variable THEN variable
          WHEN COALESCE(variable.variable, variable) = variable THEN variable
          WHEN COALESCE(variable.variable, variable) = variable THEN variable
          WHEN COALESCE(variable.variable, variable) = variable THEN variable
          ELSE variable
        END + 
        CASE 
          WHEN COALESCE(variable.variable, variable) = variable THEN variable
          WHEN COALESCE(variable.variable, variable) = variable THEN variable
          WHEN COALESCE(variable.variable, variable) = variable THEN variable
          WHEN COALESCE(variable.variable, variable) = variable THEN variable
          ELSE variable
        END) / variable) * 
  (variable - (variable - variable.variable) / variable) > variable
ORDER BY variable DESC;",1
247,"WITH variable AS (
  SELECT 
    variable.variable AS variable,
    variable.variable,
    variable.variable,
    variable.variable->variable->>variable AS variable,
    variable.variable->variable->>variable AS variable
  FROM variable variable
  JOIN variable variable 
    ON variable.variable = variable.variable  
)
SELECT 
  variable,
  variable,
  variable
FROM variable
WHERE (variable = variable OR variable = variable)
  AND variable = variable
  AND variable > variable * variable;",1
248,"WITH variable AS (
  SELECT 
    variable.variable,
    CAST((variable.variable->variable->>variable) AS variable),
    CAST((variable.variable->variable->>variable) AS variable),
    variable.variable
  FROM variable variable
  JOIN variable variable ON variable.variable = variable.variable
)
SELECT 
  variable,
  variable,
  variable,
  CAST(variable.variable AS variable),
  variable * (variable / CAST(variable.variable AS variable)) AS variable
FROM variable
JOIN variable variable ON variable.variable = variable.variable;",1
249,"WITH variable AS (
  SELECT 
    variable.variable,
    variable.variable,
    variable.variable,
    variable.variable,
    (variable.variable - variable.variable) AS variable,
    variable() OVER (ORDER BY variable.variable DESC) AS variable   
  FROM variable variable
  WHERE variable.variable > variable  
)
SELECT 
  variable,
  variable,
  variable,
  variable,
  variable,
  variable,
  CASE 
    WHEN variable > variable THEN variable
    WHEN variable > variable THEN variable
    ELSE variable
  END AS variable
FROM variable;",1
250,"WITH variable AS (
  SELECT 
    variable.variable,
    variable.variable,
    variable.variable,
    variable.variable,
    variable.variable,
    variable.variable,
    variable.variable,
    variable.variable,
    variable * variable.variable + variable * (variable - (variable.variable / variable(variable.variable * variable, variable))) AS variable,
    (variable.variable - variable.variable) AS variable
  FROM variable variable
  INNER JOIN variable variable
    ON variable.variable = variable.variable
  INNER JOIN variable variable
    ON variable.variable = variable.variable
  INNER JOIN variable variable
    ON variable.variable = variable.variable  
)
SELECT 
  variable,
  variable,
  variable,
  variable,
  variable
FROM variable
WHERE variable > variable 
  AND (variable > variable OR variable > variable)
  AND variable < variable;",1
251,"WITH variable AS (
  SELECT variable, (variable / variable) * (variable - variable / variable) * variable AS variable
  FROM variable
),
variable AS (
  SELECT variable.variable, (variable.variable / variable) * (variable - (variable.variable + variable.variable) / variable) * variable AS variable
  FROM variable variable
  JOIN variable variable ON variable.variable = variable.variable
),
variable AS (
  SELECT variable.variable, (variable(variable, variable.variable) / variable) * variable.variable * (variable - variable.variable / variable) AS variable
  FROM variable variable
),
variable AS (
  SELECT variable.variable, ((variable.variable + variable.variable) / variable) * (variable - variable.variable / variable) * variable AS variable
  FROM variable variable
  JOIN variable variable ON variable.variable = variable.variable
  JOIN variable variable ON variable.variable = variable.variable
),
variable AS (
  SELECT
    variable.variable,
    (variable.variable * variable) + (variable.variable * variable) + (variable.variable * variable) + (variable.variable * variable) AS variable,
    variable.variable
  FROM variable variable
  JOIN variable variable ON variable.variable = variable.variable
  JOIN variable variable ON variable.variable = variable.variable
  JOIN variable variable ON variable.variable = variable.variable
  JOIN variable variable ON variable.variable = variable.variable
)
SELECT
  variable.variable,
  variable(variable.variable, variable) AS variable,
  variable.variable,
  variable(variable.variable, variable) AS variable,
  variable(variable.variable, variable) AS variable,
  variable(
    (variable.variable / variable) * (variable + variable.variable / variable) * ((variable.variable + variable.variable) / variable),
    variable
  ) AS variable
FROM variable variable
JOIN variable variable ON variable.variable = variable.variable
JOIN variable variable ON variable.variable = variable.variable
WHERE (variable.variable / variable) * (variable + variable.variable / variable) * ((variable.variable + variable.variable) / variable) > variable
ORDER BY variable DESC;",1
252,"WITH variable AS (
  SELECT variable.variable, (variable.variable / variable) * (variable - variable.variable / variable) * (variable + (CASE WHEN variable.variable THEN variable ELSE variable END) / variable) * ((variable.variable + variable) / variable) AS variable, variable.variable
  FROM variable variable
  JOIN variable variable ON variable.variable = variable.variable
),
variable AS (
  SELECT variable.variable, (variable.variable * variable.variable) / (variable.variable * variable) AS variable
  FROM variable variable
  JOIN variable variable ON variable.variable = variable.variable
  WHERE variable.variable > variable
)
SELECT
  variable.variable,
  variable(variable.variable * variable(variable.variable / variable) * (variable - variable.variable / variable) * variable, variable) AS variable
FROM variable variable
JOIN variable variable ON variable.variable = variable.variable
WHERE variable.variable * variable(variable.variable / variable) * (variable - variable.variable / variable) * variable > variable
ORDER BY variable DESC;",1
253,"WITH variable,
    variable,
    variable,
    variable,
    variable,
    (variable * variable) +
    (variable * variable) +
    (CASE variable
      WHEN variable THEN variable
      WHEN variable THEN variable
      ELSE variable
     END * variable) +
    (variable / variable) +
    (variable * variable) +
    (variable * variable) AS variable
  FROM variable
)
SELECT
  variable.variable,
  variable.variable,
  variable.variable,
  variable.variable,
  variable(variable.variable, variable) AS variable,
  variable(
    (CASE variable.variable
      WHEN variable THEN variable
      WHEN variable THEN variable
      WHEN variable THEN variable
      ELSE variable
     END * variable) +
    (variable.variable * variable) +
    (variable.variable * variable) -
    (CASE WHEN variable.variable = variable THEN variable
          WHEN variable.variable = variable THEN variable
          ELSE variable
     END * variable),
    variable
  ) AS variable,
  CASE WHEN 
    ((CASE variable.variable
      WHEN variable THEN variable
      WHEN variable THEN variable
      WHEN variable THEN variable
      ELSE variable
     END * variable) +
    (variable.variable * variable) +
    (variable.variable * variable) -
    (CASE WHEN variable.variable = variable THEN variable
          WHEN variable.variable = variable THEN variable
          ELSE variable
     END * variable)) > variable
    AND variable.variable = variable
    AND variable.variable > variable
  THEN variable ELSE variable END AS variable
FROM variable variable
JOIN variable.variable = variable.variable
ORDER BY variable DESC;",1
